source,target,value,norm_value,z_score,norm_value_var,p_value,source_n,target_n,claude_explanation,claude_novelty
Epibranchial placode,Epibranchial sensory neuron,8.07496450502609,2.49344439376224,90.5450656544545,0.0105852584935436,0,3606,1270,"Epibranchial sensory neurons are the direct differentiated progeny of the epibranchial placodes, which are ectodermal thickenings that delaminate to form the distal (geniculate, petrosal, nodose) cranial sensory ganglion neurons, so the two share a direct placodal progenitor lineage.",1
Olfactory placode,Olfactory sensory neuron,7.93004972313551,2.21863870705776,56.506051311659,0.00647415105089819,0,5872,389,"The olfactory placode is the cranial ectodermal thickening that directly generates olfactory sensory neurons, so both cell types derive from the same placodal progenitor pool in a direct progenitor-to-progeny lineage.",1
Otic placode,Otic sensory neuron,7.73073046429914,2.17882578159871,71.9044276439359,0.00908498660447613,0,2365,974,"Otic sensory (statoacoustic ganglion) neurons delaminate directly from the otic placode/vesicle, so both cell types descend from the same cranial placodal progenitor pool.",1
Hypothalamic neuron,Hypothalamus,7.85145508909758,1.81824709504247,81.9343479210712,0.00123195794490088,0,1528,7652,"Hypothalamic neurons are the differentiated neuronal progeny of the ventral diencephalic (hypothalamic) neuroepithelium, so they and the broader ""hypothalamus"" cell population share a direct progenitor–progeny relationship arising from the same neural-tube region.",1
Dorsal root ganglion progenitor,Trunk neural crest,7.89865567917967,1.79436977878619,62.7193487383229,0.00183385306074375,0,921,6809,"Dorsal root ganglion progenitors are a direct derivative of trunk neural crest, which delaminates from the dorsal neural tube and migrates ventrally to form the sensory DRG neurons and glia, so the two cell types share a recent common neural-crest progenitor.",1
Dorsal root ganglion neuron,Dorsal root ganglion progenitor,7.70539756408932,1.78441275909059,54.4481011561776,0.00433723967255092,0,1179,921,"Dorsal root ganglion neurons differentiate directly from dorsal root ganglion progenitors (neural crest–derived sensory neuroblasts), so they share ancestry through an immediate precursor-to-product lineage relationship within the trunk neural crest.",1
Axial progenitor,Spinal cord (sacral),8.219897068979,1.78374241028618,96.6297597235543,0.00514500794027287,0,3170,5351,"Axial progenitors (neuromesodermal progenitors of the caudal lateral epiblast/tailbud) are the direct bipotent source of caudal neural tube, so sacral spinal cord neurectoderm is generated from this same Sox2/T-expressing progenitor pool, explaining their strong shared ancestry.",1
Trunk neural crest,Vagal neural crest,8.03919591285797,1.75393712056542,119.085136673638,0.0152204781172447,0,6809,4937,"Both are neural crest populations delaminating from the dorsal neural tube along a continuous rostrocaudal axis, arising from a shared neural-plate-border/premigratory neural crest progenitor pool, with vagal crest occupying the posterior-hindbrain-to-anterior-trunk region that is spatially and developmentally contiguous with trunk crest.",1
Autonomic progenitor,Vagal neural crest,7.90361766335193,1.74229245149652,96.8968866399165,0.000607335333952045,0,3416,4937,"Autonomic progenitors are direct descendants of neural crest, and vagal (post-otic) neural crest is a well-established source of autonomic (parasympathetic/enteric and sympathoadrenal) neurons via a shared SOX10+/PHOX2B+ crest-derived progenitor pool, so the two cell types lie on the same delaminating-crest-to-autonomic-neuron lineage.",1
Dorsal root ganglion progenitor,Vagal neural crest,7.82793744175754,1.71013532390071,64.1770163178146,0.00587032048469878,0,921,4937,"Dorsal root ganglion progenitors and vagal neural crest both arise from the common premigratory neural crest lineage delaminating from the dorsal neural tube, with vagal (anterior) and trunk-level crest representing contiguous positions along the same axial progenitor pool.",2
Lens placode,Olfactory placode,7.54293867607672,1.70314164755945,91.5883218768071,0.00490732182045745,0,2811,5872,"The lens and olfactory placodes both arise from the pan-placodal (preplacodal) ectoderm, a horseshoe-shaped domain of cranial non-neural ectoderm bordering the anterior neural plate, so their shared ancestry reflects a common cranial placode progenitor field.",1
Hindgut,Midgut,7.01452359504856,1.69574348073768,83.4240310792766,0.0137694083286616,0,3029,1667,"Hindgut and midgut are contiguous subdivisions of the primitive gut tube that both arise from a common definitive (posterior/visceral) endoderm progenitor pool during gut morphogenesis, so their shared ancestry reflects a single germ-layer and regional origin.",1
Epidermal progenitor,Surface ectoderm,7.57379663267694,1.68206634314215,100.727245324571,0.00471211736935096,0,24337,2649,"Epidermal progenitors are the direct descendants of surface (non-neural) ectoderm, which is specified by BMP-driven lineage restriction of the ectodermal epiblast, so the two cell types are essentially sequential stages of the same surface-ectoderm-to-epidermis lineage.",1
Lens placode,Trigeminal sensory neuron,7.51885927420857,1.68055410031565,78.7062259917105,0.00151847796065517,0,2811,3198,Both cell types arise from the cranial pre-placodal ectoderm at the anterior neural-plate border—the lens placode from the ophthalmic/lens region and trigeminal sensory neurons from the adjacent ophthalmic and maxillomandibular trigeminal placodes—so they share a common non-neural cranial ectoderm progenitor pool.,2
Spinal cord (lumbar),Spinal cord (sacral),8.21993206679517,1.67991174244815,135.002641407851,0.00896412321489612,0,12722,5351,"Lumbar and sacral spinal cord are adjacent posterior neural tube segments generated sequentially from the same caudal neuromesodermal progenitor (NMP) pool in the tailbud/caudal lateral epiblast, so their close spatiotemporal co-emergence along the AP axis gives them a shared recent progenitor origin.",1
Midbrain,Midbrain neuron,8.11575333352672,1.66789806145105,133.359202600289,0.0172296871243031,0,21466,4463,"Midbrain neurons differentiate directly from midbrain neuroepithelial/neural progenitors within the mesencephalic neural tube, so the two cell types represent successive stages of a single lineage sharing recent common progenitors.",1
Foregut,Pharyngeal endoderm,7.18223176439795,1.66525897074033,101.734762048452,0.0304190424366828,0,2432,5045,"Both derive from anterior definitive endoderm—the pharyngeal endoderm is regionally the rostral/anterior part of the foregut tube itself, so they descend from the same anterior foregut endoderm progenitor pool.",1
Autonomic neuron,Autonomic progenitor,7.12524109647921,1.65654116205536,26.1226522189775,0.0251574923444888,0,142,3416,"Autonomic neurons are the direct differentiated progeny of autonomic progenitors—both derive from the neural crest/sympathoadrenal lineage (e.g., trunk neural crest–derived sympathoblasts), so the progenitor-to-neuron transition within a single clone produces their strong shared ancestry.",1
Dorsal root ganglion neuron,Vagal neural crest,7.74031442226247,1.64435268065796,66.9542367995874,0.00504794114625537,0,1179,4937,Both derive from the common neural crest lineage delaminating from the dorsal neural tube—DRG sensory neurons from trunk-level crest and vagal neural crest from anterior somite levels—so they trace back to a shared premigratory neural crest progenitor pool.,2
Axial progenitor,Presomitic mesoderm,8.09625642286402,1.62527343500539,95.3094051724089,0.00606940091191568,0,3170,8521,"Axial progenitors (neuromesodermal progenitors in the caudal lateral epiblast/tailbud) are the direct bipotent source of presomitic mesoderm, so the two cell types share ancestry because PSM is continuously generated from this Tbx6+/Sox2+ progenitor pool alongside spinal neural tube.",1
Foregut,Hepatoblast,6.8946162564463,1.59301138912951,63.3010874093934,0.028547272472633,0,2432,1255,"Hepatoblasts are specified directly from the ventral foregut definitive endoderm (the hepatic diverticulum), so foregut and hepatoblast cells share a recent common progenitor in the anterior endodermal lineage.",1
Nascent somite,Presomitic mesoderm,8.10372586234787,1.57798808990789,120.895403355137,0.00865415887147336,0,6475,8521,"Nascent somites are directly generated by the sequential anterior segmentation of the presomitic mesoderm, so both derive from the same paraxial mesoderm progenitor pool (fed by neuromesodermal/tailbud axial progenitors) in an immediate parent-to-daughter lineage relationship.",1
Dorsal root ganglion neuron,Trunk neural crest,7.63487784461369,1.54700342259373,66.3694904407097,0.0154304980297515,0,1179,6809,"Dorsal root ganglion sensory neurons are direct derivatives of trunk neural crest cells, which delaminate from the dorsal neural tube, migrate ventrally, and coalesce to form DRG, so the two share a common neural crest progenitor lineage.",1
Cranial motor neuron,Floor plate,7.80838210805883,1.54329714055616,102.471360048649,0.00367458643166535,0,3730,16788,"Both derive from the ventral neural tube neuroepithelium, where cranial motor neurons (from the pMN/basal-plate domain) and the floor plate (the ventral-most FP domain) arise as spatially adjacent progenitor populations patterned by graded Shh from the notochord, so they share recent common ancestors within the ventral neural progenitor pool.",2
Sacral neural crest,Trunk neural crest,7.7057590082477,1.54297345423215,81.3765245254148,0.000769493760669277,0,2156,6809,"Sacral and trunk neural crest are both posterior neural crest subpopulations delaminating from the dorsal neural tube (neural-plate-border/roof-plate lineage) along the trunk-to-sacral axial continuum, largely fed by common posterior neuromesodermal-progenitor-derived neural tube, so they differ mainly in axial level rather than lineage of origin.",1
Eye field,Telencephalon,7.92039420741989,1.53920140080764,167.480649199175,0.000145494853289816,0,8896,34300,"The eye field and telencephalon both arise from the anterior neural plate/prosencephalic neuroectoderm, sharing a common forebrain progenitor pool in which the single eye field is initially specified as a medial domain contiguous with the prospective telencephalon before separating.",1
Hindbrain (isthmic organizer),Hindbrain (r1),7.92512687700679,1.50169838232508,109.140283118592,0.00711337677200863,0,3921,16440,"The isthmic organizer sits at the midbrain–hindbrain boundary immediately rostral to rhombomere 1, so both cell types descend from the same anterior hindbrain neuroepithelium (the rostral-most hindbrain/isthmic neural plate that the FGF8-secreting organizer itself patterns), explaining their tight shared ancestry.",1
Trigeminal placode,Trigeminal sensory neuron,7.50324483436237,1.48750707778158,83.12790654268,0.021668852959813,0,6546,3198,"The trigeminal placode is the cranial ectodermal progenitor that directly delaminates and differentiates into trigeminal (distal) sensory neurons of the trigeminal ganglion, so the two represent sequential stages of a single placodal neurogenic lineage.",1
Presomitic mesoderm,Spinal cord (sacral),7.95205624240238,1.44093716381224,106.220569804422,0.0028817430421919,0,8521,5351,"Both derive from bipotent neuromesodermal progenitors (NMPs) in the caudal lateral epiblast/tailbud, which co-generate paraxial (presomitic) mesoderm and posterior/caudal (sacral) spinal cord neurectoderm during axial elongation.",1
Autonomic progenitor,Dorsal root ganglion neuron,7.3939083958567,1.43346844203555,51.336481728151,0.0016562118878811,0,3416,1179,"Autonomic progenitors and dorsal root ganglion neurons both descend from trunk neural crest cells, which delaminate from the dorsal neural tube and generate both autonomic (sympathetic/parasympathetic) and sensory (DRG) lineages, so their linkage reflects a shared multipotent neural crest progenitor pool.",1
Hindbrain (isthmic organizer),Midbrain,7.81606145945697,1.43059357037165,98.6163213406844,0.00767509515294922,0,3921,21466,"The isthmic organizer forms precisely at the midbrain-hindbrain boundary, so both cell types arise from the same anterior neuroectoderm progenitor pool of the caudal midbrain/rostral hindbrain neural plate (Otx2/Gbx2 interface), explaining their shared recent ancestry.",1
Sacral neural crest,Spinal cord (lumbar),7.7567931698356,1.42810724197729,71.978336128874,0.015049025351919,0,2156,12722,Sacral neural crest and lumbar spinal cord share ancestry because both are caudal derivatives of the same posterior neuroepithelium—the crest delaminating from the dorsal neural tube while the spinal cord forms its ventralized core—with their matched posterior (lumbosacral) identity seeded by common neuromesodermal progenitors (NMPs) in the tailbud/caudal lateral epiblast.,2
Cranial neural crest,Trigeminal ganglion neuron,7.56739481281829,1.40030776940112,69.8143335479225,0.0050393616108771,0,9523,1765,"Cranial (particularly the trigeminal-level) neural crest is the direct progenitor of the neurons of the trigeminal ganglion, so the two cell types share ancestry because the ganglion neurons delaminate and differentiate directly from cranial neural crest cells (with an additional contribution from trigeminal placodes).",1
Lens placode,Trigeminal placode,7.3206593521686,1.38332166140892,79.5175172680027,0.0115314165040105,0,2811,6546,"Both the lens and trigeminal placodes arise from the same common progenitor field, the cranial preplacodal ectoderm (a Six1/Eya-expressing horseshoe of ectoderm bordering the anterior neural plate) that segregates into individual placodes, so their shared ancestry reflects this common panplacodal origin.",2
Spinal cord (lumbar),Spinal cord (thoracic),8.05214813603949,1.37308263109233,164.604915821089,0.00815258600321022,0,12722,35061,"Lumbar and thoracic spinal cord are the same tissue at different axial levels, both generated sequentially from the same posterior neuromesodermal progenitor (NMP)/caudal neural plate pool during axis elongation, so they share recent common ancestors.",1
Axial progenitor,Spinal cord (lumbar),7.87285498099362,1.37191710445694,82.4944198532678,0.0103263359133974,0,3170,12722,"Axial progenitors (neuromesodermal progenitors, NMPs) in the caudal lateral epiblast/tailbud directly generate the posterior neural tube, so lumbar (posterior) spinal cord neurectoderm descends from this same self-renewing progenitor pool.",1
Diencephalon,Midbrain neuron,7.75032748213335,1.36662582165073,107.907656456283,0.00940870494351484,0,14353,4463,"Both derive from the anterior neuroepithelium of the neural plate/tube, with the diencephalon (caudal forebrain) and mesencephalon being immediately adjacent prosomeric neighbors whose progenitors share recent common ancestry within the early anterior neuroectoderm.",1
Hematopoietic progenitor,Macrophage,6.20775278421413,1.36074050286655,15.2949894038445,0.343371393883435,0,87,966,"Both cell types derive from the same yolk-sac/AGM hematopoietic lineage, with embryonic macrophages differentiating directly from hematopoietic (erythro-myeloid) progenitors, so they share recent common progenitors.",1
Epibranchial placode,Epidermal progenitor,7.27433284889004,1.35288179097179,99.4414107213987,0.00626007828932172,0,3606,24337,"Both cell types derive from the non-neural surface ectoderm, with epibranchial placodes emerging from the posterior pre-placodal region at the neural plate border that is lineally continuous with the general epidermal ectoderm, so they share a common surface-ectoderm progenitor pool.",2
Autonomic progenitor,Dorsal root ganglion progenitor,7.31059030450368,1.3306674813665,48.0702881187049,0.00136821851023464,0,3416,921,"Both autonomic (sympathetic/parasympathetic) and dorsal root ganglion sensory progenitors are derived from a common pool of trunk neural crest cells that delaminate from the dorsal neural tube and migrate ventrally, so their shared ancestry reflects this single multipotent neural crest origin.",1
Otic placode,Trigeminal placode,7.2065252368084,1.3226525191592,70.5407718489687,0.00504988667149835,0,2365,6546,"Both are cranial sensory placodes that arise from the common pre-placodal ectoderm (panplacodal primordium) at the anterior neural plate border, so they share a recent progenitor field before segregating into individual placodes.",2
Macrophage,Megakaryocyte,6.39572178667274,1.3154051964742,30.0269934577893,0.000787895464192507,0,966,482,"Both are myeloid derivatives of yolk-sac hematopoiesis, arising together from the same erythro-myeloid progenitor (EMP)/early hemogenic endothelial pool that seeds primitive macrophages and megakaryocytes at this stage.",2
Floor plate,Hypothalamic neuron,7.54387611737732,1.31040883460682,58.6198905844859,0.000147224401266397,0,16788,1528,"Both derive from Shh⁺/Foxa2⁺/Nkx2.1⁺ ventral midline neuroepithelium, with the hypothalamus arising from the rostral (anterior) extension of the floor plate in the ventral forebrain, so they share this common ventral neural-plate progenitor pool.",2
Forelimb field,Mesothelium,7.23860453996007,1.30039277421754,33.1710589418234,0.000415975795280303,0,25891,346,The forelimb field and mesothelium share ancestry because both arise from the somatic layer of the lateral plate mesoderm (somatopleure)—the forelimb bud from the somatopleuric LPM and the coelomic mesothelium from the same LPM sheet lining the body cavity.,2
Hindlimb field,Somatic mesoderm,7.83806179710389,1.28423532041325,119.408302845366,0.000458038868648963,0,6150,66151,"The hindlimb field is a direct derivative of the somatic (parietal) layer of the lateral plate mesoderm, so both cell types descend from a shared somatopleuric lateral-plate mesoderm progenitor pool.",1
Epibranchial sensory neuron,Epidermal progenitor,7.14655105320147,1.26639582400619,56.1652819880197,0.00402424472852917,0,1270,24337,"Epibranchial sensory neurons delaminate from epibranchial placodes, which arise from the same non-neural/surface (preplacodal) ectoderm that gives rise to epidermal progenitors, so both share a common surface-ectoderm progenitor pool at the neural plate border.",2
Amniotic ectoderm,Surface ectoderm,6.91688829369125,1.26555559275736,58.9393090139942,0.00629014665336236,0,2288,2649,"Both are non-neural squamous ectodermal epithelia derived from the pluripotent epiblast, with amniotic ectoderm arising from posterior/proximal epiblast adjacent to the primitive streak and surface (non-neural) ectoderm from embryonic ectoderm, so they share a recent common epiblast-derived progenitor pool.",2
Hindbrain (r5-r8),Spinal cord (cervical),8.10221538732314,1.25732936348759,197.290808037107,0.00393701981431589,0,28972,41051,"Both are dorsal neural-tube derivatives arising from contiguous, caudally-adjacent domains of the posterior neural plate/tube—the r5–r8 hindbrain and cervical spinal cord emerging from the same posterior neuroectoderm (partly fed by Sox2+ neuromesodermal progenitors)—so they inherit a shared caudal CNS progenitor pool.",1
Presomitic mesoderm,Spinal cord (lumbar),7.82311260123209,1.24986657428507,115.134688587997,0.00872183996994106,0,8521,12722,"Presomitic (paraxial) mesoderm and lumbar spinal cord both derive from bipotent neuromesodermal progenitors (NMPs) in the caudal lateral epiblast/tailbud, which co-generate posterior paraxial mesoderm and posterior spinal neural tube during axis elongation.",2
Epidermal progenitor,Lens placode,7.2381909680072,1.24714945066156,83.7404320400408,0.00558273093259593,0,24337,2811,"Both cell types derive from the same surface (non-neural) ectoderm progenitor pool—the lens placode is a local thickening of head surface ectoderm, the same epithelium that produces epidermal progenitors—so their shared ancestry reflects a common surface-ectoderm origin.",2
Floor plate,Hypothalamus,7.49183116557501,1.24169931291841,104.403662449074,0.0023054303627097,0,16788,7652,"Both derive from the ventral midline of the neural plate/tube — the hypothalamus arises from the rostral-most extension of the Shh+/Foxa2+ floor-plate lineage, so they share Foxa2/Shh-specified ventral midline progenitors.",2
Somatic mesoderm,Splanchnic mesoderm,8.03847783059335,1.2286078514578,202.428062196089,0.00122414357923176,0,66151,21642,"Somatic (parietal) and splanchnic (visceral) mesoderm are the two layers formed when the lateral plate mesoderm splits at the coelomic cavity, so they share a common lateral plate mesoderm progenitor pool.",1
Somatic motor neuron,Spinal cord (thoracic),7.84380514491633,1.22508987625933,111.859833779385,0.0089095194514917,0,6559,35061,"Somatic motor neurons are born from the pMN progenitor domain of the ventral neural tube and therefore share a direct neuroepithelial ancestry with thoracic spinal cord cells, both descending from the same posterior neural-plate/neural-tube progenitors.",1
Autonomic progenitor,Trunk neural crest,7.37320112996215,1.22387157873319,70.7292758868854,0.00246574138144609,0,3416,6809,"Trunk neural crest cells migrating ventrally along the sympathoadrenal pathway are the direct progenitors of autonomic (sympathetic) neurons, so the two cell types are sequential stages of a single neural-crest-derived lineage sharing a common recent progenitor pool.",1
Diencephalon,Telencephalon,7.65802665354279,1.22185536814675,169.554249818081,0.00341039090081787,0,14353,34300,"The diencephalon and telencephalon are both prosencephalon (forebrain) derivatives arising from a common pool of anterior neural plate/neuroectoderm progenitors, so their strong shared ancestry simply reflects their origin from the same regionalized forebrain neuroepithelium.",1
Dermomyotome,Sclerotome,8.16666942406416,1.21101025186094,267.222371392672,0.00585822508403911,0,47263,74334,"Dermomyotome and sclerotome are the dorsal and ventral compartments of the somite, both derived from a common segmented paraxial mesoderm/somite progenitor that partitions under opposing dorsal Wnt/BMP-antagonist and ventral Shh (notochord/floor-plate) signals.",1
Somatic motor neuron,Spinal cord (cervical),7.89650724915635,1.21057552498846,115.997212863634,0.00618392018625789,0,6559,41051,"Somatic motor neurons are born within the spinal cord itself, arising from Olig2+ pMN progenitors in the ventral neural tube, so they and cervical spinal cord tissue derive from the same neuroectodermal neural-tube progenitor pool.",1
Lens placode,Olfactory sensory neuron,6.82353258486598,1.19145399816987,28.2128665556726,0.0178778380451122,0,2811,389,"Both derive from the anterior cranial placode region of the preplacodal ectoderm (the panplacodal primordium bordering the anterior neural plate), with lens placode and olfactory placode arising as neighboring anterior placodes from this shared progenitor domain.",2
Cranial neural crest,Pharyngeal arch mesenchyme,7.69291058891417,1.18985474534667,133.334806090754,0.00177905687915754,0,9523,39085,"Cranial neural crest cells delaminate from the dorsal neural folds and migrate ventrally into the pharyngeal arches where they form the ectomesenchyme, so pharyngeal arch mesenchyme is largely a direct descendant of cranial neural crest, giving them a shared progenitor origin.",1
Otic sensory neuron,Trigeminal placode,6.97726020948728,1.18955931887428,45.6062531699998,0.0263756243331676,0,974,6546,Both derive from the cranial preplacodal ectoderm (PPE) surrounding the anterior neural plate—the otic placode giving rise to otic sensory neurons and the trigeminal (ophthalmic/maxillomandibular) placode—so they share a common placodal progenitor domain.,2
Autonomic neuron,Vagal neural crest,6.78204191106867,1.17975418069295,16.7378888788581,0.0479668673936676,0,142,4937,"Autonomic neurons derive directly from neural crest, and vagal neural crest is the specific migratory progenitor population that seeds parasympathetic and enteric autonomic neurons, so they represent successive stages of one continuous lineage.",1
Hepatoblast,Pharyngeal endoderm,6.56886171637916,1.17440239186041,50.1565569675864,0.045505742946725,0,1255,5045,"Both cell types derive from the anterior/foregut definitive endoderm, with hepatoblasts budding from the ventral foregut and pharyngeal endoderm forming the adjacent anterior foregut, so they emerge from a shared foregut endodermal progenitor pool during gut tube regionalization.",2
Juxtacardiac field,Second heart field,7.01797002650037,1.17244141367542,62.4599993293239,0.00694129480296249,0,1386,6952,"Both fields derive from the anterior/cardiogenic lateral plate mesoderm (splanchnic/cardiopharyngeal mesoderm) flanking the cardiac crescent, so the juxtacardiac field and second heart field descend from a shared pool of cardiogenic lateral plate mesoderm progenitors.",2
Epidermal progenitor,Trigeminal sensory neuron,7.23467675772733,1.16959496282933,82.9780916958096,0.00827472868461435,0,24337,3198,"Both derive from cranial surface (non-neural) ectoderm—epidermal progenitors from the general surface ectoderm and trigeminal sensory neurons from the neurogenic placodes (ophthalmic/maxillomandibular trigeminal placodes) that bud off the adjacent preplacodal ectoderm at the neural-plate border, giving them a recent shared ectodermal progenitor pool.",2
Olfactory placode,Trigeminal placode,7.18697488393801,1.16952906626231,79.9379452192403,0.00282616613400272,0,5872,6546,"Both are cranial placodes derived from the same preplacodal ectoderm (panplacodal primordium) at the anterior neural plate border, which subsequently segregates into individual placodes, so their shared ancestry reflects this common placodal progenitor field.",1
Axial progenitor,Nascent somite,7.61483915627459,1.16458265914536,71.0628373388982,0.00587956818792641,0,3170,6475,"Axial progenitors include neuromesodermal progenitors (NMPs) in the caudal epiblast/tailbud that bipotentially generate paraxial (presomitic) mesoderm, which directly segments into nascent somites, so the two share a recent common progenitor pool.",1
Spinal cord (cervical),Spinal cord (thoracic),7.98717979766875,1.16431276975875,190.762409415533,0.00566125771981344,0,41051,35061,"Cervical and thoracic spinal cord are adjacent anteroposterior segments of the same neural tube generated sequentially from the shared caudal neuromesodermal progenitor (NMP)/caudal-lateral-epiblast pool, so neighboring axial levels naturally descend from common recently-specified progenitors.",1
Myotome,Sclerotome,7.80549170038284,1.15943304956469,69.9830435830565,0.00326415826546732,0,2201,74334,"Myotome and sclerotome are both direct derivatives of the somite (paraxial/presomitic mesoderm), which partitions into the dorsolateral dermomyotome-derived myotome and the ventromedial sclerotome, so they descend from a shared somitic progenitor pool.",1
Hindbrain (r5-r8),Spinal cord interneuron,8.060915560654,1.14235957318601,137.091500982886,0.0074068060631377,0,28972,12470,Both derive from the same posterior neuroepithelium of the caudal neural tube—the hindbrain (r5–r8) and adjacent spinal cord form a contiguous progenitor field patterned by shared dorsoventral (and neuromesodermal progenitor–fed) neural precursors that give rise to interneurons in both regions.,1
Nascent somite,Spinal cord (sacral),7.61752998356657,1.1255442390902,69.7887435049876,0.000487964407695007,0,6475,5351,"Caudal (sacral) spinal cord and nascent somites are both generated late from the same bipotent neuromesodermal progenitors (NMPs) in the tailbud/caudal lateral epiblast, which co-produce posterior neural tube and paraxial mesoderm.",2
Cranial motor neuron,Somatic motor neuron,7.39533868633448,1.11386888773792,61.624580558163,0.000379629851114323,0,3730,6559,"Both are motor neurons arising from the same ventral neural-tube progenitor program (Olig2+/Nkx6.1+ pMN domain giving rise to MNX1/Hb9+ motor neurons), differing only in axial level (hindbrain cranial vs. spinal somatic), so they share a common ventral neuroepithelial progenitor lineage.",1
Dermomyotome,Myotome,7.77964489980404,1.10729101936688,69.2346433847693,0.0034264956268344,0,47263,2201,"The myotome is directly derived from the dermomyotome, as Pax3+ myogenic progenitors delaminate from the dorsomedial and ventrolateral lips of the dermomyotome to form the differentiating myotome, so they share a direct progenitor-progeny somitic lineage.",1
Autonomic neuron,Dorsal root ganglion neuron,6.50257125075601,1.10073145740425,15.881354791688,0.10748848937387,0,142,1179,"Both cell types derive from trunk neural crest cells, which delaminate from the dorsal neural tube and give rise to sensory neurons of the dorsal root ganglia as well as sympathetic/autonomic neurons of the peripheral nervous system.",1
Floor plate,Somatic motor neuron,7.56609153952443,1.10069661285369,83.29869969967,0.0149284195877297,0,16788,6559,"Floor plate and somatic motor neurons both arise from ventral neural tube neuroepithelium, sharing a common medial/ventral neural plate progenitor pool that is Shh-patterned into the midline floor plate and the adjacent pMN (Olig2+) motor neuron domain.",2
Spinal cord (cervical),Spinal cord interneuron,8.0646247881225,1.0998305767975,132.837893541256,0.00545784362135544,0,41051,12470,"Spinal cord interneurons are a differentiated neuronal subtype of the cervical spinal cord itself, both arising from the same dorsoventral neural-tube neuroepithelial (ventricular-zone) progenitors, so their shared ancestry simply reflects a part-to-whole progenitor relationship within one tissue.",1
Epicardium,Second heart field,6.99304208907133,1.09808506504424,53.852227739076,0.00178148035283042,0,1288,6952,Both the epicardium (via the proepicardium) and the second heart field derive from a shared pool of cardiogenic lateral plate/splanchnic mesoderm—the juxta-cardiac field/posterior second heart field—whose progenitors give rise to both the epicardial lineage and SHF-derived myocardium.,2
Diencephalon,Eye field,7.38158388745421,1.08424564020063,95.0475648698142,0.0110677046448711,0,14353,8896,"The eye field and diencephalon both arise from the same anterior neural plate/prosencephalic neuroectoderm, with the eye field originating as a specified domain within prospective diencephalon whose optic vesicles evaginate directly from the diencephalic wall, giving them a shared forebrain progenitor pool.",1
Epibranchial sensory neuron,Trigeminal placode,6.90813634248393,1.07915829558833,44.7625875797262,0.00218100611957302,0,1270,6546,"Both cell types derive from the common preplacodal ectoderm at the cranial neural-plate border, where the trigeminal and epibranchial placodes (the latter giving rise to epibranchial sensory neurons) emerge from a shared cranial placodal progenitor field.",2
Hindbrain (r1),Midbrain,7.59013912779006,1.07672876377541,143.638498954396,0.00440199266202354,0,16440,21466,"Midbrain and rhombomere-1 hindbrain are immediately adjacent neuroectodermal territories flanking the midbrain–hindbrain (isthmic) boundary, so they descend from a common anterior neural-plate/neural-tube progenitor pool patterned around the isthmic organizer.",1
Sacral neural crest,Spinal cord (thoracic),7.48194744913985,1.07645430389154,60.2037134306947,0.00389990370142387,0,2156,35061,"Both cell types derive from the posterior neural tube/neural plate border — sacral neural crest delaminates from the dorsal neural tube while thoracic spinal cord forms its ventral/intermediate compartment, and both are generated by the caudal neuromesodermal progenitor pool (tailbud/CLE) that builds the posterior neuraxis, so they share a common neuroectodermal progenitor.",2
Diencephalon,Midbrain,7.48992511692228,1.07624408852213,130.636963526995,0.00568749128148997,0,14353,21466,"The diencephalon and midbrain are adjacent anteroposterior compartments of the neural tube that both arise from the anterior neuroectoderm (neural plate) via shared prosencephalic/mesencephalic neural progenitors, so their close ancestry reflects a common early neural-plate origin.",1
Epibranchial placode,Surface ectoderm,6.65785148857309,1.06801551397536,48.7938036451798,0.00198144736486019,0,3606,2649,"Epibranchial placodes are thickenings that delaminate directly from the non-neural surface (cranial) ectoderm via the pan-placodal ectoderm, so both cell types descend from a shared surface-ectoderm progenitor pool at the neural plate border.",1
Eye field,Hypothalamus,7.21322885798834,1.06721413526861,87.6853159732664,0.00592732246814406,0,8896,7652,"The eye field and prospective hypothalamus arise from adjacent, initially contiguous Six3/Rx-expressing progenitors in the rostral anterior neural plate (ventral prosencephalon/diencephalon), so they share a common forebrain progenitor pool that splits during optic vesicle evagination.",2
Diencephalon,Hypothalamic neuron,7.24758278106371,1.06443695907231,51.5136744262954,0.0041011460506842,0,14353,1528,"The hypothalamus is a ventral subdivision of the diencephalon itself, so hypothalamic neurons arise directly from diencephalic (prosomere/ventral forebrain) neuroepithelial progenitors, making them essentially a regional sublineage of the diencephalon.",1
Amniotic ectoderm,Epidermal progenitor,7.04224869638997,1.06309057810946,65.432836312131,0.000399526160547404,0,2288,24337,"Both amniotic ectoderm and epidermal progenitors derive from the same non-neural (surface) ectoderm lineage of the early epiblast, so they share a common Trp63+/Krt8+ surface-ectoderm progenitor pool rather than segregating into distinct germ-layer derivatives.",2
Pharyngeal arch mesenchyme,Trigeminal ganglion neuron,7.22494149150736,1.06116286803374,56.5747903372456,0.000137628595205603,0,39085,1765,"Both cell types largely derive from cranial (mid-/hindbrain and first-arch) neural crest, which produces the ectomesenchyme filling the pharyngeal arches as well as the neural-crest-derived neurons of the trigeminal ganglion, so their shared ancestry reflects a common cranial neural crest progenitor pool.",2
Spinal cord (thoracic),Trunk neural crest,7.57565215213005,1.06107132937517,101.968305779182,0.00486000563813355,0,35061,6809,"Trunk neural crest delaminates from the dorsal-most neuroepithelium of the closing neural tube, so it shares an immediate progenitor pool (the dorsal spinal cord neuroepithelium, itself derived from posterior neuromesodermal/neural-plate progenitors) with thoracic spinal cord neurons.",1
Sacral neural crest,Spinal cord (sacral),7.32400269674184,1.06003440342689,47.1874666882401,0.00545499631227827,0,2156,5351,Sacral neural crest and sacral spinal cord both arise from the same posterior/sacral neural tube neuroepithelium—neural crest delaminates from the dorsal neural tube at matched axial levels—likely tracing back to a shared caudal neural plate (and neuromesodermal progenitor–derived) progenitor pool.,1
Pharyngeal mesoderm,Second heart field,7.09014609806385,1.04858710313083,107.085520267852,0.000310865514546988,0,7691,6952,"The second heart field is a sub-population of the anterior pharyngeal (splanchnic) mesoderm, both deriving from the common cardiopharyngeal mesoderm progenitor pool (Mesp1+ anterior mesoderm) that co-generates outflow-tract cardiomyocytes and branchiomeric/pharyngeal muscle, so their shared ancestry reflects direct lineage continuity rather than mere co-emergence.",1
Diencephalon,Hypothalamus,7.2401435443291,1.03974832481488,99.4846275164878,0.00346386320802969,0,14353,7652,"The hypothalamus is the ventral subdivision of the diencephalon itself, so both cell types descend from the same prosomeric diencephalic neuroepithelium (prosomeres p1–p3 of the forebrain neural plate) and inevitably share recent common progenitors.",1
Forelimb field,Somatic mesoderm,7.63416142791179,1.03855565482255,196.390224762607,0.000681441904064548,0,25891,66151,"The forelimb field is a regional subdomain of the somatic (parietal) layer of the lateral plate mesoderm, so both cell types derive from the same somatic lateral plate mesoderm progenitor pool that forms the limb bud mesenchyme and body wall.",1
Spinal cord (sacral),Spinal cord (thoracic),7.65106809260741,1.03391866639899,82.0081782275873,0.0038587957126284,0,5351,35061,"Thoracic and sacral spinal cord are the same neural tissue at different anterior–posterior levels, both generated by the caudal neural progenitor pool—principally neuromesodermal progenitors (NMPs) in the tailbud/caudal lateral epiblast that sequentially elongate the posterior neural tube—so they share recent common progenitors.",1
Epibranchial placode,Trigeminal placode,6.89776602775384,1.0290554998168,55.7739059971509,0.00087770444493366,0,3606,6546,"Both are cranial neurogenic placodes that arise from the common pre-placodal ectoderm (a Six1/Eya-expressing band at the anterior neural plate border), so they share a recent progenitor pool within this placodal domain before segregating into trigeminal versus epibranchial (geniculate/petrosal/nodose) fates.",1
Hypothalamic neuron,Midbrain,7.2692611429144,1.02381360027356,49.4960543717272,0.0019340607604603,0,1528,21466,Both derive from the anterior neuroectoderm of the early neural plate/tube—hypothalamic neurons from the ventral diencephalon and midbrain cells from the adjacent mesencephalon—so they descend from a shared pool of spatially contiguous anterior neural progenitors that co-emerge during forebrain–midbrain regionalization.,2
Epicardium,Juxtacardiac field,6.70323207278486,1.0230777969216,43.1996311921036,0.000628718119084614,0,1288,1386,"The juxtacardiac field—a Mab21l2+/Hand1+ pool of anterior lateral plate mesoderm adjacent to the cardiac crescent—is a recently defined progenitor source that directly gives rise to the epicardium (and septum transversum), so the two cell types descend from this shared JCF/lateral plate mesoderm progenitor.",2
Roof plate,Trunk neural crest,7.45344847252315,1.01047921555016,70.5526537028004,0.00462029814204991,0,6035,6809,"Both cell types originate from the dorsal neural tube / neural plate border, where a shared dorsal neuroectodermal progenitor pool gives rise to premigratory trunk neural crest that delaminates and to the roof plate that remains at the dorsal midline.",2
Forelimb field,Splanchnic mesoderm,7.51754703726772,1.00937050792332,138.315376463281,0.00234850480197605,0,25891,21642,"Both cell types descend from lateral plate mesoderm, which splits into a somatic (parietal) layer giving rise to the limb-field mesenchyme and a splanchnic (visceral) layer, so their shared ancestry reflects a common lateral-plate mesoderm progenitor pool prior to the somatic/splanchnic bifurcation.",2
Epibranchial sensory neuron,Otic placode,6.60032250994555,1.0049440763444,34.1175736688785,0.014036036816732,0,1270,2365,Both cell types arise from the common posterior cranial pre-placodal ectoderm—specifically the Pax2/Pax8+ otic-epibranchial progenitor domain (OEPD)—which co-generates the otic placode and the epibranchial placodes that give rise to epibranchial sensory neurons.,2
Amniotic ectoderm,Epibranchial placode,6.68156373755637,1.0006654744487,43.386309161629,0.0697833568769072,0,2288,3606,"Both are epiblast-derived non-neural/surface ectoderm derivatives, so their shared ancestry likely reflects a common pool of early surface-ectoderm progenitors (the non-neural ectoderm domain from which the amnion and the neural-plate-border preplacodal ectoderm giving rise to epibranchial placodes both segregate).",3
Nascent somite,Spinal cord (lumbar),7.55483494878633,0.998494441528231,83.7726369547871,0.00513855316596339,0,6475,12722,"Nascent somites (paraxial mesoderm) and lumbar (posterior) spinal cord both descend from caudal neuromesodermal progenitors (NMPs) in the tail bud/caudal lateral epiblast, a bipotent Sox2/T(Bra)+ population that continuously feeds both the presomitic mesoderm and the posterior neural tube during axial elongation.",2
Foregut,Midgut,6.3668772822331,0.996915502135058,51.5318575009818,0.00650818283773337,0,2432,1667,"Foregut and midgut are adjacent anterior-posterior subdivisions of the same primitive gut tube, both deriving from a common definitive endoderm progenitor pool specified during gastrulation.",1
Hypaxial myogenic progenitor,Sclerotome,7.63851981241542,0.9930313789985,93.4020474457032,0.00066371454346514,0,5322,74334,"Hypaxial myogenic progenitors (from the ventrolateral dermomyotome) and sclerotome are two compartments of the same somite, both derived from a common paraxial-mesoderm/somite progenitor that partitions into dermomyotome and sclerotome under dorsal (Wnt) versus ventral (Shh) signaling.",1
Epibranchial sensory neuron,Otic sensory neuron,6.48636561416016,0.985794027001244,27.9546762957827,0.00747358638442057,0,1270,974,"Both are neurogenic cranial-placode derivatives that emerge from the shared otic-epibranchial progenitor domain (OEPD) within the posterior preplacodal ectoderm, so their sensory neurons descend from a common Pax2/Foxi-expressing placodal progenitor pool.",2
Hindbrain (isthmic organizer),Midbrain neuron,7.34149708504402,0.985792152818553,59.6385448867063,0.00676409176484669,0,3921,4463,"The isthmic organizer forms at the midbrain-hindbrain boundary directly adjacent to the midbrain, so both cell types descend from the same contiguous anterior neuroectoderm/neural-plate progenitors of the mesencephalon-metencephalon region.",1
Hindbrain (r2-r4),Spinal cord interneuron,7.87255384819479,0.980140295198678,113.953412078643,0.00430694303870439,0,26863,12470,"Both cell types derive from the dorsal neural tube neuroectoderm along the anteroposterior axis, sharing progenitors in the neural plate/neural tube that generate rhombomeric hindbrain and spinal cord interneurons from a common columnar neuroepithelial lineage.",1
Autonomic neuron,Dorsal root ganglion progenitor,6.40565478971564,0.976453015845545,12.9713319275217,0.00759783646643936,0,142,921,"Both derive from trunk neural crest cells, which delaminate from the dorsal neural tube and migrate to give rise to sensory neurons of the dorsal root ganglia and to autonomic (sympathetic/parasympathetic) neurons, so they share a common multipotent neural crest progenitor pool.",1
Epidermal progenitor,Trigeminal placode,7.13881894046249,0.970601165211446,92.173556036948,0.000261762148151659,0,24337,6546,"Both derive from cranial non-neural surface ectoderm—the trigeminal placode arises from the pre-placodal ectoderm bordering, and sharing progenitors with, the general epidermal (surface ectoderm) lineage.",2
Epibranchial placode,Otic placode,6.60179883131556,0.966674961249416,44.2565693326522,0.00318130292904646,0,3606,2365,"Both are cranial (posterior) placodes that arise from the common preplacodal ectoderm at the anterior neural plate border, sharing the posterior placodal area/otic-epibranchial progenitor field induced by FGF signaling.",1
Roof plate,Vagal neural crest,7.41814646206857,0.965533768060144,58.2790550194474,0.0050275007567091,0,6035,4937,"Both derive from the dorsal neural tube/neural plate border, where roof plate cells and vagal neural crest arise from a shared dorsal neuroepithelial progenitor pool, with neural crest delaminating from the same dorsal domain that gives rise to the roof plate.",2
Hindlimb field,Intermediate mesoderm,7.37579079901997,0.965439427513517,74.5434934897718,0.00411741604900276,0,6150,10656,"The hindlimb field (posterior lateral plate mesoderm) and intermediate mesoderm both ingress from the posterior primitive streak at overlapping caudal axial levels and remain spatially adjacent, so they share a common posterior/caudal mesodermal progenitor pool before the LPM–IM split is resolved.",2
Frontonasal mesenchyme,Pharyngeal arch mesenchyme,7.36326873720979,0.964314798270049,147.513661593999,0.00288509014570113,0,24672,39085,"Both mesenchymal populations are predominantly derived from cranial neural crest cells emigrating from the dorsal midbrain/hindbrain neural folds, with frontonasal mesenchyme arising from forebrain–midbrain crest and pharyngeal arch mesenchyme from partially overlapping hindbrain crest streams, giving them a common ectomesenchymal progenitor origin.",2
Hindlimb field,Splanchnic mesoderm,7.42555401881224,0.958118855167484,82.8904188309154,0.000504924243483794,0,6150,21642,"Both cell types derive from the lateral plate mesoderm, which splits into a somatic (parietal) layer giving rise to the hindlimb field and a splanchnic (visceral) layer, so they share a recent common LPM progenitor pool—likely the posterior lateral plate mesoderm.",2
Olfactory sensory neuron,Trigeminal placode,6.75089861256094,0.940612357030937,24.3141966259412,0.0349095531591734,0,389,6546,"Both olfactory sensory neurons (olfactory placode-derived) and the trigeminal placode arise from the common anterior pre-placodal ectoderm (PPE) at the neural plate border, sharing a cranial placodal progenitor field before segregating into individual placodes.",2
Intermediate mesoderm,Somatic mesoderm,7.68156677664668,0.928687503926803,123.5165377761,0.00111135847825506,0,10656,66151,"Both cell types are derivatives of a common posterior/mid primitive-streak-derived nascent mesoderm progenitor pool that patterns along the mediolateral axis, with intermediate mesoderm and the somatic (parietal) layer of lateral plate mesoderm emerging as adjacent, closely related fates from this same lateral-mesodermal lineage.",2
Allantois,Somatic mesoderm,6.71201371361888,0.92343999371992,10.1038288741137,0.00168921252420054,0,78,66151,"Both arise from posterior primitive-streak/nascent mesoderm, with the allantois forming as an extraembryonic extension of the same lateral-plate (somatopleuric) mesoderm program that produces somatic mesoderm, giving them a shared posterior-mesodermal progenitor origin.",2
Hematopoietic progenitor,Megakaryocyte,5.87480467907283,0.918811138474318,11.0939190911881,0.166015950502358,0,87,482,"Megakaryocytes are a direct hematopoietic derivative, arising from the same hematopoietic progenitor pool (via the megakaryocyte-erythroid progenitor, MEP) that emerges in the yolk-sac/AGM blood-forming program at this stage, so the two share immediate ancestry within a single blood lineage.",1
Hypothalamus,Telencephalon,7.20330752331873,0.918405632700582,98.9424240145743,0.00130443293277805,0,7652,34300,"Both the hypothalamus and telencephalon derive from the prosencephalon (anterior forebrain) of the rostral neural plate, sharing SIX3/SIX6/FOXG1-expressing anterior neuroectoderm progenitors that co-emerge during forebrain regionalization.",1
Dermomyotome,Hypaxial myogenic progenitor,7.58608286414331,0.913512678979831,82.5854138131157,0.00203870573100979,0,47263,5322,"The hypaxial myogenic progenitors delaminate directly from the ventrolateral lip of the dermomyotome (the Pax3+ somitic dermomyotome), so both cell types derive from the same paraxial-mesoderm/dermomyotome progenitor pool.",1
Head paraxial mesoderm,Periocular mesoderm,6.67177735474799,0.91147727018753,47.3029638753587,0.000603923142286569,0,32981,1739,"Periocular mesoderm arises largely from cranial (head) paraxial mesoderm, so both cell types descend from the same anterior paraxial mesodermal progenitor pool emerging from the anterior primitive streak/cranial mesenchyme.",1
Axial progenitor,Spinal cord (thoracic),7.48426749069735,0.908699612081108,63.3333498921401,0.0070034611199984,0,3170,35061,"Axial progenitors (neuromesodermal progenitors, NMPs) in the caudal lateral epiblast/tailbud are the direct source of posterior/trunk spinal cord neuroepithelium, so thoracic spinal cord cells arise from this same self-renewing progenitor pool during body-axis elongation.",1
Epidermal progenitor,Olfactory placode,6.97543637759177,0.906114717651575,82.3184926659335,0.00548914660628576,0,24337,5872,"Both cell types derive from the non-neural surface ectoderm—the olfactory placode arises from the anterior preplacodal ectoderm at the neural plate border, a specialized domain of the same surface ectoderm that gives rise to epidermal progenitors—so they share a recent common ectodermal progenitor pool.",2
Hindbrain (r2-r4),Hindbrain (r5-r8),7.66406887187935,0.891425254077526,141.001730912172,0.00360306576409099,0,26863,28972,"Both cell types derive from the same anterior neural plate/hindbrain neuroepithelium and are continuous, adjacent rhombomeric segments patterned along the same rostrocaudal axis, so they descend from a shared neural progenitor pool before Hox-driven rhombomere identities resolve.",1
Cranial neural crest,Roof plate,7.44728205799739,0.888322184340543,66.5243206329993,0.0201303157632946,0,9523,6035,"Cranial neural crest and roof plate both originate from the dorsal neuroepithelium/neural plate border of the anterior neural tube, where premigratory neural crest delaminates from the same dorsal progenitors that give rise to the roof plate, so they share recent common ancestors in this dorsal neural progenitor pool.",2
Epidermal progenitor,Otic placode,6.82448844121582,0.888270063551576,52.1354055936308,0.00854338929906546,0,24337,2365,"Both cell types derive from surface (non-neural) ectoderm—the otic placode arises from the preplacodal ectoderm at the neural plate border, the same surface-ectoderm sheet that gives rise to epidermis, so they share a common ectodermal progenitor pool.",1
Eye field,Hypothalamic neuron,7.01479179260033,0.886784854617044,43.1703243649208,0.0124736034265441,0,8896,1528,The eye field and the hypothalamus both arise from the anterior neural plate—specifically contiguous rostral prosencephalic (ventral diencephalic) neuroectoderm sharing Rax/Six3/Otx2+ progenitors—so their close spatial and molecular co-emergence gives them recent common ancestors.,2
Dermomyotome,Nascent somite,7.62961082903508,0.883755135045239,82.6013144834125,0.00533242563688812,0,47263,6475,"Nascent somites, which bud from paraxial/presomitic mesoderm, directly compartmentalize into the dorsal dermomyotome (and ventral sclerotome), so the dermomyotome is an immediate descendant of the somite and both derive from the same paraxial mesoderm progenitor pool.",1
Cranial motor neuron,Hypothalamus,6.94774498759866,0.882013588285871,53.8395154241167,0.00129554717264823,0,3730,7652,Both are ventral CNS neuronal populations arising from the anterior neuroectoderm/neural plate under Shh-dependent basal-plate programs — cranial motor neurons from the hindbrain basal plate and hypothalamic neurons from the ventral diencephalon — reflecting a shared ventral neural progenitor origin.,2
Olfactory placode,Trigeminal sensory neuron,6.79493690266651,0.88165154964419,52.2913233798053,0.00347248085848032,0,5872,3198,"Both derive from the preplacodal ectoderm at the anterior neural plate border—the olfactory placode directly, and trigeminal sensory neurons in part from the placodally-derived (ophthalmic/maxillomandibular) neurons of the trigeminal ganglion—so they share a common cranial placode/preplacodal progenitor field.",2
Dorsal root ganglion progenitor,Roof plate,7.14893589931538,0.874689435419848,28.5406102166584,0.000415825418543911,0,921,6035,"Both cell types derive from the dorsal-most neural tube / neural plate border, where premigratory trunk neural crest (which gives rise to DRG progenitors) delaminates from the same dorsal neuroepithelium that forms the roof plate, so they share a common dorsal progenitor pool.",2
Autonomic neuron,Trunk neural crest,6.45116781614974,0.862191340600355,12.4847519535242,0.0492196580949117,0,142,6809,"Autonomic (sympathetic/enteric) neurons are direct derivatives of trunk neural crest cells, which delaminate from the dorsal neural tube and migrate ventrally to form the sympathoadrenal and autonomic ganglion lineages, so both cell types descend from a common trunk neural-crest progenitor pool.",1
Epibranchial sensory neuron,Trigeminal sensory neuron,6.59052529408304,0.861517992829051,32.9344682463882,0.0128518923897473,0,1270,3198,"Both are cranial sensory neurons derived from neurogenic ectodermal placodes arising from the common pre-placodal region (the trigeminal/ophthalmic-maxillomandibular placode and the epibranchial placodes), giving them a shared placodal progenitor origin.",2
Epicardium,First heart field,6.63712142368487,0.856763859373323,43.1921822337032,0.00507825979517436,0,1288,1531,"Both derive from the same anterior lateral-plate/cardiogenic mesoderm—specifically the first heart field and its adjacent juxta-cardiac field, a bipotent pool that gives rise to both myocardium and the proepicardium/epicardium.",2
Sacral neural crest,Vagal neural crest,7.02492896793005,0.852333544108427,39.0938175608477,0.00205536438450551,0,2156,4937,"Both are axial subpopulations of neural crest that delaminate from the dorsal neural tube of the caudal embryo and share the common neural-crest progenitor pool (and jointly seed the enteric nervous system), so their shared ancestry reflects a common posterior/trunk neural-crest origin.",2
Cranial motor neuron,Hindbrain (r5-r8),7.291411608677,0.851406705333639,63.9919977758545,0.00182969956062342,0,3730,28972,"Cranial motor neurons (branchiomotor/visceromotor/somatic nuclei of cranial nerves) are born directly from the ventral (pMN/Nkx6+ Olig2+) neuroepithelial progenitors of the caudal hindbrain rhombomeres r5–r8, so the two cell types are simply progenitor and differentiated derivative within the same rhombomeric neural-tube lineage.",1
Epidermal progenitor,Otic sensory neuron,6.68455764208845,0.850326198372082,35.3522541435988,0.0129727967286166,0,24337,974,"Both cell types arise from surface (non-neural) ectoderm—epidermal progenitors directly, and otic sensory neurons via the otic placode that delaminates from preplacodal/surface ectoderm adjacent to the hindbrain—so they share a common ectodermal progenitor pool.",2
Roof plate,Sacral neural crest,7.17870956761109,0.848863547574204,42.4001975855043,0.00313080319889084,0,6035,2156,"Both derive from the dorsal-most neurectoderm/neural plate border: sacral neural crest delaminates from the dorsal neural tube whose remaining midline cells become the roof plate, so they share a common dorsal neural tube (neural plate border) progenitor pool.",2
Epibranchial placode,Otic sensory neuron,6.38034096174493,0.843461656296912,28.935346109769,0.0221559131689941,0,3606,974,"Both cell types arise from the preplacodal ectoderm via a shared otic-epibranchial progenitor domain (OEPD), a common Pax2/Pax8/Sox3+ posterior placodal field that segregates into otic placode–derived (vestibulocochlear) and epibranchial placode–derived sensory neurons.",2
Hypaxial myogenic progenitor,Myotome,7.1980114401854,0.836646236239915,43.6570714478695,0.00383287336398335,0,5322,2201,"Both cell types derive from the somitic dermomyotome of the paraxial mesoderm, where the ventrolateral (hypaxial) dermomyotomal lip gives rise to hypaxial myogenic progenitors while the same dermomyotome contributes myoblasts to the underlying myotome, so they share a common Pax3+/Pax7+ somitic muscle progenitor pool.",1
Endocardial cell,First heart field,6.65998671766739,0.834529827417732,41.2260981380023,0.0120541705678299,0,1558,1531,"Endocardial cells and first-heart-field myocardium both descend from Mesp1+/Nkx2-5+ multipotent cardiovascular progenitors in the cardiac crescent, which are known to be bipotent for endocardial and myocardial fates.",2
Hindbrain (r5-r8),Somatic motor neuron,7.47267566493786,0.833398671762016,76.1695409282098,0.00215478122868616,0,28972,6559,"Somatic motor neurons of the caudal hindbrain (e.g. abducens in r5–r6 and hypoglossal in r7–r8) are directly born from the ventral (pMN/Olig2+) neuroepithelial progenitors of the r5–r8 rhombomeres, so the two cell types simply reflect a progenitor-to-progeny relationship within the same hindbrain neural tube domain.",1
Otic sensory neuron,Trigeminal sensory neuron,6.51579097545204,0.832681874616542,27.8407735348165,0.0828466218451239,0,974,3198,"Both are cranial sensory neurons whose placodes (otic and trigeminal) arise from the common preplacodal ectoderm/neural-plate-border domain, with shared cranial neural crest contribution, so they co-emerge from the same anterior ectodermal progenitor pool.",2
Epibranchial placode,Lens placode,6.51883263131005,0.829865056989639,38.3260059873855,0.0571576428500007,0,3606,2811,Both are cranial placodes that arise from the common pre-placodal ectoderm (panplacodal primordium)—a horseshoe-shaped band of non-neural surface ectoderm bordering the anterior neural plate—so their shared ancestry reflects this common placodal progenitor domain despite later segregating into anterior (lens) versus posterior (epibranchial) fates.,2
Somatic motor neuron,Spinal cord interneuron,7.58941286245741,0.829351061492799,65.6608588421716,0.00579166941691969,0,6559,12470,"Both cell types arise from neuroepithelial progenitors of the ventral spinal cord (neural tube), where Shh/patterning generates adjacent progenitor domains (e.g. pMN motor neurons and p0–p3/dI interneurons) from a shared neuroectodermal pool.",1
Dorsal root ganglion progenitor,Sacral neural crest,6.82073254092947,0.826377957713543,24.1375256506059,0.0286888941392534,0,921,2156,"Dorsal root ganglion progenitors are themselves neural crest derivatives, so their strong linkage with sacral neural crest reflects a shared origin in the caudal (trunk/sacral) neural crest lineage delaminating from the dorsal neural tube, with sacral crest directly seeding the caudal-most sensory DRG.",1
Spinal cord (cervical),Vagal neural crest,7.41782333077806,0.824337728438845,67.6713484949811,0.00314803403559217,0,41051,4937,"Vagal neural crest delaminates from the neural-plate border/dorsal neural tube overlying somites 1–7, the same axially-restricted neuroectodermal (dorsal neural tube) progenitor domain that generates the cervical spinal cord, so both arise together from a shared cervical-level neural progenitor pool.",2
Presomitic mesoderm,Spinal cord (thoracic),7.46684285891592,0.818289459644773,82.6013341561633,0.00447782273680555,0,8521,35061,Presomitic (paraxial) mesoderm and thoracic/posterior spinal cord both descend from bipotent neuromesodermal progenitors (NMPs) in the caudal epiblast/node-streak border and tailbud that co-produce paraxial mesoderm and posterior neural tube during axis elongation.,2
Head paraxial mesoderm,Pharyngeal mesoderm,6.94957570570644,0.81809880425483,89.7264948879228,0.00129346482102491,0,32981,7691,"Both are cranial mesoderm derivatives that emerge together from the anterior primitive streak/prechordal-to-anterior mesendoderm, sharing a common cranial (head) mesoderm progenitor pool before segregating into paraxial (somitomeric) versus pharyngeal/splanchnic populations.",2
Cranial motor neuron,Hypothalamic neuron,6.86496337537177,0.816252446976628,33.865557829881,0.000501857121188655,0,3730,1528,Both are ventral CNS neurons derived from the same neuroectodermal lineage—Shh/Nkx2.1-patterned ventral neural tube progenitors (basal plate/floor-plate-adjacent neuroepithelium spanning the ventral diencephalon and hindbrain)—so their shared ancestry reflects a common neural-plate/neural-tube origin rather than distinct germ-layer sources.,2
Hypothalamic neuron,Telencephalon,7.08247529771511,0.81565497648659,39.5613663948705,0.0042128419336065,0,1528,34300,"Hypothalamic neurons (diencephalic) and telencephalon are sister subdivisions of the prosencephalon, both arising from a common anterior neural plate/forebrain neuroectoderm progenitor pool that splits during forebrain regionalization.",2
Hindbrain (r1),Hindbrain (r2-r4),7.46432277267141,0.814755035150085,112.744912616547,0.00304497478055349,0,16440,26863,"Both are adjacent rhombomeric segments of the hindbrain arising from the same anterior neuroectoderm/neural plate progenitor pool, so they share recent common progenitors within the developing neural tube's hindbrain region.",1
Hindbrain (r1),Midbrain neuron,7.29960725918856,0.814458067120184,64.8288499052239,0.00263009675316306,0,16440,4463,"Hindbrain rhombomere 1 and midbrain neurons both arise from anterior neuroectoderm progenitors flanking the midbrain-hindbrain boundary (isthmic organizer), which patterns adjacent mes/rhombencephalic neural-plate cells from a shared founder pool.",1
Otic placode,Trigeminal sensory neuron,6.59512899975329,0.813525641596942,37.6247489516776,0.0289707479284627,0,2365,3198,Both derive from the cranial preplacodal ectoderm at the anterior neural-plate border — the otic placode and the trigeminal (ophthalmic/maxillomandibular) placode that generates most trigeminal sensory neurons are sibling derivatives of this shared panplacodal progenitor pool.,2
Hypothalamus,Midbrain,7.07328540238356,0.810195054917953,80.483490896153,0.00165922357854161,0,7652,21466,"Both the hypothalamus (ventral diencephalon) and midbrain (mesencephalon) arise from the anterior neural plate/neuroectoderm and are near-neighbors along the rostral neural tube, so they descend from a shared pool of anterior neuroepithelial progenitors patterned early in gastrulation.",1
Cranial motor neuron,Hindbrain (r2-r4),7.21988003582565,0.805602128188131,57.5511821087153,0.00306707243652827,0,3730,26863,Cranial motor neurons are born directly within the hindbrain neuroepithelium—rhombomeres r2–r4 host the trigeminal (V) and facial (VII) branchiomotor/visceromotor progenitors in their basal plate—so both cell types derive from the same rhombomeric neural progenitor pool.,1
Presomitic mesoderm,Sacral neural crest,7.09971377914674,0.802466593340128,44.6360494770348,0.00960684800071673,0,8521,2156,Both arise from the caudal progenitor zone of the tailbud—presomitic mesoderm directly from neuromesodermal progenitors (NMPs) and sacral neural crest from the posterior/caudal neural tube generated by that same NMP-derived axial progenitor pool—so they share recent ancestry through co-emergence from the posterior growth zone.,3
Axial progenitor,Sacral neural crest,7.02763469002853,0.802452646217444,35.5793753214802,0.00557455537036908,0,3170,2156,"Both derive from the caudal-most embryonic region, where neuromesodermal/axial progenitors in the tail bud generate the posterior neural tube from which sacral neural crest delaminates, giving them a shared posterior neuraxial progenitor pool.",2
Epibranchial sensory neuron,Surface ectoderm,6.3520763644627,0.801996176409169,28.5938612449592,0.00893754574563458,0,1270,2649,"Epibranchial sensory neurons delaminate from epibranchial placodes, which are focal thickenings of cranial surface ectoderm derived from the preplacodal/panplacodal ectoderm, so both cell types share a common surface-ectodermal progenitor pool.",2
Epibranchial sensory neuron,Lens placode,6.44867911348154,0.796602085600107,28.5865012980339,0.0192191337144971,0,1270,2811,"Both are cranial placode derivatives arising from the common pre-placodal ectoderm (PPE) domain at the anterior neural-plate border, so lens (a placode itself) and epibranchial sensory neurons share their most recent ancestry in this PPE/panplacodal progenitor field.",2
Midbrain neuron,Telencephalon,7.26424576365289,0.795091663784432,63.6010174495634,0.00397021948890993,0,4463,34300,"Midbrain neurons and telencephalon both derive from the anterior neuroectoderm/neural plate, tracing back to a shared pool of early anterior neural progenitors that only later become regionalized along the antero-posterior axis into forebrain and midbrain.",2
Autonomic progenitor,Roof plate,7.11226828187784,0.793811012598372,44.126215234146,0.000934988297559996,0,3416,6035,"Autonomic (sympathetic/parasympathetic) progenitors are trunk neural-crest derivatives that delaminate from the dorsal neural tube immediately adjacent to the roof plate, so both trace back to a shared dorsal neuroepithelial progenitor pool.",2
Amniotic ectoderm,Epibranchial sensory neuron,6.43705579401835,0.793729757907683,28.1176384065751,0.0906086417937539,0,2288,1270,"Both derive from the early proximal/non-neural (surface) ectoderm of the epiblast—amniotic ectoderm buds off this pool during gastrulation while epibranchial sensory neurons arise from cranial (epibranchial placodal) ectoderm at the neural/non-neural border, so they likely share a common epiblast-derived non-neural ectoderm progenitor before amnion and placodal fates diverge.",4
Spinal cord (cervical),Trunk neural crest,7.37461584540925,0.792429413750455,75.9771428816985,0.00511317698734459,0,41051,6809,"Trunk neural crest and cervical spinal cord both originate from the dorsal neural tube/neural plate border at matching axial levels, where premigratory neural crest delaminates from the same neuroepithelial progenitor pool that forms the spinal neural tube.",1
Epibranchial placode,Trigeminal sensory neuron,6.55242557315775,0.786298045977377,38.8865701760045,0.00582238682054893,0,3606,3198,"Both derive from cranial placodal ectoderm arising from the common pan-placodal preplacodal region at the neural plate border, with epibranchial placodes and the trigeminal placode contributing sensory neurons to cranial ganglia from this shared lateral placodal progenitor pool.",2
Juxtacardiac field,Pharyngeal mesoderm,6.61061109705993,0.782971555185765,44.8309441101369,0.00664327983622331,0,1386,7691,"Both cell types descend from the anterior lateral plate mesoderm—specifically the cardiopharyngeal mesoderm field where the juxtacardiac field lies contiguous with the cardiac crescent and pharyngeal (second-heart-field) mesoderm, so they share Mesp1+ anterior splanchnic mesoderm progenitors.",2
First heart field,Juxtacardiac field,6.50583885765184,0.776513615798395,35.6799913575841,0.0659229504526497,0,1531,1386,"Both fields arise from the same Mesp1+ anterior cardiogenic (splanchnic) mesoderm, with the juxta-cardiac field described as a common progenitor pool that directly feeds first-heart-field cardiomyocytes (and epicardium), so their strong shared ancestry reflects a recent common cardiac-mesoderm progenitor.",2
Endocardial cell,Second heart field,6.71940643064737,0.776483165171791,47.338559809531,0.00038724909429316,0,1558,6952,"Both cell types derive from the Mesp1+ anterior/cardiogenic splanchnic mesoderm, with endocardial (endothelial) cells and second-heart-field myocardial progenitors emerging from a shared multipotent cardiovascular progenitor pool (Isl1+/Nkx2-5+) that lineage-tracing has shown gives rise to both endocardium and SHF derivatives.",2
Eye field,Midbrain neuron,7.10110496575312,0.77295145440954,54.3678725296639,0.00344543546359021,0,8896,4463,"The eye field (prospective retina/diencephalon) and midbrain neurons both derive from adjacent domains of the anterior neural plate, tracing back to a shared pool of anterior neuroectoderm progenitors specified during gastrulation.",2
Dorsal root ganglion neuron,Roof plate,7.02697586912009,0.772741379228623,27.5117234242036,0.00111723569252325,0,1179,6035,"Dorsal root ganglion neurons are neural crest derivatives, and neural crest delaminates from the dorsal neural tube (the neural plate border/roof-plate region), so both trace back to a shared dorsal neuroepithelial progenitor pool where roof plate and premigratory neural crest co-emerge.",2
Hypothalamic neuron,Midbrain neuron,6.98710026078987,0.771183019756169,33.2690727458802,0.00671643713436303,0,1528,4463,"Both are CNS neurons derived from the anterior neural plate/neural tube neuroepithelium, with hypothalamic (ventral diencephalic) and midbrain (mesencephalic) neurons emerging from adjacent, temporally co-specified progenitor domains of the rostral neural ectoderm.",2
Second heart field,Splanchnic mesoderm,7.1500451629224,0.759356377965394,71.7237217959917,0.00929846328891042,0,6952,21642,"The second heart field is a subpopulation of anterior splanchnic (lateral plate) mesoderm, so both derive from the same splanchnic mesodermal progenitor pool in the pharyngeal/cardiac crescent region and share near-immediate common ancestry.",1
Mesothelium,Splanchnic mesoderm,6.90927433258676,0.75698277921915,16.3239150325856,0.000187243704573191,0,346,21642,"Visceral (serosal) mesothelium is a direct derivative of the splanchnic layer of lateral plate mesoderm, which delaminates to line the coelomic cavity and coat the gut and visceral organs, so both cell types descend from the same splanchnic lateral plate mesodermal progenitor pool.",1
Lens placode,Otic placode,6.45472731359737,0.748617399421671,33.6021140921486,0.00266876479607124,0,2811,2365,"The lens and otic placodes both derive from the pre-placodal ectoderm (PPE), the horseshoe-shaped non-neural ectoderm domain at the anterior neural plate border that is the common progenitor field for all cranial placodes.",2
Lens placode,Otic sensory neuron,6.35391386644169,0.7465288164443,25.6808604665105,0.0128998950541068,0,2811,974,"Both the lens placode and the otic-derived sensory neurons arise from the cranial pan-placodal region (preplacodal ectoderm) bordering the anterior neural plate, so they share a common Six1/Eya1+ placodal progenitor pool from which the lens and otic placodes segregate.",2
Mesothelium,Somatic mesoderm,6.9864814969753,0.746419893794562,17.4079691833446,0.00269578819817342,0,346,66151,"Mesothelium lining the body wall and coelomic cavities differentiates directly from the somatopleuric (somatic) layer of the lateral plate mesoderm, so the two cell types share a recent common lateral-plate-mesoderm progenitor pool.",2
Hemogenic endothelium,Somatic mesoderm,6.75507872266142,0.739488992355437,11.5011661376841,0.000674950255283709,0,141,66151,"Both cell types derive from the same early lateral plate/posterior mesoderm progenitor pool, with hemogenic endothelium (the source of definitive blood via endothelial-to-hematopoietic transition) and somatic (somatopleuric) mesoderm splitting from a common Mesp1+ nascent mesodermal lineage during gastrulation.",2
Spinal cord (thoracic),Spinal cord interneuron,7.63119426729647,0.733779450306443,83.0319343818352,0.00725231544221282,0,35061,12470,"Both cell types derive from the same dorsal neural tube neuroepithelial progenitors of the spinal cord, with spinal interneurons being a differentiated neuronal subtype born in situ from the thoracic spinal cord neural progenitor pool.",1
Pharyngeal arch mesenchyme,Roof plate,7.28509775389846,0.731603463364334,68.4112611528394,0.013227681477039,0,39085,6035,"Pharyngeal arch mesenchyme is largely cranial neural-crest-derived ectomesenchyme, and neural crest delaminates from the dorsal neural tube at the neural plate border immediately adjacent to the roof plate, so both trace back to a common dorsal neuroectoderm / neural-plate-border progenitor pool.",2
Diencephalon,Hindbrain (isthmic organizer),7.05285574977061,0.72847491499671,49.2929945769235,0.00152639226438608,0,14353,3921,"Both are dorsal CNS neuroectoderm derivatives that arise from the anterior neural plate/neural tube, so diencephalic (forebrain) and isthmic (midbrain–hindbrain boundary) progenitors descend from a shared anterior neuroectodermal progenitor pool during neurulation.",2
Dermomyotome,Intermediate mesoderm,7.52488866530497,0.728089766128619,83.2779356704686,0.000312876754522815,0,47263,10656,"Both derive from adjacent mediolateral domains of nascent trunk mesoderm ingressing through the anterior/mid primitive streak (fed by the caudal NMP/posterior progenitor pool), so the dermomyotome (dorsal paraxial/somite derivative) and the immediately lateral intermediate mesoderm share recently divergent mesodermal progenitors.",2
Frontonasal mesenchyme,Olfactory placode,6.83476131859086,0.726360693681252,67.9424666165314,0.0049050343051795,0,24672,5872,"Both derive from the anterior neural plate border / rostral head ectoderm, where cranial (frontonasal) neural-crest-derived mesenchyme and the preplacodal ectoderm that forms the olfactory placode arise as sister lineages and co-emerge within the developing frontonasal prominence.",3
Hemogenic endothelium,Splanchnic mesoderm,6.65351668580897,0.722312199887589,11.746659813582,0.00297600094555881,0,141,21642,"Hemogenic endothelium arises from the same lateral plate/splanchnic mesoderm progenitor pool that generates yolk-sac and gut-associated endothelium and blood islands, so both cell types descend from a shared posterior/visceral lateral plate mesoderm lineage (via hemangioblast/hemogenic endothelial specification).",2
Autonomic progenitor,Pharyngeal arch mesenchyme,6.97971252515207,0.718648037095384,53.3349045929032,0.00196000990763587,0,3416,39085,"Autonomic neuron progenitors and pharyngeal arch mesenchyme (ectomesenchyme) are both neural crest derivatives, sharing ancestry through a common cranial/cardiac-vagal neural crest progenitor pool that delaminates from the dorsal neural tube and migrates ventrally.",2
Dorsal root ganglion progenitor,Spinal cord (cervical),7.12296260082337,0.711773942532953,24.4101885912213,0.00609697348111128,0,921,41051,"Dorsal root ganglion progenitors are trunk neural crest cells that delaminate from the dorsal neural tube at the same axial level as the cervical spinal cord, so both descend from a shared posterior neural plate/neural-tube progenitor pool (downstream of neuromesodermal progenitors), giving them recent common ancestry.",2
Hindbrain (isthmic organizer),Hypothalamic neuron,6.86457640860566,0.708828849083557,29.855473113982,0.000740362234011349,0,3921,1528,"Both are anterior-neuroectoderm derivatives specified early from a common pool of anterior neural-plate/neural-tube progenitors, so early clones seeded before anteroposterior regionalization contribute to both the forebrain (ventral hypothalamic) and midbrain-hindbrain-boundary (isthmic organizer) domains.",3
Eye field,Midbrain,7.06660370359358,0.707642853187691,77.580153370898,0.0213001975807738,0,8896,21466,"The eye field and midbrain both derive from the anterior neuroectoderm/neural plate, arising from a shared pool of anterior neural progenitors in which the prospective eye field (anterior forebrain/diencephalon) is specified immediately rostral to and contiguous with the midbrain territory.",2
Hepatoblast,Midgut,5.95735370122841,0.706821398891447,25.4827558862873,0.0157097976882009,0,1255,1667,"Hepatoblasts (the bipotent hepatocyte/cholangiocyte progenitors budding from the ventral foregut) and midgut both derive from definitive (gut-tube) endoderm and emerge from adjacent domains of the ventral foregut–midgut endodermal sheet, so they share a recent common endodermal progenitor pool.",2
Frontonasal mesenchyme,Trigeminal placode,6.91225248239544,0.702159429698084,68.1762536506301,0.0027540032607287,0,24672,6546,Both trace to the anterior neural plate border ectoderm—frontonasal mesenchyme as forebrain/midbrain cranial neural crest ectomesenchyme and the trigeminal placode from the adjacent preplacodal ectoderm—so they arise as neighboring border derivatives that co-emerge in the same anterior head field (and even co-assemble the trigeminal ganglion).,2
Dorsal root ganglion neuron,Sacral neural crest,6.67712113962619,0.70210607121237,22.7691077670933,0.0309543053892502,0,1179,2156,"Dorsal root ganglion sensory neurons are a canonical neural crest derivative, so they share ancestry with sacral neural crest because both arise from a common migratory (trunk/sacral-level) neural crest progenitor pool that delaminates from the dorsal neural tube.",1
Cranial neural crest,Frontonasal mesenchyme,7.10501120427475,0.701243740798769,81.3783454849315,0.00734188267768994,0,9523,24672,"Frontonasal mesenchyme is largely populated by cranial (frontonasal-prominence) neural crest cells that delaminate from the anterior neural folds and migrate ventrally, so both cell types descend from a shared cranial neural crest progenitor pool.",1
Hindbrain (r1),Spinal cord interneuron,7.49013033387075,0.696241212724762,71.1031656535286,0.0023543718804669,0,16440,12470,"Both are neural tube derivatives arising from the common neuroectoderm/neural plate, so their shared ancestry reflects a common pool of Sox2+ neural progenitors specified along the anteroposterior neural axis before regionalization into anterior hindbrain (r1) and posterior spinal cord.",2
Periocular mesoderm,Pharyngeal mesoderm,6.34438010230664,0.693663520149169,38.3622486315692,0.00392065795615999,0,1739,7691,"Both cell types derive from the anterior cranial/head mesoderm (paraxial and splanchnic head mesoderm, including the cardiopharyngeal field), a contiguous rostral mesodermal pool that supplies periocular mesenchyme around the eye and the core mesoderm of the pharyngeal arches.",2
Spinal cord (lumbar),Trunk neural crest,7.13218882055111,0.693445810269359,59.9849590539636,0.00212151988518097,0,12722,6809,"Lumbar spinal cord neurons and trunk neural crest both originate from the same posterior/trunk neural plate—neural crest delaminates from the dorsal neural tube, and both are fed by tailbud neuromesodermal progenitors (NMPs)—so they share a recent common progenitor pool in the caudal neuroectoderm.",1
Epidermal progenitor,Olfactory sensory neuron,6.54788294880194,0.690791313870363,16.3570614655295,8.63190411254422e-05,0,24337,389,"Both derive from the non-neural surface (cranial) ectoderm—olfactory sensory neurons arise from the olfactory placode, an ectodermal placode that buds from the same surface ectoderm sheet that generates epidermal progenitors, so they share a recent common ectodermal progenitor pool in the anterior head region.",2
Nascent somite,Spinal cord (thoracic),7.32283581333419,0.689987407873686,67.4574077644922,0.00198679389627646,0,6475,35061,"Both cell types descend from bipotent neuromesodermal progenitors (NMPs/axial stem cells) in the caudal epiblast/tailbud, which co-generate paraxial mesoderm (nascent somites) and posterior neural tube (thoracic spinal cord) during axis elongation.",2
Endothelial progenitor,Hypaxial myogenic progenitor,7.10381583677127,0.687967885349201,36.176746514872,0.00466419123706236,0,1988,5322,"Both cell types descend from the somitic dermomyotome, where Pax3+ progenitors are known to be bipotent for skeletal muscle and endothelium, so hypaxial (limb/body-wall) myogenic progenitors and endothelial progenitors co-emerge from this shared paraxial-mesoderm progenitor pool.",2
Pharyngeal arch mesenchyme,Trigeminal placode,6.98929907586075,0.682446589505428,61.9553474965052,0.000214114372227883,0,39085,6546,"Both trace to the anterior neural plate border, from which cranial neural crest (the main source of pharyngeal arch mesenchyme) and adjacent cranial placodal ectoderm (the trigeminal placode) co-segregate and then jointly assemble the trigeminal ganglion, reflecting a shared border progenitor pool and spatial co-emergence.",2
Autonomic progenitor,Sacral neural crest,6.72450006888239,0.682279176220641,29.3672305327264,0.0176493269470926,0,3416,2156,"Sacral neural crest cells delaminate and migrate ventrally to seed the pelvic/hindgut region, directly giving rise to autonomic (parasympathetic) neuronal progenitors, so the two populations reflect a direct neural-crest→autonomic progenitor lineage relationship rather than mere co-emergence.",2
Floor plate,Midbrain,7.14389591116222,0.680770570327223,82.5768917678457,0.00650929369180706,0,16788,21466,"Floor plate and midbrain both derive from the same dorsoventrally-patterned neural tube neuroepithelium, with midbrain (mesencephalic) floor plate arising from the ventral midline of that anterior neural plate/tube, so they share a common neuroectodermal progenitor pool.",1
First heart field,Second heart field,6.62622863780159,0.680735158670837,38.9060683804762,0.0136491886274956,0,1531,6952,"The first and second heart fields both derive from the common cardiogenic (anterior splanchnic) mesoderm arising from the early cardiac crescent, so they share a recent Mesp1+ cardiac progenitor pool.",1
Floor plate,Hindbrain (isthmic organizer),7.04762315784972,0.674729283675847,47.5586232117635,0.00712421580761394,0,16788,3921,"Both are specialized neuroepithelial structures that arise from the early neural plate/neuroectoderm along the ventral and anteroposterior midline, with floor plate (ventral midline) and the isthmic organizer (midbrain–hindbrain boundary) emerging as neighboring secondary organizers from a shared anterior neural progenitor pool patterned by node/notochord and axial signaling.",2
Midbrain,Telencephalon,7.17117538063077,0.673811508432491,106.33219755096,0.00523770951415381,0,21466,34300,"Midbrain and telencephalon are both regionalized derivatives of the anterior neural plate/neural tube neuroepithelium (neural ectoderm), sharing a common Sox2+ neuroectodermal progenitor pool before anteroposterior patterning splits them into prosencephalon and mesencephalon.",1
Somatic motor neuron,Spinal cord (lumbar),7.21670037787451,0.673688011216495,60.4268698926969,0.00106922427495999,0,6559,12722,"Somatic motor neurons are born within the ventral spinal cord itself (from Olig2+ pMN progenitors of the ventral neural tube), so lumbar-level motor neurons and lumbar spinal cord tissue simply share the same regional neural-tube progenitor pool along the anteroposterior axis.",1
Dorsal root ganglion progenitor,Spinal cord (thoracic),7.01854835295244,0.670953155952986,24.532820789771,0.00329702357468987,0,921,35061,"Dorsal root ganglion progenitors (trunk sensory neural crest) and thoracic spinal cord neuroepithelium share a common origin in the dorsal neural tube/neural plate border, where premigratory neural crest delaminates from the same posterior neuroectoderm (itself fed by neuromesodermal progenitors) that forms the spinal cord.",2
Allantois,Hindlimb field,6.10812549021384,0.66779472350419,6.97010015186974,0.0152690614505898,0,78,6150,Both arise from posterior primitive-streak-derived caudal mesoderm — the Tbx4/Isl1-expressing posterior lateral-plate/extraembryonic mesoderm pool that produces the allantois and the hindlimb field.,3
Diencephalon,Hindbrain (r1),7.11725215134736,0.665377939861501,82.7020123355498,0.0021548500526247,0,14353,16440,"Both are dorsal anterior neural-tube regions derived from the same anterior neuroectoderm/neural-plate progenitor pool (Sox2+ neuroepithelium), so diencephalon and rhombomere-1 hindbrain share recent common ancestors as neighboring domains patterned along the same early neuraxis.",1
Dorsal root ganglion neuron,Spinal cord (cervical),7.06050535072804,0.665226633343603,30.8747038178214,0.00368648348802189,0,1179,41051,"Dorsal root ganglion neurons (trunk neural crest derivatives) and cervical spinal cord neuroepithelium both originate from the dorsal aspect of the same posterior neural tube, co-emerging from the caudal neural plate/neural plate border (downstream of neuromesodermal progenitors) where neural crest delaminates from the dorsal neuroepithelium at matched axial levels.",2
Arterial endothelial cell,Hemogenic endothelium,6.1766745950371,0.652687236561407,9.63978507685603,0.0173307242085945,0,645,141,"Both arise from a shared hemangioblast/lateral-plate-mesoderm-derived endothelial progenitor pool, with hemogenic endothelium being an arterial-identity-specialized subset of the dorsal aorta/AGM endothelium (Notch/Runx1-driven) that undergoes endothelial-to-hematopoietic transition, so the two are essentially sibling states of the same arterial endothelial lineage.",1
Endocardial cell,Epicardium,6.4248304957074,0.64918671369665,30.4640466733386,0.00529542822262421,0,1558,1288,"Endocardial cells and epicardium both derive from cardiogenic lateral plate mesoderm (juxta-cardiac field/proepicardial region), where a common Nkx2.5/Isl1-lineage cardiac mesodermal progenitor pool gives rise to both the endothelial lining and the epicardial covering of the developing heart, explaining their shared recent ancestry.",2
Endocardial cell,Juxtacardiac field,6.37416013580985,0.646850094051503,28.5786292752245,0.0346574768186545,0,1558,1386,"Both cell types descend from Mesp1+ anterior lateral-plate (cardiogenic) mesoderm of the cardiac crescent, where the juxtacardiac field is a recently described multipotent progenitor pool that co-emerges with, and shares clones with, the endocardial/endothelial precursors lining the forming heart.",3
Hindbrain (isthmic organizer),Hypothalamus,6.81570838353374,0.641968861050662,41.5683802673931,0.00137412501595092,0,3921,7652,"Both are anterior neural-plate derivatives, so their shared ancestry most likely reflects a common pool of early neuroectoderm/neural-plate progenitors (SHH-patterned ventral neural tube) that gives rise to these regionally distinct but germ-layer-identical CNS domains.",2
Hindbrain (r1),Hypothalamic neuron,6.9197953885232,0.633552546803339,30.4006948597931,0.00120063012209769,0,16440,1528,"Both are CNS neuroectoderm derivatives arising from the early anterior neural plate/neuroepithelium, so their shared ancestry reflects common neuroepithelial progenitors that were specified before anteroposterior regionalization fully separated ventral forebrain (hypothalamic) from anterior hindbrain (r1) fates.",2
Cranial neural crest,Vagal neural crest,7.02571789056725,0.625920947083369,46.725704752521,0.00191619378784756,0,9523,4937,"Both are neural crest populations delaminating from the dorsal neural folds/neural plate border, differing only in anteroposterior axial level (cranial vs. vagal), so they descend from a common premigratory neural crest progenitor pool along a continuous rostrocaudal domain.",1
Endothelial cell,Somatic mesoderm,7.43158249244051,0.625846220723298,75.1500333129201,0.000389165244716841,0,9605,66151,"Both lineages are mesodermal derivatives arising from a shared lateral-plate/somatic mesoderm progenitor pool, from which FLK1+/KDR+ angioblasts delaminate out of the same mesenchyme that also forms the somatic (parietal) mesoderm.",2
Endothelial cell,Splanchnic mesoderm,7.34488573751583,0.625768956411067,65.2669925140036,0.00177782099595935,0,9605,21642,"Endothelial cells and splanchnic mesoderm share ancestry because both derive from lateral plate mesoderm, with the splanchnic (visceral) layer serving as a major source of hemangioblast/hemogenic-endothelial progenitors that generate the vascular endothelium of the gut, heart, and yolk sac.",2
Roof plate,Spinal cord interneuron,7.44701706970426,0.622735905875814,48.604346100593,0.0111795438928672,0,6035,12470,"Both derive from the dorsal neural tube neuroepithelium, where the roof plate (dorsal-most, Lmx1a/Wnt/BMP-expressing organizer) and dorsal spinal interneurons (dI1–dI6) emerge from a shared population of dorsal neural progenitors within the same Sox2+ neuroectodermal domain.",2
Dermomyotome,Presomitic mesoderm,7.38308803703819,0.620911576176712,73.2572651739893,0.00313528512278363,0,47263,8521,"Presomitic (paraxial) mesoderm sequentially segments into somites whose dorsolateral compartment forms the dermomyotome, so the two are directly linked along the paraxial mesoderm→somite differentiation trajectory sharing a common presomitic progenitor pool.",1
Trigeminal ganglion neuron,Trigeminal placode,6.5891805576755,0.618166491175265,31.0992391333978,0.0135242677962358,0,1765,6546,"Trigeminal ganglion neurons are directly generated by delamination and neurogenesis from the ophthalmic and maxillomandibular trigeminal placodes (a preplacodal-ectoderm derivative), making the placode a literal direct progenitor of these neurons and explaining their shared ancestry.",1
Frontonasal mesenchyme,Telencephalon,7.0279926712345,0.616735085149046,98.3794696530105,0.00646425214923567,0,24672,34300,"Frontonasal mesenchyme is cranial neural crest that delaminates from the anterior neural folds immediately adjacent to the prospective telencephalon, so both trace back to a shared anterior neuroectoderm/neural-plate-border progenitor pool in the forebrain region.",2
Autonomic progenitor,Cranial neural crest,6.88058714039871,0.613958332895517,42.0550263278888,0.00225383422981545,0,3416,9523,"Both cell types are neural-crest derivatives arising from the dorsal neural plate border, so autonomic (sympatho-parasympathetic) progenitors and cranial neural crest share a recent common delaminating neural-crest progenitor pool.",2
Hypothalamus,Midbrain neuron,6.84398138939297,0.609731046847347,40.5597025352841,0.00137989563977472,0,7652,4463,"Both derive from the anterior neural plate/neuroepithelium and their progenitors lie adjacent along the rostral neural tube (ventral diencephalon giving hypothalamus, mesencephalon giving midbrain neurons), so they co-emerge from a shared pool of anterior neural-ectoderm progenitors patterned before the diencephalic–mesencephalic boundary is fixed.",2
Spinal cord (cervical),Spinal cord (lumbar),7.35495219722927,0.60746510126297,71.5136573606331,0.000673072598142537,0,41051,12722,"Cervical and lumbar spinal cord are both regions of the same neural tube, generated sequentially along the anteroposterior axis from a common pool of neuromesodermal/axial progenitors in the tailbud, so they trivially share deep ancestry as rostral and caudal portions of one continuous structure.",1
Endothelial progenitor,Intermediate mesoderm,7.14464191107338,0.603913636370915,30.325075807868,0.00361610151190064,0,1988,10656,"Both cell types descend from nascent posterior mesoderm ingressing through the primitive streak, and endothelial progenitors (angioblasts) are known to bud from the same intermediate/lateral mesodermal field that generates intermediate mesoderm, reflecting a shared FLK1+ mesodermal progenitor pool.",2
Endothelial cell,Hemogenic endothelium,6.52780304755086,0.603173366922848,8.874581176003,0.00178631614050893,0,9605,141,"Hemogenic endothelium is a specialized subset of vascular endothelium, and both arise from a common mesodermal endothelial/hemangioblast progenitor (lateral plate/extraembryonic mesoderm) before hemogenic endothelium diverges via the endothelial-to-hematopoietic transition, so they naturally share very recent common ancestors.",1
Nascent somite,Sacral neural crest,6.88007244111749,0.600469421137825,28.7361947983982,0.00851160517162517,0,6475,2156,Both derive from the caudal axial progenitor zone of the tailbud—nascent somites from neuromesodermal-progenitor (NMP)-derived paraxial mesoderm and sacral (posterior) neural crest from the adjacent late-emerging caudal neural plate border—so they share recent common ancestors in the posteriorly elongating progenitor pool despite ultimately spanning the mesoderm/ectoderm divide.,3
Cranial motor neuron,Spinal cord interneuron,7.1564406817683,0.595578998718602,40.7561376996701,0.00157721351064477,0,3730,12470,"Both are neurons derived from the neural-tube neuroepithelium (neuroectoderm) along the ventral–dorsal and rostrocaudal axis, sharing a common neural-progenitor origin in the hindbrain/spinal-cord basal-plate lineage.",1
Roof plate,Trigeminal ganglion neuron,6.81165284773114,0.591483841374018,24.7089637297193,0.0685064376507629,0,6035,1765,"Both trace back to the dorsal neural tube/neural plate border: the roof plate is the dorsal-most neuroepithelium, and trigeminal ganglion neurons derive largely from cranial neural crest that delaminates from this same dorsal region, so they share a common dorsal neuroepithelial progenitor pool.",2
Spinal cord (thoracic),Vagal neural crest,7.11579092238342,0.590614885892478,46.6672838500334,0.00350222746230944,0,35061,4937,"Both derive from the dorsal posterior neuroepithelium: vagal neural crest delaminates from the dorsal aspect of the same caudal neural tube that generates the thoracic spinal cord, so they share a common Sox2+ neural-plate-border/neuroepithelial progenitor pool (partly neuromesodermal-progenitor–derived) along the trunk axis.",2
Intermediate mesoderm,Splanchnic mesoderm,7.25532339354065,0.58755766283265,66.6268845903503,0.00359167737409458,0,10656,21642,"Both are adjacent mediolateral derivatives of nascent trunk mesoderm ingressing through the posterior primitive streak, so intermediate mesoderm and splanchnic (lateral plate) mesoderm descend from a shared, spatially contiguous lateral mesodermal progenitor pool before their mediolateral fates are fixed.",2
Midgut,Pharyngeal endoderm,6.0501175098232,0.585384841997302,33.7793907226542,0.00336704314301514,0,1667,5045,"Both midgut and pharyngeal endoderm are derivatives of the definitive endoderm sheet that emerges from the anterior primitive streak during gastrulation and subsequently folds into the gut tube, so they share a common endodermal progenitor pool despite occupying different anterior-posterior domains.",1
Epibranchial placode,Olfactory placode,6.35327300273823,0.582888890962748,30.9213458725228,0.0265001964900664,0,3606,5872,"Both are cranial sensory placodes that arise from the common preplacodal ectoderm (panplacodal primordium), a horseshoe-shaped band of non-neural ectoderm bordering the anterior neural plate, so they share a recent common progenitor pool despite later segregating to anterior (olfactory) and posterior (epibranchial) positions.",1
Roof plate,Spinal cord (cervical),7.33394461498158,0.582666417726323,51.0444685225204,0.0107020390038294,0,6035,41051,"The roof plate is the dorsal-most compartment of the spinal neural tube, so it and cervical spinal cord neuroepithelium arise from the same caudal neural-ectoderm (neuroepithelial) progenitor pool patterned along the dorsoventral axis, giving them recent shared ancestry.",1
Autonomic neuron,Roof plate,6.34244874732618,0.579960789668405,7.46809653369404,0.0100888634881194,0.01,142,6035,"Autonomic neurons are neural-crest derivatives that delaminate from the dorsal neural tube immediately adjacent to the roof plate, so both trace back to a shared dorsal neural-plate-border progenitor pool that partitions into roof-plate (dorsal neuroepithelium) and emigrating neural crest.",2
Foregut,Hindgut,5.94915048838932,0.579484054557603,33.3176911506787,0.0142376644309769,0,2432,3029,"Foregut and hindgut are both derivatives of the definitive endoderm, which emerges as a single sheet during gastrulation and is subsequently patterned along the anterior-posterior axis into foregut, midgut, and hindgut, so they share a common endodermal progenitor pool.",1
Eye field,Hindbrain (isthmic organizer),6.84476137708229,0.57467053731149,37.781313894135,0.00759617473799089,0,8896,3921,"The eye field (prospective diencephalon) and the isthmic organizer (midbrain–hindbrain boundary) both descend from the anterior neural plate/neuroectoderm that is regionalized along the A–P axis after gastrulation, so their shared ancestry reflects a common early anterior neuroectodermal progenitor pool rather than a single dedicated bipotent progenitor.",2
Autonomic progenitor,Spinal cord (cervical),7.03254866195804,0.573992712214469,40.2712531652106,0.00612269765462679,0,3416,41051,"Autonomic (sympathetic/parasympathetic) neurons arise from neural crest that delaminates from the dorsal neural tube, so autonomic progenitors and cervical spinal cord share ancestry as co-derivatives of the same axial-level neural plate/neural plate-border neuroectoderm.",2
Endocardial cell,Pharyngeal mesoderm,6.48943153225334,0.567988983468726,30.0518193218541,0.0114091239485592,0,1558,7691,"Both derive from the anterior splanchnic/lateral plate mesoderm of the cardiopharyngeal field (Mesp1+ second-heart-field progenitors), where endocardial endothelium and pharyngeal/branchiomeric mesoderm co-emerge from a shared multipotent progenitor pool.",2
Diencephalon,Floor plate,6.96972839040552,0.567630770647981,63.2551681876283,0.0140090342834395,0,14353,16788,"Both derive from anterior neural ectoderm/neural plate, with the floor plate arising as the Shh-induced ventral midline of the neural tube within the same prosencephalic (diencephalic) region, so they co-emerge from a shared forebrain neuroepithelial progenitor pool.",2
Endothelial cell,Pharyngeal mesoderm,6.93539904318111,0.566813950228186,55.3485957556759,0.000904889414093807,0,9605,7691,"Both derive from Mesp1+ anterior splanchnic/cardiopharyngeal lateral-plate mesoderm, a multipotent progenitor field that co-generates pharyngeal (head/branchiomeric) muscle and mesodermal endothelial/endocardial cells.",2
Somatic motor neuron,Spinal cord (sacral),7.04142513311815,0.562084345382916,36.8804721527187,0.00246861765992752,0,6559,5351,Somatic motor neurons are born within the spinal cord itself—arising from the pMN (Olig2+) progenitor domain of the ventral neural tube—so they share ancestry with sacral spinal cord cells because both descend from the same posterior neural-tube neuroepithelial progenitors.,1
Hypaxial myogenic progenitor,Mesothelium,6.52825684726275,0.55902635407516,14.1117948868597,0.00590700654532811,0,5322,346,Both cell types are mesodermal derivatives whose progenitors emerge adjacently from the posterior primitive streak/tailbud mesoderm and co-develop in the ventrolateral body wall—where somite-derived (dermomyotomal) hypaxial muscle precursors migrate into somatopleuric lateral-plate mesoderm that forms coelomic mesothelium—reflecting a shared common mesodermal progenitor pool rather than a single defined bipotent cell.,3
Epibranchial sensory neuron,Olfactory placode,6.29250383288302,0.558360943416103,23.8628730169094,0.00134177198396093,0,1270,5872,Both derive from the pre-placodal ectoderm (panplacodal primordium) surrounding the anterior neural plate—the olfactory placode and the epibranchial placodes (whose neurons form epibranchial sensory ganglia) are sister derivatives of this common cranial placodal progenitor domain.,2
Hindbrain (isthmic organizer),Hindbrain (r2-r4),7.07538673022049,0.553152162202689,45.2580780547008,0.000168294976564372,0,3921,26863,"Both are contiguous anteroposterior subdivisions of the same anterior neural tube neuroepithelium, arising from a common regional progenitor pool in the hindbrain/midbrain-hindbrain-boundary neural plate before rhombomeric segmentation partitions them.",1
Endothelial cell,Forelimb field,7.05395383681047,0.550529068480764,62.4890623432637,0.00226002182532307,0,9605,25891,"Both cell types derive from lateral plate mesoderm—the forelimb field is somatopleuric LPM and much of the local limb/trunk vasculature arises from LPM-derived angioblasts (Flk1+/Etv2+ endothelial progenitors), so they emerge from a shared mesodermal progenitor pool.",2
Autonomic neuron,Sacral neural crest,6.0395249953207,0.543309105539951,6.21252703525855,0.0323199336564195,0,142,2156,"Autonomic (parasympathetic) neurons are direct derivatives of the neural crest, so their shared ancestry with sacral neural crest reflects a lineal progenitor relationship in which sacral crest cells delaminate and differentiate into pelvic/enteric autonomic ganglion neurons.",2
Hindbrain (r1),Hypothalamus,6.84321718776009,0.541622706104916,51.0034030131056,0.000235638357620189,0,16440,7652,"Both are CNS neuroectoderm derivatives that co-emerge from the early anterior neural plate/neuroectoderm progenitor pool during gastrulation, so despite lying at opposite ends of the AP axis (ventral forebrain vs. anterior hindbrain) they share early neural-lineage ancestry—likely reinforced by their common ventral/basal-plate identity under shared Shh-driven ventralization.",2
Frontonasal mesenchyme,Olfactory sensory neuron,6.44413186318989,0.541606453911638,15.2672518332841,0.00507762440178984,0,24672,389,"Frontonasal mesenchyme (cranial neural crest) and olfactory sensory neurons (olfactory placode) likely share ancestry because both derive from the anterior neural plate border and co-emerge within the rostral frontonasal/nasal region, so lineage-tracing captures their common origin in the anterior head progenitor pool.",3
Spinal cord (sacral),Trunk neural crest,6.91423328758495,0.5403973111595,33.3042361037071,0.00221255890676413,0,5351,6809,"Sacral spinal cord and trunk neural crest share ancestry because trunk neural crest delaminates from the dorsal aspect of the same caudal neural tube, both descending from the posterior neural plate/neuromesodermal-progenitor-derived neuroepithelium that generates trunk-level central and peripheral neural tissue.",1
Frontonasal mesenchyme,Lens placode,6.56740313515792,0.537344178143499,35.6009409758614,0.0204002423748602,0,24672,2811,"Both cell types likely trace back to the anterior neural plate border/border ectoderm, which co-produces cranial neural crest (giving rise to the frontonasal/periocular mesenchyme) and the adjacent anterior preplacodal ectoderm (giving rise to the lens placode), with reinforcement from their tight spatial co-emergence in the periocular–frontonasal region.",3
Olfactory sensory neuron,Trigeminal sensory neuron,6.234835150777,0.532508145246708,12.6953475436176,0.00759516591433421,0,389,3198,Both are placode-derived cranial sensory neurons arising from the anterior preplacodal ectoderm at the neural plate border—olfactory sensory neurons from the olfactory placode and trigeminal neurons largely from the trigeminal (ophthalmic/maxillomandibular) placodes—so they share a common cranial placodal progenitor pool.,2
Autonomic neuron,Cranial neural crest,6.23727865601996,0.532024940208013,7.86069075485911,0.00137528806943919,0,142,9523,"Autonomic neurons are a direct derivative of the neural crest, so their shared ancestry with cranial neural crest reflects a common origin in migratory neural crest progenitors (delaminating from the dorsal neural tube), with cranial crest giving rise to head parasympathetic autonomic ganglia and both lineages co-emerging from the same crest progenitor pool at E9.5.",2
Arterial endothelial cell,Second heart field,6.51219674764197,0.52937996624649,20.2684024957213,0.00558553709341461,0,645,6952,"Both likely descend from a common splanchnic/pharyngeal mesoderm progenitor pool, as second heart field (SHF) progenitors are multipotent and give rise not only to cardiomyocytes but also to endothelial/endocardial cells of the outflow tract and great arteries, explaining shared ancestry with arterial endothelial cells.",2
Hindbrain (r2-r4),Roof plate,7.20773255921299,0.529092285663798,53.809439985707,0.00537323985684683,0,26863,6035,"Both arise from the same dorsal hindbrain neuroepithelium—rhombomere r2–r4 neural progenitors and the dorsal-most roof plate cells are contiguous dorsoventral derivatives of a shared neural-ectoderm/neural-tube progenitor pool, so they co-emerge from the same rhombomeric neuroepithelial clones.",1
Endothelial progenitor,Pharyngeal mesoderm,6.77514644998541,0.529063653454138,34.1843921731678,0.00262477017015439,0,1988,7691,"Both cell types arise from anterior/splanchnic (cardiopharyngeal-field) mesoderm, where a common Mesp1+ multipotent progenitor pool gives rise to pharyngeal/head mesoderm and to endothelial (endocardial/vascular) progenitors, explaining their recent shared ancestry.",2
Autonomic neuron,Pharyngeal arch mesenchyme,6.23663192829347,0.527684094283883,7.52165519810173,0.00735874435259344,0.01,142,39085,Both derive largely from the neural crest—autonomic (sympathetic/parasympathetic) neurons from vagal/trunk neural crest and pharyngeal arch mesenchyme (ectomesenchyme) from cranial neural crest—so their shared ancestry reflects a common multipotent neural crest progenitor pool that migrates and co-emerges from the dorsal neural tube/pharyngeal region.,2
Arterial endothelial cell,Endothelial cell,6.84080687428644,0.527422198251001,19.0834014545616,0.00211380008418394,0,645,9605,"Arterial endothelial cells are a specialized subset of endothelial cells that differentiate (via VEGF/Notch signaling) from the same mesoderm-derived angioblast/hemangioblast progenitor pool that gives rise to the general endothelial population, so their shared ancestry reflects a direct subtype–parent lineage relationship.",1
Forelimb field,Hypaxial myogenic progenitor,6.85396771424324,0.525458692474004,45.0253276474156,0.00136374036797951,0,25891,5322,"Both arise from mesoderm at the same forelimb axial level—the forelimb field being lateral plate mesoderm and hypaxial myogenic progenitors delaminating from the adjacent limb-level dermomyotome (paraxial mesoderm)—so they trace back to a shared posterior/paraxial-plus-lateral mesodermal progenitor pool at that axial position, consistent with the muscle progenitors' migration into and co-emergence with the limb field.",2
Pharyngeal arch mesenchyme,Vagal neural crest,6.92047290137866,0.525162335751883,47.7554903085314,2.5329248490727e-05,0,39085,4937,"Pharyngeal arch mesenchyme is largely ectomesenchyme derived from migrating cranial/vagal neural crest cells, so the vagal neural crest that streams into the caudal (3rd–6th) pharyngeal arches is a direct progenitor pool for arch mesenchyme, giving them a recent shared neural-crest ancestor.",2
Frontonasal mesenchyme,Trigeminal ganglion neuron,6.58823765785255,0.522535293715909,28.1357466254067,0.0124506652937754,0,24672,1765,"Both cell types derive from cranial (largely midbrain/hindbrain) neural crest — frontonasal mesenchyme is ectomesenchymal neural crest, and a substantial fraction of trigeminal ganglion neurons are neural-crest-derived — so they trace back to a shared premigratory cranial neural crest progenitor pool.",2
Amniotic ectoderm,Lens placode,6.27081368673108,0.521982683781622,23.5093480467965,0.0381432867471167,0,2288,2811,Both derive from epiblast-descended non-neural (surface) ectoderm — the amniotic ectoderm and the pre-placodal cranial surface ectoderm that gives rise to the lens placode share a common Tfap2/Krt+ squamous ectodermal progenitor pool set aside early rather than committing to neural fate.,3
Epicardium,Pharyngeal mesoderm,6.39671238665489,0.520382205359428,28.1980658026965,0.00396408091237217,0,1288,7691,"Both epicardium (via the proepicardium/juxta-cardiac field) and pharyngeal mesoderm (second heart field and head-muscle progenitors) arise from the anterior lateral plate mesoderm / cardiopharyngeal field, so they share recent common progenitors in this cardiogenic-splanchnic domain.",2
Dorsal root ganglion neuron,Spinal cord (thoracic),6.84856130413652,0.520286033181967,21.7100769476282,0.0173192094230702,0,1179,35061,"Trunk neural crest, which gives rise to dorsal root ganglion neurons, delaminates from the dorsal neural tube at the same axial level as the thoracic spinal cord, so both derive from a shared caudal neuroectoderm/neural plate border progenitor pool (ultimately traceable to neuromesodermal-progenitor-derived posterior neural tissue).",1
Olfactory placode,Otic sensory neuron,6.20576490781701,0.518959141928749,19.4297544347984,0.0146541643661387,0,5872,974,"Both derive from the common pan-placodal precursor of the preplacodal ectoderm (PPE)—a horseshoe-shaped neurogenic domain bordering the anterior neural plate—with the olfactory and otic placodes emerging as adjacent members of the cranial placode series before segregating, so their shared ancestry reflects this common preplacodal progenitor pool.",2
Olfactory placode,Pharyngeal arch mesenchyme,6.72439350005022,0.517237176334296,44.7543230446739,0.00184868473355055,0,5872,39085,Both cell types trace to the anterior neural plate border ectoderm—the olfactory placode from preplacodal ectoderm and much of the pharyngeal arch mesenchyme from cranial neural crest—two derivatives that segregate from a shared border progenitor pool at the head end of the embryo.,2
Olfactory placode,Otic placode,6.30092071459067,0.514687549118909,26.7024700776759,0.00376414227741837,0,5872,2365,"The olfactory and otic placodes both arise from the pre-placodal ectoderm (PPE), a common cranial-placodal progenitor domain that forms a horseshoe around the anterior neural plate border and is later regionalized into individual placodes, so they share a recent common ectodermal progenitor pool.",2
Dermomyotome,Spinal cord (sacral),7.24352828339691,0.514673075392335,49.6727988170566,0.00111857896932834,0,47263,5351,"Caudal (sacral) spinal cord and dermomyotome both descend from bipotent neuromesodermal progenitors (NMPs) in the tailbud/caudal lateral epiblast, which co-generate posterior neural tube and paraxial-mesoderm somites, explaining their shared ancestry despite belonging to different germ layers.",2
Cranial motor neuron,Spinal cord (cervical),6.99669444813866,0.511749062626037,34.0433579379474,0.00150066359190932,0,3730,41051,Both arise from the same dorsal-ectoderm-derived neural tube along a continuous anteroposterior axis—cranial (branchio/visceral) motor neurons from the caudal hindbrain and cervical spinal cord immediately caudal to it—so they share hindbrain/anterior-spinal neural progenitors (posterior neural plate/neuromesodermal-progenitor-derived neuroepithelium) and a common basal-plate motor neuron identity.,2
Hindbrain (r5-r8),Spinal cord (thoracic),7.28599179979147,0.509703195845339,83.065175337926,0.00116844282884992,0,28972,35061,Caudal hindbrain (r5–r8) and thoracic spinal cord are contiguous posterior CNS segments that both derive from the same caudal neurectoderm—the posterior neural plate/neuromesodermal progenitor field of the caudal lateral epiblast that generates trunk neural tube along the AP axis—so their cells emerge from a shared posterior progenitor pool.,2
Floor plate,Spinal cord (thoracic),7.11261688161586,0.509401271667623,69.5552820427074,0.0143978540860784,0,16788,35061,"Floor plate and thoracic spinal cord are both derivatives of the same caudal neural tube neuroepithelium, with the floor plate arising as the ventral-midline specialization of that neural plate/tube (both traceable to posterior neuromesodermal-progenitor–derived neurectoderm).",1
Eye field,Hindbrain (r1),6.90637031858005,0.508999301533622,48.3687559299731,0.0202351480972707,0,8896,16440,"The eye field (anterior forebrain/diencephalic neuroectoderm) and rhombomere 1 hindbrain both descend from the anterior neural plate/neuroectoderm that emerges from the same anterior epiblast–derived neural progenitor pool during gastrulation, giving them a common germ-layer and regional origin despite their later separation along the anteroposterior axis.",2
Hindbrain (isthmic organizer),Telencephalon,6.91704910231509,0.508695589051929,40.6686536830571,0.00833612006829928,0,3921,34300,"Both are dorsal derivatives of the anterior neural plate/neuroectoderm, arising from a common pool of anterior neural progenitors specified early during gastrulation (Otx2+ anterior neuroectoderm), which later regionalizes along the A-P axis into telencephalon (rostral forebrain) and the isthmic organizer at the midbrain-hindbrain boundary.",2
Spinal cord (cervical),Spinal cord (sacral),7.19134142557272,0.507046337415776,45.3511458683132,0.000377645010928468,0,41051,5351,"Cervical and sacral spinal cord are the same neural-tube tissue at different anteroposterior levels, both progressively laid down from the caudal neuromesodermal progenitor (NMP)/tail-bud neural lineage, so they trivially share recent common ancestors.",1
Axial progenitor,Somatic motor neuron,6.94585497337935,0.506107762329895,28.9314752462531,0.00308944945238837,0,3170,6559,"Axial progenitors (neuromesodermal progenitors in the caudal lateral epiblast/tailbud) continuously generate the posterior neural tube, whose ventral pMN domain produces somatic (spinal) motor neurons, so the two share a recent NMP-derived progenitor pool.",2
Floor plate,Hindbrain (r1),7.00675316974858,0.505355529719722,55.2180685613821,0.00364623775468165,0,16788,16440,Floor plate and rhombomere-1 neuroepithelium both derive from the anterior neural plate/neural ectoderm and co-emerge along the same dorsoventral axis of the developing hindbrain—the floor plate forming the ventral midline immediately adjacent to r1—so they descend from shared neuroepithelial progenitors at the same rostrocaudal level.,2
Otic placode,Pharyngeal arch mesenchyme,6.58072234766408,0.504967662515539,30.8621753822245,0.00154464587785992,0,2365,39085,Both derive from the dorsal ectoderm/neural plate border adjacent to the hindbrain—the otic placode from posterior preplacodal ectoderm and much of the pharyngeal arch mesenchyme from cranial (post-otic) neural crest—so they share ancestry in the border ectodermal progenitor pool that co-emerges alongside the caudal rhombomeres.,2
Dermomyotome,Endothelial progenitor,7.23023965905524,0.503210581700275,27.4939948515298,0.00746366534097756,0,47263,1988,"Both cell types descend from paraxial (somitic) mesoderm, where the central dermomyotome acts as a demonstrated multipotent progenitor pool that generates not only dermis and myotome but also angioblasts/endothelial progenitors contributing to trunk and limb vasculature (dermomyotomal endothelial lineage, Ben-Yair & Kalcheim).",2
Lens placode,Surface ectoderm,6.16231665562955,0.502531279651676,24.5631762473447,0.00200918659024377,0,2811,2649,"The lens placode is a focal thickening that delaminates directly from the head surface ectoderm (induced by the underlying optic vesicle), so both cell types descend from the same surface/non-neural ectoderm progenitor pool.",1
Axial progenitor,Dermomyotome,7.19270827562694,0.50160108846446,35.4164741762565,0.00351904721328629,0,3170,47263,"Dermomyotome (dorsal somite) derives from paraxial mesoderm produced by bipotent axial/neuromesodermal progenitors (NMPs) in the caudal lateral epiblast/tailbud, which continuously feed the presomitic mesoderm → somite → dermomyotome trajectory during posterior axis elongation, giving them a shared recent progenitor pool.",2
Allantois,Splanchnic mesoderm,6.20359764677805,0.501053382823779,4.97514696870566,0.00951131892128891,0,78,21642,"Both derive from posterior primitive-streak-derived lateral plate/extraembryonic mesoderm, with the allantois emerging as an outgrowth of the same posterior splanchnopleuric (visceral lateral plate) mesodermal progenitor pool that gives rise to splanchnic mesoderm.",2
Endothelial progenitor,Sclerotome,7.20051927517336,0.501022095329092,29.8661795168086,0.0039008988115411,0,1988,74334,"Both derive from paraxial (presomitic/somitic) mesoderm — sclerotome is the ventral somite compartment, and somite-derived angioblasts are a well-documented source of endothelial progenitors (contributing to the dorsal aorta and body-wall/limb vasculature), so the two share a common somitic progenitor pool.",2
Intermediate mesoderm,Sclerotome,7.26893346906835,0.499436111032172,68.3362947651791,0.00153853671956067,0,10656,74334,,
Otic placode,Surface ectoderm,6.10695152202523,0.499386236156157,21.0689701258735,0.00511197325703468,0,2365,2649,,
Roof plate,Spinal cord (thoracic),7.18231527998963,0.499291606924497,41.7269378731107,0.0123425691136523,0,6035,35061,,
Hindbrain (r2-r4),Midbrain,7.11010226203858,0.499025689365626,66.9585957270125,0.00119899879469866,0,26863,21466,,
Lens placode,Pharyngeal arch mesenchyme,6.62869341973946,0.497657227948237,31.6716971108196,0.00232902257071927,0,2811,39085,,
Endothelial cell,Head paraxial mesoderm,6.96389234830204,0.486551358581146,55.4318414244844,0.00265849584645517,0,9605,32981,,
Arterial endothelial cell,Splanchnic mesoderm,6.79907077842334,0.483372559722293,14.9148417583861,0.000655188683816563,0,645,21642,,
Autonomic neuron,Spinal cord (cervical),6.3945353704958,0.482555221104385,7.09631045695812,0.00764276327356912,0,142,41051,,
Floor plate,Hindbrain (r2-r4),7.0807179320839,0.481698255769232,68.0628975033518,0.0030491861132868,0,16788,26863,,
Intermediate mesoderm,Nascent somite,7.03526314703261,0.476142676278438,38.6612633289565,0.00319056173357431,0,10656,6475,,
Hindbrain (r5-r8),Roof plate,7.17987927659787,0.474955708052792,41.6758088967729,0.00335237865152722,0,28972,6035,,
Endothelial cell,Endothelial progenitor,7.06787607263022,0.47463401406563,27.3482840621583,0.00122832065019291,0,9605,1988,,
Hindbrain (r1),Telencephalon,7.00857137197973,0.472678755073187,65.9081488527554,0.00859493172692329,0,16440,34300,,
Cranial motor neuron,Hindbrain (isthmic organizer),6.66127735137153,0.471415543303655,25.1728710028468,0.00676648163601902,0,3730,3921,,
Floor plate,Hindbrain (r5-r8),7.09368281504191,0.468625255299424,56.1340073199259,0.00384703966765534,0,16788,28972,,
Dermomyotome,Spinal cord (lumbar),7.26180803513643,0.468369158190187,64.0652343170832,0.00137599414716217,0,47263,12722,,
Forelimb field,Intermediate mesoderm,6.91903909807818,0.467185999125223,55.5554144833948,0.0022336649454156,0,25891,10656,,
Axial progenitor,Spinal cord (cervical),7.10603883302269,0.462784518992755,32.3797433945424,0.00192317926739786,0,3170,41051,,
Otic placode,Trigeminal ganglion neuron,6.20524473293598,0.462526403337171,16.6934205312369,0.0145325562442523,0,2365,1765,,
Endothelial cell,Periocular mesoderm,6.46057259400669,0.461619623576569,24.1473943983413,0.00150851148522748,0,9605,1739,,
Hindbrain (r5-r8),Vagal neural crest,7.00634356121494,0.459718397094249,35.3505790967501,0.0064628681198428,0,28972,4937,,
Spinal cord interneuron,Vagal neural crest,7.12583892357932,0.459396874022367,32.0086194300028,0.00476245625080901,0,12470,4937,,
Pharyngeal arch mesenchyme,Trigeminal sensory neuron,6.66387813270054,0.459390305177587,32.5887230133327,0.00306151612903697,0,39085,3198,,
Floor plate,Spinal cord interneuron,7.20363110822583,0.4588953769081,43.4347085413409,0.00454173511981995,0,16788,12470,,
Presomitic mesoderm,Trunk neural crest,6.86588673341231,0.457658183064258,36.4034121217777,0.00653951122507799,0,8521,6809,,
Cranial motor neuron,Hindbrain (r1),6.77005301065022,0.455151864611578,32.6133934746876,0.000600950178420822,0,3730,16440,,
Surface ectoderm,Trigeminal sensory neuron,6.18455221977627,0.451727516724274,21.0824234019229,0.0275016766460151,0,2649,3198,,
Cranial neural crest,Dorsal root ganglion neuron,6.65366221464704,0.450796698293914,18.6972862042039,0.00420144276052655,0,9523,1179,,
Frontonasal mesenchyme,Trigeminal sensory neuron,6.55344943520358,0.447046882926644,32.3999618964514,0.00804222272044126,0,24672,3198,,
Hindbrain (r2-r4),Spinal cord (cervical),7.26574401024339,0.446060212982301,69.4044657432596,0.000270829955777628,0,26863,41051,,
Hindbrain (isthmic organizer),Spinal cord interneuron,7.10991259014103,0.442103894740949,28.494905352061,0.00125172592074338,0,3921,12470,,
Axial progenitor,Trunk neural crest,6.77532843562847,0.441225151954873,24.3477085009487,0.00364591874161117,0,3170,6809,,
Hindbrain (r1),Roof plate,7.01854530671474,0.437981504053832,37.9033291127658,0.0131619640444792,0,16440,6035,,
Otic sensory neuron,Pharyngeal arch mesenchyme,6.41075321377772,0.436436258898737,18.3596402795478,2.33140860550835e-05,0,974,39085,,
Arterial endothelial cell,Pharyngeal mesoderm,6.40134493318054,0.436051201434521,16.5628987297835,0.00508416104893455,0,645,7691,,
Trigeminal ganglion neuron,Trigeminal sensory neuron,6.30663450123893,0.435726890183538,19.5151231330274,0.00921800047916255,0,1765,3198,,
Allantois,Surface ectoderm,5.54734000055716,0.434636821667347,4.60137116739729,0.00222919956016333,0,78,2649,,
Endothelial progenitor,Splanchnic mesoderm,7.02986195910367,0.432800585423983,22.2700013035877,0.00175260097800008,0,1988,21642,,
Endothelial cell,Hypaxial myogenic progenitor,6.97055093583312,0.432082339436622,37.8494516549479,0.00537484914172003,0,9605,5322,,
Sacral neural crest,Spinal cord (cervical),6.90343634203191,0.431284021961695,23.1925766165688,0.000669532896653339,0,2156,41051,,
Olfactory placode,Telencephalon,6.64776378484907,0.42914061384207,40.5406264206637,0.00408279162801761,0,5872,34300,,
Olfactory placode,Trigeminal ganglion neuron,6.30432930717509,0.429121843424533,20.4042314395314,0.00161459814264115,0,5872,1765,,
Presomitic mesoderm,Somatic motor neuron,6.93714700972723,0.42633152504664,31.369367226567,0.00185483781646108,0,8521,6559,,
Second heart field,Somatic mesoderm,6.90324403083253,0.424970378005959,46.1871354930865,0.00299587729497082,0,6952,66151,,
Cranial motor neuron,Midbrain,6.7026375812054,0.42344447310846,28.093948674673,0.00294189292872375,0,3730,21466,,
Olfactory sensory neuron,Pharyngeal arch mesenchyme,6.42069293624746,0.422618775820401,10.4473231568276,0.00298664585144248,0,389,39085,,
Endothelial progenitor,Somatic mesoderm,7.10723258131619,0.4224905142111,25.0780272310376,0.000615697103428572,0,1988,66151,,
Amniotic ectoderm,Primordial germ cell,5.22488182695159,0.422126800431141,3.98033073187779,0.165300621915058,0.4,1247,25,,
Arterial endothelial cell,Somatic mesoderm,6.82553941315105,0.421608014166448,13.7640943448252,0.00373005958754185,0,645,66151,,
Olfactory sensory neuron,Otic placode,5.99519124155752,0.419058529794203,9.56986351715834,0.00224203237888954,0,389,2365,,
Hematopoietic progenitor,Primordial germ cell,4.73308323360677,0.417574313997288,2.35291441086506,0.108899678085099,0.24,56,25,,
Dorsal root ganglion neuron,Pharyngeal arch mesenchyme,6.61705749282054,0.417181609807602,16.1285995336756,0.00438371133584356,0,1179,39085,,
Allantois,Epidermal progenitor,5.86237364129203,0.417140989706695,4.54929490369352,0.00167294418030039,0,78,24337,,
Surface ectoderm,Trigeminal placode,6.25272318760812,0.416259884149015,24.3533651510423,0.0117159657791399,0,2649,6546,,
Spinal cord interneuron,Trunk neural crest,7.07061049804143,0.414486664288732,35.5672761158112,0.0086571265585916,0,12470,6809,,
Amniotic ectoderm,Trigeminal placode,6.33911612168751,0.412530437660457,19.9566063076999,0.0167986965885831,0,2288,6546,,
Spinal cord (lumbar),Spinal cord interneuron,7.23205582131917,0.41123323474256,41.0220940677569,0.00525460862680458,0,12722,12470,,
Cranial neural crest,Hindbrain (r2-r4),7.03622315892143,0.408836270863361,44.1837392146536,0.00361595463218678,0,9523,26863,,
Cranial neural crest,Trigeminal placode,6.71871117555465,0.407437688988054,33.3585456100668,0.000584949831505903,0,9523,6546,,
Endothelial cell,Mesothelium,6.5544080707198,0.406968764258644,11.2048427026206,0.00454596807960894,0,9605,346,,
Olfactory sensory neuron,Otic sensory neuron,5.88264768979969,0.406951268603129,8.26295100513257,0.00499667301261832,0,389,974,,
Amniotic ectoderm,Trigeminal sensory neuron,6.23177012195699,0.406737630611883,18.28142619219,0.00283014180219062,0,2288,3198,,
Lens placode,Trigeminal ganglion neuron,6.20122184664497,0.406294177112622,18.1357366386068,0.0013975311623044,0,2811,1765,,
Nascent somite,Somatic motor neuron,6.89986305245035,0.40494909521377,29.8312553284758,0.000320220246690891,0,6475,6559,,
First heart field,Periocular mesoderm,5.95917403491512,0.403817197607309,18.3408612975683,0.00408998747920823,0,1531,1739,,
Intermediate mesoderm,Sacral neural crest,6.73349929327488,0.403780418341256,21.4111110921407,0.012486118746926,0,10656,2156,,
Juxtacardiac field,Periocular mesoderm,5.85608463742633,0.401477232767968,15.5245760497895,0.014142347959576,0,1386,1739,,
Autonomic progenitor,Otic placode,6.24096718692379,0.401451906647915,18.4307771506504,0.0217483132597771,0,3416,2365,,
Intermediate mesoderm,Presomitic mesoderm,6.97603461914888,0.400930806832847,34.7323145662074,0.00244864811068697,0,10656,8521,,
Hindbrain (r2-r4),Hypothalamic neuron,6.78161434845614,0.400922556017139,20.0138317713608,0.00118850725764183,0,26863,1528,,
Presomitic mesoderm,Spinal cord (cervical),7.11498006537126,0.398382011327453,41.8698520208546,0.000858519076798234,0,8521,41051,,
Floor plate,Spinal cord (cervical),7.06830045283086,0.397914243955174,54.7342437369835,0.00313758102545376,0,16788,41051,,
Dorsal root ganglion progenitor,Pharyngeal arch mesenchyme,6.61338523769952,0.396651166725721,16.1978300385249,0.00412920692912993,0,921,39085,,
Dorsal root ganglion progenitor,Spinal cord interneuron,6.88358544516042,0.393783227988522,14.5525941494073,0.00647255754173035,0,921,12470,,
Cranial neural crest,Dorsal root ganglion progenitor,6.6181995389706,0.39323462415764,14.343220174122,0.01425331271476,0,9523,921,,
Amniotic ectoderm,Olfactory placode,6.21908653076469,0.39058050252924,19.7014041151711,0.0286855016130647,0,2288,5872,,
Otic sensory neuron,Trigeminal ganglion neuron,6.027558839078,0.38820535564822,12.5561374069848,0.0180250996163613,0,974,1765,,
Hindbrain (r1),Hindbrain (r5-r8),7.06219562845202,0.38689098610904,50.4194518130366,0.000271493503626446,0,16440,28972,,
Epidermal progenitor,Hindlimb field,6.60259074138151,0.386049242683059,33.8593622181282,0.0098972657950368,0,24337,6150,,
Hypaxial myogenic progenitor,Intermediate mesoderm,6.87038779901319,0.385050000788808,31.525745970686,8.22831732241092e-05,0,5322,10656,,
Nascent somite,Trunk neural crest,6.77313197693522,0.383215260702755,26.3097507555359,0.00915495646071839,0,6475,6809,,
First heart field,Pharyngeal mesoderm,6.3077327184108,0.381616075297687,21.7353202033279,0.00762447025226767,0,1531,7691,,
Eye field,Floor plate,6.72629814850471,0.38098088528338,35.9871405660846,0.018646557065211,0,8896,16788,,
Hindbrain (r2-r4),Midbrain neuron,6.96316329809798,0.379936766967866,29.5522959381222,0.00106496900305814,0,26863,4463,,
Otic sensory neuron,Surface ectoderm,5.8844042124594,0.379643420726935,12.8812430859206,0.013758527824939,0,974,2649,,
Hindbrain (r2-r4),Hypothalamus,6.77641572629664,0.37699205509948,38.3771139225523,0.000611083647077052,0,26863,7652,,
Autonomic neuron,Otic placode,5.65384693383454,0.374858065591979,4.76378356595096,0.0288556289035392,0.01,142,2365,,
Autonomic progenitor,Trigeminal placode,6.44385613576786,0.372784715652703,20.963358370356,0.00213654930800016,0,3416,6546,,
Endothelial cell,Second heart field,6.75876725841174,0.37045131105776,35.4530950883625,0.000946249300875504,0,9605,6952,,
Hindbrain (r2-r4),Somatic motor neuron,6.9854882455417,0.369775739098811,35.8719523326924,0.00033475517194045,0,26863,6559,,
Autonomic progenitor,Epidermal progenitor,6.49087807513875,0.368035849150139,26.1153715182118,0.00349158620664813,0,3416,24337,,
Hindgut,Pharyngeal endoderm,5.83151245193413,0.367788358473074,24.9875174723638,0.0297833117765957,0,3029,5045,,
Autonomic neuron,Epidermal progenitor,5.93457616330872,0.366687821033021,5.73783842889954,0.00735289792465234,0.05,142,24337,,
Endothelial cell,Hindlimb field,6.83033095291305,0.366560335857455,29.1712874675203,0.0136472207139887,0,9605,6150,,
Extraembryonic mesoderm,Megakaryocyte,5.85274230701116,0.363573313695347,12.3753923763115,0.0147099046787106,0,5300,482,,
Frontonasal mesenchyme,Midbrain neuron,6.72212985276628,0.362905554118026,29.3889012637436,0.00775348175769113,0,24672,4463,,
Diencephalon,Hindbrain (r2-r4),6.90769943421611,0.357997200779953,46.202569583373,0.0032696739521332,0,14353,26863,,
Epicardium,Splanchnic mesoderm,6.5838431474601,0.357341576520703,17.5981589633898,0.0137394046007866,0,1288,21642,,
Floor plate,Midbrain neuron,6.79169270826357,0.356074820709239,23.9296850344413,0.000601393172199468,0,16788,4463,,
Cranial neural crest,Trunk neural crest,6.74715371587514,0.355652661318849,26.8677685507902,0.000160927625641184,0,9523,6809,,
Endothelial progenitor,Mesothelium,6.37275454591373,0.353844275894948,8.26860524043237,0.0109957727537757,0,1988,346,,
Nascent somite,Spinal cord (cervical),7.05249337128016,0.353392845794794,33.7952208043102,0.000516211737641868,0,6475,41051,,
Endocardial cell,Extraembryonic mesoderm,6.1531994433836,0.352623394110092,20.4037602749855,5.74322460986454e-05,0,1558,5300,,
Epibranchial sensory neuron,Olfactory sensory neuron,5.87046159545316,0.35101161975511,7.51809937075211,0.0154900929122005,0,1270,389,,
Allantois,Amniotic ectoderm,5.55695594520613,0.348181378826582,3.80541222925437,0.0234563955567103,0.01,78,2288,,
Cranial neural crest,Midbrain neuron,6.81150698733055,0.347623146090069,22.5184134627404,0.0044952093369092,0,9523,4463,,
Epibranchial placode,Olfactory sensory neuron,5.90972590864121,0.347352197825279,8.05192805282256,0.0663397396385563,0.01,3606,389,,
Midbrain,Spinal cord interneuron,7.10174942080082,0.345597313297714,37.9727233187917,0.00173381226956156,0,21466,12470,,
Endothelial progenitor,Forelimb field,6.72744687051873,0.34532933888908,20.0171648843122,0.00241760274896967,0,1988,25891,,
Roof plate,Spinal cord (lumbar),6.95059054852367,0.343183226936361,25.125966946055,0.0137347980085533,0,6035,12722,,
Extraembryonic mesoderm,First heart field,6.14475916914049,0.343109192541843,18.7887076866347,4.68175291629562e-05,0,5300,1531,,
Autonomic neuron,Otic sensory neuron,5.52173582286597,0.341798931504967,3.84524282883692,0.0382713099421808,0.05,142,974,,
Cranial neural crest,Olfactory placode,6.55274591038749,0.341175032890104,25.6261576878389,0.000782841379855901,0,9523,5872,,
Hemogenic endothelium,Hindlimb field,6.01953181732789,0.339304518937476,4.55916480672928,0.0286278111099589,0.03,141,6150,,
Hypothalamus,Somatic motor neuron,6.60469270983807,0.338818314200236,24.7354449298066,0.00125858117168567,0,7652,6559,,
Dorsal root ganglion neuron,Spinal cord interneuron,6.80779096231241,0.33870265043266,13.8374867140393,0.00186717015554903,0,1179,12470,,
Epidermal progenitor,Trigeminal ganglion neuron,6.36311450969791,0.338501390041998,17.5851046897091,0.00732097700356081,0,24337,1765,,
Endocardial cell,Periocular mesoderm,5.89021472718815,0.337753611436559,14.449277218616,0.0256809824463893,0,1558,1739,,
Allantois,Epibranchial placode,5.47869671703288,0.335292981920924,3.30799909289266,0.0194044473126221,0.04,78,3606,,
Head paraxial mesoderm,Second heart field,6.48338069105346,0.333611555733488,40.1946339191128,0.000106562060787043,0,32981,6952,,
Cranial neural crest,Hindbrain (r1),6.86115094144063,0.332541169595171,32.2959825859142,0.00366241283782435,0,9523,16440,,
Epidermal progenitor,Pharyngeal arch mesenchyme,6.69141045733979,0.332532584303274,55.0658474152577,0.000767480142919199,0,24337,39085,,
Hepatoblast,Hindgut,5.57917335998239,0.331754297502494,12.9147560948395,0.0240981508867143,0,1255,3029,,
Mesothelium,Sclerotome,6.58455340509217,0.331194819463527,7.83388040559025,0.000925468359256767,0,346,74334,,
Cranial neural crest,Telencephalon,6.84383832551336,0.329892440784029,39.9379758410731,0.00313379716901163,0,9523,34300,,
Head paraxial mesoderm,Sclerotome,6.91103561164516,0.326790384091371,66.7289496617979,0.00277101191454984,0,32981,74334,,
Pharyngeal mesoderm,Splanchnic mesoderm,6.69962284547488,0.326257521886076,32.2940883163397,0.000346713323328873,0,7691,21642,,
Extraembryonic mesoderm,Macrophage,5.69765970816966,0.325894395486863,13.9288384669098,0.00536657821014819,0,5300,966,,
Arterial endothelial cell,Juxtacardiac field,6.09469544939205,0.325608495900949,9.8846342708428,0.00474270530383785,0,645,1386,,
Amniotic ectoderm,Otic sensory neuron,5.92104807943952,0.323932000240678,10.5388785012066,0.0275806122068383,0,2288,974,,
Hindlimb field,Sacral neural crest,6.45630978550566,0.323899352515283,14.7250160062437,0.0252409032541556,0,6150,2156,,
Hematopoietic progenitor,Hemogenic endothelium,5.2534125789443,0.323760623076927,3.62108596307199,0.163678547772574,0.59,87,141,,
Hindbrain (r5-r8),Spinal cord (lumbar),7.02169898870936,0.320009649369321,40.4135259231919,0.000314303490840494,0,28972,12722,,
Spinal cord (sacral),Spinal cord interneuron,7.07716716481967,0.319583745227568,23.2830201727052,0.002294401730182,0,5351,12470,,
Dorsal root ganglion progenitor,Spinal cord (lumbar),6.58899959121963,0.316782704509158,11.4551766234341,0.0105942372497992,0,921,12722,,
Arterial endothelial cell,Endocardial cell,6.17916773874569,0.314883757532817,10.6012234883821,0.00479448101766768,0,645,1558,,
Pharyngeal arch mesenchyme,Trunk neural crest,6.69974550494435,0.314150509153362,30.1586375343196,0.00184492472826477,0,39085,6809,,
Epicardium,Extraembryonic mesoderm,6.06766239380727,0.311244373738261,16.1958192727141,0.0162011832783735,0,1288,5300,,
Forelimb field,Hemogenic endothelium,6.03048840678378,0.311193515317638,5.50747006909624,0.00584285017714491,0,25891,141,,
Frontonasal mesenchyme,Roof plate,6.76516741427229,0.30969898181995,30.4417340811568,0.0212605780485566,0,24672,6035,,
Olfactory sensory neuron,Trigeminal ganglion neuron,5.9695649065568,0.308733037241471,7.03923008292405,0.0145633734328279,0,389,1765,,
Floor plate,Spinal cord (lumbar),6.83284024285619,0.306402963107017,32.4164763176105,0.0038079868269655,0,16788,12722,,
Nascent somite,Sclerotome,7.02337176657384,0.305391284656361,28.9092909219682,0.00252513176246342,0,6475,74334,,
Endothelial progenitor,Second heart field,6.5696546762972,0.304283968118406,19.5104323446267,0.00194865899842361,0,1988,6952,,
Hindbrain (isthmic organizer),Hindbrain (r5-r8),6.85252454041925,0.304042806218317,22.9850592583367,0.000398487688636161,0,3921,28972,,
Autonomic neuron,Trigeminal placode,5.82483067121976,0.302351832693613,5.52727656566203,0.0188113012572881,0.32,142,6546,,
Hypothalamic neuron,Somatic motor neuron,6.55098441273305,0.30234931039765,12.9683480313577,0.00134459640537056,0,1528,6559,,
Autonomic progenitor,Otic sensory neuron,6.03608752339808,0.300206187300923,9.8918978591304,0.0364296881887991,0,3416,974,,
Endothelial progenitor,Myotome,6.71859571439692,0.29997657501987,13.215408673069,0.00281071918400038,0,1988,2201,,
Cranial neural crest,Spinal cord interneuron,7.07181384805125,0.298726087241935,29.0925943571033,0.00273414673621285,0,9523,12470,,
Epidermal progenitor,Hemogenic endothelium,5.9807271096561,0.298546044363376,4.5656579396809,0.0150162782536358,0,24337,141,,
Dorsal root ganglion neuron,Hindbrain (r5-r8),6.64655110726949,0.297294201175112,12.9887554097995,0.00595819080983186,0,1179,28972,,
Dermomyotome,Spinal cord (thoracic),7.1651204430991,0.296399869827602,51.7987451554148,0.00151998961114362,0,47263,35061,,
Amniotic ectoderm,Otic placode,5.99206433186017,0.296005988381622,12.3210706551953,0.0196267275438036,0,2288,2365,,
Frontonasal mesenchyme,Otic placode,6.27447094834907,0.295948526038752,18.6370185417278,0.00575682820619669,0,24672,2365,,
Olfactory placode,Surface ectoderm,6.03119564186157,0.293003342874357,15.2488133626701,0.0121054043156428,0,5872,2649,,
Autonomic neuron,Trigeminal sensory neuron,5.70880980820588,0.291613191862982,4.1079234741908,0.00564317844057686,0.04,142,3198,,
Diencephalon,Frontonasal mesenchyme,6.61727212689871,0.291207051356704,37.8813928069256,0.00233166708519733,0,14353,24672,,
Dorsal root ganglion progenitor,Epibranchial placode,6.0679182250572,0.287614486128103,9.72186272479914,0.000183877639525591,0,921,3606,,
Autonomic progenitor,Spinal cord interneuron,6.81786441777955,0.287084072697854,18.3635529554234,0.00724919714874073,0,3416,12470,,
Autonomic progenitor,Spinal cord (thoracic),6.67542187174176,0.285212693070713,22.6553646369461,0.00951050313918574,0,3416,35061,,
Autonomic neuron,Spinal cord (thoracic),6.12297079164708,0.285114749528258,3.73423740773774,0.0289277382763669,0.16,142,35061,,
Epibranchial placode,Hindlimb field,6.20135874549677,0.285071069777069,14.8474575047744,0.0110743540510291,0,3606,6150,,
Autonomic progenitor,Epibranchial placode,6.10746797244013,0.284995842611321,16.310426949526,0.00800458982971543,0,3416,3606,,
Spinal cord (lumbar),Vagal neural crest,6.73439510466854,0.283837440834585,22.1577484828693,0.00162277900212568,0,12722,4937,,
Head paraxial mesoderm,Juxtacardiac field,6.21784440978985,0.283194026683562,14.7189735639149,3.89605775157529e-05,0,32981,1386,,
Autonomic progenitor,Hindbrain (r5-r8),6.69585294004097,0.282732158962233,19.0691256211995,0.01835975218749,0,3416,28972,,
Hindlimb field,Surface ectoderm,6.16906870177629,0.282383915768304,14.2810652516459,0.0131096556544073,0,6150,2649,,
Hindbrain (r5-r8),Midbrain,6.91930391533172,0.282226484328497,40.2005730889131,0.0028175862619201,0,28972,21466,,
Eye field,Hindbrain (r2-r4),6.77355415663782,0.279561485927591,30.9719389412336,0.00500976742878843,0,8896,26863,,
Cranial motor neuron,Diencephalon,6.49564129044322,0.278720822640918,18.5291425513985,0.0112762041030427,0,3730,14353,,
Sacral neural crest,Spinal cord interneuron,6.82307316472245,0.278337559281866,13.8499546693036,0.00570767010207241,0,2156,12470,,
Cranial neural crest,Otic placode,6.35816906416942,0.277195522974389,15.2708401775059,0.00559440832187723,0,9523,2365,,
Hindlimb field,Trunk neural crest,6.52047557936966,0.276553777450597,18.51914986949,0.0106525983178725,0,6150,6809,,
Dorsal root ganglion neuron,Trigeminal ganglion neuron,6.13883865875512,0.276150148324024,9.46353330195237,0.0167639928056479,0,1179,1765,,
Extraembryonic mesoderm,Second heart field,6.19460044333594,0.275727821219261,24.1893468887649,0.00207021875593626,0,5300,6952,,
Hindbrain (r5-r8),Hypothalamic neuron,6.68212248582837,0.275542990319024,13.2848578669056,0.00231765220477355,0,28972,1528,,
Hindbrain (r5-r8),Trunk neural crest,6.81126340448999,0.275358197064781,26.4502083359188,0.00892342789482104,0,28972,6809,,
Allantois,Endothelial cell,5.96231564656553,0.274757483072953,3.24220682884206,0.0275553648937933,0.25,78,9605,,
Cranial motor neuron,Spinal cord (thoracic),6.69245493843557,0.274130946194183,19.4696531771859,0.000133588495029275,0,3730,35061,,
Dorsal root ganglion progenitor,Trigeminal placode,6.30409292431044,0.27391967738149,9.28880206916761,0.00494278532935277,0,921,6546,,
Axial progenitor,Spinal cord interneuron,6.99085880024824,0.27317587803965,18.5741385683923,0.00281591448046977,0,3170,12470,,
Hepatoblast,Macrophage,5.34553395280832,0.273124559197474,7.1992930688686,0.0146821985654387,0,1255,966,,
Sacral neural crest,Somatic mesoderm,6.7444999136554,0.270646256695984,15.7925571086031,0.0158745268770834,0,2156,66151,,
Dorsal root ganglion progenitor,Hindbrain (r5-r8),6.63813851438578,0.270213978128468,10.820208894237,0.0127542786044922,0,921,28972,,
Intermediate mesoderm,Trunk neural crest,6.71145240380238,0.270184270997244,21.5907440500437,0.00538106086591781,0,10656,6809,,
Autonomic neuron,Spinal cord interneuron,6.24191429430705,0.267816279156072,3.2973607911685,0.0178948754453055,0.03,142,12470,,
Hemogenic endothelium,Surface ectoderm,5.60995167325009,0.26712893116263,3.69568287747705,0.0422007290506498,0.32,141,2649,,
Allantois,Epibranchial sensory neuron,5.37397362501361,0.266173514065834,2.33195967818192,0.040631333822182,0.19,78,1270,,
Dorsal root ganglion progenitor,Otic placode,6.05886905941593,0.265201507739883,7.85696692632172,0.00257474736948235,0,921,2365,,
Frontonasal mesenchyme,Otic sensory neuron,6.14352626267908,0.264914885180231,10.9169139894288,0.0135684672783994,0,24672,974,,
Hypothalamic neuron,Spinal cord interneuron,6.79068359112762,0.264793475787763,12.3357724147387,0.000389343190533289,0,1528,12470,,
Dorsal root ganglion neuron,Spinal cord (lumbar),6.51698166577173,0.264677428456583,11.228287121556,0.00328806968599374,0,1179,12722,,
Dorsal root ganglion progenitor,Epidermal progenitor,6.34268071055528,0.263600348064699,9.86431542101032,0.002164512172489,0,921,24337,,
Hepatoblast,Notochord,5.58841251548636,0.263168766847369,8.86289857432548,0.00348603955884395,0,1255,956,,
Endothelial progenitor,Periocular mesoderm,6.14129750114601,0.262909429150549,11.1934821837553,0.0364523724136224,0.15,1988,1739,,
Autonomic progenitor,Hindlimb field,6.38028202431692,0.260275272351886,15.7330057813974,0.00786339402684227,0,3416,6150,,
Intermediate mesoderm,Mesothelium,6.35141284236931,0.25955785008847,5.59734711930669,0.00486135840064644,0,10656,346,,
Autonomic neuron,Olfactory sensory neuron,5.46510607848011,0.258380944379298,2.55316908403979,0.00450409801329709,0.04,142,389,,
Autonomic neuron,Frontonasal mesenchyme,5.86213442505307,0.258277326292222,4.2349475700819,0.00947640346635277,0.11,142,24672,,
Hindbrain (r5-r8),Hypothalamus,6.681673059888,0.256393688669997,25.6031171464531,0.00273151821521245,0,28972,7652,,
Olfactory sensory neuron,Telencephalon,6.27021622374412,0.256340474548949,6.26093602759156,0.00216696861120688,0,389,34300,,
Allantois,Trigeminal placode,5.64327190312155,0.256273788690212,2.8568467427017,0.00113362815200886,0.01,78,6546,,
Roof plate,Spinal cord (sacral),6.79969560184157,0.255239592828094,17.1520664104622,0.0114419877518995,0,6035,5351,,
Extraembryonic mesoderm,Juxtacardiac field,5.96016000926568,0.255027905270961,13.3104219464507,0.01096551616074,0,5300,1386,,
Dorsal root ganglion progenitor,Spinal cord (sacral),6.46008955729097,0.254643876630641,8.89972561519523,0.00921878496671027,0,921,5351,,
Epidermal progenitor,Somatic mesoderm,6.81282342273436,0.254186737852235,45.798019834095,0.00336838720110637,0,24337,66151,,
Cranial neural crest,Lens placode,6.38595545819089,0.252871699951995,15.3530582403571,0.00462881502447352,0,9523,2811,,
Cranial neural crest,Trigeminal sensory neuron,6.46197582228044,0.252511685956028,14.4330306800723,0.00935153843380775,0,9523,3198,,
Epibranchial placode,Trigeminal ganglion neuron,5.97789848267146,0.252089728122072,10.1890460500542,0.000712917105174493,0,3606,1765,,
Hindbrain (r2-r4),Telencephalon,6.88653488282866,0.251671546400445,42.0998097589036,0.00927419923403983,0,26863,34300,,
Autonomic neuron,Olfactory placode,5.67746653088961,0.251610232014439,4.2136279429413,0.0381138662636632,0.37,142,5872,,
Cranial neural crest,Olfactory sensory neuron,6.25391478929081,0.250866490546354,6.20554056320259,0.000937992118983488,0,9523,389,,
Allantois,Arterial endothelial cell,5.53805248975166,0.250328998414931,3.12810585416319,0.0225397924487888,0.32,78,645,,
Endothelial progenitor,Hindlimb field,6.59133404323162,0.249624884525312,11.8780805958283,0.0149300894302368,0,1988,6150,,
Dorsal root ganglion progenitor,Trigeminal ganglion neuron,6.13015952823743,0.249317487869918,7.4180323916624,0.0005297069292425,0,921,1765,,
Pharyngeal arch mesenchyme,Telencephalon,6.75752552766076,0.248441319686578,44.4677112097252,0.00543898065282319,0,39085,34300,,
Epicardium,Periocular mesoderm,5.75413439977786,0.248094293797485,10.8504694634135,0.0244603029215578,0.01,1288,1739,,
Hemogenic endothelium,Primordial germ cell,4.73060286359453,0.248043500159966,1.25600167460987,0.000952812224330121,0.2,73,25,,
Hindbrain (r5-r8),Spinal cord (sacral),6.88554601452213,0.247237795848799,20.2340221540544,0.000183871382661338,0,28972,5351,,
Arterial endothelial cell,Extraembryonic mesoderm,6.08922909689991,0.246727254092698,9.86769899055974,0.00838042495297835,0,645,5300,,
Epidermal progenitor,Sacral neural crest,6.38260580693965,0.246720160294574,14.1288602704174,0.0011217831424186,0,24337,2156,,
Intermediate mesoderm,Spinal cord (sacral),6.79008369202049,0.246374694405537,17.3667802973298,0.00354384444926608,0,10656,5351,,
Midbrain neuron,Spinal cord interneuron,6.97254790643111,0.244307794377508,17.6794330503683,0.00104343410427184,0,4463,12470,,
Allantois,Extraembryonic mesoderm,5.46197329851548,0.243931460404079,3.18004107863558,0.0209796927885416,0.25,78,5300,,
Arterial endothelial cell,Hindlimb field,6.30007700424916,0.243239346627529,7.09019153522347,0.0112786957367785,0,645,6150,,
Cranial neural crest,Hindbrain (r5-r8),6.89511956652408,0.241955261621303,27.2319263835135,0.000646572705244144,0,9523,28972,,
Epibranchial placode,Pharyngeal arch mesenchyme,6.29941736025257,0.241282073279461,18.8942301159457,0.00524290475001432,0,3606,39085,,
Axial progenitor,Intermediate mesoderm,6.74586290079816,0.24067189277001,14.6242137953886,0.000901963686421584,0,3170,10656,,
Nascent somite,Somatic mesoderm,6.94110348010606,0.239604850480404,22.8376495749891,0.00840796414223466,0,6475,66151,,
Cranial neural crest,Sacral neural crest,6.5181617632899,0.239374742501735,12.3083239962748,0.00342055449232513,0,9523,2156,,
Autonomic progenitor,Trigeminal ganglion neuron,6.16642357807315,0.237980835910719,10.1433020189069,0.01504726302965,0,3416,1765,,
Extraembryonic mesoderm,Hematopoietic progenitor,5.48621962350474,0.237841567535668,3.59586516882765,0.0140193049878688,0.1,5300,87,,
Dorsal root ganglion progenitor,Presomitic mesoderm,6.47643373007482,0.237620234413571,8.41608492497423,0.00282236969099809,0,921,8521,,
Autonomic neuron,Epibranchial sensory neuron,5.46435413778705,0.236809461866384,3.41711028612795,0.00364175467160362,0.23,142,1270,,
Allantois,Trigeminal sensory neuron,5.52238869547965,0.234526531054637,2.7923082806744,0.011803459812783,0.29,78,3198,,
Floor plate,Spinal cord (sacral),6.70032978962108,0.234508506617409,18.660306274136,0.00259531289987509,0,16788,5351,,
Cranial motor neuron,Eye field,6.39630394320656,0.233942198061913,14.4288990602676,0.0186642699002885,0,3730,8896,,
Epibranchial sensory neuron,Pharyngeal arch mesenchyme,6.25440132703112,0.233913224896287,11.9914559387873,0.0235281443006469,0.05,1270,39085,,
Hypaxial myogenic progenitor,Splanchnic mesoderm,6.77591940928258,0.23324329031248,19.779548149527,0.00514394053808285,0,5322,21642,,
Autonomic progenitor,Olfactory placode,6.20423437343981,0.232290010860928,12.3069678496655,0.0145088906735756,0,3416,5872,,
Axial progenitor,Dorsal root ganglion progenitor,6.39860171211476,0.23141661647577,7.60267375027127,0.013734443465043,0,3170,921,,
Spinal cord (sacral),Vagal neural crest,6.61921625581844,0.23137129492941,16.2190223143881,0.00295122153603777,0,5351,4937,,
Pharyngeal arch mesenchyme,Sacral neural crest,6.50682495344975,0.231119745467344,13.9275922507245,0.00124449048640098,0,39085,2156,,
Endothelial cell,Juxtacardiac field,6.40171630887142,0.229651486841582,10.7449376186492,0.00142289777214005,0,9605,1386,,
Floor plate,Telencephalon,6.71570718639242,0.229599899577132,34.0612484601153,0.00821937840185774,0,16788,34300,,
Presomitic mesoderm,Vagal neural crest,6.64467899934384,0.229191179664815,16.2924822325541,0.00351226335622843,0,8521,4937,,
Midbrain neuron,Roof plate,6.74189338471781,0.228887765032702,13.6242646545948,0.0057823354947716,0,4463,6035,,
Arterial endothelial cell,Epicardium,6.04584011369993,0.226609599317327,7.87601785341916,0.000418872323427587,0,645,1288,,
Intermediate mesoderm,Spinal cord (lumbar),6.83343347616518,0.226529006584876,22.5590350951773,0.00604525998794663,0,10656,12722,,
Autonomic progenitor,Epibranchial sensory neuron,6.01181871990679,0.225976901105805,9.20555674174924,0.0146126500484967,0.01,3416,1270,,
Dorsal root ganglion progenitor,Hindlimb field,6.29909761736487,0.225404225854226,8.09403984668543,0.0119531022961281,0,921,6150,,
Dorsal root ganglion neuron,Epibranchial placode,5.98747977156566,0.224621544171435,8.0352247540499,0.00578076276574762,0,1179,3606,,
Hindlimb field,Vagal neural crest,6.47844859182859,0.224588555484452,14.8645569520481,0.0054894013411398,0,6150,4937,,
Hypaxial myogenic progenitor,Somatic mesoderm,6.85385225845458,0.224082371526281,20.2609643970985,0.00385398380360858,0,5322,66151,,
Autonomic neuron,Lens placode,5.56927343758456,0.223826319545736,3.56759095239737,0.0164734901565931,0.61,142,2811,,
Trigeminal ganglion neuron,Vagal neural crest,6.28316851196079,0.223493039363792,10.0723641393915,0.00639832828578737,0,1765,4937,,
Presomitic mesoderm,Roof plate,6.79883115622585,0.22269918409515,15.6083978798333,0.00913983758742415,0,8521,6035,,
Hindlimb field,Otic placode,6.15674238031153,0.222660853134883,10.6689135151954,0.0252379513994088,0,6150,2365,,
Autonomic neuron,Hindbrain (r5-r8),6.08635176614325,0.221541639446104,3.27002888965471,0.00241459288978506,0.23,142,28972,,
Allantois,Lens placode,5.42623325388244,0.219389166885098,2.249947604796,0.00518374136809574,0.07,78,2811,,
Juxtacardiac field,Somatic mesoderm,6.48248560704355,0.219305999902871,10.47901398302,0.00351974267780315,0,1386,66151,,
Hypothalamus,Spinal cord interneuron,6.76333113615882,0.219201775827089,20.2407458715318,3.54274333653064e-05,0,7652,12470,,
Epidermal progenitor,Frontonasal mesenchyme,6.48008715016253,0.219187209095898,36.2246717036308,0.0153189646548178,0,24337,24672,,
Foregut,Periocular mesoderm,5.57187548608861,0.218661794978345,11.3118075571518,0.0651986200335142,0.5,2432,1739,,
Macrophage,Midgut,5.35976743112097,0.218089662371048,6.65290828318567,0.034923405214601,0.42,966,1667,,
Endocardial cell,Head paraxial mesoderm,6.24686068070466,0.217195242269137,12.0566108335212,0.000323739242925943,0,1558,32981,,
Hemogenic endothelium,Otic sensory neuron,5.51171468557866,0.21450323744068,2.84293627004843,0.0140212606488718,0.42,141,974,,
Dorsal root ganglion neuron,Epidermal progenitor,6.2748417551318,0.214156003442404,8.95728754593435,0.00381015372986366,0,1179,24337,,
Roof plate,Trigeminal placode,6.57840109041894,0.21351395493014,15.8599606581974,0.00573084814780328,0,6035,6546,,
Cranial neural crest,Midbrain,6.70416460974905,0.213039697770068,22.9920748938143,0.00542409194163615,0,9523,21466,,
Periocular mesoderm,Second heart field,5.88383089112209,0.212537571399591,12.139313468951,0.00598434759607442,0,1739,6952,,
Axial progenitor,Hindbrain (r5-r8),6.81053407409204,0.212299589913124,13.9148482473897,0.00114387601847424,0,3170,28972,,
Presomitic mesoderm,Spinal cord interneuron,7.00150948225239,0.211972681031205,19.4533736375126,0.00277204032954223,0,8521,12470,,
Autonomic progenitor,Trigeminal sensory neuron,6.17947131545102,0.211905109766513,10.2968628030989,0.00766136764583905,0,3416,3198,,
Epidermal progenitor,Trunk neural crest,6.45757549946004,0.211697602356367,19.1679198271886,0.00558137517660443,0,24337,6809,,
Allantois,Olfactory placode,5.51456848273064,0.211622249306618,2.29629697182992,0.00604383346690898,0.05,78,5872,,
Autonomic progenitor,Frontonasal mesenchyme,6.37550782496836,0.211119734685537,15.5621515712936,0.00222212504442599,0,3416,24672,,
Autonomic neuron,Surface ectoderm,5.45171722900252,0.21062334434387,3.14210394151699,0.0230108571605845,0.85,142,2649,,
Dermomyotome,Somatic motor neuron,6.94263938936879,0.21012158895033,21.2515598312309,0.000503481127608669,0,47263,6559,,
Dorsal root ganglion neuron,Otic placode,5.98584502832616,0.210077838891724,7.83520273848803,0.00417243103694771,0,1179,2365,,
Autonomic neuron,Epibranchial placode,5.4835325609213,0.208464489645315,3.28437272554526,0.0239459763863855,0.87,142,3606,,
Notochord,Pharyngeal endoderm,5.75116025708128,0.208160246403278,8.95452209162668,0.0102337534849482,0,956,5045,,
Hindbrain (r1),Trigeminal ganglion neuron,6.39820521817899,0.207789359498642,10.2993403596448,0.0081138897404972,0,16440,1765,,
Hindbrain (r2-r4),Spinal cord (thoracic),6.95702963006292,0.205646025747801,30.7983039045311,0.0016854070393793,0,26863,35061,,
Otic placode,Vagal neural crest,6.17950839400457,0.205260355322566,10.1576035614838,0.00783826076385707,0,2365,4937,,
Extraembryonic mesoderm,Periocular mesoderm,5.73416460615783,0.205210952773996,11.8034235211752,0.00781295720652497,0,5300,1739,,
Otic placode,Roof plate,6.33805035606424,0.205014774102896,10.2308488618015,0.00113553487639911,0,2365,6035,,
Endothelial cell,Intermediate mesoderm,6.8668730638972,0.204663270915555,19.664721820089,0.00241395852584991,0,9605,10656,,
Cranial neural crest,Otic sensory neuron,6.18703318490348,0.204559534125968,8.09472900330164,0.00272252032292334,0,9523,974,,
Hindbrain (r2-r4),Pharyngeal arch mesenchyme,6.82582572545189,0.203522739968999,35.2625443378382,0.00252689342632142,0,26863,39085,,
Dorsal root ganglion progenitor,Epibranchial sensory neuron,5.93998522130646,0.202495901099532,5.80515682795885,0.0160715825558157,0.15,921,1270,,
Hemogenic endothelium,Otic placode,5.59740372638178,0.202346612616142,2.54253032768851,0.0066538396576001,0.06,141,2365,,
Presomitic mesoderm,Somatic mesoderm,6.9200471798048,0.201628757126612,24.4792190019864,0.00380202962621577,0,8521,66151,,
Hematopoietic progenitor,Hepatoblast,5.14666684239357,0.201400339848707,2.13224625631642,0.0239538420995605,0.8,87,1255,,
Diencephalon,Spinal cord interneuron,6.89621051682012,0.201230154170707,19.4014677700785,0.0035311155166753,0,14353,12470,,
Axial progenitor,Vagal neural crest,6.54737797290232,0.20097069244287,10.3874136201871,0.00246521346782507,0,3170,4937,,
Epibranchial sensory neuron,Hindlimb field,6.07879958590832,0.200923453018196,8.40052863524358,0.0432772432601566,0.61,1270,6150,,
Allantois,Otic placode,5.37073072216121,0.200529323983576,1.80326666302323,0.0206967736162506,0.46,78,2365,,
Midbrain neuron,Pharyngeal arch mesenchyme,6.65840205270501,0.200488284454895,15.7595687757947,0.00651835776787154,0,4463,39085,,
Hindbrain (isthmic organizer),Somatic motor neuron,6.58887275861239,0.199894937740418,12.793609383502,0.000296020021894992,0,3921,6559,,
Endocardial cell,Endothelial cell,6.4655735006255,0.198283900673631,10.8242283754231,0.000123735953496344,0,1558,9605,,
Dermomyotome,Sacral neural crest,6.7164861915724,0.198206509786252,11.3377532820991,0.00239836505988993,0,47263,2156,,
Epibranchial sensory neuron,Trigeminal ganglion neuron,5.88520057954038,0.197451841250729,6.83854828097855,0.0126324479382703,0.02,1270,1765,,
Autonomic neuron,Intermediate mesoderm,5.95232182921785,0.196772134035652,2.05746905258155,0.0220057831379763,0.09,142,10656,,
Axial progenitor,Roof plate,6.70085451063857,0.195943607685452,11.0226004700147,0.0107743808293142,0,3170,6035,,
Dorsal root ganglion neuron,Trigeminal placode,6.20546377574484,0.195758389348209,7.58896290018943,0.00498574507966328,0,1179,6546,,
Dermomyotome,Mesothelium,6.47330629328426,0.194197140691083,4.68019236077392,0.00509174949334149,0.01,47263,346,,
Dermomyotome,Somatic mesoderm,7.13376151521969,0.194128493705875,43.2462144918536,0.0039855988658916,0,47263,66151,,
Autonomic progenitor,Olfactory sensory neuron,5.95620223298605,0.193791037889689,4.35965738721944,0.00690886126102781,0.01,3416,389,,
Hindbrain (r5-r8),Midbrain neuron,6.80155177082389,0.193485196730164,15.9850549998266,5.8785331166441e-06,0,28972,4463,,
Amniotic ectoderm,Hemogenic endothelium,5.63001511455052,0.191553961154737,3.24982518326548,0.0241746045996648,0.8,2288,141,,
Dorsal root ganglion progenitor,Otic sensory neuron,5.8861004729167,0.191533228400748,5.40399371631158,0.013116363270109,0.01,921,974,,
Olfactory placode,Roof plate,6.45436247905731,0.190329661793623,13.4598826840227,0.0122111524365673,0,5872,6035,,
Dorsal root ganglion neuron,Spinal cord (sacral),6.38052898102015,0.189934250921724,7.52805854267571,0.00197845953175979,0,1179,5351,,
Juxtacardiac field,Splanchnic mesoderm,6.36695077262091,0.189769781783853,8.34105586732431,0.00269435771867539,0,1386,21642,,
Foregut,Notochord,5.63977899262101,0.18964936771467,8.0521025541059,0.00327600981884487,0,2432,956,,
Allantois,Otic sensory neuron,5.25329890826941,0.189432632243765,1.5161375963877,0.0646794280983288,0.95,78,974,,
Arterial endothelial cell,Surface ectoderm,5.91716665572637,0.188272812028497,5.50088756586142,0.00236898672228886,0,645,2649,,
Hindbrain (r2-r4),Trigeminal ganglion neuron,6.4765784587384,0.187626593218067,10.0046897099878,0.000558763230605124,0,26863,1765,,
Somatic mesoderm,Surface ectoderm,6.41615848251531,0.187535506025401,13.3601067444401,0.00270517370745249,0,66151,2649,,
Hindlimb field,Nascent somite,6.54468382187246,0.186817123584664,12.9834650392129,0.0190151732750559,0,6150,6475,,
Trigeminal placode,Vagal neural crest,6.39277455028456,0.18671551516162,12.5333486071842,0.0034334261162298,0,6546,4937,,
Hindlimb field,Trigeminal placode,6.35089810086322,0.186403340192739,13.3047609028645,0.024822100273119,0,6150,6546,,
Intermediate mesoderm,Myotome,6.67291858151723,0.186209528515049,9.3077984737637,0.00516707909962345,0,10656,2201,,
Dorsal root ganglion progenitor,Olfactory placode,6.11292347434899,0.186189422048554,6.73046838637906,0.00740508637715785,0,921,5872,,
Diencephalon,Hindbrain (r5-r8),6.76032093509968,0.185916388725058,23.3789401769159,0.00330814957299148,0,14353,28972,,
Dorsal root ganglion neuron,Presomitic mesoderm,6.40470322321638,0.184669706668557,8.40811352443314,0.00587761565437071,0,1179,8521,,
Presomitic mesoderm,Sclerotome,6.91933248564535,0.183995647367673,20.901598720674,0.00219958525168363,0,8521,74334,,
Forelimb field,Hindlimb field,6.43534368411628,0.183180071392996,16.5267751265503,0.00154924532971513,0,25891,6150,,
Hemogenic endothelium,Trigeminal placode,5.81261366734757,0.182705630747162,2.77749562736349,0.000780724520797955,0.05,141,6546,,
Hindbrain (r1),Spinal cord (cervical),6.90285494091951,0.181612197930958,24.635833941204,0.00247293317809307,0,16440,41051,,
Dorsal root ganglion progenitor,Nascent somite,6.40464766159869,0.180977647198819,6.38836038720534,0.0027392173792202,0,921,6475,,
Sacral neural crest,Trigeminal placode,6.26349120449494,0.180489048497064,8.44296766989104,8.01661153946417e-05,0,2156,6546,,
Epibranchial placode,Somatic mesoderm,6.43882168183051,0.180478121593985,12.8258218067394,0.00322978745426912,0,3606,66151,,
Hindlimb field,Presomitic mesoderm,6.5553296519662,0.179771442744742,12.304617151978,0.00915368505401304,0,6150,8521,,
Hindbrain (r1),Somatic motor neuron,6.69522097763123,0.178851551709703,14.9797270017525,0.00164629229202361,0,16440,6559,,
Mesothelium,Second heart field,5.99647660347144,0.178732970261825,5.2779870692876,0.00570486622483073,0.02,346,6952,,
Autonomic progenitor,Spinal cord (lumbar),6.49311676841847,0.178613971245415,12.4355904078209,0.00835930811938117,0,3416,12722,,
Periocular mesoderm,Pharyngeal endoderm,5.62280202797093,0.176087166107733,11.7558723939251,0.0624619436372097,0,1739,5045,,
Dermomyotome,Hindlimb field,6.77098559485788,0.175692941975219,17.2140019836588,0.00247766108233043,0,47263,6150,,
Allantois,Primordial germ cell,4.61869060484717,0.17555579658353,0.993186506380528,0.0104624820670375,0.45,65,25,,
Hindlimb field,Lens placode,6.16094287642911,0.17470058999594,9.42833376054089,0.0393619319692463,0.01,6150,2811,,
Trigeminal placode,Trunk neural crest,6.37093698067374,0.174677091614551,12.5158469391954,0.0106734431775682,0,6546,6809,,
Sclerotome,Spinal cord (sacral),6.87708878735951,0.174463967283763,16.6708161182992,0.00179724065991384,0,74334,5351,,
Epidermal progenitor,Vagal neural crest,6.43240025705436,0.174035140542444,14.9905825142465,0.00133680203900713,0,24337,4937,,
Nascent somite,Vagal neural crest,6.57325404595818,0.173708576761507,11.3602637262305,0.00245525247383065,0,6475,4937,,
Axial progenitor,Dorsal root ganglion neuron,6.32093435918004,0.173645716476091,6.40758297934812,0.0052116737869301,0,3170,1179,,
Hepatoblast,Megakaryocyte,5.35926116636671,0.173288981744295,4.11960234833314,0.0638448656858761,0,1255,482,,
Dorsal root ganglion neuron,Hindlimb field,6.22838462317632,0.172728274314421,6.76278245039574,0.0141777829141549,0.15,1179,6150,,
Autonomic progenitor,Lens placode,6.06553255974499,0.172530435289548,9.21245886491111,0.0213163892743102,0,3416,2811,,
Arterial endothelial cell,Head paraxial mesoderm,6.24458054236862,0.171957771142161,5.99080667425183,0.00107790319940536,0,645,32981,,
Midbrain,Somatic motor neuron,6.65078021259388,0.171919226823121,15.8259034997277,0.00142195775745353,0,21466,6559,,
Allantois,Hemogenic endothelium,5.07601317538236,0.171811556978457,1.28112191411601,0.00971738240800618,0.65,78,141,,
Epicardium,Somatic mesoderm,6.48751314326977,0.171418605639887,8.19017231029982,0.00945045140704062,0,1288,66151,,
Olfactory sensory neuron,Roof plate,6.22376307337426,0.170658674918168,4.01854520934057,0.00817308662686286,0.06,389,6035,,
Arterial endothelial cell,Forelimb field,6.27116781371147,0.167734986089628,5.61963097591479,0.00577095090546379,0,645,25891,,
Sclerotome,Spinal cord (lumbar),6.93411453835443,0.167645287528636,25.1353982185036,0.00350145778951657,0,74334,12722,,
Epibranchial placode,Hemogenic endothelium,5.54607656472277,0.166987101949802,2.0674878610143,0.0189986239107564,0.25,3606,141,,
Forelimb field,Sclerotome,6.77718041593414,0.166288661596406,31.4355535289689,0.0074283039348515,0,25891,74334,,
Hindlimb field,Trigeminal sensory neuron,6.22496652500987,0.165984840147818,9.39258199047315,0.0134405070443542,0,6150,3198,,
Macrophage,Periocular mesoderm,5.2905898009111,0.16517482637334,4.50930250337762,0.0594776763954732,0.06,966,1739,,
Dorsal root ganglion progenitor,Intermediate mesoderm,6.44078768026613,0.164049046755426,5.89154895582652,0.0172778003508694,0.06,921,10656,,
Axial progenitor,Sclerotome,6.82584225395192,0.163746133898022,11.2710212651969,0.00819669481531018,0,3170,74334,,
First heart field,Foregut,5.78874993814719,0.163420270263657,8.19961513042253,0.016591805794791,0.37,1531,2432,,
Olfactory sensory neuron,Surface ectoderm,5.69364468116808,0.163302778154312,4.07001015523656,0.0525817974337978,0.06,389,2649,,
Amniotic ectoderm,Olfactory sensory neuron,5.78281921218033,0.162623006742794,4.46140890119445,0.00516650423914866,0.04,2288,389,,
Autonomic neuron,Spinal cord (lumbar),5.92245176664934,0.162159338316581,2.26988032013183,0.0410499781017706,0.59,142,12722,,
Arterial endothelial cell,Epibranchial placode,5.92294371114859,0.162092218055847,4.64423316737061,0.00279031185243202,0,645,3606,,
Nascent somite,Roof plate,6.72058588024899,0.16156691860453,11.2298351922639,0.00948345935172509,0,6475,6035,,
Trigeminal ganglion neuron,Trunk neural crest,6.21252083603514,0.160884454238586,7.91135304467221,0.0199233119964933,0.01,1765,6809,,
Foregut,Macrophage,5.352395699377,0.160224321525605,5.38452208439115,0.0303818052529552,0.4,2432,966,,
Otic sensory neuron,Roof plate,6.19094396350826,0.159868961600669,5.77457356287023,0.00396545708393744,0,974,6035,,
Hindbrain (r5-r8),Presomitic mesoderm,6.83047670920235,0.159811066171914,17.1017044705456,0.000370671762168539,0,28972,8521,,
Cranial motor neuron,Midbrain neuron,6.40758465844182,0.159454333155541,8.93505491857168,0.00180345009292519,0,3730,4463,,
Autonomic progenitor,Intermediate mesoderm,6.47595019163478,0.158263928608635,10.0943056533449,0.00505699116516502,0,3416,10656,,
Dorsal root ganglion progenitor,Lens placode,6.00367067899654,0.15736789667136,5.15891537308821,0.0264596652332122,0.13,921,2811,,
Somatic mesoderm,Trunk neural crest,6.74183014412555,0.157011440400404,15.3211772768225,0.0128440593675567,0,66151,6809,,
Autonomic neuron,Presomitic mesoderm,5.87924283982238,0.156115007511512,1.69256525986869,0.0208615943376784,0.85,142,8521,,
Allantois,Trigeminal ganglion neuron,5.40574683842553,0.155099856761511,1.42056592141767,0.0211206380103036,0.66,78,1765,,
Nascent somite,Spinal cord interneuron,6.92848753334235,0.154793115075929,12.365760245396,0.0034921801196921,0,6475,12470,,
Epibranchial sensory neuron,Hemogenic endothelium,5.4935089007011,0.154671778656153,2.04088267829418,0.00425718399417884,0.22,1270,141,,
Frontonasal mesenchyme,Midbrain,6.54162751545292,0.154107264208484,23.293154175549,0.00956399939734223,0,24672,21466,,
Dorsal root ganglion progenitor,Frontonasal mesenchyme,6.26975029415614,0.152811298149508,6.06785276288331,0.00170518260132039,0,921,24672,,
Arterial endothelial cell,First heart field,6.01813176227193,0.15188604390549,5.62999740686765,0.00364887488187603,0,645,1531,,
Eye field,Hindbrain (r5-r8),6.67323973892841,0.151771610023954,15.4113044033936,0.00541998952506708,0,8896,28972,,
Amniotic ectoderm,Arterial endothelial cell,5.97250336507885,0.151563457655715,4.83470466423904,0.00445826161084483,0,2288,645,,
Eye field,Frontonasal mesenchyme,6.42159672738664,0.150608048172649,16.2119358145536,0.00530686949943638,0,8896,24672,,
Axial progenitor,Floor plate,6.57391912742837,0.149849980927186,9.09698533829916,0.00184481367949772,0,3170,16788,,
Hepatoblast,Periocular mesoderm,5.38101457520175,0.148535172834178,5.50078144837368,0.0155203021981281,0,1255,1739,,
Hindbrain (r5-r8),Sacral neural crest,6.5751996716158,0.148333002278892,8.16482967090893,0.00174521263613188,0,28972,2156,,
Hindbrain (isthmic organizer),Roof plate,6.60073234931025,0.148239253144301,9.13301245872703,0.016173305130935,0,3921,6035,,
Dorsal root ganglion neuron,Intermediate mesoderm,6.40219747350791,0.148100506465239,6.4060861408912,0.0021790482353966,0,1179,10656,,
Dorsal root ganglion neuron,Frontonasal mesenchyme,6.24629911091494,0.14774337995994,6.3833510355909,0.00210709011317566,0,1179,24672,,
Cranial neural crest,Spinal cord (cervical),6.84629907363527,0.147443952322452,15.1045294930033,0.000222030168725863,0,9523,41051,,
Epibranchial placode,Frontonasal mesenchyme,6.10840297718179,0.147270598822721,13.1379022770344,0.0324103460194828,0,3606,24672,,
Olfactory placode,Sacral neural crest,6.13082337993233,0.146890861724161,6.91476220098613,0.00668709338245933,0,5872,2156,,
Roof plate,Telencephalon,6.7136387117085,0.146835178201131,14.0972568790863,0.00866705069399514,0,6035,34300,,
Mesothelium,Myotome,6.11779659471236,0.146686872869996,3.28489262597371,0.00198419591815341,0.02,346,2201,,
Epicardium,Macrophage,5.4908738098322,0.145410136319903,4.23071067211188,0.00640862618022289,0.04,1288,966,,
Cranial motor neuron,Spinal cord (lumbar),6.48845396781508,0.145235035800915,8.93226446076634,0.00385579540566575,0,3730,12722,,
Autonomic neuron,Hindlimb field,5.70658631973627,0.144284955261444,2.67825627375386,0.0186944364501932,0.97,142,6150,,
Dorsal root ganglion progenitor,Trigeminal sensory neuron,6.0667297975944,0.144177427041041,4.58204506734316,0.0120202550364418,0.09,921,3198,,
Hindbrain (r5-r8),Nascent somite,6.79670801834695,0.143871394556934,13.3519139454468,0.000717312153265009,0,28972,6475,,
Olfactory placode,Vagal neural crest,6.24830180917509,0.141587780225633,8.89306679821206,0.0127078694729965,0,5872,4937,,
Eye field,Spinal cord interneuron,6.77968792468339,0.140618255340299,12.5885155806838,0.00503633531903198,0,8896,12470,,
Intermediate mesoderm,Vagal neural crest,6.59246748772437,0.140445110811155,10.0840152859128,0.00527352237389371,0,10656,4937,,
Foregut,Hematopoietic progenitor,5.20687164109115,0.140104413104408,1.61564318301197,0.0621705266372405,0.32,2432,87,,
Autonomic neuron,Spinal cord (sacral),5.84243502431709,0.139513229784185,1.94426883029507,0.0151704617270611,0.79,142,5351,,
Endothelial progenitor,Head paraxial mesoderm,6.49448882648169,0.136688957585181,9.07983293533578,0.0058015181918188,0,1988,32981,,
Hindlimb field,Olfactory placode,6.20188950045511,0.136624403613867,9.38335188190539,0.0116888682103155,0,6150,5872,,
Epidermal progenitor,Splanchnic mesoderm,6.60870068576766,0.136485921349162,17.6073248476854,4.84017348279968e-05,0,24337,21642,,
Arterial endothelial cell,Epidermal progenitor,6.19688541070736,0.13648536898836,4.6116457299993,0.00386708858990742,0.01,645,24337,,
Dorsal root ganglion neuron,Epibranchial sensory neuron,5.86085697079938,0.135837680263988,4.22435962759751,0.0156896756988015,0.95,1179,1270,,
Foregut,Megakaryocyte,5.44632400900211,0.135708383006298,4.19861853131664,0.0367480597384498,0.08,2432,482,,
Epibranchial sensory neuron,Frontonasal mesenchyme,6.05689924010068,0.134632021904171,7.39186963115562,0.0381031436015268,0,1270,24672,,
Midbrain,Roof plate,6.67662512053925,0.133813323649382,12.4787677714516,0.00707439357839387,0,21466,6035,,
Autonomic progenitor,Spinal cord (sacral),6.38358277032776,0.133714389163465,7.68567327819992,0.00474637269000085,0,3416,5351,,
Otic placode,Trunk neural crest,6.09821465219358,0.133541938455781,6.86190830183097,0.00137112335146006,0,2365,6809,,
Hemogenic endothelium,Lens placode,5.58810730810467,0.133454755979635,2.03687536486229,0.00849992164365249,0.57,141,2811,,
Surface ectoderm,Trigeminal ganglion neuron,5.82563102050124,0.132971000199562,5.20455123909912,0.00471012649382836,0.01,2649,1765,,
Forelimb field,Second heart field,6.30787951215588,0.131811445696855,13.8783873581008,0.00133569719213818,0,25891,6952,,
Splanchnic mesoderm,Surface ectoderm,6.27320099143617,0.131741230978872,7.87885578331398,0.000415143921366164,0,21642,2649,,
Hindbrain (isthmic organizer),Spinal cord (cervical),6.72554056021734,0.131626818276412,10.4035639204866,0.00273664684016591,0,3921,41051,,
Cranial neural crest,Diencephalon,6.55993837580321,0.131253731122739,12.5581508553075,0.000577190441891926,0,9523,14353,,
Autonomic progenitor,Surface ectoderm,5.9224538982869,0.130961889986867,6.25618964334898,0.000677800079950418,0,3416,2649,,
Autonomic neuron,Trigeminal ganglion neuron,5.50296310048497,0.130697532774234,1.76111605158852,0.0019192330632746,0.56,142,1765,,
Cranial motor neuron,Spinal cord (sacral),6.40966723033185,0.13061094010395,7.30959830998396,0.00147254132016735,0,3730,5351,,
Frontonasal mesenchyme,Vagal neural crest,6.4282575830797,0.129525469638609,11.1842262283287,0.00228152621017358,0,24672,4937,,
Epibranchial placode,Vagal neural crest,6.08612747979135,0.12917241000074,6.81671575079152,0.00198280988657323,0,3606,4937,,
Amniotic ectoderm,Macrophage,5.47905682004645,0.127226413836609,3.45202577734995,0.0575573068815066,0.65,2288,966,,
Cranial neural crest,Epidermal progenitor,6.49036141702787,0.126538169450441,13.8590673373504,7.3668963131109e-05,0,9523,24337,,
Dorsal root ganglion neuron,Olfactory placode,6.03411618215713,0.126161561847167,5.33314982147414,0.0156657289586766,0.1,1179,5872,,
Dorsal root ganglion neuron,Nascent somite,6.3298211741766,0.125505766568892,6.07265299888421,0.011307240520669,0.9,1179,6475,,
Second heart field,Surface ectoderm,5.9358672390589,0.12549091034564,7.44273682846182,0.00834616715339011,0,6952,2649,,
Hindlimb field,Roof plate,6.53425693963912,0.125053558511917,8.04576159213387,0.0155732705121853,0.3,6150,6035,,
Hindlimb field,Pharyngeal arch mesenchyme,6.47962286619901,0.124833201608497,10.4939421620842,0.00339879982570074,0,6150,39085,,
First heart field,Midgut,5.7001617082729,0.124487431972622,6.09613870836544,0.0470259381908397,0,1531,1667,,
Cranial neural crest,Hindbrain (isthmic organizer),6.5244027374818,0.124044527394654,8.25096280228825,0.0134841789716339,0,9523,3921,,
Sclerotome,Somatic motor neuron,6.8292190445969,0.123125884861241,12.2909966358298,0.00497852350749676,0,74334,6559,,
Arterial endothelial cell,Epibranchial sensory neuron,5.84569805054559,0.122312819254458,3.15092917492234,0.00412890301741084,0.17,645,1270,,
Hindgut,Macrophage,5.26149334606049,0.122241802946886,4.08271236182859,0.0908610368434567,0.05,3029,966,,
Hindbrain (r1),Pharyngeal arch mesenchyme,6.64707904604293,0.122144607430228,17.5769854482365,0.00318139022923078,0,16440,39085,,
Hindbrain (r2-r4),Spinal cord (lumbar),6.79840796529975,0.12211985981975,15.2742416711959,0.00220029874815986,0,26863,12722,,
Dorsal root ganglion progenitor,Somatic mesoderm,6.53639125398571,0.121669774937225,4.46023006469284,0.0102380999241646,0.76,921,66151,,
Megakaryocyte,Midgut,5.37832003067801,0.121403757193217,4.17631799536749,0.0151289335785278,0.99,482,1667,,
Olfactory placode,Trunk neural crest,6.21644411925194,0.121218687361091,8.94316368950215,0.00974519927994321,0.39,5872,6809,,
First heart field,Macrophage,5.51578327043277,0.121124824000461,3.54238716969175,0.00966583607318498,0.02,1531,966,,
First heart field,Head paraxial mesoderm,6.15354714453091,0.120495752634166,6.40708933655885,0.000592033498014919,0,1531,32981,,
Axial progenitor,Hindlimb field,6.42483798668534,0.120038412399648,6.63562056852425,0.00949992162030841,0.42,3170,6150,,
Arterial endothelial cell,Endothelial progenitor,6.31111862393341,0.119710234086759,3.50416130941738,0.00235917537220375,0.06,645,1988,,
Dorsal root ganglion neuron,Trigeminal sensory neuron,6.02569035227772,0.119384252531593,3.95100255831057,0.0264628598123996,0.21,1179,3198,,
Hindlimb field,Otic sensory neuron,5.95456305018403,0.119240791883208,4.75502261940682,0.0267092676994293,0.07,6150,974,,
Midgut,Periocular mesoderm,5.42103189773223,0.119185728607093,6.051492778407,0.0558877316148381,0,1667,1739,,
Hindgut,Periocular mesoderm,5.41905738750284,0.118971031515562,6.35025673228499,0.0460735511707784,0,3029,1739,,
Amniotic ectoderm,Somatic mesoderm,6.43673290537619,0.118362786805877,7.37597446138015,0.0030981959284582,0,2288,66151,,
Lens placode,Roof plate,6.30219693307752,0.118221497540887,6.52731411723945,0.00503871197522768,0,2811,6035,,
Autonomic progenitor,Presomitic mesoderm,6.40235998835286,0.118125199760878,7.67511901089414,0.00425162908840944,0,3416,8521,,
Hindlimb field,Olfactory sensory neuron,5.96753200079188,0.118025205170089,2.88959364709005,0.0100098516072443,0.88,6150,389,,
Pharyngeal arch mesenchyme,Spinal cord interneuron,6.88547892817624,0.117972631758528,14.907755217753,0.00101451312104662,0,39085,12470,,
Roof plate,Trigeminal sensory neuron,6.3775053673461,0.117971323973814,6.39725537456979,0.00560414857266687,0.05,6035,3198,,
First heart field,Pharyngeal endoderm,5.83746102997897,0.117700331186151,6.96115952245456,0.00781040766448979,0.34,1531,5045,,
Epibranchial placode,Trunk neural crest,6.06581124919479,0.117112427092349,6.6278348413994,0.000276872476245666,0,3606,6809,,
Macrophage,Pharyngeal endoderm,5.40225732529546,0.116912058417864,3.93847679900183,0.0336064681194318,0.11,966,5045,,
Midbrain,Spinal cord (cervical),6.80012153370732,0.116872405906459,17.5372499306072,0.00712789536037635,0,21466,41051,,
Autonomic neuron,Axial progenitor,5.76804569142984,0.116175335995325,1.59533929382735,0.0165268903922551,0.97,142,3170,,
Intermediate mesoderm,Spinal cord (thoracic),6.79693056653663,0.114656573745921,12.3483961660279,0.00498672434357126,0,10656,35061,,
Floor plate,Presomitic mesoderm,6.61063910828458,0.11391342534105,10.6006495208651,0.00415509044723109,0,16788,8521,,
Otic placode,Sacral neural crest,5.96547966791446,0.113815639392351,4.60735987694498,0.0152722021810015,0.36,2365,2156,,
Epibranchial sensory neuron,Somatic mesoderm,6.33341377676113,0.11353734246181,5.21107178276277,0.00588206562782148,0.03,1270,66151,,
Lens placode,Sacral neural crest,6.01509270043104,0.113316944293816,4.57167660794762,0.015257276781558,0.26,2811,2156,,
Notochord,Periocular mesoderm,5.49410553023532,0.113231575535219,4.41301763822383,0.019115813313159,0.33,956,1739,,
Hemogenic endothelium,Trigeminal ganglion neuron,5.6005492148353,0.113151407547925,1.49250760330502,0.010413113889305,0.72,141,1765,,
Hindbrain (r5-r8),Telencephalon,6.77233230299961,0.112786945874799,18.8035824951211,0.00449972453472498,0,28972,34300,,
Otic sensory neuron,Vagal neural crest,5.99087237438439,0.112325535002088,3.94777633463741,0.00625776423259703,0.17,974,4937,,
Hindlimb field,Trigeminal ganglion neuron,6.13278617075658,0.111425353524656,4.92050280142099,0.0365815998668521,0,6150,1765,,
Dorsal root ganglion neuron,Otic sensory neuron,5.78924241529132,0.111398673805029,3.19951943153197,0.00785365206572722,0.39,1179,974,,
Epicardium,Head paraxial mesoderm,6.09482954201737,0.110921046336433,5.35498478155547,0.00221336761339526,0.02,1288,32981,,
Hemogenic endothelium,Trigeminal sensory neuron,5.63980003596041,0.110520276582088,1.66676882427,0.00823159811359659,0.68,141,3198,,
Telencephalon,Trigeminal placode,6.42872828766435,0.110335597008826,11.4934985353262,0.00319741966909382,0,34300,6546,,
Juxtacardiac field,Surface ectoderm,5.70452986276967,0.109985518690487,3.86661787502327,0.0101566731851026,0.47,1386,2649,,
Spinal cord interneuron,Telencephalon,6.88848687319137,0.109008666054043,12.8118164876936,0.0076247683086088,0.43,12470,34300,,
Endothelial progenitor,Juxtacardiac field,6.15742745240587,0.108156777664015,4.38419978428801,0.0017407514876398,0.03,1988,1386,,
Epicardium,Surface ectoderm,5.75542966613364,0.107825474314378,3.95607512604079,0.00797903003636399,0.34,1288,2649,,
Myotome,Somatic motor neuron,6.53191665471296,0.107759281691675,5.27455295389032,0.00877460808522754,0.21,2201,6559,,
Dorsal root ganglion neuron,Lens placode,5.93526820374251,0.106628903952473,4.34950828288078,0.0183297049993304,0.29,1179,2811,,
Midgut,Primordial germ cell,4.74961459933358,0.106369486145988,0.797752143500805,0.0492251378859355,0.59,1138,25,,
Extraembryonic mesoderm,Pharyngeal mesoderm,6.00575247492421,0.106078822569271,10.0719927459772,1.95101265611826e-05,0,5300,7691,,
Autonomic neuron,Nascent somite,5.81019562648258,0.105482339937003,1.14006793421964,0.012343061006385,0.81,142,6475,,
Amniotic ectoderm,Hindlimb field,6.08133945074361,0.105404932793203,5.95778903580075,0.00316481939570429,0.01,2288,6150,,
Extraembryonic mesoderm,Midgut,5.65472835326095,0.10485020356863,6.44834360768072,0.00755849149693303,0.16,5300,1667,,
Epibranchial placode,Pharyngeal endoderm,5.71939374079292,0.10472459038158,5.25889076456399,0.0959553294369913,0.04,3606,5045,,
Amniotic ectoderm,Extraembryonic mesoderm,5.86074929388591,0.103516525612573,5.62402365631604,0.00658731746561517,0.34,2288,5300,,
Hindbrain (r2-r4),Spinal cord (sacral),6.71392406841951,0.101436065423063,9.36612778252326,0.00147412588282842,0,26863,5351,,
Cranial motor neuron,Notochord,5.88020781503392,0.101402215021874,3.12220180227033,0.0149916041246772,0.14,3730,956,,
Hindbrain (r2-r4),Vagal neural crest,6.6221292955793,0.100977814141069,8.97428523131605,0.00521209168329609,0.06,26863,4937,,
Telencephalon,Trigeminal ganglion neuron,6.27524027066493,0.100965034896431,5.47059215957151,0.00783348229773903,0.97,34300,1765,,
Endocardial cell,Splanchnic mesoderm,6.37295324798132,0.100509974619966,4.63365582732246,0.00446307657785859,0.02,1558,21642,,
Amniotic ectoderm,Hematopoietic progenitor,5.32010142282837,0.0992456275859347,1.22110625625824,0.00606027559520987,0.73,2288,87,,
Endothelial cell,Sclerotome,6.9215794551079,0.0987883143665699,11.8702799154864,0.000582799426296793,0,9605,74334,,
Dermomyotome,Forelimb field,6.73695462469541,0.0984445313464539,16.544876966702,0.00383431803391751,0,47263,25891,,
Pharyngeal mesoderm,Somatic mesoderm,6.55716713546735,0.0977894166468621,10.9877533106493,0.000897532264975106,0,7691,66151,,
Megakaryocyte,Primordial germ cell,4.67342511520976,0.0977476291861321,0.683549642842308,0.00209233714345065,0.64,377,25,,
Extraembryonic mesoderm,Hemogenic endothelium,5.56018450905011,0.09693025726466,2.40414749978642,0.0144426999138397,0.69,5300,141,,
Autonomic progenitor,Axial progenitor,6.3076254696006,0.096589481847884,5.13925538035537,0.00721044245983967,0.03,3416,3170,,
Epibranchial sensory neuron,Vagal neural crest,6.01691608640921,0.0963519189220543,3.863576861781,0.0102803024468358,0.67,1270,4937,,
Frontonasal mesenchyme,Hindbrain (r1),6.52239676550736,0.0961055418553034,14.4003401473492,0.00475838742024052,0,24672,16440,,
Sacral neural crest,Trigeminal sensory neuron,6.07637669096044,0.0959428584891813,4.02261279389275,0.00224880206573723,0.05,2156,3198,,
Hindgut,Primordial germ cell,4.70699376595564,0.0938708675259891,0.236253532357609,0.192821673289849,0.04,2008,25,,
Floor plate,Myotome,6.50158691750592,0.0938663436637397,5.06741167734888,0.00840730137021353,0.86,16788,2201,,
Dorsal root ganglion progenitor,Surface ectoderm,5.83997511110543,0.0930219633143846,3.19277635568485,0.00094179135627743,0.06,921,2649,,
Autonomic neuron,Somatic mesoderm,6.00652944613866,0.0929260346420175,1.00078177711133,0.0128758827534571,0.62,142,66151,,
Cranial motor neuron,Myotome,6.31648534182356,0.0922344894400977,4.2620883934232,0.0053417276353959,0.67,3730,2201,,
Autonomic neuron,Mesothelium,5.33493304685502,0.0913716475125321,0.158687116383971,0.0572084208813021,0.31,142,346,,
Epibranchial sensory neuron,Second heart field,5.89242723870959,0.0909002934097203,4.51732716497278,3.365926420734e-05,0.01,1270,6952,,
Sclerotome,Spinal cord (thoracic),6.93146573834617,0.0894839407305611,18.0739608482608,0.00393762531220902,0,74334,35061,,
Diencephalon,Somatic motor neuron,6.50532240917267,0.0893352686113614,8.12877625173178,0.0107380331232775,0.09,14353,6559,,
Juxtacardiac field,Macrophage,5.38407614760571,0.0879221126713882,1.34382160998507,0.0335811670878915,0.01,1386,966,,
Arterial endothelial cell,Hematopoietic progenitor,5.40251057899568,0.0874274135009975,1.18470734890799,0.130736439587114,0.7,645,87,,
Hindlimb field,Mesothelium,5.9737886534782,0.0862359185279988,1.8970218107342,0.00566100371937935,0.7,6150,346,,
Floor plate,Nascent somite,6.56511692157096,0.0857919203084659,7.18471865568274,0.00329776773994709,0.09,16788,6475,,
Dorsal root ganglion progenitor,Olfactory sensory neuron,5.80489841227513,0.0848479549070593,1.94069313095229,0.00356016963325826,0.73,921,389,,
Extraembryonic mesoderm,Hindgut,5.63201748528762,0.0846905678476937,5.31501908000801,0.00412960498703804,0.15,5300,3029,,
Trigeminal sensory neuron,Vagal neural crest,6.18637087201078,0.0844276936172179,4.46278150772295,0.00925090880231748,0.92,3198,4937,,
Cranial neural crest,Epibranchial sensory neuron,6.10721621079385,0.0839490606479381,3.93411968202155,0.0104879247532095,0.43,9523,1270,,
Hemogenic endothelium,Second heart field,5.68249255800802,0.0823316790443836,1.60114428887797,0.00486603909873223,0.98,141,6952,,
Megakaryocyte,Pharyngeal endoderm,5.48520718990487,0.0817788337386803,3.21893489828117,0.0139741402537743,0.28,482,5045,,
Epicardium,Hematopoietic progenitor,5.31595256515231,0.081721478585103,1.17793628134182,0.00705138903091739,0.75,1288,87,,
Floor plate,Notochord,6.047163313923,0.0816986409149735,2.56133059702166,0.0194862050094009,0.01,16788,956,,
First heart field,Hindgut,5.65354637521857,0.0814019303187502,4.13281309309979,0.0509490820502298,0,1531,3029,,
Midbrain neuron,Trigeminal ganglion neuron,6.20609178350107,0.0813900864432912,3.67025997139523,0.00754032093733957,0.97,4463,1765,,
Endothelial cell,Epicardium,6.30462537927608,0.0813650769742316,4.01413586727433,0.00276836158433765,0.06,9605,1288,,
Spinal cord interneuron,Trigeminal ganglion neuron,6.5140035199995,0.0794999237840343,3.72646661450858,0.00134274423835747,0,12470,1765,,
Hypothalamic neuron,Spinal cord (cervical),6.53325615597175,0.0794737800287498,4.2958683651134,0.00283078280345203,0.24,1528,41051,,
Hematopoietic progenitor,Pharyngeal endoderm,5.23852007237632,0.0781941324722967,1.10494194728271,0.0356811934710435,0.03,87,5045,,
Midgut,Notochord,5.47399605294586,0.0778956148550653,3.12051120319716,0.0031986230301611,0.46,1667,956,,
Axial progenitor,Cranial motor neuron,6.318280569534,0.0778524246322227,3.34700421467312,0.00531346121723078,0.86,3170,3730,,
Hepatoblast,Primordial germ cell,4.63698897558184,0.0776440496366266,0.50973867164674,0.0171513722737298,0.92,603,25,,
Lens placode,Trunk neural crest,6.09389021794249,0.0775405960816536,4.38657533651102,0.0127118741021136,0.12,2811,6809,,
Head paraxial mesoderm,Myotome,6.3788062391898,0.0773184486824458,5.35513135974569,0.000689392068769743,0,32981,2201,,
Sacral neural crest,Trigeminal ganglion neuron,6.01884791358284,0.0770956225918452,2.9717250168923,0.0227834782112467,0.76,2156,1765,,
Trigeminal sensory neuron,Trunk neural crest,6.16994745570447,0.0764714003993465,3.91960763173532,0.00954139060882681,0.79,3198,6809,,
Head paraxial mesoderm,Hypaxial myogenic progenitor,6.37623001902275,0.0758026964495221,7.19109408690842,0.00101569708287888,0,32981,5322,,
Hemogenic endothelium,Olfactory placode,5.60965525442273,0.0755507727264902,1.29605570980406,0.00903433680379453,0.81,141,5872,,
Hypothalamus,Spinal cord (cervical),6.54590376382724,0.074958188791502,7.92293465566051,0.00121791708628832,0,7652,41051,,
Autonomic neuron,Hemogenic endothelium,5.10739086898012,0.0741312863676721,1.14017715138303,0.0379931669979457,0.44,142,141,,
Cranial motor neuron,Telencephalon,6.37413693990507,0.0734626911762926,5.72187424782305,0.00514024030469827,0.67,3730,34300,,
Epibranchial placode,Splanchnic mesoderm,6.24502546250305,0.0728613042528829,4.88527128896408,0.00352067843837458,0.26,3606,21642,,
Head paraxial mesoderm,Notochord,5.93208795591502,0.0725611438429879,3.06408826383149,0.000144975727773426,0,32981,956,,
Midbrain neuron,Spinal cord (cervical),6.72678278040261,0.0724962577600075,6.01498279867548,0.00205761722399435,0.09,4463,41051,,
Otic sensory neuron,Sacral neural crest,5.82272201932579,0.0712669837560057,2.07080614544319,0.0220520614855524,0.66,974,2156,,
Epibranchial placode,Second heart field,5.91098294562496,0.0708267709050434,4.3573216481981,0.00224512920751774,0.19,3606,6952,,
Epidermal progenitor,Roof plate,6.48705209213366,0.0703626041985669,6.62777977348105,0.00191647435746228,0.02,24337,6035,,
Endothelial cell,Myotome,6.60726655465405,0.0702129491716136,4.10999209258742,0.00237712033225272,0,9605,2201,,
Epibranchial placode,Extraembryonic mesoderm,5.77002491677267,0.0699970723128569,3.47218038416609,0.0196832090997884,0.98,3606,5300,,
Autonomic progenitor,Nascent somite,6.3365046041168,0.0699241411853881,4.33506993058616,6.2021186975652e-05,0,3416,6475,,
Cranial neural crest,Eye field,6.4439572455839,0.068928638744268,6.49412205617954,0.00301380635235234,0.09,9523,8896,,
Lens placode,Somatic mesoderm,6.39716666834987,0.0684722048909553,4.56898723770074,0.00268984583569132,0.13,2811,66151,,
Macrophage,Surface ectoderm,5.32806472362688,0.0682135032487221,1.27664357340976,0.032028191679867,0.55,966,2649,,
Axial progenitor,Hindbrain (r2-r4),6.63934798506706,0.0672250095280873,5.16661411967042,0.00527377364388012,0.26,3170,26863,,
Hindlimb field,Spinal cord (sacral),6.40931330733538,0.0667000093610648,3.91261834922639,0.0172485773039425,0,6150,5351,,
Allantois,Second heart field,5.42847985223415,0.0661398481556162,0.772229874085981,0.00147621906117476,0.67,78,6952,,
Cranial neural crest,Hindlimb field,6.42407048640027,0.0657756330977215,4.54629540777175,0.0133263313446053,0,9523,6150,,
Extraembryonic mesoderm,Surface ectoderm,5.73601150286356,0.0656907402741975,2.88785256300242,0.024681136320229,0.1,5300,2649,,
Epibranchial sensory neuron,Epicardium,5.70089230277517,0.0642187874170184,2.57056604916779,0.00218868665389876,0.63,1270,1288,,
Autonomic progenitor,Hemogenic endothelium,5.64328202936986,0.0636719455377307,1.13006509308788,0.00228032918589778,0.65,3416,141,,
Dorsal root ganglion progenitor,Hindbrain (r2-r4),6.4059489620356,0.0634115204532517,3.10074381169242,0.0133049389388732,0.03,921,26863,,
Epibranchial placode,Roof plate,6.17673974383129,0.0616063045108343,3.89304330987811,0.00482437522549971,0.95,3606,6035,,
Midbrain neuron,Somatic motor neuron,6.50985276392947,0.0610391236943828,4.01106649013738,2.36666799964005e-05,0,4463,6559,,
Epibranchial sensory neuron,Splanchnic mesoderm,6.19462920178417,0.0608087555448812,2.89239687142648,0.00144270648045758,0.17,1270,21642,,
Cranial motor neuron,Presomitic mesoderm,6.37202940820241,0.0607738266177483,3.76229372896778,0.00210584786545485,0.46,3730,8521,,
First heart field,Hepatoblast,5.56031253301041,0.0606340500718385,1.67688027095608,0.00799477215983516,0.02,1531,1255,,
Allantois,Forelimb field,5.53650898421488,0.0600892638380491,0.848234029597249,0.00580880736621958,0.93,78,25891,,
Midbrain,Pharyngeal arch mesenchyme,6.54551614912313,0.0593693658579758,9.37127222556572,0.0045817585774355,0.29,21466,39085,,
Epicardium,Hemogenic endothelium,5.49817403814855,0.0593341873063293,0.997976671955608,8.06713863749978e-05,0.48,1288,141,,
Autonomic progenitor,Hindbrain (r2-r4),6.44712594033483,0.0590194367566792,4.47645086275965,0.00402086234229405,0.71,3416,26863,,
Hindbrain (r5-r8),Pharyngeal arch mesenchyme,6.70721419825511,0.0588637101568873,9.34457190153425,0.0017342525268237,0.09,28972,39085,,
Amniotic ectoderm,Trigeminal ganglion neuron,5.84038000047445,0.058776128490494,2.42762787341596,0.000666345663253746,0.17,2288,1765,,
Pharyngeal arch mesenchyme,Surface ectoderm,6.08699393349324,0.0587230570014742,4.35161828187887,0.00806483933372026,0.07,39085,2649,,
Autonomic progenitor,Somatic mesoderm,6.52036340498246,0.05864800123195,3.94930309470246,0.00700608787647517,0.02,3416,66151,,
Lens placode,Vagal neural crest,6.08613284625239,0.058601820734515,3.47411731354821,0.0195851742049693,0.36,2811,4937,,
Intermediate mesoderm,Roof plate,6.66702782876225,0.0584336695604144,4.60129201454405,0.010044226457377,0,10656,6035,,
Endocardial cell,Hindgut,5.62826887723306,0.057980789109895,2.20115897905261,0.0151843677419943,0,1558,3029,,
Dorsal root ganglion progenitor,Hemogenic endothelium,5.59216258604551,0.0579048266992296,0.820575505799036,0.00203830021086962,0.89,921,141,,
Epibranchial placode,Sacral neural crest,5.89399218539909,0.057459540779481,2.80105770824927,0.0012294640807401,0.4,3606,2156,,
Epidermal progenitor,Second heart field,6.19849257262883,0.0570526354380739,5.14902204602982,0.00779401991491534,0,24337,6952,,
Olfactory sensory neuron,Sacral neural crest,5.82964470852346,0.057051140376374,1.22628474832025,0.00736015728961994,0.3,389,2156,,
Hematopoietic progenitor,Midgut,5.07616390636547,0.0568507710127921,0.759749470409631,0.0876116653510428,0.12,87,1667,,
Autonomic neuron,Hindbrain (r2-r4),5.89462378930256,0.0567378464252312,1.09024730940909,0.001712743992135,0.94,142,26863,,
Floor plate,Sclerotome,6.74665867653542,0.0566982554344199,6.49577358197859,0.0156318404081978,0,16788,74334,,
Cranial motor neuron,Nascent somite,6.35232282558816,0.056659976378351,3.29482169872349,0.00186152777080076,0.59,3730,6475,,
Forelimb field,Myotome,6.38519212937688,0.0563886966359987,3.21434770577559,0.0041061795159065,0.19,25891,2201,,
Dermomyotome,Splanchnic mesoderm,6.90938439169051,0.0563563250189217,8.30563354419126,0.00741441094344534,0.02,47263,21642,,
Eye field,Somatic motor neuron,6.41822869058719,0.056104442064736,4.29054618138629,0.0115196767857774,0.18,8896,6559,,
Endocardial cell,Midgut,5.62610870426854,0.0559197660778476,1.81396369495493,0.0439495502690701,0,1558,1667,,
Dorsal root ganglion neuron,Somatic mesoderm,6.45705254455079,0.0552644955673461,2.6047873850227,0.00312469633960279,0.38,1179,66151,,
Autonomic neuron,Endothelial progenitor,5.74857538716693,0.0533530085514769,-0.230755298434256,0.0607985322955236,1,142,1988,,
Frontonasal mesenchyme,Sacral neural crest,6.23013791470864,0.05327834349059,3.37692475725819,0.000554630284259718,0.06,24672,2156,,
Amniotic ectoderm,Juxtacardiac field,5.7380556974391,0.0531076020087499,1.39827385134433,0.0119401104763917,0,2288,1386,,
Diencephalon,Spinal cord (cervical),6.67298699508406,0.052735090774797,7.72431345000912,0.00723065002025204,0,14353,41051,,
Axial progenitor,Somatic mesoderm,6.69926609129689,0.0526068589034398,4.10297065221185,0.00440383039196222,0.25,3170,66151,,
Olfactory sensory neuron,Vagal neural crest,5.94535125964024,0.0520643096455426,1.22943645863643,0.000296893202756978,0.49,389,4937,,
Frontonasal mesenchyme,Hindbrain (isthmic organizer),6.35125390426588,0.0520516660421887,4.96452191777602,0.00755948302927562,0.17,24672,3921,,
Frontonasal mesenchyme,Trunk neural crest,6.33899216567048,0.0513971170065037,5.25793953647114,0.0064490652161844,0,24672,6809,,
Epibranchial sensory neuron,Trunk neural crest,5.95949951864107,0.0490521265015472,3.03059517499634,0.0171919345634009,0,1270,6809,,
Amniotic ectoderm,Second heart field,5.95089312405525,0.0489152378651397,3.13226684920466,0.00122199242129448,0.5,2288,6952,,
Hindgut,Notochord,5.4442559185947,0.0485908544148386,2.29732745489487,0.00144177240473273,0.35,3029,956,,
Somatic mesoderm,Vagal neural crest,6.64372503991176,0.048531261673926,4.34274745341394,0.00646473232628872,0.01,66151,4937,,
Allantois,Intermediate mesoderm,5.68118578487222,0.0476247473225909,0.700247535850284,0.0100318903908665,0.96,78,10656,,
Cranial neural crest,Epibranchial placode,6.11020546643089,0.0473523248816603,3.3185805362834,0.00157807943454937,0.48,9523,3606,,
Endocardial cell,Foregut,5.66782141388003,0.0473461024076128,2.01694292277187,0.0107419738041304,0.11,1558,2432,,
Endocardial cell,Pharyngeal endoderm,5.76461608181101,0.0473358559509626,2.24138404990865,0.0118249298076442,0,1558,5045,,
Hindbrain (r2-r4),Presomitic mesoderm,6.69050192244084,0.0473207832062361,5.36824552566024,0.0014524579227948,0.77,26863,8521,,
Midbrain,Trigeminal ganglion neuron,6.19794674297547,0.0458704212936105,2.56508654965075,0.0129889528990228,0,21466,1765,,
Epibranchial sensory neuron,Extraembryonic mesoderm,5.70546582486272,0.0456853160965845,1.86119001481365,0.00301112562093066,0.48,1270,5300,,
Endocardial cell,Macrophage,5.4384796790136,0.045495755562691,1.8461889011099,0.00321215500823536,0.52,1558,966,,
Hindlimb field,Spinal cord (lumbar),6.45337084518063,0.0453978814213356,3.12506714271783,0.0163367704662208,0,6150,12722,,
Sclerotome,Somatic mesoderm,6.95694650435147,0.0446931975184584,9.71186742726411,0.00351916424949908,0,74334,66151,,
Dermomyotome,Trunk neural crest,6.67361365374126,0.0444410453948238,4.16192567196635,0.000365044255456947,0,47263,6809,,
Otic placode,Somatic mesoderm,6.31652319374922,0.0438377067916352,2.62249917495967,0.00205729544939792,0.49,2365,66151,,
Allantois,Cranial neural crest,5.62768195513328,0.0431610121484255,0.359996665173875,0.00609969569578848,0.98,78,9523,,
Cranial motor neuron,Sclerotome,6.54726683655077,0.0431323179408194,2.96282250465929,0.0043253503101012,0.05,3730,74334,,
Epibranchial sensory neuron,Juxtacardiac field,5.63119732971634,0.0428883171659165,1.27122968488501,0.00259694563189493,0.92,1270,1386,,
Extraembryonic mesoderm,Foregut,5.64299432275421,0.042440033610999,2.97397124976173,0.00243535321526016,0.83,5300,2432,,
Mesothelium,Olfactory sensory neuron,5.57698830707165,0.0424396882912031,0.453202398563983,0.0345022080933812,0.83,346,389,,
Amniotic ectoderm,Epicardium,5.77837638022279,0.0422588131123988,1.41419999117449,0.00349042535992987,0.93,2288,1288,,
First heart field,Hematopoietic progenitor,5.31609171054271,0.0421044259700836,0.618017207746818,0.0172674636928974,0.06,1531,87,,
Mesothelium,Pharyngeal mesoderm,5.8405479918154,0.0415985737201654,1.00371937960902,0.0179164705846364,0.6,346,7691,,
Hemogenic endothelium,Olfactory sensory neuron,5.36115291782251,0.0400259021492047,0.610019359397151,0.0105316859629577,0.51,141,389,,
Endothelial progenitor,Sacral neural crest,6.30107952451988,0.0398587888395326,1.66044203009031,0.00944124636305989,0,1988,2156,,
Endothelial progenitor,Hemogenic endothelium,5.84270686051053,0.0396607112911956,0.624286224768033,0.0311129122564148,0.97,1988,141,,
Dermomyotome,Spinal cord (cervical),6.974757891317,0.0382177363114646,7.62369562566059,1.50510700909582e-05,0,47263,41051,,
Allantois,Pharyngeal arch mesenchyme,5.6206524459872,0.0374317599416433,0.268913476734149,0.00942168570419307,0.99,78,39085,,
Hypaxial myogenic progenitor,Pharyngeal mesoderm,6.2287115302095,0.0364866439510314,2.95213347356103,1.16228103987291e-05,0.01,5322,7691,,
Epidermal progenitor,Intermediate mesoderm,6.45093934900112,0.035751395200186,4.54610368180548,0.00306988659055211,0.05,24337,10656,,
Otic sensory neuron,Trunk neural crest,5.89938045803737,0.0353414297966221,1.63607848252058,0.00791804492727221,0.08,974,6809,,
Epibranchial sensory neuron,Macrophage,5.29105131231087,0.0348211776761481,0.310061847136974,0.0152413399114012,0.52,1270,966,,
Juxtacardiac field,Notochord,5.58502193611285,0.0346141489853275,1.27714646636735,0.00350003834640219,0.15,1386,956,,
Olfactory sensory neuron,Trunk neural crest,5.92392356712132,0.034406579759531,0.923292102715319,0.000516356321765205,0.74,389,6809,,
Somatic mesoderm,Spinal cord (sacral),6.7195758769116,0.0330867751650731,3.12339006469756,0.00529480148268404,0,66151,5351,,
Somatic mesoderm,Trigeminal placode,6.53946620609062,0.0324673650778321,4.31500079415753,0.00445311831703451,0.03,66151,6546,,
Dermomyotome,Endothelial cell,6.88086961707044,0.0324138400343768,3.45016334554142,0.00185041295801453,0.43,47263,9605,,
Epicardium,Megakaryocyte,5.49703169152851,0.0320329887660992,0.903132780394077,0.0019093861134463,0.87,1288,482,,
Hindlimb field,Sclerotome,6.59946170779654,0.0309511889457025,3.12426457413965,6.22007245352455e-05,0.02,6150,74334,,
Hindbrain (r1),Spinal cord (thoracic),6.68447381915343,0.0308870002298098,3.8242465641431,0.00260190424251794,0.03,16440,35061,,
Epibranchial sensory neuron,Roof plate,6.10736178929699,0.0308318585865796,1.84055629543475,0.0127317067384859,0.13,1270,6035,,
Juxtacardiac field,Otic sensory neuron,5.57014812434824,0.0295881069148655,1.0175677149207,0.00332785346614815,0.27,1386,974,,
Dorsal root ganglion neuron,Surface ectoderm,5.75616542098627,0.0292812689281432,1.01669684925382,0.00202346509026913,0.59,1179,2649,,
Hematopoietic progenitor,Surface ectoderm,5.16054438041867,0.0291889833795465,0.173615401427701,0.0361847215172459,0.91,87,2649,,
Dermomyotome,Floor plate,6.746747608232,0.0291882089470435,3.41262695273298,0.00780982441394475,0,47263,16788,,
Endothelial progenitor,Nascent somite,6.51731989591764,0.0284196024324924,1.22477565725334,0.00150792198765538,0.48,1988,6475,,
Extraembryonic mesoderm,Pharyngeal endoderm,5.72476312560055,0.0281036151984084,2.13534522863335,0.00177918455306378,0.95,5300,5045,,
Otic sensory neuron,Somatic mesoderm,6.2029924990946,0.0276273716010484,1.21281677650224,0.00400961908444769,0.49,974,66151,,
Epidermal progenitor,Forelimb field,6.28427816854306,0.0274722339912057,3.36829068998355,0.00321147802531205,0,24337,25891,,
Lens placode,Telencephalon,6.16724735269995,0.0274066899380007,2.18531270252169,0.00723280636864369,0,2811,34300,,
Dorsal root ganglion progenitor,Splanchnic mesoderm,6.35567324500655,0.0270112609566499,0.774786148339741,0.0078442236378701,0.01,921,21642,,
Somatic mesoderm,Trigeminal sensory neuron,6.43080000386638,0.0269360827047068,1.94495586040459,0.000181084798666548,0.46,66151,3198,,
Pharyngeal arch mesenchyme,Spinal cord (cervical),6.72072851456867,0.0265602407571841,5.30764258646365,0.000429562762375193,0.02,39085,41051,,
Hindbrain (r2-r4),Sacral neural crest,6.42601029365454,0.0262523838196709,1.61119259590905,0.00247636792185621,0.11,26863,2156,,
Epibranchial sensory neuron,Primordial germ cell,4.77010880029468,0.0253411930706506,0.0821820717346692,0.015450465085323,0.56,762,25,,
Endocardial cell,Megakaryocyte,5.53309969226206,0.0246266156973486,0.84007576806141,0.00132957613664738,0.67,1558,482,,
Hindbrain (r2-r4),Trunk neural crest,6.53496618967152,0.0240699908282395,2.28129939429897,0.00562696199393321,0.02,26863,6809,,
Epibranchial placode,Juxtacardiac field,5.64890204704969,0.0234828904097333,0.641461187778159,0.00488632815092207,0.14,3606,1386,,
Hindbrain (r2-r4),Nascent somite,6.65071316045112,0.0232473746447118,2.73077721722664,0.00516024656795176,0,26863,6475,,
Sclerotome,Splanchnic mesoderm,6.8491307884603,0.0229112223356337,3.48225497302747,0.00265150609217868,0.54,74334,21642,,
Endocardial cell,Hemogenic endothelium,5.50554507151772,0.0225401145162305,0.619393839565939,0.00867375774120537,0.22,1558,141,,
Diencephalon,Roof plate,6.50391529999788,0.02237809992955,2.02550824873623,0.000424683736720885,0.72,14353,6035,,
Epibranchial placode,Epicardium,5.69885670678727,0.0219120778457539,0.926378932268034,0.00240952788878926,0.54,3606,1288,,
Epicardium,Otic sensory neuron,5.61278397678745,0.0212061353802453,0.665529253669383,0.00150217714884348,0.67,1288,974,,
Sacral neural crest,Splanchnic mesoderm,6.41108790091245,0.0205116118917931,1.08980049545301,0.0118478592692416,0.14,2156,21642,,
Macrophage,Notochord,5.23522577682196,0.0198710450140276,0.355446991468555,0.00780582331221175,0.17,966,956,,
Frontonasal mesenchyme,Hindlimb field,6.27535840522001,0.0195044627362192,1.67885597255202,0.00897359263869827,0.04,24672,6150,,
Hemogenic endothelium,Sacral neural crest,5.61823329363596,0.0193159419660068,0.216059868757277,0.00397075934354134,0.83,141,2156,,
Endocardial cell,Endothelial progenitor,6.16595802774066,0.0184632832171119,1.01213059377541,0.00319309722962156,0.73,1558,1988,,
Epibranchial placode,Macrophage,5.30753727664176,0.0180940568091131,-0.672750660845572,0.0513422933635132,0.11,3606,966,,
Epibranchial sensory neuron,Sacral neural crest,5.81536263293768,0.0173670444952215,0.824589581416266,0.0180593295362354,0.14,1270,2156,,
Foregut,Juxtacardiac field,5.54518879124103,0.0169440942070225,0.304437702018837,0.0137488046407516,0.05,2432,1386,,
Otic sensory neuron,Second heart field,5.77465377977031,0.0166094385523116,0.714221984893747,0.00574818508055711,0.75,974,6952,,
First heart field,Notochord,5.66870369055195,0.0163431263350647,0.577091181400611,0.00484440019064428,0.38,1531,956,,
Mesothelium,Primordial germ cell,4.82163645249583,0.0162257384458524,-0.11358545145739,0.0216406683003166,0.55,249,25,,
Hypothalamus,Notochord,5.7796011279479,0.0162098472220699,0.526063062179986,0.00526201062343214,0.35,7652,956,,
Arterial endothelial cell,Trigeminal placode,6.02778610953524,0.0157634426581638,0.492760741292015,0.00037956101756121,1,645,6546,,
Epicardium,Epidermal progenitor,5.99091394963666,0.0153863319270373,0.574519758804247,0.0050810086075766,0.57,1288,24337,,
Dorsal root ganglion neuron,Hindbrain (r2-r4),6.34203326612288,0.0146776783445619,1.19358049928086,0.00576396178886314,0.22,1179,26863,,
Myotome,Nascent somite,6.45024007153825,0.0137576819726475,0.783505964398496,0.005481221519335,0.53,2201,6475,,
Hematopoietic progenitor,Hindgut,5.02683569857131,0.0137322700790913,0.203840252034204,0.00896802402017576,0.88,87,3029,,
Dorsal root ganglion neuron,Olfactory sensory neuron,5.71424226095851,0.013442083215707,0.457034049298646,0.00645859378499049,0.94,1179,389,,
Frontonasal mesenchyme,Surface ectoderm,5.94351521534368,0.0133478066073916,1.5787146458341,0.0292903102703716,0,24672,2649,,
Eye field,Spinal cord (cervical),6.57759828888821,0.012848147517029,1.55906119259633,0.00873949047192534,0.11,8896,41051,,
Mesothelium,Otic sensory neuron,5.52484428978537,0.0123292033818745,0.161666436549325,0.0023483938751181,0.97,346,974,,
Autonomic neuron,Telencephalon,5.71899043078919,0.0117911384619674,0.345379435982432,0.00398108665646116,0.84,142,34300,,
Frontonasal mesenchyme,Hindbrain (r2-r4),6.53567843661485,0.0117891082433265,3.17138106306164,0.00362967043554777,0.1,24672,26863,,
Sacral neural crest,Surface ectoderm,5.81632462767948,0.0117465985880243,0.503401677094708,5.47241261714786e-06,0.75,2156,2649,,
Amniotic ectoderm,Splanchnic mesoderm,6.24181488768047,0.0111545144515451,1.25238211761651,0.00989760133118158,0.54,2288,21642,,
Hemogenic endothelium,Mesothelium,5.3671760961223,0.010879969517358,0.364182655185567,0.0205929589040612,0.89,141,346,,
Forelimb field,Sacral neural crest,6.18314714396469,0.0107769134067477,0.428841487263566,0.00946823179073629,0.04,25891,2156,,
Arterial endothelial cell,Dorsal root ganglion progenitor,5.93395058338417,0.0106008032308479,0.250388358423995,0.00143685389028565,0.5,645,921,,
Arterial endothelial cell,Lens placode,5.84051418224819,0.0103523847660171,0.314324228941558,0.00589987733800019,0.18,645,2811,,
Epicardium,Pharyngeal endoderm,5.68074508731735,0.010179654100094,0.438546988702343,0.00141903394203831,0.52,1288,5045,,
Mesothelium,Surface ectoderm,5.57803915324362,0.0100496788540933,0.281737186180886,0.00961661019708825,0.51,346,2649,,
Dorsal root ganglion neuron,Hemogenic endothelium,5.53066664244898,0.00995882314206545,0.256677852806105,0.00594890741536272,0.57,1179,141,,
Cranial neural crest,Spinal cord (thoracic),6.64132442910364,0.00995577271798116,1.0131027555777,0.00156445692948679,0,9523,35061,,
Epibranchial placode,Forelimb field,5.96434754595523,0.00712096901191087,0.58940307558485,0.000270448659665547,0.49,3606,25891,,
Diencephalon,Pharyngeal arch mesenchyme,6.43115895044379,0.00692509664386253,0.87641452879117,0.000709194359350975,0.35,14353,39085,,
Allantois,Frontonasal mesenchyme,5.49829465015496,0.00690530971782887,-0.184963998503399,0.0200514576388891,0.66,78,24672,,
Arterial endothelial cell,Otic placode,5.7868637285624,0.00579400491194981,0.136564990892979,0.00373289694460409,0.55,645,2365,,
Hemogenic endothelium,Intermediate mesoderm,5.88120863713435,0.00506896216425693,0.149529483145015,0.0382796527724469,0.51,141,10656,,
Juxtacardiac field,Midgut,5.47788548935047,0.00428259386487154,-0.708116781834625,0.0263427951850577,0.22,1386,1667,,
Forelimb field,Surface ectoderm,5.93079809397114,0.00342610976685531,-0.241941708877473,0.00357454431087811,0.29,25891,2649,,
Olfactory placode,Somatic mesoderm,6.40976022209063,0.00302050502027354,0.256883169772568,0.00188139886108495,0.16,5872,66151,,
Epicardium,Mesothelium,5.64748568781578,0.00205190272689955,0.133537723524943,0.00662179693452142,0.64,1288,346,,
Lens placode,Second heart field,5.91161536275507,0.00144909823650429,-0.166995355445165,0.0179705581274813,0,2811,6952,,
Epibranchial sensory neuron,Pharyngeal endoderm,5.57881705654859,0.00123497856981883,0.156256217765196,0.0538922445100336,0,1270,5045,,
Arterial endothelial cell,Trigeminal sensory neuron,5.90830807452051,0.000876573956163362,0.0503406716798096,0.00558531388180134,0.46,645,3198,,
Spinal cord (cervical),Telencephalon,6.7064804300484,0.000867274466126666,1.75586354896603,0.00550524459213807,0,41051,34300,,
Arterial endothelial cell,Mesothelium,5.74603938105655,0.000848285268527722,0.327298282646995,0.0231324202038481,0.17,645,346,,
Autonomic neuron,Endocardial cell,5.36586349129854,0.000785898521454756,-1.12793922613597,0.0434871495401258,0.07,142,1558,,
Myotome,Myotome,9.50000000002296,1.95399252334027e-14,0.000195360237966666,1.26217744835361e-29,1,2201,2201,,
Amniotic ectoderm,Amniotic ectoderm,9.50000000001003,1.36187357687352e-14,0.000136168322565966,7.36270178206277e-30,1,2288,2288,,
Floor plate,Floor plate,9.50000000001222,1.24344978758017e-14,0.00012431185471995,3.43943354676361e-28,1,16788,16788,,
Pharyngeal arch mesenchyme,Pharyngeal arch mesenchyme,9.50000000000647,1.00660220899347e-14,9.47150559098e-05,3.41839725595771e-28,1,39085,39085,,
Autonomic progenitor,Autonomic progenitor,9.50000000001189,9.473903143468e-15,0.00010064476194733,7.99379050623958e-29,1,3416,3416,,
Epidermal progenitor,Epidermal progenitor,9.5000000000048,9.473903143468e-15,9.47253598482666e-05,7.04715741997437e-29,1,24337,24337,,
Endocardial cell,Endocardial cell,9.49999999999837,7.105427357601e-15,6.51262480771745e-05,4.10207670714926e-29,1,1558,1558,,
Extraembryonic mesoderm,Extraembryonic mesoderm,9.50000000002771,7.105427357601e-15,5.92013783693333e-05,4.07052227094042e-28,1,5300,5300,,
Hepatoblast,Hepatoblast,9.50000000000323,7.105427357601e-15,8.28884492411813e-05,1.26217744835361e-29,1,1255,1255,,
Macrophage,Macrophage,9.50000000000744,6.51330841113425e-15,7.10410230329666e-05,2.69264522315438e-28,1,966,966,,
Nascent somite,Nascent somite,9.49999999998854,6.51330841113425e-15,6.51193083315e-05,2.81886296798974e-28,1,6475,6475,,
Presomitic mesoderm,Presomitic mesoderm,9.49999999999804,6.51330841113425e-15,6.51212006899333e-05,2.69264522315438e-28,1,8521,8521,,
Vagal neural crest,Vagal neural crest,9.49999999999743,5.9211894646675e-15,5.3286393162714e-05,1.99844762655989e-29,1,4937,4937,,
Hypothalamic neuron,Hypothalamic neuron,9.50000000000619,5.32907051820075e-15,5.32821868460666e-05,3.40787911055477e-28,1,1528,1528,,
Midbrain,Midbrain,9.50000000000293,5.32907051820075e-15,7.10384999556e-05,5.39580859171172e-28,1,21466,21466,,
Surface ectoderm,Surface ectoderm,9.50000000000846,5.32907051820075e-15,4.14427524445e-05,1.98792948115694e-28,1,2649,2649,,
Trigeminal ganglion neuron,Trigeminal ganglion neuron,9.49999999999615,5.32907051820075e-15,4.73627850607333e-05,1.98792948115694e-28,1,1765,1765,,
Epibranchial placode,Epibranchial placode,9.50000000000516,4.736951571734e-15,5.91954908750936e-05,3.16596176628699e-28,1,3606,3606,,
Trunk neural crest,Trunk neural crest,9.50000000001804,4.14483262526725e-15,2.96026871335078e-05,1.71445770068033e-28,1,6809,6809,,
Head paraxial mesoderm,Head paraxial mesoderm,9.50000000000421,2.96059473233375e-15,4.14431730022e-05,2.21932868002178e-28,1,32981,32981,,
Lens placode,Lens placode,9.50000000000299,2.96059473233375e-15,1.18434302880936e-05,2.81886296798974e-28,1,2811,2811,,
Megakaryocyte,Megakaryocyte,9.49999999999977,2.96059473233375e-15,2.36820235966936e-05,2.81886296798974e-28,1,482,482,,
Periocular mesoderm,Periocular mesoderm,9.50000000000432,2.96059473233375e-15,3.55250327555333e-05,4.42813921464061e-28,1,1739,1739,,
Intermediate mesoderm,Intermediate mesoderm,9.5000000000091,2.368475785867e-15,2.36816030837602e-05,3.54461500079307e-28,1,10656,10656,,
Eye field,Eye field,9.50000000000326,1.77635683940025e-15,1.7757574581e-05,3.50254241918129e-28,1,8896,8896,,
Telencephalon,Telencephalon,9.50000000001338,1.77635683940025e-15,1.77563131095333e-05,3.50254241918129e-28,1,34300,34300,,
Trigeminal placode,Trigeminal placode,9.50000000000685,1.77635683940025e-15,1.77600979272254e-05,9.78187522474054e-29,1,6546,6546,,
Hindgut,Hindgut,9.50000000000516,5.9211894646675e-16,5.91687796843446e-06,1.90378431793337e-28,1,3029,3029,,
Roof plate,Roof plate,9.5000000000147,5.9211894646675e-16,1.77544198098572e-05,2.69264522315438e-28,1,6035,6035,,
Diencephalon,Diencephalon,9.50000000000117,-5.9211894646675e-16,-5.92613124650784e-06,3.7970504904638e-28,1,14353,14353,,
Second heart field,Second heart field,9.50000000000314,-5.9211894646675e-16,-5.91708851058482e-06,3.19751620249583e-28,1,6952,6952,,
First heart field,First heart field,9.49999999999942,-1.1842378929335e-15,-1.18432200932902e-05,1.80912100930685e-28,1,1531,1531,,
Foregut,Foregut,9.50000000000655,-1.1842378929335e-15,-2.36811820890029e-05,7.04715741997437e-29,1,2432,2432,,
Olfactory sensory neuron,Olfactory sensory neuron,9.50000000003819,-1.1842378929335e-15,-1.18453227697745e-05,3.60772387321076e-28,1,389,389,,
Cranial motor neuron,Cranial motor neuron,9.50000000000674,-1.77635683940025e-15,-1.77626218113602e-05,1.35684075698014e-28,1,3730,3730,,
Forelimb field,Forelimb field,9.50000000000867,-1.77635683940025e-15,-2.36696163317921e-05,3.43943354676361e-28,1,25891,25891,,
Hematopoietic progenitor,Hematopoietic progenitor,9.49999999997892,-1.77635683940025e-15,-1.77651452248491e-05,3.53409685539013e-28,1,87,87,,
Hindbrain (r5-r8),Hindbrain (r5-r8),9.50000000000693,-1.77635683940025e-15,-2.9602056145691e-05,1.13595970351825e-28,1,28972,28972,,
Midbrain neuron,Midbrain neuron,9.49999999999483,-1.77635683940025e-15,-1.77512657447254e-05,2.87145369500448e-28,1,4463,4463,,
Otic placode,Otic placode,9.50000000001204,-1.77635683940025e-15,-5.91877069660238e-06,1.35684075698014e-28,1,2365,2365,,
Sacral neural crest,Sacral neural crest,9.49999999998493,-1.77635683940025e-15,-1.77632527319411e-05,1.54616737423318e-28,1,2156,2156,,
Sclerotome,Sclerotome,9.50000000000578,-1.77635683940025e-15,-2.95982709246151e-05,2.30347384324535e-28,1,74334,74334,,
Spinal cord interneuron,Spinal cord interneuron,9.50000000000075,-1.77635683940025e-15,-1.77638835517078e-05,2.65057264154259e-28,1,12470,12470,,
Allantois,Allantois,9.49999999991471,-2.368475785867e-15,-2.36855984211999e-05,3.60772387321076e-28,1,78,78,,
Cranial neural crest,Cranial neural crest,9.49999999999526,-2.368475785867e-15,-2.36780277101666e-05,2.06155649897757e-28,1,9523,9523,,
Endothelial progenitor,Endothelial progenitor,9.49999999999169,-2.368475785867e-15,-3.55239814789333e-05,4.23881259738757e-28,1,1988,1988,,
Autonomic neuron,Autonomic neuron,9.4999999999915,-2.96059473233375e-15,-3.55208268422677e-05,1.02026010408584e-28,1,142,142,,
Dermomyotome,Dermomyotome,9.50000000000324,-2.96059473233375e-15,-3.55233506591666e-05,2.81886296798974e-28,1,47263,47263,,
Dorsal root ganglion progenitor,Dorsal root ganglion progenitor,9.50000000014783,-2.96059473233375e-15,-2.36851778635e-05,3.29217951112235e-28,1,921,921,,
Hindlimb field,Hindlimb field,9.49999999999662,-2.96059473233375e-15,-3.55233506591666e-05,1.4620222110096e-28,1,6150,6150,,
Somatic motor neuron,Somatic motor neuron,9.50000000001181,-3.5527136788005e-15,-3.55267146727333e-05,6.05845175209737e-28,1,6559,6559,,
Spinal cord (thoracic),Spinal cord (thoracic),9.50000000000791,-3.5527136788005e-15,-2.9602056145691e-05,1.13595970351825e-28,1,35061,35061,,
Axial progenitor,Axial progenitor,9.50000000000826,-4.14483262526725e-15,-5.32784018267269e-05,2.28243755243946e-28,1,3170,3170,,
Epibranchial sensory neuron,Epibranchial sensory neuron,9.50000000001363,-4.14483262526725e-15,-4.14431730021999e-05,1.02026010408584e-28,1,1270,1270,,
Spinal cord (lumbar),Spinal cord (lumbar),9.50000000000291,-4.14483262526725e-15,-3.55157800153666e-05,1.90378431793337e-28,1,12722,12722,,
Epicardium,Epicardium,9.50000000002443,-4.736951571734e-15,-5.32834485863921e-05,1.08336897650352e-28,1,1288,1288,,
Hindbrain (isthmic organizer),Hindbrain (isthmic organizer),9.50000000001883,-4.736951571734e-15,-5.32830280062746e-05,1.08336897650352e-28,1,3921,3921,,
Hypaxial myogenic progenitor,Hypaxial myogenic progenitor,9.50000000001281,-4.736951571734e-15,-4.14427524445e-05,2.72419965936322e-28,1,5322,5322,,
Pharyngeal endoderm,Pharyngeal endoderm,9.50000000000552,-4.736951571734e-15,-4.14431730022e-05,1.39891333859192e-28,1,5045,5045,,
Endothelial cell,Endothelial cell,9.50000000001707,-5.32907051820075e-15,-5.32821868460666e-05,4.00741339852274e-28,1,9605,9605,,
Hemogenic endothelium,Hemogenic endothelium,9.49999999993848,-5.32907051820075e-15,-5.92015886314e-05,3.40787911055477e-28,1,141,141,,
Hindbrain (r1),Hindbrain (r1),9.5000000000065,-5.9211894646675e-15,-5.32828176993842e-05,1.3042500299654e-28,1,16440,16440,,
Splanchnic mesoderm,Splanchnic mesoderm,9.50000000000115,-6.51330841113425e-15,-5.91980138180243e-05,1.84067544551569e-28,1,21642,21642,,
Mesothelium,Mesothelium,9.50000000000168,-8.2896652505345e-15,-8.28773034702e-05,4.49124808705829e-28,1,346,346,,
Arterial endothelial cell,Arterial endothelial cell,9.49999999999655,-9.473903143468e-15,-0.000112489453740415,1.68290326447149e-29,1,645,645,,
Notochord,Notochord,9.50000000000846,-9.473903143468e-15,-9.47194714128255e-05,2.09311093518641e-28,1,956,956,,
Olfactory placode,Olfactory placode,9.50000000000187,-1.00660220899347e-14,-9.47163176501255e-05,2.59798191452786e-28,1,5872,5872,,
Spinal cord (sacral),Spinal cord (sacral),9.50000000002287,-1.00660220899347e-14,-0.000106569841681882,7.36270178206277e-30,1,5351,5351,,
Pharyngeal mesoderm,Pharyngeal mesoderm,9.50000000000815,-1.06581410364015e-14,-0.000112476415241292,2.39813715187187e-28,1,7691,7691,,
Trigeminal sensory neuron,Trigeminal sensory neuron,9.50000000001426,-1.06581410364015e-14,-0.000112481462202718,1.54616737423318e-28,1,3198,3198,,
Hindbrain (r2-r4),Hindbrain (r2-r4),9.50000000000364,-1.12502599828682e-14,-0.000112479360086449,1.33580446617424e-28,1,26863,26863,,
Frontonasal mesenchyme,Frontonasal mesenchyme,9.50000000001035,-1.1842378929335e-14,-0.000106564163430066,1.17803228513004e-28,1,24672,24672,,
Hypothalamus,Hypothalamus,9.50000000001257,-1.53950926081355e-14,-0.000159845088737466,4.52280252326713e-29,1,7652,7652,,
Midgut,Midgut,9.50000000001239,-1.53950926081355e-14,-0.000153926317704666,1.36735890238308e-29,1,1667,1667,,
Somatic mesoderm,Somatic mesoderm,9.50000000000064,-1.53950926081355e-14,-0.000159844668179766,3.89171379909032e-29,1,66151,66151,,
Juxtacardiac field,Juxtacardiac field,9.50000000001618,-1.6579330501069e-14,-0.000165764911013266,1.36735890238308e-29,1,1386,1386,,
Dorsal root ganglion neuron,Dorsal root ganglion neuron,9.50000000001258,-1.71714494475357e-14,-0.000171683892285666,1.68290326447149e-29,1,1179,1179,,
Spinal cord (cervical),Spinal cord (cervical),9.50000000000485,-1.71714494475357e-14,-0.000171681579571166,5.15389124744394e-29,1,41051,41051,,
Otic sensory neuron,Otic sensory neuron,9.49999999999199,-1.8947806286936e-14,-0.0001953608686856,1.05181454029468e-30,1,974,974,,
Primordial germ cell,Primordial germ cell,9.50000000006577,-2.04281036531028e-14,-0.0001953610789252,1.57772181044202e-30,1,25,25,,
Juxtacardiac field,Mesothelium,5.60718860157958,-1.67511096410185e-05,-0.0638208459266094,0.00338257654066531,0.73,1386,346,,
Arterial endothelial cell,Dorsal root ganglion neuron,5.90178476089055,-0.000677689530268921,-0.0152815593433568,0.00386702844175711,0.67,645,1179,,
Forelimb field,Otic sensory neuron,5.87158927362982,-0.00156156021316652,0.223131855150338,0.00334787812370087,0.96,25891,974,,
Myotome,Spinal cord (lumbar),6.48242942093132,-0.00218016396323358,0.00402831038647584,0.0061032545669052,0.71,2201,12722,,
Hematopoietic progenitor,Juxtacardiac field,5.17366129730546,-0.00227111025897415,-0.0723987802884455,0.000807812010594052,0.93,87,1386,,
Epibranchial sensory neuron,Forelimb field,5.91557632195369,-0.00261728148930225,0.327945631540668,0.00289206225399501,0.87,1270,25891,,
Forelimb field,Otic placode,5.96940628732139,-0.00262723852756015,-0.354362838247971,0.00155505895995172,0.49,25891,2365,,
Hindbrain (isthmic organizer),Spinal cord (thoracic),6.52363481735629,-0.00266342451724336,-0.153562375832247,0.000414182741345238,0.89,3921,35061,,
First heart field,Hemogenic endothelium,5.4830352946263,-0.00300398089400211,-0.0211083849728167,0.00549241687076176,0.69,1531,141,,
Megakaryocyte,Periocular mesoderm,5.23385584127795,-0.00330358153723716,0.201781638119242,0.0127345647307002,0.51,482,1739,,
Endocardial cell,Surface ectoderm,5.68592288394504,-0.00332043272402297,-0.185048731748501,0.018111770930108,0,1558,2649,,
Autonomic progenitor,Telencephalon,6.26964046437339,-0.00359061691657203,-0.685974592954114,0.00083492903377159,0.67,3416,34300,,
Somatic motor neuron,Telencephalon,6.49638093624452,-0.00421735952028671,-0.266588550511386,0.00159245312878612,0.89,6559,34300,,
Hemogenic endothelium,Pharyngeal arch mesenchyme,5.81936547867532,-0.0042501468061206,0.0468432852146812,0.00467109401410906,0.6,141,39085,,
Endothelial progenitor,Presomitic mesoderm,6.50229594142137,-0.00522901220921253,-0.41651316145392,0.000988344646201049,0.63,1988,8521,,
Amniotic ectoderm,Endocardial cell,5.77680136660158,-0.00546770768248835,0.0323289836826991,0.0113647276827114,0.95,2288,1558,,
Dorsal root ganglion progenitor,Endothelial progenitor,6.19791482565086,-0.00557483937533328,-0.114608195575963,0.00491076788215372,0.21,921,1988,,
Juxtacardiac field,Pharyngeal endoderm,5.61336509662063,-0.00618745093396633,-1.04463844442047,0.0145891406393919,0.71,1386,5045,,
Dorsal root ganglion progenitor,Mesothelium,5.75231365019696,-0.00656195656656954,-0.0171070589139354,0.00120535845791352,0.77,921,346,,
Surface ectoderm,Vagal neural crest,5.91969267717632,-0.00740320323958136,-0.188576243594752,0.000921452205262619,0.27,2649,4937,,
Intermediate mesoderm,Surface ectoderm,6.07632704091983,-0.00827247413793438,-0.150876810512139,0.00256240171806969,0.13,10656,2649,,
First heart field,Megakaryocyte,5.50212749588877,-0.00849116207921281,-0.0875512292567,0.00372101096531444,0.86,1531,482,,
Dorsal root ganglion neuron,Splanchnic mesoderm,6.30511301200353,-0.00851832130322716,-0.431926194533566,0.00143468990905869,0.31,1179,21642,,
Allantois,Pharyngeal mesoderm,5.33089754932157,-0.00874080511713781,-0.344588642903155,0.00815027723542761,0.71,78,7691,,
Lens placode,Splanchnic mesoderm,6.23365847487625,-0.00885458219712168,-0.567469647549664,0.00149056756485361,0.17,2811,21642,,
Hepatoblast,Juxtacardiac field,5.39653665759212,-0.0088770592138303,-0.616084517204984,0.00691092009831869,0.16,1255,1386,,
Hypaxial myogenic progenitor,Second heart field,6.20154794137918,-0.00934135071788026,-0.51275750474194,0.00187740990586968,0.01,5322,6952,,
Cranial motor neuron,Dermomyotome,6.52220145569203,-0.00982574923635878,-0.979543662506837,0.00173090621176142,0.71,3730,47263,,
Hemogenic endothelium,Trunk neural crest,5.69288750441386,-0.00983447962898983,-0.154637864664089,0.000894326590609598,0.87,141,6809,,
Telencephalon,Trigeminal sensory neuron,6.20303600314136,-0.0110172086891472,-0.778276374508647,0.0114077722090895,0.31,34300,3198,,
Endothelial cell,First heart field,6.25986371141485,-0.0116949860823737,-0.599680388353626,0.000415766767498876,0.6,9605,1531,,
Endocardial cell,Hematopoietic progenitor,5.26042619379344,-0.0122658682955269,-0.149946533372835,0.00786227443151233,0.37,1558,87,,
Forelimb field,Lens placode,6.01506265593655,-0.0123070668466572,-0.844891666338728,0.000134311025250009,0.92,25891,2811,,
Megakaryocyte,Surface ectoderm,5.36977718011905,-0.0123401237162239,-0.296505039810947,0.0245354241109534,0.55,482,2649,,
Head paraxial mesoderm,Mesothelium,5.899942356602,-0.0128387298881508,-0.495931649116199,0.0150210047808636,0.45,32981,346,,
Allantois,Hindgut,4.9810228346679,-0.0128716604408154,-0.222202746406302,0.000390630567446354,1,78,3029,,
Autonomic neuron,Juxtacardiac field,5.25855732251004,-0.0134388893671741,-1.10968053414631,0.032834155362402,0.13,142,1386,,
Dorsal root ganglion progenitor,Forelimb field,6.10040507462574,-0.0135292679508447,-0.72233805761023,0.0029407903853459,0.29,921,25891,,
Autonomic neuron,Dermomyotome,5.93041308950661,-0.0141740347944831,-0.83486753605583,0.0334054496208753,0.4,142,47263,,
Allantois,Head paraxial mesoderm,5.44023969148393,-0.0147204822845644,-0.401300444577971,0.0276000807629655,0.21,78,32981,,
Myotome,Notochord,5.90331608409529,-0.0147449506214325,-0.491643547286636,0.00572429630535925,0.31,2201,956,,
Endothelial cell,Surface ectoderm,6.11957204764659,-0.015523097041458,-0.979713432457994,0.000289482550495093,0.98,9605,2649,,
Eye field,Roof plate,6.4101238196533,-0.0158713221710143,-1.20103290886389,0.000224010643935848,0.94,8896,6035,,
Allantois,Endothelial progenitor,5.55337077510262,-0.016198756021204,-0.243004054922851,0.000829250193950498,0.97,78,1988,,
Midbrain,Spinal cord (thoracic),6.59833919292429,-0.0162272726748261,-2.10863371714762,0.00130096549298716,0.03,21466,35061,,
Telencephalon,Vagal neural crest,6.38988919381849,-0.0171164559865089,-1.62795699065988,0.00126328556735439,0.68,34300,4937,,
Primordial germ cell,Surface ectoderm,4.74455025565382,-0.0171749873583149,-0.0277296238337695,0.0113454309480036,0.59,25,1656,,
Mesothelium,Otic placode,5.59595993874213,-0.0173176708646538,-0.374992376001265,0.00013552648260226,0.8,346,2365,,
Somatic mesoderm,Spinal cord (lumbar),6.73339657410908,-0.0174575373741478,-2.21267498227076,0.0049314368733478,0,66151,12722,,
Amniotic ectoderm,Autonomic neuron,5.30328668965443,-0.0175204661221541,-0.0472822855686467,0.00197151408591052,0.92,2288,142,,
Myotome,Spinal cord (sacral),6.40365975678129,-0.0176441432942227,-1.16207835923802,0.00640834353217644,0.43,2201,5351,,
Juxtacardiac field,Otic placode,5.62371086642227,-0.0178173584060914,-0.684597715782098,0.00132263709474587,0.73,1386,2365,,
Epicardium,Foregut,5.55992546894258,-0.0178953176241665,-0.726698988726515,0.00594137627547381,0.06,1288,2432,,
Splanchnic mesoderm,Trunk neural crest,6.47924659613591,-0.0185797666698522,-2.29231473412758,0.00941287266897522,0.34,21642,6809,,
Autonomic progenitor,Splanchnic mesoderm,6.35648486072463,-0.0186042903706595,-1.43760695928691,0.00124082911322048,0.29,3416,21642,,
Eye field,Pharyngeal arch mesenchyme,6.35104920158778,-0.0189487550636882,-2.19861226146899,0.000703852206472045,0.21,8896,39085,,
Allantois,Periocular mesoderm,4.95212757338508,-0.0196674855258374,-0.0442121518496292,0.0544469912201718,0.67,78,1739,,
Hypothalamus,Spinal cord (thoracic),6.38358038309891,-0.0198416702372874,-2.28715149399703,0.000249809889166898,0.79,7652,35061,,
Extraembryonic mesoderm,Somatic mesoderm,6.31713106367122,-0.0202255169541419,-1.87657152008421,8.45788662618978e-06,0.11,5300,66151,,
Myotome,Presomitic mesoderm,6.43170471551889,-0.0207017946277495,-1.33638765530347,0.00612590203172535,0.26,2201,8521,,
Allantois,Autonomic neuron,4.77610908762413,-0.0207720864805877,-0.00870621365193476,0.0705142134611877,0.51,78,142,,
Endocardial cell,Notochord,5.62780759991875,-0.0215478565213456,-1.4118056167801,0.0209554160649888,0,1558,956,,
Arterial endothelial cell,Otic sensory neuron,5.65756421322478,-0.0217091227478206,-0.37062163545334,0.014601757062321,0.2,645,974,,
Amniotic ectoderm,Dorsal root ganglion progenitor,5.81670799968319,-0.0218574068522408,-0.752505117426454,0.00150130554490984,0.54,2288,921,,
Hindbrain (isthmic organizer),Trigeminal ganglion neuron,6.04122009966165,-0.0221051521944977,-1.09663235804457,0.0119334722179003,0.44,3921,1765,,
Epicardium,Hepatoblast,5.43158991225007,-0.0222480788158199,-0.905600516989317,0.000910583955714694,0.72,1288,1255,,
Notochord,Sclerotome,6.18007176336835,-0.0224593236240095,-0.991737713212753,0.0021236902038672,0.55,956,74334,,
Axial progenitor,Myotome,6.35937859036346,-0.0231797665084047,-1.22232301734127,0.00866399735292887,0.01,3170,2201,,
Notochord,Pharyngeal mesoderm,5.72367086526163,-0.0237595714340278,-1.79344232708831,0.00732127344085431,0.45,956,7691,,
First heart field,Surface ectoderm,5.6706513519775,-0.0239269221399167,-0.583496783450551,0.0136931408856397,0.3,1531,2649,,
Mesothelium,Pharyngeal arch mesenchyme,6.01012814622296,-0.0243142493317159,-0.804135508142599,0.010129324775023,0.65,346,39085,,
Otic placode,Splanchnic mesoderm,6.16187651998716,-0.0247682084478055,-1.329677296905,0.00240546879862723,0.89,2365,21642,,
Allantois,Epicardium,5.17410137063251,-0.0248213815235285,-0.164020617192398,0.00797336786913298,0.71,78,1288,,
Epibranchial sensory neuron,First heart field,5.66068806102958,-0.0253169394679257,-0.712424792333135,0.00614103124066672,0.01,1270,1531,,
Endocardial cell,Epibranchial sensory neuron,5.65736586022133,-0.025467871029714,-0.83362164335246,0.00164240922549374,0.35,1558,1270,,
Hindbrain (isthmic organizer),Pharyngeal arch mesenchyme,6.37058602122849,-0.0255161550859224,-0.994567044727699,0.00873546332238016,0,3921,39085,,
Autonomic neuron,Forelimb field,5.57851805610082,-0.0260684295764314,-0.625877708192141,0.0231885055697884,0.92,142,25891,,
Lens placode,Mesothelium,5.64528951014696,-0.0264577272513258,-0.650773152054009,0.0113974699236035,0.19,2811,346,,
Myotome,Spinal cord (thoracic),6.53385360191946,-0.0264821093650748,-1.14897945795253,0.00902865666624635,0,2201,35061,,
Dorsal root ganglion neuron,Forelimb field,6.07120687751884,-0.0265164957715509,-1.25934519395867,0.00309304031224087,0.67,1179,25891,,
Eye field,Olfactory placode,6.05343702708356,-0.0265352327701551,-2.03892044921545,0.000983303468253556,0.57,8896,5872,,
Epidermal progenitor,Mesothelium,5.87546752363468,-0.0265813571467351,-0.392346467228226,0.00391574201975649,0.84,24337,346,,
Mesothelium,Sacral neural crest,5.78876635814546,-0.0267712497828866,-0.562622573971705,0.000853470906996519,0.83,346,2156,,
Hemogenic endothelium,Juxtacardiac field,5.35726400053551,-0.0272156742859917,-0.815484633143466,0.0312277483675641,0.56,141,1386,,
Dorsal root ganglion neuron,Mesothelium,5.71039183233954,-0.0277312975415216,-0.4550985838717,0.00248952759644599,0.72,1179,346,,
Epibranchial placode,Megakaryocyte,5.38221857024686,-0.0278852142028679,-0.526423324248452,0.00812480029586829,0.59,3606,482,,
Surface ectoderm,Trunk neural crest,5.88859146581335,-0.0283478583774086,-1.51586127041144,0.00265993547359854,0.19,2649,6809,,
Otic placode,Second heart field,5.82858449154106,-0.0292784863668312,-1.76579184011313,0.00857806730751126,0.03,2365,6952,,
Intermediate mesoderm,Pharyngeal arch mesenchyme,6.52314717122573,-0.0298019611950692,-3.53656924666948,0.00625427457798643,0.01,10656,39085,,
Endothelial progenitor,Trunk neural crest,6.34371752574418,-0.0304422645404836,-1.56834121984637,0.000223245768468735,0.37,1988,6809,,
Macrophage,Otic sensory neuron,5.17559420432004,-0.0305502630576874,-1.3751322673496,0.0216196695914407,0.15,966,974,,
Forelimb field,Trunk neural crest,6.25168097130331,-0.0323354806255421,-3.6159590667254,0.0118633871703182,0,25891,6809,,
Epidermal progenitor,Extraembryonic mesoderm,5.96732436607588,-0.0323500671890656,-3.7740263138567,0.00450224407265391,0,24337,5300,,
Otic sensory neuron,Splanchnic mesoderm,6.05573058705245,-0.0324712525803757,-0.874134367747139,0.0105019810221004,0.45,974,21642,,
Allantois,Dorsal root ganglion progenitor,5.27132816004269,-0.0326704981059799,-0.255567358109767,0.00132339549184602,0.89,78,921,,
Epicardium,Lens placode,5.71364157324136,-0.0328860350934009,-0.973151980434692,0.0258034133555315,0,1288,2811,,
Forelimb field,Olfactory sensory neuron,5.86084866996261,-0.0329709292466577,-0.994660266329857,0.00472978329577794,0.85,25891,389,,
Dorsal root ganglion neuron,Endothelial progenitor,6.15419529008233,-0.0329821093720431,-1.17149505682698,0.00429905297593744,0.15,1179,1988,,
Extraembryonic mesoderm,Lens placode,5.73332861205685,-0.0342586572938839,-2.85812892781612,0.00813104344011218,0.2,5300,2811,,
Forelimb field,Olfactory placode,6.07081081471978,-0.0347261810507951,-4.00109542287192,0.00819871568055804,0.58,25891,5872,,
Epidermal progenitor,Pharyngeal endoderm,5.88081927741783,-0.0348725600672924,-2.84889420089917,0.0287231421271254,0.42,24337,5045,,
Epicardium,Notochord,5.5711761080789,-0.0348934433119122,-1.72315171583608,0.0137376832851225,0,1288,956,,
Hemogenic endothelium,Hindgut,5.19127891934933,-0.034965734096518,-0.720849416035449,0.00268557691308318,0.79,141,3029,,
Hindlimb field,Second heart field,6.10072311599698,-0.0352795908697964,-2.84269697341249,0.00201841145382649,0.34,6150,6952,,
Dorsal root ganglion progenitor,Telencephalon,6.1938561594633,-0.0356292455106208,-1.52784525699711,0.00629186448837705,0.2,921,34300,,
Endothelial progenitor,Epicardium,6.06804807256818,-0.0357655013277913,-1.32180677694144,0.00728152394017971,0.02,1988,1288,,
Amniotic ectoderm,Frontonasal mesenchyme,5.98452295963377,-0.0361075433533054,-1.5272334202053,0.00654278826348302,0.57,2288,24672,,
Hypaxial myogenic progenitor,Somatic motor neuron,6.38650883255032,-0.0364578309477024,-2.92677654201807,0.002176360287492,0.65,5322,6559,,
Hemogenic endothelium,Macrophage,5.01982694990317,-0.0366890467989261,-1.25120609917307,0.0261864434899734,0.89,141,966,,
Amniotic ectoderm,Pharyngeal arch mesenchyme,6.08049370411316,-0.0370159984389077,-2.02282239624644,0.000327455944759886,0.2,2288,39085,,
Hematopoietic progenitor,Second heart field,5.35413286098923,-0.0372280108765078,-0.497541038442795,0.0114687076188953,0.41,87,6952,,
Cranial neural crest,Hemogenic endothelium,5.78606916818819,-0.0374358429055069,-0.524575724407943,0.00155274937523702,0.94,9523,141,,
Epicardium,Midgut,5.49092656114942,-0.0382734564290068,-2.13496575546979,0.0221789007869209,0.49,1288,1667,,
Hypothalamic neuron,Spinal cord (thoracic),6.34601178399033,-0.0385349345085896,-1.85445700318785,0.00388466843574807,0.24,1528,35061,,
Hemogenic endothelium,Vagal neural crest,5.68896329092343,-0.0386209939408654,-0.43632471221608,0.00576068219628045,0.74,141,4937,,
Amniotic ectoderm,Autonomic progenitor,5.84292807288687,-0.0387656506448491,-1.8267317158691,0.00156053367326949,0.85,2288,3416,,
Somatic mesoderm,Trigeminal ganglion neuron,6.32374820785991,-0.0389116271566664,-2.24179219683464,0.0179029418583342,0.01,66151,1765,,
Amniotic ectoderm,Periocular mesoderm,5.47214697651865,-0.0389263747077848,-1.48947637736281,0.00590713930586568,0.15,2288,1739,,
Macrophage,Pharyngeal mesoderm,5.45336957639421,-0.0392323274903413,-1.71588403682383,0.000566914517489484,0.63,966,7691,,
Amniotic ectoderm,Dorsal root ganglion neuron,5.77930896306046,-0.0398230743504616,-1.29218794041368,0.000816535547285355,0.41,2288,1179,,
Epibranchial placode,Intermediate mesoderm,6.07637444272892,-0.0401818306976175,-2.56657506139991,0.00026054683742995,0.11,3606,10656,,
Midbrain neuron,Spinal cord (thoracic),6.54611074324362,-0.0405073910219216,-3.35654893243682,0.00195954989983645,0.31,4463,35061,,
Dermomyotome,Dorsal root ganglion progenitor,6.41952200235582,-0.0405451652277877,-1.83333434100372,0.00695891516728779,0.07,47263,921,,
Splanchnic mesoderm,Trigeminal placode,6.37870136960878,-0.040641988603015,-3.78868344862496,0.000358179914770251,0.03,21642,6546,,
Endothelial progenitor,Spinal cord (lumbar),6.4984084061998,-0.0414256405811199,-2.26707648112843,0.00162780355528827,0.91,1988,12722,,
Mesothelium,Olfactory placode,5.70318382104935,-0.0416737146161351,-1.29236383487233,0.021837915339779,0.13,346,5872,,
Allantois,Autonomic progenitor,5.30394350833438,-0.0418353717033085,-0.301554768566016,0.00617815083268308,0.96,78,3416,,
Autonomic neuron,Extraembryonic mesoderm,5.30716115183533,-0.0427300699598367,-2.07667014439088,0.0465163081945688,0.1,142,5300,,
Intermediate mesoderm,Spinal cord (cervical),6.70798539695031,-0.0427755350503022,-5.16063103872156,0.00975761199137712,0,10656,41051,,
Hepatoblast,Surface ectoderm,5.32725963593164,-0.0428390964387309,-2.81921688356406,0.0540241267539063,0.68,1255,2649,,
Second heart field,Trigeminal placode,6.04685782289956,-0.0430087123928795,-3.88679342776038,0.00476086814801947,0.03,6952,6546,,
Juxtacardiac field,Megakaryocyte,5.36911889083495,-0.0432414798540892,-1.25264743160218,0.00447328271153234,0.37,1386,482,,
Hindbrain (r1),Spinal cord (lumbar),6.53323568426939,-0.0440250725212599,-5.11739408609867,0.000710089043273651,0.02,16440,12722,,
Allantois,First heart field,5.20980227244575,-0.0444422605710788,-0.701677878955769,0.0113004999750375,0.54,78,1531,,
Cranial neural crest,Surface ectoderm,5.98711479437671,-0.0446522118743336,-2.11632648633468,0.00614037810451329,0.64,9523,2649,,
Amniotic ectoderm,Megakaryocyte,5.4216527828619,-0.0448503379775617,-1.0712614057785,0.0139745621276768,0.68,2288,482,,
Endothelial progenitor,Spinal cord (sacral),6.42843295724254,-0.04488826387496,-2.30045415960223,0.00132960769745253,0.6,1988,5351,,
Endocardial cell,Mesothelium,5.65635457267507,-0.0454561842205961,-1.32870782049406,0.00795694508255006,0.15,1558,346,,
Hindgut,Juxtacardiac field,5.42729112018204,-0.0456812218459422,-3.39130380199004,0.0700464098362134,0.05,3029,1386,,
Cranial neural crest,Spinal cord (lumbar),6.50979011100279,-0.0457678202451043,-4.33422308944702,0.00137356492494065,0.72,9523,12722,,
Hindgut,Megakaryocyte,5.21405008308211,-0.0460788898809945,-1.16862020226038,0.0046540120018582,0.3,3029,482,,
Intermediate mesoderm,Otic placode,6.08554647533873,-0.0473467881090596,-2.64941700464869,0.00111653293257631,0.45,10656,2365,,
Olfactory sensory neuron,Somatic mesoderm,6.15139179642906,-0.0473700537324906,-1.22052760467594,0.0011871890155919,0.85,389,66151,,
Foregut,Primordial germ cell,4.62749143039579,-0.047394398771217,-0.653070675557579,0.0450890985528485,0.44,1579,25,,
Second heart field,Trigeminal sensory neuron,5.93738310822837,-0.0474814488578146,-2.62342092955578,0.0189580854111223,0,6952,3198,,
Mesothelium,Trunk neural crest,5.87723670997816,-0.0476840059187721,-1.07703151607159,0.00047626512531917,0.64,346,6809,,
Epicardium,Hindgut,5.47893769293655,-0.0476971703395732,-2.46739365137866,0.00734360443082246,0.85,1288,3029,,
Cranial neural crest,Intermediate mesoderm,6.51081734824711,-0.0477531710534974,-4.81939910261442,0.0117367546555797,0,9523,10656,,
Intermediate mesoderm,Lens placode,6.13716768164979,-0.0478580628833397,-2.66686890305015,0.0104910021256501,0,10656,2811,,
Extraembryonic mesoderm,Olfactory sensory neuron,5.59200732191727,-0.0480896826379728,-1.54918835420287,0.0289055164604147,0.22,5300,389,,
Autonomic progenitor,Endothelial progenitor,6.19829568577266,-0.0481759128911045,-2.28831642145717,0.000139042606292694,0.09,3416,1988,,
Endocardial cell,Epibranchial placode,5.67314239174899,-0.0482654866531578,-1.82187273528023,0.00302138248206182,0.8,1558,3606,,
Pharyngeal endoderm,Surface ectoderm,5.53336170510569,-0.0490768555902786,-4.31256441674191,0.0522394475491535,0.56,5045,2649,,
Epicardium,Otic placode,5.64574149452552,-0.0491209981322192,-1.80518929935391,0.00142670658713195,0.64,1288,2365,,
Extraembryonic mesoderm,Otic placode,5.6665477103439,-0.0492113069838107,-3.47413289081676,0.0161001490114964,0,5300,2365,,
Spinal cord (cervical),Trigeminal ganglion neuron,6.3116789917653,-0.0495888531164373,-2.43556851190975,0.000272367789968561,0.13,41051,1765,,
Pharyngeal arch mesenchyme,Somatic mesoderm,6.64673417551913,-0.0499851777934313,-11.2103544135862,0.00593468615785792,0,39085,66151,,
Pharyngeal mesoderm,Sclerotome,6.42667209301157,-0.050016101482651,-5.55542604429322,0.0044379999881594,0,7691,74334,,
Endothelial cell,Epidermal progenitor,6.41667371180599,-0.0509194556967553,-5.79331098430071,0.000952147747840058,0.02,9605,24337,,
Axial progenitor,Endothelial progenitor,6.38359698154434,-0.0511104524242608,-2.44629535220439,0.00219801563085482,0.76,3170,1988,,
Hypothalamus,Primordial germ cell,4.97097037485369,-0.0511712238043249,-0.99602429908088,0.403977321532483,0,5866,25,,
Forelimb field,Trigeminal sensory neuron,6.05076131187217,-0.0513026603088769,-4.49291494524534,0.00753502864824992,0.05,25891,3198,,
Amniotic ectoderm,Endothelial cell,6.17537160708885,-0.0513155298369329,-2.08813512968268,0.00882725221598785,0,2288,9605,,
Dorsal root ganglion progenitor,Hindbrain (r1),6.19255023209488,-0.0515909887523763,-1.69910382338862,0.0129363696119899,0.08,921,16440,,
Autonomic neuron,Splanchnic mesoderm,5.76590169951345,-0.0528666329053244,-0.930540084401633,0.00410178840056075,0.96,142,21642,,
Autonomic neuron,Hematopoietic progenitor,4.76573994101903,-0.0531180146002592,-0.396550767211754,0.00395178955682424,0.91,142,87,,
Hypaxial myogenic progenitor,Spinal cord (lumbar),6.43074693828212,-0.0534927110865535,-4.45962249465384,0.000613843134692347,0.08,5322,12722,,
Endothelial progenitor,Epibranchial placode,5.99094427267832,-0.0538430086824564,-2.39638673679779,0.00228176867495409,0.36,1988,3606,,
Otic sensory neuron,Primordial germ cell,4.65098171517049,-0.0557195708711026,-0.778260606425532,0.153233602825043,0.13,629,25,,
Mesothelium,Trigeminal placode,5.78456283545166,-0.0559511384643454,-1.36385789018223,0.010037376783525,0.35,346,6546,,
Arterial endothelial cell,Autonomic progenitor,5.91280381088377,-0.0569641861449818,-1.66085195111007,0.000786164321759241,0.41,645,3416,,
Forelimb field,Trigeminal placode,6.14750830579315,-0.0576055739833805,-5.87455584552233,0.000263534788227757,0,25891,6546,,
Extraembryonic mesoderm,Mesothelium,5.61894926938547,-0.0576224205465439,-1.38363867845739,0.00981224743131144,0.09,5300,346,,
Mesothelium,Trigeminal ganglion neuron,5.64438825772231,-0.0577401715808756,-1.39879063012485,0.0143003696692464,0.8,346,1765,,
Dorsal root ganglion neuron,Telencephalon,6.15108573576513,-0.0579557131451675,-2.68626627394581,0.0022419006023339,0.68,1179,34300,,
Extraembryonic mesoderm,Head paraxial mesoderm,5.95206631495305,-0.0579693650298258,-5.65612863446698,0.00543872609134978,0.04,5300,32981,,
First heart field,Splanchnic mesoderm,6.2194244815901,-0.0580214766559752,-2.87594285411187,0.000715170264198457,0.09,1531,21642,,
Extraembryonic mesoderm,Olfactory placode,5.78883451629111,-0.0581615663341409,-5.7586122564265,0.0264803336746604,0.16,5300,5872,,
Epidermal progenitor,Juxtacardiac field,5.86472098366953,-0.0589246117352167,-2.93419185004901,0.0021833789046759,0.23,24337,1386,,
Hypaxial myogenic progenitor,Nascent somite,6.37676125610239,-0.0590666178197754,-4.33011713158031,0.00358823464560342,0.8,5322,6475,,
Periocular mesoderm,Surface ectoderm,5.36226037778221,-0.0592406722463672,-1.88223801277546,0.0113333474343742,0.06,1739,2649,,
Hemogenic endothelium,Roof plate,5.81013290635336,-0.0593433956162344,-0.800176862165725,0.00432906393604518,0.91,141,6035,,
Hypothalamic neuron,Notochord,5.68626335604572,-0.0601290403296062,-2.15135824368094,0.0132488233839493,0.06,1528,956,,
Autonomic neuron,Epicardium,5.26454568138601,-0.0601696306304946,-1.83543834357363,0.0135772366238457,0.56,142,1288,,
Mesothelium,Trigeminal sensory neuron,5.68204626900217,-0.0604337927401722,-1.59026154580956,0.0193293933730375,0.93,346,3198,,
Frontonasal mesenchyme,Hemogenic endothelium,5.6583943425806,-0.0608232258794002,-0.649601096929215,0.0187984334330215,0.59,24672,141,,
Forelimb field,Pharyngeal mesoderm,6.09736081648241,-0.0610895251346175,-7.30355417431627,0.00429753025265984,0.52,25891,7691,,
Cranial neural crest,Presomitic mesoderm,6.46270956628845,-0.0614618558851122,-5.76000396751648,0.000707902362235925,0,9523,8521,,
Autonomic neuron,Second heart field,5.42447971503773,-0.0615807555245409,-1.75548764038783,0.0184268169331724,0.5,142,6952,,
Hindbrain (r1),Vagal neural crest,6.36237577958104,-0.0618443956676741,-4.56730559652272,0.00323085456632251,0.63,16440,4937,,
Hematopoietic progenitor,Otic sensory neuron,5.02599850858769,-0.0618514952044556,-0.678422778383995,0.00329367650997192,1,87,974,,
Epibranchial sensory neuron,Hematopoietic progenitor,5.06449822023711,-0.0619036677189868,-0.664054801239368,0.00159849698595014,0.71,1270,87,,
Dorsal root ganglion progenitor,Juxtacardiac field,5.72133141163917,-0.062142325874752,-2.18733545787191,0.0031759876486703,0.96,921,1386,,
Myotome,Somatic mesoderm,6.56606591189408,-0.0624295333569208,-4.37443921596164,0.00554562603276852,0.22,2201,66151,,
Diencephalon,Trigeminal ganglion neuron,6.02649371662015,-0.062707160129768,-3.04155584370644,0.00856328840281249,0.2,14353,1765,,
Endocardial cell,Epidermal progenitor,5.95824565784838,-0.0627228374475311,-3.03061249393324,0.00787055625830608,0.03,1558,24337,,
Epicardium,Olfactory placode,5.76397428806131,-0.0629016443608406,-2.12724859820609,0.0210135111180288,0,1288,5872,,
Cranial motor neuron,Hepatoblast,5.56215758118936,-0.0630456836535238,-1.00518280928264,0.0241010739885008,0,3730,1255,,
Megakaryocyte,Notochord,5.27252093674411,-0.0634259130162098,-1.67456753653641,0.00222927024110026,0.58,482,956,,
Epicardium,Trigeminal sensory neuron,5.75864883629393,-0.0635744535421869,-2.23271908750606,0.0123803899900068,0,1288,3198,,
Otic sensory neuron,Pharyngeal endoderm,5.46929839112611,-0.0635966312802599,-2.81423082306828,0.0166424388089924,0.13,974,5045,,
Dorsal root ganglion neuron,Hindbrain (r1),6.16297571279018,-0.0636008514770241,-2.22841227816757,0.00421297614421287,1,1179,16440,,
First heart field,Otic sensory neuron,5.57688884204226,-0.0636557505307727,-2.54592284459327,0.000106927213216054,0.05,1531,974,,
Midbrain neuron,Olfactory placode,6.10354964895241,-0.0640923033266525,-4.61083123742674,0.000467786785194282,0.02,4463,5872,,
Epibranchial placode,Hematopoietic progenitor,5.09686024266343,-0.064276101170608,-0.659581686121009,0.0147411300365417,0.68,3606,87,,
Endothelial cell,Epibranchial placode,6.10563242594008,-0.0644924070181402,-4.35034555600828,0.000389966936883553,0.01,9605,3606,,
Extraembryonic mesoderm,Notochord,5.56057571498157,-0.0647343330794386,-3.32845989948399,0.012282427784221,0.05,5300,956,,
Hemogenic endothelium,Pharyngeal mesoderm,5.51618641303452,-0.0647390987602352,-1.28182892759161,0.00149737926444544,0.49,141,7691,,
Autonomic neuron,Megakaryocyte,4.98356371216453,-0.0648825739645726,-1.31107009347119,0.0389082864578102,0.22,142,482,,
Dermomyotome,Head paraxial mesoderm,6.54597737181009,-0.0652775115655662,-12.0228319383651,0.00117132523961141,0,47263,32981,,
Endocardial cell,Hepatoblast,5.43566252317463,-0.0653579317370389,-3.03300097459325,0.00825598978276602,0.45,1558,1255,,
Amniotic ectoderm,Hepatoblast,5.39223274573704,-0.0659311773904729,-4.16673827705794,0.0223697184936555,0.41,2288,1255,,
Autonomic progenitor,Forelimb field,6.09482430158196,-0.0659321740252298,-5.34790323188338,0.00179128299069689,0.07,3416,25891,,
Otic sensory neuron,Periocular mesoderm,5.30228300082394,-0.0662185225025157,-1.97531467695667,0.0157929882644588,0,974,1739,,
Head paraxial mesoderm,Splanchnic mesoderm,6.4151949073631,-0.0662226471690559,-9.60058238068163,0.00252358729110376,0,32981,21642,,
Forelimb field,Nascent somite,6.33385178625834,-0.0662567161434178,-6.46563975100224,0.00817647231317814,0,25891,6475,,
Epicardium,Olfactory sensory neuron,5.54670359300316,-0.0665767427849172,-1.46232115931934,0.0269969410445398,0,1288,389,,
Allantois,Endocardial cell,5.17319254840702,-0.0666157672990171,-0.906683744615445,0.000101750587842287,0.44,78,1558,,
Endocardial cell,Somatic mesoderm,6.29176334396034,-0.0667651084500843,-3.41951823703929,7.18707976766264e-05,0.02,1558,66151,,
Epibranchial placode,Primordial germ cell,4.74232814985271,-0.0671053949306879,-0.369951752816691,0.00956368533131288,0.99,2199,25,,
Lens placode,Macrophage,5.29570641712606,-0.0677037214326095,-2.71118229037382,0.00914698321609878,0.24,2811,966,,
Arterial endothelial cell,Intermediate mesoderm,6.1922114083818,-0.0680516783676997,-2.09312346116556,0.0020317355827399,0.54,645,10656,,
Olfactory placode,Splanchnic mesoderm,6.25328210100018,-0.0680681005302531,-6.37372712976389,0.0049818453271943,0.32,5872,21642,,
Hypaxial myogenic progenitor,Spinal cord (thoracic),6.49017336938773,-0.0681588128061259,-5.85777870379423,0.000205411148441279,0,5322,35061,,
Splanchnic mesoderm,Trigeminal sensory neuron,6.24745633449713,-0.0699078144173353,-4.35019939248804,0.00387312656584397,0.26,21642,3198,,
Extraembryonic mesoderm,Hepatoblast,5.40750304320037,-0.0699354313514888,-3.62627785784484,0.00327111605204948,0.63,5300,1255,,
Intermediate mesoderm,Trigeminal sensory neuron,6.18898414958902,-0.0699949038002234,-4.66583197077314,0.000643335797427084,0.02,10656,3198,,
Intermediate mesoderm,Trigeminal ganglion neuron,6.14958481700763,-0.0700219486244314,-3.83631746637408,0.0168034635676578,0,10656,1765,,
Forelimb field,Pharyngeal arch mesenchyme,6.3243936355823,-0.0708457874975453,-12.0736616324626,0.0144471947214484,0,25891,39085,,
Autonomic progenitor,Mesothelium,5.72707157423456,-0.0709165651808373,-1.48225808760404,0.00266515723444396,0.47,3416,346,,
Hematopoietic progenitor,Lens placode,5.16965271007647,-0.0710283799984263,-0.804994158019408,0.00351902523515232,0.71,87,2811,,
Frontonasal mesenchyme,Periocular mesoderm,5.7211518707014,-0.0714712408507803,-3.12526274862346,0.0332992112606367,0,24672,1739,,
Epibranchial placode,Nascent somite,5.99253613162089,-0.0715791879564135,-4.26432212981352,0.000420899985153954,0.02,3606,6475,,
Autonomic progenitor,Hindbrain (r1),6.21710914192505,-0.0717050626443643,-4.46537415217445,0.00457565573329294,0.43,3416,16440,,
Myotome,Pharyngeal mesoderm,6.11953898409497,-0.0717857896957635,-4.84176296413219,0.00550343980253542,0.49,2201,7691,,
Hemogenic endothelium,Midgut,5.15431815617439,-0.0720859105234496,-1.93449528512779,0.0286607950972812,0.77,141,1667,,
Hindbrain (r5-r8),Trigeminal ganglion neuron,6.23985287456791,-0.0725432195569493,-3.56794487078726,0.000213587017952913,0,28972,1765,,
Roof plate,Somatic mesoderm,6.68123942027637,-0.0726384032777266,-6.27358707440531,0.0114237050977696,0,6035,66151,,
Epibranchial sensory neuron,Mesothelium,5.49014837004505,-0.0731108100523145,-0.920135224813888,0.035158642923918,0.63,1270,346,,
Amniotic ectoderm,First heart field,5.71208487685256,-0.07330991671357,-3.05554179760461,0.000600267527214517,0.03,2288,1531,,
Hindlimb field,Spinal cord (thoracic),6.40760358597374,-0.073614188199136,-7.39088410969666,0.00825388795746995,0.88,6150,35061,,
Extraembryonic mesoderm,Otic sensory neuron,5.54357785155313,-0.0736945422648374,-3.50203636465799,0.00547888084819306,0.96,5300,974,,
Hypaxial myogenic progenitor,Spinal cord (sacral),6.34535742902963,-0.0746559014998764,-5.36562488564484,0.00247423111506381,0.05,5322,5351,,
Dermomyotome,Hindbrain (r5-r8),6.81558734864746,-0.0749924113074135,-12.2008838697544,0.000560829636371644,0,47263,28972,,
Eye field,Olfactory sensory neuron,5.7964891266186,-0.0753210213894375,-1.61365979309121,0.00697036134256124,0.86,8896,389,,
Epibranchial sensory neuron,Hepatoblast,5.28425747050368,-0.0760586503798643,-4.12934169468369,0.0331331834208606,0.95,1270,1255,,
Dermomyotome,Dorsal root ganglion neuron,6.36389960938316,-0.0762925969673486,-2.98654080534039,0.00413508967519958,0.09,47263,1179,,
Diencephalon,Spinal cord (thoracic),6.47732166630892,-0.0765031858143917,-8.99955417301185,0.00229393356630316,0,14353,35061,,
Cranial neural crest,Nascent somite,6.43144883531345,-0.0765266062239679,-6.22791841001189,0.000747961038675643,0,9523,6475,,
Epicardium,Trigeminal placode,5.84727776229387,-0.0765989953706739,-3.11659050623965,0.0147144884621147,0,1288,6546,,
Splanchnic mesoderm,Vagal neural crest,6.43194372390554,-0.0768442509387015,-8.03386484207677,0.00690397326278771,0.29,21642,4937,,
Myotome,Splanchnic mesoderm,6.46686323124788,-0.077099965745246,-4.54954242783124,0.00742881609744298,0.24,2201,21642,,
Mesothelium,Vagal neural crest,5.85641311346097,-0.0774522136032545,-1.68168073791199,0.00111678071652961,0.56,346,4937,,
Allantois,Dorsal root ganglion neuron,5.20442838538911,-0.0775415731088623,-0.687454373070745,0.00511826076313006,0.75,78,1179,,
Endothelial progenitor,Vagal neural crest,6.30704400548666,-0.0779876291147889,-3.64482269871483,0.000965879603359106,0.01,1988,4937,,
Hematopoietic progenitor,Notochord,5.01529679523996,-0.0781978779982308,-1.08035466384224,0.00848772694428398,0.69,87,956,,
Sacral neural crest,Telencephalon,6.20783220281952,-0.0783704929364678,-4.29988627553378,2.61814397606055e-05,0,2156,34300,,
Extraembryonic mesoderm,Trigeminal sensory neuron,5.76420318559237,-0.0790304719694212,-4.98919436340825,0.0133335178760322,0,5300,3198,,
Arterial endothelial cell,Periocular mesoderm,5.51884364212131,-0.0791091803013707,-2.75336763672752,0.0134260570700328,0.47,645,1739,,
Epibranchial sensory neuron,Intermediate mesoderm,5.99868505246997,-0.0792955358068357,-2.61792714692672,0.0123220893446433,0.56,1270,10656,,
Hindbrain (isthmic organizer),Spinal cord (lumbar),6.37014431282402,-0.0795472009653034,-5.53150130044551,0.00199893329006766,0.1,3921,12722,,
Epicardium,Forelimb field,5.93266208977423,-0.0801302117506563,-3.89094569970069,0.00208084403252628,0.12,1288,25891,,
Autonomic progenitor,Epicardium,5.7975859294276,-0.0803581957997741,-3.65121833978539,0.0031593084084181,0.53,3416,1288,,
Hematopoietic progenitor,Olfactory placode,5.23074240468902,-0.0803630474458317,-0.885199316769145,0.00143718062712289,0.42,87,5872,,
Spinal cord (thoracic),Trigeminal ganglion neuron,6.21246744908032,-0.080500368029529,-4.22380084900247,0.0031110966567282,0.36,35061,1765,,
Otic placode,Primordial germ cell,4.72018322899858,-0.0819052504211779,-0.770518732715277,0.0212147881511699,0.96,1393,25,,
Dorsal root ganglion progenitor,Second heart field,5.9161381978898,-0.0820978954508084,-3.75480568319672,0.00689017174518371,0.57,921,6952,,
Notochord,Somatic motor neuron,5.89364981327833,-0.0825706137401252,-3.00988003631527,0.0233199859252011,0.92,956,6559,,
Forelimb field,Trigeminal ganglion neuron,5.97691181824647,-0.0826266562223801,-4.34264794389697,0.00674611685511344,0.51,25891,1765,,
Epibranchial placode,Pharyngeal mesoderm,5.7389187520184,-0.0826813964090644,-6.08042339327211,0.00844075146515967,0.17,3606,7691,,
Axial progenitor,Hypaxial myogenic progenitor,6.29790172232321,-0.0827425992725083,-5.25797884156173,0.00268380950751856,0.12,3170,5322,,
First heart field,Mesothelium,5.62091860500323,-0.0827964795411751,-2.47656094980678,0.00426381479102428,0.54,1531,346,,
Telencephalon,Trunk neural crest,6.31373065830574,-0.0830254012011601,-7.97911384378677,0.00229480247844027,0,34300,6809,,
Macrophage,Mesothelium,5.1842893367319,-0.0831681876440638,-1.50754412564454,0.0125400053817764,0.94,966,346,,
Forelimb field,Vagal neural crest,6.21016647201339,-0.0835734644601376,-7.23659067607824,0.00654799954782389,0.5,25891,4937,,
Dorsal root ganglion progenitor,Epicardium,5.75100689469264,-0.0836149143035103,-2.87282266663096,0.00261038615241328,0.44,921,1288,,
Spinal cord (thoracic),Telencephalon,6.55464536158322,-0.0837954248259356,-16.5888338637297,0.00142901782914258,0,35061,34300,,
Hematopoietic progenitor,Olfactory sensory neuron,5.02096867771739,-0.0841810803560534,-0.862796149156657,0.00380097634864583,0.91,87,389,,
Nascent somite,Pharyngeal arch mesenchyme,6.41735003637838,-0.0848046027511267,-8.17542575092691,0.00135942696952819,0,6475,39085,,
Sacral neural crest,Sclerotome,6.4054793847122,-0.0851591313088064,-5.12353060875646,0.00478497796491158,0.41,2156,74334,,
Allantois,Mesothelium,5.03473116387604,-0.0851892326394005,-0.805499920233903,0.0198294243591348,0.48,78,346,,
Intermediate mesoderm,Olfactory placode,6.17783573609801,-0.0853179999496385,-6.49454286995983,0.00432874780030674,0,10656,5872,,
Olfactory sensory neuron,Splanchnic mesoderm,6.02241462028821,-0.0855954128674921,-2.06104381624758,0.00314639534534535,0.39,389,21642,,
Amniotic ectoderm,Mesothelium,5.57551130679155,-0.0856593182845596,-1.65456633155313,0.0264365427138295,0.08,2288,346,,
Pharyngeal arch mesenchyme,Presomitic mesoderm,6.43329187539598,-0.0858259693435513,-9.41587955314974,0.000422314260712477,0,39085,8521,,
Hindbrain (r1),Spinal cord (sacral),6.42850353673991,-0.0861169591788852,-6.81028851859976,0.000503369956760675,0,16440,5351,,
Macrophage,Second heart field,5.42498897499706,-0.0863348720296131,-3.98719544991018,0.00187238823254907,0.15,966,6952,,
Arterial endothelial cell,Olfactory placode,5.82512873668438,-0.0863666219552437,-2.89064366631617,0.00435830002955651,0.39,645,5872,,
Allantois,Juxtacardiac field,5.06564448007936,-0.0867218736428802,-1.27394200272451,0.0247092203175323,0.96,78,1386,,
Allantois,Sacral neural crest,5.27694825126428,-0.0869916367741545,-0.639399253409369,0.00810600253960952,0.69,78,2156,,
Epibranchial placode,First heart field,5.63549728191874,-0.0873227327762122,-3.33743082442114,0.00258116103855753,0.07,3606,1531,,
Intermediate mesoderm,Trigeminal placode,6.27540596526629,-0.0874917947912197,-6.33691335966691,0.00492204752172103,0.16,10656,6546,,
Hypaxial myogenic progenitor,Presomitic mesoderm,6.36425424492601,-0.0875599369996094,-6.67094300857017,0.00151963399161511,0.01,5322,8521,,
Epidermal progenitor,Presomitic mesoderm,6.29327334089816,-0.087661965170066,-9.1051731351649,0.00128809439392309,0,24337,8521,,
Eye field,Spinal cord (thoracic),6.41053871896342,-0.088280196048785,-8.19991105382082,0.000655686609723085,0,8896,35061,,
Extraembryonic mesoderm,Splanchnic mesoderm,6.16307862755459,-0.088333175614592,-7.55014798710464,0.000167664734718022,0,5300,21642,,
Epibranchial placode,Hepatoblast,5.31166063707862,-0.0885166156743396,-5.69862602437523,0.0609159653603217,0,3606,1255,,
Dermomyotome,Vagal neural crest,6.55021790575435,-0.0888989200904619,-7.8558578180217,0.000338567488427151,0,47263,4937,,
Pharyngeal mesoderm,Surface ectoderm,5.70079874801299,-0.0889245141375913,-7.15472456788751,0.0413075712266185,0.01,7691,2649,,
Cranial motor neuron,Hypaxial myogenic progenitor,6.13168741624248,-0.0891078410009835,-5.59927967937613,0.00449919499195818,0,3730,5322,,
Epibranchial sensory neuron,Megakaryocyte,5.2790473418201,-0.0894581155490934,-2.030255722355,0.00198685206620249,0.34,1270,482,,
Mesothelium,Nascent somite,5.9519770114197,-0.0896604448735723,-2.27047346867823,0.0130643437084522,0.79,346,6475,,
Hemogenic endothelium,Hepatoblast,5.07262606008623,-0.0899202182247336,-1.73812782177843,0.0107339540282312,0.79,141,1255,,
Juxtacardiac field,Trigeminal sensory neuron,5.68036639872141,-0.0900716158753806,-4.084769973348,0.000369850831151296,0,1386,3198,,
Hypothalamus,Myotome,6.11718347251965,-0.0901656476428067,-4.58723692891983,0.000144023570120446,0,7652,2201,,
Dorsal root ganglion neuron,Midbrain neuron,6.06670867110858,-0.0907905815693667,-3.63150844406447,0.00168190228347946,0.07,1179,4463,,
Allantois,Olfactory sensory neuron,4.99135475306891,-0.0912261415200357,-0.707842877119038,0.0114604439352146,0.68,78,389,,
Pharyngeal arch mesenchyme,Spinal cord (thoracic),6.53461363042918,-0.091401940483973,-16.1875580248005,7.0961071957898e-05,0,39085,35061,,
Pharyngeal endoderm,Second heart field,5.74495544665565,-0.0918638936084719,-8.59627662859001,0.00367972187259733,0,5045,6952,,
Hematopoietic progenitor,Periocular mesoderm,4.92111804276625,-0.0921265368698405,-1.31826469304745,0.0179763543080772,0.95,87,1739,,
Juxtacardiac field,Lens placode,5.60129301714856,-0.0926735203137424,-3.36941860152892,0.00390373655568468,0.27,1386,2811,,
Pharyngeal arch mesenchyme,Spinal cord (lumbar),6.45819183665539,-0.0926991453401061,-11.3845401098517,8.59888673581814e-06,0,39085,12722,,
Arterial endothelial cell,Notochord,5.59565001334529,-0.0929034850294394,-2.83319804481444,0.00212571015650051,0.06,645,956,,
Epibranchial sensory neuron,Pharyngeal mesoderm,5.69021389676079,-0.0929785451360529,-4.35828876904626,0.00387691187167101,0.28,1270,7691,,
Epidermal progenitor,Nascent somite,6.27045845044119,-0.0930119150068318,-9.12735528763709,0.000603723821121869,0,24337,6475,,
Midbrain,Spinal cord (lumbar),6.44575502070137,-0.0932701091129697,-10.517168262983,0.000935512771449772,0,21466,12722,,
Endothelial cell,Extraembryonic mesoderm,6.1539911308929,-0.0932958839321459,-7.5494081488065,0.000254732647764905,0,9605,5300,,
Endothelial progenitor,Spinal cord (thoracic),6.51942334947339,-0.0933855332218153,-5.59281322065011,0.0018684008520509,0,1988,35061,,
First heart field,Otic placode,5.64878267425725,-0.0934018304284896,-3.6600958380665,0.00298442715194464,0.03,1531,2365,,
Hypothalamus,Spinal cord (lumbar),6.23454291798102,-0.0935250979061127,-8.70834298781603,0.000644635609055108,0,7652,12722,,
Intermediate mesoderm,Olfactory sensory neuron,5.95949449936524,-0.0942148046810986,-2.07790334546259,0.00135848442876554,0.1,10656,389,,
Endothelial progenitor,Surface ectoderm,5.92047304688565,-0.0942880805400481,-3.82748585968695,0.00216770486381203,0.06,1988,2649,,
Hindbrain (r2-r4),Olfactory sensory neuron,6.0313849006685,-0.0948448818512635,-2.60026524394296,0.000168525147499855,0.01,26863,389,,
Head paraxial mesoderm,Hematopoietic progenitor,5.38851007980075,-0.0950035926518889,-1.27114301011593,0.0101868090526258,0.88,32981,87,,
Nascent somite,Olfactory sensory neuron,5.91161417783636,-0.0952748824198647,-2.42407996577013,0.00477950108806715,0.17,6475,389,,
Amniotic ectoderm,Pharyngeal endoderm,5.57997120473397,-0.095711730566004,-6.46377191206785,0.0195757821989152,0.69,2288,5045,,
Pharyngeal endoderm,Pharyngeal mesoderm,5.72101676955054,-0.095826021329981,-8.60468434028425,0.00325349037028026,0.01,5045,7691,,
Arterial endothelial cell,Hypaxial myogenic progenitor,6.03892029350939,-0.0959344090550047,-3.02478154018103,0.000473521903764877,0.02,645,5322,,
Cranial motor neuron,Periocular mesoderm,5.58731825217626,-0.0959549684969417,-4.39311319262291,0.0148480139956534,0.33,3730,1739,,
Epibranchial sensory neuron,Nascent somite,5.92976256754967,-0.0962646938192091,-4.01738295040273,0.00301353756440972,0.07,1270,6475,,
Hemogenic endothelium,Pharyngeal endoderm,5.2751872617384,-0.0967973666676051,-1.95851902046606,0.0420914534737427,0.85,141,5045,,
Autonomic neuron,Hypaxial myogenic progenitor,5.55150947274883,-0.0969571428916991,-2.91273785582082,0.0682293875326708,0.23,142,5322,,
Endothelial progenitor,Epibranchial sensory neuron,5.91486193737624,-0.0969601109312915,-3.21422264772793,0.0106483832837842,0.35,1988,1270,,
Frontonasal mesenchyme,Spinal cord interneuron,6.57221312777188,-0.0970414179200709,-10.9915623169229,0.00694381297796494,0,24672,12470,,
Endocardial cell,Forelimb field,5.96235682713893,-0.0971517339708626,-5.2283282603852,0.00965969278672874,0.37,1558,25891,,
Hypothalamus,Spinal cord (sacral),6.16607478711397,-0.0971766819473565,-6.97951302005604,0.00173595480309143,0,7652,5351,,
Allantois,Roof plate,5.52950920088192,-0.0983167882704509,-0.945030452186523,0.00536898893244562,0.93,78,6035,,
Pharyngeal endoderm,Primordial germ cell,4.69236920074923,-0.0986343481849996,-1.01894225832969,0.0161095389451555,0.93,3408,25,,
Midbrain neuron,Vagal neural crest,6.25840856253479,-0.098679508007874,-6.20971636720208,0.000563922773734085,0,4463,4937,,
Axial progenitor,Hindbrain (r1),6.37584607586129,-0.0990003910951721,-5.92877643475707,0.00475224992760092,0.18,3170,16440,,
Foregut,Pharyngeal mesoderm,5.62272854623376,-0.0995821474085566,-6.33707566848408,0.00172286567398685,0,2432,7691,,
Dorsal root ganglion neuron,Juxtacardiac field,5.66396241358654,-0.100153333123939,-3.77285906076532,0.00119272747155794,0.04,1179,1386,,
Hindbrain (r1),Nascent somite,6.42960975562636,-0.100165072341334,-9.03041884091814,0.00623797933804129,0,16440,6475,,
Hindgut,Presomitic mesoderm,5.82693390034574,-0.100570285852239,-6.37085580107123,0.00558367678480153,0,3029,8521,,
Nascent somite,Otic placode,5.98009883552873,-0.10065223283517,-4.91379019075551,0.00160991786904141,0,6475,2365,,
Macrophage,Trigeminal sensory neuron,5.33656014021968,-0.100846975178434,-4.93114108354256,0.0238343991445349,0.09,966,3198,,
Olfactory placode,Second heart field,5.88797854755789,-0.100919969551838,-9.15966887412629,0.013196918804545,0.1,5872,6952,,
Nascent somite,Trigeminal ganglion neuron,6.06846828889058,-0.101088842673613,-5.1086530459808,0.0027686982009732,0.01,6475,1765,,
Hindbrain (r1),Presomitic mesoderm,6.44561224892638,-0.101607200545454,-9.62668080398984,0.00393523530962144,0,16440,8521,,
Epibranchial sensory neuron,Telencephalon,5.92967943869914,-0.101709119012983,-4.29707093922772,0.00151099472503838,0,1270,34300,,
Frontonasal mesenchyme,Mesothelium,5.836458507242,-0.102789606828081,-3.01139121209646,0.0113542358537776,0.45,24672,346,,
Olfactory sensory neuron,Primordial germ cell,4.63249330203979,-0.102944942862302,-0.887525003808475,0.0299765501859574,0.94,254,25,,
Cranial neural crest,Spinal cord (sacral),6.38870152151154,-0.103046232607731,-7.01648954326374,0.00372130285338908,0.02,9523,5351,,
Hypothalamic neuron,Spinal cord (sacral),6.14297155726422,-0.103058646163745,-4.8889230913668,0.00428843034397039,0.22,1528,5351,,
Head paraxial mesoderm,Macrophage,5.49763540001618,-0.103074544139398,-4.74788629150016,0.000617193939302092,0,32981,966,,
Allantois,Hematopoietic progenitor,4.58479368661171,-0.103208385643092,-0.580592314829254,0.0735992999444056,0.75,78,87,,
Otic placode,Presomitic mesoderm,5.9930962709131,-0.103293662140633,-5.81299434573186,9.57461850824156e-05,0,2365,8521,,
Endothelial cell,Epibranchial sensory neuron,6.02397035048849,-0.103780859389345,-4.27466395768795,0.00910261467398844,0.24,9605,1270,,
Hypothalamic neuron,Spinal cord (lumbar),6.20708338239623,-0.103948307636786,-4.97763047811819,0.0053457578943905,0.44,1528,12722,,
Hematopoietic progenitor,Pharyngeal mesoderm,5.26669275649756,-0.103951086297006,-1.63771320826267,0.0082025169579302,0.91,87,7691,,
Epicardium,Trigeminal ganglion neuron,5.6772755084251,-0.10397414684833,-3.92237353068753,0.00322423038699609,0.02,1288,1765,,
Hindgut,Otic sensory neuron,5.27962104876354,-0.104258169630991,-3.2500074733659,0.0159396958223362,0.44,3029,974,,
Forelimb field,Presomitic mesoderm,6.31349042770319,-0.104344186284916,-11.3612660254404,0.00703448629774492,0.06,25891,8521,,
Nascent somite,Splanchnic mesoderm,6.51041575391658,-0.105651089580341,-9.04614416682026,0.0138043016240479,0.13,6475,21642,,
Cranial motor neuron,Pharyngeal endoderm,5.74121300052314,-0.10572790404432,-6.79537783834392,0.00561457756115567,0.08,3730,5045,,
Splanchnic mesoderm,Trigeminal ganglion neuron,6.16940246504721,-0.106316514534114,-5.18941711606673,0.00688198551453183,0.52,21642,1765,,
Autonomic progenitor,Second heart field,5.93757058775538,-0.106415502264815,-7.37797130283075,0.0114572705615613,0.34,3416,6952,,
Floor plate,Hypaxial myogenic progenitor,6.29940452163346,-0.106911169259857,-8.22415793874391,0.00769019818985527,0.49,16788,5322,,
Hematopoietic progenitor,Otic placode,5.07180122874825,-0.106971528288745,-1.19292152128305,0.00324960112071063,0.6,87,2365,,
Autonomic progenitor,Juxtacardiac field,5.71997867688699,-0.107288563542449,-4.8832174377219,0.00544378207237971,0.25,3416,1386,,
Diencephalon,Olfactory placode,6.02768970114004,-0.107781162393781,-9.75127500145405,0.00184260705305886,0,14353,5872,,
Endocardial cell,Lens placode,5.68423233273826,-0.107852571158572,-4.80713046691537,0.00620053190025263,0.52,1558,2811,,
Axial progenitor,Hypothalamic neuron,6.09714976809854,-0.108396509172211,-4.71310351343087,0.00621330260213599,0.49,3170,1528,,
Autonomic progenitor,Midbrain neuron,6.11297224447369,-0.108739688508369,-5.89124443753774,0.00042959754659493,0,3416,4463,,
Juxtacardiac field,Trigeminal placode,5.76258057656314,-0.108834149977055,-5.02662449684967,0.00681471205834608,0.25,1386,6546,,
Endocardial cell,Otic placode,5.62930872245457,-0.108845749584178,-4.53477048705033,0.0037979775491058,0.05,1558,2365,,
Roof plate,Surface ectoderm,5.97563440260155,-0.108858983417725,-5.19707125097769,0.00751698192617355,0.02,6035,2649,,
Dorsal root ganglion neuron,Epicardium,5.70870913776515,-0.109141037777324,-3.8246397324488,0.000696202200942946,0,1179,1288,,
Extraembryonic mesoderm,Primordial germ cell,4.75420099890079,-0.109407483376893,-0.884693354096333,0.0122173972597639,0.63,3780,25,,
Mesothelium,Presomitic mesoderm,5.95300046802552,-0.109599495401371,-2.54741548924971,0.0120980021451641,0.92,346,8521,,
Amniotic ectoderm,Head paraxial mesoderm,5.8796815157192,-0.109780973927285,-7.21920121957448,0.00122710626189296,0,2288,32981,,
Forelimb field,Juxtacardiac field,5.85116777551434,-0.109835072300403,-5.4898164740622,0.000825294825601609,0,25891,1386,,
Autonomic neuron,Macrophage,4.82619520265416,-0.109940618215896,-2.37472103198369,0.0731128168428073,0.19,142,966,,
Hepatoblast,Pharyngeal mesoderm,5.48948607494045,-0.110124268019817,-4.77367176666191,0.0090399636546006,0.03,1255,7691,,
Forelimb field,Head paraxial mesoderm,6.15553329190573,-0.111182676678993,-21.7067728929099,0.0152904148163154,0,25891,32981,,
Hindbrain (r1),Trunk neural crest,6.30013311028227,-0.111292860580356,-10.3402467963537,0.00696866053508877,0,16440,6809,,
Sclerotome,Spinal cord (cervical),6.797702414711,-0.111588563678531,-24.8305599794509,0.000144236198567753,0,74334,41051,,
Juxtacardiac field,Trigeminal ganglion neuron,5.61734579312462,-0.111592446373378,-4.46295536141178,0.00253396094262365,0.01,1386,1765,,
Allantois,Telencephalon,5.48333675364521,-0.111649559419404,-1.41023007439432,0.00962550292235625,1,78,34300,,
Megakaryocyte,Otic placode,5.31324902563463,-0.111973619242722,-2.6399904218574,0.00493228720125722,0.55,482,2365,,
Epidermal progenitor,First heart field,5.91123919442888,-0.112610264149816,-6.0062856156773,0.00305566119859375,0,24337,1531,,
Presomitic mesoderm,Trigeminal ganglion neuron,6.07307520398408,-0.112978374617807,-5.65799763095466,0.000835284286171986,0,8521,1765,,
Dermomyotome,Spinal cord interneuron,6.89813418377229,-0.113254575049708,-14.1235398335851,0.0009970430536874,0,47263,12470,,
Autonomic neuron,Endothelial cell,5.70946561852183,-0.11355321351023,-2.76619253148944,0.0283661392068728,0.63,142,9605,,
Megakaryocyte,Pharyngeal mesoderm,5.49554405349983,-0.113812656141366,-3.53544255047569,0.00258851342969739,0.02,482,7691,,
Extraembryonic mesoderm,Trigeminal placode,5.83232919245233,-0.113883332633211,-9.84721176749248,0.00913040737882434,0,5300,6546,,
Axial progenitor,Forelimb field,6.23076952056151,-0.113956975524487,-8.71620457496254,0.00456015584603289,0,3170,25891,,
Notochord,Surface ectoderm,5.40077313231378,-0.114079200879999,-3.69176299242903,0.0169244998319111,0.22,956,2649,,
Midbrain neuron,Olfactory sensory neuron,5.84265119483973,-0.114241321980267,-2.91615324767859,0.0038828053276276,0.04,4463,389,,
Otic placode,Telencephalon,5.97310541236343,-0.114532994608976,-6.90663026964887,0.00664736724242394,0.03,2365,34300,,
Olfactory sensory neuron,Second heart field,5.6676627555659,-0.114753789698278,-3.48530212847983,0.0131465597276827,0.86,389,6952,,
Arterial endothelial cell,Trigeminal ganglion neuron,5.75344332858807,-0.115072761549236,-3.3728493842572,0.00627509967320122,0.15,645,1765,,
Juxtacardiac field,Olfactory sensory neuron,5.44384031227435,-0.115383700892999,-2.95226141471507,0.016576182728398,0.45,1386,389,,
Amniotic ectoderm,Forelimb field,5.90050131437717,-0.115480584159639,-6.9085443809953,0.00230447122708842,0,2288,25891,,
Megakaryocyte,Second heart field,5.51377128347411,-0.115781813313237,-3.85086163626158,0.00443081357989107,0,482,6952,,
Foregut,Second heart field,5.62563337192886,-0.115962791373319,-8.13522587063604,0.00354247275583019,0.01,2432,6952,,
Amniotic ectoderm,Endothelial progenitor,5.98840571898146,-0.11627039840962,-5.49971331058779,0.000672285300424866,0,2288,1988,,
Endothelial progenitor,Epidermal progenitor,6.22865680482983,-0.116398149538571,-6.19246579999478,0.00279534492935036,0,1988,24337,,
Amniotic ectoderm,Sacral neural crest,5.77990966040425,-0.116502932121646,-4.68060846866742,0.00686774480691628,0.02,2288,2156,,
Endocardial cell,Otic sensory neuron,5.52287182168628,-0.116657944683416,-3.97737877663749,0.0024771272502832,0,1558,974,,
Dorsal root ganglion neuron,Midbrain,6.07085473132114,-0.117306634977595,-5.09022927171958,0.00141297733964326,0,1179,21466,,
Epidermal progenitor,Telencephalon,6.25303864411706,-0.117475065471472,-17.2346528868795,0.00219534700715661,0,24337,34300,,
Cranial neural crest,Somatic mesoderm,6.58297071821954,-0.118464524341088,-14.569589987096,0.0110960635941513,0.17,9523,66151,,
Pharyngeal arch mesenchyme,Splanchnic mesoderm,6.49216431412524,-0.118661389578815,-20.3524905856299,0.00544650220475434,0,39085,21642,,
Axial progenitor,Cranial neural crest,6.33211661839363,-0.118767781430584,-7.68289710956947,0.00157406844236268,0,3170,9523,,
Hindbrain (r2-r4),Olfactory placode,6.21298273170403,-0.119227162884009,-11.0010258100824,0.0015962714159293,0,26863,5872,,
Mesothelium,Spinal cord (sacral),5.90473080205187,-0.119238051892351,-2.63089367886284,0.0133307590539911,0.97,346,5351,,
Allantois,Pharyngeal endoderm,5.02647117741702,-0.11931591403268,-1.72790937651567,0.0189373868573783,0.61,78,5045,,
Arterial endothelial cell,Trunk neural crest,5.97086687176408,-0.119381539546789,-4.09079561016827,0.00223348135212918,0.02,645,6809,,
Axial progenitor,Pharyngeal arch mesenchyme,6.32971804986509,-0.119514035961294,-7.77287930375902,0.00105372814343591,0,3170,39085,,
Hindbrain (r1),Olfactory sensory neuron,5.90843497747375,-0.11979921153231,-3.07148456000957,0.00671107235833425,0.09,16440,389,,
Epibranchial placode,Telencephalon,5.95105207575939,-0.119826065186266,-8.68430698436095,0.00327652399289054,0,3606,34300,,
Hindlimb field,Hypaxial myogenic progenitor,6.1672729785755,-0.119879615725038,-8.15132244051704,0.000725286490783094,0,6150,5322,,
Arterial endothelial cell,Frontonasal mesenchyme,5.98149733713595,-0.120007649348593,-4.09218151317519,0.0021277407334131,0,645,24672,,
Midbrain neuron,Spinal cord (lumbar),6.39005682669156,-0.120303533628784,-8.6068711262793,3.29957152665185e-05,0,4463,12722,,
Intermediate mesoderm,Otic sensory neuron,5.91170144544386,-0.120768507429991,-4.38914071188841,0.00310375486597693,0,10656,974,,
Cranial neural crest,Mesothelium,5.91923555028977,-0.120934698736102,-2.85686069636814,0.00802135553723581,0.32,9523,346,,
Midgut,Surface ectoderm,5.31741865771808,-0.121068962401742,-5.5071228728484,0.0177631571231999,0.81,1667,2649,,
Second heart field,Trigeminal ganglion neuron,5.82442770504658,-0.121147389476859,-6.58976797504238,0.00879070411278974,0.01,6952,1765,,
Dorsal root ganglion progenitor,Midbrain neuron,6.0565901951867,-0.121227909889104,-4.30686020106317,0.00145689645072344,0,921,4463,,
Axial progenitor,Hypothalamus,6.10305127321705,-0.12143309968251,-7.0264056673246,0.0029936578817757,0,3170,7652,,
Epidermal progenitor,Hematopoietic progenitor,5.34521706701548,-0.121537390222146,-1.53274786350787,0.0106997986780528,0.77,24337,87,,
Hematopoietic progenitor,Trigeminal ganglion neuron,5.15247776702805,-0.121672688978758,-1.33843994892796,0.00506817082646144,0.62,87,1765,,
Epidermal progenitor,Pharyngeal mesoderm,5.99907140141304,-0.121806877172473,-14.2587115286106,0.0064481824855741,0,24337,7691,,
Dorsal root ganglion progenitor,Hypaxial myogenic progenitor,6.0254875069201,-0.12193041044114,-4.66239294713579,0.00125342967948892,0,921,5322,,
Arterial endothelial cell,Pharyngeal arch mesenchyme,6.07887330067438,-0.122235576036158,-3.84952808497191,0.00201116927328623,0,645,39085,,
Autonomic neuron,Midgut,4.99303689637017,-0.122262914970989,-2.91175984086477,0.0326746411553648,0.83,142,1667,,
Endothelial cell,Otic sensory neuron,5.96065538144775,-0.122379977500106,-4.68986309925136,0.00214360567289983,0,9605,974,,
Hindgut,Second heart field,5.56530508963499,-0.122789571104199,-8.65404438112664,0.0106417554331814,0.35,3029,6952,,
Hindbrain (isthmic organizer),Spinal cord (sacral),6.26350903319401,-0.123186768649328,-7.66311388099856,0.0021036182717692,0,3921,5351,,
Epibranchial placode,Mesothelium,5.47637522021585,-0.123540373582878,-2.55231372449446,0.0247392620655343,0.81,3606,346,,
Hepatoblast,Hypothalamus,5.49134800675096,-0.124317170155182,-3.35495731220965,0.0448819758131098,0,1255,7652,,
Otic placode,Periocular mesoderm,5.34461803180732,-0.124694004556123,-4.48106553919364,0.0165586577405087,0.41,2365,1739,,
Foregut,Surface ectoderm,5.36511558610872,-0.124722605695848,-7.01212192753248,0.0340508092780217,0.05,2432,2649,,
Arterial endothelial cell,Sacral neural crest,5.85192507247732,-0.125205543299853,-3.40461825231095,0.000619009868228786,0,645,2156,,
Megakaryocyte,Otic sensory neuron,5.20221869137589,-0.125241313440866,-2.57623213555591,0.0260535931917438,0.17,482,974,,
Frontonasal mesenchyme,Hindbrain (r5-r8),6.42408705766328,-0.125307632345014,-19.8781964663658,0.00350517184211871,0,24672,28972,,
Eye field,Trigeminal ganglion neuron,5.91071884530348,-0.125498707882378,-6.10539246804178,0.00961261611219462,0,8896,1765,,
Arterial endothelial cell,Vagal neural crest,5.97659151934564,-0.12550389170599,-3.76956028746212,0.000351542880976514,0,645,4937,,
Midgut,Pharyngeal mesoderm,5.54337619543759,-0.125759464520503,-7.02489754697841,0.0092557821050893,0.04,1667,7691,,
Dorsal root ganglion progenitor,Endocardial cell,5.75254887279155,-0.125984730738332,-4.76713719907002,0.00430284462357973,0.14,921,1558,,
Midbrain,Spinal cord (sacral),6.34892188472192,-0.126340714168672,-10.76744290535,0.000347576829474831,0,21466,5351,,
Dorsal root ganglion progenitor,Extraembryonic mesoderm,5.73036342657227,-0.126508591900647,-5.82783869366757,0.0143189134918501,0.95,921,5300,,
Head paraxial mesoderm,Trigeminal ganglion neuron,5.90838508867758,-0.127140091536314,-7.50214522559923,0.0068941439009074,0,32981,1765,,
Hindbrain (r5-r8),Intermediate mesoderm,6.57662214761047,-0.127305058454812,-13.9603161595758,0.0207620012094837,0.17,28972,10656,,
Head paraxial mesoderm,Hepatoblast,5.58274133339673,-0.127393167891905,-5.89579716889628,0.0113893833875423,0,32981,1255,,
Forelimb field,Spinal cord (sacral),6.25822945363737,-0.12747992430409,-11.8981932085571,0.00942019800799,0.15,25891,5351,,
Frontonasal mesenchyme,Intermediate mesoderm,6.32819238872437,-0.127827888399948,-15.926024599168,0.00829467032270898,0,24672,10656,,
Frontonasal mesenchyme,Head paraxial mesoderm,6.14222266193242,-0.127928121903855,-22.2963722842705,0.00296760080518917,0,24672,32981,,
Autonomic progenitor,Eye field,6.0052614102256,-0.128409820998485,-9.12081303572267,0.00550185305641169,0,3416,8896,,
Dorsal root ganglion neuron,Second heart field,5.85196113369159,-0.128438938934898,-6.05229942115884,0.00101909089441435,0,1179,6952,,
Autonomic neuron,First heart field,5.23692227742537,-0.128502734620293,-2.99655138343767,0.0200002702158782,0.99,142,1531,,
Pharyngeal arch mesenchyme,Spinal cord (sacral),6.35863209475601,-0.128568974509536,-11.3539849759426,0.00151944447295713,0,39085,5351,,
Dorsal root ganglion progenitor,Hindbrain (isthmic organizer),5.98623817580928,-0.12888112430009,-4.23428871500628,0.0123547845971689,0.02,921,3921,,
Nascent somite,Olfactory placode,6.0837765850482,-0.129419948714456,-10.0185453007217,0.000997785061352097,0,6475,5872,,
Foregut,Otic sensory neuron,5.30774240397209,-0.129563439841216,-5.63431093597461,0.0263947272111075,0.36,2432,974,,
Hypaxial myogenic progenitor,Juxtacardiac field,5.86925735258523,-0.129774928861973,-5.24410149298252,0.00418245890928313,0,5322,1386,,
Endothelial progenitor,First heart field,6.02081058224151,-0.129841085031076,-5.16839676078983,0.00201963669803518,0,1988,1531,,
Midgut,Second heart field,5.55889712361921,-0.129847428575469,-7.83796206860949,0.0107555774070425,0.09,1667,6952,,
Epibranchial sensory neuron,Presomitic mesoderm,5.91473895042928,-0.130190997039628,-5.08832451256366,0.0121713874030681,0,1270,8521,,
Hemogenic endothelium,Hypaxial myogenic progenitor,5.62199852209524,-0.130411815300041,-1.89315032482601,0.00360900154436127,0.08,141,5322,,
Dorsal root ganglion neuron,Hypaxial myogenic progenitor,6.00373010856974,-0.130652465424851,-5.49599239703985,1.3530378345738e-05,0,1179,5322,,
Autonomic neuron,Hindbrain (r1),5.5948969366416,-0.130685020559645,-0.623752959677831,0.0635323073998226,0.87,142,16440,,
Frontonasal mesenchyme,Somatic mesoderm,6.46805117971726,-0.130928852039816,-23.0129921603219,0.000100664155643761,0,24672,66151,,
Notochord,Second heart field,5.63718840236854,-0.13099028772226,-6.33564401891872,0.00424039333249709,0,956,6952,,
Allantois,Foregut,4.91478904329436,-0.131057432888191,-1.61166105482761,0.0152193174113436,0.91,78,2432,,
Hypothalamus,Periocular mesoderm,5.53616598545253,-0.131109036313921,-6.81320170868602,0.00685004677506655,0.05,7652,1739,,
Hindgut,Hypothalamus,5.55357470248491,-0.131111663181591,-8.50192234363728,0.00220134356357001,0,3029,7652,,
Dorsal root ganglion progenitor,First heart field,5.75033697006129,-0.131151048682837,-5.00334502811228,0.00256300024685377,0,921,1531,,
Extraembryonic mesoderm,Forelimb field,5.90434963296188,-0.131330383175203,-12.1868789500099,0.000520375688608865,0,5300,25891,,
Presomitic mesoderm,Trigeminal placode,6.19632474456243,-0.131391852064101,-9.86830611104019,0.00237502705449364,0,8521,6546,,
Axial progenitor,Midbrain,6.30508342487456,-0.131444953023792,-8.45925396011735,0.00173387146545103,0,3170,21466,,
Hindgut,Pharyngeal mesoderm,5.53897183686896,-0.131721433914523,-9.13786312902863,0.00518276746833789,0,3029,7691,,
Hematopoietic progenitor,Trigeminal sensory neuron,5.18738662013946,-0.132205678749618,-1.46006262273557,0.0139169849821812,0.89,87,3198,,
Macrophage,Olfactory placode,5.30499473998612,-0.132952133400785,-4.77934231302109,0.00097490181873076,0,966,5872,,
Autonomic neuron,Sclerotome,5.78151953464038,-0.132953597384413,-3.03756750706667,0.0561774691767632,0.42,142,74334,,
Amniotic ectoderm,Pharyngeal mesoderm,5.74771567199274,-0.133136443213506,-7.73680529734088,0.00166236035918778,0,2288,7691,,
Autonomic neuron,Myotome,5.5053800888731,-0.133209366572998,-2.85826322195183,0.0602379764020836,0.38,142,2201,,
Axial progenitor,Otic placode,5.89176971115579,-0.133369944851136,-5.69685359941152,0.000221143533394472,0,3170,2365,,
Myotome,Spinal cord (cervical),6.49117044006051,-0.133841248673136,-7.42389433309268,0.00195379439848062,0,2201,41051,,
Olfactory sensory neuron,Presomitic mesoderm,5.88566443812121,-0.133987171239694,-3.19711188565521,0.00247910076955966,0.07,389,8521,,
Endothelial progenitor,Otic sensory neuron,5.82780820460485,-0.134091800510127,-4.53460008785374,0.00108489090394479,0,1988,974,,
Amniotic ectoderm,Vagal neural crest,5.88373912990976,-0.134123285619275,-6.3417530827047,0.00107482630603629,0,2288,4937,,
Forelimb field,Spinal cord (lumbar),6.31500892109068,-0.13425186654268,-16.7520515282962,0.00814303197533518,0,25891,12722,,
Epibranchial placode,Presomitic mesoderm,5.94690746935063,-0.134616805312975,-8.12854126828956,0.000213062983516234,0,3606,8521,,
Otic sensory neuron,Pharyngeal mesoderm,5.60224338026138,-0.134704684529282,-5.416823993602,0.0130715893182889,0.82,974,7691,,
Hypothalamus,Presomitic mesoderm,6.1604164359361,-0.134746527300359,-10.8368730719423,0.00258729885199514,0,7652,8521,,
Axial progenitor,Mesothelium,5.85150462695132,-0.134834044752883,-2.90833268336772,0.00824620580639059,0.37,3170,346,,
Axial progenitor,Epidermal progenitor,6.17381561957077,-0.135183430476698,-8.71510817525583,0.00451748520442625,0,3170,24337,,
Hindbrain (isthmic organizer),Presomitic mesoderm,6.28272340850083,-0.135628130463266,-9.59068767936222,0.00296012223324903,0,3921,8521,,
Hematopoietic progenitor,Mesothelium,5.01473289029933,-0.135635716461298,-1.42398711916786,0.00456693748251979,0.49,87,346,,
Epibranchial sensory neuron,Head paraxial mesoderm,5.75407311672233,-0.136669437575773,-6.53415839242044,0.00189167676678106,0,1270,32981,,
Arterial endothelial cell,Macrophage,5.30014025761846,-0.136993894456998,-3.73329717846288,0.00780922376777051,0.63,645,966,,
Hindbrain (r1),Olfactory placode,6.09789648209979,-0.137655891528364,-11.4520532706584,0.00460020748663911,0,16440,5872,,
Endothelial cell,Otic placode,6.04525335262299,-0.137938751088096,-8.34456478143069,0.00163104732135034,0,9605,2365,,
Head paraxial mesoderm,Lens placode,5.86144782089859,-0.1383074850317,-10.5225823301202,0.0049907661323323,0,32981,2811,,
Hindbrain (isthmic organizer),Nascent somite,6.26436638781561,-0.138540646890646,-8.9891091944385,0.00475871330321185,0,3921,6475,,
First heart field,Lens placode,5.6538632250052,-0.13859217614371,-6.2777085806567,0.00896818960390039,0.23,1531,2811,,
Midbrain neuron,Trigeminal sensory neuron,6.0271894437276,-0.138686262211786,-7.91493481658203,0.00395549537756946,0,4463,3198,,
Mesothelium,Roof plate,5.95974550196142,-0.138765057312494,-2.98306012320148,0.000251409809828488,0.02,346,6035,,
Dorsal root ganglion progenitor,Midbrain,6.06547564508438,-0.138889690405909,-6.11414053515707,0.00563579401649023,0,921,21466,,
Dorsal root ganglion progenitor,Endothelial cell,6.18591569865801,-0.138942156881916,-5.63174521668118,0.00410600266566338,0,921,9605,,
Endocardial cell,Hindlimb field,5.87907501161974,-0.139027959369953,-6.155769283975,0.00527824550678875,0.02,1558,6150,,
Midbrain,Nascent somite,6.35165163751487,-0.139254433595916,-12.0832114335173,0.00565297981700616,0,21466,6475,,
Hypothalamus,Nascent somite,6.13906892406895,-0.139274621043201,-11.21105218514,0.00241986869383098,0,7652,6475,,
Allantois,Trunk neural crest,5.32778751110132,-0.139497096154763,-1.32520265804173,0.0108796275852652,0.85,78,6809,,
Presomitic mesoderm,Splanchnic mesoderm,6.49422655602215,-0.139510403362237,-13.1565635946099,0.0108554705119965,0,8521,21642,,
Myotome,Second heart field,6.07148259854999,-0.139550880016463,-8.59615337460185,0.00377212890426734,0,2201,6952,,
Spinal cord (lumbar),Trigeminal ganglion neuron,6.07862651554638,-0.139859450755211,-6.64756520022632,0.00609794456313583,0.01,12722,1765,,
Amniotic ectoderm,Hindgut,5.38725560068493,-0.140190907548965,-7.26078124032235,0.0125265250642081,0.35,2288,3029,,
Hindlimb field,Spinal cord (cervical),6.40865168291791,-0.140244665721449,-11.9753112608605,0.0101053605357209,0,6150,41051,,
Epicardium,Hindlimb field,5.83005864015182,-0.140399008659501,-5.952743514335,0.000535861929594912,0,1288,6150,,
Midbrain neuron,Trigeminal placode,6.12638206576791,-0.140802694098994,-8.7493918230958,0.00157564108677907,0,4463,6546,,
Autonomic progenitor,Dermomyotome,6.36419859653363,-0.140869815338536,-9.55192906475648,0.00251808326488311,0,3416,47263,,
Allantois,Vagal neural crest,5.34263442906831,-0.141000047832693,-1.39992923316193,0.00405091732857077,0.39,78,4937,,
Hypothalamic neuron,Periocular mesoderm,5.50824865584555,-0.141129072242912,-5.82863665864439,0.00460989614865324,0,1528,1739,,
Hypothalamic neuron,Myotome,6.04536166643669,-0.141392694893899,-5.41255314419038,0.000769757816062597,0,1528,2201,,
Endothelial cell,Sacral neural crest,6.24180668839686,-0.142085314507923,-8.80328631896595,0.00477015534972141,0,9605,2156,,
Hypaxial myogenic progenitor,Sacral neural crest,6.06471932363085,-0.142137501970253,-7.14345000304567,0.0021215623489473,0,5322,2156,,
Hindbrain (r2-r4),Otic placode,6.05735025083223,-0.142146075120889,-9.05218946383455,0.00528258689354852,0,26863,2365,,
Hindbrain (r2-r4),Trigeminal placode,6.29019816476983,-0.142278086606565,-13.1056184432347,0.00200605877412625,0,26863,6546,,
Spinal cord (lumbar),Telencephalon,6.42028921854514,-0.142468499118766,-17.823478783697,0.00050557846720834,0,12722,34300,,
Nascent somite,Trigeminal placode,6.16983388834301,-0.143043955169283,-10.5701742855568,0.000864713628856155,0,6475,6546,,
Axial progenitor,Eye field,6.1749321659637,-0.143330804532837,-8.70750992855209,0.00392686566636657,0,3170,8896,,
Olfactory placode,Presomitic mesoderm,6.08450362663967,-0.143948874295772,-10.3547866654779,0.000502249373692346,0,5872,8521,,
Macrophage,Otic placode,5.16422093974947,-0.144751107798327,-5.11634783896169,0.00809309598404399,0.02,966,2365,,
Dorsal root ganglion progenitor,Eye field,5.94460567519499,-0.14482544292806,-5.57776560261657,0.0104056493640167,0.2,921,8896,,
Axial progenitor,Hindbrain (isthmic organizer),6.20085031913367,-0.14495749595122,-8.35928921241324,0.00388863489237657,0,3170,3921,,
Autonomic neuron,Hindgut,4.97481709399394,-0.145417229623822,-2.50302888772658,0.00660576253600662,0.24,142,3029,,
Autonomic neuron,Hindbrain (isthmic organizer),5.45827511452859,-0.145858166966426,-1.48529343294803,0.0204502197523611,0.81,142,3921,,
Hepatoblast,Hypothalamic neuron,5.45319771227259,-0.145872058371794,-4.11594126319714,0.0429467348093499,0,1255,1528,,
Foregut,Hemogenic endothelium,5.13119047386611,-0.145905422948844,-3.01013846744814,0.0188093727817587,0.5,2432,141,,
Somatic mesoderm,Spinal cord (thoracic),6.67959014041185,-0.146012699367031,-28.6199199074345,0.0046027484134383,0,66151,35061,,
Hindgut,Surface ectoderm,5.29162838954369,-0.146192111144889,-7.03756021063543,0.00524337018122851,0,3029,2649,,
Otic placode,Pharyngeal endoderm,5.48684201673685,-0.146396720656767,-9.1659524988041,0.0081681018702095,0,2365,5045,,
Head paraxial mesoderm,Hemogenic endothelium,5.5437246401808,-0.14678962628967,-2.14876236214681,0.00542798998958918,0.09,32981,141,,
Dorsal root ganglion neuron,Hindbrain (isthmic organizer),5.95210820793705,-0.146846431836444,-5.21708115073309,0.00945920067309318,0,1179,3921,,
Amniotic ectoderm,Cranial neural crest,5.97360611354515,-0.147122905517838,-8.00183633419388,0.000266355763196022,0,2288,9523,,
Endocardial cell,Hypaxial myogenic progenitor,5.94356759165009,-0.14760886175098,-7.25269124010503,0.000678431874733345,0,1558,5322,,
Epidermal progenitor,Spinal cord (sacral),6.19980547148403,-0.148123226118426,-13.1606738706946,0.000749931343310949,0,24337,5351,,
Dorsal root ganglion progenitor,Hematopoietic progenitor,5.17344652997678,-0.14813167622102,-1.74596647314362,0.00968149986770048,0.65,921,87,,
Hypaxial myogenic progenitor,Notochord,5.77152984395703,-0.148182979507682,-6.48900062821027,0.0129829427894236,0.39,5322,956,,
Epibranchial sensory neuron,Notochord,5.36194228794191,-0.148366797244719,-4.7360275342236,0.00731323194656172,0.02,1270,956,,
Amniotic ectoderm,Trunk neural crest,5.85745336442613,-0.148447813542326,-7.70572344928461,0.00265883798426427,0,2288,6809,,
Intermediate mesoderm,Spinal cord interneuron,6.67534193205074,-0.148893755114501,-13.6428215721141,0.00774230755411354,0,10656,12470,,
Frontonasal mesenchyme,Spinal cord (cervical),6.4468518633137,-0.149018048106202,-24.7591683864158,0.00460110331253733,0,24672,41051,,
Epibranchial sensory neuron,Hindgut,5.28076962481388,-0.149144570074523,-6.05063818688604,0.0324648763164222,0.04,1270,3029,,
Allantois,Notochord,4.91926638192769,-0.14950937232559,-2.01778974871447,0.0182782031467573,0.34,78,956,,
Hindlimb field,Pharyngeal mesoderm,5.96573929014952,-0.149659898390501,-12.5601082662014,0.00756314675121282,0,6150,7691,,
Midbrain,Vagal neural crest,6.23624752089316,-0.149692805946436,-11.695310490181,0.00287669370410113,0,21466,4937,,
Hypothalamic neuron,Midgut,5.516286943024,-0.149888805400969,-6.01922952679361,0.0111159991951809,0.06,1528,1667,,
Dorsal root ganglion neuron,Eye field,5.92162627419427,-0.149950858595807,-6.30975861005094,0.00668299540919153,0.01,1179,8896,,
Mesothelium,Notochord,5.37450426618823,-0.150079796442717,-4.32415920139152,0.0219020130127099,0.34,346,956,,
Epibranchial sensory neuron,Foregut,5.32968504363681,-0.150526695338554,-6.80047125903461,0.0218818618160357,0.65,1270,2432,,
Hypaxial myogenic progenitor,Spinal cord (cervical),6.4754914590794,-0.150815008411504,-13.0302516827099,0.000698468301929082,0,5322,41051,,
Hypothalamic neuron,Presomitic mesoderm,6.13124149982428,-0.150874891455964,-6.92227309096911,0.0053857103220425,0,1528,8521,,
Hindbrain (r2-r4),Trigeminal sensory neuron,6.17930448390957,-0.151087314118682,-10.5839089242435,0.0010032092837419,0,26863,3198,,
Autonomic progenitor,Midbrain,6.09785831804773,-0.151151775284409,-10.9021400223628,0.000250815262937096,0,3416,21466,,
Dermomyotome,Pharyngeal mesoderm,6.35067773195528,-0.151342668738337,-16.5706913955469,0.00798810922486184,0,47263,7691,,
Frontonasal mesenchyme,Nascent somite,6.25223445939471,-0.151795558800728,-14.2225365989776,0.00398869939797494,0,24672,6475,,
Forelimb field,Frontonasal mesenchyme,6.14537144258811,-0.151998447451436,-23.101909898501,0.0175781153235504,0,25891,24672,,
Midbrain neuron,Nascent somite,6.31150111252955,-0.152059229162751,-9.65966365712233,0.000259013816161876,0,4463,6475,,
Notochord,Presomitic mesoderm,5.8590352532349,-0.152104986387774,-6.13304792350052,0.0140058901131792,0.02,956,8521,,
Eye field,Vagal neural crest,6.11554244176215,-0.152252425601253,-12.4918978499127,0.0011397516838813,0,8896,4937,,
Hypothalamus,Midgut,5.53318819604667,-0.152380004395639,-7.3550732312297,0.00713869103918676,0,7652,1667,,
Otic sensory neuron,Presomitic mesoderm,5.84577736871012,-0.15246988976772,-5.66510972996693,0.000401067482173471,0,974,8521,,
Endothelial cell,Lens placode,6.0860461811569,-0.15259265276318,-9.79574162250586,0.00241803833610369,0,9605,2811,,
Extraembryonic mesoderm,Hindlimb field,5.84117940880916,-0.152798337255977,-11.4537912799048,0.00749665843293477,0,5300,6150,,
Head paraxial mesoderm,Surface ectoderm,5.74642316693377,-0.153075975562562,-11.9135747882048,0.0073577931813281,0.02,32981,2649,,
Endocardial cell,Olfactory sensory neuron,5.51107912462851,-0.153159764557876,-4.20884680376413,0.00686130596879424,0.08,1558,389,,
Arterial endothelial cell,Autonomic neuron,5.25746275447428,-0.153624187541595,-1.18003792248647,0.0734851422084394,0.45,645,142,,
Endothelial cell,Trigeminal sensory neuron,6.15988747761846,-0.153666162985526,-10.6568282939228,0.000552612237753125,0,9605,3198,,
Mesothelium,Spinal cord (thoracic),6.00823858543138,-0.153680763090501,-3.5774449400447,0.00213432767904987,0,346,35061,,
Endocardial cell,Trigeminal sensory neuron,5.71097259140086,-0.153867764423314,-6.39187168606016,0.00668067796698293,0,1558,3198,,
Midbrain,Olfactory placode,6.04180011533262,-0.154131775434079,-15.3923763585938,0.0039655813680359,0,21466,5872,,
Dorsal root ganglion neuron,Endocardial cell,5.70752321316578,-0.154272262288082,-5.98620539358279,3.22415736489897e-05,0,1179,1558,,
Otic placode,Pharyngeal mesoderm,5.6839076039962,-0.154451985816304,-9.45915350082056,0.0114372566411655,0,2365,7691,,
Otic sensory neuron,Telencephalon,5.83605267159734,-0.154565968107544,-5.90933320672718,0.00825641891989449,0,974,34300,,
Hypothalamic neuron,Nascent somite,6.10638716159097,-0.154648218847621,-6.70480225392001,0.00439998493562015,0,1528,6475,,
Macrophage,Primordial germ cell,4.26022777503467,-0.155016260221003,-0.612692435576589,0.292264830151381,0.17,567,25,,
Hemogenic endothelium,Notochord,5.15037264926022,-0.155073605117295,-2.43719152307032,0.0164344137881772,0.73,141,956,,
Sclerotome,Second heart field,6.33948487799078,-0.155184207171545,-16.7140225841603,0.00159525878968695,0,74334,6952,,
Endothelial cell,Hematopoietic progenitor,5.55557126777939,-0.155237358670283,-1.98133980317758,0.0317472736967066,0.73,9605,87,,
Allantois,Eye field,5.30021675940183,-0.155548390331937,-1.6428232863392,0.00232021908115652,0.25,78,8896,,
Hematopoietic progenitor,Trigeminal placode,5.25495251686967,-0.155647763267297,-1.80268307438866,0.00149572527373578,0.21,87,6546,,
Head paraxial mesoderm,Pharyngeal endoderm,5.76977281289963,-0.155651227630552,-14.1868061581466,0.00131356298033177,0,32981,5045,,
Hindbrain (r2-r4),Intermediate mesoderm,6.5226262159344,-0.155684519078433,-18.4337805134116,0.0132392973903059,0,26863,10656,,
Hindbrain (r5-r8),Myotome,6.42548790569224,-0.155799604042875,-8.6959313828819,0.00221483302484694,0,28972,2201,,
Hepatoblast,Mesothelium,5.22161433076534,-0.156061378268485,-3.55613410275761,0.00167330499834318,0.05,1255,346,,
Lens placode,Primordial germ cell,4.7195846669365,-0.156078571331582,-1.19315443246323,0.00861800026778513,0.72,1974,25,,
Hindbrain (isthmic organizer),Vagal neural crest,6.13792713436688,-0.156228324131985,-9.01522267016284,0.00734687586383949,0,3921,4937,,
Epidermal progenitor,Megakaryocyte,5.54706402597261,-0.156564895577225,-4.31204086612028,0.00222481998923106,0,24337,482,,
Amniotic ectoderm,Foregut,5.42403866679077,-0.15672693920921,-8.85576213790076,0.00970455008711243,0,2288,2432,,
Forelimb field,Roof plate,6.29542556846819,-0.156796697633262,-15.427056557841,0.00667268893144272,0,25891,6035,,
Epidermal progenitor,Macrophage,5.43335193266899,-0.157063137803715,-6.35645417477376,0.0110208838554297,0.21,24337,966,,
Juxtacardiac field,Olfactory placode,5.61656400229344,-0.15732431168155,-6.48268033663129,0.00971780970902775,0,1386,5872,,
Olfactory sensory neuron,Spinal cord (cervical),6.03954630613095,-0.157326870608126,-3.9868007251303,0.00138377726883836,0.01,389,41051,,
Autonomic neuron,Eye field,5.42433765790972,-0.157492299072456,-2.17197742904661,0.00260439922635081,0.15,142,8896,,
Midbrain neuron,Trunk neural crest,6.18795738749342,-0.157525262657059,-9.5473382193749,0.00162986827750436,0,4463,6809,,
Endothelial progenitor,Otic placode,5.90469579431201,-0.157746911262507,-6.77348688150614,0.00260543485500895,0,1988,2365,,
Endothelial progenitor,Roof plate,6.38010285468262,-0.159065395048709,-7.95814876079626,0.000149056586235412,0,1988,6035,,
Hindlimb field,Juxtacardiac field,5.75918033735558,-0.159206454917273,-6.91586696335189,0.00399132772215453,0,6150,1386,,
Nascent somite,Telencephalon,6.35477347229027,-0.159268431077046,-14.5474732921942,0.000324371513975701,0,6475,34300,,
Epibranchial placode,Foregut,5.36112077080358,-0.159284574093502,-8.94586284150506,0.0430224132941965,0,3606,2432,,
Cranial neural crest,Forelimb field,6.24021346782733,-0.159536473502608,-16.9905952129079,0.0105865676609836,0,9523,25891,,
Nascent somite,Trigeminal sensory neuron,6.0495603921695,-0.159641217691973,-9.40492596884031,0.00125440847329097,0,6475,3198,,
Nascent somite,Surface ectoderm,5.87271707792355,-0.159685233298713,-8.8087966368061,0.00436269780550062,0,6475,2649,,
Notochord,Spinal cord (sacral),5.81903010887575,-0.159718715324076,-5.72535075163723,0.0120951069102087,0,956,5351,,
Mesothelium,Spinal cord (lumbar),5.92971421374142,-0.159761867364879,-4.29402464031505,0.00415218213337846,0.08,346,12722,,
Hindbrain (r1),Sacral neural crest,6.14172920946359,-0.159975164377527,-8.50138078210914,0.00250932947298447,0,16440,2156,,
Axial progenitor,Telencephalon,6.29928041023079,-0.160077726368113,-11.5422777600551,0.0018961850700732,0,3170,34300,,
Midbrain neuron,Spinal cord (sacral),6.28759749371494,-0.160192031640356,-10.0732201284924,0.000367118307729484,0,4463,5351,,
Eye field,Spinal cord (sacral),6.19937749753369,-0.160458347312526,-11.7701342608826,0.0024561250008851,0,8896,5351,,
Hindgut,Hypothalamic neuron,5.50449650867688,-0.160665567806028,-7.55837883042371,0.00642759938510457,0,3029,1528,,
Head paraxial mesoderm,Trigeminal sensory neuron,5.91418812333972,-0.160826297932868,-11.7472941835043,0.000492090289111795,0,32981,3198,,
Hindgut,Otic placode,5.3247363328465,-0.160875610360184,-7.83444217645016,0.0081824841193037,0,3029,2365,,
Olfactory placode,Periocular mesoderm,5.44161289546406,-0.160893622006768,-8.02059602436556,0.00352033575048165,0,5872,1739,,
Dorsal root ganglion progenitor,Sclerotome,6.27307526069487,-0.160997503422867,-6.37777593844183,0.00517625209643909,0,921,74334,,
Hypaxial myogenic progenitor,Trunk neural crest,6.15741854082985,-0.161160411809015,-11.1731264258984,0.000166373021524653,0,5322,6809,,
Diencephalon,Spinal cord (lumbar),6.31716140745252,-0.161219763287726,-17.0921666934498,0.000305056940217293,0,14353,12722,,
Allantois,Megakaryocyte,4.77331030652818,-0.161326929901049,-1.78840734887877,0.00239820255409794,0.15,78,482,,
Midbrain,Presomitic mesoderm,6.34600011557747,-0.161473952442984,-17.5943404552072,0.00137477234653317,0,21466,8521,,
First heart field,Olfactory sensory neuron,5.50395141264226,-0.161488249528584,-5.0125653365625,0.022055384742644,0.56,1531,389,,
Endocardial cell,Olfactory placode,5.70669590307003,-0.161594346541212,-7.22127678338251,0.0115688692759536,0.1,1558,5872,,
Endothelial progenitor,Lens placode,5.95160707763343,-0.161992243189971,-7.5800947711127,0.00511389288350899,0,1988,2811,,
Sclerotome,Trunk neural crest,6.43891204121308,-0.162062405330779,-18.8824252347372,7.20072666959537e-05,0,74334,6809,,
Nascent somite,Notochord,5.83151777233079,-0.162280843248744,-6.8053989914192,0.00119274596050655,0,6475,956,,
Cranial motor neuron,Hindgut,5.53419132417701,-0.162681675740866,-8.9622934983517,0.0266647686369577,0.29,3730,3029,,
Spinal cord (sacral),Trigeminal ganglion neuron,5.98838234519332,-0.16294234669279,-7.10849115505976,0.00582395928137036,0,5351,1765,,
Midgut,Otic sensory neuron,5.22102234136541,-0.162950122065455,-5.97440236465959,0.0112663348419092,0,1667,974,,
Diencephalon,Dorsal root ganglion progenitor,5.98165729635588,-0.163097264117498,-6.12555418131031,0.00448126339209993,0,14353,921,,
Axial progenitor,Notochord,5.77539527748168,-0.16322401541638,-5.840114770996,0.00325672602706975,0,3170,956,,
Axial progenitor,Midbrain neuron,6.24285569499535,-0.16342492095574,-9.38106380654681,0.00633733051327245,0,3170,4463,,
Arterial endothelial cell,Hindgut,5.44957240122145,-0.163552781368943,-5.8566565784315,0.0126705732751534,0,645,3029,,
Diencephalon,Olfactory sensory neuron,5.76194573262446,-0.163554280281445,-3.75945244201485,0.00155203109803748,0,14353,389,,
Dorsal root ganglion progenitor,Megakaryocyte,5.39775694506751,-0.163598991669984,-3.71280365329136,0.0122817065605518,0.09,921,482,,
Macrophage,Olfactory sensory neuron,5.06948338928359,-0.16366685880613,-3.05321286769922,0.00415355495893707,0.01,966,389,,
Endocardial cell,Trigeminal placode,5.8052511245037,-0.163831176456422,-7.77603569898245,0.00918349560058629,0,1558,6546,,
Juxtacardiac field,Myotome,5.83275466381678,-0.164073812686207,-6.28527104772099,0.00111978918801661,0,1386,2201,,
Dorsal root ganglion neuron,First heart field,5.70026047594522,-0.164283695863673,-6.51924964846986,0.000678827663413667,0,1179,1531,,
First heart field,Trigeminal sensory neuron,5.70545605084292,-0.164647999913972,-7.41095413934774,0.00423966124083945,0,1531,3198,,
Cranial motor neuron,Foregut,5.58627026626936,-0.164787697339536,-7.82459762438307,0.0096690441177664,0,3730,2432,,
Dorsal root ganglion neuron,Endothelial cell,6.14157119474435,-0.165093336096387,-7.33111694989975,0.00013472641659605,0,1179,9605,,
Dermomyotome,Roof plate,6.63158470093544,-0.165215669066638,-15.0490109292439,0.000944571817641484,0,47263,6035,,
Diencephalon,Dorsal root ganglion neuron,5.9631203873877,-0.1655339090658,-6.69108352992367,0.00314350549422827,0,14353,1179,,
Somatic motor neuron,Trunk neural crest,6.21307811825786,-0.165706573497779,-11.4543835554365,0.00585409740098028,0,6559,6809,,
Axial progenitor,Diencephalon,6.20746464779844,-0.165752818358863,-11.1194780770235,0.00372080553331007,0,3170,14353,,
Arterial endothelial cell,Pharyngeal endoderm,5.59168154919857,-0.166002186867201,-6.83977520927938,0.00478751140678799,0,645,5045,,
Hematopoietic progenitor,Splanchnic mesoderm,5.55597753051572,-0.167458912402361,-2.06429137641338,0.0236807933184661,1,87,21642,,
Spinal cord (sacral),Telencephalon,6.3323576669138,-0.167595984378338,-15.6455500752158,4.56892782093732e-05,0,5351,34300,,
Hepatoblast,Second heart field,5.45177129166015,-0.167651975990385,-8.5937830724241,0.00585166702932606,0,1255,6952,,
Autonomic progenitor,Extraembryonic mesoderm,5.73374184334286,-0.167841794402252,-11.3642310016174,0.0184528139456482,0.36,3416,5300,,
Dorsal root ganglion neuron,Extraembryonic mesoderm,5.67158702014375,-0.168183202182301,-8.4635665451827,0.0058871834617591,0,1179,5300,,
Lens placode,Pharyngeal mesoderm,5.72432795516039,-0.168280901166718,-11.6278709403624,0.0112156823259388,0.01,2811,7691,,
Hindbrain (r2-r4),Hindlimb field,6.31061487764663,-0.168333393116513,-17.111158116574,0.0136852850487548,0,26863,6150,,
Head paraxial mesoderm,Somatic mesoderm,6.39944802509168,-0.168335291955708,-32.6484759429295,0.000605246536092174,0,32981,66151,,
Epibranchial placode,Head paraxial mesoderm,5.7631227564491,-0.168653226778303,-13.5523327431205,9.01589978328944e-05,0,3606,32981,,
Megakaryocyte,Mesothelium,5.21711493369037,-0.168848875949954,-3.36192149811187,0.00961318293176185,0.22,482,346,,
Epibranchial sensory neuron,Periocular mesoderm,5.24472696679985,-0.169737200971492,-5.93135501784114,0.011196775736893,0.04,1270,1739,,
Axial progenitor,Otic sensory neuron,5.7547369575362,-0.169942563503954,-5.69677931288253,0.000162777005984629,0,3170,974,,
Arterial endothelial cell,Megakaryocyte,5.3830937777415,-0.170165315578713,-3.79403589156697,0.00822973327798069,0.01,645,482,,
Presomitic mesoderm,Trigeminal sensory neuron,6.05723617019677,-0.170277178113044,-10.6717152468923,0.000337694047257751,0,8521,3198,,
Hindbrain (r5-r8),Sclerotome,6.69280128077355,-0.170408109588573,-32.503384487193,0.000427227817530473,0,28972,74334,,
Hemogenic endothelium,Megakaryocyte,5.00488572500895,-0.170455856655729,-2.86700374970808,0.0304083363465362,0.92,141,482,,
Roof plate,Somatic motor neuron,6.37458031143166,-0.170475013234256,-10.7339873392318,0.0027556690798738,0,6035,6559,,
Epicardium,Hypaxial myogenic progenitor,5.87655344310962,-0.170950768821646,-7.32796016242704,0.00616055522755034,0,1288,5322,,
Diencephalon,Vagal neural crest,6.15314004420544,-0.17098493021975,-12.0261390976528,0.000436080469915583,0,14353,4937,,
Hindbrain (r2-r4),Otic sensory neuron,5.92920378398538,-0.1709852401097,-6.58770247324476,0.0107763299850971,0,26863,974,,
Somatic motor neuron,Vagal neural crest,6.21639788254184,-0.171011904329496,-10.3717586011783,0.00273225028918744,0,6559,4937,,
Autonomic neuron,Midbrain neuron,5.49889505443728,-0.171336035550308,-1.83325299309591,0.0337232408899791,0.71,142,4463,,
Dorsal root ganglion progenitor,Periocular mesoderm,5.43391131329795,-0.17204678883514,-5.74125839206287,0.00312188920462869,0.01,921,1739,,
Head paraxial mesoderm,Otic sensory neuron,5.67508999307722,-0.172047944605147,-7.14766335854336,0.0102062210064103,0,32981,974,,
Lens placode,Nascent somite,5.96208408153927,-0.172059979392852,-10.3140387388701,0.000600693467245269,0,2811,6475,,
First heart field,Trigeminal ganglion neuron,5.65902424846965,-0.172197492746043,-6.18406734112677,0.0173837598976344,0,1531,1765,,
Hematopoietic progenitor,Somatic mesoderm,5.63549600003703,-0.172299759436558,-2.01633693965219,0.0427368216240431,0.54,87,66151,,
Lens placode,Midbrain neuron,5.91653804071291,-0.172453943914275,-8.9487620854819,0.0028246351975032,0,2811,4463,,
Megakaryocyte,Olfactory sensory neuron,5.17379547986051,-0.172514924505976,-3.45923176570455,0.00187971989562691,0,482,389,,
Otic placode,Spinal cord (sacral),5.89271998455105,-0.172534116491416,-8.69163615329797,0.00423481629707993,0,2365,5351,,
Endothelial progenitor,Frontonasal mesenchyme,6.21161636073055,-0.172855705449147,-11.3690721975024,0.00215816733820166,0,1988,24672,,
Head paraxial mesoderm,Otic placode,5.77383449928778,-0.1732956050521,-11.0902194710809,0.000705776011060284,0,32981,2365,,
Midbrain,Trigeminal sensory neuron,6.01933487164479,-0.173462587401282,-12.8925031418949,0.00348201443159311,0,21466,3198,,
Endothelial progenitor,Olfactory sensory neuron,5.81552833923574,-0.173528372636864,-3.98372505225905,0.00778605699126537,0.06,1988,389,,
Autonomic progenitor,First heart field,5.7502207032828,-0.173770684821318,-7.38472637491892,0.00523153400707562,0,3416,1531,,
Epidermal progenitor,Spinal cord (lumbar),6.2377806821071,-0.17425526580865,-20.5721845534446,0.00107587615596154,0,24337,12722,,
Lens placode,Presomitic mesoderm,5.97603264727757,-0.174508023584896,-9.72969454434193,0.00262393129167799,0,2811,8521,,
Midbrain neuron,Sacral neural crest,6.05970560631017,-0.174806442790441,-7.84067774138661,0.00174973546273438,0,4463,2156,,
Eye field,Spinal cord (lumbar),6.24768293142476,-0.174907943867511,-16.6795727350725,0.00142940359155908,0,8896,12722,,
Juxtacardiac field,Primordial germ cell,4.62288723697331,-0.175059518016889,-1.73530770735119,0.0202360706658546,0.67,799,25,,
Epibranchial placode,Notochord,5.37135133461188,-0.175149061951345,-5.59319370713452,0.008530657924517,0.04,3606,956,,
Arterial endothelial cell,Olfactory sensory neuron,5.52571791870779,-0.176326522709377,-4.10365698047509,0.00791382732639491,0.03,645,389,,
Foregut,Head paraxial mesoderm,5.65224063724029,-0.176407277372277,-11.6955979830402,0.00218784626915968,0,2432,32981,,
Endothelial progenitor,Extraembryonic mesoderm,5.94818946417787,-0.176446457129708,-10.6563541578324,0.00145768230424799,0,1988,5300,,
Foregut,Hypothalamic neuron,5.54135026652855,-0.176699668272383,-8.0604603509211,0.0136777671052402,0.03,2432,1528,,
Endothelial progenitor,Pharyngeal arch mesenchyme,6.30938908998345,-0.176889352239497,-10.298315102051,0.00302153410580055,0,1988,39085,,
Frontonasal mesenchyme,Presomitic mesoderm,6.24437567651318,-0.176899001399058,-19.326396339657,0.00195782262046036,0,24672,8521,,
Head paraxial mesoderm,Hindlimb field,6.0482181404845,-0.17705010354876,-17.7449775509903,0.000399961083265508,0,32981,6150,,
Dorsal root ganglion progenitor,Pharyngeal mesoderm,5.80187699805921,-0.177309241812381,-8.10410690612385,0.00253058639003924,0,921,7691,,
Epibranchial placode,Midgut,5.29238127150342,-0.177428766035801,-8.28092416237589,0.0209587461349295,0.64,3606,1667,,
Nascent somite,Periocular mesoderm,5.71587105937758,-0.177469553138969,-7.2651554400425,0.0260301040311753,0,6475,1739,,
Hindbrain (r2-r4),Lens placode,6.07872848260139,-0.177496255572692,-12.2292165434681,0.00469428325806481,0,26863,2811,,
Dermomyotome,Hindbrain (r2-r4),6.68818376735455,-0.177571143609644,-31.5020915299986,0.00135373729088532,0,47263,26863,,
Eye field,Trunk neural crest,6.07967106642641,-0.178446908005848,-14.6323860374076,0.00258436873086909,0,8896,6809,,
Head paraxial mesoderm,Midgut,5.60145255409363,-0.178558445925925,-10.0759808945747,0.00223278743643414,0,32981,1667,,
Midbrain,Olfactory sensory neuron,5.80255711426622,-0.178602535850216,-4.31763049958352,0.00977183748628418,0,21466,389,,
Presomitic mesoderm,Telencephalon,6.35235437764952,-0.178769572163704,-20.5444604805863,4.72792017669917e-05,0,8521,34300,,
First heart field,Trigeminal placode,5.79467282685855,-0.179117967197013,-8.48978820150967,0.0135275282866814,0,1531,6546,,
Hemogenic endothelium,Periocular mesoderm,5.03770589295712,-0.179504397688713,-3.33486876949449,0.0393431546566036,0.65,141,1739,,
Hypaxial myogenic progenitor,Hypothalamus,6.02689440270067,-0.179570182064291,-13.6311778792488,0.00180334385707199,0,5322,7652,,
Sacral neural crest,Somatic motor neuron,6.0876315085827,-0.179970958554597,-9.30040092011175,0.000558974402282155,0,2156,6559,,
Autonomic progenitor,Hindbrain (isthmic organizer),5.98060312185074,-0.180026193322276,-9.53718938306775,0.0108153359497034,0,3416,3921,,
Nascent somite,Otic sensory neuron,5.80193428959464,-0.180026503982296,-6.25030359074739,0.00668031982754309,0,6475,974,,
Notochord,Primordial germ cell,4.54113665754221,-0.180136570895096,-2.02599850945268,0.140483639676211,0.46,712,25,,
Epibranchial placode,Periocular mesoderm,5.27062502044292,-0.180579294434888,-6.02425055211053,0.0288616763940352,0.05,3606,1739,,
Surface ectoderm,Telencephalon,5.85814555048148,-0.180621764511314,-10.9503543102427,0.00811789820709844,0,2649,34300,,
Extraembryonic mesoderm,Trigeminal ganglion neuron,5.62326362098519,-0.180711066558981,-9.9659142746104,0.0250790433959329,0.08,5300,1765,,
Hepatoblast,Otic sensory neuron,5.13920490942933,-0.180738064176302,-5.89864494155884,0.0234662663994663,0.31,1255,974,,
Endothelial progenitor,Trigeminal ganglion neuron,5.96819653456346,-0.180745893107771,-7.53856261462125,0.00141156891591628,0,1988,1765,,
Foregut,Hypothalamus,5.55587182412895,-0.181379466504991,-10.4176875809363,0.0262214752448553,0.25,2432,7652,,
Lens placode,Periocular mesoderm,5.33990391414802,-0.181775367612063,-7.49337367109555,0.000482383505542062,0,2811,1739,,
Arterial endothelial cell,Myotome,5.95262187270348,-0.181886148982022,-4.86227680880036,0.00952799854308865,0.04,645,2201,,
Endothelial cell,Trigeminal placode,6.23502455507744,-0.182177124346626,-14.8452954842247,4.67860877813381e-05,0,9605,6546,,
Lens placode,Pharyngeal endoderm,5.50364806323539,-0.182285293047077,-10.7771552131425,0.02948476363366,0.67,2811,5045,,
Axial progenitor,Olfactory placode,5.97558540970927,-0.182314586389222,-10.2700557763255,0.00161275737242064,0,3170,5872,,
Midbrain neuron,Presomitic mesoderm,6.29601899835075,-0.182523777647945,-13.0096829620607,0.000838561701551832,0,4463,8521,,
Hemogenic endothelium,Spinal cord (sacral),5.62288328263673,-0.182611891557427,-2.57311829885375,0.00304982721300747,0.08,141,5351,,
Epidermal progenitor,Periocular mesoderm,5.5685912985426,-0.183037199455984,-7.88558349965333,0.0100434235551024,0,24337,1739,,
Allantois,Midgut,4.81581069938489,-0.183051101284879,-2.38722228713043,0.00577074514535555,0.06,78,1667,,
Eye field,Notochord,5.6753565190191,-0.183150897264163,-7.037489054513,0.00894825956199507,0.01,8896,956,,
Hematopoietic progenitor,Hindlimb field,5.28627148082999,-0.183431765474592,-1.99605803288035,0.00904554547903661,0.31,87,6150,,
Hindbrain (r5-r8),Hindlimb field,6.32111867224818,-0.183757957457759,-17.0228792796398,0.0163108413111046,0,28972,6150,,
Hypothalamus,Juxtacardiac field,5.65770616139694,-0.184273248650089,-8.26449443066933,0.00028216875979119,0,7652,1386,,
Forelimb field,Spinal cord (thoracic),6.34013989828483,-0.184334762060617,-29.5832622591972,0.00503300602978157,0,25891,35061,,
Epibranchial placode,Spinal cord (sacral),5.86483738024945,-0.18472524554315,-10.2525070430782,0.000315038162105789,0,3606,5351,,
Dorsal root ganglion neuron,Sclerotome,6.22985077000999,-0.185189215619145,-8.46674526111171,0.000309595808103298,0,1179,74334,,
Axial progenitor,Trigeminal placode,6.07151447097926,-0.185681777714188,-10.5255318734403,0.00624345624990915,0,3170,6546,,
Hematopoietic progenitor,Hypaxial myogenic progenitor,5.34649912775516,-0.185819817671217,-2.3828125270078,0.00225711203443705,0.06,87,5322,,
Diencephalon,Spinal cord (sacral),6.22785491355162,-0.186371973051058,-13.7213356822768,0.000991552206122198,0,14353,5351,,
Eye field,Nascent somite,6.1885037698273,-0.1864513666495,-15.0310672484348,0.000475589868565718,0,8896,6475,,
Pharyngeal mesoderm,Trigeminal placode,5.88341747493021,-0.186470525413563,-16.8070656026377,0.00680441518734163,0,7691,6546,,
Mesothelium,Midgut,5.2605853520926,-0.186559442621761,-4.8583492558357,0.00804937785667673,0.02,346,1667,,
Epibranchial placode,Hindgut,5.2815517198281,-0.186817364159072,-9.1861163800263,0.0325805393952447,0.32,3606,3029,,
Axial progenitor,Splanchnic mesoderm,6.37299358659756,-0.186938406503738,-11.4897925090031,0.00975065665232457,0,3170,21642,,
Eye field,Presomitic mesoderm,6.20352626321453,-0.187318925167944,-15.9686517068423,0.00109167542019284,0,8896,8521,,
Frontonasal mesenchyme,Spinal cord (thoracic),6.34035847892797,-0.187405474564808,-28.9132941701458,0.00406852804289119,0,24672,35061,,
Mesothelium,Periocular mesoderm,5.24171509866956,-0.187438520286255,-4.30574772192466,0.00125564947384824,0.01,346,1739,,
Axial progenitor,Trigeminal sensory neuron,5.96561989338555,-0.18744774363705,-9.49434949504486,0.00135243006165537,0,3170,3198,,
Spinal cord (thoracic),Trigeminal sensory neuron,6.14407735655521,-0.187464235135194,-12.9455379384774,0.00168801513517577,0,35061,3198,,
Epicardium,Vagal neural crest,5.82480701717621,-0.187667360326755,-7.84485684605555,0.00121129114837315,0,1288,4937,,
Autonomic progenitor,Hematopoietic progenitor,5.19293259376413,-0.187753608720925,-2.08350120536706,0.00161175902654885,0.06,3416,87,,
Endocardial cell,Trigeminal ganglion neuron,5.63693507132908,-0.188084891638552,-7.2865147758368,0.0136099188264433,0,1558,1765,,
Amniotic ectoderm,Notochord,5.41676301467031,-0.188161188073903,-7.17964791357431,0.000819402008464318,0,2288,956,,
Autonomic progenitor,Endocardial cell,5.73609386523087,-0.188187473926353,-8.7055857410314,0.00312220790545562,0,3416,1558,,
Hindbrain (isthmic organizer),Notochord,5.69534271899927,-0.18818790577592,-7.38538899612331,0.0110464790425788,0,3921,956,,
Hindbrain (isthmic organizer),Trigeminal sensory neuron,5.91312665327029,-0.188211891195104,-10.6117129896419,0.00601516187794022,0,3921,3198,,
Frontonasal mesenchyme,Spinal cord (lumbar),6.26333664190798,-0.188465094736184,-23.9100407087355,0.0014195704600035,0,24672,12722,,
Allantois,Macrophage,4.6109294506641,-0.188484421325458,-1.00834020757224,0.117495907759544,0.62,78,966,,
Olfactory sensory neuron,Pharyngeal mesoderm,5.57019494053122,-0.188967081079872,-6.35354298375578,0.014729522820724,0.11,389,7691,,
Hindlimb field,Telencephalon,6.17616593476301,-0.189190668795978,-19.9449171248145,0.0141018192647636,0,6150,34300,,
Midbrain,Sacral neural crest,6.07228104879352,-0.189340430974044,-11.5803730853611,0.000536671993349046,0,21466,2156,,
Hindbrain (isthmic organizer),Trunk neural crest,6.09528958815213,-0.189754413167366,-11.0570597594018,0.00648798639393831,0,3921,6809,,
Dorsal root ganglion progenitor,Macrophage,5.25850392991655,-0.189903473744069,-5.73686248618828,0.0179172571278946,0.43,921,966,,
Dermomyotome,Notochord,6.03768403334155,-0.190147687397632,-8.72021920589758,0.00917067574450832,0,47263,956,,
Allantois,Diencephalon,5.32861064904053,-0.190270955138761,-2.0633870632005,0.00863659014130264,0.44,78,14353,,
Hindbrain (r1),Mesothelium,5.87209328032463,-0.190607376772511,-4.31708121735738,0.000654176234522576,0,16440,346,,
Pharyngeal mesoderm,Trigeminal sensory neuron,5.77627533006527,-0.190980228919582,-14.0420390684481,0.0173515915204443,0,7691,3198,,
Megakaryocyte,Trigeminal sensory neuron,5.35940921312465,-0.191655439973614,-4.86161337608786,0.00157506833939267,0,482,3198,,
Hypaxial myogenic progenitor,Periocular mesoderm,5.62939599527152,-0.192765062107789,-10.8238225621855,0.0211645763617817,0,5322,1739,,
Hypothalamic neuron,Pharyngeal endoderm,5.6197840037593,-0.19299683830632,-9.98380943965034,0.00439985248985726,0,1528,5045,,
Epibranchial sensory neuron,Midgut,5.23771146060614,-0.193224106535436,-7.40381205796084,0.0479472484124226,0.02,1270,1667,,
Endothelial progenitor,Olfactory placode,5.99966578259823,-0.193363830569664,-10.4937496270942,0.0032820412867815,0,1988,5872,,
Epicardium,Sacral neural crest,5.6954252071336,-0.193396265802307,-7.01579551594037,0.000417514768047917,0,1288,2156,,
Frontonasal mesenchyme,Second heart field,5.98674740913215,-0.19362470367869,-20.3666395337445,0.00521588687112505,0,24672,6952,,
Endothelial cell,Trunk neural crest,6.30052474335321,-0.194340121790145,-16.3610387761163,0.00265275664138579,0,9605,6809,,
Axial progenitor,Trigeminal ganglion neuron,5.91777269158855,-0.19444090771331,-8.17264105554165,0.00501830038095196,0,3170,1765,,
Olfactory sensory neuron,Periocular mesoderm,5.19653862638303,-0.194529610485004,-5.09797670576298,0.0118417227044239,0.14,389,1739,,
Hindgut,Lens placode,5.345303690266,-0.194678973041268,-9.42639941295239,0.011606767471944,0,3029,2811,,
Spinal cord (lumbar),Trigeminal sensory neuron,6.06260032422431,-0.194715264268125,-11.7861561756773,0.00249418375782184,0,12722,3198,,
Dorsal root ganglion progenitor,Somatic motor neuron,6.01364932743771,-0.19479208221729,-6.63959180898233,0.00327608446614932,0,921,6559,,
First heart field,Forelimb field,5.86577547461888,-0.194883948725472,-9.98028945104843,0.00114449562359829,0,1531,25891,,
Hemogenic endothelium,Nascent somite,5.63148978900522,-0.195094408421723,-2.89186726766118,0.0197722330713906,0.57,141,6475,,
Olfactory sensory neuron,Spinal cord (sacral),5.79508646659772,-0.195131081726809,-4.4438363808598,0.000824055635975446,0,389,5351,,
Hypothalamus,Sclerotome,6.29447794660808,-0.195708127401111,-22.1803370469604,0.00497502028112267,0,7652,74334,,
Autonomic progenitor,Endothelial cell,6.17360925626479,-0.195924365637826,-13.256954468508,0.00118285964575787,0,3416,9605,,
Autonomic neuron,Pharyngeal endoderm,5.06185001782194,-0.196170841247121,-4.01406305141079,0.0452446654602774,0.46,142,5045,,
First heart field,Olfactory placode,5.67737967276839,-0.1962875725318,-9.85126261904718,0.0200685250871871,0.05,1531,5872,,
Midbrain,Trunk neural crest,6.17912025646741,-0.196297318640187,-16.9682114707005,0.0021284866754105,0,21466,6809,,
Otic placode,Spinal cord (cervical),6.07468652090799,-0.196370650054546,-12.1965616784478,0.00160071395654308,0,2365,41051,,
Notochord,Spinal cord (lumbar),5.84470177341135,-0.196477546114725,-7.78748781413538,0.0246672601212492,0,956,12722,,
Allantois,Hindbrain (r1),5.41284343651836,-0.196741853248387,-2.46525092031814,0.000204113909126487,0.07,78,16440,,
Olfactory placode,Spinal cord (sacral),6.00045026157161,-0.197404936658154,-12.2980459430537,0.00268950739947284,0,5872,5351,,
Axial progenitor,Lens placode,5.88297116069543,-0.19746311938706,-9.77042531335499,0.00638294053931345,0,3170,2811,,
Olfactory sensory neuron,Spinal cord (lumbar),5.85674357133169,-0.197527657035178,-5.06562006507722,0.00284442398204996,0,389,12722,,
Hemogenic endothelium,Presomitic mesoderm,5.64773874618107,-0.197530694855561,-2.85251992275733,0.0220170993252331,0.64,141,8521,,
Hypothalamus,Pharyngeal endoderm,5.63355269935454,-0.197536379051622,-15.1461377868519,0.0176959139493081,0,7652,5045,,
Axial progenitor,Frontonasal mesenchyme,6.15233638503925,-0.197608302132771,-14.3460408996874,0.0010273180455968,0,3170,24672,,
Olfactory sensory neuron,Spinal cord interneuron,6.073303243264,-0.197860205647593,-4.91515064462601,0.00245590893917512,0,389,12470,,
Hindbrain (isthmic organizer),Sacral neural crest,5.97283676084671,-0.19787587799105,-9.68657671090651,0.00305411282885955,0,3921,2156,,
Cranial motor neuron,Midgut,5.50227642248133,-0.19813393786205,-8.13811164779876,0.00927255544863131,0,3730,1667,,
Olfactory placode,Spinal cord (cervical),6.2057980855285,-0.198230630008342,-16.6301941867977,0.00390999044544013,0,5872,41051,,
Sacral neural crest,Second heart field,5.85834356846049,-0.198303209027219,-11.3527178782178,0.00561285021219131,0,2156,6952,,
Arterial endothelial cell,Midgut,5.41271294291595,-0.198378697391327,-6.23414945832604,0.0108853479590143,0,645,1667,,
Dorsal root ganglion neuron,Pharyngeal mesoderm,5.76333394979591,-0.198757398608405,-9.42362934740048,0.00129381839453606,0,1179,7691,,
Lens placode,Megakaryocyte,5.27486946668348,-0.198891747657749,-5.2039639553081,0.000200959330551615,0,2811,482,,
Olfactory placode,Spinal cord (lumbar),6.06281750317553,-0.19897292236151,-16.3195552145724,0.00655334314254545,0,5872,12722,,
Endothelial cell,Olfactory placode,6.11855793943944,-0.198973737887445,-16.4128511155728,0.00623967158958802,0,9605,5872,,
Notochord,Otic sensory neuron,5.26671333651878,-0.199282464175324,-5.75694713302878,0.010609967625013,0,956,974,,
Macrophage,Trigeminal placode,5.33964437083943,-0.199499915545123,-7.37708944389853,0.000107608648609452,0,966,6546,,
Roof plate,Splanchnic mesoderm,6.46822440577691,-0.199780582814208,-15.6984839691969,0.0106753728713464,0,6035,21642,,
Spinal cord (sacral),Splanchnic mesoderm,6.40056706157788,-0.199819492835617,-16.2510994173478,0.0110211923730947,0,5351,21642,,
Juxtacardiac field,Sacral neural crest,5.64281579900412,-0.199902002138266,-7.24992465353836,0.0025225605003753,0,1386,2156,,
Frontonasal mesenchyme,Splanchnic mesoderm,6.31224340426841,-0.199936257893395,-30.4504586108975,0.00271348607990571,0,24672,21642,,
Head paraxial mesoderm,Olfactory sensory neuron,5.66953107153167,-0.200041565111567,-5.41627081638854,0.005695711376482,0,32981,389,,
Hindbrain (r1),Trigeminal sensory neuron,6.03101711696213,-0.200348895021707,-13.3963534218048,0.00449063225297611,0,16440,3198,,
Eye field,Trigeminal placode,5.9796464613959,-0.200565840479657,-14.6954199942117,0.00367935909578404,0,8896,6546,,
Dorsal root ganglion neuron,Myotome,5.92921603750543,-0.20063353470349,-7.034153993668,0.00564847422997486,0,1179,2201,,
Dorsal root ganglion neuron,Hematopoietic progenitor,5.1055296490805,-0.201580761282496,-2.2383932010764,0.00297269218248144,0.06,1179,87,,
Frontonasal mesenchyme,Juxtacardiac field,5.76361282580545,-0.201758527950467,-10.5252709313175,0.00673594898074029,0,24672,1386,,
Epibranchial placode,Spinal cord (lumbar),5.90873424410148,-0.202679590066739,-13.0827462008188,0.00221016509449331,0,3606,12722,,
Olfactory placode,Pharyngeal mesoderm,5.76811176396929,-0.202939437425796,-16.6995493972497,0.0166955777671885,0,5872,7691,,
Juxtacardiac field,Vagal neural crest,5.75905356565088,-0.202975869650411,-8.88569604384962,0.00325292140594515,0,1386,4937,,
Myotome,Periocular mesoderm,5.62046108921196,-0.203128133758543,-8.61861233582014,0.0162462048059856,0,2201,1739,,
Hemogenic endothelium,Telencephalon,5.63335167065163,-0.20318803536355,-2.93610321999234,0.00410996685440055,0.08,141,34300,,
Endothelial progenitor,Spinal cord (cervical),6.47693134057143,-0.203272651491603,-10.0930476621593,0.001908835860058,0,1988,41051,,
Frontonasal mesenchyme,Spinal cord (sacral),6.18502152193589,-0.203391315064537,-18.7168782883497,0.00141755996550037,0,24672,5351,,
First heart field,Somatic mesoderm,6.1598132798232,-0.203414228838584,-9.25773050242379,0.000105288676623198,0,1531,66151,,
Eye field,Sacral neural crest,5.94562723713361,-0.203830809427142,-10.354380079641,0.00362104063668416,0,8896,2156,,
Olfactory placode,Spinal cord (thoracic),6.13290391711445,-0.203882196614831,-17.3454240920243,0.00436341737503957,0,5872,35061,,
Pharyngeal arch mesenchyme,Second heart field,6.07525417756671,-0.204284476838965,-21.5286715570124,0.0103519253696715,0,39085,6952,,
Mesothelium,Telencephalon,5.84618922453224,-0.204571344993392,-5.08019728539902,0.00440962998368764,0,346,34300,,
Head paraxial mesoderm,Trigeminal placode,5.97382276553751,-0.204687017369081,-22.0639561583734,0.00187809295601991,0,32981,6546,,
Hindbrain (isthmic organizer),Myotome,6.12382674533578,-0.204732095029891,-10.1442406857842,0.00356522346709301,0,3921,2201,,
Hindbrain (isthmic organizer),Olfactory placode,5.90140897782519,-0.205407727864624,-13.7065226743996,0.00934741128924745,0,3921,5872,,
Hindgut,Olfactory sensory neuron,5.19846116035912,-0.20545040030709,-5.63776863201264,0.00192838432287135,0,3029,389,,
Periocular mesoderm,Sclerotome,5.90217017108731,-0.205555626437642,-11.3817600067322,0.000183297737207636,0,1739,74334,,
Amniotic ectoderm,Midgut,5.32369722168579,-0.205560125098349,-8.63122403167488,0.0158491356361097,0,2288,1667,,
Dorsal root ganglion neuron,Head paraxial mesoderm,5.86529578760795,-0.205652830906614,-9.9549852769839,0.00108621327557996,0,1179,32981,,
Arterial endothelial cell,Cranial neural crest,5.99911599918464,-0.205870931127937,-6.58302814030229,0.0011106727156324,0,645,9523,,
Eye field,Trigeminal sensory neuron,5.87027283364965,-0.205951082198846,-13.3575509458442,0.00389750959586095,0,8896,3198,,
Extraembryonic mesoderm,Sacral neural crest,5.70926767832346,-0.206445508169949,-11.5030603491154,0.00331328379084603,0,5300,2156,,
Otic placode,Spinal cord (lumbar),5.92176677741509,-0.206481195185547,-11.5627544415571,0.000196430567929731,0,2365,12722,,
Autonomic progenitor,Pharyngeal mesoderm,5.81818988781599,-0.206880074382841,-15.7334564385699,0.0105949650551002,0,3416,7691,,
Forelimb field,Hematopoietic progenitor,5.29347308419712,-0.206949444955411,-2.56353813071826,0.0252390232999473,0.58,25891,87,,
Hindbrain (r5-r8),Hypaxial myogenic progenitor,6.37426066330316,-0.207071925790284,-18.0418426559372,6.73490080146902e-05,0,28972,5322,,
Hindlimb field,Myotome,6.07980596873056,-0.207372464262951,-10.5493741121028,0.00445061343527307,0,6150,2201,,
Allantois,Midbrain neuron,5.33910092493498,-0.207380695646774,-2.32396521603701,0.0142174332898735,0.56,78,4463,,
Hypaxial myogenic progenitor,Vagal neural crest,6.12276898178667,-0.20806845072117,-14.1283916791686,2.98070476007293e-05,0,5322,4937,,
Hindbrain (r1),Trigeminal placode,6.12603097463529,-0.208515895615322,-18.421022487894,0.0113881135749348,0,16440,6546,,
Midbrain,Trigeminal placode,6.08673911165275,-0.208541730903933,-20.4763632530287,0.00550206024078855,0,21466,6546,,
Amniotic ectoderm,Intermediate mesoderm,5.96749540657268,-0.208592996422319,-10.8225806072817,0.000652555741901716,0,2288,10656,,
Spinal cord (thoracic),Trigeminal placode,6.22657050959238,-0.208635761103402,-19.1632447646311,0.00412104638193127,0,35061,6546,,
Second heart field,Vagal neural crest,5.96930665263866,-0.208701153734814,-16.374834443441,0.00930282234627109,0,6952,4937,,
Hindbrain (r1),Hindlimb field,6.17204205029236,-0.208763590085201,-17.3141267836861,0.00422455742835416,0,16440,6150,,
Olfactory placode,Spinal cord interneuron,6.26923657154514,-0.208789935592201,-16.6082785755499,0.0013710294555939,0,5872,12470,,
Endocardial cell,Primordial germ cell,4.69885788431259,-0.209007229822499,-2.48571710350842,0.030570252340604,0.58,982,25,,
Spinal cord (lumbar),Trigeminal placode,6.15151065834473,-0.209375601687111,-16.2365986422102,0.00528774995396063,0,12722,6546,,
Diencephalon,Nascent somite,6.21839942616114,-0.209690188747461,-17.1909754161185,0.00139488964192269,0,14353,6475,,
Epidermal progenitor,Head paraxial mesoderm,6.01939809224901,-0.210440383480337,-32.7608349585244,0.000205778042690993,0,24337,32981,,
Diencephalon,Trigeminal sensory neuron,5.91971966140361,-0.210443672962508,-13.1197025512357,0.00549129522878171,0,14353,3198,,
Head paraxial mesoderm,Pharyngeal arch mesenchyme,6.15706966148464,-0.210524071511081,-39.4164372130063,0.00119779181821905,0,32981,39085,,
Endothelial progenitor,Trigeminal placode,6.0842881813952,-0.2109605881428,-11.5013698070445,0.00761031786109391,0,1988,6546,,
Hindbrain (r1),Lens placode,5.94431147238467,-0.211030270895967,-12.1341787773933,0.00894783490101515,0,16440,2811,,
Dorsal root ganglion neuron,Megakaryocyte,5.33479630107264,-0.21149351546831,-4.94812388344351,0.0167600290865681,0.18,1179,482,,
Axial progenitor,Epibranchial placode,5.79711872977527,-0.211670989581221,-10.881048032704,0.00110314767713159,0,3170,3606,,
Olfactory sensory neuron,Spinal cord (thoracic),5.91298070182404,-0.211929919547251,-5.26681735873474,0.000964000277953442,0,389,35061,,
Spinal cord (sacral),Trigeminal placode,6.08490101761869,-0.212021955678749,-13.5899812865085,0.000286370163783595,0,5351,6546,,
Diencephalon,Trigeminal placode,6.0225874653262,-0.21216646192183,-16.9155027892319,0.00233669828209575,0,14353,6546,,
Head paraxial mesoderm,Olfactory placode,5.86625217848533,-0.212354671948639,-21.4132394749604,0.0026780043842486,0,32981,5872,,
Hindbrain (r5-r8),Olfactory sensory neuron,5.93397191440868,-0.212456441480528,-5.42759944440688,0.00094577078194544,0,28972,389,,
Arterial endothelial cell,Sclerotome,6.20408056625072,-0.21252380619945,-6.8760926287946,0.000873166466014273,0,645,74334,,
Epibranchial sensory neuron,Spinal cord (sacral),5.79744702145194,-0.212576265954626,-7.1937749108307,0.016537324070803,0,1270,5351,,
Notochord,Olfactory sensory neuron,5.27526298242391,-0.212865259357485,-5.07298916064838,0.0206337496949518,0.24,956,389,,
Epidermal progenitor,Hindgut,5.5536781248498,-0.212921096354695,-14.0447289179544,0.00497427592580624,0,24337,3029,,
Eye field,Mesothelium,5.69532448291992,-0.21303474354032,-5.2660395465543,0.00657987433368074,0.01,8896,346,,
Endocardial cell,Sacral neural crest,5.72349839861451,-0.213324282498687,-9.06719324526996,0.00153241994741976,0,1558,2156,,
Cranial motor neuron,Head paraxial mesoderm,5.9461664232764,-0.21342777400443,-16.3024450621621,0.00423109090177741,0,3730,32981,,
Autonomic progenitor,Hypaxial myogenic progenitor,5.9807965298944,-0.21352634735198,-12.6935674506775,0.00177032819712236,0,3416,5322,,
Dermomyotome,Second heart field,6.30810919031406,-0.213559002247322,-22.8402827863085,0.00245068174988274,0,47263,6952,,
Hindbrain (r2-r4),Mesothelium,5.94908481216941,-0.213562526267559,-5.09255833391419,0.00104575151024626,0,26863,346,,
Arterial endothelial cell,Roof plate,6.04381628277416,-0.213567200079949,-6.59969489110594,0.000595597475560368,0,645,6035,,
Diencephalon,Epibranchial sensory neuron,5.73443470006428,-0.213778071763073,-9.41299669054074,0.00647018610359745,0,14353,1270,,
Endothelial cell,Olfactory sensory neuron,5.89579343451749,-0.214013315332877,-5.89842419141209,0.00325754258666579,0,9605,389,,
Primordial germ cell,Trigeminal ganglion neuron,4.67972984552554,-0.214095446508509,-1.45145814374318,0.00239705970514107,0.23,25,1089,,
Hindbrain (r2-r4),Myotome,6.34056737112274,-0.214196038037031,-12.9764786605542,0.00315669992103494,0,26863,2201,,
Cranial neural crest,Splanchnic mesoderm,6.40019600475631,-0.21419933954945,-21.9113890939348,0.00769617995165481,0,9523,21642,,
Second heart field,Trunk neural crest,5.9516158581263,-0.214859715271112,-16.2847065077924,0.00402375729049361,0,6952,6809,,
Autonomic neuron,Midbrain,5.48501589966575,-0.214885750283022,-2.35088992719877,0.0403327853982254,0.43,142,21466,,
Autonomic progenitor,Megakaryocyte,5.39623189984853,-0.215100486414697,-6.08832743543328,0.0166847747073763,0.09,3416,482,,
Diencephalon,Presomitic mesoderm,6.23280610431444,-0.215160754135168,-21.2034878809108,0.000785320567939552,0,14353,8521,,
Spinal cord (sacral),Trigeminal sensory neuron,5.97700843603759,-0.21519052513207,-12.2340920302298,0.00216330528468539,0,5351,3198,,
Endothelial cell,Nascent somite,6.39730520339243,-0.21533561760558,-18.1564970540449,0.00520600445635145,0,9605,6475,,
Autonomic progenitor,Diencephalon,5.97272053812406,-0.216319160387692,-15.4117580126213,0.00140219709675172,0,3416,14353,,
Lens placode,Spinal cord (lumbar),5.96571890456528,-0.216351912379624,-12.6438688175486,0.00501096019571629,0,2811,12722,,
Diencephalon,Trunk neural crest,6.09742268376878,-0.216353579454464,-17.8494814719456,0.00152317706756865,0,14353,6809,,
Eye field,Surface ectoderm,5.68532900070658,-0.216602481931523,-11.9989903472466,0.00668076786763486,0,8896,2649,,
Epibranchial sensory neuron,Eye field,5.67881711848559,-0.216661169184169,-9.04126481957864,0.00098805059264038,0,1270,8896,,
Intermediate mesoderm,Second heart field,6.11871006912165,-0.216812269930129,-19.9030384047948,0.00152442880456739,0,10656,6952,,
Megakaryocyte,Trigeminal placode,5.43649789896024,-0.21685530919983,-6.12148178801304,0.000691292782152862,0,482,6546,,
Floor plate,Hepatoblast,5.59599048197091,-0.216899562997826,-7.17586253955178,0.0570376065149266,0,16788,1255,,
Foregut,Otic placode,5.32014784917124,-0.217066375782749,-10.7838838860362,0.0153687038330206,0,2432,2365,,
Otic placode,Spinal cord (thoracic),5.9868470589395,-0.217168519725394,-13.575397704553,0.00189808341052975,0,2365,35061,,
Axial progenitor,Epibranchial sensory neuron,5.75291779059792,-0.217202739021384,-6.94439338696682,0.0183050615975363,0,3170,1270,,
Hindlimb field,Spinal cord interneuron,6.40567289616449,-0.217345784117937,-18.02611080889,0.0160618525125171,0,6150,12470,,
Megakaryocyte,Trigeminal ganglion neuron,5.29748870550783,-0.217408638173649,-5.29675968071313,0.0191913195956822,0,482,1765,,
Midgut,Otic placode,5.27366558756318,-0.217461120358975,-9.95209909578635,0.0155825079155861,0,1667,2365,,
Axial progenitor,Hemogenic endothelium,5.54499203327484,-0.217482091908139,-3.0127335796895,0.00362470883365479,0.03,3170,141,,
Cranial motor neuron,Mesothelium,5.60893932012258,-0.217496069493014,-4.23536268402714,0.00908298314314728,0.08,3730,346,,
Intermediate mesoderm,Somatic motor neuron,6.32847906841609,-0.217523015991337,-16.4063016051392,0.00817036952887016,0,10656,6559,,
Epicardium,Frontonasal mesenchyme,5.79965299551271,-0.217788573054136,-10.2820466029577,0.00396157906618966,0,1288,24672,,
Hindbrain (r1),Intermediate mesoderm,6.36212389411859,-0.218017967790811,-22.5092009572777,0.00293425627543475,0,16440,10656,,
Diencephalon,Epibranchial placode,5.76654956930254,-0.218112674181616,-14.4490243400542,0.00237854337706547,0,14353,3606,,
Hindbrain (r5-r8),Mesothelium,5.96384947913032,-0.218520596853037,-5.24850975080033,0.00287925727113882,0,28972,346,,
Midbrain neuron,Otic placode,5.81626404068725,-0.218646445050115,-11.116187219916,0.0253933458990656,0.06,4463,2365,,
Endothelial progenitor,Trigeminal sensory neuron,5.97205733569019,-0.218827092408967,-10.4745797557636,2.78895547998183e-05,0,1988,3198,,
Epibranchial sensory neuron,Hindbrain (r2-r4),5.92927695317171,-0.219000964241034,-10.3154912291921,0.0156794754361015,0,1270,26863,,
Floor plate,Periocular mesoderm,5.64916097698822,-0.219201848989906,-10.6877841435779,0.00657612074219601,0,16788,1739,,
First heart field,Sacral neural crest,5.71750974377093,-0.2198335768415,-8.20340164820109,0.00015059273041123,0,1531,2156,,
Pharyngeal endoderm,Trigeminal sensory neuron,5.5400968589263,-0.219971130489997,-14.9200157675615,0.0369309727204807,0.93,5045,3198,,
Allantois,Hypothalamus,5.13839854828052,-0.219980336069911,-2.22868573088297,0.0100832814038711,0.18,78,7652,,
Epicardium,Trunk neural crest,5.78320206567996,-0.220081241673729,-9.14870796605472,0.00177412181713374,0,1288,6809,,
Endocardial cell,Myotome,5.87196722304714,-0.220271321697829,-10.1186211592633,0.00163965481703109,0,1558,2201,,
Head paraxial mesoderm,Hindgut,5.55709574557887,-0.220444773718293,-16.883357714243,0.0011687107463572,0,32981,3029,,
Hindbrain (r1),Otic placode,5.88237046696982,-0.221211587283386,-13.7301953674365,0.00799562357780413,0,16440,2365,,
Hypothalamic neuron,Juxtacardiac field,5.60438020306416,-0.221293081040116,-8.07088099191592,0.000206620733470767,0,1528,1386,,
Hindlimb field,Periocular mesoderm,5.52449195689923,-0.221633086372234,-9.05441979017262,0.0267678549695038,0,6150,1739,,
Spinal cord (lumbar),Splanchnic mesoderm,6.44151682662075,-0.221675639187859,-24.858463432119,0.0143616411963804,0,12722,21642,,
Arterial endothelial cell,Hepatoblast,5.31869544369097,-0.223201610619563,-5.51369669222681,0.00317884343158917,0,645,1255,,
Autonomic neuron,Primordial germ cell,4.13851853136876,-0.223296195485892,-1.05666258191402,0.0541236684045689,0.71,74,25,,
Lens placode,Spinal cord (sacral),5.89572015555477,-0.223377667863577,-11.9583387934165,0.00719009101580975,0,2811,5351,,
Hemogenic endothelium,Sclerotome,5.81931809579679,-0.223450603282719,-3.4839346138466,0.00576210770973184,0.04,141,74334,,
Epibranchial sensory neuron,Hindbrain (r1),5.82410073824185,-0.223606886219394,-9.14265343585386,0.0108220077144157,0,1270,16440,,
Otic sensory neuron,Spinal cord (sacral),5.74224348278035,-0.223671857399451,-7.61352465237185,0.00458248010862748,0,974,5351,,
Axial progenitor,Olfactory sensory neuron,5.72823936546404,-0.22375439702902,-5.05985350436625,0.00741658549182406,0.01,3170,389,,
Cranial neural crest,Endothelial progenitor,6.2644517063019,-0.224307003753971,-11.6342159560561,0.00169875437416152,0,9523,1988,,
Notochord,Otic placode,5.33553211480465,-0.224410624436881,-7.55155625620352,0.0156142905232249,0,956,2365,,
Endothelial progenitor,Somatic motor neuron,6.25243432850824,-0.224432023859938,-11.7562472400067,0.00378742409664872,0,1988,6559,,
Mesothelium,Pharyngeal endoderm,5.36917290019308,-0.224450529278764,-5.91466131992487,0.00403647105004612,0,346,5045,,
Mesothelium,Spinal cord (cervical),6.01011306149375,-0.224698769427519,-4.74037060006256,0.00184003339730406,0,346,41051,,
Hepatoblast,Hypaxial myogenic progenitor,5.54609794439022,-0.22471821366485,-8.43342855235819,0.0200366233179833,0,1255,5322,,
Foregut,Mesothelium,5.27371582386713,-0.224888224411091,-6.01247786280104,0.004197123767911,0,2432,346,,
Dorsal root ganglion progenitor,Head paraxial mesoderm,5.86387035169416,-0.224937987215428,-9.16963071083883,0.00418863878567108,0,921,32981,,
First heart field,Hindlimb field,5.79335815232474,-0.225049252666882,-10.2037583565047,0.00192999697355336,0,1531,6150,,
Hypothalamus,Mesothelium,5.58854891383901,-0.225077744445454,-5.26855974677966,0.00765924695582803,0.03,7652,346,,
Amniotic ectoderm,Roof plate,5.95082024545943,-0.225225817188406,-12.3638609622984,0.000899745695496305,0,2288,6035,,
Hemogenic endothelium,Spinal cord (lumbar),5.64767737877028,-0.225411072737517,-3.92253639397227,0.00636882711146472,0.04,141,12722,,
Arterial endothelial cell,Nascent somite,5.98062833995495,-0.22541449111995,-6.94592637115191,0.00115128193504934,0,645,6475,,
Periocular mesoderm,Trigeminal ganglion neuron,5.32901284366151,-0.225607075030977,-8.25841867469775,0.0102784752704715,0,1739,1765,,
Epidermal progenitor,Hepatoblast,5.47473420906403,-0.225814252080917,-12.3116525454275,0.0337536180025683,0,24337,1255,,
Dermomyotome,Hemogenic endothelium,5.83754778528922,-0.225880243746355,-3.18294799393038,0.0124877758677544,0.09,47263,141,,
Otic placode,Spinal cord interneuron,6.11838372788828,-0.225947321866228,-11.9002621705017,0.000735474373385753,0,2365,12470,,
Epidermal progenitor,Foregut,5.5966407850526,-0.226154242273898,-13.0453005394338,0.0103357855687042,0,24337,2432,,
Epibranchial sensory neuron,Midbrain neuron,5.75238480521931,-0.226897687451663,-8.50362607530136,0.0116709253378792,0,1270,4463,,
Extraembryonic mesoderm,Frontonasal mesenchyme,5.81267943544318,-0.226917325264615,-23.1371792230649,0.0107970147486894,0,5300,24672,,
Juxtacardiac field,Pharyngeal arch mesenchyme,5.83674757957615,-0.226976291743466,-11.0066139679335,0.0103055032322008,0,1386,39085,,
Presomitic mesoderm,Surface ectoderm,5.82379644440493,-0.227008197356528,-12.077691758932,0.012902976187243,0,8521,2649,,
Macrophage,Trigeminal ganglion neuron,5.17278435959052,-0.227050326729797,-6.94155082785179,0.0135012519062585,0,966,1765,,
Epibranchial placode,Midbrain neuron,5.79110864395993,-0.227086717785578,-12.4046003618233,0.000663746570884037,0,3606,4463,,
Head paraxial mesoderm,Megakaryocyte,5.49174715109974,-0.227123376333304,-7.19820535840712,0.00268952675137337,0,32981,482,,
Allantois,Hepatoblast,4.70090165619763,-0.227372521770658,-1.60771640828991,0.0898378304479328,0.68,78,1255,,
Autonomic neuron,Somatic motor neuron,5.46327500727975,-0.227411218703574,-3.27275527517874,0.0127347524469317,0.38,142,6559,,
Arterial endothelial cell,Dermomyotome,6.21734486717607,-0.227700238982481,-7.33232841153249,0.00354417256239803,0,645,47263,,
Hindbrain (r5-r8),Olfactory placode,6.13059740349606,-0.228157966196407,-19.9118727718374,0.0010237162044049,0,28972,5872,,
Autonomic progenitor,Macrophage,5.26761641512543,-0.228195326197003,-8.54139709442881,0.00161429125316437,0,3416,966,,
Hindbrain (r5-r8),Otic placode,5.99842980113925,-0.228241085277193,-13.9910662563876,0.00123863005415207,0,28972,2365,,
Myotome,Spinal cord interneuron,6.47272748616675,-0.229104951939483,-12.3292029088869,0.0029254639619008,0,2201,12470,,
Epicardium,Pharyngeal arch mesenchyme,5.88296506021144,-0.229250275358533,-10.0363046924758,0.00529496309727669,0,1288,39085,,
Epibranchial placode,Eye field,5.70184340483351,-0.229294317109265,-16.504424238994,0.000455266733561216,0,3606,8896,,
Hindbrain (r2-r4),Hypaxial myogenic progenitor,6.32510792617326,-0.229465458426274,-20.8483757224141,0.00107245133108838,0,26863,5322,,
Periocular mesoderm,Sacral neural crest,5.43758240388167,-0.22963259125324,-8.39186982842786,0.00303601798333973,0,1739,2156,,
Dorsal root ganglion progenitor,Pharyngeal endoderm,5.54333300480978,-0.229899427931958,-10.3722512595904,0.0203788808735894,0,921,5045,,
Arterial endothelial cell,Axial progenitor,5.9192628333165,-0.230156813595009,-7.11177881730805,0.000127145068818998,0,645,3170,,
First heart field,Hypothalamus,5.71024504916894,-0.230190854435046,-10.9672834094138,0.00422092646723083,0,1531,7652,,
Epibranchial sensory neuron,Spinal cord (lumbar),5.84545485177444,-0.230215536653421,-9.70693376388716,0.00942262386859276,0,1270,12722,,
Epibranchial placode,Hindbrain (r2-r4),5.95467551821266,-0.230257700187058,-16.5904376498979,0.00207043687797973,0,3606,26863,,
Endothelial cell,Trigeminal ganglion neuron,6.0416798872896,-0.230348829553494,-12.1146639408026,0.00430656964170393,0,9605,1765,,
Midgut,Olfactory sensory neuron,5.18148563772405,-0.230536949255836,-6.55505322695687,0.000246811213697097,0,1667,389,,
Arterial endothelial cell,Foregut,5.42910338209557,-0.230710533173808,-8.42058969716944,0.00169012945148735,0,645,2432,,
Dorsal root ganglion neuron,Somatic motor neuron,5.96279543264562,-0.230954858878081,-8.48676398713217,0.00800487132080673,0,1179,6559,,
Hindbrain (r1),Otic sensory neuron,5.7721702025624,-0.231036305457897,-10.2027246596659,0.00440146425533568,0,16440,974,,
Spinal cord interneuron,Trigeminal placode,6.3456841240916,-0.23162068072242,-18.5981852243503,0.00228590294705724,0,12470,6546,,
Juxtacardiac field,Trunk neural crest,5.7189351171011,-0.231770976240455,-10.0867175252619,0.000348035925734135,0,1386,6809,,
Dorsal root ganglion progenitor,Notochord,5.47214359281845,-0.232102085082688,-7.11954013943253,0.00914113589158025,0,921,956,,
Lens placode,Spinal cord (thoracic),6.02620969227455,-0.232558858956849,-13.7642988481227,0.00635146266460243,0,2811,35061,,
Autonomic neuron,Pharyngeal mesoderm,5.23576503710348,-0.233173843907628,-4.32775734924541,0.0211356652569142,0.26,142,7691,,
Dermomyotome,Hypothalamus,6.28322676460458,-0.233790216366171,-23.5319170665482,0.00228128534588257,0,47263,7652,,
Lens placode,Midbrain,5.88518614237676,-0.233809373763907,-15.4369910511059,0.0036936309687088,0,2811,21466,,
Olfactory sensory neuron,Pharyngeal endoderm,5.32242211029657,-0.233963495684302,-7.21380608425545,0.00601288522539832,0,389,5045,,
Frontonasal mesenchyme,Hypothalamic neuron,5.92592689468833,-0.234060120940898,-11.4834169673774,0.0110415174349046,0,24672,1528,,
Dorsal root ganglion progenitor,Myotome,5.91876329153873,-0.234283232731325,-8.16273024159178,0.00158607434821921,0,921,2201,,
Hypothalamic neuron,Surface ectoderm,5.55365421982244,-0.234344408789148,-9.98555099193902,0.00833695803538543,0,1528,2649,,
Diencephalon,Sacral neural crest,5.96712080034232,-0.234436760913418,-11.5688534536364,0.00661841560908042,0,14353,2156,,
Forelimb field,Periocular mesoderm,5.55481655537058,-0.234547722084227,-12.7154893661672,0.00106964501722066,0,25891,1739,,
Hypothalamic neuron,Trigeminal ganglion neuron,5.68691256203537,-0.234640507382612,-7.8981738531303,0.00590785060468515,0,1528,1765,,
Cranial motor neuron,Macrophage,5.28446915998779,-0.235037203905072,-7.15256491140859,0.0169551923936144,0.01,3730,966,,
Autonomic progenitor,Head paraxial mesoderm,5.89812596254147,-0.235134116206972,-18.4358091963335,0.00926838433768209,0,3416,32981,,
First heart field,Hypaxial myogenic progenitor,5.85996233916445,-0.235279134214817,-11.8534562270054,0.000801695429475219,0,1531,5322,,
Axial progenitor,Endothelial cell,6.3218136725904,-0.235283848646994,-16.403451035849,0.00577707332104921,0,3170,9605,,
Allantois,Hindbrain (isthmic organizer),5.25002500664112,-0.235393720054054,-2.61597649524796,0.00211057856036397,0.13,78,3921,,
Epicardium,Myotome,5.81119298022187,-0.235550334274015,-10.2461606293829,0.00340006854656901,0,1288,2201,,
Eye field,Hepatoblast,5.47440127074917,-0.236139364798526,-9.02507672477962,0.0208146440730569,0,8896,1255,,
Hematopoietic progenitor,Sacral neural crest,5.14495084723888,-0.236462561355717,-2.57181871790481,0.000966946524653422,0.04,87,2156,,
Autonomic neuron,Notochord,4.95756260741344,-0.236532097842767,-3.7189312859045,0.0217754543279379,0.16,142,956,,
Midbrain,Myotome,6.18378869454755,-0.236924043600531,-13.8520819607442,0.000447916781559529,0,21466,2201,,
Allantois,Hypothalamic neuron,5.10140222043723,-0.236982908100463,-2.70347034931457,0.004528534155477,0.05,78,1528,,
Sclerotome,Spinal cord interneuron,6.74663374499737,-0.237406823492962,-32.6209307672767,0.0011021036288914,0,74334,12470,,
Allantois,Nascent somite,5.34372820824083,-0.237465216855977,-2.62501093599572,0.00258676417783912,0.06,78,6475,,
Myotome,Pharyngeal endoderm,5.74936173090863,-0.237655109829971,-14.3079628737039,0.00257034101930937,0,2201,5045,,
First heart field,Hypothalamic neuron,5.68129999943065,-0.237723934748088,-9.65167823322782,0.0118669992751321,0,1531,1528,,
Head paraxial mesoderm,Hypothalamus,5.90740440241685,-0.237854208733037,-26.676407091618,0.00210336845499752,0,32981,7652,,
Epibranchial placode,Spinal cord (thoracic),5.95090450810394,-0.23793321667866,-18.5050750461034,0.00573019987549922,0,3606,35061,,
Megakaryocyte,Olfactory placode,5.31962926883606,-0.23796400939652,-6.11780073651856,0.000322637053444546,0,482,5872,,
Hypothalamic neuron,Sclerotome,6.23257608319236,-0.238068417734887,-12.0526309334201,0.00594106487861928,0,1528,74334,,
Hindbrain (r1),Myotome,6.2188326628741,-0.238154282832397,-14.2539348991216,0.00302063301631652,0,16440,2201,,
Hindgut,Olfactory placode,5.37749416012206,-0.238598449137796,-14.3659432588951,0.00219604953450899,0,3029,5872,,
Spinal cord (cervical),Trigeminal placode,6.26418051084314,-0.238627358814803,-20.8453371917405,0.00418540979657374,0,41051,6546,,
Endothelial cell,Vagal neural crest,6.26675603172046,-0.238631616163805,-18.6359545047519,0.00240065536847286,0,9605,4937,,
Axial progenitor,Hindgut,5.61837619132455,-0.238817242871662,-12.2995712544019,0.0025089050176818,0,3170,3029,,
Eye field,Periocular mesoderm,5.52385804302474,-0.239068873542076,-12.0323279012951,0.0313339554669744,0,8896,1739,,
Periocular mesoderm,Primordial germ cell,4.40861591440217,-0.239071988244107,-2.46778641554266,0.460540083168544,0.08,1495,25,,
Spinal cord (sacral),Surface ectoderm,5.77873135737689,-0.239172282679133,-12.1336600407246,0.00245212005325897,0,5351,2649,,
Allantois,Dermomyotome,5.58406283033423,-0.239423569254259,-2.58358139416601,0.00258137111969598,0.03,78,47263,,
Dorsal root ganglion neuron,Notochord,5.45237095644798,-0.239889154777465,-7.68990019640063,0.0164424870905116,0,1179,956,,
Epidermal progenitor,Midgut,5.53011984441034,-0.239924204380802,-12.9253179761628,0.0132535598628279,0,24337,1667,,
Mesothelium,Somatic motor neuron,5.78646015308414,-0.240525005378179,-5.38825392709255,0.00419447049284223,0,346,6559,,
Epidermal progenitor,Notochord,5.60712846488178,-0.240595119562608,-10.1751700000673,0.00378012050632866,0,24337,956,,
Epibranchial placode,Spinal cord (cervical),6.0150466036193,-0.240700378005711,-15.9597206632876,0.00152462147338485,0,3606,41051,,
Dorsal root ganglion neuron,Periocular mesoderm,5.35357772426006,-0.241037865636304,-8.97430360462582,8.22355995120117e-05,0,1179,1739,,
Intermediate mesoderm,Telencephalon,6.32425173672494,-0.241179649659852,-30.1576304760094,0.0107283630936388,0,10656,34300,,
Midbrain neuron,Surface ectoderm,5.74801787797487,-0.241256492441698,-11.3509713350283,0.00789556822567058,0,4463,2649,,
Epibranchial sensory neuron,Spinal cord (thoracic),5.90483875431158,-0.241326671757123,-9.20343182804199,0.018832363816751,0,1270,35061,,
Hemogenic endothelium,Spinal cord (thoracic),5.69969986948618,-0.24156473683799,-3.43517809741156,0.00458639279702516,0.01,141,35061,,
Endothelial cell,Presomitic mesoderm,6.38710202856679,-0.24193890678611,-20.1065576441065,0.0041559998097683,0,9605,8521,,
Hindbrain (isthmic organizer),Olfactory sensory neuron,5.65664874452254,-0.241982239329028,-5.9431284090883,0.021566471591313,0.02,3921,389,,
Endocardial cell,Vagal neural crest,5.81620421810104,-0.242133867005768,-10.5237571670798,0.00523419056355736,0,1558,4937,,
Allantois,Midbrain,5.32025066537254,-0.242449440906296,-2.69888887534005,0.00349773406322216,0.1,78,21466,,
Hypaxial myogenic progenitor,Hypothalamic neuron,5.94526525334347,-0.242701273431349,-10.9096780134792,0.00285396446042467,0,5322,1528,,
Endocardial cell,Frontonasal mesenchyme,5.81822896304138,-0.242996712674674,-12.8824021335117,0.00496571642873759,0,1558,24672,,
Midbrain,Notochord,5.72794756926162,-0.243431503076752,-9.59529116654095,0.0140442620329838,0,21466,956,,
Axial progenitor,Head paraxial mesoderm,6.07476261294573,-0.243600753242516,-18.2930314113323,0.000121057323954659,0,3170,32981,,
Autonomic neuron,Diencephalon,5.37769760310996,-0.243806297350971,-3.15268069075851,0.0096570302013904,0,142,14353,,
Frontonasal mesenchyme,Pharyngeal mesoderm,5.91779869770391,-0.243871445650391,-27.6800478018809,0.00503789822376002,0,24672,7691,,
Eye field,Otic placode,5.70216702766277,-0.244560019730739,-13.1444354680254,0.00712606454015377,0,8896,2365,,
Hemogenic endothelium,Myotome,5.50791747046819,-0.244563564236049,-3.79502374891083,0.0171172205167172,0,141,2201,,
Hindbrain (isthmic organizer),Hypaxial myogenic progenitor,6.0853617189241,-0.244601783934139,-15.5143915733683,0.00466432701744613,0,3921,5322,,
Endothelial cell,Spinal cord (sacral),6.35077425843232,-0.244674504574827,-19.5006914712533,0.00495953648614418,0,9605,5351,,
Allantois,Hindbrain (r2-r4),5.46326701428618,-0.244727098282287,-2.80661152069945,0.00057250982179819,0.11,78,26863,,
Pharyngeal mesoderm,Trigeminal ganglion neuron,5.68087738953916,-0.244932789549773,-13.9764803943316,0.0257040257202052,0,7691,1765,,
Hypothalamus,Trigeminal ganglion neuron,5.69262498518534,-0.245126466539849,-12.4023893839973,0.00547860264820785,0,7652,1765,,
Hindgut,Trigeminal sensory neuron,5.36906477851158,-0.245165110765843,-13.1882781607567,0.0134732703958062,0,3029,3198,,
Mesothelium,Midbrain neuron,5.75191865482114,-0.245371100951911,-6.1208241644511,0.00797307145456265,0,346,4463,,
Axial progenitor,Surface ectoderm,5.73233801307636,-0.245621732967472,-10.7809775122545,0.00147599969800438,0,3170,2649,,
Hindbrain (isthmic organizer),Mesothelium,5.69473622240669,-0.245920564153012,-5.88658309249316,0.00284281272381259,0,3921,346,,
Hindlimb field,Midbrain neuron,6.06775795288327,-0.24599631486763,-16.288842446357,0.00594083977316593,0,6150,4463,,
Hemogenic endothelium,Hindbrain (r2-r4),5.69844412028339,-0.246666193005513,-3.91999780551676,2.72017633702582e-06,0,141,26863,,
Hindbrain (r2-r4),Sclerotome,6.59130895355238,-0.246887992670193,-47.602517542082,0.00197032510609482,0,26863,74334,,
Hindlimb field,Primordial germ cell,4.83941072734497,-0.247203918970368,-1.82155950556902,0.00402769947945164,0.18,3277,25,,
Diencephalon,Lens placode,5.80940565575146,-0.247216356801526,-13.9130369160775,0.015178807983707,0,14353,2811,,
Otic sensory neuron,Spinal cord (cervical),5.92556496075374,-0.247358670825949,-9.68280395271896,2.25026927193331e-05,0,974,41051,,
Autonomic progenitor,Hindgut,5.42410042684407,-0.247880117008069,-13.4202556290061,0.00118342314078092,0,3416,3029,,
Intermediate mesoderm,Midbrain neuron,6.26558793615471,-0.248007155405453,-17.0124264682694,0.0121459439172531,0,10656,4463,,
Autonomic progenitor,Periocular mesoderm,5.40582305395739,-0.248198234176889,-9.96271655174566,0.0100851522573161,0,3416,1739,,
Hepatoblast,Otic placode,5.16798183503382,-0.249242998224731,-9.44754115758364,0.017447991927659,0,1255,2365,,
Mesothelium,Midbrain,5.77491279764666,-0.249347216263776,-6.23137991530557,0.00829904306940656,0,346,21466,,
Endocardial cell,Trunk neural crest,5.7979971381975,-0.249937869006395,-12.2019605524724,0.00106017497932741,0,1558,6809,,
Epidermal progenitor,Spinal cord (thoracic),6.23706746817056,-0.250641360875185,-40.3787637798074,0.00104882847770456,0,24337,35061,,
Sclerotome,Vagal neural crest,6.3609936899165,-0.251233271053241,-22.670159003445,1.20992241223694e-05,0,74334,4937,,
Periocular mesoderm,Somatic motor neuron,5.63120423244621,-0.251319445566579,-10.6330720216026,0.0078505892002539,0,1739,6559,,
Endocardial cell,Hypothalamus,5.68332051079595,-0.251420163941479,-12.4566326046844,0.0038733939101507,0,1558,7652,,
Macrophage,Sacral neural crest,5.25474343556028,-0.251757983282936,-8.28326548141415,0.00475289720066233,0,966,2156,,
Hindgut,Mesothelium,5.19757664761843,-0.251855986009289,-6.58277350009444,0.000862757820373264,0,3029,346,,
First heart field,Myotome,5.8415421374035,-0.25191810519464,-11.4576268321437,0.000178443796115182,0,1531,2201,,
Cranial motor neuron,First heart field,5.70151657358068,-0.252128547571069,-10.3369769254651,0.00615874966002652,0,3730,1531,,
Floor plate,Pharyngeal endoderm,5.78036662836507,-0.252201530760613,-20.025041536817,0.0128687190488327,0,16788,5045,,
Notochord,Spinal cord (thoracic),5.86259126516977,-0.252218643570624,-10.1385673906536,0.013563176946117,0,956,35061,,
Dorsal root ganglion neuron,Midgut,5.35723071627744,-0.252300189877379,-10.4347914115742,0.00725997030619126,0,1179,1667,,
Otic sensory neuron,Spinal cord (lumbar),5.77896800508318,-0.252425638095028,-9.54390662946079,0.0088993898128821,0,974,12722,,
Periocular mesoderm,Somatic mesoderm,5.83952947209436,-0.252488012184387,-12.4412546808063,0.000800738409659875,0,1739,66151,,
Amniotic ectoderm,Nascent somite,5.87014133098782,-0.252643636340893,-13.584576964732,0.00825958493070829,0,2288,6475,,
Hindbrain (r5-r8),Trigeminal sensory neuron,6.10285462618904,-0.252776243337671,-15.9824291528785,0.00892983294060259,0,28972,3198,,
Eye field,Lens placode,5.74876724081622,-0.253134772550633,-15.2818278233787,0.00911051362112031,0,8896,2811,,
Endothelial progenitor,Hematopoietic progenitor,5.34226982033887,-0.253135813080652,-3.14321354896158,0.00392506744226597,0.02,1988,87,,
Midbrain,Otic placode,5.81111667540448,-0.253185231328735,-14.5810431269932,0.0206546632421814,0,21466,2365,,
Periocular mesoderm,Trunk neural crest,5.52124991923322,-0.253878986929146,-11.4189739757359,0.00194581247826309,0,1739,6809,,
Midbrain neuron,Otic sensory neuron,5.68155523397861,-0.254339748505868,-8.15897866338699,0.0186362350993023,0,4463,974,,
Head paraxial mesoderm,Intermediate mesoderm,6.16889200768013,-0.254961180431298,-33.5762975511682,0.000542829311247626,0,32981,10656,,
Midbrain,Otic sensory neuron,5.70958931963676,-0.255445863043312,-9.66448116454595,0.0118800314623115,0,21466,974,,
Floor plate,Mesothelium,5.75604761257845,-0.255564107002096,-5.48685753469775,0.00662786592427323,0,16788,346,,
Arterial endothelial cell,Presomitic mesoderm,5.96553433100643,-0.255613776608457,-7.96928737335494,0.000990020313889993,0,645,8521,,
Diencephalon,Mesothelium,5.71053600700277,-0.255914344259999,-5.83400936257014,0.00326051933293543,0,14353,346,,
Hepatoblast,Olfactory sensory neuron,5.07978495613357,-0.256076689690486,-5.98280083314082,7.57130642761086e-05,0,1255,389,,
Eye field,Hemogenic endothelium,5.43627286944374,-0.256520318950597,-3.79114491905356,0.00475637129214411,0.01,8896,141,,
Head paraxial mesoderm,Nascent somite,6.11725288623703,-0.256635339007341,-26.6019074720048,0.00267806073103975,0,32981,6475,,
Hindbrain (isthmic organizer),Intermediate mesoderm,6.19677807012041,-0.257034544107005,-15.9522413505281,0.00228290511456661,0,3921,10656,,
Floor plate,Foregut,5.67912878757456,-0.25728783699327,-14.4642817053875,0.0272111578221456,0,16788,2432,,
Periocular mesoderm,Splanchnic mesoderm,5.74481223547656,-0.257623730179851,-12.3859337749541,0.00381410858227885,0,1739,21642,,
Cranial motor neuron,Hematopoietic progenitor,5.14012162993902,-0.257759018345492,-2.73192575621666,0.00903577723402336,0.18,3730,87,,
Dorsal root ganglion neuron,Macrophage,5.17452445688445,-0.257767748471395,-7.24501985854624,0.00207258347290137,0,1179,966,,
Epibranchial placode,Hindbrain (r1),5.82824256845554,-0.257872446827935,-19.0186522528124,0.0048434610684554,0,3606,16440,,
Spinal cord (cervical),Trigeminal sensory neuron,6.14264809230753,-0.257876882966327,-17.1307971390195,0.00638041139594421,0,41051,3198,,
Allantois,Hypaxial myogenic progenitor,5.25347390474936,-0.258367659679317,-2.71542706148162,0.0146420822762756,0.03,78,5322,,
Epibranchial placode,Hypaxial myogenic progenitor,5.73268468491106,-0.258389072926941,-16.5400817910974,0.000715366367446168,0,3606,5322,,
Juxtacardiac field,Nascent somite,5.81171706998129,-0.258423924974247,-11.9961051446085,0.000835673603344401,0,1386,6475,,
Periocular mesoderm,Trigeminal sensory neuron,5.34029536537419,-0.258932922977139,-9.92585766961851,0.0274877214006118,0,1739,3198,,
Endothelial progenitor,Notochord,5.71456858893428,-0.258949463991829,-9.52681612219139,0.00219829627179331,0,1988,956,,
Arterial endothelial cell,Spinal cord (sacral),5.93719642731086,-0.259219026889971,-7.95078443203273,0.00370830917167049,0,645,5351,,
Extraembryonic mesoderm,Trunk neural crest,5.7659180460527,-0.259387900805536,-19.1821869247343,0.00738569565506965,0,5300,6809,,
Hemogenic endothelium,Hindbrain (isthmic organizer),5.45456144926543,-0.259638541608319,-4.07075797364383,0.00136728755860858,0,141,3921,,
Dorsal root ganglion progenitor,Midgut,5.36850264916423,-0.259718227365859,-9.41542201344147,0.0140519030263641,0,921,1667,,
Hypaxial myogenic progenitor,Midbrain neuron,6.13038360223811,-0.260136195933753,-17.373259053902,0.00189108631542123,0,5322,4463,,
Hindgut,Hindlimb field,5.50239287890324,-0.260321615605992,-16.2063890009671,0.00313522770332874,0,3029,6150,,
Hypothalamus,Surface ectoderm,5.5457351670573,-0.260439601040315,-14.8115343793627,9.55671462048884e-05,0,7652,2649,,
Hindgut,Trigeminal ganglion neuron,5.31156618523384,-0.260460537956711,-12.2688720387082,0.00840301994089244,0,3029,1765,,
Amniotic ectoderm,Hypothalamic neuron,5.61623970714824,-0.260532388347071,-10.5301342547353,0.000902267595940231,0,2288,1528,,
Dorsal root ganglion progenitor,Hepatoblast,5.29971859462879,-0.260599619201377,-6.99792275541762,0.00513976391443762,0,921,1255,,
Olfactory placode,Primordial germ cell,4.69020248104123,-0.261125520567856,-2.13995977227284,0.0106359809702423,0.33,4204,25,,
Amniotic ectoderm,Telencephalon,5.86754296822806,-0.26114364315036,-16.719334024406,0.00334435479403946,0,2288,34300,,
Periocular mesoderm,Trigeminal placode,5.43819795540582,-0.261387816927388,-12.6583286137737,0.00129989233934002,0,1739,6546,,
Eye field,Myotome,6.04174770022208,-0.261389620854902,-14.251608261417,0.000283469023857271,0,8896,2201,,
Endocardial cell,Hypothalamic neuron,5.65853431884569,-0.261547427839092,-10.7838681283623,0.00514551101537748,0,1558,1528,,
Myotome,Sacral neural crest,5.94483772249257,-0.261625927782637,-11.089511884256,0.00890145355367673,0,2201,2156,,
Eye field,Hindgut,5.51651157214504,-0.262313356205594,-16.254656359454,0.000120820186815265,0,8896,3029,,
Epibranchial sensory neuron,Spinal cord (cervical),5.95443790263213,-0.262400369211877,-10.2920254479014,0.00737171054192407,0,1270,41051,,
Pharyngeal mesoderm,Sacral neural crest,5.77470713282955,-0.262516631375285,-15.6193238132288,0.00488814153046847,0,7691,2156,,
Otic sensory neuron,Spinal cord interneuron,5.98598344112227,-0.262523448872822,-9.05990142483731,0.00339115517155193,0,974,12470,,
Diencephalon,Myotome,6.09525286748968,-0.262707139506549,-14.3443637763724,0.000927332999451327,0,14353,2201,,
Cranial neural crest,Hypothalamic neuron,5.99790870762373,-0.262746120094911,-11.4858455528544,0.00305642951402571,0,9523,1528,,
Epicardium,Nascent somite,5.85811535284919,-0.26281266122146,-12.126108099719,0.00526627841749876,0,1288,6475,,
Diencephalon,Surface ectoderm,5.69239191522905,-0.26309500899318,-15.5515338802245,0.00349844783849594,0,14353,2649,,
Hepatoblast,Lens placode,5.20766193632241,-0.263341599541728,-11.3529381154781,0.0284681053642633,0,1255,2811,,
Axial progenitor,Juxtacardiac field,5.74929331249542,-0.26386501170469,-10.8387976433646,0.0067095213503656,0,3170,1386,,
Dorsal root ganglion neuron,Hindgut,5.34489268671062,-0.263881524044,-10.1932193120114,0.00871911139492907,0,1179,3029,,
Foregut,Lens placode,5.32714299962537,-0.263955809640039,-13.2385240122655,0.010405061707173,0,2432,2811,,
Hemogenic endothelium,Hindbrain (r1),5.58991259076645,-0.264458029565572,-4.55684153306274,0.00150951714969896,0.01,141,16440,,
Nascent somite,Second heart field,6.02047371838724,-0.264507157318981,-20.4595755413994,0.000876849425046287,0,6475,6952,,
Hindbrain (r5-r8),Trigeminal placode,6.19362609529535,-0.264686601246592,-25.0527880155562,0.00145190830526591,0,28972,6546,,
Hindgut,Sacral neural crest,5.41923662300906,-0.264751856623134,-13.789803860263,0.0323666463842072,0,3029,2156,,
Diencephalon,Notochord,5.64540090729781,-0.264932544325218,-10.3900995081581,0.00208829943047205,0,14353,956,,
Endothelial progenitor,Hindbrain (r5-r8),6.36964162488249,-0.265653375762618,-14.6555466437803,0.0042955430132313,0,1988,28972,,
Spinal cord interneuron,Trigeminal sensory neuron,6.2076701291841,-0.266129327222249,-15.7917784894219,0.00534238950196703,0,12470,3198,,
Hindbrain (isthmic organizer),Otic sensory neuron,5.60648954408061,-0.266812926973312,-9.00904735854824,0.013028154882393,0,3921,974,,
Myotome,Trunk neural crest,6.0509012588746,-0.267055890058215,-13.8767233587975,0.00509944761460682,0,2201,6809,,
Hindbrain (r5-r8),Otic sensory neuron,5.85765255316008,-0.267290378179564,-9.70528290952283,0.00581300779406659,0,28972,974,,
Hindbrain (isthmic organizer),Trigeminal placode,5.93947077143967,-0.267548402911218,-17.0117845929156,0.0131762367453624,0,3921,6546,,
Endothelial progenitor,Hindbrain (r2-r4),6.34227878506391,-0.267736311013714,-15.5425550261629,0.00137422090707928,0,1988,26863,,
Megakaryocyte,Sacral neural crest,5.35737230402972,-0.267824766480845,-5.84321929787418,0.000783276939113574,0,482,2156,,
Hepatoblast,Myotome,5.50209091994856,-0.268014127359499,-9.46049848060121,0.00610868144960308,0,1255,2201,,
Hypaxial myogenic progenitor,Olfactory sensory neuron,5.66545827643459,-0.268031005881134,-6.74822356181799,0.0136287033133272,0,5322,389,,
Forelimb field,Notochord,5.61531863137894,-0.268264428618305,-10.997932003842,0.0233245383708758,0,25891,956,,
Foregut,Olfactory sensory neuron,5.1938880483065,-0.268334477418277,-8.28499048232552,0.00144990358141633,0,2432,389,,
Hemogenic endothelium,Hypothalamic neuron,5.30788818500408,-0.268448584921811,-4.53581495843074,0.0369581851203947,0.53,141,1528,,
Endothelial cell,Spinal cord (lumbar),6.3928610566019,-0.268562767614257,-27.3253366009829,0.00512199711915941,0,9605,12722,,
Autonomic progenitor,Sclerotome,6.20916112948215,-0.268611562394365,-20.6936302199215,0.000657467560940069,0,3416,74334,,
Hematopoietic progenitor,Trunk neural crest,5.22232955679354,-0.268693246695502,-3.13785272261527,0.00889289099006365,0.03,87,6809,,
Periocular mesoderm,Spinal cord (sacral),5.6113757799727,-0.268712373271582,-12.259193878088,0.00495512471292919,0,1739,5351,,
Epibranchial sensory neuron,Midbrain,5.73915808977866,-0.268789414104314,-11.1358354737606,0.0256272534240606,0,1270,21466,,
Pharyngeal mesoderm,Trunk neural crest,5.87804942093016,-0.268976192515256,-21.6415254729009,0.00236081047373951,0,7691,6809,,
Periocular mesoderm,Spinal cord (lumbar),5.67288973038298,-0.26902534657157,-12.0629576972379,0.00512529201284206,0,1739,12722,,
First heart field,Frontonasal mesenchyme,5.7968757428127,-0.269327829440891,-14.7802260979485,0.0118646346039558,0,1531,24672,,
Hematopoietic progenitor,Myotome,5.27525247185945,-0.269563633783263,-3.38254698529887,0.00400184698191386,0,87,2201,,
Cranial motor neuron,Juxtacardiac field,5.58633230410851,-0.269900175006556,-9.50901081562855,0.00308608469419049,0,3730,1386,,
Somatic mesoderm,Spinal cord (cervical),6.62357296918641,-0.269970533579425,-55.1938667986941,0.00819016124761738,0,66151,41051,,
Foregut,Myotome,5.62269154943878,-0.270003185135058,-12.9689432620018,0.00631821501635586,0,2432,2201,,
Frontonasal mesenchyme,Hypaxial myogenic progenitor,6.06149249660487,-0.270010564920173,-24.0967828910997,0.000686084885021505,0,24672,5322,,
Hypaxial myogenic progenitor,Macrophage,5.39138429996137,-0.270103892169709,-11.1917922134596,0.000962891466860422,0,5322,966,,
Diencephalon,Otic placode,5.73376635680067,-0.270152299307879,-16.2761218352922,0.00705219063891577,0,14353,2365,,
Frontonasal mesenchyme,Hematopoietic progenitor,5.2362193517108,-0.27033161202277,-3.56961730702987,0.00512756622888046,0.02,24672,87,,
Hindlimb field,Midbrain,6.07210004973566,-0.270352838042293,-22.8570765123148,0.00368507558070188,0,6150,21466,,
Spinal cord (lumbar),Surface ectoderm,5.81083050834803,-0.270748793773519,-15.9169668780959,0.000414976453527995,0,12722,2649,,
Endothelial cell,Pharyngeal arch mesenchyme,6.33637268396373,-0.270749408351768,-30.9562588408068,0.00184240370908584,0,9605,39085,,
Floor plate,Hindgut,5.6119862700519,-0.270845951724017,-16.2634282389613,0.00716729017101065,0,16788,3029,,
Hindgut,Myotome,5.56644246155607,-0.270939768531501,-14.1671511464452,0.00894471829321905,0,3029,2201,,
Hypaxial myogenic progenitor,Spinal cord interneuron,6.42993386166976,-0.271035729375339,-20.3667436965591,0.000142295904080887,0,5322,12470,,
Epidermal progenitor,Eye field,5.95992320387055,-0.271187128834499,-28.5596608058224,0.00240907720678255,0,24337,8896,,
Dermomyotome,Trigeminal ganglion neuron,6.13403458743443,-0.271513964032585,-13.9075943067674,0.00137866881511452,0,47263,1765,,
Pharyngeal endoderm,Trigeminal ganglion neuron,5.44891563725371,-0.271520836677058,-14.6829803532946,0.00233208121144532,0,5045,1765,,
Axial progenitor,Second heart field,5.95719500387649,-0.271749844781775,-18.0749125636367,0.00352708921593883,0,3170,6952,,
Hindbrain (r1),Hypaxial myogenic progenitor,6.18638612409869,-0.271880622674686,-22.2691460733664,0.00234493228233006,0,16440,5322,,
Olfactory placode,Pharyngeal endoderm,5.49266094639407,-0.272128716831716,-18.2531537222045,0.0171126847269484,0,5872,5045,,
Hypaxial myogenic progenitor,Midbrain,6.14619699017669,-0.272460473138389,-23.7835662083048,0.00273695288955761,0,5322,21466,,
Juxtacardiac field,Sclerotome,6.00674895967777,-0.272494395659354,-13.4433054306433,0.00178903798332761,0,1386,74334,,
Eye field,Pharyngeal endoderm,5.65354972081947,-0.272649535256821,-20.9052347692271,0.0111035693177504,0,8896,5045,,
First heart field,Trunk neural crest,5.77838904310538,-0.272886147704295,-13.0557291699033,0.000736829086646424,0,1531,6809,,
Epidermal progenitor,Hindbrain (r2-r4),6.2113389540161,-0.272994309689989,-39.4975712075286,0.00150122738006998,0,24337,26863,,
Dermomyotome,Hypothalamic neuron,6.22819280084399,-0.273031218062451,-14.5556941369076,0.00462113378888271,0,47263,1528,,
Head paraxial mesoderm,Hypothalamic neuron,5.85409184167051,-0.27341946236269,-15.1537602020487,0.00145215485917297,0,32981,1528,,
Hindgut,Nascent somite,5.63832239927574,-0.273493527962978,-17.1499913669738,0.00474029846327248,0,3029,6475,,
Otic sensory neuron,Spinal cord (thoracic),5.83122387578809,-0.273639991394625,-9.72418068795909,0.00801147954261014,0,974,35061,,
Forelimb field,Spinal cord (cervical),6.31827359495381,-0.273676711116405,-42.9654823639382,0.00489958665190133,0,25891,41051,,
Hepatoblast,Trigeminal sensory neuron,5.27032435972718,-0.273790477465558,-11.4368632522047,0.0204680847397271,0,1255,3198,,
Eye field,Otic sensory neuron,5.57556341912892,-0.273940317546433,-10.3045741877564,0.00678401017069258,0,8896,974,,
Primordial germ cell,Sacral neural crest,4.71931341035776,-0.274235150747024,-1.65976982936112,0.0126525520565521,0.14,25,1327,,
Amniotic ectoderm,Hypothalamus,5.62282684921048,-0.274342239943864,-15.7126737899603,0.00344887857235507,0,2288,7652,,
Midbrain neuron,Myotome,6.11669478840441,-0.274528164825125,-14.0403450149673,0.000525179839620806,0,4463,2201,,
Frontonasal mesenchyme,Hypothalamus,5.90033859817245,-0.274661012362853,-29.3209239551471,0.00369671771972052,0,24672,7652,,
Lens placode,Midgut,5.26438501068375,-0.27486402365821,-11.7759279415913,0.0238723664557209,0,2811,1667,,
Forelimb field,Telencephalon,6.13262621118132,-0.27491472158552,-49.814997436976,0.00716681725113943,0,25891,34300,,
Hemogenic endothelium,Midbrain neuron,5.50283519918788,-0.275004640035778,-4.22586140959758,0.00638501993965603,0.01,141,4463,,
Endocardial cell,Nascent somite,5.88786690014738,-0.275035540116335,-13.2790071659575,0.00215422054472424,0,1558,6475,,
Hypaxial myogenic progenitor,Otic sensory neuron,5.63550276491471,-0.275084739742145,-10.5072718001594,0.00266889232785287,0,5322,974,,
Eye field,Hypaxial myogenic progenitor,6.02706975169181,-0.275212088069466,-21.5129637668322,0.0039615640194807,0,8896,5322,,
Autonomic neuron,Foregut,4.8915287983035,-0.275374403370819,-4.9338095673939,0.0110950105732838,0.11,142,2432,,
Arterial endothelial cell,Spinal cord (lumbar),5.97578917534667,-0.275832528400929,-8.83180064503668,0.000913711777828361,0,645,12722,,
Juxtacardiac field,Spinal cord (sacral),5.78032820672063,-0.276004216681612,-12.088655109339,0.00364303061775783,0,1386,5351,,
Hindbrain (isthmic organizer),Hindlimb field,5.97650095844313,-0.276573540196509,-15.8033161782694,0.000462221268620718,0,3921,6150,,
Extraembryonic mesoderm,Vagal neural crest,5.76058071876068,-0.276713884002771,-18.7626091165519,0.00736506280103612,0,5300,4937,,
Lens placode,Spinal cord interneuron,6.12193356525941,-0.276936424715962,-16.9758333214956,0.00388484306518407,0,2811,12470,,
Eye field,Juxtacardiac field,5.65995286868368,-0.276940019618333,-11.9915497522856,0.00740536272626947,0,8896,1386,,
Epicardium,Primordial germ cell,4.60613663933049,-0.277170740610616,-2.8461373332734,0.000252700862850716,0.01,781,25,,
Midgut,Trigeminal ganglion neuron,5.29512676776959,-0.277174762674393,-10.9472738576515,0.00785863831260282,0,1667,1765,,
Head paraxial mesoderm,Presomitic mesoderm,6.11359212348163,-0.277212020949041,-31.8054082138963,0.00156724131968046,0,32981,8521,,
Epicardium,Hypothalamic neuron,5.59595870613413,-0.277264863875576,-10.9505110495449,0.00882324855879675,0,1288,1528,,
Dorsal root ganglion neuron,Hepatoblast,5.26087123961534,-0.277445814319538,-8.11752584036176,0.00331311954358991,0,1179,1255,,
Dorsal root ganglion progenitor,Hypothalamus,5.71365332103807,-0.277801020415203,-10.3561101154005,0.0156521105698196,0,921,7652,,
Dermomyotome,Hindbrain (r1),6.48856813199282,-0.278359781174873,-44.3745241501249,0.00288507478462913,0,47263,16440,,
First heart field,Vagal neural crest,5.78544036366114,-0.278475509820968,-11.8069789135514,0.00341983479817271,0,1531,4937,,
Intermediate mesoderm,Midbrain,6.26351881219283,-0.278762408864043,-30.8645008237756,0.00471590773027557,0,10656,21466,,
Hepatoblast,Olfactory placode,5.27094776290911,-0.27891138101436,-10.795558793238,0.00336440467797166,0,1255,5872,,
Dorsal root ganglion neuron,Pharyngeal endoderm,5.47546644814825,-0.278922010360568,-12.6607110845768,0.00705007790742453,0,1179,5045,,
Dermomyotome,Epibranchial placode,6.02296350380754,-0.279049813806664,-22.2021123232207,0.00171363390280412,0,47263,3606,,
Hypaxial myogenic progenitor,Roof plate,6.20724834669747,-0.279634578344333,-17.547276703331,0.00142243249704586,0,5322,6035,,
Head paraxial mesoderm,Spinal cord (sacral),6.07814448804081,-0.279697032636764,-28.1271760283537,0.00100441542989145,0,32981,5351,,
Forelimb field,Midbrain neuron,6.07590557341571,-0.279818061947261,-23.7230856847966,0.0171058607676647,0,25891,4463,,
Hemogenic endothelium,Midbrain,5.52945291083111,-0.279897567131698,-4.58927516211662,0.00419274231387224,0.02,141,21466,,
Notochord,Sacral neural crest,5.48151245479298,-0.279959270125841,-9.20297417867289,0.0265145632221725,0,956,2156,,
Hematopoietic progenitor,Hypothalamus,5.1067975560505,-0.279987724026466,-3.46596821868622,0.00391760874332267,0.01,87,7652,,
Autonomic progenitor,Midgut,5.39402136193941,-0.280064923368997,-12.5225436432884,0.00511996127539317,0,3416,1667,,
Hypaxial myogenic progenitor,Pharyngeal endoderm,5.70668874711589,-0.280159204880998,-21.6737115577194,0.00504533748439933,0,5322,5045,,
Hindbrain (isthmic organizer),Lens placode,5.74854538226857,-0.280370409356723,-13.7847263914114,0.0133008746730349,0,3921,2811,,
Hematopoietic progenitor,Vagal neural crest,5.21883270614546,-0.28046451602442,-3.29123758972788,0.00604001547952073,0,87,4937,,
Arterial endothelial cell,Primordial germ cell,4.66264208945106,-0.280570822301613,-2.27414003362643,0.00391303705803363,0.03,401,25,,
Nascent somite,Pharyngeal mesoderm,5.98481055007011,-0.281068856027215,-23.658410229537,0.00365233285718454,0,6475,7691,,
Cranial neural crest,Dermomyotome,6.46305103906627,-0.281349188659591,-34.7565276600553,0.00101659108656058,0,9523,47263,,
Hindbrain (isthmic organizer),Periocular mesoderm,5.50885083179043,-0.281507560141176,-12.720022449044,0.0136352747031763,0,3921,1739,,
Notochord,Trigeminal ganglion neuron,5.36864553487429,-0.281619864642395,-9.74119395457776,0.0205626565949542,0,956,1765,,
Pharyngeal endoderm,Somatic motor neuron,5.76406492662969,-0.281766333406156,-19.9394279419864,0.00200860928481758,0,5045,6559,,
Cranial neural crest,Hypothalamus,5.99740142234065,-0.281768673009041,-23.0137292677376,0.00166511064681798,0,9523,7652,,
Hindbrain (r1),Notochord,5.73229440857939,-0.281793179062819,-11.7871202703317,0.0116504120996568,0,16440,956,,
Midbrain,Surface ectoderm,5.7344445361647,-0.282011552706861,-16.2680957672016,0.00442813676770611,0,21466,2649,,
Endothelial cell,Notochord,5.81397072515406,-0.282352419951716,-12.4817847572599,0.00195795595370757,0,9605,956,,
Hypaxial myogenic progenitor,Lens placode,5.77979761896991,-0.282389530674199,-15.693217220752,0.00113620774855346,0,5322,2811,,
Autonomic neuron,Head paraxial mesoderm,5.29656895174281,-0.282462823987846,-3.46006966374696,0.063464648076894,0.24,142,32981,,
Allantois,Axial progenitor,5.24684794773664,-0.282526703740989,-3.18685473397183,0.00261450343972216,0.01,78,3170,,
Hindlimb field,Macrophage,5.30182310424239,-0.282675377621061,-10.8298349674532,0.0104681084298701,0,6150,966,,
Hepatoblast,Sacral neural crest,5.33250654976428,-0.283118227453876,-9.54138631258324,0.0175447228743366,0,1255,2156,,
Epibranchial sensory neuron,Hindbrain (isthmic organizer),5.63774383470958,-0.28311922540959,-11.6513763737861,0.0157858642597215,0,1270,3921,,
Hypothalamus,Olfactory sensory neuron,5.49134287671668,-0.283130298015286,-7.09045452737807,0.00197153752141064,0,7652,389,,
Endocardial cell,Sclerotome,6.09134523081922,-0.283248215025539,-14.5318472829285,0.00100763314850203,0,1558,74334,,
Hindgut,Somatic motor neuron,5.61543908070252,-0.283350866275569,-16.8614576326844,0.00901287019570737,0,3029,6559,,
Autonomic progenitor,Notochord,5.4659798693904,-0.283353537412995,-10.0318628021114,0.0296799423079337,0,3416,956,,
Arterial endothelial cell,Eye field,5.79201066378788,-0.283483934864946,-9.07607080048205,0.00032305480513065,0,645,8896,,
Endothelial cell,Frontonasal mesenchyme,6.22460655924502,-0.283628617364438,-33.0010229064022,0.0050830228173778,0,9605,24672,,
Epibranchial placode,Hindbrain (r5-r8),5.92444099277968,-0.284216433913204,-20.256161734094,0.000786119261178558,0,3606,28972,,
Eye field,Forelimb field,5.98284818388428,-0.284593843251093,-29.2573064595954,0.00489267138922384,0,8896,25891,,
Diencephalon,Hypaxial myogenic progenitor,6.07147789926313,-0.284831332053361,-24.2285530594231,0.000553345080734495,0,14353,5322,,
Dermomyotome,Hindbrain (isthmic organizer),6.35215819386014,-0.285262382623931,-21.6843133251833,0.000438506772378274,0,47263,3921,,
Periocular mesoderm,Presomitic mesoderm,5.62393209873898,-0.285290994927978,-13.5646231573252,0.00628335213016344,0,1739,8521,,
Epibranchial placode,Midbrain,5.76152306752662,-0.285377020107068,-19.2001800131824,0.00783409751104709,0,3606,21466,,
Hindbrain (r5-r8),Lens placode,5.9944439170532,-0.285396894840166,-19.5665368355221,0.00658660184482763,0,28972,2811,,
Amniotic ectoderm,Presomitic mesoderm,5.85432974243202,-0.285525898414454,-15.1150354935678,0.011256537504126,0,2288,8521,,
Hypothalamic neuron,Megakaryocyte,5.32050691094066,-0.285679103742444,-6.98003809514426,0.00308321920215548,0,1528,482,,
Floor plate,Midgut,5.59994400351365,-0.286428858098712,-12.3961611136828,0.0239558419922508,0,16788,1667,,
Pharyngeal arch mesenchyme,Pharyngeal mesoderm,5.97260610858396,-0.286583902499426,-31.1980226836565,0.0068549398930785,0,39085,7691,,
Midgut,Sacral neural crest,5.40000496446845,-0.28660964873261,-11.9526778689759,0.0250269201271385,0,1667,2156,,
Epidermal progenitor,Midbrain neuron,6.03078842528594,-0.286690308479367,-21.6781102584818,0.000808622368565469,0,24337,4463,,
Hepatoblast,Trigeminal ganglion neuron,5.21825175826416,-0.286734405406015,-8.63865430772754,0.0128550537390365,0,1255,1765,,
Pharyngeal mesoderm,Vagal neural crest,5.8727625380326,-0.286873890408169,-23.2162827896768,0.00739792104253216,0,7691,4937,,
Hindgut,Somatic mesoderm,5.81801121993505,-0.287056500726105,-20.9535489013896,0.0114884093115776,0,3029,66151,,
Epicardium,Hypothalamus,5.60559960513563,-0.287147972247522,-12.4869842845081,0.00602616987825472,0,1288,7652,,
Lens placode,Spinal cord (cervical),6.03862207563588,-0.28764172437514,-17.7105388220958,0.00585378085160144,0,2811,41051,,
Allantois,Spinal cord (sacral),5.28544398434818,-0.287864724315197,-3.08527036741067,0.00400487003136346,0.12,78,5351,,
Hypothalamus,Pharyngeal mesoderm,5.74805498556079,-0.287940504958741,-27.0237610574069,0.00722245776026302,0,7652,7691,,
Endothelial progenitor,Macrophage,5.43048506337823,-0.287951133464454,-8.93057560568755,0.00223064927409272,0,1988,966,,
Head paraxial mesoderm,Sacral neural crest,5.85738807737502,-0.288030606820737,-18.2461596112365,0.00162583297913736,0,32981,2156,,
Hypothalamic neuron,Mesothelium,5.50817801405379,-0.288169607197218,-6.28003379887734,0.00532022715737668,0,1528,346,,
Dorsal root ganglion progenitor,Primordial germ cell,4.68255446993649,-0.288271031097234,-1.83315446128233,0.0642430551039721,0.35,515,25,,
Arterial endothelial cell,Hypothalamus,5.68893368140218,-0.288475786663341,-8.970657467502,0.000202044173097587,0,645,7652,,
Diencephalon,Hemogenic endothelium,5.4527161254556,-0.288765555140403,-4.08414106682164,0.00184421264764064,0.01,14353,141,,
Diencephalon,Otic sensory neuron,5.61313228046736,-0.28900680542022,-10.5043464103698,0.00979310760182161,0,14353,974,,
Midgut,Trigeminal sensory neuron,5.32655609702396,-0.289103488496617,-13.0647220713887,0.0231300021610634,0,1667,3198,,
Hindbrain (r5-r8),Notochord,5.84661372521765,-0.289623236055082,-10.8739938862391,0.0100922766398433,0,28972,956,,
Hypothalamic neuron,Roof plate,6.01744173375695,-0.290154934940471,-11.8300894272497,0.00161050580632591,0,1528,6035,,
Hypaxial myogenic progenitor,Trigeminal sensory neuron,5.84641718985498,-0.290276837171697,-17.3350530195215,0.00875813200713628,0,5322,3198,,
Hypothalamic neuron,Macrophage,5.20323390570743,-0.290522742544375,-9.11689884383292,0.00118530186627756,0,1528,966,,
Hypaxial myogenic progenitor,Surface ectoderm,5.66982408357093,-0.290941298539878,-15.2268062301818,0.00193459655420675,0,5322,2649,,
Endothelial progenitor,Midbrain neuron,6.15344646794305,-0.291269918583036,-13.0805369306131,0.00544961243926676,0,1988,4463,,
Hindbrain (isthmic organizer),Hindgut,5.51392560493551,-0.291346101801811,-17.522282649137,0.0012293163638934,0,3921,3029,,
Epibranchial sensory neuron,Hypaxial myogenic progenitor,5.66308526697389,-0.291355852980609,-12.543856587179,0.00190665396948498,0,1270,5322,,
Eye field,Hindlimb field,5.93452191890039,-0.291385003483395,-22.0654474991884,0.00413506766299275,0,8896,6150,,
Amniotic ectoderm,Hypaxial myogenic progenitor,5.75911095627009,-0.291695541705096,-15.6460691158812,0.0033906444992754,0,2288,5322,,
Hypaxial myogenic progenitor,Otic placode,5.71540850081968,-0.291850034525425,-15.3037057494918,0.000129933280640869,0,5322,2365,,
Amniotic ectoderm,Spinal cord (sacral),5.81262586328437,-0.29241672807641,-13.0990161203373,0.0179597107913734,0,2288,5351,,
Eye field,Midgut,5.48799743127368,-0.292608254151293,-13.8255161675576,0.0097742233146863,0,8896,1667,,
Epibranchial sensory neuron,Hypothalamus,5.50359630330463,-0.29264364046576,-11.6669838384446,0.00428084306625193,0,1270,7652,,
Lens placode,Notochord,5.32143807883192,-0.29290029176501,-10.572199872551,0.00195607770973595,0,2811,956,,
Endothelial progenitor,Hindbrain (isthmic organizer),6.08881431272481,-0.293100106733283,-15.2292622109534,0.00147275184212454,0,1988,3921,,
Axial progenitor,Periocular mesoderm,5.55150325302689,-0.29330753501552,-11.4487410677155,0.0040834688803255,0,3170,1739,,
Extraembryonic mesoderm,Hypaxial myogenic progenitor,5.77612629058783,-0.293681269575329,-24.2489422447637,0.00305806053858704,0,5300,5322,,
Axial progenitor,Endocardial cell,5.81755553470125,-0.293776071111682,-13.4734395689334,0.0032854618152702,0,3170,1558,,
Hemogenic endothelium,Spinal cord (cervical),5.72465560764585,-0.293830800585035,-4.41772026312988,0.00140450515341839,0.01,141,41051,,
Forelimb field,Hindbrain (r5-r8),6.2521468928855,-0.293901353630357,-45.7598709347995,0.00513188685411771,0,25891,28972,,
Foregut,Trigeminal sensory neuron,5.37182535190733,-0.294183864783348,-15.1300277791868,0.0130214383588683,0,2432,3198,,
Amniotic ectoderm,Eye field,5.69619087777354,-0.294209327820018,-16.2100662213033,0.00432261481764619,0,2288,8896,,
Cranial motor neuron,Epicardium,5.6132454355178,-0.294447831876002,-11.3393682944957,0.00437379861805166,0,3730,1288,,
Head paraxial mesoderm,Spinal cord (lumbar),6.12763580962259,-0.294510491001388,-36.7602567264569,0.00100076251471809,0,32981,12722,,
Endocardial cell,Spinal cord (sacral),5.85512159789904,-0.294611902076392,-14.3988770020816,0.00330442369465662,0,1558,5351,,
Hindbrain (isthmic organizer),Otic placode,5.67993530299039,-0.294707478941225,-13.5152854302001,0.0123608284435606,0,3921,2365,,
Dermomyotome,Pharyngeal arch mesenchyme,6.44540401247874,-0.294996898000435,-59.0146119789794,2.3133216718942e-06,0,47263,39085,,
Head paraxial mesoderm,Vagal neural crest,5.97205097722036,-0.295235538763228,-27.9351633658655,0.00187666258864886,0,32981,4937,,
Axial progenitor,Epicardium,5.76930231432814,-0.295465226832345,-11.4259715145709,0.00260877209606735,0,3170,1288,,
Epibranchial sensory neuron,Hindbrain (r5-r8),5.8747125245806,-0.295881681268079,-11.912278190839,0.00955667433760597,0,1270,28972,,
Intermediate mesoderm,Juxtacardiac field,5.82511731426901,-0.296090221848085,-13.3451685277443,0.00173385609354271,0,10656,1386,,
Dorsal root ganglion progenitor,Hindgut,5.33201122658175,-0.296221097822881,-10.5439657412107,0.0192919777055453,0,921,3029,,
Periocular mesoderm,Vagal neural crest,5.4936603847791,-0.29631884739616,-13.7124370471199,0.000366264455046965,0,1739,4937,,
Epibranchial sensory neuron,Hypothalamic neuron,5.48330909494675,-0.296600179791966,-9.99540850403931,0.00315204695308597,0,1270,1528,,
Axial progenitor,Pharyngeal mesoderm,5.91350986364844,-0.296632148647807,-23.5292840738046,0.00224054483771311,0,3170,7691,,
Cranial motor neuron,Endocardial cell,5.65603670585204,-0.296859899493709,-13.2361826493138,0.0105513747325027,0,3730,1558,,
Hypothalamus,Macrophage,5.21067683147648,-0.297266404533621,-10.343034555244,0.00803217323489849,0,7652,966,,
Myotome,Vagal neural crest,6.03113887919654,-0.297467570816259,-13.7579075853195,0.00386063362030777,0,2201,4937,,
Autonomic progenitor,Pharyngeal endoderm,5.52022193969314,-0.297641418405787,-19.5482129890758,0.00528379900827909,0,3416,5045,,
Dermomyotome,Juxtacardiac field,6.00950786553523,-0.297681599898695,-13.9645455609079,0.00115168777394631,0,47263,1386,,
Floor plate,Head paraxial mesoderm,6.04750098361766,-0.297953385731969,-41.2525782203539,0.00610399832125098,0,16788,32981,,
Epibranchial placode,Hypothalamus,5.53792826654291,-0.298090017173433,-19.8947537290531,0.0184666574370005,0,3606,7652,,
Periocular mesoderm,Pharyngeal arch mesenchyme,5.59137980156532,-0.298130886738709,-15.5564947334833,0.00387807982342856,0,1739,39085,,
Mesothelium,Spinal cord interneuron,6.00765054412025,-0.298182834677731,-6.85413687610627,0.00126459509991854,0,346,12470,,
Endothelial progenitor,Pharyngeal endoderm,5.74298027234288,-0.298588805187196,-16.8935066710437,0.00679331317874398,0,1988,5045,,
Hematopoietic progenitor,Hypothalamic neuron,5.06991906900384,-0.298794548693585,-3.38411930293953,0.00157395967487338,0.01,87,1528,,
Cranial neural crest,Somatic motor neuron,6.19420318660913,-0.298988772076514,-22.4250534236859,0.00206961149569734,0,9523,6559,,
Head paraxial mesoderm,Somatic motor neuron,6.06217566014754,-0.299025457722303,-31.2977108253303,0.00171711070360189,0,32981,6559,,
Hypaxial myogenic progenitor,Pharyngeal arch mesenchyme,6.13136932583537,-0.299233959480881,-26.3492671267356,0.00159429799548952,0,5322,39085,,
Amniotic ectoderm,Axial progenitor,5.76813916471024,-0.299623197233311,-13.6868325815019,0.0063874168490127,0,2288,3170,,
Frontonasal mesenchyme,Notochord,5.58945796513388,-0.299739000617214,-12.3310480067722,0.00686980050531458,0,24672,956,,
Notochord,Trigeminal sensory neuron,5.39122088499204,-0.299830163381054,-11.079648741447,0.000806748430383925,0,956,3198,,
Hemogenic endothelium,Hypothalamus,5.30191138879326,-0.29995895915689,-4.59125434147129,0.0189181038289584,0.08,141,7652,,
Amniotic ectoderm,Midbrain neuron,5.77775363102601,-0.299962615063267,-15.9026571209055,0.00329030000984139,0,2288,4463,,
Hypaxial myogenic progenitor,Trigeminal ganglion neuron,5.79558183325226,-0.300078391745991,-14.0403706020506,0.00499345459068962,0,5322,1765,,
Epidermal progenitor,Primordial germ cell,4.79549016004384,-0.30014551750132,-2.17655665624796,0.0185255021808892,0.06,15453,25,,
Hepatoblast,Hindlimb field,5.39435832915424,-0.300408470668636,-12.5009961147392,0.0146775232361992,0,1255,6150,,
Head paraxial mesoderm,Trunk neural crest,5.95622860851214,-0.300541952968022,-29.7934275360522,0.000897151703794935,0,32981,6809,,
Hypothalamic neuron,Pharyngeal mesoderm,5.71765357488176,-0.300549160935583,-16.416006849719,0.00679172594929987,0,1528,7691,,
Epibranchial placode,Hypothalamic neuron,5.51715423268974,-0.30061685817207,-12.1754417898458,0.0100227829215289,0,3606,1528,,
Autonomic progenitor,Somatic motor neuron,5.95381780716666,-0.300867796686941,-16.8241337248092,0.00843576330317113,0,3416,6559,,
Dermomyotome,Olfactory sensory neuron,5.94217767160893,-0.301106836563253,-7.59415929903464,0.00455357229546042,0,47263,389,,
Hindlimb field,Megakaryocyte,5.40478541650729,-0.301552463262875,-7.52579304798165,0.0096610581364537,0,6150,482,,
Hypothalamus,Roof plate,6.02975453490016,-0.301585655139294,-23.8230279488826,4.78554757977106e-05,0,7652,6035,,
Epidermal progenitor,Spinal cord (cervical),6.25368322763231,-0.301662053285689,-46.5282112943128,0.00128908475141318,0,24337,41051,,
Notochord,Olfactory placode,5.39542850371979,-0.301754127295463,-11.7269747782213,0.00646045918291194,0,956,5872,,
Dermomyotome,Epibranchial sensory neuron,5.96101083914975,-0.301872909214979,-13.4882626198476,0.00362414892201784,0,47263,1270,,
Amniotic ectoderm,Diencephalon,5.74417672935985,-0.302198932452498,-18.1388878503588,0.000811614982664633,0,2288,14353,,
Midbrain neuron,Notochord,5.64378658628829,-0.302635523639005,-10.8518297063937,0.0167846392018654,0,4463,956,,
Amniotic ectoderm,Cranial motor neuron,5.60406234732117,-0.302687869104316,-13.2708319178572,2.25085707836375e-05,0,2288,3730,,
Hemogenic endothelium,Hindbrain (r5-r8),5.67260915982465,-0.30270612366448,-4.49112937443386,0.00115612880679986,0,141,28972,,
Endocardial cell,Pharyngeal arch mesenchyme,5.85669000982963,-0.3028031064137,-14.4323372257999,0.00781962593547605,0,1558,39085,,
Juxtacardiac field,Presomitic mesoderm,5.78552751555463,-0.302811506025027,-13.7589980231864,0.00261970793978867,0,1386,8521,,
Foregut,Hypaxial myogenic progenitor,5.59085457354373,-0.302853857482207,-16.6490347101355,0.0232936047837423,0,2432,5322,,
Epibranchial placode,Myotome,5.69055353563192,-0.303280328604509,-13.6020317183411,0.000332204280751499,0,3606,2201,,
Hematopoietic progenitor,Pharyngeal arch mesenchyme,5.30813997412251,-0.303767865573,-3.48685582869896,0.00186897726595072,0,87,39085,,
Eye field,Intermediate mesoderm,6.1215484622453,-0.303851348912229,-26.429380020696,0.00696516308380875,0,8896,10656,,
Intermediate mesoderm,Pharyngeal mesoderm,6.01236162625298,-0.304789315328283,-27.200701618225,0.00555611315310659,0,10656,7691,,
Diencephalon,Hindlimb field,5.97588895009502,-0.304814494395841,-23.9361361495871,0.005833952830609,0,14353,6150,,
Endothelial progenitor,Hindgut,5.58749133185217,-0.305005799624956,-15.4448905672369,0.00239233863623953,0,1988,3029,,
Second heart field,Spinal cord (sacral),5.9630987147477,-0.305376985683978,-24.1221884816454,0.00124921115413105,0,6952,5351,,
Primordial germ cell,Second heart field,4.74014560273849,-0.305566548498913,-2.7636562654079,0.00247128489243201,0.03,25,4875,,
Spinal cord (thoracic),Splanchnic mesoderm,6.43405241507651,-0.30557524513126,-42.6603668346401,0.00853268116523842,0,35061,21642,,
Dermomyotome,Trigeminal sensory neuron,6.14028920132904,-0.305685530954249,-22.6691551895138,0.000687159834555133,0,47263,3198,,
Eye field,Foregut,5.52596716731528,-0.306128930082773,-17.45489074729,0.0115454696889893,0,8896,2432,,
Endothelial progenitor,Hindbrain (r1),6.20388203745463,-0.306486709122736,-16.7472981694277,6.19733504751591e-05,0,1988,16440,,
Hindbrain (isthmic organizer),Sclerotome,6.3051213479095,-0.306646328656073,-23.7826663764298,0.000227003548027583,0,3921,74334,,
Primordial germ cell,Trigeminal placode,4.75602265086583,-0.306665000440283,-2.18429631038034,9.39885164153322e-05,0.07,25,5129,,
Dorsal root ganglion neuron,Hypothalamus,5.66916736470998,-0.306882386345919,-12.5952921741211,0.00501167807554543,0,1179,7652,,
Hindgut,Spinal cord (sacral),5.5904809526856,-0.307067390472334,-17.074651910777,0.0017722501380551,0,3029,5351,,
Dorsal root ganglion progenitor,Hypothalamic neuron,5.66864388006005,-0.307431601236672,-8.86115422010781,0.00559435846037924,0,921,1528,,
Autonomic progenitor,Hypothalamus,5.73147884074067,-0.307551973613315,-20.5435424022544,0.00232994290840948,0,3416,7652,,
Epibranchial sensory neuron,Myotome,5.64346348879483,-0.307600216544511,-11.0798350386291,0.000490075947037274,0,1270,2201,,
Endothelial progenitor,Spinal cord interneuron,6.44693905965741,-0.307745058040517,-16.5260218319935,0.00115488086812271,0,1988,12470,,
Forelimb field,Macrophage,5.31822269949683,-0.308085648936832,-13.1310415475425,0.00199248727713174,0,25891,966,,
Hypothalamic neuron,Olfactory sensory neuron,5.44611711191785,-0.308094343981088,-6.72563890550059,0.00621147717948998,0,1528,389,,
Allantois,Presomitic mesoderm,5.30635613347517,-0.308588974869145,-3.56034033963004,0.000719747270553595,0.03,78,8521,,
Forelimb field,Somatic motor neuron,6.07835144277309,-0.308926448785398,-30.8652094073869,0.00341777058808375,0,25891,6559,,
Hypaxial myogenic progenitor,Olfactory placode,5.83102665533478,-0.308977499130032,-19.9994340066342,0.00243114788338672,0,5322,5872,,
Hypothalamus,Second heart field,5.74773328707797,-0.3090037884732,-26.9094305386931,0.000156036383721245,0,7652,6952,,
Dermomyotome,Midbrain,6.41976058087979,-0.309097851595769,-48.6224369130838,0.00105031685493889,0,47263,21466,,
Cranial motor neuron,Endothelial progenitor,5.96671716584429,-0.309206069003616,-13.2065742327283,0.003473955045105,0,3730,1988,,
Presomitic mesoderm,Second heart field,5.99209846423908,-0.309230047389569,-28.594582280051,0.000530882914040957,0,8521,6952,,
Diencephalon,Periocular mesoderm,5.50746636847498,-0.30928743330804,-15.3206061377512,0.0219347421797768,0,14353,1739,,
Extraembryonic mesoderm,Pharyngeal arch mesenchyme,5.82752650740696,-0.30952082504074,-25.9322290020132,0.0126495021110181,0,5300,39085,,
Myotome,Olfactory sensory neuron,5.62043972831662,-0.310349866068565,-7.41342927186179,0.0143484001072963,0,2201,389,,
Forelimb field,Midgut,5.49489456880275,-0.310371181045526,-15.7354856409093,0.00412147172415574,0,25891,1667,,
Forelimb field,Hindbrain (r2-r4),6.209433479203,-0.310861471455154,-47.8616447845122,0.00187536410697103,0,25891,26863,,
Endothelial progenitor,Hepatoblast,5.51410294440467,-0.310894290076589,-11.1078633710847,0.000893069455504791,0,1988,1255,,
Primordial germ cell,Somatic mesoderm,5.1061187809239,-0.310947917001978,-2.62428519800784,0.183123264271945,0.97,25,44683,,
Endothelial progenitor,Eye field,6.04738614640307,-0.310983304439562,-16.6398252369792,0.00288435169248412,0,1988,8896,,
Midgut,Olfactory placode,5.30639672863671,-0.311069835220382,-15.1723458804386,0.00366321320767761,0,1667,5872,,
Epicardium,Presomitic mesoderm,5.8251753288611,-0.311312349996204,-12.5155050886651,0.00184641437268048,0,1288,8521,,
Endothelial progenitor,Hypothalamus,5.95091715981767,-0.311432641493363,-16.2436658050273,0.00278499124340957,0,1988,7652,,
Amniotic ectoderm,Hindbrain (isthmic organizer),5.70608952061542,-0.311788317095047,-16.611812819812,0.0024477505872565,0,2288,3921,,
Axial progenitor,First heart field,5.80176902219051,-0.311982534289431,-14.8692180787266,0.00350255109835665,0,3170,1531,,
Epicardium,Roof plate,5.8593989528299,-0.312467108606527,-12.5631027963539,0.0017754921487741,0,1288,6035,,
Hypothalamus,Otic sensory neuron,5.44145098401201,-0.312548881849667,-11.5566902631082,0.00366375682407258,0,7652,974,,
Epicardium,Eye field,5.67402542667074,-0.312628536442584,-14.3385056567769,0.00120100941014454,0,1288,8896,,
Autonomic progenitor,Myotome,5.88156643820658,-0.312947325541568,-16.3460069263411,0.00511781554947867,0,3416,2201,,
Macrophage,Trunk neural crest,5.30640327308332,-0.313023406958651,-12.1735454313263,0.00706964688669543,0,966,6809,,
Hindgut,Trigeminal placode,5.40442719294604,-0.313092187960502,-17.8298223187109,0.00404563620117226,0,3029,6546,,
Dorsal root ganglion progenitor,Foregut,5.36698030894867,-0.313452148083831,-11.7286523301005,0.0102195506097797,0,921,2432,,
Forelimb field,Hindbrain (r1),6.10850756538765,-0.314280846430926,-42.651000300275,0.00196352781763127,0,25891,16440,,
Diencephalon,Hepatoblast,5.45166394702848,-0.314371692051219,-12.77466589245,0.0191146575296407,0,14353,1255,,
Hindbrain (r2-r4),Surface ectoderm,5.83831216934184,-0.314448264804773,-20.0473197838933,0.0128914111316116,0,26863,2649,,
Cranial motor neuron,Megakaryocyte,5.32294676132571,-0.314468374841315,-7.38356844294581,0.00259286165028616,0,3730,482,,
Endothelial progenitor,Midbrain,6.15592205514006,-0.315136184044392,-17.7908420573528,0.000951709349234809,0,1988,21466,,
Hypothalamus,Otic placode,5.53561305305153,-0.315344779388105,-16.398061211323,0.00385023609284732,0,7652,2365,,
Diencephalon,Intermediate mesoderm,6.16573935194728,-0.315541300400767,-32.0901558037473,0.0106207251850452,0,14353,10656,,
Midbrain,Periocular mesoderm,5.56222257312566,-0.315691772035667,-17.5900791131072,0.0130967580973324,0,21466,1739,,
Hypaxial myogenic progenitor,Telencephalon,6.12611862896672,-0.315748854685507,-28.1004587019418,0.00166506776291614,0,5322,34300,,
Hindbrain (r2-r4),Notochord,5.7948597363764,-0.316022944959357,-13.6258472726233,0.0180600051828348,0,26863,956,,
Arterial endothelial cell,Hypothalamic neuron,5.64535355506023,-0.316034052854278,-9.03994096772167,0.0010181700232886,0,645,1528,,
Diencephalon,Forelimb field,6.00631184789567,-0.316127814181489,-40.5275834331527,0.00361035444588365,0,14353,25891,,
Amniotic ectoderm,Midbrain,5.79340920944377,-0.316283818547033,-18.7100519675177,0.00213374376981777,0,2288,21466,,
Hindlimb field,Midgut,5.44982765189579,-0.316546588367591,-14.6245595663235,0.029370671791468,0,6150,1667,,
Endocardial cell,Intermediate mesoderm,5.89899969387142,-0.316618384117836,-15.1595185511471,0.00623717111067068,0,1558,10656,,
Endocardial cell,Presomitic mesoderm,5.86341317703681,-0.31724266195616,-16.4363339392311,0.00488370184835361,0,1558,8521,,
Hepatoblast,Midbrain,5.50895269483229,-0.317438397325604,-12.7070670855889,0.0267469524847856,0,1255,21466,,
Cranial neural crest,Second heart field,5.96551438610587,-0.317942870103019,-28.5450128789064,0.000898838047314386,0,9523,6952,,
Eye field,Pharyngeal mesoderm,5.81323956692081,-0.318209383528061,-26.9347511489972,0.0147225966634992,0,8896,7691,,
Macrophage,Vagal neural crest,5.3100364465405,-0.318414766981405,-10.824098840962,0.00513637342466731,0,966,4937,,
Epibranchial placode,Hindbrain (isthmic organizer),5.63891419336226,-0.319057192746487,-17.7104493989773,0.014903174959078,0,3606,3921,,
Hepatoblast,Somatic motor neuron,5.51054457312757,-0.319132614735203,-11.181838022199,0.02832551237888,0,1255,6559,,
Juxtacardiac field,Spinal cord (lumbar),5.79738316963979,-0.319198013638417,-14.1263866803468,0.000922878765049559,0,1386,12722,,
Cranial neural crest,Epicardium,5.80176269531172,-0.319209960157341,-13.3827367869906,0.000701671540587929,0,9523,1288,,
Dorsal root ganglion neuron,Foregut,5.34040312037948,-0.319304503372189,-12.9707133956442,0.0030647425249006,0,1179,2432,,
Cranial motor neuron,Hemogenic endothelium,5.29610967089586,-0.319478586285734,-4.6308725582739,0.0228655134418507,0.03,3730,141,,
Hypothalamic neuron,Second heart field,5.71877028421697,-0.319486976691752,-17.1609163655275,0.000807584013351445,0,1528,6952,,
Cranial neural crest,Hypaxial myogenic progenitor,6.11521657556098,-0.319617507333843,-24.6386510703641,0.000891914054228703,0,9523,5322,,
Dermomyotome,Epidermal progenitor,6.28255228362717,-0.319625714192694,-55.7939411073965,0.000191927910723408,0,47263,24337,,
Sclerotome,Trigeminal ganglion neuron,6.05900292726641,-0.319726143575665,-16.8154026896927,0.00764844186098301,0,74334,1765,,
Foregut,Olfactory placode,5.34902452524543,-0.31990129982408,-18.1332070194121,0.00227798490842264,0,2432,5872,,
Axial progenitor,Pharyngeal endoderm,5.68342071110153,-0.319915613668026,-20.11456686346,0.00655301155672626,0,3170,5045,,
Cranial motor neuron,Surface ectoderm,5.5005192436122,-0.320020807590545,-14.0166793790213,0.00504766803882867,0,3730,2649,,
Epidermal progenitor,Hypaxial myogenic progenitor,5.97135380275694,-0.320244549282115,-30.5029611610405,0.00148959455020601,0,24337,5322,,
Dermomyotome,Midbrain neuron,6.37984754730408,-0.320459075924509,-26.0259002571404,0.00021978356934896,0,47263,4463,,
Dermomyotome,Olfactory placode,6.12974332617621,-0.320635982520231,-32.3552551569868,0.00382047100701775,0,47263,5872,,
Roof plate,Second heart field,6.01541521785119,-0.320696513282368,-25.6767141764757,0.00303975590204957,0,6035,6952,,
Arterial endothelial cell,Hindbrain (isthmic organizer),5.77743938901009,-0.32073033880347,-9.54935719182952,0.00230631962792612,0,645,3921,,
Notochord,Telencephalon,5.67538358929804,-0.320930124279533,-13.1926520379173,0.0101240460435412,0,956,34300,,
Hypothalamic neuron,Pharyngeal arch mesenchyme,5.93477081121976,-0.321280904341806,-15.785714115031,0.00741865584104901,0,1528,39085,,
Notochord,Spinal cord (cervical),5.86389729896482,-0.3215481714558,-13.0563029846069,0.01129530889898,0,956,41051,,
Endothelial progenitor,Telencephalon,6.17168703080777,-0.321648899347059,-18.8519666945253,0.000995294048689129,0,1988,34300,,
Autonomic progenitor,Foregut,5.40333086295169,-0.321731615122032,-15.10299146453,0.0031253210957555,0,3416,2432,,
Epibranchial placode,Spinal cord interneuron,6.00650802709744,-0.32178438676081,-19.258972803812,0.00113186767926697,0,3606,12470,,
Epicardium,Spinal cord (sacral),5.78319834425545,-0.322294582148879,-13.8894900808534,0.00719602574212051,0,1288,5351,,
Spinal cord (thoracic),Surface ectoderm,5.83453851417201,-0.322689538321315,-19.9602327100338,0.000151660055113705,0,35061,2649,,
First heart field,Nascent somite,5.8445725545229,-0.322931079568508,-15.5913829669281,0.00115059099831129,0,1531,6475,,
Eye field,Head paraxial mesoderm,5.91705194333638,-0.323123371024655,-36.47404339364,0.00507008903825448,0,8896,32981,,
Dermomyotome,Otic placode,5.99413275487403,-0.323242710657944,-20.0380506682087,0.000553592837763926,0,47263,2365,,
Arterial endothelial cell,Spinal cord (thoracic),6.00625377842479,-0.323490820109,-10.6868054830279,0.00377707051681915,0,645,35061,,
Periocular mesoderm,Spinal cord (thoracic),5.69410746544355,-0.323571940667708,-17.3782350842079,0.00493094011565039,0,1739,35061,,
Hindbrain (isthmic organizer),Juxtacardiac field,5.64036801213041,-0.323592212167742,-14.5365693946408,0.00334776389148768,0,3921,1386,,
Hindbrain (r1),Sclerotome,6.41586488711402,-0.323921235591442,-50.1709702492149,0.00184552268859513,0,16440,74334,,
Amniotic ectoderm,Spinal cord (lumbar),5.84828644492324,-0.323966687044254,-17.8893464432494,0.00696886803265287,0,2288,12722,,
Diencephalon,Juxtacardiac field,5.66689812855601,-0.324112754647147,-16.5773020559239,0.00719771262076316,0,14353,1386,,
Epidermal progenitor,Hindbrain (r5-r8),6.18443293043597,-0.324330940506083,-45.6330230961069,0.000664782750233075,0,24337,28972,,
Arterial endothelial cell,Diencephalon,5.80508162408499,-0.324478529446307,-11.5022296686827,0.00021262778472773,0,645,14353,,
Hepatoblast,Hindbrain (isthmic organizer),5.41251615634229,-0.324482048589871,-11.8078176104181,0.0162292508313566,0,1255,3921,,
Floor plate,Juxtacardiac field,5.71356275714844,-0.324526047718881,-13.8720677539849,0.00642588173043497,0,16788,1386,,
Cranial motor neuron,Epibranchial sensory neuron,5.49142605498936,-0.324688397655257,-11.3495558755077,0.00378069451467547,0,3730,1270,,
Cranial neural crest,Juxtacardiac field,5.74567165657717,-0.324698013176053,-14.2167829354099,0.000903154180712472,0,9523,1386,,
Arterial endothelial cell,Midbrain neuron,5.83961016265788,-0.324752448291058,-9.71310501825332,0.000122679848896124,0,645,4463,,
Hypothalamic neuron,Olfactory placode,5.64340535906825,-0.324901873961159,-14.5515198652094,0.00337593487304211,0,1528,5872,,
Epibranchial sensory neuron,Spinal cord interneuron,5.96515504732111,-0.324902420519687,-12.0728327125852,0.0117803355843217,0,1270,12470,,
Notochord,Trunk neural crest,5.54871433774416,-0.324923702631413,-12.1732660821515,0.0106371767131079,0,956,6809,,
Dermomyotome,Lens placode,6.04831531099151,-0.325083621918356,-21.0712727759794,0.00961809880028069,0,47263,2811,,
Nascent somite,Pharyngeal endoderm,5.73381853524131,-0.325251611282142,-22.6347936761462,0.00915346371385813,0,6475,5045,,
Endothelial progenitor,Foregut,5.62183844365339,-0.325313059087677,-14.7648329838411,0.0021470558448755,0,1988,2432,,
Arterial endothelial cell,Telencephalon,5.88952952093918,-0.325497305500354,-10.768009082214,0.000387700165770343,0,645,34300,,
Autonomic progenitor,Primordial germ cell,4.65956257632732,-0.325514102394944,-2.455501193598,0.000691596092177543,0.07,2122,25,,
Roof plate,Sclerotome,6.44368178610645,-0.326160437939776,-33.0950749272597,0.000272563664010414,0,6035,74334,,
Cranial motor neuron,Epibranchial placode,5.52322566706493,-0.326163122953612,-16.0726776030865,0.00592599108954314,0,3730,3606,,
Dermomyotome,Surface ectoderm,5.94382583573511,-0.326401255983811,-20.5841214575712,0.00293947139563039,0,47263,2649,,
Frontonasal mesenchyme,Macrophage,5.30668174014201,-0.326636725056915,-14.3058639994349,0.00206414869076844,0,24672,966,,
Pharyngeal mesoderm,Presomitic mesoderm,5.95512800324402,-0.327094145099639,-29.7807685212348,0.00456854530959598,0,7691,8521,,
Epidermal progenitor,Hindbrain (r1),6.05819166200035,-0.327240286460923,-42.9249347343238,0.00641812098000418,0,24337,16440,,
Extraembryonic mesoderm,Myotome,5.74441317479133,-0.327435368919457,-19.727018875175,0.00370173214392776,0,5300,2201,,
Hypothalamus,Trigeminal sensory neuron,5.65337694222994,-0.32773098770889,-21.4356499901548,0.0024440496746256,0,7652,3198,,
Arterial endothelial cell,Midbrain,5.86190711339928,-0.327733554611066,-12.8732893356196,0.000157905346231918,0,645,21466,,
Endocardial cell,Eye field,5.70430514626439,-0.327733599265721,-17.8579206711416,0.00101085793137614,0,1558,8896,,
Primordial germ cell,Trigeminal sensory neuron,4.59495436124318,-0.327838278144795,-2.3301124234535,0.0112266826736435,0.09,25,2096,,
Cranial motor neuron,Trigeminal ganglion neuron,5.62789481516897,-0.327844868088653,-13.839130925272,0.00187153124203144,0,3730,1765,,
Dermomyotome,Frontonasal mesenchyme,6.31369436448142,-0.328358525001793,-55.9138977807697,0.000636287962846721,0,47263,24672,,
Macrophage,Myotome,5.33425593011935,-0.328493270332647,-11.0028156187922,6.07299074095629e-05,0,966,2201,,
Hypothalamic neuron,Sacral neural crest,5.70459430028993,-0.328549740369542,-12.2988072634908,0.00451758090896218,0,1528,2156,,
Pharyngeal endoderm,Sacral neural crest,5.50242624071178,-0.32855567933565,-18.4592836596988,0.00819765837419398,0,5045,2156,,
Hypothalamus,Megakaryocyte,5.29311191088608,-0.328949351765342,-8.60241188112319,0.0087540876992275,0,7652,482,,
Allantois,Sclerotome,5.46859068503896,-0.329095255857057,-3.59985008013941,0.00327507541588951,0,78,74334,,
Hypaxial myogenic progenitor,Megakaryocyte,5.45117616779307,-0.329164160719196,-9.79786648213236,0.00203811180221663,0,5322,482,,
Midgut,Myotome,5.5118691341373,-0.329170472226159,-14.6448997240767,0.00136665370820509,0,1667,2201,,
Eye field,First heart field,5.70483496757498,-0.329252490300016,-16.4612086696142,0.00020222516856365,0,8896,1531,,
Pharyngeal endoderm,Trigeminal placode,5.53432756408064,-0.329427724196124,-23.315500198403,0.0115025462344393,0,5045,6546,,
Juxtacardiac field,Roof plate,5.79161748163468,-0.329518164666299,-14.6230487903007,0.00221367141172652,0,1386,6035,,
Cranial neural crest,Head paraxial mesoderm,6.04475360614594,-0.329547456326959,-40.1310784837878,0.000325813964908412,0,9523,32981,,
Head paraxial mesoderm,Midbrain neuron,5.99839636167755,-0.329733917779393,-30.256422324335,0.0024084263437048,0,32981,4463,,
Myotome,Surface ectoderm,5.63263359492259,-0.329752990359927,-14.4975939815001,0.00463217016030388,0,2201,2649,,
Frontonasal mesenchyme,Myotome,6.00012979205697,-0.330240549576179,-20.2158954765744,0.000718709337035559,0,24672,2201,,
Myotome,Otic sensory neuron,5.5784133451632,-0.33054435171002,-10.7597007980211,0.00899600078272232,0,2201,974,,
Axial progenitor,Extraembryonic mesoderm,5.75932866758246,-0.330575851195582,-21.1692808759212,0.0010861246496085,0,3170,5300,,
Eye field,Macrophage,5.27047237378632,-0.331544404809932,-13.9469462784436,0.0202981928239755,0,8896,966,,
Hypothalamic neuron,Trigeminal sensory neuron,5.63037179330772,-0.331590818680605,-13.6257257317259,0.00425910987514987,0,1528,3198,,
Axial progenitor,Hepatoblast,5.45989039715403,-0.331712805909759,-11.4615532914628,0.0216537184026062,0,3170,1255,,
First heart field,Primordial germ cell,4.58682195990827,-0.331778263581629,-3.61782660880048,0.0024701703035775,0.02,1056,25,,
Notochord,Vagal neural crest,5.55127934275098,-0.331970030434642,-12.6199901011199,0.0281774978333874,0,956,4937,,
Allantois,Myotome,5.18738916036349,-0.331970739704851,-3.93805121583547,0.00607975341764678,0,78,2201,,
Hypothalamus,Olfactory placode,5.65251133199234,-0.332301622096562,-24.6515766658439,0.000189421393699835,0,7652,5872,,
Extraembryonic mesoderm,Hypothalamic neuron,5.56465249476008,-0.332455150528993,-17.7472897658808,0.00121336678004466,0,5300,1528,,
Extraembryonic mesoderm,Nascent somite,5.81069419869645,-0.332461999780094,-26.3207216027765,0.00190111305230468,0,5300,6475,,
Diencephalon,Hindgut,5.49997478481151,-0.332524052410904,-21.9002567667141,0.00368722572336315,0,14353,3029,,
Epicardium,Intermediate mesoderm,5.83889845826828,-0.332567025776134,-14.7511968808149,0.00187589743528386,0,1288,10656,,
Allantois,Spinal cord (lumbar),5.29984671210548,-0.33279222478397,-3.76960172827145,0.0041560588865469,0.01,78,12722,,
Myotome,Telencephalon,6.10873818814926,-0.333264087081238,-19.6065786139346,0.00124206596597883,0,2201,34300,,
Dermomyotome,Periocular mesoderm,5.80009140041998,-0.333293734056378,-16.2533915799243,0.00149591204747224,0,47263,1739,,
Forelimb field,Hepatoblast,5.4031939876477,-0.333435954891846,-14.6250434554255,0.00139538266281278,0,25891,1255,,
Cranial motor neuron,Olfactory sensory neuron,5.455973144927,-0.333775884032045,-7.20421733070346,0.0104896174774179,0,3730,389,,
Cranial motor neuron,Dorsal root ganglion progenitor,5.6770850239379,-0.333973013741666,-11.0881689481621,0.000169541367974281,0,3730,921,,
Dorsal root ganglion neuron,Hypothalamic neuron,5.62420950780826,-0.334005200925801,-11.9390788991553,0.00385939554908892,0,1179,1528,,
Hypaxial myogenic progenitor,Trigeminal placode,5.90578997433165,-0.334207571200101,-24.8903269462899,0.00147150025271858,0,5322,6546,,
Cranial neural crest,Endothelial cell,6.2767767707028,-0.334392846253883,-28.958888031363,0.00282396100827669,0,9523,9605,,
Forelimb field,Pharyngeal endoderm,5.61747706218712,-0.334415491635856,-29.9759028727908,0.0024793188586489,0,25891,5045,,
Eye field,Hematopoietic progenitor,5.13739466319911,-0.334648805389616,-4.11517502094062,0.00244085062040175,0,8896,87,,
Diencephalon,Endothelial progenitor,6.07828935899205,-0.334654882071022,-18.9174356973739,0.00253156054725083,0,14353,1988,,
Hepatoblast,Spinal cord (sacral),5.49532205402947,-0.334720437595048,-11.9310521068061,0.0307373480118157,0,1255,5351,,
Hindbrain (isthmic organizer),Surface ectoderm,5.59073733057063,-0.334875586641781,-15.730853612951,0.00769908859813482,0,3921,2649,,
Head paraxial mesoderm,Hindbrain (isthmic organizer),5.93347392801257,-0.334902281324296,-28.8880560043816,0.00262763923220741,0,32981,3921,,
Hypothalamus,Vagal neural crest,5.8364819601907,-0.335565475543591,-22.0007688032599,0.00248644851919855,0,7652,4937,,
Hindbrain (r5-r8),Somatic mesoderm,6.51139973986053,-0.335730385020578,-64.8786847398867,0.00997819306825304,0,28972,66151,,
Forelimb field,Hindbrain (isthmic organizer),5.9591891470346,-0.335750065348899,-25.8094435159703,0.0022430707478511,0,25891,3921,,
Hypothalamic neuron,Otic placode,5.49798483638562,-0.335980056985817,-12.2203745819348,0.00764177535267706,0,1528,2365,,
Myotome,Otic placode,5.67328063123464,-0.335992444119628,-13.4790889507091,0.000667363610901127,0,2201,2365,,
Amniotic ectoderm,Myotome,5.71447004698639,-0.336073272898883,-14.735993259667,0.00139741039525119,0,2288,2201,,
Hypothalamus,Sacral neural crest,5.71386409836971,-0.336137976355202,-16.9496336254733,0.0061212513714933,0,7652,2156,,
Olfactory sensory neuron,Sclerotome,5.87672095093773,-0.336782610758798,-8.84844212648205,0.00306311577223309,0,389,74334,,
Hindbrain (r1),Surface ectoderm,5.71866597726756,-0.337163486350328,-20.4691562702635,0.00226373790794991,0,16440,2649,,
Diencephalon,Head paraxial mesoderm,5.9580484223623,-0.337211918606501,-48.0507406577774,0.000477912171533215,0,14353,32981,,
Endocardial cell,Spinal cord (lumbar),5.87551482631419,-0.33740739484606,-16.9812957789317,0.00463553834691093,0,1558,12722,,
Pharyngeal endoderm,Spinal cord (sacral),5.70661384548121,-0.337779400280434,-23.8902117737842,0.0106193497372348,0,5045,5351,,
Hindgut,Hypaxial myogenic progenitor,5.50136505757385,-0.337840932036018,-21.6371649321916,0.00330243278628904,0,3029,5322,,
Autonomic progenitor,Hypothalamic neuron,5.68224786589673,-0.337876444988626,-15.2576645985332,0.000752844585779896,0,3416,1528,,
Extraembryonic mesoderm,Hypothalamus,5.57667075651173,-0.3378873316226,-27.4261757075535,0.000687734982406024,0,5300,7652,,
Endothelial cell,Spinal cord (thoracic),6.39800783066086,-0.33788806204719,-38.0732594231226,0.00402084628151352,0,9605,35061,,
Eye field,Second heart field,5.8141133982693,-0.338001113196178,-28.6200419979717,0.00124818781075778,0,8896,6952,,
Cranial neural crest,Hematopoietic progenitor,5.27169131702161,-0.338142151691016,-3.96402619875439,0.00216661953455682,0,9523,87,,
Juxtacardiac field,Midbrain neuron,5.68696853831627,-0.338468141509951,-13.832434946239,0.00485065194417964,0,1386,4463,,
Forelimb field,Hindgut,5.46576319676418,-0.33848651073326,-24.1618112198487,0.00357473019028238,0,25891,3029,,
Autonomic neuron,Hypothalamic neuron,5.12419872333505,-0.338674920652939,-4.43351750100026,0.000142947251829131,0.03,142,1528,,
Axial progenitor,Hematopoietic progenitor,5.21800198507386,-0.339264132801181,-3.82649844335947,0.0116666895048947,0.01,3170,87,,
Extraembryonic mesoderm,Presomitic mesoderm,5.82010897346139,-0.339620872204694,-26.9139482503451,0.00160229158773439,0,5300,8521,,
Pharyngeal mesoderm,Spinal cord (sacral),5.90913515179118,-0.339762751240267,-25.9202058748338,0.00199814010414126,0,7691,5351,,
Floor plate,Trigeminal ganglion neuron,5.80014061251071,-0.339868920462101,-16.3987367909471,0.00160106601762699,0,16788,1765,,
Juxtacardiac field,Midbrain,5.71216393347257,-0.339927617210839,-16.4192290285825,0.00304787671919873,0,1386,21466,,
First heart field,Hindbrain (isthmic organizer),5.72299435837044,-0.339967759873561,-15.814488980988,0.00157690108013443,0,1531,3921,,
Second heart field,Spinal cord (lumbar),5.99155039214244,-0.34016781854564,-29.9625268876193,0.00148219114749798,0,6952,12722,,
Autonomic progenitor,Hepatoblast,5.26354905764428,-0.34038379042286,-12.657589389668,0.000423403546596979,0,3416,1255,,
Foregut,Sacral neural crest,5.39869115164113,-0.340655808513567,-17.0866933347843,0.0129958720093523,0,2432,2156,,
Endocardial cell,Hindbrain (isthmic organizer),5.71800952823829,-0.34138123351475,-15.7488528995832,0.000628769587103748,0,1558,3921,,
Hindlimb field,Pharyngeal endoderm,5.56963671345133,-0.341448253898711,-28.7149187551756,0.0147669738646414,0,6150,5045,,
Hypothalamic neuron,Otic sensory neuron,5.39325117561436,-0.341631849292234,-10.9223139356828,0.00846143854404434,0,1528,974,,
Foregut,Hindlimb field,5.47386350603708,-0.341885020508617,-17.2767259973815,0.019288397759991,0,2432,6150,,
Endothelial cell,Roof plate,6.32081617413988,-0.341922405285037,-29.0765158529952,0.00379426357137543,0,9605,6035,,
Diencephalon,Epidermal progenitor,5.9434384830587,-0.342014528141176,-45.2922044299627,0.00314554315308273,0,14353,24337,,
Hypothalamus,Intermediate mesoderm,5.98862587613627,-0.34207208513791,-29.316201057358,0.00567921226868035,0,7652,10656,,
First heart field,Spinal cord (sacral),5.80918185710625,-0.342384885214006,-16.4111811484035,0.00213673779480537,0,1531,5351,,
Epicardium,Spinal cord (lumbar),5.82482973931872,-0.34264381885658,-14.6527043879716,0.00585879276000856,0,1288,12722,,
Endothelial progenitor,Megakaryocyte,5.49083647242592,-0.342676884922235,-9.08987041082483,0.00264407636146793,0,1988,482,,
Intermediate mesoderm,Periocular mesoderm,5.60151172455208,-0.342816079227714,-15.6561484973889,0.00798748438434795,0,10656,1739,,
Cranial motor neuron,Extraembryonic mesoderm,5.58803261572663,-0.343188966914204,-22.9918094361267,0.00884764219787447,0,3730,5300,,
Amniotic ectoderm,Hindbrain (r1),5.80039021105774,-0.343198814157067,-21.2645593766105,0.00164886066900184,0,2288,16440,,
Megakaryocyte,Vagal neural crest,5.39676286860537,-0.343337455553551,-8.9661765506818,0.0031580605288753,0,482,4937,,
Megakaryocyte,Trunk neural crest,5.39329656386732,-0.343649610480266,-8.46386681496694,0.00315078375018479,0,482,6809,,
Cranial motor neuron,Intermediate mesoderm,6.0019905703974,-0.343716066150406,-20.8982242853157,0.0184149742834697,0,3730,10656,,
Midbrain neuron,Periocular mesoderm,5.50965159016062,-0.344117820754848,-15.4376083146549,0.0101941525185431,0,4463,1739,,
Autonomic neuron,Hepatoblast,4.70220409038604,-0.344164027865296,-5.0172594803524,0.0170791483759362,0.05,142,1255,,
Frontonasal mesenchyme,Hindgut,5.4646631912996,-0.344663603995957,-23.9311626111451,0.0017136184906344,0,24672,3029,,
Extraembryonic mesoderm,Intermediate mesoderm,5.8495271831283,-0.345100651331465,-28.2376298674399,0.00682442072615342,0,5300,10656,,
Extraembryonic mesoderm,Eye field,5.6642440155255,-0.345157945974706,-24.8324021155904,0.000451091177532973,0,5300,8896,,
Midbrain neuron,Second heart field,5.89370839698353,-0.345559905506149,-25.3639104170348,0.000751210970816592,0,4463,6952,,
Hindgut,Vagal neural crest,5.46053530827377,-0.345610743933146,-19.6430232041225,0.00347100924836574,0,3029,4937,,
Hindbrain (r2-r4),Somatic mesoderm,6.47641368843037,-0.345698629590964,-65.847527274413,0.00564162410267481,0,26863,66151,,
Myotome,Trigeminal sensory neuron,5.78966869618154,-0.345753514661639,-16.2016449373434,0.000868846673811571,0,2201,3198,,
Cranial motor neuron,Frontonasal mesenchyme,5.84544881325005,-0.34625559144484,-26.1237488449486,0.00366164370420574,0,3730,24672,,
Foregut,Trigeminal ganglion neuron,5.28017973903338,-0.34637311152542,-15.4843902966257,0.00169685079126874,0,2432,1765,,
Head paraxial mesoderm,Roof plate,6.07857509096468,-0.346509229934497,-33.6548044560789,0.00160379198208788,0,32981,6035,,
Endothelial progenitor,Midgut,5.54909179531872,-0.346604873889358,-15.9625675276081,0.00136511856849316,0,1988,1667,,
Juxtacardiac field,Telencephalon,5.72958683642562,-0.346940439498497,-16.5563003194394,0.00132661570591807,0,1386,34300,,
Epicardium,Telencephalon,5.77890424386215,-0.347119504533966,-16.1826421110652,0.00132604910210705,0,1288,34300,,
Forelimb field,Megakaryocyte,5.39979255464674,-0.347352322185626,-9.80752736985188,0.00503331793654798,0,25891,482,,
Allantois,Hindbrain (r5-r8),5.39730987491034,-0.347705509509091,-3.68011428046352,0.00228864423575953,0,78,28972,,
Hematopoietic progenitor,Hindbrain (isthmic organizer),5.15832439676906,-0.347718272014792,-4.24464114407873,0.00310843925923205,0,87,3921,,
Endothelial progenitor,Floor plate,6.11384186418332,-0.347723848050492,-16.8133774433178,0.000679585500481085,0,1988,16788,,
Somatic motor neuron,Trigeminal ganglion neuron,5.80876254451363,-0.347916812962342,-14.6767632161856,0.00191065761244372,0,6559,1765,,
Forelimb field,Midbrain,6.03552304249507,-0.348368731055998,-55.0436077027733,0.00544302722432912,0,25891,21466,,
Head paraxial mesoderm,Spinal cord (thoracic),6.14921381710298,-0.348479356357843,-58.8720942573662,0.00224008550485499,0,32981,35061,,
Dermomyotome,Endocardial cell,6.05314037825802,-0.348607416972735,-18.6700890107084,0.00397276166569293,0,47263,1558,,
Midbrain,Sclerotome,6.35212330223785,-0.348947413568247,-57.2827388924405,0.00088467740760186,0,21466,74334,,
Epidermal progenitor,Midbrain,5.99796464181769,-0.349272518463523,-50.3023122716847,0.00273039738909979,0,24337,21466,,
Allantois,Cranial motor neuron,5.02139865355098,-0.349490920711496,-3.36703588731878,0.00669581924082727,0.02,78,3730,,
Hypothalamus,Trunk neural crest,5.81391614424414,-0.349733501173965,-27.6197565034996,0.00499731772835936,0,7652,6809,,
Somatic mesoderm,Telencephalon,6.35817339514275,-0.350068639348675,-70.2471962794982,0.00537625962732162,0,66151,34300,,
Pharyngeal endoderm,Presomitic mesoderm,5.7265166687625,-0.350357055352844,-29.3213238684498,0.00658819290102777,0,5045,8521,,
Dermomyotome,Telencephalon,6.4012932880848,-0.35069881736986,-63.9020415151171,0.000208017444398054,0,47263,34300,,
Otic sensory neuron,Sclerotome,5.83931326863979,-0.35093101463893,-14.9003128738644,0.00132067562446506,0,974,74334,,
Dermomyotome,Eye field,6.26116203983756,-0.350968335373999,-39.9736445106716,0.00231355452159716,0,47263,8896,,
Hemogenic endothelium,Spinal cord interneuron,5.7372633797475,-0.351204997501435,-4.97755333008887,0.00169684682374802,0,141,12470,,
Hindbrain (isthmic organizer),Macrophage,5.27879567498313,-0.351246891022732,-12.0747248212855,0.00929245920300834,0,3921,966,,
Lens placode,Myotome,5.71180339633791,-0.351356063362619,-15.1670133442493,0.0080203607756634,0,2811,2201,,
Cranial neural crest,Endocardial cell,5.80991501188596,-0.351621387454418,-17.3577248283485,0.00370962105133444,0,9523,1558,,
Diencephalon,Pharyngeal endoderm,5.62903756313664,-0.352230918465094,-28.9021889746981,0.00955330306419977,0,14353,5045,,
Hindgut,Trunk neural crest,5.44374935485486,-0.352728609921485,-21.5131937448073,0.0171970348863845,0,3029,6809,,
Diencephalon,First heart field,5.73766806901949,-0.352736203356091,-18.2257940990395,5.98739379922502e-05,0,14353,1531,,
Axial progenitor,Macrophage,5.32932139656401,-0.353028562895961,-11.2030213531812,0.0101326312932103,0,3170,966,,
Epicardium,Midbrain neuron,5.72027024201904,-0.35319966600287,-15.4790548396191,0.000115408504495884,0,1288,4463,,
Myotome,Trigeminal ganglion neuron,5.74125735797957,-0.353495570155641,-14.2132189954501,0.010330099671416,0,2201,1765,,
Dermomyotome,Diencephalon,6.3136676414791,-0.354117046784511,-48.1868475796389,0.00238332396574175,0,47263,14353,,
Hypaxial myogenic progenitor,Midgut,5.48653856607355,-0.354237902477232,-16.9813564125729,0.00155061894995234,0,5322,1667,,
Arterial endothelial cell,Hindbrain (r1),5.87503774145885,-0.354247160299389,-11.7108876103449,0.000931839535782872,0,645,16440,,
Foregut,Forelimb field,5.5030722078203,-0.354264738452538,-22.6120888407826,0.0105509894120093,0,2432,25891,,
Midgut,Presomitic mesoderm,5.57323954735542,-0.35427695038471,-16.9458138068424,0.00591596968468225,0,1667,8521,,
Hypothalamic neuron,Vagal neural crest,5.80078137774391,-0.354751562456379,-15.6891606536622,0.00200799870001975,0,1528,4937,,
Arterial endothelial cell,Hindbrain (r2-r4),5.97044645577463,-0.354814360302745,-12.127305461007,0.000744335612548208,0,645,26863,,
Epidermal progenitor,Hindbrain (isthmic organizer),5.90366000891539,-0.354896151018609,-26.3465214063551,0.00683773440645623,0,24337,3921,,
Eye field,Megakaryocyte,5.36319218337912,-0.355103278817077,-9.57435881811579,0.0155263164011034,0,8896,482,,
First heart field,Pharyngeal arch mesenchyme,5.80928758252497,-0.355505127479442,-16.4008467142976,0.00470984374635075,0,1531,39085,,
Diencephalon,Endocardial cell,5.73157128362419,-0.355668324292156,-19.0621681025201,0.000255520781918167,0,14353,1558,,
Endothelial progenitor,Hypothalamic neuron,5.88558872564814,-0.356662758754585,-13.4025887638174,0.000262325730783527,0,1988,1528,,
Arterial endothelial cell,Cranial motor neuron,5.6386349503124,-0.356853125026328,-9.16700972573161,0.000579177197935648,0,645,3730,,
Frontonasal mesenchyme,Somatic motor neuron,6.03354837806516,-0.357447169171099,-33.841196285487,0.00654919669634812,0,24672,6559,,
Notochord,Trigeminal placode,5.43698300354315,-0.357454180757103,-13.7779251808513,0.00498389407125461,0,956,6546,,
Cranial motor neuron,Pharyngeal mesoderm,5.69369664079142,-0.357526607580496,-25.7678810766288,0.00976036925771109,0,3730,7691,,
Diencephalon,Sclerotome,6.28127068017329,-0.357777932539799,-49.7746710711322,0.00186986900763856,0,14353,74334,,
Hemogenic endothelium,Somatic motor neuron,5.45039910164602,-0.358021519489856,-5.20644376339629,0.0155767285533437,0.02,141,6559,,
Otic placode,Sclerotome,5.93220087499598,-0.358298977866297,-23.0445359402864,0.00181319410283726,0,2365,74334,,
Endothelial cell,Macrophage,5.47904897024274,-0.358384762136819,-14.4542363883849,0.00334990150627077,0,9605,966,,
Hindlimb field,Notochord,5.48257159512246,-0.358891002246926,-13.4413791952385,0.00701292357202329,0,6150,956,,
Hindgut,Midbrain,5.53471931705446,-0.359212230354753,-22.9633629776716,0.000764958815661513,0,3029,21466,,
Amniotic ectoderm,Hindbrain (r2-r4),5.88308390803048,-0.359403384106117,-21.3881995389531,0.00537505796984455,0,2288,26863,,
Hepatoblast,Midbrain neuron,5.43916630036334,-0.35941213696634,-13.579728679894,0.0236518926912855,0,1255,4463,,
Cranial neural crest,Extraembryonic mesoderm,5.78273120699173,-0.359724342270393,-28.7133218651117,0.00747427917888356,0,9523,5300,,
Epidermal progenitor,Spinal cord interneuron,6.26909402018062,-0.359800381554491,-39.2172914604416,0.00103047357654909,0,24337,12470,,
Midgut,Nascent somite,5.55270315416029,-0.359913885409444,-19.1538221882655,0.00654341897881459,0,1667,6475,,
Midgut,Trigeminal placode,5.35693627923737,-0.359949653797827,-17.5615064892835,0.0105554308559506,0,1667,6546,,
Extraembryonic mesoderm,Spinal cord (sacral),5.76742788843405,-0.36002083993186,-24.9240251229422,0.000536058226671275,0,5300,5351,,
Hypothalamus,Pharyngeal arch mesenchyme,5.91388891761663,-0.360089544143689,-36.5489519137125,0.00108758771538896,0,7652,39085,,
Dermomyotome,Otic sensory neuron,5.8599938319523,-0.360289244289027,-14.5536228631321,0.0142551072289676,0,47263,974,,
Eye field,Sclerotome,6.22611555808917,-0.360393198227045,-46.2901463911383,0.00100338659765179,0,8896,74334,,
Hindgut,Splanchnic mesoderm,5.66017858446527,-0.360501740512043,-23.8644325686471,0.0017791215848219,0,3029,21642,,
Dermomyotome,Trigeminal placode,6.19004589035389,-0.360603445359895,-36.0591399101899,0.00270283129722555,0,47263,6546,,
Diencephalon,Hematopoietic progenitor,5.18024753775388,-0.360763107838314,-4.0820666810237,0.00416803124885805,0,14353,87,,
Epidermal progenitor,Hypothalamic neuron,5.75547615445822,-0.361009058811005,-18.2845912737802,0.000965129695756408,0,24337,1528,,
Diencephalon,Second heart field,5.84474192193607,-0.361330203296118,-32.3238553875715,0.000734443611959453,0,14353,6952,,
Floor plate,Sacral neural crest,5.88882915908354,-0.361467139485081,-18.7267398705139,0.0021984971158803,0,16788,2156,,
Midgut,Trunk neural crest,5.43207927962856,-0.361780800788191,-17.3227785685864,0.010351418422661,0,1667,6809,,
Pharyngeal mesoderm,Primordial germ cell,4.63189329120096,-0.361881886696972,-3.86469832685353,0.0568136254670905,0.11,5575,25,,
Hindbrain (r2-r4),Juxtacardiac field,5.82721198311594,-0.361928250071593,-18.9365652618278,0.00272758936895398,0,26863,1386,,
Epicardium,Midbrain,5.74045084490375,-0.362471016999131,-16.9548493243493,0.000830279882634901,0,1288,21466,,
Hindbrain (r2-r4),Periocular mesoderm,5.65194362926785,-0.362472227654747,-20.2480217833499,0.0173471635366589,0,26863,1739,,
Arterial endothelial cell,Hindbrain (r5-r8),5.98667437861756,-0.362564030692388,-11.7136814377371,0.00130182307014567,0,645,28972,,
Frontonasal mesenchyme,Megakaryocyte,5.38772300562962,-0.362575974844974,-10.4999409654574,0.00117277147904301,0,24672,482,,
Hepatoblast,Presomitic mesoderm,5.49727445359384,-0.362918196934897,-13.8429403494825,0.0106974390241725,0,1255,8521,,
Head paraxial mesoderm,Telencephalon,6.01705653604382,-0.362936150446199,-68.3769735365472,0.00484630349800055,0,32981,34300,,
Hindbrain (isthmic organizer),Pharyngeal endoderm,5.59143582395791,-0.363325399293099,-24.8273063470219,0.00629478006658029,0,3921,5045,,
Foregut,Somatic motor neuron,5.5883036297407,-0.364027247552722,-19.5220750742249,0.0197775002890255,0,2432,6559,,
First heart field,Intermediate mesoderm,5.8555390222026,-0.36403809171672,-15.9015150583211,0.00148267646954817,0,1531,10656,,
Endothelial cell,Pharyngeal endoderm,5.79907839279915,-0.364075359198525,-31.3744440268948,0.00425065155933225,0,9605,5045,,
Epicardium,Hindbrain (isthmic organizer),5.65029816483152,-0.364132901203666,-16.2527351462495,0.00168997305907644,0,1288,3921,,
Head paraxial mesoderm,Midbrain,5.99291898854017,-0.364259327593288,-58.3923004738362,0.00192757434569359,0,32981,21466,,
Dorsal root ganglion neuron,Primordial germ cell,4.56446043715068,-0.364350616029472,-3.04845270392452,0.000806930307646866,0.02,660,25,,
Allantois,Spinal cord (thoracic),5.3501598395355,-0.364581153245649,-3.63969496084895,0.00545705851927967,0,78,35061,,
Myotome,Olfactory placode,5.77425877453125,-0.364621029452515,-19.285457113225,0.0035146947166295,0,2201,5872,,
Periocular mesoderm,Telencephalon,5.53779054862087,-0.364623196465086,-19.3371333389448,0.0231472315511543,0,1739,34300,,
Epicardium,Sclerotome,5.96716800716752,-0.364707361318237,-17.8075988228277,0.00581801777630778,0,1288,74334,,
Frontonasal mesenchyme,Pharyngeal endoderm,5.59084652087462,-0.364903741804204,-33.4908030172671,0.0088088888520152,0,24672,5045,,
First heart field,Presomitic mesoderm,5.81929127913407,-0.364909718779678,-18.4597007075468,0.00147998139649465,0,1531,8521,,
Hindbrain (isthmic organizer),Second heart field,5.81486323026317,-0.364976958122598,-26.931629995268,0.00241455174754123,0,3921,6952,,
Pharyngeal endoderm,Sclerotome,5.90547572120525,-0.365130025806758,-33.429807788394,4.30016538659182e-05,0,5045,74334,,
Midbrain neuron,Sclerotome,6.308431591863,-0.365174304457217,-31.5356704582447,0.000694582099744562,0,4463,74334,,
Cranial motor neuron,Roof plate,5.979451631973,-0.365281897318917,-21.4034647729622,0.00382233502101729,0,3730,6035,,
First heart field,Floor plate,5.77480046594304,-0.365461732914811,-16.8347306893992,0.00216727161901357,0,1531,16788,,
Hematopoietic progenitor,Intermediate mesoderm,5.30055035463134,-0.365576935327176,-4.32041274717445,0.0120598761584331,0.01,87,10656,,
Epibranchial placode,Sclerotome,5.90837178569729,-0.365802542926734,-26.8532364587446,0.00132340590352306,0,3606,74334,,
Endocardial cell,Telencephalon,5.80627667505442,-0.365873921376902,-18.663684344904,0.00225318363526025,0,1558,34300,,
Pharyngeal mesoderm,Spinal cord (lumbar),5.94678458599085,-0.366344420020481,-35.0115642990165,0.00189174695562833,0,7691,12722,,
Hindbrain (r1),Juxtacardiac field,5.72352532181096,-0.366644682287126,-17.7824336218297,0.00296720007598572,0,16440,1386,,
Hypothalamus,Lens placode,5.53912658550313,-0.367124655448516,-20.0488487412244,0.00359409903400234,0,7652,2811,,
Autonomic neuron,Periocular mesoderm,4.73221408367227,-0.367169125951758,-6.09804011689042,0.00773200856650028,0.04,142,1739,,
Autonomic neuron,Hypothalamus,5.11376739614476,-0.367397980966793,-5.02806440630135,0.0014684405710627,0.02,142,7652,,
Juxtacardiac field,Spinal cord (thoracic),5.82566796261484,-0.367793083178364,-16.4405538853449,0.00743191403533517,0,1386,35061,,
Axial progenitor,Midgut,5.49210514664483,-0.367950848411725,-17.84378831279,0.0118749602221908,0,3170,1667,,
Forelimb field,Spinal cord interneuron,6.29707309500467,-0.368249380726604,-44.3897598107971,0.00293588512523356,0,25891,12470,,
Diencephalon,Epicardium,5.67569900951623,-0.36828107836945,-16.5095766889147,0.00134075825909807,0,14353,1288,,
Hindgut,Intermediate mesoderm,5.59450759049159,-0.368573505387456,-25.4590815987779,0.00407883293067576,0,3029,10656,,
Cranial motor neuron,Sacral neural crest,5.69592335011654,-0.368649456789451,-15.247780523414,0.00109036155418535,0,3730,2156,,
Pharyngeal endoderm,Vagal neural crest,5.58404809592382,-0.368825135078587,-25.2142454169244,0.00397979529969159,0,5045,4937,,
Second heart field,Telencephalon,5.92130882380608,-0.368921299037486,-38.1172912705831,0.0013495934643226,0,6952,34300,,
Midgut,Somatic motor neuron,5.5311947303806,-0.369066529120581,-16.8316830916527,0.0220474052881714,0,1667,6559,,
Macrophage,Presomitic mesoderm,5.38175395136073,-0.369645307549643,-13.6863099620379,0.00758851764432303,0,966,8521,,
Pharyngeal mesoderm,Roof plate,5.94745894013323,-0.369647329493478,-28.327749022119,0.00670705580346112,0,7691,6035,,
Sclerotome,Trigeminal sensory neuron,6.04946920028186,-0.369870737246646,-26.8341163013602,0.000595632362453807,0,74334,3198,,
Hypothalamic neuron,Trunk neural crest,5.77486888615389,-0.370057103397856,-15.2589847755127,0.00531573150027751,0,1528,6809,,
Diencephalon,Pharyngeal mesoderm,5.81672675672667,-0.370164214385375,-36.4718182945246,0.00601250344855165,0,14353,7691,,
Periocular mesoderm,Spinal cord (cervical),5.71605184298097,-0.37020591190687,-17.7371227723647,0.00514336382501487,0,1739,41051,,
Endocardial cell,Midbrain neuron,5.74930878838411,-0.370605685109708,-17.9504366681245,0.000466447820689551,0,1558,4463,,
Hindgut,Spinal cord (lumbar),5.58878963570913,-0.370607473706517,-24.1770926850702,0.0070282741973033,0,3029,12722,,
Pharyngeal endoderm,Spinal cord (lumbar),5.73722339609378,-0.370955691758262,-28.9192247762548,0.0069988774246293,0,5045,12722,,
Hindbrain (isthmic organizer),Megakaryocyte,5.37233452125548,-0.371041102822675,-10.7166195416643,0.0106290650314671,0,3921,482,,
Cranial neural crest,First heart field,5.79811066203916,-0.371206785050064,-17.5526325451592,0.00292101424916361,0,9523,1531,,
Hindgut,Telencephalon,5.54759257304659,-0.371371940240098,-27.3416543615504,0.000471229504262965,0,3029,34300,,
Foregut,Nascent somite,5.59394958594265,-0.371401798693869,-21.2989728135973,0.00823921839070709,0,2432,6475,,
Foregut,Hindbrain (isthmic organizer),5.48656707522221,-0.371408555070143,-19.6914557302433,0.0162151519277654,0,2432,3921,,
Juxtacardiac field,Somatic motor neuron,5.68292981354741,-0.371570706858946,-15.5317650501075,0.00447959336987442,0,1386,6559,,
Head paraxial mesoderm,Hindbrain (r1),6.02385232311711,-0.371602333272609,-53.8758627549979,0.000886458505492711,0,32981,16440,,
Spinal cord (cervical),Surface ectoderm,5.85221375077126,-0.372231859012994,-21.8298814593772,0.00242773994676739,0,41051,2649,,
Arterial endothelial cell,Spinal cord (cervical),6.02451888898578,-0.372266944348941,-11.8006655547693,0.00250004268080018,0,645,41051,,
Diencephalon,Midgut,5.46189161023156,-0.372452036269525,-16.8724379891795,0.0182262750522381,0,14353,1667,,
Megakaryocyte,Myotome,5.4091785922046,-0.372494299634346,-9.85657987054602,0.000373388308869392,0,482,2201,,
Floor plate,Intermediate mesoderm,6.15937470408485,-0.372565110324213,-35.3115975830921,0.00563077886793272,0,16788,10656,,
Notochord,Splanchnic mesoderm,5.7299448010201,-0.372663735038419,-14.4616163048737,0.00726758701359922,0,956,21642,,
Axial progenitor,Foregut,5.53823286679377,-0.372814652351868,-18.0391875282483,0.0180306516366044,0,3170,2432,,
Forelimb field,Hypothalamus,5.79916097695328,-0.37281596147704,-35.712206106943,0.00231860184745563,0,25891,7652,,
Hindbrain (r1),Periocular mesoderm,5.5461043506662,-0.373000279750139,-19.7658148782223,0.0154568416551583,0,16440,1739,,
Floor plate,Frontonasal mesenchyme,6.00298041794863,-0.373252045347402,-46.8165981484441,0.00355077913583541,0,16788,24672,,
Hypothalamic neuron,Primordial germ cell,4.64423414851487,-0.373281731460764,-3.18147032530006,0.0811462647974397,0.36,1041,25,,
Midbrain,Second heart field,5.89336669991323,-0.373326206261869,-35.4140564246025,0.000115578629202234,0,21466,6952,,
Cranial neural crest,Sclerotome,6.3445684887976,-0.373374889924485,-44.5992779478525,8.6517978536876e-05,0,9523,74334,,
Head paraxial mesoderm,Hindbrain (r2-r4),6.12028756599781,-0.373406404716866,-65.8957567443878,0.00171577437129582,0,32981,26863,,
Cranial neural crest,Notochord,5.61612215357607,-0.373792180940949,-14.8514859896238,0.0204381383005744,0,9523,956,,
Extraembryonic mesoderm,Telencephalon,5.77500077462854,-0.373861430098757,-37.0248839578013,0.0030488683457151,0,5300,34300,,
Epidermal progenitor,Myotome,5.91863376346196,-0.373910538766515,-22.1200188206439,0.000799944256580244,0,24337,2201,,
Hepatoblast,Trigeminal placode,5.27252122140006,-0.374174377947174,-16.3269738284438,0.00623262083675392,0,1255,6546,,
Hepatoblast,Nascent somite,5.46862000652295,-0.37423261660331,-14.6133151647983,0.0233238732083299,0,1255,6475,,
Floor plate,Surface ectoderm,5.6294795126537,-0.374301069903459,-20.3842291198101,0.00141566055160781,0,16788,2649,,
First heart field,Midbrain,5.77996640171695,-0.374377057558747,-19.1590774923373,0.00114323591038487,0,1531,21466,,
Epibranchial sensory neuron,Sclerotome,5.8606248874437,-0.37440334502006,-16.9894648977106,0.00494839888208238,0,1270,74334,,
Endocardial cell,Midbrain,5.771774413431,-0.375439293702724,-19.7120039470157,0.000157885345883044,0,1558,21466,,
Cranial neural crest,Pharyngeal mesoderm,5.88852748357718,-0.375448658762148,-34.129588060575,0.00507360093844973,0,9523,7691,,
Myotome,Roof plate,6.11069100343954,-0.375713907267888,-17.9371266545578,0.00490631387817364,0,2201,6035,,
First heart field,Telencephalon,5.7990361748839,-0.376639495420422,-20.3567268010622,0.00251333544176727,0,1531,34300,,
Pharyngeal mesoderm,Telencephalon,5.89437275837395,-0.376820131590503,-38.901326153442,0.0104111055533832,0,7691,34300,,
Allantois,Somatic motor neuron,5.20685027445749,-0.376858195925878,-3.68173443846942,0.003575532654255,0,78,6559,,
Midbrain neuron,Pharyngeal mesoderm,5.84173324491986,-0.37730142726759,-28.6389714997736,0.00911377414520182,0,4463,7691,,
Lens placode,Sclerotome,5.96751949015183,-0.377307788607037,-28.8924043344089,0.00388475819026384,0,2811,74334,,
First heart field,Somatic motor neuron,5.77836087680688,-0.377727882684067,-16.8916095435587,0.00676661937497008,0,1531,6559,,
Foregut,Trigeminal placode,5.3906758444754,-0.379265034628388,-18.9645074645765,0.00699649683593948,0,2432,6546,,
Cranial motor neuron,Forelimb field,5.80686829793474,-0.379405924744261,-30.2103725679094,0.010470621576417,0,3730,25891,,
Endocardial cell,Floor plate,5.75809843067081,-0.380310055552579,-17.6913541050332,0.00346379354722502,0,1558,16788,,
Hindbrain (isthmic organizer),Pharyngeal mesoderm,5.7803213738973,-0.3803682585041,-28.9202192715956,0.00250227536707766,0,3921,7691,,
Hepatoblast,Spinal cord (lumbar),5.51214970928658,-0.380396585609685,-15.3702767487287,0.0253707593163639,0,1255,12722,,
Sclerotome,Surface ectoderm,5.86294325178096,-0.380525880910312,-24.9395409775202,0.00309633684325619,0,74334,2649,,
Periocular mesoderm,Roof plate,5.56481265479403,-0.380557677444951,-17.6025227311538,5.84984370638154e-06,0,1739,6035,,
Hematopoietic progenitor,Roof plate,5.27711546656287,-0.380625175041544,-4.1873234603306,0.00482699765737824,0,87,6035,,
Midbrain,Pharyngeal endoderm,5.66116370662411,-0.380818352212676,-31.0719894578558,0.0051801847260464,0,21466,5045,,
First heart field,Spinal cord (lumbar),5.83517540100673,-0.380883817435555,-17.7844680005453,0.00474889886247525,0,1531,12722,,
Hepatoblast,Telencephalon,5.47007475793912,-0.380918478673659,-17.3545357238185,0.00869988477025136,0,1255,34300,,
Hypothalamic neuron,Trigeminal placode,5.68372478789685,-0.381237532924716,-17.2566059667673,0.00490232360802436,0,1528,6546,,
Forelimb field,Hypothalamic neuron,5.77333281326471,-0.381668768605598,-19.8974413000324,0.000955116364516556,0,25891,1528,,
Allantois,Spinal cord interneuron,5.47404227146807,-0.381750742010896,-4.08480813794956,0.000502837385387473,0.01,78,12470,,
Cranial motor neuron,Second heart field,5.6898155968091,-0.38175211952485,-25.7499315880275,1.10571058938438e-05,0,3730,6952,,
Foregut,Presomitic mesoderm,5.59889982031846,-0.382058233885665,-21.0989277707588,0.0118949847711131,0,2432,8521,,
Cranial motor neuron,Vagal neural crest,5.80591879910406,-0.382076726057563,-18.9921355812143,0.000838256886362864,0,3730,4937,,
Cranial motor neuron,Dorsal root ganglion neuron,5.6104822567229,-0.382085482007376,-12.7748119686357,0.00981726755321979,0,3730,1179,,
Endothelial cell,Hindgut,5.63414181859934,-0.382400764363351,-25.0444596684881,0.000443340447219303,0,9605,3029,,
Somatic mesoderm,Spinal cord interneuron,6.58481484342408,-0.382447194365645,-52.6037859015305,0.00799029823909215,0,66151,12470,,
Extraembryonic mesoderm,Roof plate,5.81260972271092,-0.382645152391452,-29.0409659680921,0.00572921181553883,0,5300,6035,,
Cranial motor neuron,Cranial neural crest,5.91342224543546,-0.382657159435789,-23.5905025740624,0.00290673624863465,0,3730,9523,,
Hypothalamic neuron,Intermediate mesoderm,5.92938217084888,-0.383052631665669,-16.0679767294758,0.0014585585456669,0,1528,10656,,
Midbrain neuron,Somatic mesoderm,6.27424458129934,-0.383266369858504,-33.9238598576127,0.010797746536111,0,4463,66151,,
Frontonasal mesenchyme,Hepatoblast,5.3580379430168,-0.38333969070854,-17.5882466369781,0.00376976320658922,0,24672,1255,,
Head paraxial mesoderm,Primordial germ cell,4.75721375582504,-0.383636495680733,-3.50292815748265,0.0635172895205725,0.2,26789,25,,
Epidermal progenitor,Hypothalamus,5.75098353756614,-0.383861754474986,-38.8316315473045,0.000149636490365073,0,24337,7652,,
Arterial endothelial cell,Somatic motor neuron,5.8069278040856,-0.384284651109335,-12.309198032271,0.00136731017513588,0,645,6559,,
First heart field,Midbrain neuron,5.73940065943021,-0.384537396486635,-18.1484171065525,0.000553206483737709,0,1531,4463,,
Macrophage,Spinal cord (sacral),5.33306165992907,-0.384946214770272,-15.0152482983853,0.0191811393330974,0,966,5351,,
Pharyngeal arch mesenchyme,Sclerotome,6.32773277537505,-0.385066071845748,-79.2936097495508,0.00100462458083658,0,39085,74334,,
Hindbrain (r5-r8),Surface ectoderm,5.79366996011797,-0.385141018518261,-22.6990119824022,0.00210767410188934,0,28972,2649,,
Notochord,Spinal cord interneuron,5.8688717047006,-0.385188965074174,-14.0452229504696,0.0189416320534162,0,956,12470,,
Cranial motor neuron,Primordial germ cell,4.65257232104068,-0.385408354771617,-2.51259104032568,0.0756313312199784,0.28,2668,25,,
Epicardium,Somatic motor neuron,5.72321805753121,-0.385593983369798,-16.7702739664297,0.00592249655308435,0,1288,6559,,
Second heart field,Spinal cord (thoracic),6.02190472087031,-0.385737709521043,-36.8038115632573,0.000337077974213579,0,6952,35061,,
Allantois,Spinal cord (cervical),5.39104366596143,-0.3858271747129,-3.63304688884582,0.00399099036033082,0,78,41051,,
First heart field,Sclerotome,5.99085407464248,-0.386010209894306,-19.5653382326907,0.000449133193197374,0,1531,74334,,
Hepatoblast,Trunk neural crest,5.3448366820629,-0.386024814131389,-15.1997853553054,0.00678076536023855,0,1255,6809,,
Frontonasal mesenchyme,Sclerotome,6.22847604052153,-0.386474548042387,-68.9861710310198,0.00160438085065768,0,24672,74334,,
Dermomyotome,Epicardium,5.97132639995552,-0.386702065704836,-19.0513868594744,0.00240496138540436,0,47263,1288,,
Hypothalamic neuron,Lens placode,5.50128126695533,-0.38671142983429,-16.1293014408864,0.00472131506968297,0,1528,2811,,
Frontonasal mesenchyme,Midgut,5.42227529059785,-0.387224333974416,-21.6856156776144,0.00263143058329902,0,24672,1667,,
Intermediate mesoderm,Pharyngeal endoderm,5.7220950373066,-0.387239995910952,-31.8459583644443,0.00570734555076294,0,10656,5045,,
Hypothalamus,Trigeminal placode,5.69544087593069,-0.38739743080781,-27.2612211853259,0.0016335710732469,0,7652,6546,,
Endothelial cell,Somatic motor neuron,6.21115950882081,-0.387585117027753,-34.4392475743511,0.00782342182483757,0,9605,6559,,
Endothelial cell,Midgut,5.62955851650136,-0.387844919832692,-21.1253764922974,0.00484507990915727,0,9605,1667,,
Pharyngeal endoderm,Trunk neural crest,5.55475049409727,-0.388581286838207,-27.8050705641404,0.00787344119382519,0,5045,6809,,
Midgut,Vagal neural crest,5.41901776698073,-0.388943602594236,-17.8331156636039,0.00512627757611244,0,1667,4937,,
Primordial germ cell,Trunk neural crest,4.7168112736058,-0.38916463909704,-2.60536133534048,0.00982927349426049,0.02,25,4056,,
Endothelial cell,Megakaryocyte,5.5668551284994,-0.389474205165487,-10.4639686277232,0.004254167446597,0,9605,482,,
Hindlimb field,Hypothalamus,5.74034987125499,-0.389843834477333,-30.2605605953368,0.0081494642445594,0,6150,7652,,
Epicardium,Hindbrain (r2-r4),5.84891230913996,-0.389950214271761,-17.9976070035747,0.00058580165440072,0,1288,26863,,
Spinal cord (cervical),Splanchnic mesoderm,6.41654547121237,-0.390279142014232,-62.3254281367987,0.00885112198161924,0,41051,21642,,
Macrophage,Splanchnic mesoderm,5.45442226008552,-0.390383404041895,-14.4611025281474,0.00538050713906142,0,966,21642,,
Endocardial cell,Somatic motor neuron,5.76026032002611,-0.390481953555286,-15.9114377526689,0.00667674568078126,0,1558,6559,,
Sclerotome,Telencephalon,6.33414714133924,-0.390511260780231,-76.8631338180195,7.3310482186781e-05,0,74334,34300,,
Macrophage,Nascent somite,5.34526168785235,-0.390760761041376,-13.3800024692759,0.0109726118473982,0,966,6475,,
Hematopoietic progenitor,Midbrain,5.19894146396669,-0.391171043699428,-4.75861400607003,0.00164337156967322,0,87,21466,,
Diencephalon,Foregut,5.49592218446533,-0.391261397580073,-23.6895573229783,0.0237026090103894,0,14353,2432,,
Hepatoblast,Vagal neural crest,5.34369705082204,-0.391934111184023,-15.0228576063333,0.00706418231115806,0,1255,4937,,
Epibranchial placode,Somatic motor neuron,5.65935443739966,-0.392274023548446,-22.1512359232376,0.00429965400674067,0,3606,6559,,
Hindbrain (r1),Hindgut,5.54076140778924,-0.392302292330792,-24.034289761703,0.00557171846464686,0,16440,3029,,
Endocardial cell,Roof plate,5.82296027996488,-0.39231202705973,-16.3493913976561,0.00325709520075692,0,1558,6035,,
First heart field,Hindbrain (r1),5.79679733993107,-0.392369573935616,-21.0132867197153,0.00129941916323383,0,1531,16440,,
Hindgut,Midbrain neuron,5.47457679834616,-0.392377162783328,-21.9583470181256,0.0040790592275812,0,3029,4463,,
Cranial neural crest,Floor plate,6.08678266131162,-0.392413243948785,-35.64881755513,0.000371175093899841,0,9523,16788,,
Hindbrain (isthmic organizer),Midgut,5.41629905447572,-0.39246582730861,-17.0723562009458,0.00651189256372608,0,3921,1667,,
Cranial neural crest,Periocular mesoderm,5.49997908462041,-0.392839876594606,-18.5382627064423,0.00543280863315575,0,9523,1739,,
Cranial neural crest,Myotome,6.04009165385525,-0.393179052540575,-20.1466887461006,0.000697405220349052,0,9523,2201,,
Midbrain,Pharyngeal mesoderm,5.8557934296646,-0.393392122668118,-42.1176848972053,0.00783338496274908,0,21466,7691,,
Floor plate,Olfactory sensory neuron,5.58146661166999,-0.393808519523966,-8.70929592261435,0.00124419977267252,0,16788,389,,
Head paraxial mesoderm,Hindbrain (r5-r8),6.12514716188441,-0.393813693140796,-64.2608842858853,0.000991055683299749,0,32981,28972,,
Olfactory sensory neuron,Somatic motor neuron,5.59967122789208,-0.393991841466254,-8.84306726340817,0.00340693927360427,0,389,6559,,
Floor plate,Roof plate,6.13567130282791,-0.394289599642484,-29.8233474039263,0.000646731659493308,0,16788,6035,,
Hematopoietic progenitor,Nascent somite,5.21218123038694,-0.39452568750308,-4.94930531610585,0.0226575081721447,0,87,6475,,
Hindbrain (r1),Somatic mesoderm,6.32928809645128,-0.394545350196043,-59.6498068686714,0.00166154428932643,0,16440,66151,,
Midgut,Spinal cord (sacral),5.50256274214786,-0.394659736997739,-19.0059367524754,0.0207841853949449,0,1667,5351,,
Amniotic ectoderm,Spinal cord (thoracic),5.85246693174721,-0.395024798371408,-22.3261722895533,0.00874632486738763,0,2288,35061,,
Foregut,Spinal cord (sacral),5.55244959954035,-0.395310124209618,-20.5481238897381,0.0179503258251269,0,2432,5351,,
Olfactory placode,Sclerotome,6.02917656608616,-0.395493932514908,-37.840902276162,0.000144107719814203,0,5872,74334,,
Cranial motor neuron,Olfactory placode,5.60368771817332,-0.395619259493797,-22.9122942729821,0.00578419523437181,0,3730,5872,,
Axial progenitor,Megakaryocyte,5.39973599619229,-0.396152195041551,-10.1581571073657,0.00226588554511618,0,3170,482,,
Hindlimb field,Somatic motor neuron,5.9508291783756,-0.396546815155807,-27.2434131259242,0.0125870846482366,0,6150,6559,,
Midbrain neuron,Pharyngeal endoderm,5.61740040732636,-0.396969082372074,-25.888441744443,0.00508470807431471,0,4463,5045,,
Floor plate,Macrophage,5.30921329381448,-0.396976045389813,-13.8309329133872,0.0117826297867855,0,16788,966,,
Diencephalon,Extraembryonic mesoderm,5.66903280116947,-0.39701976882467,-32.5029813449328,0.00108842430535131,0,14353,5300,,
Cranial motor neuron,Trunk neural crest,5.78000225630982,-0.397147877839631,-22.2333320720949,0.000633355972557068,0,3730,6809,,
Foregut,Midbrain,5.55243923739575,-0.397201973942122,-23.9276825001376,0.00835258755399767,0,2432,21466,,
Head paraxial mesoderm,Spinal cord (cervical),6.16781867335914,-0.397217861019218,-70.514010957378,0.000699160107558106,0,32981,41051,,
Hematopoietic progenitor,Telencephalon,5.21667764529,-0.397788325851255,-4.68436972055563,0.00281470257434054,0,87,34300,,
Foregut,Intermediate mesoderm,5.61863406886538,-0.398090167321912,-22.996433726409,0.00602786698404944,0,2432,10656,,
Hematopoietic progenitor,Presomitic mesoderm,5.22829239826732,-0.398773188927638,-4.62543759536967,0.0114452234812549,0,87,8521,,
Macrophage,Midbrain,5.32142213636844,-0.398835523265745,-16.8878123027976,0.0144051297525572,0,966,21466,,
Endothelial cell,Foregut,5.66984277113926,-0.398846699130285,-26.1211926646844,0.00130391649525013,0,9605,2432,,
Autonomic progenitor,Cranial motor neuron,5.65416542127415,-0.398918264716251,-21.0123792141305,0.0064811793604142,0,3416,3730,,
Diencephalon,Macrophage,5.25969650663356,-0.399014370089778,-14.9981006903878,0.00455645792597106,0,14353,966,,
Epicardium,Spinal cord (thoracic),5.84311676090945,-0.399901275027323,-16.8063820141212,0.00356005515465162,0,1288,35061,,
Endocardial cell,Spinal cord (thoracic),5.88801248822557,-0.400153973073145,-18.9788651048897,0.000784415785688562,0,1558,35061,,
Pharyngeal arch mesenchyme,Somatic motor neuron,6.08986173242971,-0.400326503245742,-39.2596494353785,0.000607098909505132,0,39085,6559,,
Intermediate mesoderm,Notochord,5.64260564469753,-0.40046891367747,-14.5470436013352,0.0115963656096275,0,10656,956,,
Cranial motor neuron,Trigeminal sensory neuron,5.59575451651965,-0.400578411236987,-19.7379314101941,0.0029639871808682,0,3730,3198,,
Hepatoblast,Sclerotome,5.65494997711378,-0.400613654710273,-19.7606751784281,0.00940410013131931,0,1255,74334,,
Hematopoietic progenitor,Spinal cord (sacral),5.2037965815581,-0.400810491294243,-4.38651505353183,0.0181526102928485,0,87,5351,,
Foregut,Sclerotome,5.77455603077785,-0.400917534936507,-25.3718718126429,0.00807031282969665,0,2432,74334,,
Hindlimb field,Hypothalamic neuron,5.71046731031878,-0.401087758951023,-17.7583545065935,0.00237799044579179,0,6150,1528,,
Pharyngeal endoderm,Spinal cord (thoracic),5.78280835874927,-0.401193494471739,-34.7666889037376,0.00257206943338296,0,5045,35061,,
Hematopoietic progenitor,Sclerotome,5.42200353945694,-0.401549472689114,-4.81083588156745,0.00430862260670016,0,87,74334,,
Hypaxial myogenic progenitor,Primordial germ cell,4.79600631288258,-0.4016345361092,-3.71802159568868,0.0226423297317023,0.07,3340,25,,
Somatic motor neuron,Surface ectoderm,5.61857413314632,-0.401803454329903,-19.8449538501217,5.75146420587724e-05,0,6559,2649,,
Diencephalon,Megakaryocyte,5.37071643381715,-0.401932507845007,-10.7889844241425,0.0108321901614602,0,14353,482,,
Endocardial cell,Hindbrain (r1),5.78488372935141,-0.402260161929017,-20.1794854548376,0.00129994227175625,0,1558,16440,,
Extraembryonic mesoderm,Hindbrain (isthmic organizer),5.63334885149481,-0.402550625231543,-29.3999462757414,0.00169801401273946,0,5300,3921,,
Floor plate,Forelimb field,5.96912565728967,-0.403142696273441,-51.5678830699834,0.00112438975229106,0,16788,25891,,
Epicardium,Hindbrain (r1),5.74021631918033,-0.403143942505059,-19.2868331675396,0.00110074567420307,0,1288,16440,,
Hematopoietic progenitor,Hindbrain (r1),5.22687611918622,-0.403179641975178,-5.15987058242444,0.00304541837205416,0,87,16440,,
Hindbrain (r5-r8),Periocular mesoderm,5.63673154032069,-0.404156975286009,-20.8431908994711,0.0217627499616122,0,28972,1739,,
Cranial neural crest,Hindgut,5.50723790107849,-0.404382917138434,-27.0677947665032,0.00310880751793049,0,9523,3029,,
Hindbrain (r1),Second heart field,5.9015593160793,-0.404389919306154,-40.8502774164536,0.00140615981738423,0,16440,6952,,
Extraembryonic mesoderm,Midbrain neuron,5.69277088509329,-0.405215368695199,-30.4541360578932,0.000531755050949729,0,5300,4463,,
Megakaryocyte,Spinal cord (sacral),5.42882066917492,-0.405864539869864,-11.3732646573613,0.00133175555523528,0,482,5351,,
Epidermal progenitor,Sclerotome,6.16702584711602,-0.406298650460617,-78.9404633816795,0.0005765493751083,0,24337,74334,,
Cranial motor neuron,Otic placode,5.4634355096299,-0.40661617736721,-18.7446174318043,0.00549879371069278,0,3730,2365,,
Amniotic ectoderm,Dermomyotome,5.9529114023968,-0.40712606259453,-24.0530256775027,0.000355678057131512,0,2288,47263,,
Epicardium,Floor plate,5.68544926737843,-0.407398520174912,-16.0344036056038,0.00525091810156701,0,1288,16788,,
Floor plate,Hematopoietic progenitor,5.1837720230369,-0.407424101165396,-4.40164569922116,0.00428364569027401,0,16788,87,,
Extraembryonic mesoderm,Spinal cord (lumbar),5.78473158006535,-0.407787348391169,-32.8569463636867,0.00244357054577729,0,5300,12722,,
Intermediate mesoderm,Midgut,5.55762547437737,-0.409076793132462,-18.8585642587189,0.00577369341254376,0,10656,1667,,
Dorsal root ganglion progenitor,Floor plate,5.78347901528328,-0.40922437795178,-14.6047864343995,0.00157513120001482,0,921,16788,,
Hepatoblast,Intermediate mesoderm,5.48580157359367,-0.409933423619998,-17.2317123693194,0.00330696733158149,0,1255,10656,,
First heart field,Roof plate,5.80840293113521,-0.410132220317168,-17.8901916137165,0.00118523404923453,0,1531,6035,,
Allantois,Floor plate,5.14617430962918,-0.410302164112219,-3.89106275761414,0.00446957740562,0,78,16788,,
Hematopoietic progenitor,Midbrain neuron,5.16171130318458,-0.410348287661688,-4.93023378742603,0.00209243088027996,0,87,4463,,
Myotome,Pharyngeal arch mesenchyme,6.0188259444108,-0.410473357885497,-25.5578234259879,0.00260826743936194,0,2201,39085,,
Macrophage,Somatic mesoderm,5.5164281028324,-0.410781510154127,-17.4969082354444,0.00407425958152518,0,966,66151,,
Splanchnic mesoderm,Telencephalon,6.21047993469673,-0.411332405251212,-60.8548871345989,0.00385641394848553,0,21642,34300,,
Midbrain neuron,Midgut,5.45517415250902,-0.41168716618656,-19.3402338002838,0.0109362175483563,0,4463,1667,,
Hindbrain (r2-r4),Splanchnic mesoderm,6.32382587500079,-0.411775309597245,-59.1559473795446,0.00297483690926669,0,26863,21642,,
Endothelial cell,Spinal cord (cervical),6.39137929637641,-0.412018847536797,-43.407797692158,0.00510893339759348,0,9605,41051,,
Autonomic neuron,Cranial motor neuron,5.08517680674197,-0.41273420531004,-5.11133929298866,0.00454175082467567,0,142,3730,,
Cranial motor neuron,Hindlimb field,5.73250475403091,-0.413291636945743,-24.5110126307937,0.0185140477564846,0,3730,6150,,
Macrophage,Midbrain neuron,5.27771278533461,-0.413401070536018,-15.5004241638103,0.00554971145663352,0,966,4463,,
Cranial motor neuron,Endothelial cell,5.98581418235957,-0.413697820854544,-28.6227688074684,0.00878499718835063,0,3730,9605,,
Notochord,Roof plate,5.62486149212678,-0.414684240687572,-14.7695204249484,0.0228804407066566,0,956,6035,,
Extraembryonic mesoderm,Midbrain,5.7120511613834,-0.415800133510135,-35.8032091797689,0.000104053466930612,0,5300,21466,,
Epicardium,Hindbrain (r5-r8),5.84993077412776,-0.415812307586027,-17.3583330369459,0.00169018623464552,0,1288,28972,,
Megakaryocyte,Midbrain,5.42091273002111,-0.415908013724018,-11.056075068343,0.0028798391137122,0,482,21466,,
Notochord,Pharyngeal arch mesenchyme,5.57057053359922,-0.416181465079566,-17.0078372959586,0.0187946903543066,0,956,39085,,
Hepatoblast,Hindbrain (r1),5.44800303828467,-0.416381623527532,-16.2932914603523,0.0217779063028909,0,1255,16440,,
Megakaryocyte,Presomitic mesoderm,5.45038573110675,-0.416464454639239,-11.7102322496292,0.00151322394983456,0,482,8521,,
Dorsal root ganglion neuron,Floor plate,5.7604995195571,-0.416597229272258,-16.4500293258589,0.00163783956873961,0,1179,16788,,
Cranial neural crest,Macrophage,5.32005735863991,-0.416670598447122,-15.9990267783404,0.00122041678571954,0,9523,966,,
Pharyngeal endoderm,Splanchnic mesoderm,5.74936369907997,-0.416788543825555,-32.9117213907295,0.00238725889000477,0,5045,21642,,
Myotome,Trigeminal placode,5.82565775441568,-0.417305629627287,-20.7445515101774,0.00050997466314083,0,2201,6546,,
Macrophage,Somatic motor neuron,5.30561011007691,-0.418009701130196,-14.2758783848225,0.00291323438274239,0,966,6559,,
Hindbrain (r5-r8),Juxtacardiac field,5.79594377054807,-0.418091636747613,-19.0148082512523,0.00532742778734944,0,28972,1386,,
Notochord,Somatic mesoderm,5.76870851564602,-0.418213201545713,-16.9853768587558,0.00682913173196971,0,956,66151,,
Midgut,Splanchnic mesoderm,5.60327736979105,-0.418605972383817,-20.6920351156084,0.000637999100685982,0,1667,21642,,
First heart field,Hindbrain (r2-r4),5.86897240762024,-0.418882572008001,-21.1697831190693,0.000469646941423729,0,1531,26863,,
Hindbrain (isthmic organizer),Somatic mesoderm,6.17792368810969,-0.418897513450427,-33.5858894022573,0.000574519061087495,0,3921,66151,,
Second heart field,Somatic motor neuron,5.85179791910423,-0.418966576276128,-34.7660809856755,0.000538134995039694,0,6952,6559,,
Somatic motor neuron,Trigeminal sensory neuron,5.77852379188452,-0.41896784819129,-23.2256577009962,0.00270083208624223,0,6559,3198,,
Olfactory placode,Somatic motor neuron,5.78121480179127,-0.419758884291633,-29.3130039442204,6.64957499000358e-05,0,5872,6559,,
Amniotic ectoderm,Hindbrain (r5-r8),5.8488582492338,-0.420245956016564,-25.0206844448625,0.00125838646809078,0,2288,28972,,
First heart field,Spinal cord (thoracic),5.8712691108701,-0.420505068957873,-20.8332440358354,0.00127155319039547,0,1531,35061,,
Endothelial cell,Hypothalamus,5.96282327166926,-0.420583984558309,-38.2148673706481,0.000263865317281554,0,9605,7652,,
Macrophage,Pharyngeal arch mesenchyme,5.31259750680668,-0.420688524400561,-16.8684054076371,0.00272526748330112,0,966,39085,,
Pharyngeal mesoderm,Spinal cord (thoracic),5.96772516503285,-0.420820224747343,-43.2317309639933,0.000729843736993266,0,7691,35061,,
Floor plate,Pharyngeal mesoderm,5.81515577032764,-0.421152217610304,-39.3709388460115,0.00293526303891049,0,16788,7691,,
Floor plate,Vagal neural crest,5.95248563147993,-0.421401010913567,-32.0379191335947,0.000386189717428689,0,16788,4937,,
Hindgut,Spinal cord (thoracic),5.61254862628522,-0.422100934329201,-29.25743349516,0.00519344603661466,0,3029,35061,,
Somatic mesoderm,Somatic motor neuron,6.26645768529572,-0.422211881409017,-41.6041608992587,0.00540387040448348,0,66151,6559,,
Pharyngeal mesoderm,Somatic motor neuron,5.83093635764888,-0.42246590824514,-36.4646617689322,0.00522407506200465,0,7691,6559,,
Amniotic ectoderm,Floor plate,5.67281684010439,-0.422766850694553,-22.1758720795538,0.00248721302789939,0,2288,16788,,
Hindbrain (r2-r4),Hindgut,5.60957723219698,-0.422775106206409,-30.147233271271,0.00571862670612665,0,26863,3029,,
Hematopoietic progenitor,Somatic motor neuron,5.17348384207759,-0.423472708556744,-4.64819959485804,0.00776064950083521,0,87,6559,,
Amniotic ectoderm,Spinal cord (cervical),5.89012082125227,-0.423892157194196,-23.5840980092349,0.00183957399315389,0,2288,41051,,
Autonomic neuron,Floor plate,5.26581006908337,-0.423977669066443,-5.63811297654585,0.00126446249142355,0.03,142,16788,,
Epibranchial sensory neuron,Somatic motor neuron,5.58720923226367,-0.424023824521249,-15.2739108442785,0.00511197463954453,0,1270,6559,,
Midbrain,Midgut,5.47231646168267,-0.424466565125949,-21.6299172148806,0.0113769665337274,0,21466,1667,,
Foregut,Trunk neural crest,5.42210768249567,-0.424467471973571,-23.4844816321108,0.00829268018811874,0,2432,6809,,
Floor plate,Trunk neural crest,5.93835838285685,-0.424512557096285,-35.5594645489748,1.28045310457156e-05,0,16788,6809,,
Foregut,Spinal cord (lumbar),5.58855217310215,-0.424547234316018,-25.3902934476213,0.0108305304070342,0,2432,12722,,
Megakaryocyte,Pharyngeal arch mesenchyme,5.42159097479687,-0.424558956006587,-11.5811878836178,0.000260084397884351,0,482,39085,,
Endothelial cell,Hepatoblast,5.52035014259929,-0.425253391285877,-18.7815629746933,0.00120757904316229,0,9605,1255,,
Midbrain neuron,Splanchnic mesoderm,6.14549219315426,-0.426184434323261,-36.2174535526985,0.0126006405407076,0,4463,21642,,
Pharyngeal endoderm,Telencephalon,5.63993790940488,-0.42625278428329,-37.439223876681,0.0096850693979309,0,5045,34300,,
Juxtacardiac field,Spinal cord (cervical),5.83415321366965,-0.426581328289472,-19.7235108270976,0.0032258928011376,0,1386,41051,,
Hindbrain (r2-r4),Second heart field,5.97713630365888,-0.42763030673741,-42.8043596866424,0.00089477022812805,0,26863,6952,,
Eye field,Somatic mesoderm,6.14065808102,-0.42816508469077,-45.2290911390124,0.00427200582339612,0,8896,66151,,
Megakaryocyte,Splanchnic mesoderm,5.53224648230449,-0.428642743543785,-10.597013543135,0.00546851321337187,0,482,21642,,
Midgut,Telencephalon,5.48942789066852,-0.428842005704209,-22.6804953915411,0.0055382135561254,0,1667,34300,,
Macrophage,Telencephalon,5.31319302187495,-0.429722496350118,-18.0348127310686,0.00441799230013774,0,966,34300,,
Megakaryocyte,Nascent somite,5.42371752371269,-0.429866844525902,-12.161405019746,0.000888577021343279,0,482,6475,,
Arterial endothelial cell,Floor plate,5.74861249799885,-0.429937070397459,-11.5678055196298,0.00131873804373267,0,645,16788,,
Forelimb field,Primordial germ cell,4.6992455120042,-0.429997559595325,-3.31038349824347,0.00590989655512716,0,16359,25,,
Hindbrain (r1),Macrophage,5.32427837487097,-0.430272211529205,-16.4748600459012,0.00474600892483298,0,16440,966,,
Epibranchial sensory neuron,Floor plate,5.56402983297494,-0.431176271586015,-16.4616423374751,0.00895417597748776,0,1270,16788,,
Sclerotome,Trigeminal placode,6.09100322662491,-0.431219972705477,-43.1887634616514,0.00048041273617334,0,74334,6546,,
Floor plate,Second heart field,5.82403389212604,-0.431469710839929,-36.5433060591821,0.00172629375966885,0,16788,6952,,
Hindbrain (r1),Pharyngeal mesoderm,5.8557547065741,-0.43156315631248,-44.096344412219,0.00445228482724837,0,16440,7691,,
Floor plate,Hemogenic endothelium,5.36841315158053,-0.432463270687444,-6.31457790929999,0.010275623065238,0,16788,141,,
Endothelial cell,Hindbrain (r5-r8),6.3236915035095,-0.432876357750867,-49.6700564407416,0.00286355459692997,0,9605,28972,,
Hindbrain (r5-r8),Splanchnic mesoderm,6.32778823933605,-0.433259522682784,-57.7847045376471,0.00944445909386576,0,28972,21642,,
Midbrain,Somatic mesoderm,6.25164889509107,-0.433891676090306,-69.5108173217126,0.00267416236018043,0,21466,66151,,
Extraembryonic mesoderm,Hindbrain (r1),5.73166440014543,-0.433938707083657,-36.6468874164884,0.000969917830804854,0,5300,16440,,
Spinal cord interneuron,Surface ectoderm,5.86385710070703,-0.434110316547833,-23.8115151207225,0.0073528308421547,0,12470,2649,,
Hindbrain (r1),Pharyngeal endoderm,5.64724401941969,-0.434129454667755,-35.7238562069768,0.0069998376101665,0,16440,5045,,
Hepatoblast,Spinal cord (thoracic),5.52938693031194,-0.434949018878721,-17.0279788728906,0.0247265712621324,0,1255,35061,,
Foregut,Vagal neural crest,5.42419176306012,-0.434965054053732,-22.5565367391538,0.00334906843942874,0,2432,4937,,
Cranial motor neuron,Otic sensory neuron,5.33214933242347,-0.435245345698651,-14.0278710981135,0.0012074932976888,0,3730,974,,
Extraembryonic mesoderm,Somatic motor neuron,5.69498064529285,-0.435378971052147,-32.6088938382122,0.00495233116662102,0,5300,6559,,
Endocardial cell,Hindbrain (r2-r4),5.85042552775933,-0.435471479486909,-22.6785024860999,0.000461661628265753,0,1558,26863,,
Intermediate mesoderm,Macrophage,5.35181976296524,-0.43634596398974,-16.9282479138364,0.000391753629850184,0,10656,966,,
Megakaryocyte,Somatic mesoderm,5.60886799383819,-0.43649068717235,-12.4755267905981,0.00220621203265311,0,482,66151,,
Midgut,Somatic mesoderm,5.67214645117416,-0.43659997044197,-22.835107383069,0.013732296015524,0,1667,66151,,
Foregut,Frontonasal mesenchyme,5.42294210807169,-0.436781882953731,-27.449194910088,0.00372675598464177,0,2432,24672,,
Foregut,Midbrain neuron,5.48077560049586,-0.437345452026158,-23.6650791573006,0.0176146547635079,0,2432,4463,,
Foregut,Splanchnic mesoderm,5.63583015037819,-0.437377144291711,-24.2672547384827,0.000688279248550891,0,2432,21642,,
Macrophage,Spinal cord (lumbar),5.34687394071818,-0.43813080135907,-16.5465340606291,0.00855789780897478,0,966,12722,,
Megakaryocyte,Telencephalon,5.420475357101,-0.438228525090234,-12.4641399201226,0.012497620308165,0,482,34300,,
Midgut,Pharyngeal arch mesenchyme,5.4668363363161,-0.439090324523842,-24.406775812279,0.00569710988728817,0,1667,39085,,
Epicardium,Spinal cord (cervical),5.87306582723051,-0.439161256659075,-18.5150663603662,0.00128976776026794,0,1288,41051,,
Hindbrain (r1),Megakaryocyte,5.43814393933675,-0.439444703550969,-12.2984064655586,0.00569231942362208,0,16440,482,,
Hematopoietic progenitor,Hindbrain (r2-r4),5.28850311136085,-0.439824974442005,-5.35400130958161,0.00604416166514529,0,87,26863,,
Endothelial cell,Midbrain neuron,6.12714900579882,-0.439867707285284,-32.8468977804206,0.00339676597592896,0,9605,4463,,
Dermomyotome,Hematopoietic progenitor,5.3998732860953,-0.440723894064416,-5.5825518019208,0.000997451459103257,0,47263,87,,
Amniotic ectoderm,Somatic motor neuron,5.67182782783156,-0.440751859089694,-21.3763252670233,0.00109851849702049,0,2288,6559,,
Hepatoblast,Hindbrain (r2-r4),5.52055276533232,-0.440819127526632,-18.7894917810389,0.0278671369561022,0,1255,26863,,
Dermomyotome,First heart field,5.96409571358265,-0.441197857941284,-21.4477087408435,0.000153555995739201,0,47263,1531,,
Diencephalon,Somatic mesoderm,6.18202592196042,-0.441779376435413,-62.7714791771816,0.0036942726507538,0,14353,66151,,
Midgut,Sclerotome,5.68005778108889,-0.442993561055092,-22.2971877435122,0.00196119596946882,0,1667,74334,,
Hindbrain (r1),Splanchnic mesoderm,6.19517578897673,-0.443001369225142,-54.8184082140734,0.00172860449813767,0,16440,21642,,
Cranial neural crest,Pharyngeal endoderm,5.61623312717219,-0.443022654456034,-34.9471353977,0.00634203310429688,0,9523,5045,,
Endothelial cell,Hypothalamic neuron,5.92070029011724,-0.443285598554543,-22.508760396067,0.00109098906977959,0,9605,1528,,
Dermomyotome,Pharyngeal endoderm,5.85115604167663,-0.444800190734302,-36.9411204264851,0.0011909409860412,0,47263,5045,,
Megakaryocyte,Midbrain neuron,5.36172187277017,-0.444822484618794,-12.174765531652,0.00500507019968085,0,482,4463,,
Hepatoblast,Splanchnic mesoderm,5.50981732799326,-0.444942403772588,-18.7734039008446,0.003044090662729,0,1255,21642,,
Periocular mesoderm,Spinal cord interneuron,5.71351886702507,-0.445459313353665,-21.073551705493,0.00122423335756164,0,1739,12470,,
Hindgut,Sclerotome,5.67455092965863,-0.445545084196223,-31.1538383176152,0.00418137837259776,0,3029,74334,,
Megakaryocyte,Roof plate,5.4588451924708,-0.446104339787073,-11.3815554494554,0.000259689365155866,0,482,6035,,
Otic placode,Somatic motor neuron,5.62242183321007,-0.446327925591975,-23.3076611309413,0.00584106099635144,0,2365,6559,,
Cranial motor neuron,Epidermal progenitor,5.70193258483248,-0.446777214501761,-31.9131122343613,0.00183384149225512,0,3730,24337,,
Endothelial cell,Hindbrain (isthmic organizer),6.05932396280653,-0.446909617446668,-32.8234985045658,0.00145174199030259,0,9605,3921,,
Cranial motor neuron,Lens placode,5.47279183472182,-0.447296082818076,-22.8238779323693,0.00140512729997323,0,3730,2811,,
Endothelial cell,Eye field,6.02968077692522,-0.448547375950747,-42.8845198598104,0.00114760128420459,0,9605,8896,,
Cranial neural crest,Megakaryocyte,5.40491567241072,-0.448901849422047,-11.7844403262632,0.00265820174001171,0,9523,482,,
Midgut,Spinal cord (lumbar),5.51303719607871,-0.449194020758159,-20.5974814900197,0.0109148137521673,0,1667,12722,,
Eye field,Splanchnic mesoderm,6.0340813720196,-0.449803891866071,-48.7141929509126,0.00391660164253766,0,8896,21642,,
Arterial endothelial cell,Spinal cord interneuron,6.02209233797342,-0.450089872208623,-13.4470712473268,0.00216646047595739,0,645,12470,,
Hindgut,Roof plate,5.51296873594502,-0.450262279412063,-25.0558104992314,0.00597288861773716,0,3029,6035,,
Hematopoietic progenitor,Spinal cord (lumbar),5.20698137475066,-0.450470228678933,-4.97741193530568,0.0057140022032056,0,87,12722,,
Megakaryocyte,Spinal cord (lumbar),5.448909012072,-0.451266634926119,-12.9631166907304,0.00174360385896383,0,482,12722,,
Pharyngeal arch mesenchyme,Pharyngeal endoderm,5.60231605016167,-0.451980205654602,-38.0926480618652,0.00164998342565136,0,39085,5045,,
Epibranchial placode,Floor plate,5.58452962029531,-0.452269503920314,-30.1767865647508,0.0120727613707586,0,3606,16788,,
Intermediate mesoderm,Megakaryocyte,5.45020904502378,-0.452555040086078,-11.7497948896277,0.000829617878276704,0,10656,482,,
Hindbrain (r2-r4),Pharyngeal endoderm,5.7277086854044,-0.453023386050902,-39.5778968700268,0.00725381458126201,0,26863,5045,,
Endothelial cell,Hindbrain (r2-r4),6.27781515093385,-0.453098688218234,-48.2698390934198,0.000402334129445892,0,9605,26863,,
Extraembryonic mesoderm,Hindbrain (r2-r4),5.80899514614856,-0.453116143174299,-41.4679271454943,0.000243273935379597,0,5300,26863,,
Extraembryonic mesoderm,Floor plate,5.66141295628922,-0.45337355168368,-35.2123416054211,0.000891417585555876,0,5300,16788,,
Endothelial progenitor,Primordial germ cell,4.78048626519262,-0.453694364391607,-3.84131136610762,0.00550418778505877,0.01,1400,25,,
Second heart field,Spinal cord (cervical),6.02128225040285,-0.454469380021272,-44.4407705945774,0.00121415713491091,0,6952,41051,,
Foregut,Telencephalon,5.51588022423741,-0.455260633453917,-28.49686197392,0.0138304379020494,0,2432,34300,,
First heart field,Hindbrain (r5-r8),5.85709465555319,-0.455483767649933,-21.7339878124573,0.00153981421027245,0,1531,28972,,
Hindbrain (r5-r8),Hindgut,5.60079619646076,-0.45550176953946,-29.5237041744159,0.00902414495945622,0,28972,3029,,
Autonomic progenitor,Floor plate,5.78309333115128,-0.455602417099711,-33.4729510084735,0.00147457106254171,0,3416,16788,,
Hindbrain (r5-r8),Pharyngeal endoderm,5.74987484020622,-0.45586598561318,-39.57065266638,0.0108050058174686,0,28972,5045,,
Hindbrain (r2-r4),Pharyngeal mesoderm,5.92648583491206,-0.458115931730715,-49.0773303375699,0.00367350547702198,0,26863,7691,,
Amniotic ectoderm,Sclerotome,5.87543731356778,-0.458715502396322,-26.9550437375127,0.00212540388839078,0,2288,74334,,
Endothelial cell,Telencephalon,6.15814367914354,-0.459638833593018,-52.4658436377334,0.00151808975927076,0,9605,34300,,
Head paraxial mesoderm,Spinal cord interneuron,6.17863842795222,-0.460480855733633,-58.77516930737,0.00175035934938222,0,32981,12470,,
Cranial neural crest,Hepatoblast,5.38223481007724,-0.461592574203868,-18.4613260958744,0.00746808646642942,0,9523,1255,,
Hindgut,Pharyngeal arch mesenchyme,5.44472957861969,-0.461720696408227,-29.4630358428663,0.00217812714156509,0,3029,39085,,
Diencephalon,Splanchnic mesoderm,6.07536718956169,-0.462500583210395,-54.1641131512403,0.00541241776231816,0,14353,21642,,
Hindbrain (r1),Midgut,5.4729744258264,-0.462710634398876,-25.2939746812685,0.0119316080983444,0,16440,1667,,
Hepatoblast,Hindbrain (r5-r8),5.52528161899544,-0.463111159034679,-19.4586926991359,0.0231121872649185,0,1255,28972,,
Endocardial cell,Hindbrain (r5-r8),5.84774967072833,-0.463481614826645,-24.5281927494077,0.000305083229080061,0,1558,28972,,
Pharyngeal endoderm,Spinal cord (cervical),5.78793549120163,-0.463502655034259,-40.6478825909913,0.00251348878439842,0,5045,41051,,
Foregut,Spinal cord (thoracic),5.62478235358032,-0.463783501820042,-27.491885759572,0.0107527602637595,0,2432,35061,,
Endocardial cell,Spinal cord (cervical),5.89159680689612,-0.463955673675765,-21.4744535909351,0.000710484625276487,0,1558,41051,,
Cranial neural crest,Midgut,5.44960721897363,-0.464125050141317,-23.3344889026981,0.000924573154453001,0,9523,1667,,
Megakaryocyte,Somatic motor neuron,5.37757083677492,-0.464575478626685,-12.9815325125574,0.00447439300355327,0,482,6559,,
Cranial motor neuron,Pharyngeal arch mesenchyme,5.82449825876674,-0.464814204955935,-34.0466342694861,0.004659338908168,0,3730,39085,,
Diencephalon,Endothelial cell,6.06869658261218,-0.464951584627348,-44.2043625481543,0.000335589953142937,0,14353,9605,,
Floor plate,Olfactory placode,5.71889357578847,-0.465323157414142,-35.766496917189,0.00109461755734114,0,16788,5872,,
Hindbrain (r5-r8),Second heart field,5.9622333346291,-0.467476687811505,-45.0294063532652,0.00149716765616293,0,28972,6952,,
Pharyngeal endoderm,Somatic mesoderm,5.78363647317493,-0.469298520241699,-39.9202387996002,0.012821624773873,0,5045,66151,,
Endothelial cell,Hindbrain (r1),6.16430278358411,-0.469626812366896,-48.6648955120098,0.000932441399804637,0,9605,16440,,
Midbrain,Splanchnic mesoderm,6.1287102091989,-0.470224087722933,-64.7921527426767,0.00599946675379159,0,21466,21642,,
Hindbrain (r2-r4),Macrophage,5.38436975953427,-0.47058711051348,-19.1782430530787,0.00648215453064822,0,26863,966,,
Intermediate mesoderm,Primordial germ cell,4.82054820812882,-0.471080253010445,-3.73506110452529,0.00633757727474825,0.01,6985,25,,
Extraembryonic mesoderm,Spinal cord (thoracic),5.79560157229313,-0.471110836927631,-41.9441678689893,0.000546689801120292,0,5300,35061,,
Frontonasal mesenchyme,Primordial germ cell,4.6793679876364,-0.471404113448474,-3.61300881496017,1.12800114303816e-05,0.01,18369,25,,
Macrophage,Roof plate,5.31181531217972,-0.473488503133374,-16.9941461291501,0.000755924166154408,0,966,6035,,
Extraembryonic mesoderm,Sclerotome,5.87910001618739,-0.473815044813826,-41.6866129193452,6.92454395299501e-05,0,5300,74334,,
Pharyngeal mesoderm,Spinal cord (cervical),5.98167038580404,-0.473852861940589,-47.6714564963021,0.00232812297733014,0,7691,41051,,
Hindbrain (isthmic organizer),Splanchnic mesoderm,6.03645977702225,-0.474224943402047,-36.4901843544194,0.00161010763834779,0,3921,21642,,
Foregut,Hindbrain (r1),5.51199915040192,-0.474715233047445,-28.6036123445414,0.0197263477502804,0,2432,16440,,
Midgut,Spinal cord (thoracic),5.56085085542091,-0.475605307511704,-23.056503882511,0.00908932334733247,0,1667,35061,,
Floor plate,Otic placode,5.57554139030791,-0.47565021718818,-27.1182432048134,0.00614496075662563,0,16788,2365,,
First heart field,Spinal cord (cervical),5.88319132915282,-0.475887418818118,-23.5879092723126,0.00182686060095157,0,1531,41051,,
Hepatoblast,Somatic mesoderm,5.5620769717449,-0.476009472483916,-22.6724235076687,0.00525366191621638,0,1255,66151,,
Hepatoblast,Spinal cord (cervical),5.55874800302633,-0.476135902231617,-19.5561966488303,0.0195039675600931,0,1255,41051,,
Endothelial cell,Midbrain,6.11741259974739,-0.476784694713926,-47.011605283832,0.000740322606837672,0,9605,21466,,
Floor plate,Megakaryocyte,5.34728549301365,-0.477362642188875,-11.920726447676,0.00413990136248598,0,16788,482,,
Hindbrain (r2-r4),Midgut,5.55553471939907,-0.477576842298995,-24.8049397555988,0.0127129727435833,0,26863,1667,,
Lens placode,Somatic motor neuron,5.64401520106297,-0.477664888515306,-25.8665823601478,0.000358687988696418,0,2811,6559,,
Spinal cord interneuron,Splanchnic mesoderm,6.40203357722266,-0.478255083121874,-52.1417882400366,0.00732277176403594,0,12470,21642,,
Floor plate,Pharyngeal arch mesenchyme,5.99672437217495,-0.478408641640135,-66.797639610954,0.000483548486840268,0,16788,39085,,
Epidermal progenitor,Somatic motor neuron,5.87235679115118,-0.478652576591442,-44.6171773946691,0.00102980514880322,0,24337,6559,,
Floor plate,Otic sensory neuron,5.4733261790999,-0.478952475468758,-17.5786039382323,0.00383792036822331,0,16788,974,,
Amniotic ectoderm,Spinal cord interneuron,5.90845184379693,-0.481165607734596,-25.0131572620816,8.90318403160744e-05,0,2288,12470,,
Macrophage,Spinal cord (thoracic),5.37803013831128,-0.482055435333676,-16.9066040926802,0.00706475942221884,0,966,35061,,
Foregut,Somatic mesoderm,5.67355280831616,-0.486441403056033,-27.6994371722906,0.0119693502022003,0,2432,66151,,
Floor plate,Hindlimb field,5.84484999812399,-0.486507983973506,-37.426729726417,0.0147978218280552,0,16788,6150,,
Otic sensory neuron,Somatic motor neuron,5.48117742476667,-0.486995570340218,-16.0376478361493,0.00264486272713222,0,974,6559,,
Dermomyotome,Hindgut,5.66300837344819,-0.487105518060142,-37.3723521782731,0.00423941079132989,0,47263,3029,,
Juxtacardiac field,Spinal cord interneuron,5.84505525180748,-0.4878065244927,-21.866037489442,0.00110273894352434,0,1386,12470,,
Hindbrain (r5-r8),Pharyngeal mesoderm,5.92284079566837,-0.488402815895125,-48.2471915576889,0.000475140408051435,0,28972,7691,,
Foregut,Hindbrain (r2-r4),5.59663475433495,-0.488955756618626,-29.6925941767088,0.0154101616373922,0,2432,26863,,
Dermomyotome,Foregut,5.71240434943489,-0.489877450596477,-31.3901350961033,0.00251501033570957,0,47263,2432,,
Hepatoblast,Pharyngeal arch mesenchyme,5.34621176991735,-0.49030198490178,-21.1599001776566,0.00565803432457633,0,1255,39085,,
Cranial motor neuron,Trigeminal placode,5.60887262577431,-0.490412323517987,-27.3674752290119,0.00023540532986252,0,3730,6546,,
Floor plate,Trigeminal sensory neuron,5.69006738814079,-0.490448887918872,-32.6308029516695,0.0129372946545033,0,16788,3198,,
Primordial germ cell,Vagal neural crest,4.65999492600393,-0.491484578002315,-3.7928714517693,0.00123821486898277,0,25,3088,,
Hindgut,Spinal cord (cervical),5.61180629224923,-0.491998605742369,-32.4707676533529,0.0106468482811025,0,3029,41051,,
Primordial germ cell,Splanchnic mesoderm,4.8651373174785,-0.492072293313754,-3.54061310992235,0.00134550852446966,0,25,14684,,
Hindbrain (r2-r4),Megakaryocyte,5.48263531728109,-0.492868042743918,-14.4468278196584,0.00477473600810425,0,26863,482,,
Pharyngeal endoderm,Roof plate,5.61618245929801,-0.493892103747691,-34.4668010469402,0.00209038214023591,0,5045,6035,,
Endothelial cell,Floor plate,6.08847741532355,-0.494484393993465,-47.7259764882096,0.00225787987109757,0,9605,16788,,
Somatic motor neuron,Splanchnic mesoderm,6.10776989378971,-0.494549906856326,-45.1863629201248,0.00770186092003269,0,6559,21642,,
Hindbrain (r5-r8),Midgut,5.5615250555683,-0.49596076475034,-23.6492381722534,0.0260814249728621,0,28972,1667,,
Hematopoietic progenitor,Spinal cord (thoracic),5.24027483826277,-0.496479173522808,-5.84066518595669,0.0071851121326561,0,87,35061,,
Hindbrain (r5-r8),Macrophage,5.38274815048907,-0.496771179359395,-18.5655535735733,0.00757672368451132,0,28972,966,,
Dermomyotome,Hepatoblast,5.58386882885761,-0.497257023186734,-22.523482058126,0.00755825952674766,0,47263,1255,,
Hypothalamus,Splanchnic mesoderm,5.88930137971784,-0.497609655188227,-46.392820633939,0.00513777902973188,0,7652,21642,,
Hematopoietic progenitor,Hindbrain (r5-r8),5.25479395247539,-0.498601795708783,-5.40640163101595,0.0129529720145582,0,87,28972,,
Dermomyotome,Extraembryonic mesoderm,5.88136093285006,-0.499079468206022,-43.9374716500223,0.000898898230242948,0,47263,5300,,
Foregut,Pharyngeal arch mesenchyme,5.45842303259142,-0.500781063363393,-32.2534965417663,0.000282529706163866,0,2432,39085,,
Somatic motor neuron,Trigeminal placode,5.79771065621058,-0.501736342914333,-35.8478309207463,0.00383305955182396,0,6559,6546,,
Nascent somite,Primordial germ cell,4.74349418406827,-0.504900700423458,-4.18204349496391,7.27455155027165e-05,0,4252,25,,
Floor plate,Lens placode,5.59923508795625,-0.505959039606979,-29.9114672382994,0.00383169613962959,0,16788,2811,,
Extraembryonic mesoderm,Hindbrain (r5-r8),5.78258739411486,-0.506308795717582,-42.9222569696027,4.60009231880827e-05,0,5300,28972,,
Epicardium,Spinal cord interneuron,5.87442845294629,-0.51018706519727,-21.3138408772185,6.88664638926916e-05,0,1288,12470,,
Endothelial cell,Spinal cord interneuron,6.36270837296778,-0.512104840416069,-50.3748126165063,0.00264974636815023,0,9605,12470,,
Cranial motor neuron,Somatic mesoderm,5.97627844937978,-0.512666540318693,-38.6076085617642,0.00359438526589604,0,3730,66151,,
Dermomyotome,Midgut,5.63679100136703,-0.514103192406838,-27.8500610177185,0.000281209449894323,0,47263,1667,,
Midgut,Roof plate,5.44896207464419,-0.515223291985128,-24.057168897072,0.00374096050374007,0,1667,6035,,
Macrophage,Sclerotome,5.43202701780847,-0.515408874190253,-19.9754398351447,0.000997205482317127,0,966,74334,,
Extraembryonic mesoderm,Spinal cord (cervical),5.81799943832762,-0.515892039353143,-43.8734849479876,0.000550169013232506,0,5300,41051,,
Hypothalamic neuron,Splanchnic mesoderm,5.85505840317446,-0.51620012367038,-22.4218383915379,0.00128366529952608,0,1528,21642,,
Megakaryocyte,Spinal cord (thoracic),5.45824789320143,-0.519489919778294,-14.6826077613229,0.0022037848505287,0,482,35061,,
Eye field,Primordial germ cell,4.62140481881558,-0.519720596138563,-3.98415354187856,0.000514526495123693,0.01,6610,25,,
Cranial neural crest,Foregut,5.4442511407387,-0.519929556350582,-28.6051920967262,0.0083237180499269,0,9523,2432,,
Hypothalamus,Somatic mesoderm,5.95308081809175,-0.520339096644558,-54.3053087015838,0.00591817352169117,0,7652,66151,,
Hypothalamic neuron,Somatic mesoderm,5.93369952104551,-0.522524323152167,-25.8157283779052,0.00181197280551411,0,1528,66151,,
Megakaryocyte,Sclerotome,5.53993236484682,-0.522664273432884,-14.2391211233349,0.000491556893308086,0,482,74334,,
Foregut,Hindbrain (r5-r8),5.58746267333253,-0.522866897161017,-30.7130101342508,0.0269867632744744,0,2432,28972,,
Hindbrain (r5-r8),Megakaryocyte,5.47572428368782,-0.522910188091618,-14.2220141538936,0.00669775603205957,0,28972,482,,
Epidermal progenitor,Floor plate,5.81145825392787,-0.523604748103557,-61.7701869019721,0.00172182151386456,0,24337,16788,,
Hepatoblast,Roof plate,5.37142849622249,-0.524725304060551,-18.5673404130629,0.00820164391339322,0,1255,6035,,
Foregut,Spinal cord (cervical),5.62736426439775,-0.528659051055323,-30.2369432600196,0.0110731007316498,0,2432,41051,,
Macrophage,Spinal cord (cervical),5.39589989238985,-0.529877648167511,-22.0455364931133,0.00600653628110463,0,966,41051,,
Hematopoietic progenitor,Spinal cord (cervical),5.27526289781737,-0.531014813147655,-6.27521938369246,0.0152685913746039,0,87,41051,,
Second heart field,Spinal cord interneuron,6.01870188028268,-0.53101602202726,-48.185670920788,8.1450356806814e-05,0,6952,12470,,
Hindbrain (isthmic organizer),Primordial germ cell,4.63667900574698,-0.533693302574032,-4.05073840762107,0.0159876002522014,0,3097,25,,
Pharyngeal endoderm,Spinal cord interneuron,5.78974028093898,-0.534488831780454,-41.5886012092182,0.000781887902639799,0,5045,12470,,
Megakaryocyte,Spinal cord (cervical),5.50327413701437,-0.534955507303254,-14.934877217699,0.00619463980348169,0,482,41051,,
Midgut,Spinal cord (cervical),5.57008841242051,-0.535307036039155,-23.2148586042743,0.0129745213331685,0,1667,41051,,
Cranial motor neuron,Splanchnic mesoderm,5.8641911885746,-0.539821326770241,-37.3712160962334,0.00837329956740611,0,3730,21642,,
Floor plate,Primordial germ cell,4.7011450916792,-0.5406248942856,-4.29949559039594,0.0248140084905249,0.04,12841,25,,
Presomitic mesoderm,Primordial germ cell,4.74823968127106,-0.543486871875632,-4.18808474691797,3.8864053884649e-05,0,5758,25,,
First heart field,Spinal cord interneuron,5.89270149570444,-0.543839190169335,-26.2297402778968,0.00035040481206204,0,1531,12470,,
Hindgut,Spinal cord interneuron,5.63212399054092,-0.544297474838574,-35.2647045981064,0.00667800652433118,0,3029,12470,,
Endocardial cell,Spinal cord interneuron,5.88340082323382,-0.547724684472797,-26.2911756882282,0.000678621243731153,0,1558,12470,,
Myotome,Primordial germ cell,4.62605842082223,-0.553124836071584,-5.1623593777907,0.0121882324766326,0.01,1388,25,,
Floor plate,Trigeminal placode,5.72767073229588,-0.555922074301815,-44.4115894609797,0.00519628270138435,0,16788,6546,,
Dermomyotome,Macrophage,5.41470220413188,-0.556981539642064,-22.5882923172682,0.00093609436985075,0,47263,966,,
Axial progenitor,Primordial germ cell,4.6384843430761,-0.557199319483199,-4.408136497988,0.000192363273266482,0,2248,25,,
Pharyngeal arch mesenchyme,Primordial germ cell,4.69112018120882,-0.561861576557923,-4.60871001763782,0.000798390810990243,0,26605,25,,
Pharyngeal mesoderm,Spinal cord interneuron,5.9657334475463,-0.564360181800004,-48.9264045260344,0.00223747225736308,0,7691,12470,,
Foregut,Roof plate,5.45265642061547,-0.567001540410736,-30.9244198187694,0.00766264535489237,0,2432,6035,,
Primordial germ cell,Spinal cord (sacral),4.67943262289336,-0.579192096124383,-4.88581617506353,0.00273547189166218,0,25,3918,,
Primordial germ cell,Somatic motor neuron,4.68478899007784,-0.579958872693731,-4.5634352103674,0.0137162078959193,0,25,4647,,
Dermomyotome,Megakaryocyte,5.51249096541525,-0.580385908091804,-15.7747107039607,0.000225946601406536,0,47263,482,,
Diencephalon,Primordial germ cell,4.60821483311038,-0.582973566240993,-4.58478815672598,0.00703501207228962,0,11282,25,,
Hepatoblast,Spinal cord interneuron,5.52522581591043,-0.583065997679982,-23.4916244459773,0.026234846420921,0,1255,12470,,
Hindbrain (r1),Primordial germ cell,4.71027052194742,-0.583796517988225,-4.35926005204461,0.00137856857477717,0,13105,25,,
Floor plate,Splanchnic mesoderm,6.00199656165906,-0.585521168207212,-68.1470755269899,0.00189356118132299,0,16788,21642,,
Extraembryonic mesoderm,Spinal cord interneuron,5.81749775838562,-0.591025642765225,-45.7629553094504,0.00110629847119205,0,5300,12470,,
Floor plate,Somatic mesoderm,6.08251376107883,-0.591126424489073,-84.7288726882555,0.00160190716741316,0,16788,66151,,
Foregut,Spinal cord interneuron,5.63361868339709,-0.596203330346504,-35.0478403136818,0.0089064369435351,0,2432,12470,,
Midgut,Spinal cord interneuron,5.58066856282165,-0.599061167119105,-29.1708453843229,0.00834202565399596,0,1667,12470,,
Endothelial cell,Primordial germ cell,4.74159308602642,-0.604121010868601,-5.57419723982796,0.0166198633423544,0,5551,25,,
Hematopoietic progenitor,Spinal cord interneuron,5.27762620773478,-0.60524286590337,-6.97840370568188,0.00427120448703105,0,87,12470,,
Midbrain,Primordial germ cell,4.61902018186526,-0.611555517621925,-4.68683081566216,0.00781339056326183,0,17258,25,,
Megakaryocyte,Spinal cord interneuron,5.50399521828266,-0.61290334976202,-15.5828062233862,0.00437181756270379,0,482,12470,,
Cranial neural crest,Primordial germ cell,4.64078595563183,-0.61973006106873,-4.61541243512444,0.00525435158182141,0,6410,25,,
Primordial germ cell,Roof plate,4.70337074274995,-0.62460952365818,-4.38595131228654,0.00277031841865575,0,25,4620,,
Primordial germ cell,Telencephalon,4.65043534756113,-0.628453347726844,-4.96929233386096,0.00672950070478678,0,25,25842,,
Primordial germ cell,Spinal cord (lumbar),4.6602836183455,-0.631084853613866,-5.03240964777002,3.34781550751308e-05,0,25,8833,,
Macrophage,Spinal cord interneuron,5.36838207886398,-0.631850068604742,-23.0370124612877,0.0017470490456139,0,966,12470,,
Dermomyotome,Primordial germ cell,4.80565820425534,-0.671865054881031,-5.51180791913167,0.0264970776920359,0,31737,25,,
Midbrain neuron,Primordial germ cell,4.55073655567465,-0.672695655991139,-5.28344434660045,0.0215602252561235,0,3206,25,,
Hindbrain (r2-r4),Primordial germ cell,4.70927919542863,-0.690293279856844,-6.05915988439116,0.000218024911721279,0,20753,25,,
Primordial germ cell,Sclerotome,4.76354150115495,-0.691338481560634,-6.19585933926698,0.0414569214829761,0,25,50563,,
Primordial germ cell,Spinal cord (thoracic),4.67823794140478,-0.709136716460265,-5.47651089638821,3.67267525482559e-05,0,25,23669,,
Hindbrain (r5-r8),Primordial germ cell,4.68177734229269,-0.728484679195598,-5.5114300093931,0.000249893059360277,0,21644,25,,
Primordial germ cell,Spinal cord (cervical),4.6843831441351,-0.757281668034227,-5.70354452268354,0.000517598428612443,0,25,29744,,
Primordial germ cell,Spinal cord interneuron,4.70379314982209,-0.819479322333579,-5.67671759126862,8.83740014832918e-05,0,25,8878,,
