source,target,value,norm_value,z_score,norm_value_var,p_value,source_n,target_n
Allantoic endothelial progenitor,Allantoic endothelial progenitor,8.5,0.0,0.0,0.0,1.0,463,463
Allantoic endothelial progenitor,Allantois,6.91038081520696,1.3256871629401836,38.70310049265965,0.15921110550802733,0.0,463,2220
Allantoic endothelial progenitor,Amniotic ectoderm,5.830849721364253,0.5474618115785613,10.404975315140161,0.02493267389368043,0.02,463,317
Allantoic endothelial progenitor,Anterior mesoderm,5.36897817533476,-0.17472129973094427,-4.038419490585542,0.024763535680353194,0.97,463,667
Allantoic endothelial progenitor,Arterial endothelial cell,5.464209766131991,0.22855031433894948,3.4509926267227775,0.01297057490285882,0.13,463,149
Allantoic endothelial progenitor,Atria,5.20959605291988,0.1172703324868302,1.2890180296618532,0.024611999604661854,0.33,463,92
Allantoic endothelial progenitor,Atrioventricular canal,5.257012345544292,-0.013941519821986326,0.7135799719767983,0.07558890457781488,0.73,463,211
Allantoic endothelial progenitor,Axial progenitor,5.567235874686489,-0.2282892535749322,-5.759456762309493,0.002198323285213684,0.0,463,1269
Allantoic endothelial progenitor,Cranial neural crest (anterior),5.68425955944929,-0.10564583846616227,-2.7159099987151882,0.0024091703157425185,0.21,463,3191
Allantoic endothelial progenitor,Cranial neural crest (posterior),5.483266941447245,-0.03908824238549169,-0.9043731280735626,0.0015368862196889716,0.91,463,476
Allantoic endothelial progenitor,Dermomyotome,5.611059908764119,-0.22175639511978318,-6.748338160515762,0.004592036996716406,0.0,463,2561
Allantoic endothelial progenitor,Diencephalon,5.1687020600495535,-0.18209914765418342,-2.3912797066291898,0.005103519459939078,0.02,463,169
Allantoic endothelial progenitor,Endocardial cell,5.255697544830167,-0.005655265781546663,-0.15629175257178293,0.03946597925441426,0.27,463,151
Allantoic endothelial progenitor,Endothelial cell,5.137334786238347,0.02019700523190752,1.196667174357454,0.07349683859165732,0.06,463,99
Allantoic endothelial progenitor,Endothelial progenitor,6.108272091895223,0.2935790301351995,6.997544095345347,0.0023938863382401048,0.0,463,1091
Allantoic endothelial progenitor,Epibranchial placode,5.600907300557744,0.2710736840853582,5.919020466508602,0.02536400532562746,0.28,463,330
Allantoic endothelial progenitor,Extraembryonic mesoderm,5.484987901124657,0.10800657016682418,1.61352678809141,0.03455743877333314,0.24,463,556
Allantoic endothelial progenitor,Eye field,5.108649201392029,-0.23967154701345836,-3.060776966997224,0.008963460119008186,0.04,463,146
Allantoic endothelial progenitor,Floor plate (anterior),5.232783316806699,-0.25224210688949444,-4.751709021606631,0.00877412714190064,0.02,463,600
Allantoic endothelial progenitor,Floor plate (posterior),5.123239741798142,-0.2584674680779105,-5.20811961036443,0.002725135841426853,0.01,463,357
Allantoic endothelial progenitor,Foregut,5.053644115708477,-0.22790040450311752,-4.735131455356597,0.0021022024408580116,0.0,463,477
Allantoic endothelial progenitor,Frontonasal mesenchyme,5.070249770840302,-0.05808694458829233,-0.1990285514619764,0.015847609807181823,0.56,390,57
Allantoic endothelial progenitor,Head paraxial mesoderm,5.625254639189289,-0.1306750822899838,-3.9683041638731495,0.004612715629297922,0.34,463,3441
Allantoic endothelial progenitor,Hindbrain (isthmic organizer),5.4984493033286705,-0.3278496587681821,-7.725299009881251,0.0025220098993754946,0.0,463,1531
Allantoic endothelial progenitor,Hindbrain (r1),5.511205730775017,-0.34980524051561207,-9.033910829387423,0.005733382373542283,0.0,463,2128
Allantoic endothelial progenitor,Hindbrain (r2-r4),5.559917318592382,-0.3266869035398748,-9.237403687518366,0.0025026949693987646,0.0,463,2189
Allantoic endothelial progenitor,Hindbrain (r5-r8),5.466454940624452,-0.3798204555812508,-9.2123322068509,0.008152660711651763,0.0,463,1457
Allantoic endothelial progenitor,Hindgut,4.949724663089959,-0.19054389457604604,-2.4773727156621743,0.06636517406087251,0.02,463,247
Allantoic endothelial progenitor,Hypothalamus,5.2797436549332915,-0.3138936473544695,-7.52062377691879,0.0023999434946118383,0.0,463,765
Allantoic endothelial progenitor,Intermediate mesoderm,5.6176371315587375,-0.15988416942211625,-4.397375788183756,0.0009595828756260137,0.01,463,1173
Allantoic endothelial progenitor,Juxtacardiac field,5.114966833016088,-0.14688426561003473,-2.015861959341107,0.004918851004362942,0.06,463,195
Allantoic endothelial progenitor,Left ventricle,5.366995155356828,-0.04860762670091804,-0.6432396831402959,0.012885677784793216,0.68,463,493
Allantoic endothelial progenitor,Midbrain,5.540787330841375,-0.34961684021099754,-10.303155353548298,6.518993903382054e-05,0.0,463,2940
Allantoic endothelial progenitor,Midgut,5.0777779517273025,-0.16820882952615257,-2.936223166613757,0.03519459001762508,0.25,463,362
Allantoic endothelial progenitor,Nascent somite,5.424308764171911,-0.2778919347098281,-6.810806893632688,0.004758957924000413,0.0,463,1056
Allantoic endothelial progenitor,Notochord,5.043970013422165,-0.22835000266527436,-3.6675769758903747,0.01697695141512337,0.26,463,288
Allantoic endothelial progenitor,Olfactory placode,5.4984498479261035,0.05204563292251555,1.470456011702245,0.01733215134518785,0.25,463,317
Allantoic endothelial progenitor,Otic placode,5.469449973441748,0.1095820026735117,2.4596683445552476,0.020629014328528185,0.62,463,246
Allantoic endothelial progenitor,Periocular mesoderm,5.240659676961317,-0.032140568904471735,-0.6354172948434847,0.05605130914716154,0.24,463,430
Allantoic endothelial progenitor,Pharyngeal endoderm,5.19837335333349,-0.23330443620639527,-5.334149881318681,0.011372110494957722,0.0,463,1138
Allantoic endothelial progenitor,Pharyngeal mesoderm,5.656300168348821,0.009323075672752404,0.21498403455678453,0.032133316154243315,0.68,463,1100
Allantoic endothelial progenitor,Pre-placodal ectoderm,5.809704796310158,0.15158378033600575,3.8676246751475234,0.0425190065263112,0.33,463,1022
Allantoic endothelial progenitor,Prechordal plate,4.819869510484145,-0.12896653609710582,-1.421776691677346,0.0006803799692903947,0.23,463,102
Allantoic endothelial progenitor,Presomitic mesoderm,5.687273733891,-0.2257191559844444,-6.618092875624433,0.010183646400148006,0.0,463,3260
Allantoic endothelial progenitor,Right ventricle,5.462517875640188,-0.0397096282903003,-0.37780524157705125,0.009351019152532567,0.23,463,696
Allantoic endothelial progenitor,Roof plate (posterior),5.555185438649681,-0.056739308549124644,-1.5261191515066057,0.01212679700970341,0.36,463,450
Allantoic endothelial progenitor,Sclerotome,5.445298644143354,-0.23379499293633157,-6.3134757448897245,0.0033226548924383775,0.0,463,1380
Allantoic endothelial progenitor,Second heart field (anterior),5.530155236856458,-0.03254828831208645,-0.9112544254500486,0.0019162128474304737,0.83,463,703
Allantoic endothelial progenitor,Second heart field (posterior),5.795252354493489,0.16743252658239113,4.920808305374316,0.005719848116170772,0.03,463,1220
Allantoic endothelial progenitor,Somatic mesoderm,6.008469828280181,0.15951691891899275,3.5959642285936,0.0065557093154787185,0.0,463,2132
Allantoic endothelial progenitor,Spinal cord (cervical),5.516722735125924,-0.3694888397895477,-10.622776290887037,9.063881831225872e-05,0.0,463,2173
Allantoic endothelial progenitor,Spinal cord (thoracic),5.582936408223823,-0.3499510907505048,-10.62951331046391,0.0025149007298307475,0.0,463,3492
Allantoic endothelial progenitor,Splanchnic mesoderm,6.338487778636619,0.43170091289225737,12.477072724495386,0.020724375135732057,0.0,463,4186
Allantoic endothelial progenitor,Splanchnic mesoderm (cardiopulmonary),4.6223704382112,-0.016135541827751492,0.3306049058698708,0.05215337601414759,0.44,463,23
Allantoic endothelial progenitor,Splanchnic mesoderm (septum transversum),5.469582749706177,0.2807728916072305,3.9518698284743103,0.015518845777409883,0.0,463,154
Allantoic endothelial progenitor,Surface ectoderm (anterior),5.761371113323438,0.27874607663411916,7.393878292722527,0.060408108621584494,0.95,463,693
Allantoic endothelial progenitor,Surface ectoderm (posterior),5.741364212186679,0.2535108427771397,7.359909257035014,0.07407893980601164,0.51,463,669
Allantoic endothelial progenitor,Telencephalon (dorsal),5.596457841499064,-0.29867994266149633,-7.786122347776311,0.002847408934774271,0.0,463,4490
Allantoic endothelial progenitor,Trunk neural crest,4.810877846843561,0.21316675466843135,1.1669383634854305,0.036137032866769316,0.75,463,22
Allantoic endothelial progenitor,Vagal neural crest,5.201004424318739,-0.08517292430513586,-2.158085085820888,0.04446344847827359,0.89,463,176
Allantois,Allantois,8.5,0.0,0.0,0.0,1.0,2220,2220
Allantois,Amniotic ectoderm,6.042627984894857,0.6210309736441214,12.54251591087415,0.013197624257080022,0.0,2220,317
Allantois,Anterior mesoderm,5.541856094951367,-0.15446479851063089,-5.895288917990385,0.01662345239378157,0.48,2220,667
Allantois,Arterial endothelial cell,5.613844234556821,0.21371178373839003,4.041232380719095,0.01423889927487899,0.38,2220,149
Allantois,Atria,5.484096825839736,0.2616038023699983,3.5474106571949258,0.014689342655099663,0.06,2220,92
Allantois,Atrioventricular canal,5.4552184082811594,0.03340151239423772,1.5939335825986618,0.036880482226521065,0.05,2220,211
Allantois,Axial progenitor,5.73753508001361,-0.21367069277183828,-7.927241674681706,0.005279858096536124,0.0,2220,1269
Allantois,Cranial neural crest (anterior),5.915165421080457,-0.02052613704732309,-2.24344308573875,0.00827407290155934,0.02,2220,3191
Allantois,Cranial neural crest (posterior),5.632427999442739,-0.031743032617992974,-0.7806939847102542,0.0032003359558657844,0.44,2220,476
Allantois,Dermomyotome,5.737820762423591,-0.24138103620298956,-11.985726523804125,0.006422081547847131,0.0,2220,2561
Allantois,Diencephalon,5.221282477063854,-0.2736789369627785,-4.534906346243328,0.004835426539497091,0.0,2220,169
Allantois,Endocardial cell,5.438609011929631,0.029732932454746102,0.4120629854462166,0.02027165182110199,0.3,2220,151
Allantois,Endothelial cell,5.378122952019676,0.11562876310027488,2.2001036691606823,0.017965912821752587,0.83,2220,99
Allantois,Endothelial progenitor,6.227839020187145,0.2717755956627492,10.165724183609624,0.007444438892793783,0.0,2220,1091
Allantois,Epibranchial placode,5.883771398505623,0.4130803085951265,10.216360778626196,0.004260433416901088,0.0,2220,330
Allantois,Extraembryonic mesoderm,5.706145373296276,0.17633780797577683,5.562401172374822,0.004813038403797888,0.02,2220,556
Allantois,Eye field,5.289955402475145,-0.20769987858883443,-2.9607392870935207,0.0034526315201570796,0.0,2220,146
Allantois,Floor plate (anterior),5.342764908216384,-0.2774356875753267,-8.295774827114782,0.0010308740084045537,0.0,2220,600
Allantois,Floor plate (posterior),5.215068321218387,-0.3152264442565113,-7.684707461494011,0.006318605208161328,0.0,2220,357
Allantois,Foregut,5.131581944764107,-0.2993447553065683,-7.930647312352303,0.0022879585007817725,0.0,2220,477
Allantois,Frontonasal mesenchyme,5.399218467181107,0.11671385792899303,1.3154197535407715,0.0017877887977732682,0.26,1850,57
Allantois,Head paraxial mesoderm,5.729756828935794,-0.17580294264157428,-8.971971330871577,0.006322907992888909,0.0,2220,3441
Allantois,Hindbrain (isthmic organizer),5.64031465063763,-0.3340714612821862,-14.606516015623038,0.0008683815150011748,0.0,2220,1531
Allantois,Hindbrain (r1),5.675096754737612,-0.3296517730034732,-15.155576663249747,0.002945974874364803,0.0,2220,2128
Allantois,Hindbrain (r2-r4),5.744987073685632,-0.2907072605264567,-13.538542695868536,0.00022481657592068527,0.0,2220,2189
Allantois,Hindbrain (r5-r8),5.69641390127245,-0.29426874965055144,-11.957464884543962,0.004690018592792153,0.0,2220,1457
Allantois,Hindgut,5.0478070866161895,-0.22893373935767544,-4.081165021238067,0.05579089670869484,0.32,2220,247
Allantois,Hypothalamus,5.406683827786229,-0.3300761724911145,-10.42672328062154,0.0012363597355993516,0.0,2220,765
Allantois,Intermediate mesoderm,5.732151352258959,-0.1990865704703726,-7.985375091308044,0.0033065447011913648,0.0,2220,1173
Allantois,Juxtacardiac field,5.27892550431869,-0.13754171876460694,-1.4013609161818732,0.04504669515100212,0.6,2220,195
Allantois,Left ventricle,5.452559455805402,-0.11310666096006106,-2.8028636158132154,0.015239011409039714,0.34,2220,493
Allantois,Midbrain,5.685847998563706,-0.35146438819251397,-17.968955199615632,1.5790544950361407e-05,0.0,2220,2940
Allantois,Midgut,5.150994785549143,-0.2390686448230633,-5.801890319644386,0.0422141761184915,0.88,2220,362
Allantois,Nascent somite,5.5150995691216655,-0.3285675508912019,-12.542831300785963,0.0016182718421867838,0.0,2220,1056
Allantois,Notochord,5.111438477861692,-0.3105664236905679,-6.671677261471207,0.007871506366658362,0.0,2220,288
Allantois,Olfactory placode,5.676711165744332,0.08561287252058492,2.0508577802149524,0.0023557366871963577,0.29,2220,317
Allantois,Otic placode,5.715259298223956,0.21157791542342697,4.525387159757522,0.0014644107713711102,0.0,2220,246
Allantois,Periocular mesoderm,5.359977869254412,-0.0640724773125072,-1.5884077407785053,0.017806721583460965,0.35,2220,430
Allantois,Pharyngeal endoderm,5.290074973265218,-0.2903290250432204,-11.027224494162576,0.008898950726883792,0.0,2220,1138
Allantois,Pharyngeal mesoderm,5.807910588300666,0.010371285722110398,-0.28695613434921885,0.015961596605742197,0.54,2220,1100
Allantois,Pre-placodal ectoderm,6.004801250846117,0.20217530655159402,7.061851197266544,0.001019412286346563,0.0,2220,1022
Allantois,Prechordal plate,4.944083471850147,-0.1442960724865614,-2.064037827182801,0.0052678903787616495,0.38,2220,102
Allantois,Presomitic mesoderm,5.8490455952265235,-0.21395929056670226,-11.148385161216089,0.008970437097400821,0.0,2220,3260
Allantois,Right ventricle,5.583596734626892,-0.06525743574120035,-1.3045018998607372,0.03710151601954508,0.12,2220,696
Allantois,Roof plate (posterior),5.754783299393449,-0.00044399364719627243,-0.5420715839160019,0.018902876368304906,0.17,2220,450
Allantois,Sclerotome,5.583149170294901,-0.24131151983155105,-9.920468481021404,0.0026074954444524536,0.0,2220,1380
Allantois,Second heart field (anterior),5.74031672335553,0.034432822768539616,1.1726988866717771,0.0015829275827755752,0.74,2220,703
Allantois,Second heart field (posterior),5.969624412814945,0.19522175570579492,9.103350310936765,0.008391268748663068,0.0,2220,1220
Allantois,Somatic mesoderm,6.13763822636792,0.14297343575402235,6.201466053332691,0.003946952570147051,0.0,2220,2132
Allantois,Spinal cord (cervical),5.694651411688361,-0.33699659810761773,-16.391994241650032,0.002767336009188934,0.0,2220,2173
Allantois,Spinal cord (thoracic),5.784926744686447,-0.2921033736538072,-17.104281381855568,0.004009770509659873,0.0,2220,3492
Allantois,Splanchnic mesoderm,6.691179522223671,0.6323201176389542,34.50919200444159,0.018687390100329646,0.0,2220,4186
Allantois,Splanchnic mesoderm (cardiopulmonary),4.6810785751228146,-0.0852988212843826,-0.18763734593166478,0.060543384953635836,0.56,2220,23
Allantois,Splanchnic mesoderm (septum transversum),5.642695899435739,0.29912018251482103,4.654858042337444,0.010323173103930931,0.0,2220,154
Allantois,Surface ectoderm (anterior),6.007664762802008,0.37777577241200344,11.780114804425288,0.0007180813504737855,0.0,2220,693
Allantois,Surface ectoderm (posterior),6.088042670032089,0.4447727843133788,14.803885211030385,0.0018830583288574564,0.0,2220,669
Allantois,Telencephalon (dorsal),5.754265599674615,-0.28382823155337267,-15.703326757473823,0.002828652080532814,0.0,2220,4490
Allantois,Trunk neural crest,4.867926361847899,0.11872584038174298,0.8561011844657808,0.010561011573526492,0.75,2220,22
Allantois,Vagal neural crest,5.467649683764122,0.02242139659009516,-1.4610375360029793,0.06689020308923416,0.11,2220,176
Amniotic ectoderm,Amniotic ectoderm,8.5,0.0,0.0,0.0,1.0,317,317
Amniotic ectoderm,Anterior mesoderm,5.2243703444798015,-0.17061896347886898,-4.1379739959977,0.016741459448209123,0.88,317,667
Amniotic ectoderm,Arterial endothelial cell,5.323194766909983,0.23131455482864252,2.6207926255180514,0.01192035283578485,0.12,317,149
Amniotic ectoderm,Atria,5.150447307059767,0.22557876921131292,1.948910850787426,0.030066552290748783,0.21,317,92
Amniotic ectoderm,Atrioventricular canal,5.247884069513849,0.12407199820916077,1.4047812610969979,0.009958138553862038,0.25,317,211
Amniotic ectoderm,Axial progenitor,5.4330005757697135,-0.2006932679025383,-4.587661584733849,0.0002892121082630224,0.16,317,1269
Amniotic ectoderm,Cranial neural crest (anterior),5.634377742863227,0.014520043393517016,-1.0514455920495027,0.02296801496807507,0.84,317,3191
Amniotic ectoderm,Cranial neural crest (posterior),5.4227395706476615,0.06329175004277943,-0.4627460212291143,0.04750329719269945,0.51,317,476
Amniotic ectoderm,Dermomyotome,5.495120309945533,-0.1791613639861304,-4.937064342960083,0.016106224794608045,0.8,317,2561
Amniotic ectoderm,Diencephalon,4.817460391612357,-0.3861749200409171,-4.148475703787695,0.06766741980667623,0.0,317,169
Amniotic ectoderm,Endocardial cell,5.165343507820017,0.06885056997500734,0.7097428134175686,0.030321244682531025,0.53,317,151
Amniotic ectoderm,Endothelial cell,5.2247366301960065,0.29552100035605494,3.1506320553078986,0.005998014245320573,0.31,317,99
Amniotic ectoderm,Endothelial progenitor,5.735509442231731,0.08190886500585481,0.8661740586082729,0.01460129947650016,0.66,317,1091
Amniotic ectoderm,Epibranchial placode,5.983437739705475,0.8012320514146157,11.216987593043045,0.06683387902129825,0.0,317,330
Amniotic ectoderm,Extraembryonic mesoderm,5.385461753321894,0.1661683616371361,3.299865195447247,0.003999121570660947,0.39,317,556
Amniotic ectoderm,Eye field,5.023838683985687,-0.153366293854423,-1.69324240436493,2.273697574904304e-05,0.43,317,146
Amniotic ectoderm,Floor plate (anterior),5.071112618950264,-0.244352435031149,-3.5331312642396004,0.012088543245211868,0.0,317,600
Amniotic ectoderm,Floor plate (posterior),4.980004384944891,-0.24395721831347958,-3.977929942389403,0.005230661841680602,0.04,317,357
Amniotic ectoderm,Foregut,4.96073854608711,-0.16938672190034273,-2.0985579716986704,0.029271614422751467,0.27,317,477
Amniotic ectoderm,Frontonasal mesenchyme,5.0783955005248025,0.004399160503779864,0.16602232418201351,0.001048611832849852,0.94,304,57
Amniotic ectoderm,Head paraxial mesoderm,5.513925862154607,-0.08251407727163211,-3.5082478355956863,0.025924543164252533,0.46,317,3441
Amniotic ectoderm,Hindbrain (isthmic organizer),5.3468744467140565,-0.31943109682635323,-7.234460186930659,0.011190698058983218,0.0,317,1531
Amniotic ectoderm,Hindbrain (r1),5.360118485505022,-0.3381710843905603,-7.414373681857579,0.01075792626583712,0.0,317,2128
Amniotic ectoderm,Hindbrain (r2-r4),5.40316111177336,-0.3307687186381303,-6.891257887874237,0.012569221487864914,0.0,317,2189
Amniotic ectoderm,Hindbrain (r5-r8),5.417041203376776,-0.27394395559743057,-6.119365508146351,0.004172075619254091,0.01,317,1457
Amniotic ectoderm,Hindgut,4.937137747819894,-0.026938314454034717,0.958529439424726,0.11384347530933918,0.08,317,247
Amniotic ectoderm,Hypothalamus,4.994081585167017,-0.43605223143732214,-7.607547991904265,0.014824308261386877,0.0,317,765
Amniotic ectoderm,Intermediate mesoderm,5.378170733200065,-0.24068388901284057,-4.912940226617643,0.003606442562508831,0.05,317,1173
Amniotic ectoderm,Juxtacardiac field,4.986977290237754,-0.1153512815437372,0.29043607227101664,0.12276326985147484,0.13,317,195
Amniotic ectoderm,Left ventricle,5.153753037588746,-0.11675561612839225,-0.6338212174819048,0.06174190893725317,0.01,317,493
Amniotic ectoderm,Midbrain,5.365910208735272,-0.3595686318971758,-7.2063806392215595,0.01141464971601147,0.0,317,2940
Amniotic ectoderm,Midgut,5.037052586561696,-0.057020268277403474,-0.7208136632734284,0.039395674654327376,0.33,317,362
Amniotic ectoderm,Nascent somite,5.222078170479391,-0.31145712336307546,-6.280034473930248,0.014810456797140773,0.0,317,1056
Amniotic ectoderm,Notochord,4.806553052677933,-0.3113933262905322,-3.3262028516898483,0.057408084838321355,0.02,317,288
Amniotic ectoderm,Olfactory placode,5.469199828674772,0.17460088758223571,2.7700900790840044,0.006494432479029905,0.53,317,317
Amniotic ectoderm,Otic placode,5.535425867587403,0.32987337362160246,4.607987234407845,0.006175683481157351,0.0,317,246
Amniotic ectoderm,Periocular mesoderm,4.948136541263501,-0.1674912355441549,-1.3839212555120026,0.07291813525846634,0.02,317,430
Amniotic ectoderm,Pharyngeal endoderm,5.132285154422976,-0.13812105536856625,-1.8094867339308067,0.03713792685988304,0.47,317,1138
Amniotic ectoderm,Pharyngeal mesoderm,5.507687346296635,0.017146933867317433,-0.32217679916204034,0.0175425269457761,0.37,317,1100
Amniotic ectoderm,Pre-placodal ectoderm,5.820976936801276,0.33123302156456774,7.502213783384003,0.027249365302546194,0.1,317,1022
Amniotic ectoderm,Prechordal plate,4.674755890049002,-0.11169763425249209,-1.4737975880328618,0.0044924125623041315,0.9,317,102
Amniotic ectoderm,Presomitic mesoderm,5.535969516602698,-0.21758634798769153,-4.633238768252453,0.005909300756573807,0.0,317,3260
Amniotic ectoderm,Right ventricle,5.342954045330565,-0.00647881779743494,1.2230887021705714,0.052151949167827054,0.8,317,696
Amniotic ectoderm,Roof plate (posterior),5.364473204698637,-0.08725190114578989,-2.106373295060865,0.005180016385656064,0.99,317,450
Amniotic ectoderm,Sclerotome,5.331882417779901,-0.18915109570988045,-4.769042085948693,0.009646121251277194,0.53,317,1380
Amniotic ectoderm,Second heart field (anterior),5.46136837415462,0.05783748996234076,-0.40357324724546845,0.049540602441152805,0.55,317,703
Amniotic ectoderm,Second heart field (posterior),5.711139580259892,0.24436194256191465,5.595601283504609,0.0009845803350857865,0.03,317,1220
Amniotic ectoderm,Somatic mesoderm,5.855236511097849,0.16173206547336783,1.9304310897730332,0.049190462107652384,0.48,317,2132
Amniotic ectoderm,Spinal cord (cervical),5.407522319948519,-0.31074869894407087,-6.8988468847431745,0.005120949258385271,0.0,317,2173
Amniotic ectoderm,Spinal cord (thoracic),5.490754683813974,-0.2842301906536502,-6.783815780542736,0.0024463598402417845,0.01,317,3492
Amniotic ectoderm,Splanchnic mesoderm,6.0088713286189686,0.255045616830909,4.679247816657647,0.04293542814046646,0.0,317,4186
Amniotic ectoderm,Splanchnic mesoderm (cardiopulmonary),4.557588222502084,0.10091572620322609,0.7353843731338255,0.010830478615446587,0.96,317,23
Amniotic ectoderm,Splanchnic mesoderm (septum transversum),5.29115127201937,0.2679975027782264,3.2824788917153924,0.010330154020490055,0.18,317,154
Amniotic ectoderm,Surface ectoderm (anterior),6.077938566356505,0.747663554294561,15.667614098640707,0.019889892215967025,0.0,317,693
Amniotic ectoderm,Surface ectoderm (posterior),6.095966860243974,0.7779431358284992,11.988877343366141,0.09023373287803484,0.0,317,669
Amniotic ectoderm,Telencephalon (dorsal),5.453989669640305,-0.27467854420827553,-6.226667872911411,0.003958928797361502,0.0,317,4490
Amniotic ectoderm,Trunk neural crest,4.291282222625508,-0.13992777636262485,-0.6182145207256565,0.11546392809276157,0.29,317,22
Amniotic ectoderm,Vagal neural crest,5.069233954897135,-0.07307808303590531,-2.6142367977840966,0.09918828542237328,0.64,317,176
Anterior mesoderm,Anterior mesoderm,8.5,0.0,0.0,0.0,1.0,667,667
Anterior mesoderm,Arterial endothelial cell,5.504099535581257,0.139692202593797,1.166047072561199,0.05210246236380467,0.26,667,149
Anterior mesoderm,Atria,5.233733682350848,0.04226192915837975,0.6362071190656411,0.009612390627256535,0.95,667,92
Anterior mesoderm,Atrioventricular canal,5.422639586954328,0.030708356640675543,-0.07480429927323624,0.02405299107652072,0.93,667,211
Anterior mesoderm,Axial progenitor,5.759422639027097,-0.1510011905160494,-4.961516382365118,0.0003387468145404271,0.0,667,1269
Anterior mesoderm,Cranial neural crest (anterior),5.74030842853342,-0.15968229818897348,-5.5160586152581965,0.002278709089786195,0.02,667,3191
Anterior mesoderm,Cranial neural crest (posterior),5.59031470191698,-0.03824027282700785,-0.9618150445966774,0.009942175423945999,0.98,667,476
Anterior mesoderm,Dermomyotome,5.9568376972190515,0.013659650075586486,0.37865597461341105,0.0009378974973143556,0.48,667,2561
Anterior mesoderm,Diencephalon,5.39040933606736,-0.07088023584912435,-1.2076233956492315,0.002042404647413645,0.74,667,169
Anterior mesoderm,Endocardial cell,5.3759746198202665,0.007438082348088848,0.3883138759582268,0.005337625989851683,0.87,667,151
Anterior mesoderm,Endothelial cell,5.185430656983908,-0.026733894467326397,-0.10386115680874619,0.0037250903512446474,0.98,667,99
Anterior mesoderm,Endothelial progenitor,6.30266303009149,0.3806649522001096,10.876054459573218,0.002210653675968645,0.0,667,1091
Anterior mesoderm,Epibranchial placode,5.315663380248551,-0.11647586607607903,-2.8124733987768393,0.007611875683007379,0.82,667,330
Anterior mesoderm,Extraembryonic mesoderm,5.501634657337635,0.005996942093431971,-0.3435622339490824,0.005178252923301905,0.46,667,556
Anterior mesoderm,Eye field,5.461874967594767,0.0039163780077826615,-0.3304279067787956,0.014775592523618807,0.47,667,146
Anterior mesoderm,Floor plate (anterior),5.455009166256118,-0.13375249709789858,-3.0430540967851836,0.001147679437514564,0.0,667,600
Anterior mesoderm,Floor plate (posterior),5.376349501244383,-0.11504955881858396,-2.4787224673668136,3.860485655900838e-05,0.04,667,357
Anterior mesoderm,Foregut,5.260907280472949,-0.13413013107551444,-3.061628320453142,0.008014317314988108,0.43,667,477
Anterior mesoderm,Frontonasal mesenchyme,5.041571359397519,-0.2035365474330031,-2.6547659154152345,0.015216358922066289,0.48,581,57
Anterior mesoderm,Head paraxial mesoderm,6.66825736785697,0.8003963497456192,30.84252147535935,0.04855508949746749,0.0,667,3441
Anterior mesoderm,Hindbrain (isthmic organizer),5.82016471158725,-0.1176808800716828,-4.563551713680487,0.003963776647673379,0.08,667,1531
Anterior mesoderm,Hindbrain (r1),5.80563378279167,-0.16143428658203351,-5.633309090691697,0.003884156250670903,0.0,667,2128
Anterior mesoderm,Hindbrain (r2-r4),5.771418092557641,-0.22548745948290172,-8.166518709791621,0.0026409756030251128,0.0,667,2189
Anterior mesoderm,Hindbrain (r5-r8),5.768121946609504,-0.18416074753665068,-5.569143993635631,0.004261751301147051,0.0,667,1457
Anterior mesoderm,Hindgut,5.114159661182726,-0.12537263407810162,-1.9450819350345077,0.023419478982433795,0.28,667,247
Anterior mesoderm,Hypothalamus,5.550877770162299,-0.15081900391444178,-4.304885021371718,0.00653096250174319,0.05,667,765
Anterior mesoderm,Intermediate mesoderm,5.764456943809479,-0.12873657746568767,-3.911984675528205,0.00039416292716809597,0.01,667,1173
Anterior mesoderm,Juxtacardiac field,5.690810083837866,0.317702289574416,5.923535801670053,0.012517778995931036,0.0,667,195
Anterior mesoderm,Left ventricle,5.72455727276395,0.19515170711436833,3.3688650451211757,0.06454763664118851,0.26,667,493
Anterior mesoderm,Midbrain,5.824428795486352,-0.17628341091367764,-5.934106397599005,0.004345800309540768,0.0,667,2940
Anterior mesoderm,Midgut,5.3777567075706125,0.019425498180435596,0.3425479591089114,0.024237614657899566,0.26,667,362
Anterior mesoderm,Nascent somite,5.7140510037435925,-0.09244602726784468,-2.870735332354638,0.000505133418060031,0.12,667,1056
Anterior mesoderm,Notochord,5.332358045303638,-0.05599869064931381,-0.37174797713813623,0.020782978476737966,0.2,667,288
Anterior mesoderm,Olfactory placode,5.485085303834945,-0.07201105319682306,-1.7109947293193646,0.0015757002920432045,0.65,667,317
Anterior mesoderm,Otic placode,5.357882218195335,-0.11863733997322227,-1.501722974023372,0.011076220503279827,1.0,667,246
Anterior mesoderm,Periocular mesoderm,5.757300729946849,0.37673937855412526,7.475403312977707,0.03148126129128166,0.0,667,430
Anterior mesoderm,Pharyngeal endoderm,5.490127400894928,-0.04918767186565365,-1.517542629985006,0.007408154985922021,0.22,667,1138
Anterior mesoderm,Pharyngeal mesoderm,6.552729425984674,0.7912795577327097,25.306490228831922,0.013243663404239906,0.0,667,1100
Anterior mesoderm,Pre-placodal ectoderm,5.616167066614639,-0.1520170956581044,-4.297519899229519,0.003549157881664824,0.01,667,1022
Anterior mesoderm,Prechordal plate,4.972077071070621,-0.08692463333014484,-0.6902669049484857,0.014935739455897074,0.82,667,102
Anterior mesoderm,Presomitic mesoderm,5.873122117998882,-0.15100140236779147,-6.406894815241681,0.0024336756583937208,0.05,667,3260
Anterior mesoderm,Right ventricle,6.092436649929561,0.478434456628519,10.77453124791873,0.012056131943161056,0.0,667,696
Anterior mesoderm,Roof plate (posterior),5.610153569370286,-0.10848297381229137,-2.340405780809666,0.004956624970615423,0.39,667,450
Anterior mesoderm,Sclerotome,5.885310990017448,0.09424634727019339,2.9850325386761796,0.022011786920886192,0.51,667,1380
Anterior mesoderm,Second heart field (anterior),6.1628244880394165,0.49548878807516566,12.616042011311722,0.009759819590732927,0.0,667,703
Anterior mesoderm,Second heart field (posterior),5.863599430592089,0.12618518503597867,2.725946251002505,0.01806888109743781,0.99,667,1220
Anterior mesoderm,Somatic mesoderm,5.930096236394715,-0.02567237213441409,-1.9621155710083442,0.024473513556596892,0.0,667,2132
Anterior mesoderm,Spinal cord (cervical),5.864786966597992,-0.13154131776060632,-4.3643712519421705,0.0025446944994433405,0.08,667,2173
Anterior mesoderm,Spinal cord (thoracic),5.870667887438113,-0.16699589416327912,-7.120641948695316,0.011297981363314868,0.17,667,3492
Anterior mesoderm,Splanchnic mesoderm,5.941346029479193,-0.0785689157226459,-4.25139836624529,0.015497579756686664,0.21,667,4186
Anterior mesoderm,Splanchnic mesoderm (cardiopulmonary),4.649624465298792,-0.07390684805245377,0.25378238946708015,0.13959541736570208,0.68,667,23
Anterior mesoderm,Splanchnic mesoderm (septum transversum),5.355850062769161,0.05559383400555588,0.34244073029693983,0.03705695492495617,0.61,667,154
Anterior mesoderm,Surface ectoderm (anterior),5.572147570212652,-0.023396329464551613,-1.715766823020694,0.03275339647424898,0.03,667,693
Anterior mesoderm,Surface ectoderm (posterior),5.505768007144119,-0.09419276906066958,-3.725587913107695,0.023547317129997948,0.36,667,669
Anterior mesoderm,Telencephalon (dorsal),5.8265329120350335,-0.174236833984336,-6.82194352861394,0.001261092814404602,0.0,667,4490
Anterior mesoderm,Trunk neural crest,4.516475867634842,-0.1811745071432549,-1.0075880618181021,0.09588827137270692,0.75,667,22
Anterior mesoderm,Vagal neural crest,5.314361853717793,-0.09199904004239201,-1.2016844159378224,0.004413181366783458,0.63,667,176
Arterial endothelial cell,Arterial endothelial cell,8.5,0.0,0.0,0.0,1.0,149,149
Arterial endothelial cell,Atria,5.1916392280572445,0.27132461959697124,3.9327406912783487,0.19237533948600238,0.41,149,92
Arterial endothelial cell,Atrioventricular canal,5.138185622655161,0.059221051133102755,1.0641441962628322,0.027825438854565336,0.57,149,211
Arterial endothelial cell,Axial progenitor,5.458962956619396,-0.156521609999432,-2.970881555400357,0.0006246745621406025,0.25,149,1269
Arterial endothelial cell,Cranial neural crest (anterior),5.428038263473314,-0.1744155846133483,-2.646435816529856,0.001113428690614682,0.06,149,3191
Arterial endothelial cell,Cranial neural crest (posterior),5.213501320336128,-0.1143563634552051,-1.3847036565872208,0.004051939063558226,0.38,149,476
Arterial endothelial cell,Dermomyotome,5.440774318993434,-0.21233420274894174,-3.6435882927730794,0.006463078377412485,0.0,149,2561
Arterial endothelial cell,Diencephalon,4.954027847742701,-0.2080903409149973,-2.033327293358685,0.024876965977659045,0.38,149,169
Arterial endothelial cell,Endocardial cell,5.365974221469572,0.29300140852029105,3.5134526562045814,0.03945059371421718,0.28,149,151
Arterial endothelial cell,Endothelial cell,5.1789393862613196,0.25488056022435873,3.4722649745129943,0.07328672683527368,0.84,149,99
Arterial endothelial cell,Endothelial progenitor,5.743362664984794,0.11933083726895817,2.599782480503808,0.032094553976046804,0.39,149,1091
Arterial endothelial cell,Epibranchial placode,5.050948716171026,-0.10050427269355862,-0.9692031176424836,0.013790471712807858,0.69,149,330
Arterial endothelial cell,Extraembryonic mesoderm,5.37882221175209,0.17669023388408464,1.6480350233904393,0.08371295436740105,0.01,149,556
Arterial endothelial cell,Eye field,4.99691892760429,-0.1619670631694475,-2.119962882840575,0.008545085828176263,0.79,149,146
Arterial endothelial cell,Floor plate (anterior),5.1584758765336725,-0.1334542765873389,-1.9785121077541425,0.020210231991542402,0.94,149,600
Arterial endothelial cell,Floor plate (posterior),5.0272570504549625,-0.16978873935689207,-2.1891311663499344,0.0023139167433138923,0.22,149,357
Arterial endothelial cell,Foregut,4.949393857455868,-0.14152743245684954,-2.2263425037052826,0.0031295678482953313,0.24,149,477
Arterial endothelial cell,Frontonasal mesenchyme,4.9942089277813615,-0.031519245874828794,0.1138375929197456,0.05389909676715055,0.2,133,57
Arterial endothelial cell,Head paraxial mesoderm,5.676833744008551,0.10523937198792795,1.1083662749260939,0.018566538123773617,0.81,149,3441
Arterial endothelial cell,Hindbrain (isthmic organizer),5.367836427439163,-0.27628294727075736,-4.842465510186584,0.0009302281862414708,0.02,149,1531
Arterial endothelial cell,Hindbrain (r1),5.376506840630415,-0.2969449168913041,-5.118992400983189,0.0058401009112650365,0.0,149,2128
Arterial endothelial cell,Hindbrain (r2-r4),5.424122943753118,-0.28053771343816347,-4.810169404027224,0.004445829072905851,0.0,149,2189
Arterial endothelial cell,Hindbrain (r5-r8),5.406066437365735,-0.25578434213178153,-4.199386182024994,0.001981178109033389,0.01,149,1457
Arterial endothelial cell,Hindgut,4.917457768547695,-0.028403372631817508,-0.1824992842888247,0.008818909250665745,0.55,149,247
Arterial endothelial cell,Hypothalamus,5.158233465712834,-0.24453619336400134,-3.8541138251844003,0.005459238163888356,0.22,149,765
Arterial endothelial cell,Intermediate mesoderm,5.376836225273021,-0.21674411161607013,-3.6139414363893887,0.0021318318402412315,0.03,149,1173
Arterial endothelial cell,Juxtacardiac field,5.063428300454034,-0.015111077763999484,0.8724657943352563,0.07662042825029584,0.13,149,195
Arterial endothelial cell,Left ventricle,5.360921471448999,0.1308398915417325,1.9916509810869594,0.0010990811792429452,0.16,149,493
Arterial endothelial cell,Midbrain,5.331934974356886,-0.371285051628823,-6.452897077596721,0.0033289452283866245,0.0,149,2940
Arterial endothelial cell,Midgut,5.062697509290928,0.011880475365103097,0.005857823065998691,0.030573553041110896,0.58,149,362
Arterial endothelial cell,Nascent somite,5.250644470677982,-0.25645288394394,-4.4149145513585895,0.011589913969306217,0.0,149,1056
Arterial endothelial cell,Notochord,4.976585046048935,-0.10655944918047429,-2.077347591324926,0.026000301860953118,0.67,149,288
Arterial endothelial cell,Olfactory placode,5.229548073743793,-0.03036521224416866,-0.6879853746577217,0.011011156494804423,0.86,149,317
Arterial endothelial cell,Otic placode,5.092961902381025,-0.08761160380954654,-0.694672699546394,0.015975613298349907,0.32,149,246
Arterial endothelial cell,Periocular mesoderm,5.21711099783856,0.13580962620225012,1.8060716598948066,0.01729588377683845,0.85,149,430
Arterial endothelial cell,Pharyngeal endoderm,5.067544779945167,-0.1783041954832282,-2.5898821304262367,0.007977650633053517,0.21,149,1138
Arterial endothelial cell,Pharyngeal mesoderm,5.6982423746979585,0.23476832953006146,4.319449648838596,0.006922351963778155,0.13,149,1100
Arterial endothelial cell,Pre-placodal ectoderm,5.384397031383156,-0.08905542558422219,-1.2553436671760003,0.0011295738668232133,0.4,149,1022
Arterial endothelial cell,Prechordal plate,4.634661458752777,-0.1251592398370366,-0.3650793407020782,0.07546373238734198,0.53,149,102
Arterial endothelial cell,Presomitic mesoderm,5.507042908290674,-0.2203224594582629,-4.137799935179252,0.0024378048534764094,0.01,149,3260
Arterial endothelial cell,Right ventricle,5.513147923205664,0.20354227941012284,3.7538752364306336,0.05039356917021591,0.79,149,696
Arterial endothelial cell,Roof plate (posterior),5.19222958344448,-0.22412903210739396,-3.0983371255830927,0.004824924839857806,0.02,149,450
Arterial endothelial cell,Sclerotome,5.357462823244116,-0.1388061839295173,-2.5999189978777615,0.01572226912961096,0.69,149,1380
Arterial endothelial cell,Second heart field (anterior),5.652253460069569,0.28079254162634576,4.414940765085702,0.0015424781159121405,0.08,149,703
Arterial endothelial cell,Second heart field (posterior),5.9167443483637845,0.47020845034764286,7.371878563538225,0.014094174381340042,0.0,149,1220
Arterial endothelial cell,Somatic mesoderm,5.693367689452461,0.03672320044207655,1.0596771407706775,0.011046316718858511,0.35,149,2132
Arterial endothelial cell,Spinal cord (cervical),5.368634443686211,-0.3298042142951652,-5.721862358777753,0.0009341028957872192,0.0,149,2173
Arterial endothelial cell,Spinal cord (thoracic),5.480843166552876,-0.26261796857541125,-4.895625599964448,0.0012429877215635859,0.01,149,3492
Arterial endothelial cell,Splanchnic mesoderm,5.831184429994775,0.1056626836163043,1.9799440138534699,0.001673410104763422,0.37,149,4186
Arterial endothelial cell,Splanchnic mesoderm (cardiopulmonary),4.527142042363319,0.10927075614722555,0.8293194686577707,0.01904453821248603,0.95,149,23
Arterial endothelial cell,Splanchnic mesoderm (septum transversum),5.4673141677673796,0.46128446577280285,4.732238718591393,0.03390475672990079,0.0,149,154
Arterial endothelial cell,Surface ectoderm (anterior),5.360771464119441,0.04875762968857641,0.4214619452534429,0.004910110931621942,0.83,149,693
Arterial endothelial cell,Surface ectoderm (posterior),5.360746070387825,0.05822196464017212,0.8729176511027386,0.0024130398536291193,0.84,149,669
Arterial endothelial cell,Telencephalon (dorsal),5.369775388580322,-0.3330634006882199,-5.813502767598425,0.0010097891020051095,0.0,149,4490
Arterial endothelial cell,Trunk neural crest,4.194194606063545,-0.25071351145169984,-1.2176065155580165,0.0020560581365407565,0.4,149,22
Arterial endothelial cell,Vagal neural crest,4.897627186733901,-0.20747049538787424,-2.1927519309432992,0.006139422714298481,0.11,149,176
Atria,Atria,8.499999999999998,-5.921189464667501e-16,-5.9210842850818365e-06,1.0518145402946825e-30,1.0,92,92
Atria,Atrioventricular canal,5.33315497331195,0.39463441447695136,5.369698470743129,0.1015850851405048,0.92,92,211
Atria,Axial progenitor,5.315085634559058,-0.13220483566530947,-1.7701634912975086,0.0028409003009684983,0.47,92,1269
Atria,Cranial neural crest (anterior),5.316606917413562,-0.11998226634124798,-1.8891221798177236,0.0017791221874266096,0.51,92,3191
Atria,Cranial neural crest (posterior),5.120556693119539,-0.05486391173197003,-1.3740660883632454,0.024055518705813607,0.53,92,476
Atria,Dermomyotome,5.463896970349626,-0.022309786608080213,-0.5752157383944777,0.00783248978215259,0.64,92,2561
Atria,Diencephalon,4.690222357056846,-0.2958152364275219,-1.9924320994268312,0.06983958604350805,0.83,92,169
Atria,Endocardial cell,5.131034949508284,0.2310533797327944,1.6401116071279158,0.13673676609093066,0.06,92,151
Atria,Endothelial cell,4.789856698069888,0.014261916787553139,1.3659383007619221,0.09956731261813223,0.37,92,99
Atria,Endothelial progenitor,5.640540444266687,0.17449071044136222,2.2839051030835367,0.0026926378743687917,0.12,92,1091
Atria,Epibranchial placode,5.163095133289322,0.18580086612043623,0.3055436308850612,0.23473220718377058,0.03,92,330
Atria,Extraembryonic mesoderm,5.096045172317573,0.06103904620721767,0.7442245625877774,0.011054009231538863,0.73,92,556
Atria,Eye field,4.72670555664184,-0.27327851188378727,-2.1595802144247727,0.022952882762950027,0.23,92,146
Atria,Floor plate (anterior),4.854194823269716,-0.2782070965763479,-3.4837935249553222,0.02450829636463146,0.33,92,600
Atria,Floor plate (posterior),4.895521257804174,-0.1429470537347918,-2.192910738140244,0.042758921895225774,0.45,92,357
Atria,Foregut,4.780840881007968,-0.16487361800846193,-2.0358428355986837,0.001838156337981964,0.42,92,477
Atria,Frontonasal mesenchyme,4.722982971830829,-0.203058998462744,-0.8821406505287526,0.11696854014848204,0.59,82,57
Atria,Head paraxial mesoderm,5.5671943045056835,0.15253635521480055,1.267455914910215,0.04057469536247074,0.78,92,3441
Atria,Hindbrain (isthmic organizer),5.289078889859042,-0.1886470911173177,-2.9826102456066876,0.02083968211810439,0.68,92,1531
Atria,Hindbrain (r1),5.208291152053207,-0.3021505355017335,-4.155950916452684,0.013942009914519205,0.0,92,2128
Atria,Hindbrain (r2-r4),5.261172523747359,-0.26626546706910403,-4.13761832570789,0.005309616533947313,0.15,92,2189
Atria,Hindbrain (r5-r8),5.262183823743951,-0.22720206644945465,-2.9090419653437904,0.006038430968801085,0.04,92,1457
Atria,Hindgut,4.763457309094978,-0.03036890577457137,-0.6189107370433614,0.034653235197107383,0.75,92,247
Atria,Hypothalamus,4.970489435837493,-0.2694430607503427,-3.0272497842714325,0.017361626278460003,0.16,92,765
Atria,Intermediate mesoderm,5.275955870484606,-0.14910347051613235,-2.0686569380643536,0.0003558071895229772,0.3,92,1173
Atria,Juxtacardiac field,5.198760569502947,0.29596158425020186,2.0063431741072844,0.0976008106484278,0.75,92,195
Atria,Left ventricle,5.059862856291592,-0.0016065949528076828,0.298769521054759,0.011340031586266107,0.67,92,493
Atria,Midbrain,5.227384616460579,-0.30328711035073636,-4.182113725646668,0.0010731261436361216,0.01,92,2940
Atria,Midgut,4.918646810945329,0.024764647968508708,-0.6583270954368078,0.10323928519772334,0.1,92,362
Atria,Nascent somite,5.114703069504283,-0.23253559451886532,-2.6527095324748466,0.005724266357320787,0.02,92,1056
Atria,Notochord,4.865600606940242,-0.06093419500312466,-0.8359329020322687,0.007045744222958521,0.94,92,288
Atria,Olfactory placode,5.130578467986942,0.03455640163599464,-0.3722086923453472,0.03903364091461145,0.52,92,317
Atria,Otic placode,5.017353049056914,0.005251342709112687,-0.37363646595254457,0.016824217631117383,0.68,92,246
Atria,Periocular mesoderm,4.879559161239423,-0.05236433210370824,-0.7579128829915035,0.04614954401630525,0.94,92,430
Atria,Pharyngeal endoderm,4.853643910581751,-0.22820389133933774,-2.9156134317101157,0.00020812570693628756,0.04,92,1138
Atria,Pharyngeal mesoderm,5.536415546176813,0.2394484332270211,3.1883321256069674,0.005458800213049185,0.02,92,1100
Atria,Pre-placodal ectoderm,5.22159060851135,-0.07999255313859018,-1.5677737991164011,0.010866995320374455,0.89,92,1022
Atria,Prechordal plate,4.57083147701479,-0.035542057217652655,-0.4180894232720698,0.02953162850327195,0.86,92,102
Atria,Presomitic mesoderm,5.415324425037485,-0.15049011266398082,-2.6199787303643745,0.0072295665672505085,0.72,92,3260
Atria,Right ventricle,5.274763716535881,0.1293981571006085,2.2531098673541794,0.07571096927042098,0.2,92,696
Atria,Roof plate (posterior),5.0277779040955535,-0.22971913720841788,-3.286991197707604,0.031898585159273046,0.57,92,450
Atria,Sclerotome,5.32167824483009,0.0018545508279101952,-0.7135646335229081,0.027330417897527933,0.45,92,1380
Atria,Second heart field (anterior),5.626075266800172,0.4199002791507149,5.896652533449213,0.07692150246491396,0.25,92,703
Atria,Second heart field (posterior),6.185315129291705,0.8997022057517216,13.01903708076609,0.00500184051162444,0.0,92,1220
Atria,Somatic mesoderm,5.711286148447269,0.2116255895219036,3.2581651876339266,0.0013031849238317602,0.14,92,2132
Atria,Spinal cord (cervical),5.233789679537132,-0.2921662643502397,-3.866403875482535,0.009294653132096658,0.0,92,2173
Atria,Spinal cord (thoracic),5.348385476370825,-0.22262669556914627,-3.989570918573667,0.00732728417237945,0.29,92,3492
Atria,Splanchnic mesoderm,5.835971379798316,0.2687010678006718,3.019109841324602,0.04529997804486441,0.05,92,4186
Atria,Splanchnic mesoderm (cardiopulmonary),3.951302200528692,-0.29972462150623197,-0.19871159711373979,0.4197788346302928,0.56,92,23
Atria,Splanchnic mesoderm (septum transversum),5.1508647931537554,0.316928645384911,3.344189255627517,0.032452827615487186,0.36,92,154
Atria,Surface ectoderm (anterior),5.1972488358243085,0.06657359237924698,0.23051255749121324,0.022956564409735532,0.33,92,693
Atria,Surface ectoderm (posterior),5.159845651035248,0.018912170539768347,0.027913520787708628,0.0026867702622431025,0.8,92,669
Atria,Telencephalon (dorsal),5.285492637089672,-0.24840036193529702,-3.5499090659738077,0.0021089380915999055,0.04,92,4490
Atria,Trunk neural crest,4.0862798471269945,-0.1634485883868987,-1.1308769933330127,0.023485124887056154,0.95,92,22
Atria,Vagal neural crest,4.767710288499074,-0.1760945653421627,-1.7641130991542973,0.00594815943486183,0.48,92,176
Atrioventricular canal,Atrioventricular canal,8.5,0.0,0.0,0.0,1.0,211,211
Atrioventricular canal,Axial progenitor,5.450066925542029,-0.1917157134963491,-4.60503799258426,0.007199776595042561,0.07,211,1269
Atrioventricular canal,Cranial neural crest (anterior),5.4565961673572,-0.1712204687233149,-3.4146190123628366,0.006016843093168314,0.13,211,3191
Atrioventricular canal,Cranial neural crest (posterior),5.226967415804854,-0.12325390149854787,-2.104554937441062,0.0016425949951921564,0.4,211,476
Atrioventricular canal,Dermomyotome,5.4327174985667455,-0.23295490216301426,-4.591817223715032,0.018018393335264643,0.0,211,2561
Atrioventricular canal,Diencephalon,4.860167714579661,-0.335217353326124,-3.2905349568228033,0.09324392241827406,0.14,211,169
Atrioventricular canal,Endocardial cell,5.626218254111149,0.5268848986816433,6.386138577466693,0.02106173988615873,0.0,211,151
Atrioventricular canal,Endothelial cell,5.038386169173237,0.09239801798986846,1.729151487127141,0.04907944048754924,0.5,211,99
Atrioventricular canal,Endothelial progenitor,5.670075579403798,0.023190009176068394,0.08285602012511961,0.014028251847913984,0.44,211,1091
Atrioventricular canal,Epibranchial placode,5.218483736543402,0.04975801242545804,0.452858328000502,0.01091463877245947,0.31,211,330
Atrioventricular canal,Extraembryonic mesoderm,5.498012001565269,0.2844736381838479,5.633306570053705,0.014191463873196149,0.18,211,556
Atrioventricular canal,Eye field,5.047472505274693,-0.14146996566804612,-1.8832377313389552,0.013230139673210066,0.82,211,146
Atrioventricular canal,Floor plate (anterior),5.057957514356847,-0.2591787844961975,-3.991836058878795,0.019109660934155448,0.01,211,600
Atrioventricular canal,Floor plate (posterior),5.113589441475333,-0.10219160904229636,-1.3910681701593595,0.010642435583576955,0.98,211,357
Atrioventricular canal,Foregut,5.036712331385809,-0.0830026334444242,-1.1138526645051972,0.02101358590618492,0.37,211,477
Atrioventricular canal,Frontonasal mesenchyme,5.009829465368942,-0.02834101930459232,-0.0070173780956277465,0.01598147228285614,0.48,180,57
Atrioventricular canal,Head paraxial mesoderm,5.597771764775921,0.004667207478068036,0.5064298920169225,0.00785249852542794,1.0,211,3441
Atrioventricular canal,Hindbrain (isthmic organizer),5.297267691900189,-0.3751430874503517,-6.949053444805401,0.017825127761565144,0.0,211,1531
Atrioventricular canal,Hindbrain (r1),5.273790403793352,-0.42525353677429073,-7.965186905396327,0.025974436665566883,0.0,211,2128
Atrioventricular canal,Hindbrain (r2-r4),5.391094660233615,-0.33016685558866943,-6.566556244662408,0.0035540862291351953,0.0,211,2189
Atrioventricular canal,Hindbrain (r5-r8),5.418875862142829,-0.26165660002504926,-4.93460696345941,0.010893251297103064,0.0,211,1457
Atrioventricular canal,Hindgut,4.820891256027863,-0.15038701412450717,-1.9388001467582245,0.004270397924034712,0.09,211,247
Atrioventricular canal,Hypothalamus,5.019163827591281,-0.40645370873990166,-6.453202561303449,0.02492647521161446,0.0,211,765
Atrioventricular canal,Intermediate mesoderm,5.376115425354111,-0.24440914660741045,-4.653357084695194,0.00781938932530974,0.01,211,1173
Atrioventricular canal,Juxtacardiac field,5.359681271835946,0.26567514515588275,3.549544423725635,0.01526198917424972,0.11,211,195
Atrioventricular canal,Left ventricle,6.176591633085404,0.9188315101781844,15.35547432665251,0.017345614150008366,0.0,211,493
Atrioventricular canal,Midbrain,5.320611042918881,-0.404846011699318,-8.033146291377074,0.019478900503595676,0.0,211,2940
Atrioventricular canal,Midgut,5.033583184282655,-0.04491503048650417,-0.6645770127033678,0.002861290604318268,0.85,211,362
Atrioventricular canal,Nascent somite,5.292261195207953,-0.23737607998887444,-4.441733094307665,0.031435427477307536,0.03,211,1056
Atrioventricular canal,Notochord,5.1723071094020945,0.07188405880476208,0.8661539934893122,0.0033054098984005953,0.77,211,288
Atrioventricular canal,Olfactory placode,5.3063025656889655,0.025254302065814176,-0.14201218425103077,0.023813967660617545,0.7,211,317
Atrioventricular canal,Otic placode,5.208702733343574,0.009149010255009138,-0.3946132792620923,0.010385892465300849,0.77,211,246
Atrioventricular canal,Periocular mesoderm,5.37224393796332,0.24213276295169361,3.006346446820221,0.011286151571005038,0.07,211,430
Atrioventricular canal,Pharyngeal endoderm,5.291196652982517,0.0230689905786375,0.2060888188541686,0.004585051273602066,0.72,211,1138
Atrioventricular canal,Pharyngeal mesoderm,5.666352884157342,0.18065724117452428,3.2808858494714452,0.016483342133270084,0.33,211,1100
Atrioventricular canal,Pre-placodal ectoderm,5.400944297900654,-0.0934737700649609,-1.5679691283132122,0.008958578915091636,0.71,211,1022
Atrioventricular canal,Prechordal plate,4.924342779570243,0.132759228843506,1.0106475889842954,0.055569766410198375,0.18,211,102
Atrioventricular canal,Presomitic mesoderm,5.509600211613429,-0.24461715728577893,-5.195105007460168,0.013799578845272064,0.0,211,3260
Atrioventricular canal,Right ventricle,5.835587782362448,0.4974941432601625,8.899831498739353,0.014570028718379134,0.0,211,696
Atrioventricular canal,Roof plate (posterior),5.380440964082315,-0.06078091473661799,-1.4527633930241102,0.010314510939786827,0.58,211,450
Atrioventricular canal,Sclerotome,5.375996591782598,-0.13603730595139898,-2.275678682009149,0.02331932984163023,0.33,211,1380
Atrioventricular canal,Second heart field (anterior),5.581917603751961,0.1791938972891831,3.3636104435251313,0.018660295693265494,0.66,211,703
Atrioventricular canal,Second heart field (posterior),6.060018644492747,0.6016509874637469,13.530810004023321,0.02942011342859766,0.0,211,1220
Atrioventricular canal,Somatic mesoderm,5.630089446558636,-0.05359597476159047,-1.4759626669021755,0.010757236351456463,0.5,211,2132
Atrioventricular canal,Spinal cord (cervical),5.423744154551419,-0.29402216845778373,-5.9954583811047115,0.0044444089959334385,0.0,211,2173
Atrioventricular canal,Spinal cord (thoracic),5.459290532859382,-0.3056250924947343,-6.4079384837030595,0.006943993615547367,0.0,211,3492
Atrioventricular canal,Splanchnic mesoderm,5.697797761622298,-0.0515790439857445,-1.735414918129479,0.00799078952979313,0.45,211,4186
Atrioventricular canal,Splanchnic mesoderm (cardiopulmonary),5.570744286958502,1.123011107304299,5.431343489493268,0.380032249235455,0.0,211,23
Atrioventricular canal,Splanchnic mesoderm (septum transversum),5.199503849916335,0.16526207825033504,1.952485089413229,0.003092528746832145,0.34,211,154
Atrioventricular canal,Surface ectoderm (anterior),5.253843195012434,-0.05877190809940617,-1.2538643873168056,0.027212426791411316,0.62,211,693
Atrioventricular canal,Surface ectoderm (posterior),5.287252336937647,-0.03916432967459116,-0.5887730014731689,0.0017760338195814168,0.83,211,669
Atrioventricular canal,Telencephalon (dorsal),5.366205355811019,-0.36069833181956046,-7.303767356268537,0.005565415163902125,0.0,211,4490
Atrioventricular canal,Trunk neural crest,4.407182330085125,-0.016339472450808135,-0.1182835793154573,0.0014369884796857201,0.97,211,22
Atrioventricular canal,Vagal neural crest,4.961848539754656,-0.17027930804970678,-2.3425014657051313,0.010625139166434039,0.41,211,176
Axial progenitor,Axial progenitor,8.5,0.0,0.0,0.0,1.0,1269,1269
Axial progenitor,Cranial neural crest (anterior),6.238550144728241,0.09029896355341756,3.944709539279644,0.004498215165222481,0.1,1269,3191
Axial progenitor,Cranial neural crest (posterior),6.0023667278949135,0.11989852921008264,3.4146032976125364,0.0023993407586760393,0.06,1269,476
Axial progenitor,Dermomyotome,6.173620519889195,-0.022229487607052196,-1.0342703737460508,0.00025969023474213174,0.75,1269,2561
Axial progenitor,Diencephalon,5.654916572137965,-0.06110743899980579,-0.2345663801176793,0.04093839910716181,0.84,1269,169
Axial progenitor,Endocardial cell,5.3850506714416655,-0.2302721595237074,-3.9236359578112165,0.007654899182134078,0.0,1269,151
Axial progenitor,Endothelial cell,5.418648188913227,-0.05571258999092669,-1.1847479323044499,0.008069019704813971,0.76,1269,99
Axial progenitor,Endothelial progenitor,6.018145796445808,-0.15489592177516562,-5.642809093878328,0.0013148825157659545,0.0,1269,1091
Axial progenitor,Epibranchial placode,5.639563177472463,-0.047413547345090734,-1.792188561465829,0.013020896988227788,0.39,1269,330
Axial progenitor,Extraembryonic mesoderm,5.4865350406502,-0.25683211577756754,-7.333699145292992,0.005279580281234098,0.0,1269,556
Axial progenitor,Eye field,5.763794029210984,0.053352250160148884,0.8064975172389343,0.004259151713322134,0.83,1269,146
Axial progenitor,Floor plate (anterior),5.838922722748758,-0.0033183140584922555,0.3186881817691593,0.018491597195733844,0.11,1269,600
Axial progenitor,Floor plate (posterior),5.835215365018463,0.09135692366754473,2.8896839638007705,0.024379274937201587,0.1,1269,357
Axial progenitor,Foregut,5.456779754082839,-0.19255070971687793,-5.816829326906107,0.020736382379455822,0.01,1269,477
Axial progenitor,Frontonasal mesenchyme,5.284428109318685,-0.19148737226154378,-0.9630152193212678,0.11123985238620565,0.39,1037,57
Axial progenitor,Head paraxial mesoderm,6.020778831066285,-0.09986018119221758,-5.589525387528359,0.0034176399109232818,0.29,1269,3441
Axial progenitor,Hindbrain (isthmic organizer),6.21317568705782,0.022177119754956287,1.0045427828912015,0.003635256725508129,0.99,1269,1531
Axial progenitor,Hindbrain (r1),6.266545466500568,0.04317410884626879,2.200019110860963,0.0017949511093845534,0.83,1269,2128
Axial progenitor,Hindbrain (r2-r4),6.3798621756335905,0.12652721298014255,5.830861927540894,0.0019410423673981716,0.01,1269,2189
Axial progenitor,Hindbrain (r5-r8),6.356973572969014,0.14900120946752762,5.657945650962167,0.0014762615256081713,0.0,1269,1457
Axial progenitor,Hindgut,5.167379013975279,-0.3267800587324672,-6.73706249837502,0.02370514054706207,0.0,1269,247
Axial progenitor,Hypothalamus,5.9507758368947945,-0.003499738143632728,-0.21733930305498003,0.006499671884504171,0.2,1269,765
Axial progenitor,Intermediate mesoderm,6.289376539073086,0.14300471499754894,5.667536414516735,0.002302625851038288,0.0,1269,1173
Axial progenitor,Juxtacardiac field,5.324036329052922,-0.30193775943119344,-4.800565932581791,0.03463077214765917,0.0,1269,195
Axial progenitor,Left ventricle,5.54961048257156,-0.2309962433492109,-7.295499211268154,0.007792040968478697,0.02,1269,493
Axial progenitor,Midbrain,6.308528993564053,0.057652748803317756,2.545624529414813,0.00105978721708563,0.14,1269,2940
Axial progenitor,Midgut,5.360580436083854,-0.2477725303187146,-5.97950332142193,0.02447051651076819,0.0,1269,362
Axial progenitor,Nascent somite,6.176218821121075,0.11604559337176597,4.146275156355163,0.0007065600289765897,0.0,1269,1056
Axial progenitor,Notochord,5.508726875411452,-0.12622642759621558,-3.204180320393538,0.014890421689942005,0.91,1269,288
Axial progenitor,Olfactory placode,5.844427495921799,0.03218370657738697,0.2371836530583374,0.011743647247883592,0.63,1269,317
Axial progenitor,Otic placode,5.781684646577584,0.05784071026789513,0.8935773074019652,0.0022126703516066252,0.76,1269,246
Axial progenitor,Periocular mesoderm,5.460245402948957,-0.17857084856142377,-5.616027001900062,0.01567936222987724,0.37,1269,430
Axial progenitor,Pharyngeal endoderm,5.589032619661154,-0.20365838834737668,-7.805630280350605,0.010400046441737943,0.0,1269,1138
Axial progenitor,Pharyngeal mesoderm,5.820912418771877,-0.19038473297464117,-7.7344922117185675,0.006116032607515779,0.04,1269,1100
Axial progenitor,Pre-placodal ectoderm,6.030209643377556,0.010314761991622253,-0.020041380964101425,0.00592069004761513,0.38,1269,1022
Axial progenitor,Prechordal plate,5.195186121301845,-0.11603760779488859,-2.4368372845033246,0.048039062804763284,0.28,1269,102
Axial progenitor,Presomitic mesoderm,6.912508871934492,0.6341501882224637,32.11474943490038,0.0035387124031523672,0.0,1269,3260
Axial progenitor,Right ventricle,5.673045511621513,-0.19145313517507745,-6.166410319221256,0.0003855761628444884,0.0,1269,696
Axial progenitor,Roof plate (posterior),6.1518485764543485,0.18069746465854575,4.88761896915169,4.300958151331239e-05,0.0,1269,450
Axial progenitor,Sclerotome,5.986335120602095,-0.053391361673268634,-2.2313654091411856,0.0021967034517406782,0.71,1269,1380
Axial progenitor,Second heart field (anterior),5.766315730373962,-0.15830009233203116,-5.514635433720283,0.005099986807718972,0.05,1269,703
Axial progenitor,Second heart field (posterior),5.789266878820807,-0.19734478875289665,-7.496796727489683,0.002047855960084835,0.0,1269,1220
Axial progenitor,Somatic mesoderm,6.163519022415613,-0.05099397817456749,-2.6935828026041726,0.003844542195318155,0.49,1269,2132
Axial progenitor,Spinal cord (cervical),6.511817019609541,0.2631735730522502,11.004549777852183,0.010238273465984615,0.0,1269,2173
Axial progenitor,Spinal cord (thoracic),7.0566993148142165,0.7630492947633911,37.609177319693515,0.004748015467867212,0.0,1269,3492
Axial progenitor,Splanchnic mesoderm,6.24122361935038,-0.035053114645581175,-2.012643411712142,0.0025536407901894788,0.35,1269,4186
Axial progenitor,Splanchnic mesoderm (cardiopulmonary),4.507372749570448,-0.5170156013946805,-2.710544732092197,0.18335160034361833,0.03,1269,23
Axial progenitor,Splanchnic mesoderm (septum transversum),5.427268802910859,-0.1292060924701799,-2.6839599479088,0.014244784588084305,0.95,1269,154
Axial progenitor,Surface ectoderm (anterior),5.8386982208720335,-0.009365206319154792,-0.28176360149714946,0.00034188262126126656,0.89,1269,693
Axial progenitor,Surface ectoderm (posterior),5.857256494303176,0.00527018060896219,0.1735842228130894,0.00484812888743804,0.65,1269,669
Axial progenitor,Telencephalon (dorsal),6.276867325582484,0.02021678963050307,0.9752905844407214,0.0006161756181495069,0.63,1269,4490
Axial progenitor,Trunk neural crest,5.129183745196826,0.16794773515628383,1.124325556971432,0.1432290116752017,0.5,1269,22
Axial progenitor,Vagal neural crest,5.816464252559016,0.15412051401162685,2.972206505577494,0.0050124664212802495,0.34,1269,176
Cranial neural crest (anterior),Cranial neural crest (anterior),8.5,0.0,0.0,0.0,1.0,3191,3191
Cranial neural crest (anterior),Cranial neural crest (posterior),6.443260047617488,0.5776351842805386,18.121136498411314,0.018177875433203636,0.0,3191,476
Cranial neural crest (anterior),Dermomyotome,6.025538364008592,-0.15736602036449465,-8.755590877110283,0.0002727688330081942,0.0,3191,2561
Cranial neural crest (anterior),Diencephalon,5.849143086708492,0.15330173391775936,3.2078494191905698,0.012163762170982261,0.56,3191,169
Cranial neural crest (anterior),Endocardial cell,5.352030616355674,-0.25617694610985947,-4.221667691631681,0.0003085125484463383,0.02,3191,151
Cranial neural crest (anterior),Endothelial cell,5.451188881829464,-0.006051269379418578,-0.42253466086885383,0.008818937024370652,0.49,3191,99
Cranial neural crest (anterior),Endothelial progenitor,6.081405769094396,-0.08213011953749098,-3.9219149344212236,0.004408781927093696,0.85,3191,1091
Cranial neural crest (anterior),Epibranchial placode,5.91129779354829,0.23057620655636826,4.776395762197817,0.01959851698076415,0.01,3191,330
Cranial neural crest (anterior),Extraembryonic mesoderm,5.45700342497769,-0.27396999072560985,-7.583587112008903,0.018926874983875554,0.0,3191,556
Cranial neural crest (anterior),Eye field,6.0168528852685945,0.3166701683009923,6.102950538809973,0.017454265294531545,0.0,3191,146
Cranial neural crest (anterior),Floor plate (anterior),5.554410942018104,-0.2756811436293504,-8.154904973674723,0.020009500083057952,0.0,3191,600
Cranial neural crest (anterior),Floor plate (posterior),5.4338866810452755,-0.29717771571133483,-6.646521882121514,0.0312844238773662,0.0,3191,357
Cranial neural crest (anterior),Foregut,5.3468074143767454,-0.2888429401493949,-7.883798557872477,0.04885544853530217,0.03,3191,477
Cranial neural crest (anterior),Frontonasal mesenchyme,6.469421620670944,1.0084955779068427,12.572969834265741,0.001996503555886983,0.0,2599,57
Cranial neural crest (anterior),Head paraxial mesoderm,5.894939612731427,-0.21392797861333998,-13.52430055070009,0.00399620445612979,0.0,3191,3441
Cranial neural crest (anterior),Hindbrain (isthmic organizer),6.463301876597687,0.28336156000422275,13.878775604319097,0.006886802464725994,0.0,3191,1531
Cranial neural crest (anterior),Hindbrain (r1),6.367916445730056,0.15789585137066867,9.267273942582769,0.004305002482148993,0.02,3191,2128
Cranial neural crest (anterior),Hindbrain (r2-r4),6.381012249720925,0.14063153779690918,8.182410958640864,0.0056850952995290555,0.0,3191,2189
Cranial neural crest (anterior),Hindbrain (r5-r8),6.209552008940065,0.014637410500785228,0.12461172774977299,0.0034463691635608588,0.24,3191,1457
Cranial neural crest (anterior),Hindgut,5.098914637743244,-0.37717184829564704,-7.624411599425056,0.033243098542686526,0.0,3191,247
Cranial neural crest (anterior),Hypothalamus,5.68379236294519,-0.25857032803730345,-8.1020940156513,0.014301027947895026,0.0,3191,765
Cranial neural crest (anterior),Intermediate mesoderm,6.13697778556504,0.002914452830016382,0.09540705239301395,0.00015098406627326005,0.88,3191,1173
Cranial neural crest (anterior),Juxtacardiac field,5.220606950702648,-0.3891396680829506,-5.635641143916786,0.08731758431429701,0.0,3191,195
Cranial neural crest (anterior),Left ventricle,5.465782360907412,-0.3048186545338319,-8.470347636785885,0.0030396968294084436,0.0,3191,493
Cranial neural crest (anterior),Midbrain,6.4981607599626825,0.25735209569399525,15.384805383131663,0.004159133376748982,0.0,3191,2940
Cranial neural crest (anterior),Midgut,5.240424797664036,-0.3553550964443879,-8.626836863477228,0.025840997475445143,0.0,3191,362
Cranial neural crest (anterior),Nascent somite,5.859643601518559,-0.1884208381310518,-7.16309041741755,0.016125718826775822,0.03,3191,1056
Cranial neural crest (anterior),Notochord,5.258191968818246,-0.3668321485022788,-7.518331415249096,0.06951512029583201,0.0,3191,288
Cranial neural crest (anterior),Olfactory placode,6.2808451203554725,0.48155686780756685,10.916818526879894,0.013437582001315486,0.0,3191,317
Cranial neural crest (anterior),Otic placode,6.115986060213449,0.40299773861997473,7.552890367887453,0.021828365169527388,0.0,3191,246
Cranial neural crest (anterior),Periocular mesoderm,5.3559958986663645,-0.26832467062000404,-6.397487316789504,0.04964121380669533,0.4,3191,430
Cranial neural crest (anterior),Pharyngeal endoderm,5.498690628531186,-0.28439225115889083,-10.68750711190853,0.028878827834942965,0.0,3191,1138
Cranial neural crest (anterior),Pharyngeal mesoderm,5.819237178200905,-0.17527323169109513,-7.030925183187573,0.0031217728402636096,0.0,3191,1100
Cranial neural crest (anterior),Pre-placodal ectoderm,6.689206486981366,0.679037266592062,26.572058727202105,0.03287136387707707,0.0,3191,1022
Cranial neural crest (anterior),Prechordal plate,5.059311559816305,-0.23196240621138534,-3.2900757231237754,0.0013276140680522643,0.02,3191,102
Cranial neural crest (anterior),Presomitic mesoderm,6.251503386228059,-0.014983750436267762,-0.37630752908051196,0.002739422879683073,0.27,3191,3260
Cranial neural crest (anterior),Right ventricle,5.570134893442052,-0.279461641093621,-9.72197917882675,0.00622103709283715,0.0,3191,696
Cranial neural crest (anterior),Roof plate (posterior),6.35655807687399,0.39911028487772854,11.365750759945234,0.009980279494069582,0.0,3191,450
Cranial neural crest (anterior),Sclerotome,5.863427517193785,-0.16482374767407157,-7.733588101017792,0.001506635921256613,0.0,3191,1380
Cranial neural crest (anterior),Second heart field (anterior),5.768220881499399,-0.14447214935455932,-5.756913256395372,0.0037173463984882,0.11,3191,703
Cranial neural crest (anterior),Second heart field (posterior),5.878278033956782,-0.09526185392852089,-4.7966454040772915,0.0036629585101269103,0.51,3191,1220
Cranial neural crest (anterior),Somatic mesoderm,6.226052701605165,0.024347559491291488,0.06617253430743142,0.016990860270961444,0.69,3191,2132
Cranial neural crest (anterior),Spinal cord (cervical),6.270517020041517,0.03441811602553191,1.7335253600900937,0.0009727752195833649,0.68,3191,2173
Cranial neural crest (anterior),Spinal cord (thoracic),6.341607608675571,0.0622441931022483,3.230158387029107,0.002704923162449713,0.75,3191,3492
Cranial neural crest (anterior),Splanchnic mesoderm,6.329309615677282,0.06668509569332463,2.997824101756867,0.011550926350938847,0.3,3191,4186
Cranial neural crest (anterior),Splanchnic mesoderm (cardiopulmonary),4.602777541404953,-0.3453011972558258,-1.7723859326497926,0.08149988778627534,0.26,3191,23
Cranial neural crest (anterior),Splanchnic mesoderm (septum transversum),5.494036018906307,-0.05553225602433187,-1.1239747211357407,0.004291614102134153,0.86,3191,154
Cranial neural crest (anterior),Surface ectoderm (anterior),6.159475141995814,0.3233126922633363,10.71654983675767,0.024948743704540283,0.0,3191,693
Cranial neural crest (anterior),Surface ectoderm (posterior),6.107403393445108,0.265335956839673,6.977298868402559,0.025099776714736805,0.0,3191,669
Cranial neural crest (anterior),Telencephalon (dorsal),6.668317166472536,0.427728936471165,27.328609462934796,0.006838125590389931,0.0,3191,4490
Cranial neural crest (anterior),Trunk neural crest,5.178448784917734,0.23783790023068838,1.5823649920031755,0.012766360401567992,0.67,3191,22
Cranial neural crest (anterior),Vagal neural crest,6.088876959331203,0.446218413409379,6.628653822030035,0.04316247129902123,0.0,3191,176
Cranial neural crest (posterior),Cranial neural crest (posterior),8.5,0.0,0.0,0.0,1.0,476,476
Cranial neural crest (posterior),Dermomyotome,5.767477860263424,-0.14185614491312956,-4.871666449693158,0.004299107064397614,0.13,476,2561
Cranial neural crest (posterior),Diencephalon,5.438399179050094,0.003652198070244417,0.35431372866747907,0.0062041841344285115,0.87,476,169
Cranial neural crest (posterior),Endocardial cell,5.207011348720339,-0.12481763455485388,-2.007862813517066,0.002892169637770634,0.52,476,151
Cranial neural crest (posterior),Endothelial cell,5.230724089671598,0.04953884222851842,-0.1271266936520473,0.04029465221207017,0.64,476,99
Cranial neural crest (posterior),Endothelial progenitor,5.8732250338833865,-0.01717790534718322,-0.23909322200066244,0.0011892819820334252,0.53,476,1091
Cranial neural crest (posterior),Epibranchial placode,5.590827883729879,0.18967741630055546,2.4954808952562426,0.030825909562522204,0.1,476,330
Cranial neural crest (posterior),Extraembryonic mesoderm,5.253094304853137,-0.2053053917010151,-3.933454822644802,0.005798126910133707,0.0,476,556
Cranial neural crest (posterior),Eye field,5.518999787595728,0.10176484233519527,1.4924262618777802,0.0032237410636943896,0.51,476,146
Cranial neural crest (posterior),Floor plate (anterior),5.38743418589948,-0.17835708297962208,-3.637998999490293,0.0033110560018245225,0.02,476,600
Cranial neural crest (posterior),Floor plate (posterior),5.203183117759214,-0.2620343771433203,-5.170317564558893,0.004430630709910784,0.0,476,357
Cranial neural crest (posterior),Foregut,5.224743577444424,-0.141152304800458,-2.2851128438626165,0.04944385273381331,0.0,476,477
Cranial neural crest (posterior),Frontonasal mesenchyme,5.580399349028832,0.34233309823060365,3.1732029694196275,0.05148274500204758,0.0,408,57
Cranial neural crest (posterior),Head paraxial mesoderm,5.705726421212396,-0.132305256422265,-4.858423763373627,0.008909688775259219,0.44,476,3441
Cranial neural crest (posterior),Hindbrain (isthmic organizer),6.067065949841408,0.15882542136165068,4.177906979009033,0.002247181428030938,0.0,476,1531
Cranial neural crest (posterior),Hindbrain (r1),6.085142822351412,0.14590888655987508,3.8269478197986584,0.0029401562731055466,0.0,476,2128
Cranial neural crest (posterior),Hindbrain (r2-r4),6.3470863064239715,0.378011102756183,11.69493242160786,0.023058701218307345,0.0,476,2189
Cranial neural crest (posterior),Hindbrain (r5-r8),6.119951030640327,0.20180455349941617,5.172164586304931,0.004641564387139667,0.0,476,1457
Cranial neural crest (posterior),Hindgut,4.92968705520949,-0.27929668587755135,-3.819273085680887,0.06120452036601996,0.68,476,247
Cranial neural crest (posterior),Hypothalamus,5.473031393072103,-0.19721316760593113,-4.115553469445379,0.005158959317140415,0.01,476,765
Cranial neural crest (posterior),Intermediate mesoderm,5.937492180940488,0.07578274723911882,1.1230720070787588,0.02438782356158646,0.75,476,1173
Cranial neural crest (posterior),Juxtacardiac field,5.16083152289218,-0.1841561963857131,-1.77796652308845,0.058478208510313476,0.38,476,195
Cranial neural crest (posterior),Left ventricle,5.263882457951975,-0.2334678346992026,-4.8875227546459215,0.002347226896881612,0.0,476,493
Cranial neural crest (posterior),Midbrain,6.027826624070997,0.06180235917792635,1.5056931741957211,0.0021302931460735,0.4,476,2940
Cranial neural crest (posterior),Midgut,5.172331614709251,-0.1522750711980215,-2.56016287971987,0.024548234157475816,0.43,476,362
Cranial neural crest (posterior),Nascent somite,5.624983863388064,-0.1518822758743784,-4.234599911287396,0.004367578920495465,0.0,476,1056
Cranial neural crest (posterior),Notochord,5.060121838898901,-0.28118858149208376,-4.672459881999536,0.004392313471784852,0.0,476,288
Cranial neural crest (posterior),Olfactory placode,5.705346324163352,0.1755833102833293,3.0113232122719302,0.009410342503688161,0.14,476,317
Cranial neural crest (posterior),Otic placode,5.786146266436344,0.3471265305790805,5.250108664021321,0.037962628653365506,0.0,476,246
Cranial neural crest (posterior),Periocular mesoderm,5.250551155427706,-0.09811484229288059,-1.197170530296518,0.010433394229283344,0.46,476,430
Cranial neural crest (posterior),Pharyngeal endoderm,5.323404494493415,-0.18386736965890163,-4.420138123187716,0.01994485250824382,0.48,476,1138
Cranial neural crest (posterior),Pharyngeal mesoderm,5.633905914598183,-0.09262332477286013,-2.6582974266636836,0.005832056061046677,0.31,476,1100
Cranial neural crest (posterior),Pre-placodal ectoderm,6.104605949322394,0.36664093168378703,7.883296172038539,0.02046628160535304,0.0,476,1022
Cranial neural crest (posterior),Prechordal plate,4.867259064305895,-0.16296128618433414,-2.3246465827136107,0.01715489481585711,0.59,476,102
Cranial neural crest (posterior),Presomitic mesoderm,6.0800491430503145,0.08727256089641393,2.2101261826194283,0.006794246981095364,0.24,476,3260
Cranial neural crest (posterior),Right ventricle,5.481506167481722,-0.09561297228877959,-1.6996554485223794,0.010409400848500392,0.51,476,696
Cranial neural crest (posterior),Roof plate (posterior),6.327432573902826,0.6390256893131131,12.988600506519239,0.014885322421386746,0.0,476,450
Cranial neural crest (posterior),Sclerotome,5.600005889510336,-0.15989786517928697,-5.184030312144337,0.008195910683099593,0.3,476,1380
Cranial neural crest (posterior),Second heart field (anterior),5.610993314730801,-0.0335397316406126,-0.8785749844074724,0.00044885722215195557,0.78,476,703
Cranial neural crest (posterior),Second heart field (posterior),5.647190818174842,-0.05530174919947909,-1.97149533817796,0.006190662004756768,0.97,476,1220
Cranial neural crest (posterior),Somatic mesoderm,5.958938009691415,0.03158282795618916,0.06552675197203024,0.02121063332474994,0.4,476,2132
Cranial neural crest (posterior),Spinal cord (cervical),6.04229030453515,0.07936226516337659,2.4902495892795713,0.0018712669314574423,0.38,476,2173
Cranial neural crest (posterior),Spinal cord (thoracic),6.139135178407673,0.13148343047030556,3.8947682397650545,0.0024908743476400826,0.0,476,3492
Cranial neural crest (posterior),Splanchnic mesoderm,6.08315463641922,0.09526466223406722,2.2464564150264406,0.013422538228283968,0.49,476,4186
Cranial neural crest (posterior),Splanchnic mesoderm (cardiopulmonary),4.377519659297619,-0.3268328272451506,-1.022494940472466,0.2248319457779221,0.7,476,23
Cranial neural crest (posterior),Splanchnic mesoderm (septum transversum),5.202312001300768,-0.0680087385119809,-1.0272834970469746,0.017302360953087136,0.2,476,154
Cranial neural crest (posterior),Surface ectoderm (anterior),5.784144029027935,0.21851162727730897,3.785284329776873,0.04142585047373295,0.05,476,693
Cranial neural crest (posterior),Surface ectoderm (posterior),5.778301742164402,0.20043412914401237,3.1892015224908232,0.03542506815466798,0.07,476,669
Cranial neural crest (posterior),Telencephalon (dorsal),6.121288274863933,0.14927856629209715,4.404091980286874,0.0023416771860425693,0.0,476,4490
Cranial neural crest (posterior),Trunk neural crest,4.993656410290519,0.3126494260465516,2.4452396192666863,0.11828459549225295,0.84,476,22
Cranial neural crest (posterior),Vagal neural crest,5.96148385258628,0.587161584107679,9.115628574984802,0.008548301995676038,0.0,476,176
Dermomyotome,Dermomyotome,8.5,0.0,0.0,0.0,1.0,2561,2561
Dermomyotome,Diencephalon,5.709492888991043,-0.027954671552175608,-0.7318722391897046,0.004816897843767475,0.99,2561,169
Dermomyotome,Endocardial cell,5.39601449672467,-0.26186904590881915,-4.410922351267144,0.01704882777913254,0.0,2561,151
Dermomyotome,Endothelial cell,5.522707449045176,0.014278484889083861,-0.5645659208095443,0.030358703260557337,0.22,2561,99
Dermomyotome,Endothelial progenitor,6.395318944770865,0.1935400195834213,8.795328438405987,0.0004583890085822616,0.0,2561,1091
Dermomyotome,Epibranchial placode,5.499812481739077,-0.2195167819314093,-6.008430531198198,0.011266658981105097,0.18,2561,330
Dermomyotome,Extraembryonic mesoderm,5.533628938490813,-0.24158825669414874,-7.294610592160137,0.0009637298360034031,0.0,2561,556
Dermomyotome,Eye field,5.628200617257806,-0.1134222104112433,-2.275517313777172,0.018475507996916725,0.76,2561,146
Dermomyotome,Floor plate (anterior),5.765929638057951,-0.10671164437397322,-3.205029811089721,0.017270666030674765,0.12,2561,600
Dermomyotome,Floor plate (posterior),5.770530894021635,-0.0076146930907222314,0.48172183546177944,0.02768751300936139,0.31,2561,357
Dermomyotome,Foregut,5.4158846828316625,-0.2623958658309095,-8.090779140581866,0.005271314816136158,0.0,2561,477
Dermomyotome,Frontonasal mesenchyme,5.434287422798755,-0.04208915699389726,-0.31393569656377973,0.0019402969775475548,0.8,1995,57
Dermomyotome,Head paraxial mesoderm,6.573442790580608,0.42247718712795673,26.644595070128087,0.005310834713963188,0.0,2561,3441
Dermomyotome,Hindbrain (isthmic organizer),6.171411080248389,-0.0481975139781771,-2.9179020735316867,0.006876850750845453,0.26,2561,1531
Dermomyotome,Hindbrain (r1),6.137677338673449,-0.11576763110573414,-6.5180867745622235,3.8505635566616587e-05,0.0,2561,2128
Dermomyotome,Hindbrain (r2-r4),6.205048533715704,-0.07683312549345889,-4.125183529125151,0.0001628074607572195,0.0,2561,2189
Dermomyotome,Hindbrain (r5-r8),6.140728607720768,-0.09719892649049851,-4.946146000807469,0.000817849887972544,0.02,2561,1457
Dermomyotome,Hindgut,5.141895882754681,-0.37633332941255127,-8.325221353124379,0.045152504947502156,0.0,2561,247
Dermomyotome,Hypothalamus,5.923742806994947,-0.06338620425106208,-2.1178397203280497,0.0021260351847805035,0.56,2561,765
Dermomyotome,Intermediate mesoderm,6.493785884840527,0.31632160748370514,15.231570708463545,0.00672812774827909,0.0,2561,1173
Dermomyotome,Juxtacardiac field,5.431480946272937,-0.22704689623289198,-3.58606736547976,0.03128162855587718,0.07,2561,195
Dermomyotome,Left ventricle,5.621127719076302,-0.19385782666681362,-6.18091314074876,0.0013680284344318317,0.01,2561,493
Dermomyotome,Midbrain,6.1724269581380495,-0.11350837930975466,-6.732485063159324,0.00021485968793765917,0.0,2561,2940
Dermomyotome,Midgut,5.352324318052638,-0.2906947370904088,-7.964358004181861,0.0180789047370386,0.0,2561,362
Dermomyotome,Nascent somite,6.498351370886763,0.40730143073152786,18.69465527624265,0.0009603703048902879,0.0,2561,1056
Dermomyotome,Notochord,5.66984854490419,0.00919504811551993,0.4986421001688153,0.005291060442990731,0.2,2561,288
Dermomyotome,Olfactory placode,5.667813205013548,-0.16757382645028387,-4.52714349796909,0.0008643981910033339,0.0,2561,317
Dermomyotome,Otic placode,5.636090624433788,-0.11168641444480236,-3.7271158973571583,0.01882576824909136,0.62,2561,246
Dermomyotome,Periocular mesoderm,5.61153190697864,-0.05794121665452708,-2.373743251965267,0.009960244616459678,0.44,2561,430
Dermomyotome,Pharyngeal endoderm,5.608474070231336,-0.2160538848441087,-9.584226396518327,0.018420114449682806,0.0,2561,1138
Dermomyotome,Pharyngeal mesoderm,6.133487136043236,0.08910156338019348,4.059888564266701,0.0014542336626913901,0.15,2561,1100
Dermomyotome,Pre-placodal ectoderm,5.853304012759129,-0.19888707598395547,-8.20255931476481,0.0010080695027349647,0.0,2561,1022
Dermomyotome,Prechordal plate,5.201734834444023,-0.1424041451370434,-1.6210440378997495,0.024784606725856653,0.96,2561,102
Dermomyotome,Presomitic mesoderm,6.395374977783011,0.08292824583084268,4.8338991681806345,0.0011113871079178194,0.0,2561,3260
Dermomyotome,Right ventricle,5.76959119707976,-0.12290829388847306,-4.588198231924429,0.004556066322987989,0.04,2561,696
Dermomyotome,Roof plate (posterior),5.954378065265808,-0.044857283471724095,-1.4490694579634962,0.00252972535283797,0.76,2561,450
Dermomyotome,Sclerotome,7.035895329008423,0.9633526486340817,43.9494658019157,0.0049084548441551065,0.0,2561,1380
Dermomyotome,Second heart field (anterior),5.9653362630039375,0.01097372256112165,0.3386706744985768,0.0005961892309329129,0.54,2561,703
Dermomyotome,Second heart field (posterior),5.96523417458135,-0.053160814650834,-2.5022327913617857,0.00025916450003569063,0.23,2561,1220
Dermomyotome,Somatic mesoderm,6.563849060583418,0.31955427015871685,16.35721978883281,0.0031123247662297945,0.0,2561,2132
Dermomyotome,Spinal cord (cervical),6.266248243358558,-0.006803380269418587,-0.6876665507123304,0.005105085973317643,0.06,2561,2173
Dermomyotome,Spinal cord (thoracic),6.325498490949198,0.002124378968987095,0.3154645719551094,0.000710109414020614,0.52,2561,3492
Dermomyotome,Splanchnic mesoderm,6.336314438226746,0.03058456522760385,1.3085729407648397,0.0047917504648006025,0.41,2561,4186
Dermomyotome,Splanchnic mesoderm (cardiopulmonary),4.530169716584059,-0.502658635436529,-3.044917206842006,0.08060001600727512,0.01,2561,23
Dermomyotome,Splanchnic mesoderm (septum transversum),5.421966327529996,-0.1631723389562172,-3.2389694600383527,0.0015275743255197774,0.1,2561,154
Dermomyotome,Surface ectoderm (anterior),5.68168007881265,-0.19556542081891207,-7.617475593895601,0.0046877863121977045,0.01,2561,693
Dermomyotome,Surface ectoderm (posterior),5.683982011569522,-0.19950444095540862,-7.54536809599739,0.01110118187209186,0.09,2561,669
Dermomyotome,Telencephalon (dorsal),6.160885298643465,-0.12231724820615497,-8.051153005513749,0.00013405202608272816,0.0,2561,4490
Dermomyotome,Trunk neural crest,4.950830512000388,-0.041453607466586696,-0.419665741175137,0.022235113053428953,0.47,2561,22
Dermomyotome,Vagal neural crest,5.586721301225041,-0.10038957855999946,-1.9832495359157647,0.001014703017786703,0.36,2561,176
Diencephalon,Diencephalon,8.5,0.0,0.0,0.0,1.0,169,169
Diencephalon,Endocardial cell,5.064486378106682,-0.10064203758880375,-1.4175577661186354,0.004549396728884176,0.9,169,151
Diencephalon,Endothelial cell,4.73597208731716,-0.27126907988297805,-2.59520489498634,0.0005973781571133163,0.44,169,99
Diencephalon,Endothelial progenitor,5.507339560538547,-0.2126901168112608,-3.6516849384191112,0.016547501270794705,0.09,169,1091
Diencephalon,Epibranchial placode,4.971229600484249,-0.2570978097602786,-3.154159596828778,0.026802659054924446,0.05,169,330
Diencephalon,Extraembryonic mesoderm,5.030300133674603,-0.2568865163928189,-3.719913674264911,0.026995293123490798,0.28,169,556
Diencephalon,Eye field,5.531443694374917,0.2708059630574959,3.481734658967628,0.015864286169458022,0.34,169,146
Diencephalon,Floor plate (anterior),5.621980549070332,0.2296536764525007,3.181120010231109,0.023140904909255817,0.08,169,600
Diencephalon,Floor plate (posterior),5.299759411272881,0.009062273293316695,0.036702869723668576,0.0176880360080689,0.96,169,357
Diencephalon,Foregut,5.117089523711241,-0.08335498505128047,-1.5273541283126495,0.0072188666235160825,0.81,169,477
Diencephalon,Frontonasal mesenchyme,4.89744312039579,-0.19456519689886242,-1.2280475309542855,0.031712313591790046,0.5,143,57
Diencephalon,Head paraxial mesoderm,5.565862189549314,-0.10451772550349858,-1.8916233504546873,0.006108577503390214,0.74,169,3441
Diencephalon,Hindbrain (isthmic organizer),6.165471654716456,0.42871587825508656,8.3648667325377,0.02587081460823229,0.0,169,1531
Diencephalon,Hindbrain (r1),6.108991098791705,0.3389351941751014,6.15098592350803,0.0004619038837736318,0.0,169,2128
Diencephalon,Hindbrain (r2-r4),5.99447025968876,0.19185791074044042,3.6420256568360827,0.001973263476423482,0.05,169,2189
Diencephalon,Hindbrain (r5-r8),5.866267127114675,0.10619337089259033,1.7958901336849606,0.0008474599224865711,0.1,169,1457
Diencephalon,Hindgut,4.83540698859947,-0.21105109104620023,-2.236523453731296,0.07832029666980955,0.35,169,247
Diencephalon,Hypothalamus,5.8800110565272865,0.3896226388512079,6.0528430486211215,0.0015123091182708778,0.0,169,765
Diencephalon,Intermediate mesoderm,5.678985461339738,-0.01523613969162696,-0.19098821994949802,0.0007034333354080904,0.7,169,1173
Diencephalon,Juxtacardiac field,4.983406923094298,-0.19434311965239934,-1.6935977576365435,0.03159185063545629,0.26,169,195
Diencephalon,Left ventricle,5.2138656312221485,-0.11683116614740315,-1.8425686322962604,0.004350324271379239,0.46,169,493
Diencephalon,Midbrain,6.5284787026355415,0.725975004671532,13.948388255903254,0.020420465868459088,0.0,169,2940
Diencephalon,Midgut,4.98308184023671,-0.16686593046313933,-1.9751583503046029,0.04442714676625749,0.51,169,362
Diencephalon,Nascent somite,5.624129258890096,0.01484809313581111,0.2686893935091193,0.0006568560555734201,0.94,169,1056
Diencephalon,Notochord,5.184811108634434,-0.000993581548200358,0.049857133056347945,0.0023011206350427916,0.96,169,288
Diencephalon,Olfactory placode,5.340010386131605,-0.01756896757031286,0.23238985673461962,0.029744310178760374,0.82,169,317
Diencephalon,Otic placode,5.108259522615096,-0.17049721686371525,-1.4043295686483805,0.03791345202413518,0.55,169,246
Diencephalon,Periocular mesoderm,5.238815623642297,0.04871877866160398,-0.40199224088380436,0.04853069421182675,0.92,169,430
Diencephalon,Pharyngeal endoderm,5.260105475410472,-0.08075966905642407,-1.4420373634169872,0.00017943692418532814,0.39,169,1138
Diencephalon,Pharyngeal mesoderm,5.407052170114139,-0.1484833778279461,-2.682515307567893,0.002781030936850177,0.32,169,1100
Diencephalon,Pre-placodal ectoderm,5.5703554378919025,-0.0031860926414424284,0.048016679383272,0.005912099522629343,0.79,169,1022
Diencephalon,Prechordal plate,4.685607921455488,-0.17144873882525413,-1.1701606858947684,0.03303782908876674,0.72,169,102
Diencephalon,Presomitic mesoderm,5.752760607062426,-0.0834886170277116,-1.3646927451390838,0.00796678906845301,0.61,169,3260
Diencephalon,Right ventricle,5.26363628532966,-0.15514689645884752,-2.373695063874486,0.001069632911557958,0.06,169,696
Diencephalon,Roof plate (posterior),5.558284596047997,0.04259194478821934,0.5508946239974507,0.01037329875284878,0.56,169,450
Diencephalon,Sclerotome,5.562861318904848,-0.024524091741667142,-0.714019731569528,0.005030458448444278,0.84,169,1380
Diencephalon,Second heart field (anterior),5.316737410528329,-0.1583086389266987,-2.4564718889985957,0.005119419733071454,0.24,169,703
Diencephalon,Second heart field (posterior),5.3631914982074695,-0.1728006908873446,-2.992716753861908,0.0009646295311875135,0.06,169,1220
Diencephalon,Somatic mesoderm,5.56567266137881,-0.20083804130049643,-3.517985056587054,0.008000001816676816,0.01,169,2132
Diencephalon,Spinal cord (cervical),5.959723982635758,0.1619579258104459,3.02819564090661,0.0017924762482176648,0.08,169,2173
Diencephalon,Spinal cord (thoracic),5.903116344718156,0.05880426342885,1.1140322987458007,0.00035817412543650233,0.47,169,3492
Diencephalon,Splanchnic mesoderm,5.626060447755168,-0.1918091231741975,-3.5143091921849066,0.0034464059334400813,0.0,169,4186
Diencephalon,Splanchnic mesoderm (cardiopulmonary),4.370424206133026,-0.18941888435373336,-0.700028082819596,0.03611563934830897,0.81,169,23
Diencephalon,Splanchnic mesoderm (septum transversum),4.88117024999342,-0.23962014786803612,-2.610303233587645,0.0034995330172894676,0.17,169,154
Diencephalon,Surface ectoderm (anterior),5.349512471681119,-0.04821545341565899,-1.0659337005508627,0.007121487215134916,0.78,169,693
Diencephalon,Surface ectoderm (posterior),5.208295390761818,-0.19138490571758027,-2.436925462687468,0.0038373216253218133,0.09,169,669
Diencephalon,Telencephalon (dorsal),6.5667882035392395,0.7688644541916387,13.758532286946837,0.01982392899744256,0.0,169,4490
Diencephalon,Trunk neural crest,4.583958517482557,0.06218785760520321,0.07857366862452238,0.03874654771573716,0.46,169,22
Diencephalon,Vagal neural crest,5.122665467106823,-0.07935218218116506,-0.21227342482788916,0.059015720906045704,0.49,169,176
Endocardial cell,Endocardial cell,8.5,0.0,0.0,0.0,1.0,151,151
Endocardial cell,Endothelial cell,5.166606430292434,0.23330029451000525,2.0555617577183947,0.040383062677131355,0.9,151,99
Endocardial cell,Endothelial progenitor,5.506799527912299,-0.11650805044542938,-2.033134974903451,0.007221024401868944,0.58,151,1091
Endocardial cell,Epibranchial placode,5.0879884267979545,-0.06761267539966731,-1.3347078427379948,0.01007062551153389,0.83,151,330
Endocardial cell,Extraembryonic mesoderm,5.538632196752915,0.34113848422720583,5.521408725174713,0.022460636762326833,0.02,151,556
Endocardial cell,Eye field,5.112500450775049,-0.047169959394898285,-0.5554770206107282,0.005754654037575136,0.81,151,146
Endocardial cell,Floor plate (anterior),5.297029959275686,-0.011374487139642989,-0.20685322392287894,0.015344584654215598,0.29,151,600
Endocardial cell,Floor plate (posterior),5.22595309354866,0.02992895309024579,0.5353036992114671,0.06157005774386466,0.17,151,357
Endocardial cell,Foregut,5.226815224961143,0.12341821857287301,1.8567770880472032,0.009517117635355761,0.72,151,477
Endocardial cell,Frontonasal mesenchyme,4.81167896146874,-0.19546932154300212,-1.6611592861273268,0.011148382274464618,0.11,129,57
Endocardial cell,Head paraxial mesoderm,5.525351234988942,-0.05998059192611797,-0.9690428984381493,0.019708013720785525,0.19,151,3441
Endocardial cell,Hindbrain (isthmic organizer),5.375529000791592,-0.26584175828657103,-4.381328977860304,0.005338839804361192,0.0,151,1531
Endocardial cell,Hindbrain (r1),5.4079756749997765,-0.2748824274812091,-4.0256224849718985,0.03118155181276426,0.0,151,2128
Endocardial cell,Hindbrain (r2-r4),5.45158654202774,-0.2621636033307482,-4.506763303630418,0.021405024534382443,0.0,151,2189
Endocardial cell,Hindbrain (r5-r8),5.4372474093860985,-0.22760889775806734,-3.6152071712536897,0.012324126815135448,0.0,151,1457
Endocardial cell,Hindgut,5.14383034630507,0.19116636227826392,2.3768633365012204,0.004381331849231803,0.1,151,247
Endocardial cell,Hypothalamus,5.279278785424694,-0.12971247819697732,-1.8412541286749133,0.002526179487159103,0.19,151,765
Endocardial cell,Intermediate mesoderm,5.292558218924934,-0.30510129879201475,-4.781516583346375,0.019736228449276673,0.0,151,1173
Endocardial cell,Juxtacardiac field,5.171107714774011,0.09163250591146473,2.4636995262497456,0.12518775539750976,0.06,151,195
Endocardial cell,Left ventricle,5.8713317227690895,0.6283078211569801,10.819020772873023,0.13623800915517023,0.04,151,493
Endocardial cell,Midbrain,5.421436226283827,-0.2892002598480463,-4.673985450970647,0.00399719771885734,0.0,151,2940
Endocardial cell,Midgut,5.171483517374293,0.11473431238751974,1.6269747040658478,0.010738210676675675,0.63,151,362
Endocardial cell,Nascent somite,5.264052683870414,-0.24980320081616547,-3.7946535053622825,0.07455748593616578,0.09,151,1056
Endocardial cell,Notochord,5.180148081309792,0.09765963019995372,2.360296435191376,0.12107139489460328,0.14,151,288
Endocardial cell,Olfactory placode,5.108343020673912,-0.15418052678854308,-2.372484991501031,0.014410038035465235,0.84,151,317
Endocardial cell,Otic placode,5.062059657522557,-0.12329436894993595,-2.287252982712013,0.018589378166768936,0.83,151,246
Endocardial cell,Periocular mesoderm,5.351988590082581,0.25423866392446176,4.015524387193777,0.0494011835475512,0.38,151,430
Endocardial cell,Pharyngeal endoderm,5.3663005062459375,0.11646865761965171,2.375420537470387,0.009128939293578142,0.91,151,1138
Endocardial cell,Pharyngeal mesoderm,5.57640686427996,0.10963568676216824,1.7993250734029462,0.00013125697977704005,0.24,151,1100
Endocardial cell,Pre-placodal ectoderm,5.292305213563203,-0.1810258099982288,-2.780384450008455,0.01241731514587139,0.24,151,1022
Endocardial cell,Prechordal plate,4.9138058458602805,0.15346270704807718,1.8765517965666287,0.02890386832446915,0.93,151,102
Endocardial cell,Presomitic mesoderm,5.418563488447607,-0.3086690721725495,-5.799834180005913,0.02848103921644756,0.0,151,3260
Endocardial cell,Right ventricle,5.717435981738909,0.3967633390290744,6.5439507936143615,0.0055133353336104815,0.0,151,696
Endocardial cell,Roof plate (posterior),5.308173706426474,-0.11420993379541826,-1.8104541757868482,0.001871749055417402,0.58,151,450
Endocardial cell,Sclerotome,5.3209016045577195,-0.17973135088334935,-2.435053601535641,0.014364826217221544,0.37,151,1380
Endocardial cell,Second heart field (anterior),5.5330763455163785,0.15731252444417412,2.3408742924440524,0.009362418754864772,0.45,151,703
Endocardial cell,Second heart field (posterior),5.857938579133022,0.4157086753557501,6.756197794848546,0.0296524125203622,0.0,151,1220
Endocardial cell,Somatic mesoderm,5.538464888943295,-0.1284057125062207,-2.280581946350513,0.011324929638850588,0.75,151,2132
Endocardial cell,Spinal cord (cervical),5.451672612261792,-0.24374355225582622,-4.139086588580144,0.0227099664277449,0.0,151,2173
Endocardial cell,Spinal cord (thoracic),5.465793892090249,-0.28553721901896534,-5.18892541460406,0.01866630068304757,0.0,151,3492
Endocardial cell,Splanchnic mesoderm,5.568899645178425,-0.16120483003100686,-3.652034518191306,0.009771985346261928,0.56,151,4186
Endocardial cell,Splanchnic mesoderm (cardiopulmonary),4.716342133520879,0.27765298806817046,1.422555608053095,0.03286462485927504,0.2,151,23
Endocardial cell,Splanchnic mesoderm (septum transversum),5.211732014113192,0.1930735842948644,1.8372581088555755,0.015599549247508756,0.13,151,154
Endocardial cell,Surface ectoderm (anterior),5.206092921822601,-0.09916176538234318,-1.6252374920082946,0.03228745950938968,1.0,151,693
Endocardial cell,Surface ectoderm (posterior),5.16962598058126,-0.13829178396501854,-1.9663789335213784,0.0011816768434520367,0.38,151,669
Endocardial cell,Telencephalon (dorsal),5.411549031274298,-0.2997850107476839,-5.346710603755345,0.009198066746426285,0.0,151,4490
Endocardial cell,Trunk neural crest,4.421195695589314,0.02167134118164989,0.222355355173399,0.03427091223089717,0.71,151,22
Endocardial cell,Vagal neural crest,4.959938352412451,-0.14262628963916946,-1.7765248775978704,0.005322750721446642,0.64,151,176
Endothelial cell,Endothelial cell,8.5,0.0,0.0,0.0,1.0,99,99
Endothelial cell,Endothelial progenitor,5.671023161705019,0.18379108344459727,1.7464722079952348,0.0360638369336849,0.4,99,1091
Endothelial cell,Epibranchial placode,5.04522907186843,0.05365534872624315,0.33379411257823927,0.008358676042873743,0.59,99,330
Endothelial cell,Extraembryonic mesoderm,4.976867994971241,-0.07618747575828966,0.2073365056517907,0.06711832363266124,0.39,99,556
Endothelial cell,Eye field,5.087351335480499,0.06050479461373529,-0.45689153529020937,0.09629444622278063,0.42,99,146
Endothelial cell,Floor plate (anterior),4.942997725597254,-0.21102170527553513,-2.1732066135090395,0.005152843107431577,0.09,99,600
Endothelial cell,Floor plate (posterior),4.881810235702712,-0.1708210654488204,-1.7156488238090766,0.0037737288748199054,0.22,99,357
Endothelial cell,Foregut,4.852839840871536,-0.09366529256701621,-0.5153428365863872,0.03277932019239314,0.69,99,477
Endothelial cell,Frontonasal mesenchyme,5.029068471146346,0.04985362410051675,0.7301714036500135,0.018848256647232844,0.71,91,57
Endothelial cell,Head paraxial mesoderm,5.603408492265717,0.17253813655062236,1.5874034645329391,0.0264119467164799,0.27,99,3441
Endothelial cell,Hindbrain (isthmic organizer),5.429116996244045,-0.07532195432463595,-2.040678478649696,0.06709361702720308,0.15,99,1531
Endothelial cell,Hindbrain (r1),5.390742806295214,-0.12961981458226793,-2.448375434939026,0.02015567623890402,0.92,99,2128
Endothelial cell,Hindbrain (r2-r4),5.438205110646115,-0.13345984892012108,-2.2963180106420205,0.007546426465096284,0.8,99,2189
Endothelial cell,Hindbrain (r5-r8),5.442465265800606,-0.08563028756882574,-2.0733197723714514,0.030968336651729055,0.43,99,1457
Endothelial cell,Hindgut,4.647470792814512,-0.15514247625357522,-1.3794561889530286,0.001309303640836555,0.35,99,247
Endothelial cell,Hypothalamus,5.007054879526809,-0.2666029954644437,-3.2138017888369386,0.001480093194838144,0.03,99,765
Endothelial cell,Intermediate mesoderm,5.2749872233136115,-0.18595021597830286,-2.8475187085980025,0.003616924404877189,0.4,99,1173
Endothelial cell,Juxtacardiac field,4.74910751691083,-0.18313486468702248,0.6033430062395077,0.35300124673811917,0.35,99,195
Endothelial cell,Left ventricle,5.029556126474405,-0.06067152017604075,-0.04568893587806603,0.04466869027655488,0.17,99,493
Endothelial cell,Midbrain,5.413931466011467,-0.15581141727520573,-2.765870994772959,0.026419005845381295,0.8,99,2940
Endothelial cell,Midgut,4.749183500052357,-0.16573556676993886,-1.5820677362654878,0.010562268113667186,0.29,99,362
Endothelial cell,Nascent somite,5.1304076869913535,-0.24723920866486182,-2.870452399289397,0.008501406409533473,0.01,99,1056
Endothelial cell,Notochord,4.7404137504839845,-0.20571057104594162,-0.6859938848101009,0.141693948080934,0.9,99,288
Endothelial cell,Olfactory placode,5.290353966126561,0.17238360957789775,1.1745521658254032,0.05440005237726056,0.32,99,317
Endothelial cell,Otic placode,5.251882234857237,0.22369398110668381,0.7613190136517286,0.13890760456949333,0.91,99,246
Endothelial cell,Periocular mesoderm,4.920339963675297,-0.019437954021763737,0.6726064005874973,0.03831816404503394,0.55,99,430
Endothelial cell,Pharyngeal endoderm,5.067534474721376,-0.044284786787236165,-0.4652283227543193,0.014774300243901497,0.26,99,1138
Endothelial cell,Pharyngeal mesoderm,5.472366761975195,0.1507936071015147,1.9887564199380483,0.0021932090155544195,0.22,99,1100
Endothelial cell,Pre-placodal ectoderm,5.41925368951523,0.09536101723929669,0.6752780266116417,0.018552736650832898,0.62,99,1022
Endothelial cell,Prechordal plate,4.710651073922175,0.05767274840605315,0.6661816483266526,0.015628293889842174,0.83,99,102
Endothelial cell,Presomitic mesoderm,5.465669638962826,-0.13091876503302155,-2.126161548646115,0.0017464063227292147,0.52,99,3260
Endothelial cell,Right ventricle,5.35306147693048,0.17956073684587923,2.4130366072134706,0.0075751918018981575,0.59,99,696
Endothelial cell,Roof plate (posterior),5.309176345083895,0.017778324790499234,-0.1681347446915834,0.012848639406599766,0.97,99,450
Endothelial cell,Sclerotome,5.5267340673837735,0.17222875255166384,0.8224448942538437,0.10835286726600624,0.66,99,1380
Endothelial cell,Second heart field (anterior),5.337971285768284,0.10021799054264295,1.6768033152989623,0.00782862337127711,1.0,99,703
Endothelial cell,Second heart field (posterior),5.709808418692894,0.400050581731722,5.6536192564112495,0.014191857403243644,0.04,99,1220
Endothelial cell,Somatic mesoderm,5.7355290763009625,0.20106579709763128,2.407232444356014,0.017370266360863612,0.05,99,2132
Endothelial cell,Spinal cord (cervical),5.378046984914022,-0.17448015833015992,-2.656550613628245,0.00562926818682306,0.48,99,2173
Endothelial cell,Spinal cord (thoracic),5.515882558231213,-0.09029862959169528,-1.6907504692925936,0.011398482750760502,0.92,99,3492
Endothelial cell,Splanchnic mesoderm,5.881514157926336,0.30438193980196804,3.4128393234427548,0.056729396108150615,0.02,99,4186
Endothelial cell,Splanchnic mesoderm (cardiopulmonary),3.9775264494290297,-0.3290364206477583,-0.3536535402262076,0.3812365996561246,0.89,99,23
Endothelial cell,Splanchnic mesoderm (septum transversum),5.0150892891435825,0.13846270786535797,2.4535580257055236,0.09938552160767247,0.48,99,154
Endothelial cell,Surface ectoderm (anterior),5.167021172287847,0.010485619883309797,0.9486204163629234,0.02768183150089787,0.41,99,693
Endothelial cell,Surface ectoderm (posterior),5.295670697108002,0.12723837766996007,1.248922748689751,0.008221092148443052,0.72,99,669
Endothelial cell,Telencephalon (dorsal),5.4837241150859795,-0.0820858112964326,-1.7584856467891603,0.025054754144521515,0.51,99,4490
Endothelial cell,Trunk neural crest,4.173358250702479,-0.11164689457662809,-0.8664304839868701,0.09195171153346404,0.63,99,22
Endothelial cell,Vagal neural crest,5.017513500015515,0.03754599062109124,0.18428551542588859,0.029509892883800896,0.8,99,176
Endothelial progenitor,Endothelial progenitor,8.5,0.0,0.0,0.0,1.0,1091,1091
Endothelial progenitor,Epibranchial placode,5.765349053026138,0.06761891098331141,0.9000570235318316,0.01587079784985323,0.11,1091,330
Endothelial progenitor,Extraembryonic mesoderm,5.7076739725253205,-0.046219585329747424,-1.8308935437191298,0.014763548334548232,0.27,1091,556
Endothelial progenitor,Eye field,5.5853759638506055,-0.1412507327597412,-2.182771367168016,0.0006952470209195106,0.19,1091,146
Endothelial progenitor,Floor plate (anterior),5.534632223885098,-0.32056163152391165,-8.684296742741173,0.016587259006316895,0.0,1091,600
Endothelial progenitor,Floor plate (posterior),5.533991193391199,-0.22123324464777885,-5.292786407968015,0.013291151100498711,0.01,1091,357
Endothelial progenitor,Foregut,5.349817030734074,-0.30849751629082434,-8.941662238713219,0.008596874698350533,0.0,1091,477
Endothelial progenitor,Frontonasal mesenchyme,5.416016435054982,-0.08294547373565742,-0.601089341598479,0.013013885820691181,0.99,899,57
Endothelial progenitor,Head paraxial mesoderm,6.424942697407826,0.29386530774430347,12.178421756476494,0.006286346364719909,0.0,1091,3441
Endothelial progenitor,Hindbrain (isthmic organizer),5.968924264675391,-0.23177688947578576,-8.71443870675665,0.0018562650299632291,0.0,1091,1531
Endothelial progenitor,Hindbrain (r1),5.9629752366755175,-0.27188234996218136,-10.358232443480011,0.0036329493703686853,0.0,1091,2128
Endothelial progenitor,Hindbrain (r2-r4),6.00696330722383,-0.25965152188944085,-10.681839957041062,0.004081314746674273,0.0,1091,2189
Endothelial progenitor,Hindbrain (r5-r8),5.986784481426877,-0.23007374293782354,-8.67454627195393,0.00012717346229050894,0.0,1091,1457
Endothelial progenitor,Hindgut,5.222505205304479,-0.28125930777949115,-5.64355967342491,0.015900949182621284,0.0,1091,247
Endothelial progenitor,Hypothalamus,5.647095084792618,-0.3175114603756691,-9.121102817657832,0.01234587934558288,0.0,1091,765
Endothelial progenitor,Intermediate mesoderm,6.19611076339227,0.03848608430169668,1.7744930153792169,0.004918202640611818,0.79,1091,1173
Endothelial progenitor,Juxtacardiac field,5.702713889292814,0.06515474520322773,1.277572302310526,0.0011037423900339474,0.7,1091,195
Endothelial progenitor,Left ventricle,5.755100923656453,-0.036756880414946735,-1.6556257213336547,0.02592573728224466,0.05,1091,493
Endothelial progenitor,Midbrain,5.998996632373868,-0.2670307128579692,-11.090812572230236,0.005247141613344719,0.0,1091,2940
Endothelial progenitor,Midgut,5.40716135490129,-0.21346234168733602,-5.121019542268958,0.008189936533500197,0.0,1091,362
Endothelial progenitor,Nascent somite,5.967111242360929,-0.1026700784345893,-3.2858646040466915,0.0018578760109459402,0.02,1091,1056
Endothelial progenitor,Notochord,5.467282379787807,-0.17745139954876224,-4.139656757486331,0.010826681769221675,0.13,1091,288
Endothelial progenitor,Olfactory placode,5.78616706941578,-0.0356257121234167,-0.4605273637545711,0.005315254202590978,0.74,1091,317
Endothelial progenitor,Otic placode,5.822080190810998,0.08595037125562961,0.9668009088443995,0.019944454661836048,0.15,1091,246
Endothelial progenitor,Periocular mesoderm,5.902716561866716,0.24638746498749745,6.2508281254173,0.003578275054280431,0.0,1091,430
Endothelial progenitor,Pharyngeal endoderm,5.584370621405188,-0.2202087085787857,-8.343772414773069,0.0015904503509383463,0.0,1091,1138
Endothelial progenitor,Pharyngeal mesoderm,6.5236619117493335,0.5014153874404709,19.53891103998092,0.004300101377548688,0.0,1091,1100
Endothelial progenitor,Pre-placodal ectoderm,6.03668684653347,0.00630553270215047,-0.035987911918946236,0.0013396523938458162,0.96,1091,1022
Endothelial progenitor,Prechordal plate,5.184614811072102,-0.13081030104609948,-1.6559961628478959,0.0080291350810337,0.7,1091,102
Endothelial progenitor,Presomitic mesoderm,6.181562730831036,-0.1089453993197873,-4.676784029349217,0.0013755394759554938,0.0,1091,3260
Endothelial progenitor,Right ventricle,6.097637883857506,0.2246477441592445,6.898244914431,0.0026190391016714717,0.0,1091,696
Endothelial progenitor,Roof plate (posterior),5.943790940808715,-0.035372111831901996,-1.3582528326037828,0.007972218978334196,0.24,1091,450
Endothelial progenitor,Sclerotome,6.128956962878694,0.07960204565633155,2.5405470949271503,0.001192449469582053,0.1,1091,1380
Endothelial progenitor,Second heart field (anterior),6.294086016426486,0.35720344858556263,11.410965299277168,0.004529909615890574,0.0,1091,703
Endothelial progenitor,Second heart field (posterior),6.193991293308429,0.19370446835763833,6.769945355422884,0.01634713562892621,0.01,1091,1220
Endothelial progenitor,Somatic mesoderm,6.716031328368285,0.4906466172675377,19.035357015258132,0.008333772948993096,0.0,1091,2132
Endothelial progenitor,Spinal cord (cervical),6.027901137346986,-0.2280494439684396,-9.737079229421235,0.0017061383620416513,0.0,1091,2173
Endothelial progenitor,Spinal cord (thoracic),6.100517834736331,-0.20070051400353192,-9.126800958388882,0.0006312185897121663,0.0,1091,3492
Endothelial progenitor,Splanchnic mesoderm,6.832815799885442,0.547099332042778,24.998584785967477,0.010261118398570995,0.0,1091,4186
Endothelial progenitor,Splanchnic mesoderm (cardiopulmonary),4.794461818665419,-0.21764438603619288,-1.1808043550199063,0.09045107545428682,0.51,1091,23
Endothelial progenitor,Splanchnic mesoderm (septum transversum),5.637168149695999,0.07290617999241,1.2385597978902692,0.006507157071525068,0.75,1091,154
Endothelial progenitor,Surface ectoderm (anterior),5.9650079963695335,0.11068478800377927,2.3300449816190607,0.016661690452728497,0.7,1091,693
Endothelial progenitor,Surface ectoderm (posterior),6.002451844862563,0.136829050597249,2.6613775911794924,0.02753668643662567,0.22,1091,669
Endothelial progenitor,Telencephalon (dorsal),6.031095024627859,-0.23495224990155616,-11.013648527987018,0.0005365579004002168,0.0,1091,4490
Endothelial progenitor,Trunk neural crest,5.083284056070366,0.11822102321505785,0.7968355117344766,0.020424946288987958,0.9,1091,22
Endothelial progenitor,Vagal neural crest,5.704707380488266,0.040597734624338244,0.4165545662296894,0.00272161768358887,0.76,1091,176
Epibranchial placode,Epibranchial placode,8.5,0.0,0.0,0.0,1.0,330,330
Epibranchial placode,Extraembryonic mesoderm,5.301543242748496,0.03852915950140101,0.07853126997074715,0.008997899493077322,0.48,330,556
Epibranchial placode,Eye field,5.1692731080278245,-0.07360708169104146,-0.7904391919496335,0.0014272316015552402,0.53,330,146
Epibranchial placode,Floor plate (anterior),5.07622633534688,-0.2878134443903164,-5.342234124610326,0.00229921633496903,0.0,330,600
Epibranchial placode,Floor plate (posterior),5.034739121321476,-0.23382089103868609,-4.848676414816931,0.025956949171780132,0.59,330,357
Epibranchial placode,Foregut,4.928518688633919,-0.23940053102041414,-4.491922614935074,0.002924198273248085,0.0,330,477
Epibranchial placode,Frontonasal mesenchyme,5.085154038972994,-0.015520525612743974,0.3488876063078637,0.03046826868126586,0.35,289,57
Epibranchial placode,Head paraxial mesoderm,5.589402801143101,-0.053735834496191494,-3.13259116329451,0.06684358585781866,0.0,330,3441
Epibranchial placode,Hindbrain (isthmic organizer),5.4964670630448245,-0.22019844211239073,-5.745849251883949,0.007713016481953347,0.09,330,1531
Epibranchial placode,Hindbrain (r1),5.493660674969669,-0.2513737020281859,-7.377568949905478,0.006294773105838142,0.04,330,2128
Epibranchial placode,Hindbrain (r2-r4),5.584449738847255,-0.19166429903439752,-5.883888665688676,0.009155705976194998,0.35,330,2189
Epibranchial placode,Hindbrain (r5-r8),5.507314454241677,-0.22424275393609636,-5.462361103199719,0.0029488562298213535,0.03,330,1457
Epibranchial placode,Hindgut,4.769473363624724,-0.24650099014221225,-2.983448600242942,0.06865883599971703,0.32,330,247
Epibranchial placode,Hypothalamus,5.137792406523752,-0.3437023189884633,-7.2568136875446925,0.000659994270691931,0.0,330,765
Epibranchial placode,Intermediate mesoderm,5.583728111947395,-0.08648289111824455,-2.849797187784645,0.007303284533916404,0.85,330,1173
Epibranchial placode,Juxtacardiac field,4.966020454673509,-0.18049697207135415,-1.4357119796992428,0.06615767199968386,0.45,330,195
Epibranchial placode,Left ventricle,5.116278693543189,-0.1834613264161821,-3.471092554901157,0.0036543500696141606,0.04,330,493
Epibranchial placode,Midbrain,5.528322572449782,-0.2514279578942921,-6.891059395193135,0.0039536947680152215,0.0,330,2940
Epibranchial placode,Midgut,4.998019027483792,-0.1339255231371288,-2.6586599490644143,0.017334960422970277,0.55,330,362
Epibranchial placode,Nascent somite,5.358688052770422,-0.22399592300917584,-5.717339904101635,0.009678242095840006,0.11,330,1056
Epibranchial placode,Notochord,4.85023802387679,-0.30532441192507775,-4.570337423067732,0.004047714780513826,0.03,330,288
Epibranchial placode,Olfactory placode,5.66854062024759,0.3356855809144437,6.348745714387195,0.03451132535246636,0.01,330,317
Epibranchial placode,Otic placode,6.018495657778099,0.7769324335167157,11.954569412696275,0.01481775657513196,0.0,330,246
Epibranchial placode,Periocular mesoderm,5.07534831159951,-0.08501190916117303,-1.754588004095301,0.04293747421294254,0.5,330,430
Epibranchial placode,Pharyngeal endoderm,5.103529678574401,-0.21533183308825107,-4.804155462494965,0.00016660755564368044,0.0,330,1138
Epibranchial placode,Pharyngeal mesoderm,5.538932424259108,0.006052086992729559,-0.3871332039246906,0.006192943098370201,0.88,330,1100
Epibranchial placode,Pre-placodal ectoderm,6.104020428208494,0.5616400714981076,12.797102768295867,0.017112204017448576,0.0,330,1022
Epibranchial placode,Prechordal plate,4.64484526919758,-0.1891938777599164,-3.071777702712872,0.10658121287076526,0.35,330,102
Epibranchial placode,Presomitic mesoderm,5.702685386302445,-0.09745130879769832,-2.4967619207847687,0.00147724827194757,0.03,330,3260
Epibranchial placode,Right ventricle,5.337101375854694,-0.0489544142263485,-0.30832141950955116,0.020040055744296074,0.71,330,696
Epibranchial placode,Roof plate (posterior),5.705792455310082,0.21394781804580099,3.68675191759894,0.01351990507517532,0.0,330,450
Epibranchial placode,Sclerotome,5.380360271276551,-0.1816794057042488,-5.548198610022877,0.028450981231196798,0.85,330,1380
Epibranchial placode,Second heart field (anterior),5.4582097379553005,0.0023531827326298918,0.09382319146204059,0.010286405506697453,0.95,330,703
Epibranchial placode,Second heart field (posterior),5.67555632377364,0.17034152183181592,3.1166994845758413,0.025213111746426396,0.67,330,1220
Epibranchial placode,Somatic mesoderm,5.841563997101496,0.10392761899508625,2.0430348271022227,0.01763730409769836,0.17,330,2132
Epibranchial placode,Spinal cord (cervical),5.618028593487918,-0.15537724318523427,-4.393715792708446,0.0037487998940723593,0.14,330,2173
Epibranchial placode,Spinal cord (thoracic),5.681956971026508,-0.13175826154582992,-3.9334165328347517,0.011703035206297768,0.35,330,3492
Epibranchial placode,Splanchnic mesoderm,6.053294533740771,0.2513545337227671,6.598400315732508,0.010031434336667045,0.0,330,4186
Epibranchial placode,Splanchnic mesoderm (cardiopulmonary),4.453226475410022,-0.0506876769763395,-0.2792732952927247,0.012419269465332308,0.92,330,23
Epibranchial placode,Splanchnic mesoderm (septum transversum),5.184647194128883,0.11130019876709903,0.48373208563087905,0.06020119429066248,0.74,330,154
Epibranchial placode,Surface ectoderm (anterior),6.165926534150134,0.7976127561469033,16.708527466432724,0.0011683090726758508,0.0,330,693
Epibranchial placode,Surface ectoderm (posterior),6.245781709712783,0.8740506269059024,17.195321098181424,0.024102672296455796,0.0,330,669
Epibranchial placode,Telencephalon (dorsal),5.631133345053186,-0.14338386068418027,-4.847408743249713,0.004177758095081827,0.14,330,4490
Epibranchial placode,Trunk neural crest,4.680553765205274,0.1902378818521148,1.4929082362584676,0.08710733616514837,0.62,330,22
Epibranchial placode,Vagal neural crest,5.289924336682412,0.10874053820549416,1.4647412043520733,0.008289847732105402,0.68,330,176
Extraembryonic mesoderm,Extraembryonic mesoderm,8.5,0.0,0.0,0.0,1.0,556,556
Extraembryonic mesoderm,Eye field,5.112316584986309,-0.1839619532137983,-2.4748883033571527,0.02415658651892266,0.73,556,146
Extraembryonic mesoderm,Floor plate (anterior),5.310926439399958,-0.11421974102462625,-2.335576174928479,0.006090259016152998,0.21,556,600
Extraembryonic mesoderm,Floor plate (posterior),5.306204427637734,-0.015545497904202973,0.0395904420278835,0.011638976925970747,1.0,556,357
Extraembryonic mesoderm,Foregut,5.27706609776525,0.049401227802017424,2.335919715228209,0.06908117299665546,0.0,556,477
Extraembryonic mesoderm,Frontonasal mesenchyme,5.232766147252016,0.10943959101442413,0.8033049450785461,0.01783809106294022,0.75,505,57
Extraembryonic mesoderm,Head paraxial mesoderm,5.637935984128037,-0.060780886759675745,-3.429873441150914,0.018873335452290183,0.21,556,3441
Extraembryonic mesoderm,Hindbrain (isthmic organizer),5.472370513951788,-0.298884007986327,-8.509335690092579,0.013660540010291027,0.0,556,1531
Extraembryonic mesoderm,Hindbrain (r1),5.509677662431227,-0.29267193815108133,-7.9085508747434785,0.033100297919364065,0.0,556,2128
Extraembryonic mesoderm,Hindbrain (r2-r4),5.504879610552792,-0.32801299597252037,-10.13477850593984,0.01654256091573752,0.0,556,2189
Extraembryonic mesoderm,Hindbrain (r5-r8),5.433046459115318,-0.3546082491419777,-8.794234998848593,0.056160855538680214,0.0,556,1457
Extraembryonic mesoderm,Hindgut,5.272854034726474,0.19882284612256443,3.582861964569785,0.016434036687759064,0.47,556,247
Extraembryonic mesoderm,Hypothalamus,5.381183011628238,-0.1517834979077722,-3.8399045771589244,0.015120679090347134,0.29,556,765
Extraembryonic mesoderm,Intermediate mesoderm,5.502937722281241,-0.2250812774010663,-5.964570898268319,0.006263697437579693,0.0,556,1173
Extraembryonic mesoderm,Juxtacardiac field,5.509050597114975,0.2925196756957303,4.772217124398829,0.006049036259573194,0.03,556,195
Extraembryonic mesoderm,Left ventricle,5.717272017688352,0.35363236230011247,8.474291192245298,0.013195950508815524,0.01,556,493
Extraembryonic mesoderm,Midbrain,5.490319835246815,-0.3428090442286189,-9.76433743938333,0.02413991484589436,0.0,556,2940
Extraembryonic mesoderm,Midgut,5.417205692993472,0.23483862824173496,4.59165665350978,0.01300981357985717,0.0,556,362
Extraembryonic mesoderm,Nascent somite,5.485656365454475,-0.15509152845610163,-4.45271800999046,0.004383736813146765,0.01,556,1056
Extraembryonic mesoderm,Notochord,5.333853767361663,0.11831952825218561,2.3424989537704244,0.00655701375747942,0.83,556,288
Extraembryonic mesoderm,Olfactory placode,5.277477117513481,-0.1172586742604335,-1.9476070626754656,0.018488145203291104,0.35,556,317
Extraembryonic mesoderm,Otic placode,5.11798918736115,-0.17507255077255332,-2.1843722127016423,0.020861400732653905,0.09,556,246
Extraembryonic mesoderm,Periocular mesoderm,5.5570738920953575,0.3374544991938763,7.089465743489183,0.020475588465770907,0.07,556,430
Extraembryonic mesoderm,Pharyngeal endoderm,5.459893685820329,0.0863726492885742,3.2177976801645536,0.02820940823641343,0.08,556,1138
Extraembryonic mesoderm,Pharyngeal mesoderm,5.804453797121792,0.21343903822278953,4.15551509945021,0.06745146184173594,0.03,556,1100
Extraembryonic mesoderm,Pre-placodal ectoderm,5.4114701401393255,-0.18923816878535357,-5.015031157822275,0.006603969428486423,0.01,556,1022
Extraembryonic mesoderm,Prechordal plate,4.886184124313657,0.0049674252836044985,1.010419274232486,0.10890615414087804,0.41,556,102
Extraembryonic mesoderm,Presomitic mesoderm,5.56291813454271,-0.2948823868933192,-10.219612054573028,0.002532526098844631,0.0,556,3260
Extraembryonic mesoderm,Right ventricle,5.631688902865861,0.18413202216291355,4.76063508894497,0.007379978386730192,0.02,556,696
Extraembryonic mesoderm,Roof plate (posterior),5.367296228940648,-0.1830660842212417,-3.49306571067341,0.010836832739336128,0.02,556,450
Extraembryonic mesoderm,Sclerotome,5.467912623887337,-0.1537529205243935,-4.888727064620391,0.00242532767355121,0.13,556,1380
Extraembryonic mesoderm,Second heart field (anterior),5.632947345701872,0.12904067482199424,2.0512224377122625,0.04271183858749237,0.25,556,703
Extraembryonic mesoderm,Second heart field (posterior),5.848073371983854,0.2819327412328718,7.72520223530088,0.016520651173784637,0.0,556,1220
Extraembryonic mesoderm,Somatic mesoderm,5.642199525134323,-0.15171369219399544,-4.649299838258678,0.0006648742174179665,0.01,556,2132
Extraembryonic mesoderm,Spinal cord (cervical),5.5150885853937845,-0.3144464031154757,-8.910291157061211,0.016664681155620944,0.0,556,2173
Extraembryonic mesoderm,Spinal cord (thoracic),5.538812015321445,-0.3360724117744634,-10.152677805128175,0.014237229056214083,0.0,556,3492
Extraembryonic mesoderm,Splanchnic mesoderm,5.793346075767329,-0.057528787619577436,-2.256433913854431,0.002798944153646138,0.78,556,4186
Extraembryonic mesoderm,Splanchnic mesoderm (cardiopulmonary),4.787504089909107,0.19343185929959747,1.6377114201956366,0.018601435410864606,0.93,556,23
Extraembryonic mesoderm,Splanchnic mesoderm (septum transversum),5.408120454006799,0.26917372575884774,2.708263651387716,0.11520105814959886,0.74,556,154
Extraembryonic mesoderm,Surface ectoderm (anterior),5.302551814081173,-0.1218443330438476,-2.00610469897624,0.010228741574015458,0.21,556,693
Extraembryonic mesoderm,Surface ectoderm (posterior),5.262682212501853,-0.17096272395783116,-2.6054406025612695,0.038133738944201044,0.71,556,669
Extraembryonic mesoderm,Telencephalon (dorsal),5.489909467607876,-0.344285548889719,-10.52709579165569,0.01893376649189556,0.0,556,4490
Extraembryonic mesoderm,Trunk neural crest,4.181112377390336,-0.35267771297951384,-1.7051596200628232,0.14887755462350163,0.61,556,22
Extraembryonic mesoderm,Vagal neural crest,4.987192595753824,-0.2603148918394173,-2.411580518575511,0.12324140877683767,0.95,556,176
Eye field,Eye field,8.5,0.0,0.0,0.0,1.0,146,146
Eye field,Floor plate (anterior),5.468502973945806,0.07753426469744706,1.1184041357498484,0.011711519894558875,0.55,146,600
Eye field,Floor plate (posterior),5.137212125636596,-0.14958953481085077,-1.9090599192991924,0.0006900086028749405,0.14,146,357
Eye field,Foregut,5.1109361869881065,-0.0795024662174475,-1.266250416099713,0.0645981235643373,0.01,146,477
Eye field,Frontonasal mesenchyme,5.003071402242605,-0.009450451221239664,-0.29427807854273086,0.020832589355097908,0.57,124,57
Eye field,Head paraxial mesoderm,5.561430636453001,-0.11318252111621725,-2.5854382176992075,0.009665528888377448,0.82,146,3441
Eye field,Hindbrain (isthmic organizer),6.009668866670552,0.2695910927421907,4.262489123981776,0.003247844471778374,0.0,146,1531
Eye field,Hindbrain (r1),5.994656005326021,0.22035833675885197,3.7407100744507775,0.0008013051438573403,0.02,146,2128
Eye field,Hindbrain (r2-r4),5.973649481871884,0.16720619756971486,2.882374914469684,0.00034389505782868096,0.07,146,2189
Eye field,Hindbrain (r5-r8),5.877649566520689,0.12582052657462425,1.3807067373360595,0.02097931109767788,0.87,146,1457
Eye field,Hindgut,4.850824766775298,-0.18668961414441063,-2.0772122673658537,0.0662688880947092,0.24,146,247
Eye field,Hypothalamus,5.895781680880827,0.3914690116253861,5.544982172279482,0.017780624789008853,0.0,146,765
Eye field,Intermediate mesoderm,5.69760037825172,-0.0044853662801121645,-0.2311405382132893,0.0028207280392531565,0.97,146,1173
Eye field,Juxtacardiac field,4.987834897469433,-0.17764169544328912,-1.837734787047572,0.033371284181650744,0.88,146,195
Eye field,Left ventricle,5.140637481986069,-0.18863351845434728,-2.8338930800397493,0.0012439985492264283,0.04,146,493
Eye field,Midbrain,6.211038548742178,0.4163744376502443,7.0006553062959815,0.007982439544179933,0.0,146,2940
Eye field,Midgut,4.959199908978825,-0.1918768121984226,-1.996163345503751,0.08808758879708968,0.59,146,362
Eye field,Nascent somite,5.533677036747356,-0.07693671851182475,-1.6972575920890793,0.02097389968210877,0.27,146,1056
Eye field,Notochord,5.144368592559874,-0.04170353212312694,0.36237707241108397,0.06384028792096898,0.38,146,288
Eye field,Olfactory placode,5.524665566722398,0.16676631821969856,2.3301149598481747,0.028496768630549545,0.77,146,317
Eye field,Otic placode,5.3031937226780395,0.05124933447034211,0.7297201667017058,0.010458356436371533,0.69,146,246
Eye field,Periocular mesoderm,5.042786083551566,-0.1394168127191137,-2.1690030988203826,0.03154168961871818,0.38,146,430
Eye field,Pharyngeal endoderm,5.23257176574514,-0.10440534534367736,-1.9177357559975698,0.04228947638129883,0.09,146,1138
Eye field,Pharyngeal mesoderm,5.4272450307456195,-0.1292216685990164,-2.542617188303804,0.0031956126339474492,0.4,146,1100
Eye field,Pre-placodal ectoderm,5.783032398711508,0.21462013560618232,3.5176971097132235,0.004011985712380796,0.24,146,1022
Eye field,Prechordal plate,4.877107452956614,0.027014267961287253,0.7462802849393938,0.04946771826233853,0.43,146,102
Eye field,Presomitic mesoderm,5.789802432556243,-0.04030713247554433,-0.6223333649423342,0.020118248974521136,0.2,146,3260
Eye field,Right ventricle,5.268984724091375,-0.1449470455055284,-2.080247460032674,0.0022988247384475124,0.12,146,696
Eye field,Roof plate (posterior),5.679367320465489,0.16002347759943714,1.8305433100409483,0.022977736917042208,0.78,146,450
Eye field,Sclerotome,5.508882306320904,-0.07883853223427136,-1.572685281673903,0.012656872783898748,0.63,146,1380
Eye field,Second heart field (anterior),5.4145002667629045,-0.04794423091833563,-1.1002797619658848,0.027274023482056778,0.19,146,703
Eye field,Second heart field (posterior),5.4238583025388785,-0.1094523639720153,-2.650692221167601,0.023172245042820932,0.58,146,1220
Eye field,Somatic mesoderm,5.643759383435249,-0.1216310166185967,-2.5212989489680133,0.02693445091446255,0.52,146,2132
Eye field,Spinal cord (cervical),5.88555407193607,0.09453383314905899,1.3277862019080562,0.024737339018967665,0.05,146,2173
Eye field,Spinal cord (thoracic),5.888732076041815,0.052683164771989276,0.45061032955096453,0.010283044215735327,0.26,146,3492
Eye field,Splanchnic mesoderm,5.7930429148722835,-0.022854713090795897,-0.8079896203376249,0.006248788825920094,0.97,146,4186
Eye field,Splanchnic mesoderm (cardiopulmonary),4.2578889947903145,-0.2819900722002087,-1.001975390086696,0.10943590620875351,0.61,146,23
Eye field,Splanchnic mesoderm (septum transversum),4.923849690405139,-0.1782334490638524,-1.950598831514708,0.003781075670261269,0.27,146,154
Eye field,Surface ectoderm (anterior),5.4501666746863515,0.06331455439666556,0.6264268838232934,0.008029206390932207,1.0,146,693
Eye field,Surface ectoderm (posterior),5.325386503034724,-0.068985832946504,-0.9453414122693514,5.221969673035176e-05,0.63,146,669
Eye field,Telencephalon (dorsal),6.61314074093628,0.8098333134231019,13.89681225114174,0.017304378202487924,0.0,146,4490
Eye field,Trunk neural crest,4.645765317513286,0.1384454708095643,0.2933629200151659,0.1111534744971069,0.3,146,22
Eye field,Vagal neural crest,5.391346492553751,0.18994035981620616,1.750493303624732,0.032072428172559994,0.95,146,176
Floor plate (anterior),Floor plate (anterior),8.5,0.0,0.0,0.0,1.0,600,600
Floor plate (anterior),Floor plate (posterior),6.639472294875148,1.2108746642959511,22.61752784294006,0.000641552059611548,0.0,600,357
Floor plate (anterior),Foregut,5.597247895962487,0.2709760687035591,6.130867283473859,0.06038526630044795,1.0,600,477
Floor plate (anterior),Frontonasal mesenchyme,5.0022055494987985,-0.1291301596403076,-1.3214647187537463,6.502951318203401e-05,0.7,431,57
Floor plate (anterior),Head paraxial mesoderm,5.660554259971433,-0.13608786765737305,-3.75986530347377,0.018322587305063073,0.46,600,3441
Floor plate (anterior),Hindbrain (isthmic organizer),6.058731582986255,0.18777692491929177,5.7191716730458,0.026483050528175338,0.8,600,1531
Floor plate (anterior),Hindbrain (r1),6.27153618199245,0.36927734386012495,11.220087529096736,0.01899637282218252,0.0,600,2128
Floor plate (anterior),Hindbrain (r2-r4),6.466873584139505,0.5350007147421012,18.81978965939611,0.005350494980619111,0.0,600,2189
Floor plate (anterior),Hindbrain (r5-r8),6.311996116863434,0.4241609792209067,12.171874081910559,0.027286195575820307,0.0,600,1457
Floor plate (anterior),Hindgut,5.298040177859355,0.13088430449150726,2.0211368031088757,0.013463077784859747,0.67,600,247
Floor plate (anterior),Hypothalamus,6.567507141207346,0.9391540154586465,21.172148013099754,0.08547753906090105,0.0,600,765
Floor plate (anterior),Intermediate mesoderm,5.7418393960849015,-0.08435039772469555,-1.9516865778148578,0.006385473198569742,0.92,600,1173
Floor plate (anterior),Juxtacardiac field,5.141186938010049,-0.16574990142836418,-2.0239456319802756,0.021185178216709132,0.23,600,195
Floor plate (anterior),Left ventricle,5.420838262048683,-0.04385088920542953,-0.7556656183246048,0.004711009492908295,0.89,600,493
Floor plate (anterior),Midbrain,6.306762041358343,0.37703590996661784,12.488434124580664,0.03755269674011764,0.0,600,2940
Floor plate (anterior),Midgut,5.416469873582032,0.1268594089924123,2.506512309962591,0.004961116126467299,0.19,600,362
Floor plate (anterior),Nascent somite,5.935681021174028,0.1955229310572936,5.823676046694388,0.003914739202493921,0.0,600,1056
Floor plate (anterior),Notochord,5.491135450810973,0.18097058357070703,2.6648647002294443,0.08964145045436307,0.28,600,288
Floor plate (anterior),Olfactory placode,5.295524700047095,-0.19504414438573855,-3.159591793239722,0.012530266046215101,0.11,600,317
Floor plate (anterior),Otic placode,5.147955229427585,-0.25278416230865997,-3.7299989484693317,0.012042168703972515,0.01,600,246
Floor plate (anterior),Periocular mesoderm,5.395546389162615,0.07850937025673173,1.1595308703619442,0.008593052608138729,0.68,600,430
Floor plate (anterior),Pharyngeal endoderm,5.632694592859271,0.1588106571072642,4.091259814014546,0.0159369850208194,0.68,600,1138
Floor plate (anterior),Pharyngeal mesoderm,5.507268424630559,-0.1868345534349555,-5.119771072915795,0.00602420078642549,0.01,600,1100
Floor plate (anterior),Pre-placodal ectoderm,5.436506752702923,-0.26487583210880167,-7.0423158243939445,0.013759293628193536,0.0,600,1022
Floor plate (anterior),Prechordal plate,4.948410110585778,-0.03766241400008793,-0.9026914849794224,0.04314396410560884,0.59,600,102
Floor plate (anterior),Presomitic mesoderm,6.0105321607466164,0.054346409449783493,2.000224549108538,0.0038346146259837077,0.7,600,3260
Floor plate (anterior),Right ventricle,5.422063312676998,-0.1276688282957119,-3.0489706554836538,0.0013888828308009102,0.02,600,696
Floor plate (anterior),Roof plate (posterior),5.480777633421474,-0.1715956413905578,-2.931520407696544,0.04722910698055344,0.06,600,450
Floor plate (anterior),Sclerotome,5.65153306043139,-0.06958482969574901,-1.5501566752997482,0.01802418701543772,0.49,600,1380
Floor plate (anterior),Second heart field (anterior),5.426735565563734,-0.1798770030009648,-4.048161347312198,0.016425160605930966,0.02,600,703
Floor plate (anterior),Second heart field (posterior),5.393327383256209,-0.2762882770314974,-7.482128999458293,0.007830535057920557,0.0,600,1220
Floor plate (anterior),Somatic mesoderm,5.549599914296951,-0.3416905574821382,-10.715121508740374,0.01966676264800069,0.0,600,2132
Floor plate (anterior),Spinal cord (cervical),6.116400771529403,0.18759417765826303,6.380996353481808,0.024604556322926026,0.05,600,2173
Floor plate (anterior),Spinal cord (thoracic),6.145343661005822,0.17101891385993837,6.80391623754971,0.002840097712917868,0.0,600,3492
Floor plate (anterior),Splanchnic mesoderm,5.578060253746339,-0.37845483174800015,-13.044506705437191,0.019955637555082617,0.0,600,4186
Floor plate (anterior),Splanchnic mesoderm (cardiopulmonary),4.537215795030849,-0.1401451643471745,-0.4385411432724695,0.1695155437950367,0.53,600,23
Floor plate (anterior),Splanchnic mesoderm (septum transversum),5.0320818784464745,-0.2042275149703731,-2.6785053751888888,0.18854766638781903,0.02,600,154
Floor plate (anterior),Surface ectoderm (anterior),5.275375366477406,-0.25520862249501225,-6.158889794558429,0.0068544967830906755,0.01,600,693
Floor plate (anterior),Surface ectoderm (posterior),5.17130929914462,-0.3645264399547061,-7.569597543355985,0.0020563633225972157,0.0,600,669
Floor plate (anterior),Telencephalon (dorsal),6.0112801330311685,0.0780668809973708,2.7373070855698103,0.030404478236309714,0.0,600,4490
Floor plate (anterior),Trunk neural crest,4.588854057269696,-0.06048701885607762,-0.6825325713355346,0.062334867422325926,0.45,600,22
Floor plate (anterior),Vagal neural crest,5.127044690647208,-0.22167495158390782,-1.6371531275303164,0.07875182405099909,0.08,600,176
Floor plate (posterior),Floor plate (posterior),8.5,0.0,0.0,0.0,1.0,357,357
Floor plate (posterior),Foregut,5.4870642296934165,0.257907252743976,4.681797163620639,0.04790679338931843,0.45,357,477
Floor plate (posterior),Frontonasal mesenchyme,5.008887515385282,-0.005559204778134763,-0.33535996677955743,0.004480510069851734,0.75,271,57
Floor plate (posterior),Head paraxial mesoderm,5.68392964832037,-0.02041044781142916,0.06371153489619064,0.010734128875154922,0.38,357,3441
Floor plate (posterior),Hindbrain (isthmic organizer),5.761366972839873,-0.009000518770677424,0.1957480075317711,0.00990213748929589,0.22,357,1531
Floor plate (posterior),Hindbrain (r1),5.856251007628461,0.052049008581657695,2.1695969811037776,0.02603994721311528,0.45,357,2128
Floor plate (posterior),Hindbrain (r2-r4),6.179557363254545,0.34356015478624524,10.009005697066344,0.025988503315251377,0.0,357,2189
Floor plate (posterior),Hindbrain (r5-r8),6.191927053229702,0.4022422384564696,10.832077828308925,0.002312354118123947,0.0,357,1457
Floor plate (posterior),Hindgut,5.24329509292905,0.16513974637406856,2.3604316318239134,0.07880981884314892,0.26,357,247
Floor plate (posterior),Hypothalamus,5.833343392959509,0.29605902289141284,5.707321726490616,0.004654725600746926,0.0,357,765
Floor plate (posterior),Intermediate mesoderm,5.598002485892266,-0.1312710083477171,-2.6424790568314362,0.023841991276139993,0.48,357,1173
Floor plate (posterior),Juxtacardiac field,5.066818354012997,-0.1455372586989047,-1.702883964793349,0.04738654131374781,0.75,357,195
Floor plate (posterior),Left ventricle,5.400200069556405,0.03754017209258661,0.6305476053727372,0.005863884180191672,0.54,357,493
Floor plate (posterior),Midbrain,5.882770067665085,0.049833396594440416,1.8301495317426701,0.015543261297908256,0.85,357,2940
Floor plate (posterior),Midgut,5.341959508147819,0.1450087628664208,2.742731079575447,0.003147527306173587,0.1,357,362
Floor plate (posterior),Nascent somite,5.953692974257589,0.30502481654257235,7.621314713566702,0.0012723527463119181,0.0,357,1056
Floor plate (posterior),Notochord,5.425559094892635,0.2167599736664112,3.9292539889826537,0.061317547125522516,0.73,357,288
Floor plate (posterior),Olfactory placode,5.160709849271994,-0.23412525684869934,-3.5882400593944457,0.0075701739430483785,0.01,357,317
Floor plate (posterior),Otic placode,5.03370394943401,-0.27526497414806084,-4.5859023575191,0.0048304293717599455,0.01,357,246
Floor plate (posterior),Periocular mesoderm,5.314777342292155,0.09641072373822397,1.1112173266100782,0.01921740073503806,0.87,357,430
Floor plate (posterior),Pharyngeal endoderm,5.657334412232789,0.28071071549406756,6.542127551346351,0.017509332319374838,0.0,357,1138
Floor plate (posterior),Pharyngeal mesoderm,5.4381152016276175,-0.1578858131617551,-3.9516091077548032,0.003041576888508057,0.02,357,1100
Floor plate (posterior),Pre-placodal ectoderm,5.291525194770476,-0.31206160366531793,-6.491550033025249,0.012891784904345446,0.0,357,1022
Floor plate (posterior),Prechordal plate,5.044613479333665,0.14307925119614198,1.0832321850088162,0.06570271607598424,0.27,357,102
Floor plate (posterior),Presomitic mesoderm,6.038130020763336,0.1791642645097594,5.197412430688071,0.016408596829244785,0.23,357,3260
Floor plate (posterior),Right ventricle,5.3911500029876365,-0.05322772702724284,-1.4542448539219157,0.01944191513859588,0.07,357,696
Floor plate (posterior),Roof plate (posterior),5.322980651774603,-0.22360937803604694,-3.921328553513902,0.028459596399380557,0.35,357,450
Floor plate (posterior),Sclerotome,5.590525122543878,-0.030133819860078976,-0.013328372343439643,0.04131929925343863,0.03,357,1380
Floor plate (posterior),Second heart field (anterior),5.328832592540118,-0.17336072791593912,-3.505807133560305,0.00045854723781718333,0.0,357,703
Floor plate (posterior),Second heart field (posterior),5.330514160673306,-0.24098067442916923,-5.999007820506438,0.0026705033553174446,0.0,357,1220
Floor plate (posterior),Somatic mesoderm,5.515690413567157,-0.2778698552639162,-7.050429393279454,0.020198249882541628,0.0,357,2132
Floor plate (posterior),Spinal cord (cervical),6.2064628154579955,0.3755692300154842,11.740427731092153,0.03692638841349332,0.0,357,2173
Floor plate (posterior),Spinal cord (thoracic),6.234791007939418,0.3591254677414562,10.60695350174752,0.01015509035808276,0.0,357,3492
Floor plate (posterior),Splanchnic mesoderm,5.523191186840514,-0.3317616954104669,-8.524584965424244,0.02642098113662774,0.0,357,4186
Floor plate (posterior),Splanchnic mesoderm (cardiopulmonary),4.390741588764466,-0.19190905248327464,-0.6668031605514103,0.09027523689915738,0.92,357,23
Floor plate (posterior),Splanchnic mesoderm (septum transversum),5.053170772511886,-0.08518722566877734,-1.2536435487241597,0.01572580358896975,0.68,357,154
Floor plate (posterior),Surface ectoderm (anterior),5.191583327936326,-0.2434467877182387,-5.361733895223,0.01207794433297589,0.03,357,693
Floor plate (posterior),Surface ectoderm (posterior),5.052399496425491,-0.38870659618601167,-7.714635315352129,0.0031946953636651726,0.0,357,669
Floor plate (posterior),Telencephalon (dorsal),5.744955929491563,-0.09155661798903747,-2.223661698163479,0.0046991510515717715,0.59,357,4490
Floor plate (posterior),Trunk neural crest,4.41432948441703,-0.13896997983109557,-0.9165824387173908,0.09018166506141755,0.53,357,22
Floor plate (posterior),Vagal neural crest,5.102264948490348,-0.1421330326786654,-0.9721656416985129,0.07091164430380774,0.33,357,176
Foregut,Foregut,8.5,0.0,0.0,0.0,1.0,477,477
Foregut,Frontonasal mesenchyme,4.906568209449812,-0.03550736363035334,-0.5410609347766532,0.0021498512108849466,0.99,367,57
Foregut,Head paraxial mesoderm,5.37828345230303,-0.22658111333532904,-6.778698221803691,0.02482291526654801,0.06,477,3441
Foregut,Hindbrain (isthmic organizer),5.507406022202672,-0.16675965413093893,-5.1207868382441415,0.010474650798698176,0.04,477,1531
Foregut,Hindbrain (r1),5.537068780984026,-0.16816368485262245,-5.025889850918774,0.008713720279143862,0.02,477,2128
Foregut,Hindbrain (r2-r4),5.541701381978588,-0.19463524025753762,-6.139911614040268,0.011015272012769797,0.0,477,2189
Foregut,Hindbrain (r5-r8),5.580006109409347,-0.10801299489700049,-2.982675583010783,0.005125416174861612,0.51,477,1457
Foregut,Hindgut,5.661017871661557,0.6816067895616552,12.137435849939662,0.01695668629919305,0.0,477,247
Foregut,Hypothalamus,5.47984254753802,0.04462448215832578,0.9663790712203122,0.017585359746260208,0.84,477,765
Foregut,Intermediate mesoderm,5.37229061580192,-0.2576850375056579,-6.961851926097993,0.010251944644835587,0.0,477,1173
Foregut,Juxtacardiac field,5.135922202205978,0.03123402150522292,0.4725729964923069,0.005842746471781617,1.0,477,195
Foregut,Left ventricle,5.362130969401299,0.10013779777798752,2.34786558364554,0.0013742842439022236,0.33,477,493
Foregut,Midbrain,5.5469774627210215,-0.18966080998445042,-5.701364344513567,0.007461034459749737,0.0,477,2940
Foregut,Midgut,6.123083066730018,1.0308913972295253,19.722443906982452,0.007235640737555123,0.0,477,362
Foregut,Nascent somite,5.515918844341741,-0.0272548538061758,-0.8823612750049663,0.0014914670282634133,0.83,477,1056
Foregut,Notochord,5.335508157349097,0.2147502056922296,4.759072967096755,0.10400958959893337,0.08,477,288
Foregut,Olfactory placode,5.109177376401893,-0.18116330307500692,-2.771975366094596,0.05049319480672159,0.82,477,317
Foregut,Otic placode,5.115051067946953,-0.09085039475247066,-0.8807985570982134,0.06710308693183067,0.01,477,246
Foregut,Periocular mesoderm,5.350820519667221,0.22749081374841337,4.581197236949692,0.018066336278618988,0.13,477,430
Foregut,Pharyngeal endoderm,6.664899543294702,1.387107443970448,39.107432293731314,0.09732376670211158,0.0,477,1138
Foregut,Pharyngeal mesoderm,5.357301018063713,-0.13699191650709283,-3.6348880399119152,0.016288372902994466,0.08,477,1100
Foregut,Pre-placodal ectoderm,5.250206320163483,-0.25381685376854257,-5.455091422166359,0.04609690294627562,0.25,477,1022
Foregut,Prechordal plate,5.049068891077216,0.26232134550311476,3.6136920279740927,0.2141973476064497,0.71,477,102
Foregut,Presomitic mesoderm,5.508950282913253,-0.25195692262793806,-9.042494543029838,0.00039468547628683677,0.0,477,3260
Foregut,Right ventricle,5.338525862711638,-0.011456920147078739,-0.06806711306907864,0.01208969764863695,0.91,477,696
Foregut,Roof plate (posterior),5.281827849235244,-0.16785044956446735,-3.019435867060326,0.05238892616060173,0.07,477,450
Foregut,Sclerotome,5.315024131468078,-0.20796223594667249,-5.626204031706718,0.020620765209664372,0.06,477,1380
Foregut,Second heart field (anterior),5.286531642900354,-0.12270805956950663,-2.7015930508289085,0.010169270111728211,0.58,477,703
Foregut,Second heart field (posterior),5.323492723031658,-0.14108333003695872,-3.863880391133916,0.006487827087581021,0.0,477,1220
Foregut,Somatic mesoderm,5.375700843841391,-0.3191957271395956,-8.562394673532724,0.013611813913473755,0.0,477,2132
Foregut,Spinal cord (cervical),5.495711120639551,-0.23235355769014335,-6.8410529540237155,0.009692473158632482,0.0,477,2173
Foregut,Spinal cord (thoracic),5.608367022392265,-0.16976533946502373,-5.4395274165938545,0.004911018074709554,0.0,477,3492
Foregut,Splanchnic mesoderm,5.40811779232818,-0.34618314684555135,-11.643161190764888,0.023074077831002467,0.0,477,4186
Foregut,Splanchnic mesoderm (cardiopulmonary),4.2718372794597945,-0.18284981500059402,-0.635883074643398,0.08053818528348727,0.73,477,23
Foregut,Splanchnic mesoderm (septum transversum),5.018128313014654,-0.01560254850853878,-0.3001585633086441,0.001737291529916174,0.88,477,154
Foregut,Surface ectoderm (anterior),5.148055409565142,-0.1788824352245634,-3.843351543041854,0.016761120475172107,0.37,477,693
Foregut,Surface ectoderm (posterior),5.055416854420944,-0.27942962252940734,-5.665470569515922,0.03355759742993204,0.06,477,669
Foregut,Telencephalon (dorsal),5.5292455633271596,-0.20408261470025804,-6.831517897177801,0.008880421621536553,0.0,477,4490
Foregut,Trunk neural crest,4.221035915156041,-0.2306527456551164,-1.1788281909736567,0.04099588900484543,0.99,477,22
Foregut,Vagal neural crest,4.97649379673384,-0.15909455128208924,-1.586887669263015,0.049727972780194855,0.68,477,176
Frontonasal mesenchyme,Frontonasal mesenchyme,8.499999999999998,0.0,0.0,0.0,1.0,57,57
Frontonasal mesenchyme,Head paraxial mesoderm,5.194927471294589,-0.25198126384679354,-3.0300817969072087,0.00991149621651679,0.03,57,3013
Frontonasal mesenchyme,Hindbrain (isthmic organizer),5.48812557923941,-0.03552297670591864,-0.21967061122661624,0.0026450982935977744,1.0,57,1257
Frontonasal mesenchyme,Hindbrain (r1),5.524632118720817,-0.015821948288470722,-0.2584614783167273,3.374472631570468e-05,0.89,57,1739
Frontonasal mesenchyme,Hindbrain (r2-r4),5.527880347001929,-0.0277222292794832,-0.6953059966250342,0.004053436807070943,0.9,57,1844
Frontonasal mesenchyme,Hindbrain (r5-r8),5.385741669375161,-0.11656608337433827,-1.36856265970959,0.0002793222191510495,0.42,57,1194
Frontonasal mesenchyme,Hindgut,4.680178771257292,-0.10301070501970866,-1.4878048516021543,0.028720533037119023,0.91,57,184
Frontonasal mesenchyme,Hypothalamus,5.14686058400326,-0.12499067053777324,-1.9565634568189776,0.012379802719413613,0.81,57,625
Frontonasal mesenchyme,Intermediate mesoderm,5.422417262291919,-0.034130927091292396,-0.8381006504422374,0.00574238246496058,0.91,57,956
Frontonasal mesenchyme,Juxtacardiac field,4.874017475216,-0.20658889743045483,-2.3994467867506266,0.0012578845252437354,0.29,57,177
Frontonasal mesenchyme,Left ventricle,5.070513779464784,-0.06944322627227661,-0.9003922792448369,0.0006337279853477,0.78,57,413
Frontonasal mesenchyme,Midbrain,5.473529124854897,-0.0666129220124958,-1.4372271022983574,0.007915434421344493,0.99,57,2292
Frontonasal mesenchyme,Midgut,4.810243785311112,-0.11407801174655274,-1.6956660721812618,0.0427390019685577,0.92,57,247
Frontonasal mesenchyme,Nascent somite,5.274176486011979,-0.06610736052750443,-1.8497530792632824,0.03137302654709173,0.72,57,812
Frontonasal mesenchyme,Notochord,4.704570901919271,-0.27761660815675704,-2.738142543051584,0.0013338224759575936,0.05,57,219
Frontonasal mesenchyme,Olfactory placode,5.611315545232628,0.43842185579252124,3.573140795545632,0.1366264914363313,0.02,57,264
Frontonasal mesenchyme,Otic placode,5.248877371389556,0.11936223451122707,1.3635412994657168,0.00013499161867307053,0.56,57,218
Frontonasal mesenchyme,Periocular mesoderm,4.856515239698553,-0.1717955030563938,-1.4888921050758426,0.0021552546934015967,0.34,57,373
Frontonasal mesenchyme,Pharyngeal endoderm,4.9288237813317295,-0.13808530573531907,-1.8086089620817196,0.011475021300073256,0.71,57,819
Frontonasal mesenchyme,Pharyngeal mesoderm,5.118613845475419,-0.22081852751840536,-2.7219253087957433,0.001601048521780557,0.07,57,925
Frontonasal mesenchyme,Pre-placodal ectoderm,5.8993231955756515,0.5476012915906465,6.131439474127122,0.09693524442005151,0.0,57,869
Frontonasal mesenchyme,Prechordal plate,4.643460947468141,-0.033613644271764276,-1.40461965121311,0.1377999381302293,0.45,57,86
Frontonasal mesenchyme,Presomitic mesoderm,5.505904171768258,-0.07227137492106284,-0.5849842664529679,0.0071753450294706035,0.81,57,2739
Frontonasal mesenchyme,Right ventricle,5.141825856019694,-0.05017400065013655,-0.9822608072640846,0.010721443285880762,0.89,57,534
Frontonasal mesenchyme,Roof plate (posterior),5.548386972864561,0.25740787232353046,3.00704727951475,0.00015023116966443793,0.1,57,349
Frontonasal mesenchyme,Sclerotome,5.161920346387419,-0.19287737220525303,-1.05289649186949,0.08491210179230434,0.8,57,1135
Frontonasal mesenchyme,Second heart field (anterior),5.122331694116308,-0.13501489445769188,-1.774356238188901,0.0024597328943186197,0.42,57,580
Frontonasal mesenchyme,Second heart field (posterior),5.309433257755588,-0.013532119139726628,0.08364053856505585,0.0037492561690495316,0.62,57,1048
Frontonasal mesenchyme,Somatic mesoderm,5.512930129320592,-0.021178402743493585,-0.010904331493160752,0.0029143511005315825,0.81,57,1766
Frontonasal mesenchyme,Spinal cord (cervical),5.3975484443605914,-0.11632957882760353,0.07426153774726496,0.09027657100361357,0.07,57,1706
Frontonasal mesenchyme,Spinal cord (thoracic),5.543482923887101,-0.03551031857994147,-0.5881636490289383,7.395138983784054e-05,0.89,57,2705
Frontonasal mesenchyme,Splanchnic mesoderm,5.587354588994666,-0.016681811317360573,0.21517184757803687,0.0076281893536310885,0.57,57,3464
Frontonasal mesenchyme,Splanchnic mesoderm (cardiopulmonary),4.8476442492814265,0.2115258930820203,0.9308553404896588,0.08067576215709464,0.93,57,21
Frontonasal mesenchyme,Splanchnic mesoderm (septum transversum),5.002404938714394,0.011382938168434276,0.658827074500862,0.026004092949830863,0.66,57,128
Frontonasal mesenchyme,Surface ectoderm (anterior),5.5154209597128965,0.2954447133210376,3.6714761705821495,0.000910616616364761,0.08,57,594
Frontonasal mesenchyme,Surface ectoderm (posterior),5.268652305821694,0.006447457030703152,0.41956779519113874,0.012592579784439034,0.62,57,593
Frontonasal mesenchyme,Telencephalon (dorsal),5.911284017975657,0.3628175099366566,4.113469376554523,0.029037584359907546,0.0,57,3435
Frontonasal mesenchyme,Trunk neural crest,4.46007510549667,0.34150065398654217,1.5095686392739056,0.01323055217539112,0.21,57,16
Frontonasal mesenchyme,Vagal neural crest,5.331829272340666,0.27001439943179095,2.305984095149843,0.0236478349936076,0.04,57,158
Head paraxial mesoderm,Head paraxial mesoderm,8.5,0.0,0.0,0.0,1.0,3441,3441
Head paraxial mesoderm,Hindbrain (isthmic organizer),6.015545426769155,-0.13445802304387033,-7.039222138253393,0.0033670866509787614,0.04,3441,1531
Head paraxial mesoderm,Hindbrain (r1),6.009132952912778,-0.17242898883715382,-9.91602200323367,0.0033652813900307346,0.0,3441,2128
Head paraxial mesoderm,Hindbrain (r2-r4),6.039554577520722,-0.1711812441809295,-9.202217522267802,0.0011313477235075306,0.0,3441,2189
Head paraxial mesoderm,Hindbrain (r5-r8),6.014191497489777,-0.1496835549979044,-7.084225370020763,7.250718480169327e-07,0.0,3441,1457
Head paraxial mesoderm,Hindgut,5.168248916366441,-0.2832015451287028,-5.048167394576109,0.08034317717121638,0.81,3441,247
Head paraxial mesoderm,Hypothalamus,5.761792943084468,-0.1521843631363525,-5.480484746537556,0.003660779665818719,0.0,3441,765
Head paraxial mesoderm,Intermediate mesoderm,6.034199115649778,-0.0702217321743636,-3.4641026449843655,0.0010260102861242544,0.11,3441,1173
Head paraxial mesoderm,Juxtacardiac field,5.572370164326766,-0.016689841197782346,1.6731261036508922,0.10230912667778709,0.0,3441,195
Head paraxial mesoderm,Left ventricle,5.748661017798159,0.008054565442326892,-0.23009459606155458,0.004951576310880964,0.24,3441,493
Head paraxial mesoderm,Midbrain,6.019419792906892,-0.19087295281146113,-10.507354271162093,0.004420740735258805,0.0,3441,2940
Head paraxial mesoderm,Midgut,5.37547295155809,-0.1910600959962346,-4.566385282630567,0.02378047299258622,0.41,3441,362
Head paraxial mesoderm,Nascent somite,6.046173423129719,0.02851720467927521,1.0802064194743877,0.0006342670309021993,0.99,3441,1056
Head paraxial mesoderm,Notochord,5.676595683903976,0.08209762604259001,1.9028369182483613,0.0029327751001137392,0.63,3441,288
Head paraxial mesoderm,Olfactory placode,5.606167310422651,-0.1627155707019936,-4.514035315351817,0.0012068139306381062,0.04,3441,317
Head paraxial mesoderm,Otic placode,5.609244681113759,-0.06949027718428506,-2.0769916883986403,0.011597393432460412,0.51,3441,246
Head paraxial mesoderm,Periocular mesoderm,6.132437738077289,0.5312705926852578,15.31871184344943,0.009847581506974335,0.0,3441,430
Head paraxial mesoderm,Pharyngeal endoderm,5.612231879822901,-0.1400897428969111,-5.2331879516394375,0.01553143450806592,0.03,3441,1138
Head paraxial mesoderm,Pharyngeal mesoderm,6.496120555813902,0.5235476670134208,23.251666035649702,0.007299311211388103,0.0,3441,1100
Head paraxial mesoderm,Pre-placodal ectoderm,5.784463213792956,-0.191558555976331,-8.516183217440341,0.002916297145705581,0.0,3441,1022
Head paraxial mesoderm,Prechordal plate,5.216547499853317,-0.04592045883094098,-0.29030270277529613,0.012034287937693941,0.89,3441,102
Head paraxial mesoderm,Presomitic mesoderm,6.132592928766695,-0.10254402618129117,-7.4490708463458235,0.0037615336701696278,0.23,3441,3260
Head paraxial mesoderm,Right ventricle,5.997455103218915,0.17765917371537596,6.92287099488625,0.004230890147429051,0.0,3441,696
Head paraxial mesoderm,Roof plate (posterior),5.824530034401994,-0.10428115183840703,-3.4939311002854345,0.0045666941974755355,0.38,3441,450
Head paraxial mesoderm,Sclerotome,6.758384315422259,0.7597231446195334,36.14099420420076,0.02009222169547011,0.0,3441,1380
Head paraxial mesoderm,Second heart field (anterior),6.163529429153061,0.2834161963139466,9.553241798088466,0.0058444163626405225,0.0,3441,703
Head paraxial mesoderm,Second heart field (posterior),6.051138688729452,0.10836419448898187,3.182174040432599,0.03031403117138587,0.25,3441,1220
Head paraxial mesoderm,Somatic mesoderm,6.243849394905056,0.07419607739448993,2.4991392200723417,0.01621253602584986,0.0,3441,2132
Head paraxial mesoderm,Spinal cord (cervical),6.072504601777901,-0.13311240620491324,-7.350559396054256,0.0014182275860169416,0.0,3441,2173
Head paraxial mesoderm,Spinal cord (thoracic),6.152198164077159,-0.09688161518791816,-7.20667221974298,0.001327270913827677,0.0,3441,3492
Head paraxial mesoderm,Splanchnic mesoderm,6.16889582059153,-0.06332388894421055,-6.839886798443853,0.019548267093988353,0.0,3441,4186
Head paraxial mesoderm,Splanchnic mesoderm (cardiopulmonary),4.8459250433969085,-0.12554399566927765,-0.3625193417890762,0.06146729257200252,0.52,3441,23
Head paraxial mesoderm,Splanchnic mesoderm (septum transversum),5.5743720495908855,0.06932890106652471,0.2585353507565582,0.048076354023450646,0.33,3441,154
Head paraxial mesoderm,Surface ectoderm (anterior),5.7140937389602895,-0.09043707619480627,-4.7510822553923875,0.02079541376900734,0.23,3441,693
Head paraxial mesoderm,Surface ectoderm (posterior),5.678102588553391,-0.13431528156966355,-7.244892329742387,0.03394748549753654,0.23,3441,669
Head paraxial mesoderm,Telencephalon (dorsal),6.008692114488935,-0.20347107267735343,-15.045395076006074,0.0010091068883010714,0.0,3441,4490
Head paraxial mesoderm,Trunk neural crest,4.61967899076452,-0.29525135765371086,-1.7280032261768745,0.04319173141800801,0.21,3441,22
Head paraxial mesoderm,Vagal neural crest,5.424636323509303,-0.1909302218451554,-2.803487398475284,0.007186454030087914,0.01,3441,176
Hindbrain (isthmic organizer),Hindbrain (isthmic organizer),8.5,0.0,0.0,0.0,1.0,1531,1531
Hindbrain (isthmic organizer),Hindbrain (r1),6.999679973376129,0.7501872176756764,34.4685280180149,0.01602509882235129,0.0,1531,2128
Hindbrain (isthmic organizer),Hindbrain (r2-r4),6.7283903030524685,0.44901622290635085,22.04240750593495,0.007742479953764281,0.0,1531,2189
Hindbrain (isthmic organizer),Hindbrain (r5-r8),6.482129343333884,0.24555765403906418,10.288792556610883,0.0054750956700289856,0.0,1531,1457
Hindbrain (isthmic organizer),Hindgut,5.261513978231621,-0.25682455034030455,-5.2326619087455235,0.04021012124209168,0.19,1531,247
Hindbrain (isthmic organizer),Hypothalamus,6.367495362318877,0.3886702423447357,12.854829960902387,0.006090162533541027,0.0,1531,765
Hindbrain (isthmic organizer),Intermediate mesoderm,6.194802209634239,0.02158751233147201,0.7045118412193861,0.0006980465512083239,0.65,1531,1173
Hindbrain (isthmic organizer),Juxtacardiac field,5.38882187980894,-0.26312361706884335,-4.529093626661439,0.014428637639824798,0.0,1531,195
Hindbrain (isthmic organizer),Left ventricle,5.530228574426445,-0.278754433869375,-8.869877465915327,0.005089262578564144,0.0,1531,493
Hindbrain (isthmic organizer),Midbrain,7.063128219126419,0.7841089795663064,38.543450311039166,0.023140038147989813,0.0,1531,2940
Hindbrain (isthmic organizer),Midgut,5.386176981778436,-0.2508927568662139,-5.763529968423718,0.02001577078060061,0.0,1531,362
Hindbrain (isthmic organizer),Nascent somite,6.139401999679804,0.04985070133048778,1.9328062457987885,0.0008316580251831844,0.25,1531,1056
Hindbrain (isthmic organizer),Notochord,5.50863383274304,-0.1582500554923826,-3.1006480113735044,0.007409308148135651,0.01,1531,288
Hindbrain (isthmic organizer),Olfactory placode,5.8536041170332345,0.009892801770921444,-0.33540132918839244,0.014121666329040165,0.1,1531,317
Hindbrain (isthmic organizer),Otic placode,5.668268413429981,-0.08041776443886513,-1.7646665135505082,0.002168047700136237,0.71,1531,246
Hindbrain (isthmic organizer),Periocular mesoderm,5.446594538152698,-0.2215469090517995,-5.112770037529944,0.010359983351907716,0.0,1531,430
Hindbrain (isthmic organizer),Pharyngeal endoderm,5.6183867338177444,-0.20445256063136222,-8.051212354715084,0.005274310991968338,0.0,1531,1138
Hindbrain (isthmic organizer),Pharyngeal mesoderm,5.814922214027223,-0.22438621244811627,-8.78392557516218,0.00041394755950785835,0.0,1531,1100
Hindbrain (isthmic organizer),Pre-placodal ectoderm,5.983671748129248,-0.06433790024144918,-3.0330803570235374,0.003596850984961395,0.77,1531,1022
Hindbrain (isthmic organizer),Prechordal plate,5.105128129413534,-0.22932069304101285,-3.0695859033695285,0.007854004197319775,0.02,1531,102
Hindbrain (isthmic organizer),Presomitic mesoderm,6.323342802759318,0.0171778303283275,0.9164675793916572,1.1918294264414959e-05,0.54,1531,3260
Hindbrain (isthmic organizer),Right ventricle,5.635061536104206,-0.2562135804143549,-8.355600029066572,0.0010411593478997332,0.0,1531,696
Hindbrain (isthmic organizer),Roof plate (posterior),6.046398754658313,0.04848791771186415,1.9690927662469668,0.010254582639887391,0.29,1531,450
Hindbrain (isthmic organizer),Sclerotome,5.984337106390401,-0.08536998531261464,-3.8098423831742387,0.0032125656403983916,0.63,1531,1380
Hindbrain (isthmic organizer),Second heart field (anterior),5.7396103658111315,-0.20947590533273056,-6.838357997558888,0.00017433838922634897,0.0,1531,703
Hindbrain (isthmic organizer),Second heart field (posterior),5.785880377714321,-0.22871816176180992,-9.664764774658346,0.00858014013906832,0.0,1531,1220
Hindbrain (isthmic organizer),Somatic mesoderm,6.030609993027301,-0.21003982913634398,-10.054758017527222,0.00207037657024694,0.0,1531,2132
Hindbrain (isthmic organizer),Spinal cord (cervical),6.516903271230923,0.2430506080517801,10.976917036862588,0.0002396685893546898,0.0,1531,2173
Hindbrain (isthmic organizer),Spinal cord (thoracic),6.448214426609923,0.12569806591816116,6.271110347853388,0.0010212016457311142,0.0,1531,3492
Hindbrain (isthmic organizer),Splanchnic mesoderm,6.086708277944115,-0.21575820386469355,-11.176372028028624,0.0007594160971065309,0.0,1531,4186
Hindbrain (isthmic organizer),Splanchnic mesoderm (cardiopulmonary),4.485860247966096,-0.5493240542379653,-3.1502000935292913,0.21642359136456008,0.07,1531,23
Hindbrain (isthmic organizer),Splanchnic mesoderm (septum transversum),5.387974682053508,-0.19660643123314583,-3.5739556539537696,0.00714778093922824,0.25,1531,154
Hindbrain (isthmic organizer),Surface ectoderm (anterior),5.6895697495232325,-0.1839950677829112,-6.152284527826629,0.002000249343439247,0.0,1531,693
Hindbrain (isthmic organizer),Surface ectoderm (posterior),5.6375058124460296,-0.24232895637085328,-7.335871812153056,0.004423146369830645,0.0,1531,669
Hindbrain (isthmic organizer),Telencephalon (dorsal),6.775156776199875,0.4943169770626256,25.413340103001616,0.012324233986807554,0.0,1531,4490
Hindbrain (isthmic organizer),Trunk neural crest,4.9960269236542425,0.00699653146573868,-0.03962762585918245,0.004128386025997488,0.93,1531,22
Hindbrain (isthmic organizer),Vagal neural crest,5.685038014248382,-0.003736609014732828,0.4305837334770648,0.005589695451520356,0.77,1531,176
Hindbrain (r1),Hindbrain (r1),8.5,0.0,0.0,0.0,1.0,2128,2128
Hindbrain (r1),Hindbrain (r2-r4),6.9589099909458705,0.6471820656403304,33.90216233220492,0.025880707170494722,0.0,2128,2189
Hindbrain (r1),Hindbrain (r5-r8),6.686803325833043,0.4214031803908573,18.758257764431573,0.006659766839651087,0.0,2128,1457
Hindbrain (r1),Hindgut,5.378989197045992,-0.17389281419145805,-3.760655577797808,0.011148080254610867,0.1,2128,247
Hindbrain (r1),Hypothalamus,6.495754872521496,0.48254897154400417,16.781955857456154,0.015919312369609685,0.0,2128,765
Hindbrain (r1),Intermediate mesoderm,6.177760399612272,-0.026019555978479342,-1.4352330773156499,0.0024100136413185667,0.28,2128,1173
Hindbrain (r1),Juxtacardiac field,5.474446047020474,-0.20995191844753514,-3.459946943560469,0.008843721422087817,0.01,2128,195
Hindbrain (r1),Left ventricle,5.510873345758124,-0.33380304566794816,-9.687357950339438,0.013662775498143842,0.0,2128,493
Hindbrain (r1),Midbrain,6.8486334287841375,0.5368409315088902,29.935377022912636,0.00710154797516018,0.0,2128,2940
Hindbrain (r1),Midgut,5.434254513246311,-0.23541158330277442,-6.218288127121498,0.011985157747544389,0.0,2128,362
Hindbrain (r1),Nascent somite,6.15198056322754,0.03447037830289693,1.4407883391184093,2.9490696865991643e-05,0.29,2128,1056
Hindbrain (r1),Notochord,5.562692565361094,-0.1307523167424692,-2.6365202479617396,0.01293515070063499,0.06,2128,288
Hindbrain (r1),Olfactory placode,5.816573926315267,-0.05534194345834317,-1.8145737690160824,0.006094535909049266,0.68,2128,317
Hindbrain (r1),Otic placode,5.721029773579507,-0.05783073388685208,-1.666983874589276,0.01048394689715647,0.61,2128,246
Hindbrain (r1),Periocular mesoderm,5.5364297290914335,-0.16416435232927729,-3.868235975537099,0.013452795838938098,0.09,2128,430
Hindbrain (r1),Pharyngeal endoderm,5.664066529296838,-0.19057269520659612,-7.7339482320244946,0.0024667237546226006,0.0,2128,1138
Hindbrain (r1),Pharyngeal mesoderm,5.8379438471802105,-0.23367280037624502,-9.449089586749034,0.003421193700757129,0.0,2128,1100
Hindbrain (r1),Pre-placodal ectoderm,5.981569664389049,-0.09976243004522534,-4.266089061893736,0.005281830806748431,0.36,2128,1022
Hindbrain (r1),Prechordal plate,5.137322107017973,-0.2265632642328607,-2.895676509259003,0.02988315911152602,0.2,2128,102
Hindbrain (r1),Presomitic mesoderm,6.382717636805492,0.04494023676407751,2.428070775930239,8.351632311904825e-05,0.03,2128,3260
Hindbrain (r1),Right ventricle,5.660771175361461,-0.26264642114829534,-9.089515315546494,0.007687298032142701,0.0,2128,696
Hindbrain (r1),Roof plate (posterior),6.10898496385455,0.08136914709488814,2.356003511168906,0.00305332650988904,0.49,2128,450
Hindbrain (r1),Sclerotome,5.96453872307089,-0.13152058281922763,-6.2481333838298125,0.00045802538184314156,0.0,2128,1380
Hindbrain (r1),Second heart field (anterior),5.754455356938405,-0.2334139651409748,-7.533775081582188,0.003911598681143163,0.0,2128,703
Hindbrain (r1),Second heart field (posterior),5.7739744471031385,-0.27532630034576816,-11.205994987154632,0.0025256533713223137,0.0,2128,1220
Hindbrain (r1),Somatic mesoderm,6.043048223839534,-0.2297399060941873,-11.655098141449095,0.0016992610888432115,0.0,2128,2132
Hindbrain (r1),Spinal cord (cervical),6.627297711249958,0.31984709370562836,16.584336448174195,0.0002267481585014313,0.0,2128,2173
Hindbrain (r1),Spinal cord (thoracic),6.5364886059269836,0.187486912243808,10.596742026906606,0.0010647426319876448,0.0,2128,3492
Hindbrain (r1),Splanchnic mesoderm,6.071356641209181,-0.26372426372713864,-15.753817999655768,0.0015042406287647378,0.0,2128,4186
Hindbrain (r1),Splanchnic mesoderm (cardiopulmonary),4.586785772274953,-0.4530636340064775,-2.3740316065758797,0.14036896120960007,0.07,2128,23
Hindbrain (r1),Splanchnic mesoderm (septum transversum),5.338211998760511,-0.2774817636163407,-4.722027225405019,0.005265708217275441,0.0,2128,154
Hindbrain (r1),Surface ectoderm (anterior),5.756137714551006,-0.1492480453400328,-5.343850319906767,0.0068849323123906046,0.35,2128,693
Hindbrain (r1),Surface ectoderm (posterior),5.682200728463674,-0.2330572078051055,-8.24771792923768,0.0027841065072647356,0.0,2128,669
Hindbrain (r1),Telencephalon (dorsal),6.685136357984518,0.37090129878379735,22.965236193712627,0.0026945157852276396,0.0,2128,4490
Hindbrain (r1),Trunk neural crest,5.022139384655026,0.007525548051119675,-0.07707655192925815,0.09331539725322963,0.36,2128,22
Hindbrain (r1),Vagal neural crest,5.76760347404143,0.057896895852662965,1.431423884204599,0.002293947850023252,0.95,2128,176
Hindbrain (r2-r4),Hindbrain (r2-r4),8.5,0.0,0.0,0.0,1.0,2189,2189
Hindbrain (r2-r4),Hindbrain (r5-r8),6.936388559615246,0.6408292436560288,32.26947866551151,0.035809200145835995,0.0,2189,1457
Hindbrain (r2-r4),Hindgut,5.295813101905826,-0.28389404565933124,-6.076711484203172,0.035102495899173504,0.01,2189,247
Hindbrain (r2-r4),Hypothalamus,6.420393308449493,0.3760213999018938,13.75766048284048,0.00010156048505920725,0.0,2189,765
Hindbrain (r2-r4),Intermediate mesoderm,6.227818931033814,-0.007474814441497557,-0.2992190525429601,0.00011711655482861089,0.73,2189,1173
Hindbrain (r2-r4),Juxtacardiac field,5.413827813643761,-0.30589961737210175,-4.973837908482027,0.03935581005832875,0.0,2189,195
Hindbrain (r2-r4),Left ventricle,5.60841810708303,-0.2617705106144384,-8.925216748533659,0.009331344825477537,0.0,2189,493
Hindbrain (r2-r4),Midbrain,6.713527954695205,0.37182275874551013,20.938277217256047,0.005573290434295907,0.0,2189,2940
Hindbrain (r2-r4),Midgut,5.401132682109373,-0.2993580203701445,-7.435691114141423,0.023873361344399522,0.0,2189,362
Hindbrain (r2-r4),Nascent somite,6.198069482394435,0.050888864124054876,2.71178371106824,0.0055016919477492284,0.31,2189,1056
Hindbrain (r2-r4),Notochord,5.5787810412917755,-0.14070394862022736,-3.1462920277127377,0.004970174687404206,0.0,2189,288
Hindbrain (r2-r4),Olfactory placode,5.86126692429183,-0.039916775254432046,-1.7546891178883992,0.010606926584902771,0.2,2189,317
Hindbrain (r2-r4),Otic placode,5.759708996928566,-0.04718308710933646,-1.474760863447921,0.004719782477183479,0.75,2189,246
Hindbrain (r2-r4),Periocular mesoderm,5.549820866738233,-0.18175572151571048,-4.626203483675913,0.0026019770603353328,0.0,2189,430
Hindbrain (r2-r4),Pharyngeal endoderm,5.674728202471466,-0.20372000785617703,-7.906287745140851,0.009297418592811761,0.0,2189,1138
Hindbrain (r2-r4),Pharyngeal mesoderm,5.848580658362226,-0.25096668193366806,-9.570230399463904,0.001596669493149467,0.0,2189,1100
Hindbrain (r2-r4),Pre-placodal ectoderm,6.01551610836303,-0.09544424318916593,-4.041521104096489,0.006662515293748701,0.23,2189,1022
Hindbrain (r2-r4),Prechordal plate,5.159849090251723,-0.2451457512258406,-3.2411541300356106,0.010508852744914633,0.02,2189,102
Hindbrain (r2-r4),Presomitic mesoderm,6.467550680917861,0.1013897928344063,5.921339315150957,0.0010566061897298708,0.0,2189,3260
Hindbrain (r2-r4),Right ventricle,5.685490865315799,-0.26868328792831786,-8.930032684331701,0.01576257669793548,0.0,2189,696
Hindbrain (r2-r4),Roof plate (posterior),6.300913124687791,0.24567183655795866,7.511631142724306,0.007136970494498775,0.0,2189,450
Hindbrain (r2-r4),Sclerotome,6.016025398938017,-0.11311541738856512,-4.6290940374178104,0.0010025952625374065,0.0,2189,1380
Hindbrain (r2-r4),Second heart field (anterior),5.7770680961246255,-0.2380519960795541,-8.402599727222492,0.0018554718885155832,0.0,2189,703
Hindbrain (r2-r4),Second heart field (posterior),5.792367130262218,-0.28399611196664115,-12.22261174793153,0.0015226464843704096,0.0,2189,1220
Hindbrain (r2-r4),Somatic mesoderm,6.101690724423633,-0.2012607407554127,-9.844335230711552,0.0013894899381979313,0.0,2189,2132
Hindbrain (r2-r4),Spinal cord (cervical),6.732293906197916,0.3964001665969829,18.837917809214147,0.0005151408751568354,0.0,2189,2173
Hindbrain (r2-r4),Spinal cord (thoracic),6.648722906024884,0.2661975220851887,14.553702931713218,0.0014982278368098761,0.0,2189,3492
Hindbrain (r2-r4),Splanchnic mesoderm,6.148780286300177,-0.21244358657393056,-13.395453857273468,0.0011667666207777552,0.0,2189,4186
Hindbrain (r2-r4),Splanchnic mesoderm (cardiopulmonary),4.577664755187562,-0.4954476404389907,-2.7312044605284327,0.13615673222901603,0.04,2189,23
Hindbrain (r2-r4),Splanchnic mesoderm (septum transversum),5.441661083405421,-0.1991628231817518,-4.359644492439032,0.011738408688062144,0.47,2189,154
Hindbrain (r2-r4),Surface ectoderm (anterior),5.7758908103370175,-0.1571947958297235,-6.137960567337725,0.0114290302786236,0.38,2189,693
Hindbrain (r2-r4),Surface ectoderm (posterior),5.675100146534667,-0.26859361503367535,-8.704414988230942,6.567983699622617e-05,0.0,2189,669
Hindbrain (r2-r4),Telencephalon (dorsal),6.601861673865792,0.25795447176660247,16.5432648128055,0.002476837949241563,0.0,2189,4490
Hindbrain (r2-r4),Trunk neural crest,5.1386742599821424,0.0946166864206696,0.6069397059021657,0.028600327381395903,0.76,2189,22
Hindbrain (r2-r4),Vagal neural crest,5.910107604864912,0.1756926365581153,3.719694607050789,0.0011567811207506098,0.17,2189,176
Hindbrain (r5-r8),Hindbrain (r5-r8),8.5,0.0,0.0,0.0,1.0,1457,1457
Hindbrain (r5-r8),Hindgut,5.378150516315276,-0.161956876433484,-3.258732337730025,0.0036949368609836067,0.02,1457,247
Hindbrain (r5-r8),Hypothalamus,6.273000783910745,0.2709827199152424,9.303535452731925,0.0006057655633388877,0.0,1457,765
Hindbrain (r5-r8),Intermediate mesoderm,6.195989135058203,0.00692051033419272,0.40124311882780345,0.002539101697223555,0.6,1457,1173
Hindbrain (r5-r8),Juxtacardiac field,5.468679562951834,-0.20543857251497055,-3.134471909461341,0.017794059601871137,0.0,1457,195
Hindbrain (r5-r8),Left ventricle,5.555020997684745,-0.2721132515666671,-6.622111323968323,0.007280725391169313,0.0,1457,493
Hindbrain (r5-r8),Midbrain,6.573620971681817,0.27661357436230904,11.960269180295603,0.0009341863652685613,0.0,1457,2940
Hindbrain (r5-r8),Midgut,5.433007592925466,-0.2225084735423787,-5.436219141177541,0.012158441436481506,0.01,1457,362
Hindbrain (r5-r8),Nascent somite,6.1426838118589275,0.03932285281779624,1.9945114849292631,0.0047239129763098405,0.28,1457,1056
Hindbrain (r5-r8),Notochord,5.477745020730194,-0.2020663635512229,-3.5900325767876393,0.04551432521533558,0.36,1457,288
Hindbrain (r5-r8),Olfactory placode,5.759974816447412,-0.0959256826812765,-2.5912678645783944,0.00460987161064859,0.44,1457,317
Hindbrain (r5-r8),Otic placode,5.745771024611595,-0.01922809296143176,-1.2184386583131301,0.026165294382820274,0.03,1457,246
Hindbrain (r5-r8),Periocular mesoderm,5.537069255796561,-0.1429369472216345,-3.1846734090675413,0.006176882617757364,0.03,1457,430
Hindbrain (r5-r8),Pharyngeal endoderm,5.692486824285783,-0.14442006281722156,-5.462709646897813,0.002511616844200931,0.0,1457,1138
Hindbrain (r5-r8),Pharyngeal mesoderm,5.809526791547149,-0.25004075260709807,-8.58605736976971,0.004607935639320088,0.0,1457,1100
Hindbrain (r5-r8),Pre-placodal ectoderm,5.953813186790282,-0.11276152316092869,-4.46847348524997,0.007085965119813528,0.25,1457,1022
Hindbrain (r5-r8),Prechordal plate,5.189031128033652,-0.15151845005295783,-1.9837086893013574,0.02072723140381869,0.83,1457,102
Hindbrain (r5-r8),Presomitic mesoderm,6.416293379673937,0.09296726684782304,4.651735132185016,0.005517459538850576,0.02,1457,3260
Hindbrain (r5-r8),Right ventricle,5.720797646963502,-0.1896177450690013,-5.665559711410427,0.006223720623212779,0.0,1457,696
Hindbrain (r5-r8),Roof plate (posterior),6.34485682880726,0.33342319884095684,9.374689618539072,0.0010092602164946513,0.0,1457,450
Hindbrain (r5-r8),Sclerotome,5.963554371940783,-0.12265767817682634,-5.214796979350301,0.004366918292640744,0.1,1457,1380
Hindbrain (r5-r8),Second heart field (anterior),5.793189897518167,-0.17665914809811914,-5.3638194979039495,0.004667175635140783,0.0,1457,703
Hindbrain (r5-r8),Second heart field (posterior),5.780158077003409,-0.25394735982900113,-10.607165077931937,0.0003084123035489534,0.0,1457,1220
Hindbrain (r5-r8),Somatic mesoderm,6.083402041287569,-0.17097441766317475,-8.126223708964268,0.0008014358428612987,0.0,1457,2132
Hindbrain (r5-r8),Spinal cord (cervical),6.96491929959555,0.6719871884777477,30.331673776694412,0.014475927065182125,0.0,1457,2173
Hindbrain (r5-r8),Spinal cord (thoracic),6.671955663399125,0.3374582696823876,17.10522914531461,0.001893440268828294,0.0,1457,3492
Hindbrain (r5-r8),Splanchnic mesoderm,6.1210405025265695,-0.1962253139618957,-10.261264863022223,0.0005096354404086647,0.0,1457,4186
Hindbrain (r5-r8),Splanchnic mesoderm (cardiopulmonary),4.545743451276213,-0.4817855040571321,-2.5547662775743203,0.16007398187691882,0.05,1457,23
Hindbrain (r5-r8),Splanchnic mesoderm (septum transversum),5.363841830696003,-0.23891812099270204,-4.041476079051626,0.0002166854461424779,0.03,1457,154
Hindbrain (r5-r8),Surface ectoderm (anterior),5.777439065343312,-0.11109351175252158,-4.138153978091254,0.013842248201473223,0.58,1457,693
Hindbrain (r5-r8),Surface ectoderm (posterior),5.719682217967322,-0.1799150593991016,-6.50634583107744,0.012373299184365872,0.26,1457,669
Hindbrain (r5-r8),Telencephalon (dorsal),6.4889153789131795,0.19198983517340343,10.142438750237824,0.0005913028901704616,0.0,1457,4490
Hindbrain (r5-r8),Trunk neural crest,5.071871347802429,0.06513763071224687,0.39474593460334795,0.0005265264462440217,0.77,1457,22
Hindbrain (r5-r8),Vagal neural crest,5.931095496513336,0.23111050945991707,4.238268661216777,0.004972930471857527,0.01,1457,176
Hindgut,Hindgut,8.5,0.0,0.0,0.0,1.0,247,247
Hindgut,Hypothalamus,5.348609778885424,0.06647667292461179,1.098372498015104,0.014234727330052432,0.36,247,765
Hindgut,Intermediate mesoderm,5.14560127834061,-0.33272072837077893,-6.0047089555306306,0.04898022742116382,0.06,247,1173
Hindgut,Juxtacardiac field,5.086378961852112,0.12875486085864937,1.9676289007804362,0.011415297628873285,0.47,247,195
Hindgut,Left ventricle,5.241091234492859,0.1307217594411929,2.4280624008033036,0.02793778918574119,0.53,247,493
Hindgut,Midbrain,5.391983438202552,-0.18955984974154502,-3.9910134540967293,0.010521188314153487,0.03,247,2940
Hindgut,Midgut,6.151858287629122,1.2143766906795654,20.00586000948342,0.01363686040524675,0.0,247,362
Hindgut,Nascent somite,5.176317604847642,-0.21657387037219156,-4.21119055293762,0.02976583298001323,0.7,247,1056
Hindgut,Notochord,5.151075018534769,0.1854868572849835,3.6288258329583827,0.15041741191207836,0.03,247,288
Hindgut,Olfactory placode,4.956896235347298,-0.17876944073635226,-2.062693046076419,0.09869515900070125,0.0,247,317
Hindgut,Otic placode,4.849322087603991,-0.19716930049387985,-1.8645678029574064,0.1034517474830691,0.01,247,246
Hindgut,Periocular mesoderm,5.111619489980465,0.14540429614244163,2.0721527138051985,0.1117206463578589,0.98,247,430
Hindgut,Pharyngeal endoderm,5.81231282059509,0.6939644464505287,13.120749648858487,0.0184868044201644,0.0,247,1138
Hindgut,Pharyngeal mesoderm,5.277993791481933,-0.06524180226879277,-1.2630757353896205,0.015744239880761287,0.65,247,1100
Hindgut,Pre-placodal ectoderm,5.061248301403148,-0.29243084809922476,-5.409076359824932,0.062112070816115965,0.48,247,1022
Hindgut,Prechordal plate,4.7472995783069445,0.098356092355614,0.8217727057904621,0.023160776326417932,0.85,247,102
Hindgut,Presomitic mesoderm,5.33905936020484,-0.2716288907313225,-6.573224479613302,0.004352426822434408,0.0,247,3260
Hindgut,Right ventricle,5.209314161635962,0.013612533427869463,0.36347168921345435,0.010390771164252067,0.53,247,696
Hindgut,Roof plate (posterior),4.994550615652052,-0.30695336993877004,-4.467465466510375,0.07890259237996254,0.74,247,450
Hindgut,Sclerotome,5.085978872113617,-0.28772917129703995,-5.359535820581882,0.07246453338585244,1.0,247,1380
Hindgut,Second heart field (anterior),5.173158656093668,-0.08310729531088985,-1.4985257785833588,0.0002813748712059433,0.19,247,703
Hindgut,Second heart field (posterior),5.116668942184802,-0.19706648998397558,-4.166899212161813,0.04711227417811702,0.29,247,1220
Hindgut,Somatic mesoderm,5.133906341522974,-0.40809911067061816,-8.894068898181784,0.03255276760220331,0.0,247,2132
Hindgut,Spinal cord (cervical),5.259150468557015,-0.3158339234104046,-7.316040575643062,0.012938687366354479,0.0,247,2173
Hindgut,Spinal cord (thoracic),5.336754284723992,-0.2839798421356455,-6.379700461407469,0.02736006691523367,0.0,247,3492
Hindgut,Splanchnic mesoderm,5.195583431344159,-0.4078180047563477,-9.226368155529267,0.03393366672576056,0.0,247,4186
Hindgut,Splanchnic mesoderm (cardiopulmonary),4.118111285796317,-0.19368452310032,-0.7718657233649081,0.14242833255204446,0.71,247,23
Hindgut,Splanchnic mesoderm (septum transversum),4.791126269108972,-0.09228920014475417,-1.1865581037755648,0.098585683132548,0.32,247,154
Hindgut,Surface ectoderm (anterior),4.960318990344587,-0.21614484768927125,-3.4686852927810095,0.018581702191384077,0.14,247,693
Hindgut,Surface ectoderm (posterior),4.91071568900784,-0.27193658635219603,-3.892988125019174,0.03851692849762594,0.21,247,669
Hindgut,Telencephalon (dorsal),5.352993086749042,-0.23246566978953442,-5.2304337616797225,0.011400382685401611,0.01,247,4490
Hindgut,Trunk neural crest,4.224107699866374,-0.07078297192937377,-0.43620107983854806,0.004547910230309132,0.93,247,22
Hindgut,Vagal neural crest,4.769940621282353,-0.2216371601919732,-2.260576220213492,0.010460538221972543,0.02,247,176
Hypothalamus,Hypothalamus,8.5,0.0,0.0,0.0,1.0,765,765
Hypothalamus,Intermediate mesoderm,5.904130775743396,-0.03157339441338033,-0.8648358323667069,0.0021387076977080616,0.5,765,1173
Hypothalamus,Juxtacardiac field,5.298019054101492,-0.12440740128432785,-2.5427106421342573,0.010697662985147235,0.87,765,195
Hypothalamus,Left ventricle,5.396698519280867,-0.17585361832963523,-4.099847877992903,0.00339073070666348,0.0,765,493
Hypothalamus,Midbrain,6.681804574903299,0.637212668499644,25.77261832133873,0.03622490997708476,0.0,765,2940
Hypothalamus,Midgut,5.388801281473094,-0.008079399866466849,-0.20821758404568405,0.01244317677583803,0.74,765,362
Hypothalamus,Nascent somite,5.981883288897522,0.12887871011142563,4.172170158589986,0.0005168855368354471,0.01,765,1056
Hypothalamus,Notochord,5.541844159476697,0.11730573045391098,2.1534745118780085,0.0025583103621505954,0.29,765,288
Hypothalamus,Olfactory placode,5.444406537891713,-0.14719400731021448,-3.0951565433321684,0.008004883053739281,0.32,765,317
Hypothalamus,Otic placode,5.158317078941935,-0.3553470420636587,-5.6593421048021675,0.02572295405636093,0.0,765,246
Hypothalamus,Periocular mesoderm,5.368327424019999,-0.05691114600036743,-1.370011723552282,0.0020985455101590325,0.74,765,430
Hypothalamus,Pharyngeal endoderm,5.572488057441479,-0.0128692984013646,-0.6721211589731232,0.012439810873317258,0.49,765,1138
Hypothalamus,Pharyngeal mesoderm,5.560045520038167,-0.24113647629788085,-7.450962136831443,0.001066387512787089,0.0,765,1100
Hypothalamus,Pre-placodal ectoderm,5.534611990845711,-0.2774111215379727,-7.640843855979601,0.009699933606323319,0.0,765,1022
Hypothalamus,Prechordal plate,5.053783334916402,-0.04463598356188362,0.08528676040335435,0.06515268275716837,0.71,765,102
Hypothalamus,Presomitic mesoderm,6.08073771810502,0.01372711368882277,0.19308649363065244,0.0032257967754235214,0.4,765,3260
Hypothalamus,Right ventricle,5.46689096228188,-0.18798869151817707,-4.992582859556323,0.0019707270227735402,0.0,765,696
Hypothalamus,Roof plate (posterior),5.571670226344277,-0.190799579879369,-3.906906066628531,0.048707229032525015,0.09,765,450
Hypothalamus,Sclerotome,5.71838292106045,-0.1089968896566944,-2.884686015542632,0.005484053844059913,0.17,765,1380
Hypothalamus,Second heart field (anterior),5.481639282422289,-0.23485278557820136,-6.217382700809616,0.0007770886679453553,0.0,765,703
Hypothalamus,Second heart field (posterior),5.481832121590789,-0.29656249166337645,-9.627041070447554,0.0045076289547173205,0.0,765,1220
Hypothalamus,Somatic mesoderm,5.678773900351895,-0.3270540016950809,-11.28118765324639,0.0041423910472311205,0.0,765,2132
Hypothalamus,Spinal cord (cervical),6.214214716100247,0.17681234159064876,5.972397156110752,0.004125512551040741,0.0,765,2173
Hypothalamus,Spinal cord (thoracic),6.161769522291691,0.07601754900847328,2.8048656165892845,0.002973787042076488,0.41,765,3492
Hypothalamus,Splanchnic mesoderm,5.73256011942897,-0.3330522867940721,-13.0518854258909,0.014033649273548693,0.0,765,4186
Hypothalamus,Splanchnic mesoderm (cardiopulmonary),4.4599688389783125,-0.315853686761656,-1.3496165677506677,0.11986142529958506,0.89,765,23
Hypothalamus,Splanchnic mesoderm (septum transversum),5.261605241977214,-0.08781756082364556,-1.7341473141845298,0.018424532317735495,0.48,765,154
Hypothalamus,Surface ectoderm (anterior),5.3487230333992315,-0.29285734172795025,-7.572621247254887,0.0032510122570945225,0.0,765,693
Hypothalamus,Surface ectoderm (posterior),5.225495178708692,-0.41707994352067895,-9.539220637741646,0.010360152756278477,0.0,765,669
Hypothalamus,Telencephalon (dorsal),6.7583712990135325,0.7132278796644602,27.32527923961418,0.023167348771394942,0.0,765,4490
Hypothalamus,Trunk neural crest,4.80404011971915,0.039175789385546146,0.09114730651747638,0.006836060099322409,0.79,765,22
Hypothalamus,Vagal neural crest,5.16388975722963,-0.28635597214429076,-2.5264333725780284,0.1746597025411368,0.0,765,176
Intermediate mesoderm,Intermediate mesoderm,8.5,0.0,0.0,0.0,1.0,1173,1173
Intermediate mesoderm,Juxtacardiac field,5.265813884823753,-0.340830443059164,-5.699667096481174,0.028336221377173038,0.0,1173,195
Intermediate mesoderm,Left ventricle,5.4594392589979925,-0.30465384355861386,-8.221343082715759,0.006791152032560579,0.0,1173,493
Intermediate mesoderm,Midbrain,6.236727622178719,0.0022017733618315085,-0.13734850696962334,0.0016345497753458764,0.75,1173,2940
Intermediate mesoderm,Midgut,5.292045826188445,-0.29934889186449326,-7.0380693540443575,0.020436583741236976,0.0,1173,362
Intermediate mesoderm,Nascent somite,6.59104610295211,0.5485208193595446,21.696998265626874,0.005228577917758081,0.0,1173,1056
Intermediate mesoderm,Notochord,5.424515100471917,-0.1880639960579963,-3.9570479627651878,0.003978641987408076,0.0,1173,288
Intermediate mesoderm,Olfactory placode,5.745002127681278,-0.04536392240102286,-1.24585557314764,0.005759893271530957,0.79,1173,317
Intermediate mesoderm,Otic placode,5.715144005868915,0.012414454124981175,-0.09373915977258333,0.007768221760105749,0.93,1173,246
Intermediate mesoderm,Periocular mesoderm,5.42560151998829,-0.19840350260286557,-4.5737100566676805,0.0001001702272775857,0.02,1173,430
Intermediate mesoderm,Pharyngeal endoderm,5.5324600578073,-0.24186485648668002,-8.56345854289822,0.005004481819008516,0.0,1173,1138
Intermediate mesoderm,Pharyngeal mesoderm,5.905492199734273,-0.08751846499289062,-3.3007726221976306,0.0034562800296595413,0.45,1173,1100
Intermediate mesoderm,Pre-placodal ectoderm,5.932618653160819,-0.07059076500282242,-3.041089815112848,0.0078009287329381255,0.89,1173,1022
Intermediate mesoderm,Prechordal plate,5.091169829557867,-0.19480545701068439,-2.024208040651351,0.03198724534822254,0.15,1173,102
Intermediate mesoderm,Presomitic mesoderm,6.6808327766075,0.41995239043870036,20.061442403239166,0.00929212496447648,0.0,1173,3260
Intermediate mesoderm,Right ventricle,5.595258120800454,-0.2512404750969906,-7.565662253537748,0.002967329019057439,0.0,1173,696
Intermediate mesoderm,Roof plate (posterior),6.007332541609057,0.05795359011958615,1.4682352001156183,0.0010134711049381289,0.42,1173,450
Intermediate mesoderm,Sclerotome,6.087326697978597,0.06380987772293197,1.5924023068246838,0.010278575079919599,0.0,1173,1380
Intermediate mesoderm,Second heart field (anterior),5.748129449429187,-0.16082179809040772,-5.03596568756407,0.0024530924456437407,0.0,1173,703
Intermediate mesoderm,Second heart field (posterior),5.792930831205396,-0.17389462955513876,-7.137234639721619,0.0009899561111512893,0.0,1173,1220
Intermediate mesoderm,Somatic mesoderm,6.5134208043666755,0.3205001579962718,13.101852744534755,0.001056553394768683,0.0,1173,2132
Intermediate mesoderm,Spinal cord (cervical),6.310926910300921,0.08159391057943625,3.6380344556763675,0.004723984661433347,0.17,1173,2173
Intermediate mesoderm,Spinal cord (thoracic),6.420297770002828,0.1467406570443588,6.9907922855902,0.0009035716309485423,0.0,1173,3492
Intermediate mesoderm,Splanchnic mesoderm,6.584808016417699,0.329166151065673,17.60299182487633,0.0026539095924680792,0.0,1173,4186
Intermediate mesoderm,Splanchnic mesoderm (cardiopulmonary),4.481706062933277,-0.4755161442430194,-2.5774410039455415,0.1341388803063482,0.03,1173,23
Intermediate mesoderm,Splanchnic mesoderm (septum transversum),5.302321972631521,-0.2467632958212791,-4.076750813127848,0.0028188041455502197,0.02,1173,154
Intermediate mesoderm,Surface ectoderm (anterior),5.768825347245141,-0.06155748894906724,-2.6944268243559155,0.015055089975330583,0.24,1173,693
Intermediate mesoderm,Surface ectoderm (posterior),5.707079389675042,-0.12577750868187523,-3.542363744096558,0.006156852141278551,0.19,1173,669
Intermediate mesoderm,Telencephalon (dorsal),6.224904334445708,-0.013319397447835021,-0.7099288624126515,0.000327899351016232,0.8,1173,4490
Intermediate mesoderm,Trunk neural crest,5.042893402249395,0.09579610190087706,0.6141855502121135,0.01606336003380872,0.95,1173,22
Intermediate mesoderm,Vagal neural crest,5.6360511674768174,-0.002211851287322967,0.6917787198773185,0.010702224383657213,0.87,1173,176
Juxtacardiac field,Juxtacardiac field,8.500000000000002,5.921189464667501e-16,5.9210842850818365e-06,1.0518145402946825e-30,1.0,195,195
Juxtacardiac field,Left ventricle,5.812608444393303,0.5659853214717702,9.899374386517724,0.019832687631046564,0.0,195,493
Juxtacardiac field,Midbrain,5.459945518763473,-0.2602697512329278,-4.520347462617283,0.012491869457605345,0.0,195,2940
Juxtacardiac field,Midgut,5.263347906360096,0.197096922462614,2.49071592106858,0.11660030770223676,0.0,195,362
Juxtacardiac field,Nascent somite,5.286541712046824,-0.23121264503761493,-3.149495492567278,0.062524026131088,0.08,195,1056
Juxtacardiac field,Notochord,5.078060561660018,-0.013918458490615274,0.6494312166677924,0.021044540902368656,0.91,195,288
Juxtacardiac field,Olfactory placode,5.032556881481798,-0.2421751196008947,-2.0789336519831996,0.09099877070894782,0.22,195,317
Juxtacardiac field,Otic placode,4.95841879850762,-0.21585049620418287,-2.368935733164072,0.01586000171574592,0.07,195,246
Juxtacardiac field,Periocular mesoderm,5.340768738106326,0.23189750320649102,6.936743549063924,0.42246312026078825,0.03,195,430
Juxtacardiac field,Pharyngeal endoderm,5.300750309937164,0.04374139337598374,1.1166492788636317,0.0059744628500162334,0.7,195,1138
Juxtacardiac field,Pharyngeal mesoderm,5.908661012712392,0.4287023687467674,8.838406704324084,0.014646853639665551,0.0,195,1100
Juxtacardiac field,Pre-placodal ectoderm,5.16158507337158,-0.31599224611709137,-3.8904950948932373,0.07364015089021865,0.0,195,1022
Juxtacardiac field,Prechordal plate,4.666254953109437,-0.10433869260791528,-0.3056961326527425,0.038807807998258996,0.6,195,102
Juxtacardiac field,Presomitic mesoderm,5.49688394574488,-0.2444955740791522,-5.3988340059280615,0.0015543520378615326,0.0,195,3260
Juxtacardiac field,Right ventricle,6.385986049719899,1.0548573759889566,18.326424464474027,0.092582404985666,0.0,195,696
Juxtacardiac field,Roof plate (posterior),5.206181973559633,-0.22816396691940474,-2.758123337661114,0.05259389052467005,0.46,195,450
Juxtacardiac field,Sclerotome,5.320257202898637,-0.17869453157924298,-2.2503619764663445,0.03506951945920647,0.26,195,1380
Juxtacardiac field,Second heart field (anterior),5.991815848234654,0.6090123300784116,10.088452459742493,0.023241805033413797,0.0,195,703
Juxtacardiac field,Second heart field (posterior),5.58179870958593,0.13084141989801226,4.001429692591727,0.055724936948075704,0.22,195,1220
Juxtacardiac field,Somatic mesoderm,5.442442170121908,-0.23986866812815824,-3.820993637419017,0.031197076405421086,0.0,195,2132
Juxtacardiac field,Spinal cord (cervical),5.4955326308875,-0.21616584456383206,-3.3386860635606106,0.02359133679911983,0.03,195,2173
Juxtacardiac field,Spinal cord (thoracic),5.385302864073084,-0.36888540986957796,-6.068550130047992,0.07729733050527803,0.0,195,3492
Juxtacardiac field,Splanchnic mesoderm,5.481891225198001,-0.2560562674597584,-4.44867267710407,0.020987968320558645,0.0,195,4186
Juxtacardiac field,Splanchnic mesoderm (cardiopulmonary),4.682921429542842,0.21813012866470696,1.5995853903615727,0.04621576791949001,0.93,195,23
Juxtacardiac field,Splanchnic mesoderm (septum transversum),4.8128466053010595,-0.21119621555712045,-2.6519967857717868,0.00015961342995058676,0.18,195,154
Juxtacardiac field,Surface ectoderm (anterior),5.02916434700995,-0.28453691954403365,-2.885884163357558,0.11810425995541124,0.14,195,693
Juxtacardiac field,Surface ectoderm (posterior),4.995379593774334,-0.3187797820897937,-3.0115490792656434,0.15586442703149167,0.64,195,669
Juxtacardiac field,Telencephalon (dorsal),5.433611953779047,-0.2867577842273115,-5.561093640764813,0.01049626766857326,0.0,195,4490
Juxtacardiac field,Trunk neural crest,4.178253105863317,-0.22629230639706957,-1.1633748265203572,0.006343541452240427,0.39,195,22
Juxtacardiac field,Vagal neural crest,5.006025706147606,-0.1219768965851135,-0.7193108365661754,0.0733676414161263,0.07,195,176
Left ventricle,Left ventricle,8.5,0.0,0.0,0.0,1.0,493,493
Left ventricle,Midbrain,5.538307549957903,-0.33495570872440644,-10.316750665342921,0.002064815481034812,0.0,493,2940
Left ventricle,Midgut,5.473334995229673,0.24274941569930744,4.9595544050335265,0.005550130527611306,0.02,493,362
Left ventricle,Nascent somite,5.505433653658527,-0.1736761784100708,-4.7688859909569965,0.0037710733840727643,0.0,493,1056
Left ventricle,Notochord,5.470579503216752,0.21591029451380095,3.72807767934982,0.002981126354317342,0.03,493,288
Left ventricle,Olfactory placode,5.254014013073487,-0.17447073826381457,-3.5823378841484583,0.012754850901040555,0.33,493,317
Left ventricle,Otic placode,5.151616100649811,-0.19226438619893274,-2.6265594210894645,0.029832784640491793,0.06,493,246
Left ventricle,Periocular mesoderm,5.60349856970763,0.34501500307477934,6.077508225302687,0.024003226865790695,0.0,493,430
Left ventricle,Pharyngeal endoderm,5.563482742127026,0.14917131285840904,4.089623576688049,0.004093000762955599,0.05,493,1138
Left ventricle,Pharyngeal mesoderm,5.83969588668947,0.21060499641964517,5.155709109195173,0.033439038076297015,0.15,493,1100
Left ventricle,Pre-placodal ectoderm,5.412110624580959,-0.22759410917820797,-5.593973280029104,0.019264834415862984,0.01,493,1022
Left ventricle,Prechordal plate,5.084188356968263,0.1567421330234291,2.0090812791176718,0.018762884471453262,0.98,493,102
Left ventricle,Presomitic mesoderm,5.6220571244076964,-0.271872031949347,-9.870729244695358,0.0003764685177908919,0.0,493,3260
Left ventricle,Right ventricle,6.251728215951804,0.7675613061357008,18.8785836036808,0.03848784087235345,0.0,493,696
Left ventricle,Roof plate (posterior),5.449417297570694,-0.13614025961626997,-3.0073330694198113,0.0016420446308193833,0.03,493,450
Left ventricle,Sclerotome,5.5116340060238445,-0.14739070373415833,-3.6740276207988862,0.007172770768611857,0.15,493,1380
Left ventricle,Second heart field (anterior),5.799005935211098,0.2555943474199231,5.495958050822168,0.061721443215053705,0.02,493,703
Left ventricle,Second heart field (posterior),5.992466767833116,0.3860092325197882,11.886855615403995,0.012957993305709962,0.0,493,1220
Left ventricle,Somatic mesoderm,5.647917920743012,-0.18524512139453483,-5.999350632426014,0.017629652180528654,0.11,493,2132
Left ventricle,Spinal cord (cervical),5.615241679514868,-0.24807337241626737,-8.32600716425621,0.0009560264250062543,0.0,493,2173
Left ventricle,Spinal cord (thoracic),5.636484929483916,-0.27514053165264823,-9.611502936526485,0.0003549924914145431,0.0,493,3492
Left ventricle,Splanchnic mesoderm,5.689513996392422,-0.2008671836035214,-6.904759182340043,0.0030257606230369325,0.01,493,4186
Left ventricle,Splanchnic mesoderm (cardiopulmonary),4.901209274916632,0.29824078700625645,3.1136600189381873,0.3896203099480657,0.21,493,23
Left ventricle,Splanchnic mesoderm (septum transversum),5.365852621406597,0.19599024341498872,2.3440820401654263,0.055055196177884666,0.49,493,154
Left ventricle,Surface ectoderm (anterior),5.286511486130487,-0.17868699074820546,-3.998408537631032,0.019560831720731527,0.64,493,693
Left ventricle,Surface ectoderm (posterior),5.165090113701386,-0.3054499551910353,-5.745625322389198,0.04041977531406783,0.0,493,669
Left ventricle,Telencephalon (dorsal),5.5263207090101085,-0.34259107507182723,-11.081379499310627,0.003114989424984124,0.0,493,4490
Left ventricle,Trunk neural crest,4.48014561945746,-0.11867606575730605,-0.7134371565722991,0.019287027096341603,0.86,493,22
Left ventricle,Vagal neural crest,5.030266673610569,-0.24726711701312057,-3.3542676949768038,0.0391276081648806,0.38,493,176
Midbrain,Midbrain,8.5,0.0,0.0,0.0,1.0,2940,2940
Midbrain,Midgut,5.462332301160534,-0.2381973141493221,-6.329800427868814,0.016403047199525116,0.0,2940,362
Midbrain,Nascent somite,6.161778350708675,0.01074891105870801,0.5921505568698873,0.007541942789052965,0.98,2940,1056
Midbrain,Notochord,5.560068595019158,-0.15779533270969193,-3.4867699315708927,0.014341150073192506,0.01,2940,288
Midbrain,Olfactory placode,5.904471290962494,0.002414181500982456,-0.5015313072029616,0.0160031940700523,0.27,2940,317
Midbrain,Otic placode,5.7056828338857235,-0.1089064596631187,-2.166683040109977,0.003214652886784307,0.22,2940,246
Midbrain,Periocular mesoderm,5.510173180784722,-0.2137196906652757,-5.690380956700783,0.008739362901177269,0.0,2940,430
Midbrain,Pharyngeal endoderm,5.657896338533695,-0.22429115061785274,-10.081891996848462,0.00634833306588591,0.0,2940,1138
Midbrain,Pharyngeal mesoderm,5.8443768546522605,-0.2555891848909031,-10.908318006161807,0.0011916857857687542,0.0,2940,1100
Midbrain,Pre-placodal ectoderm,5.997077066326671,-0.11384156686154394,-5.751989607557348,0.018715229201898127,0.75,2940,1022
Midbrain,Prechordal plate,5.195962392111676,-0.2058284409027511,-2.79855846350377,0.00474580627156174,0.01,2940,102
Midbrain,Presomitic mesoderm,6.384510692918106,0.016774701529920815,1.2438310009409548,0.0001749151476430568,0.9,2940,3260
Midbrain,Right ventricle,5.652272373737689,-0.3021742171029593,-11.27504338585895,0.002865953041183476,0.0,2940,696
Midbrain,Roof plate (posterior),6.0880470229565224,0.03199601722308435,1.0170177909525273,0.0013693871077008883,0.7,2940,450
Midbrain,Sclerotome,5.975955979369263,-0.15461895559126818,-6.880998155691617,0.0010073100594574624,0.0,2940,1380
Midbrain,Second heart field (anterior),5.7446102898230675,-0.2698180981410392,-9.459967326284477,0.00341126198883682,0.0,2940,703
Midbrain,Second heart field (posterior),5.7883961452837305,-0.28921736081495375,-12.69637595255393,0.002567867534701188,0.0,2940,1220
Midbrain,Somatic mesoderm,6.078474400185367,-0.22230514873917664,-12.610159789635317,0.003634698778218457,0.0,2940,2132
Midbrain,Spinal cord (cervical),6.578453655743329,0.24115787571537725,14.358416563675087,0.0010784263799793873,0.0,2940,2173
Midbrain,Spinal cord (thoracic),6.524116316924695,0.1419268733004954,9.528908320563502,9.225712152328115e-05,0.0,2940,3492
Midbrain,Splanchnic mesoderm,6.119615072031677,-0.24434719964091775,-16.337197726558188,0.001958924048458071,0.0,2940,4186
Midbrain,Splanchnic mesoderm (cardiopulmonary),4.534345080622117,-0.5381922251740372,-3.008419427431034,0.1802281248678581,0.01,2940,23
Midbrain,Splanchnic mesoderm (septum transversum),5.3700563658881,-0.27686603938157067,-4.829873799540387,0.0014298255517007335,0.0,2940,154
Midbrain,Surface ectoderm (anterior),5.734898199811798,-0.20065632394964292,-7.893315880644676,0.013719232024147997,0.05,2940,693
Midbrain,Surface ectoderm (posterior),5.6484867481879055,-0.2971169458361788,-9.69687202510812,0.00014124350391748837,0.0,2940,669
Midbrain,Telencephalon (dorsal),7.0525969048294215,0.7087443136135203,47.66658699621764,0.007743433131019948,0.0,2940,4490
Midbrain,Trunk neural crest,5.1210653773746095,0.06195418614871665,0.20606665246316166,0.027778520238868475,0.79,2940,22
Midbrain,Vagal neural crest,5.787246859708076,0.04479408390441719,1.3779018806049648,0.011714975632898347,0.91,2940,176
Midgut,Midgut,8.5,0.0,0.0,0.0,1.0,362,362
Midgut,Nascent somite,5.414311925645457,-0.08996310095228448,-1.8421701514580657,0.03534840680930439,0.0,362,1056
Midgut,Notochord,5.363058166779403,0.289986892532401,5.263450718376269,0.09107001673495768,0.61,362,288
Midgut,Olfactory placode,5.0761809898350725,-0.17969299635420288,-2.1991818588287053,0.07048066216881364,0.14,362,317
Midgut,Otic placode,5.0584025225529805,-0.11084625761457427,-1.0168248114012066,0.05205558637779297,0.01,362,246
Midgut,Periocular mesoderm,5.31155395016214,0.22783041834600284,4.936465028422998,0.09238819345535748,0.58,362,430
Midgut,Pharyngeal endoderm,6.094668359221228,0.8576460337038337,22.393230097201045,0.029199995033686085,0.0,362,1138
Midgut,Pharyngeal mesoderm,5.397907323232842,-0.06496398972210955,-1.6383933666092856,0.019746730403687008,0.82,362,1100
Midgut,Pre-placodal ectoderm,5.174895782270814,-0.2897923852564948,-5.8816069021500335,0.01964473796259683,0.0,362,1022
Midgut,Prechordal plate,5.042914460787855,0.2934885018964432,3.874745712521481,0.05374842335035098,0.81,362,102
Midgut,Presomitic mesoderm,5.466028989370245,-0.2575752291133737,-7.5527309240584755,0.014170136821122755,0.0,362,3260
Midgut,Right ventricle,5.418621455863392,0.10835830885082103,2.7887638870849494,0.04597077616243881,0.29,362,696
Midgut,Roof plate (posterior),5.185289896746748,-0.22689670317121102,-3.2270148943312833,0.06251075198712089,0.32,362,450
Midgut,Sclerotome,5.305706596378394,-0.1834362075981041,-4.094399410503711,0.0069717696074667445,0.0,362,1380
Midgut,Second heart field (anterior),5.34142156714483,-0.028229395194126223,-0.9031225354823237,0.027317439654956168,0.42,362,703
Midgut,Second heart field (posterior),5.259547922176924,-0.17321164106378686,-3.944571300412806,0.018665074349495273,0.57,362,1220
Midgut,Somatic mesoderm,5.328313748923275,-0.3357753549528004,-8.677828018922261,0.016218077229878506,0.0,362,2132
Midgut,Spinal cord (cervical),5.403885974487889,-0.2885537871969266,-7.572051644737141,0.024236472721715543,0.0,362,2173
Midgut,Spinal cord (thoracic),5.421270699363167,-0.3169261607230644,-8.60454504925087,0.022598339819944063,0.0,362,3492
Midgut,Splanchnic mesoderm,5.356989596545923,-0.3623216607825735,-10.187226799087872,0.014211381256229552,0.0,362,4186
Midgut,Splanchnic mesoderm (cardiopulmonary),4.259320982652857,-0.17316604341111738,-0.7775543077700536,0.03321799121803909,0.69,362,23
Midgut,Splanchnic mesoderm (septum transversum),5.004543533029671,-0.011398927930807545,-0.4732730998921921,0.031135351023860378,0.6,362,154
Midgut,Surface ectoderm (anterior),5.079500671966694,-0.21782208904235537,-4.515071736927635,0.004138077465996029,0.0,362,693
Midgut,Surface ectoderm (posterior),5.02513156333692,-0.2757213414991873,-4.592782714608646,0.02693407860214006,0.0,362,669
Midgut,Telencephalon (dorsal),5.441390627370146,-0.25580018055567305,-6.515157286485461,0.011992674673842709,0.0,362,4490
Midgut,Trunk neural crest,4.194702147381464,-0.19634561986897126,-1.1577112945000791,0.06693923849443756,0.69,362,22
Midgut,Vagal neural crest,4.878852411979526,-0.22570183871514793,-2.668054652825035,0.023911699339820118,0.18,362,176
Nascent somite,Nascent somite,8.5,0.0,0.0,0.0,1.0,1056,1056
Nascent somite,Notochord,5.699609219647326,0.16308299007978247,4.2184916574046065,0.011337595734626484,0.53,1056,288
Nascent somite,Olfactory placode,5.500726430179242,-0.20177659080155172,-4.207591111966294,0.007062674806464913,0.0,1056,317
Nascent somite,Otic placode,5.4997115210984875,-0.11981765716118382,-2.488327330838161,0.003094482712309874,0.28,1056,246
Nascent somite,Periocular mesoderm,5.520855535689698,-0.011365108710890878,-0.6081406066286261,0.0042940851959668526,0.75,1056,430
Nascent somite,Pharyngeal endoderm,5.671080302107582,-0.020073466817320213,-0.7137645960889669,0.0026545805716911555,0.26,1056,1138
Nascent somite,Pharyngeal mesoderm,5.859409790698916,-0.044999513639156476,-1.8159993186796146,0.0005401506830193171,0.39,1056,1100
Nascent somite,Pre-placodal ectoderm,5.679080104629322,-0.2420066468999762,-7.598892395271357,0.008144494046686738,0.0,1056,1022
Nascent somite,Prechordal plate,5.168818662411173,-0.03277403332431176,0.017945566391333934,0.05442030589092237,0.35,1056,102
Nascent somite,Presomitic mesoderm,6.6795340017174505,0.5053829714965051,23.920351184758456,0.0004219822441728821,0.0,1056,3260
Nascent somite,Right ventricle,5.606636503711602,-0.1573507424843544,-4.8331011314990215,0.010595875377139873,0.01,1056,696
Nascent somite,Roof plate (posterior),5.792566127735609,-0.07059052168351225,-1.4135185810861017,0.007835966658814995,0.63,1056,450
Nascent somite,Sclerotome,6.038984805209872,0.10299695022341353,3.53291935850471,0.007214103134254275,0.23,1056,1380
Nascent somite,Second heart field (anterior),5.712844043973564,-0.1102201420626902,-3.4076320272862284,0.001120150270087174,0.02,1056,703
Nascent somite,Second heart field (posterior),5.676200952342775,-0.20934200416896362,-7.464702430022001,0.001624957094322623,0.0,1056,1220
Nascent somite,Somatic mesoderm,6.084568391487228,-0.025866468895710426,-0.7298786554010777,0.0023698047691954245,0.19,1056,2132
Nascent somite,Spinal cord (cervical),6.299322187488933,0.15587095337059984,6.808054021962242,0.0040745739814747935,0.0,1056,2173
Nascent somite,Spinal cord (thoracic),6.332819186532684,0.14199409908079672,6.677110476239032,0.0004530354971154066,0.0,1056,3492
Nascent somite,Splanchnic mesoderm,6.05650949304042,-0.11110545131225003,-4.66016484541193,0.005938349598488349,0.05,1056,4186
Nascent somite,Splanchnic mesoderm (cardiopulmonary),4.539616438269697,-0.36087405387078864,-2.1516915630472204,0.0966724382697825,0.09,1056,23
Nascent somite,Splanchnic mesoderm (septum transversum),5.238227338256971,-0.2161899607178445,-3.470152183924599,0.009883589422798064,0.04,1056,154
Nascent somite,Surface ectoderm (anterior),5.548166952279161,-0.19246238406037186,-6.320265320153702,0.027583835055008075,0.27,1056,693
Nascent somite,Surface ectoderm (posterior),5.436697935189788,-0.3130756940697852,-8.91810100010504,0.003040363683082882,0.0,1056,669
Nascent somite,Telencephalon (dorsal),6.109410190093976,-0.04051580491796081,-1.6811900532709163,0.0006237705560011132,0.31,1056,4490
Nascent somite,Trunk neural crest,4.785093999283627,-0.07104921537881115,-0.8650961916720119,0.039083911584787384,0.47,1056,22
Nascent somite,Vagal neural crest,5.414224443375393,-0.1448682785492362,-1.303285596756649,0.04728809072919152,0.02,1056,176
Notochord,Notochord,8.5,0.0,0.0,0.0,1.0,288,288
Notochord,Olfactory placode,5.206872248697326,-0.0768619819951996,-1.1934018000621165,0.00625214456749963,0.99,288,317
Notochord,Otic placode,4.929272298720671,-0.2608322068447138,-2.7919416048822447,0.0388226695494457,0.0,288,246
Notochord,Periocular mesoderm,5.402536611464343,0.2868323414122032,4.05036815763158,0.012264890356226982,0.02,288,430
Notochord,Pharyngeal endoderm,5.715477108786412,0.4518564902415066,10.041724706717607,0.0678627018331429,0.01,288,1138
Notochord,Pharyngeal mesoderm,5.450230870451538,-0.022795875502461687,-0.7530483150631246,0.01808433562414038,0.82,288,1100
Notochord,Pre-placodal ectoderm,5.143349349747338,-0.3477938200595701,-6.504677233116375,0.04152935626905923,0.0,288,1022
Notochord,Prechordal plate,5.752144520387745,0.9660482644760172,10.598266679877081,0.03253584496392644,0.0,288,102
Notochord,Presomitic mesoderm,5.690480865188324,-0.0593080309374745,-1.857055393021812,0.001297789651452089,0.61,288,3260
Notochord,Right ventricle,5.415116718199286,0.07474473293361594,1.7770722791316904,0.006432557175580172,0.82,288,696
Notochord,Roof plate (posterior),5.270682715937259,-0.16879994354717573,-2.7618989843277872,0.003815988312230643,0.03,288,450
Notochord,Sclerotome,5.54742977931966,0.03625295697557244,1.0124329872334112,0.0024854261216818727,0.88,288,1380
Notochord,Second heart field (anterior),5.366124191371866,-0.02919966058719788,-0.8341060859804897,0.013241988556347192,1.0,288,703
Notochord,Second heart field (posterior),5.20508761464428,-0.2530134067376452,-4.683638808325715,0.016440809084546294,0.0,288,1220
Notochord,Somatic mesoderm,5.479124405369423,-0.20538361747033504,-5.35755565115299,0.007763927945117596,0.1,288,2132
Notochord,Spinal cord (cervical),5.618299732996786,-0.10117391928339152,-2.353388474076001,0.00037324606245302245,0.08,288,2173
Notochord,Spinal cord (thoracic),5.653561199309426,-0.11233606912436844,-3.0218315075361795,0.00103573540415391,0.06,288,3492
Notochord,Splanchnic mesoderm,5.416516627460864,-0.32310988266807633,-8.267744586036642,0.0003182778017026917,0.0,288,4186
Notochord,Splanchnic mesoderm (cardiopulmonary),4.417611345208908,-0.0642909424947266,-0.6918585721169909,0.0281637978622092,0.8,288,23
Notochord,Splanchnic mesoderm (septum transversum),4.990421817827554,-0.03840259833677351,-1.5242469201109659,0.07968285335019967,0.12,288,154
Notochord,Surface ectoderm (anterior),4.983636541612011,-0.32862329302155463,-5.766547111023765,0.005390248063238632,0.0,288,693
Notochord,Surface ectoderm (posterior),4.941885352989856,-0.37917143828080907,-6.733611039028031,0.004686517271225728,0.0,288,669
Notochord,Telencephalon (dorsal),5.566753084573757,-0.15617419387000955,-3.4616365290671482,0.019926992382102403,0.11,288,4490
Notochord,Trunk neural crest,4.500116393167143,0.06959746351332807,-0.08102076718378903,0.08725562950296142,0.77,288,22
Notochord,Vagal neural crest,4.815483631234617,-0.30950011287051343,-2.087293788080331,0.1494690731726595,0.5,288,176
Olfactory placode,Olfactory placode,8.5,0.0,0.0,0.0,1.0,317,317
Olfactory placode,Otic placode,5.619677414943214,0.2502019086876744,3.9054303910753148,0.002124876999721823,0.22,317,246
Olfactory placode,Periocular mesoderm,5.20683420289492,-0.08737302250918244,-1.3297308278737845,0.052881196186054524,0.22,317,430
Olfactory placode,Pharyngeal endoderm,5.253227069251529,-0.18700261238901295,-3.8508211022632435,0.021850186405825027,0.56,317,1138
Olfactory placode,Pharyngeal mesoderm,5.5718395032673484,-0.09073529147151405,-2.0182957049147725,0.0006167415477423197,0.4,317,1100
Olfactory placode,Pre-placodal ectoderm,6.616505255149513,0.9486558403147392,21.181019378436787,0.05475678342898698,0.0,317,1022
Olfactory placode,Prechordal plate,4.7905421544035365,-0.15743126658069992,-1.781333347758915,0.0007251215393419619,0.35,317,102
Olfactory placode,Presomitic mesoderm,5.877349223051811,-0.042871015967733093,-1.2885164423914144,0.000821959019063061,0.66,317,3260
Olfactory placode,Right ventricle,5.34048108394255,-0.16985347742256676,-2.5147732685678594,0.06928469060203343,0.97,317,696
Olfactory placode,Roof plate (posterior),5.7502662998703,0.14225176870793277,2.4433785489816757,0.005717170129480946,0.18,317,450
Olfactory placode,Sclerotome,5.509362528544478,-0.17677444286216706,-4.5372291799232745,0.015261563560068424,0.53,317,1380
Olfactory placode,Second heart field (anterior),5.565300979462896,-0.006819319823206567,0.03343837237969549,0.0014674527752472073,0.75,317,703
Olfactory placode,Second heart field (posterior),5.589945068415368,-0.04426347235732416,-1.2306186289122236,0.002043076312461885,0.99,317,1220
Olfactory placode,Somatic mesoderm,5.855409273193902,-0.0033187226403876835,-0.2095970821507244,0.0015105273478235092,0.67,317,2132
Olfactory placode,Spinal cord (cervical),5.782226189733525,-0.10831892360753888,-2.8320002252992063,0.0020930870034805956,0.25,317,2173
Olfactory placode,Spinal cord (thoracic),5.897821142859741,-0.04470831934700481,-1.5286470656453162,0.0037484115065610966,0.84,317,3492
Olfactory placode,Splanchnic mesoderm,5.988230633489477,0.06884681780963901,1.502747597693319,0.0027112603146293188,0.51,317,4186
Olfactory placode,Splanchnic mesoderm (cardiopulmonary),4.494870551022781,-0.1461099965350384,-0.043543023350753475,0.16054745413542565,0.98,317,23
Olfactory placode,Splanchnic mesoderm (septum transversum),5.230152300511992,0.03075513544433021,0.38514466547959764,0.00858502596215365,0.64,317,154
Olfactory placode,Surface ectoderm (anterior),5.969850720399866,0.47762482711562865,9.654352298062248,0.0368522868238737,0.0,317,693
Olfactory placode,Surface ectoderm (posterior),5.7719487550240345,0.2682614271143538,4.509540306377505,0.011054023867102563,0.0,317,669
Olfactory placode,Telencephalon (dorsal),6.221757022334635,0.3174829239758399,8.905845668778086,0.010734257218859504,0.0,317,4490
Olfactory placode,Trunk neural crest,4.848974220818061,0.241023377331671,1.1162786490905898,0.051304503797732375,0.48,317,22
Olfactory placode,Vagal neural crest,5.447987164442286,0.1338348640961602,2.183646883067705,0.00921841978035604,0.86,317,176
Otic placode,Otic placode,8.499999999999998,-5.921189464667501e-16,-5.9210842850818365e-06,1.0518145402946825e-30,1.0,246,246
Otic placode,Periocular mesoderm,5.11823989784466,-0.0734299063705371,-0.43454159820154964,0.053015952770831855,0.27,246,430
Otic placode,Pharyngeal endoderm,5.206911962072958,-0.1442152547666288,-2.11109452007991,0.049664049718368276,0.0,246,1138
Otic placode,Pharyngeal mesoderm,5.526909295409355,-0.04319552560211667,-1.226339856175596,0.007457184344033863,0.69,246,1100
Otic placode,Pre-placodal ectoderm,6.28509241730854,0.7033431390474835,12.888629469611333,0.03423395649484856,0.0,246,1022
Otic placode,Prechordal plate,4.771097682783307,-0.1066790540619446,-1.714792425778869,0.02058673362894418,0.91,246,102
Otic placode,Presomitic mesoderm,5.892972229979018,0.054858603670220475,0.9161585138845175,0.004999162943786316,0.82,246,3260
Otic placode,Right ventricle,5.352297487036123,-0.06897695322323798,-0.9341234600719641,0.01021385485163756,0.29,246,696
Otic placode,Roof plate (posterior),5.8659415830415975,0.3360183807878876,5.192659891131601,0.03929829258624795,0.0,246,450
Otic placode,Sclerotome,5.490766241384304,-0.09983258345635922,-2.743748989305954,0.007672234184114276,0.94,246,1380
Otic placode,Second heart field (anterior),5.435801566364077,-0.043257722374965134,-0.6799039731394031,0.0030948240521865332,0.65,246,703
Otic placode,Second heart field (posterior),5.592024418307207,0.050145640907335455,0.7980011945870422,0.003960710151990584,0.62,246,1220
Otic placode,Somatic mesoderm,5.879568035764162,0.11099791675003672,1.921581334083703,0.010040478834374072,0.27,246,2132
Otic placode,Spinal cord (cervical),5.717246409136226,-0.08727155416920596,-2.6465010188507168,0.004453611275412387,0.76,246,2173
Otic placode,Spinal cord (thoracic),5.872303257212542,0.02271288023042158,0.1988412292729088,0.0035436689231342364,0.57,246,3492
Otic placode,Splanchnic mesoderm,6.079882964822143,0.25097996148588386,5.263151716335526,0.021776292775929334,0.0,246,4186
Otic placode,Splanchnic mesoderm (cardiopulmonary),4.275168791991544,-0.28566111173559855,-1.0291798322414694,0.08584111739912509,0.72,246,23
Otic placode,Splanchnic mesoderm (septum transversum),5.046185959522956,-0.06335890406432654,0.22683276745310335,0.07413990243094319,0.31,246,154
Otic placode,Surface ectoderm (anterior),5.929620050418919,0.529749892878416,9.696473453140825,0.0184949862588413,0.0,246,693
Otic placode,Surface ectoderm (posterior),6.151479984572981,0.7479923533726769,10.216930415074382,0.1280730390581164,0.0,246,669
Otic placode,Telencephalon (dorsal),5.752042505665032,-0.056349540271955746,-1.7237986632234419,0.002091548575525283,0.74,246,4490
Otic placode,Trunk neural crest,4.7748270976565905,0.25634742434499325,1.3777854377130814,0.006986690054786878,0.38,246,22
Otic placode,Vagal neural crest,5.507732934114062,0.2823904470688439,3.625978902465453,0.007402908898270395,0.14,246,176
Periocular mesoderm,Periocular mesoderm,8.5,0.0,0.0,0.0,1.0,430,430
Periocular mesoderm,Pharyngeal endoderm,5.633909768356484,0.3651863211199358,8.35654249697687,0.009826908842061369,0.0,430,1138
Periocular mesoderm,Pharyngeal mesoderm,6.2859213729468,0.799805138412796,18.300496521554056,0.04595984741285679,0.0,430,1100
Periocular mesoderm,Pre-placodal ectoderm,5.29540525407786,-0.19511022270668446,-3.7968218211533915,0.06218968619326298,0.01,430,1022
Periocular mesoderm,Prechordal plate,4.976274584399694,0.19259164499957038,1.8921844080478378,0.0009777936256215166,0.32,430,102
Periocular mesoderm,Presomitic mesoderm,5.597068766477496,-0.15639043906919822,-4.958507033816993,0.003067943839915145,0.04,430,3260
Periocular mesoderm,Right ventricle,5.770658767649682,0.4305113720202085,8.60582244375272,0.00708396365939486,0.0,430,696
Periocular mesoderm,Roof plate (posterior),5.441494600995625,0.003008091689136331,-0.15795748166513732,0.0031658319645727737,0.69,430,450
Periocular mesoderm,Sclerotome,5.56979257178121,0.05381702490177087,1.264048673406332,0.0007259098157311333,0.22,430,1380
Periocular mesoderm,Second heart field (anterior),5.847312086318868,0.45216545453258483,8.790162065402754,0.025484817699999253,0.0,430,703
Periocular mesoderm,Second heart field (posterior),5.465896020640802,0.005267415804074342,1.1442826926187357,0.01562615075212155,0.2,430,1220
Periocular mesoderm,Somatic mesoderm,5.539443336060605,-0.14872651075755172,-4.36781112440951,0.011801950757260649,0.36,430,2132
Periocular mesoderm,Spinal cord (cervical),5.621272510504343,-0.10176972094067842,-2.9300271266721345,0.0014620164385685617,0.29,430,2173
Periocular mesoderm,Spinal cord (thoracic),5.612607401300891,-0.15824403182698296,-5.452257064879167,0.006696104613415668,0.22,430,3492
Periocular mesoderm,Splanchnic mesoderm,5.5497172080326,-0.1953294199768744,-5.521461483467552,0.008829171358438328,0.0,430,4186
Periocular mesoderm,Splanchnic mesoderm (cardiopulmonary),4.479019368390149,0.020110086948988748,0.03572789867198173,0.0028311168965439166,0.85,430,23
Periocular mesoderm,Splanchnic mesoderm (septum transversum),4.979217155422799,-0.04765916198260545,-0.810719380275528,0.009196151529719712,0.87,430,154
Periocular mesoderm,Surface ectoderm (anterior),5.284725333849329,-0.03259618968212171,-1.2005621727424243,0.036633500918305056,0.48,430,693
Periocular mesoderm,Surface ectoderm (posterior),5.160387563076562,-0.1679887274327152,-3.138611631965512,0.007095906091371916,0.1,430,669
Periocular mesoderm,Telencephalon (dorsal),5.483645803790559,-0.24779640347800078,-6.875704262697262,0.010054882974303219,0.0,430,4490
Periocular mesoderm,Trunk neural crest,4.444162215642663,0.0329805145165003,-0.10632111348834046,0.10145442315954348,0.98,430,22
Periocular mesoderm,Vagal neural crest,4.9348034523510345,-0.19939146004671007,-1.172152483177585,0.08711266196331338,0.9,430,176
Pharyngeal endoderm,Pharyngeal endoderm,8.5,0.0,0.0,0.0,1.0,1138,1138
Pharyngeal endoderm,Pharyngeal mesoderm,5.615916422266281,-0.02423801920346058,-0.9261281834650884,0.0016409252367942675,0.54,1138,1100
Pharyngeal endoderm,Pre-placodal ectoderm,5.391948271258826,-0.2574798347779721,-8.177948410733821,0.014955370787382072,0.0,1138,1022
Pharyngeal endoderm,Prechordal plate,5.8549134052337495,0.9100405770456396,12.812533556153653,0.10788958348761277,0.0,1138,102
Pharyngeal endoderm,Presomitic mesoderm,5.661298498294106,-0.2486138623731584,-11.848513511222889,0.00023701830834417162,0.0,1138,3260
Pharyngeal endoderm,Right ventricle,5.556640354938704,0.06098357719629514,1.919230366568482,0.005233930466233234,0.67,1138,696
Pharyngeal endoderm,Roof plate (posterior),5.438009898557759,-0.16067608085910004,-3.952630273018799,0.026981958374292767,0.65,1138,450
Pharyngeal endoderm,Sclerotome,5.499022879068735,-0.17259416063668187,-6.142848442193842,0.03222500466166366,0.16,1138,1380
Pharyngeal endoderm,Second heart field (anterior),5.511373901587549,-0.0458831478594132,-1.6387430836002415,0.00514891539026841,0.35,1138,703
Pharyngeal endoderm,Second heart field (posterior),5.483104352855406,-0.1339416857077357,-4.37192573666966,0.005189462837853623,0.04,1138,1220
Pharyngeal endoderm,Somatic mesoderm,5.533128749684397,-0.3111116376704448,-12.860450620520284,0.00876507938807208,0.0,1138,2132
Pharyngeal endoderm,Spinal cord (cervical),5.666384612038873,-0.21360713064422696,-9.118560108071087,0.0036737651677454936,0.0,1138,2173
Pharyngeal endoderm,Spinal cord (thoracic),5.711478831523334,-0.20924150640973535,-10.455703236417941,0.004078514084873702,0.0,1138,3492
Pharyngeal endoderm,Splanchnic mesoderm,5.543042468414477,-0.3614505383757649,-16.97287569016152,0.006116280338085076,0.0,1138,4186
Pharyngeal endoderm,Splanchnic mesoderm (cardiopulmonary),4.484996511673547,-0.11764043490805214,-0.7343893837370713,0.0009656758826089267,0.56,1138,23
Pharyngeal endoderm,Splanchnic mesoderm (septum transversum),5.055596827705167,-0.13777172498795753,-2.0242782161467514,0.005254055890998294,0.34,1138,154
Pharyngeal endoderm,Surface ectoderm (anterior),5.255635197706886,-0.22312339904448977,-6.339962044036187,0.0035089440194828953,0.0,1138,693
Pharyngeal endoderm,Surface ectoderm (posterior),5.20178770209819,-0.2806189906406666,-7.832730843384227,0.002203178458019526,0.0,1138,669
Pharyngeal endoderm,Telencephalon (dorsal),5.616831969156039,-0.2689800499726586,-12.258639647446012,0.0033090423893639646,0.0,1138,4490
Pharyngeal endoderm,Trunk neural crest,4.5065201673047985,-0.06795251573906629,-0.4646753805335906,0.03256372327134188,0.42,1138,22
Pharyngeal endoderm,Vagal neural crest,5.122683256305097,-0.16652422546925383,-1.9351856854168743,0.033907308075077774,0.44,1138,176
Pharyngeal mesoderm,Pharyngeal mesoderm,8.5,0.0,0.0,0.0,1.0,1100,1100
Pharyngeal mesoderm,Pre-placodal ectoderm,5.753595415089628,-0.11742587644593587,-3.8085185185201618,0.006136302047332002,0.13,1100,1022
Pharyngeal mesoderm,Prechordal plate,5.140869089446963,-0.017277330139992664,-0.07018479796289397,0.006538594024103042,0.9,1100,102
Pharyngeal mesoderm,Presomitic mesoderm,5.979815345316762,-0.14432974951704955,-8.308807943392086,0.006338258095762788,0.09,1100,3260
Pharyngeal mesoderm,Right ventricle,6.335739481206411,0.6224464315022505,20.538873139965784,0.007131423233536516,0.0,1100,696
Pharyngeal mesoderm,Roof plate (posterior),5.733065209859888,-0.08206909102949744,-2.465336593597914,0.003422830767965724,0.75,1100,450
Pharyngeal mesoderm,Sclerotome,6.020581398493998,0.13535532826112373,4.843940057866841,0.0038248032004928535,0.0,1100,1380
Pharyngeal mesoderm,Second heart field (anterior),6.745517656430792,0.9753750394977674,31.039825415932643,0.0013890360545564704,0.0,1100,703
Pharyngeal mesoderm,Second heart field (posterior),6.217121210495734,0.3814086225081231,12.053642916908025,0.01865772364322053,0.0,1100,1220
Pharyngeal mesoderm,Somatic mesoderm,6.22684300420489,0.16979926483057048,6.812974337503193,0.008834855697007859,0.0,1100,2132
Pharyngeal mesoderm,Spinal cord (cervical),5.895881841845315,-0.19874752650925487,-8.553560297034776,0.0007664223285569751,0.0,1100,2173
Pharyngeal mesoderm,Spinal cord (thoracic),5.918724831500698,-0.2205563533292656,-10.635049606835741,0.001405291692018579,0.0,1100,3492
Pharyngeal mesoderm,Splanchnic mesoderm,6.183268967418736,0.061869048559834404,2.407080024910548,0.009089355748713784,0.13,1100,4186
Pharyngeal mesoderm,Splanchnic mesoderm (cardiopulmonary),4.849801706848468,0.010745405791710608,0.6092608656165442,0.10487196962715722,0.88,1100,23
Pharyngeal mesoderm,Splanchnic mesoderm (septum transversum),5.510043871020547,0.1071395983953997,1.3172783423274668,0.017730222156910978,0.89,1100,154
Pharyngeal mesoderm,Surface ectoderm (anterior),5.673535407229868,-0.0182374989204425,-1.2345971327582832,0.017690887134202325,0.88,1100,693
Pharyngeal mesoderm,Surface ectoderm (posterior),5.663355549698546,-0.035203165420075656,-1.6640025125150126,0.01764663503832983,0.11,1100,669
Pharyngeal mesoderm,Telencephalon (dorsal),5.869718811915057,-0.2327659479698383,-10.774971738764245,0.0011927370685702395,0.0,1100,4490
Pharyngeal mesoderm,Trunk neural crest,4.7954768095833495,-0.005485415080809315,0.030660124637490866,0.00292094962808127,0.88,1100,22
Pharyngeal mesoderm,Vagal neural crest,5.417629961656435,-0.0843400433025246,-1.6464566688172153,0.003456729781017991,0.82,1100,176
Pre-placodal ectoderm,Pre-placodal ectoderm,8.5,0.0,0.0,0.0,1.0,1022,1022
Pre-placodal ectoderm,Prechordal plate,4.889721368221081,-0.27931934435440847,-3.1979632421056556,0.01007423747295421,0.05,1022,102
Pre-placodal ectoderm,Presomitic mesoderm,6.055506001776024,-0.08016838338406718,-3.2950767429697847,0.003414789696291856,0.34,1022,3260
Pre-placodal ectoderm,Right ventricle,5.518660667939119,-0.20243974122758956,-5.159627053172188,0.03232113367634926,0.12,1022,696
Pre-placodal ectoderm,Roof plate (posterior),6.162376517914514,0.3333100844042054,8.08426169822152,0.01823610726191842,0.0,1022,450
Pre-placodal ectoderm,Sclerotome,5.681211139881394,-0.21952357239743403,-8.75432361990311,0.004449445906622897,0.01,1022,1380
Pre-placodal ectoderm,Second heart field (anterior),5.7592054570294025,-0.021125168956365254,-0.7643167582911073,0.00024885349741460055,0.96,1022,703
Pre-placodal ectoderm,Second heart field (posterior),5.87670842627675,0.03393171361769376,0.4159990111320553,0.008470746091862793,0.21,1022,1220
Pre-placodal ectoderm,Somatic mesoderm,6.149396550484458,0.07715513060463053,2.053113485167428,0.018845569399666487,0.01,1022,2132
Pre-placodal ectoderm,Spinal cord (cervical),5.964506708699766,-0.14130382599751487,-5.418550163436954,0.005794256457125641,0.0,1022,2173
Pre-placodal ectoderm,Spinal cord (thoracic),6.077728641695134,-0.07112941763998985,-3.823713359009311,0.0026959884554039254,0.69,1022,3492
Pre-placodal ectoderm,Splanchnic mesoderm,6.32298562439162,0.19177127229909927,7.482006549881077,0.014955036286336185,0.0,1022,4186
Pre-placodal ectoderm,Splanchnic mesoderm (cardiopulmonary),4.552474421631181,-0.27843663667509794,-0.9426548887447126,0.21022145136982262,0.56,1022,23
Pre-placodal ectoderm,Splanchnic mesoderm (septum transversum),5.443606115416846,0.02223071958013308,0.6141110654992427,0.0024512119598351398,0.78,1022,154
Pre-placodal ectoderm,Surface ectoderm (anterior),6.65732981051315,0.9542406514351823,29.53023579313467,0.01424837992392397,0.0,1022,693
Pre-placodal ectoderm,Surface ectoderm (posterior),6.232090020430349,0.5173700696285662,12.85110723458349,0.030307254484443488,0.0,1022,669
Pre-placodal ectoderm,Telencephalon (dorsal),6.255489861158023,0.14118841316644856,6.077814618093872,0.0008634095506489856,0.0,1022,4490
Pre-placodal ectoderm,Trunk neural crest,5.160482076516371,0.3480446797229397,1.9271971251759747,0.06975510302543386,0.24,1022,22
Pre-placodal ectoderm,Vagal neural crest,5.8466613181859834,0.33433219928017116,4.917515574299241,0.033069635104000794,0.02,1022,176
Prechordal plate,Prechordal plate,8.5,0.0,0.0,0.0,1.0,102,102
Prechordal plate,Presomitic mesoderm,5.2641249993739745,-0.15534656873956543,-2.3923034731669364,0.004627581755471025,0.17,102,3260
Prechordal plate,Right ventricle,5.1750302717531005,0.16533210011860078,2.281182750108916,0.004642374805234629,0.39,102,696
Prechordal plate,Roof plate (posterior),5.117540496186917,0.0038205951116670653,-0.7731385936863143,0.07121011494205387,0.82,102,450
Prechordal plate,Sclerotome,5.114067718603601,-0.0810280257267199,-0.7643456788082302,0.012266526195987315,0.38,102,1380
Prechordal plate,Second heart field (anterior),4.957890578276738,-0.10186853242696021,-0.8565351397358753,0.0399408823308223,0.05,102,703
Prechordal plate,Second heart field (posterior),4.915085531501262,-0.2243368309026049,-2.2293955253181843,0.04352004145357432,0.64,102,1220
Prechordal plate,Somatic mesoderm,5.2010158065989005,-0.1652186391543259,-2.6353051766069435,0.0051485482370280744,0.46,102,2132
Prechordal plate,Spinal cord (cervical),5.202051878024192,-0.19271007597756964,-3.0789895623336747,0.006215734370569991,0.17,102,2173
Prechordal plate,Spinal cord (thoracic),5.312634149340147,-0.12761153846610926,-2.4383068206034673,0.007836735740052425,0.63,102,3492
Prechordal plate,Splanchnic mesoderm,5.157675148827422,-0.2558460918100722,-4.2382869177319185,0.005800527316738965,0.11,102,4186
Prechordal plate,Splanchnic mesoderm (cardiopulmonary),3.9648231987853446,-0.1527350342743996,-0.6900269802433119,0.0014773157534403373,0.87,102,23
Prechordal plate,Splanchnic mesoderm (septum transversum),4.660434110694176,-0.03286501010574868,-0.2829165084041256,0.0018475890722347065,0.91,102,154
Prechordal plate,Surface ectoderm (anterior),4.8917554456714685,-0.11137848422251857,-1.523838866138135,0.0012098760251257285,0.56,102,693
Prechordal plate,Surface ectoderm (posterior),4.789434085927868,-0.21834239481346707,-3.2891988216354924,0.013185001553142915,0.72,102,669
Prechordal plate,Telencephalon (dorsal),5.1988951233476906,-0.20340208548574493,-2.6161032776466784,0.019538597266023965,0.11,102,4490
Prechordal plate,Trunk neural crest,3.8565140835104703,-0.30222998813498353,-1.1018576648310725,0.47368908348395666,0.48,102,22
Prechordal plate,Vagal neural crest,4.913393637103785,0.09946637188268426,0.39832187011245085,0.017922997132705634,0.57,102,176
Presomitic mesoderm,Presomitic mesoderm,8.5,0.0,0.0,0.0,1.0,3260,3260
Presomitic mesoderm,Right ventricle,5.782798243104764,-0.19522517996374145,-7.264090484104362,0.0002661075556241322,0.0,3260,696
Presomitic mesoderm,Roof plate (posterior),6.190000583624166,0.10593581040577031,3.426250150165718,0.0005432062448740777,0.05,3260,450
Presomitic mesoderm,Sclerotome,6.135244491987286,-0.02252655696764183,-2.0567821053819735,0.005615665533812241,0.29,3260,1380
Presomitic mesoderm,Second heart field (anterior),5.864134015459534,-0.17492051926607802,-6.971009219441531,0.0012529673599065729,0.0,3260,703
Presomitic mesoderm,Second heart field (posterior),5.8862232368706735,-0.21539751375533012,-10.163155335838885,0.003072408721171537,0.0,3260,1220
Presomitic mesoderm,Somatic mesoderm,6.279213947324042,-0.048228252080995127,-3.3000371285933334,0.0020738584592790883,0.84,3260,2132
Presomitic mesoderm,Spinal cord (cervical),6.5440238982581365,0.18181951506948865,11.174456646174251,0.0011658222955536533,0.0,3260,2173
Presomitic mesoderm,Spinal cord (thoracic),6.811757351459725,0.40351144888490964,26.599936794709375,0.0005086976285422283,0.0,3260,3492
Presomitic mesoderm,Splanchnic mesoderm,6.525244027469738,0.13809887028317766,10.31427459155646,0.003452959554706721,0.0,3260,4186
Presomitic mesoderm,Splanchnic mesoderm (cardiopulmonary),4.586238866268509,-0.5241621233846221,-3.1495844859564834,0.21062978362353466,0.01,3260,23
Presomitic mesoderm,Splanchnic mesoderm (septum transversum),5.498219064905899,-0.1708166070075272,-3.5297122340698803,0.006501292565401818,0.3,3260,154
Presomitic mesoderm,Surface ectoderm (anterior),5.897428361588133,-0.061267614314607734,-2.453962752036635,0.0009692500004418246,0.32,3260,693
Presomitic mesoderm,Surface ectoderm (posterior),5.960592319416015,-0.010102138274940664,-0.1922584097457539,0.0038687090018886014,0.2,3260,669
Presomitic mesoderm,Telencephalon (dorsal),6.336160341955377,-0.03217879471096078,-1.9339733532234564,0.0007324311999982111,0.48,3260,4490
Presomitic mesoderm,Trunk neural crest,5.173406426027461,0.07290708020016516,0.6400956653522663,0.020875487654704643,0.63,3260,22
Presomitic mesoderm,Vagal neural crest,5.796519224505829,0.03613250230376389,1.143889331373945,0.019812502072219882,0.2,3260,176
Right ventricle,Right ventricle,8.5,0.0,0.0,0.0,1.0,696,696
Right ventricle,Roof plate (posterior),5.51544607255174,-0.15707579133018879,-3.564919588840482,0.006553353664400795,0.09,696,450
Right ventricle,Sclerotome,5.675653863895133,-0.0648027781495261,-1.907329213820118,0.002454742495732897,0.75,696,1380
Right ventricle,Second heart field (anterior),6.519519188351885,0.8936846314586283,26.421661567574663,0.003467086839111606,0.0,696,703
Right ventricle,Second heart field (posterior),5.9706167658565334,0.28104017244764695,8.866702130279444,0.003178423573085505,0.0,696,1220
Right ventricle,Somatic mesoderm,5.887254751319656,-0.0256483671403247,-0.7608730147035369,0.006778209407935413,0.73,696,2132
Right ventricle,Spinal cord (cervical),5.7241097969646075,-0.2261967711328682,-8.06530333541132,0.003946239288276198,0.0,696,2173
Right ventricle,Spinal cord (thoracic),5.730320106369049,-0.262493036640123,-11.195428779323164,0.000857411484386721,0.0,696,3492
Right ventricle,Splanchnic mesoderm,5.864393683889191,-0.10973024428548683,-3.9480645412491833,0.005006342070604503,0.15,696,4186
Right ventricle,Splanchnic mesoderm (cardiopulmonary),4.897727868432484,0.20878332427819726,1.5530455538074819,0.058044238144521344,0.94,696,23
Right ventricle,Splanchnic mesoderm (septum transversum),5.361963053614448,0.10562268321648993,1.529078723267492,0.013454716667819212,0.59,696,154
Right ventricle,Surface ectoderm (anterior),5.456284088843934,-0.0910250283714958,-1.4036735881478457,0.02598243068150026,0.08,696,693
Right ventricle,Surface ectoderm (posterior),5.417843486679675,-0.1408826588698231,-2.5645363941284267,0.022950198603014917,0.67,696,669
Right ventricle,Telencephalon (dorsal),5.651132297359282,-0.3024266708637029,-10.662362227828345,0.00816324646053477,0.0,696,4490
Right ventricle,Trunk neural crest,4.523309440047928,-0.12677791994362617,-0.6342958522374609,0.10590764526799556,0.86,696,22
Right ventricle,Vagal neural crest,5.275399106128325,-0.0857891271852959,-1.339521944613228,0.01411240624872773,0.5,696,176
Roof plate (posterior),Roof plate (posterior),8.5,0.0,0.0,0.0,1.0,450,450
Roof plate (posterior),Sclerotome,5.822950784087193,-0.02595362667659155,-0.9989251922089498,0.007793353079752905,0.38,450,1380
Roof plate (posterior),Second heart field (anterior),5.681863473495004,-0.05085644670252698,-1.2929442801270552,0.002803974374778242,0.85,450,703
Roof plate (posterior),Second heart field (posterior),5.718627653543753,-0.07186488861566105,-2.1582620009324036,0.004678288727243766,0.63,450,1220
Roof plate (posterior),Somatic mesoderm,6.083725566611732,0.06640161743894553,1.4377487494606047,0.028726683659723765,0.82,450,2132
Roof plate (posterior),Spinal cord (cervical),6.451908821774811,0.3998047148145769,12.761394562510572,0.010109263364757768,0.0,450,2173
Roof plate (posterior),Spinal cord (thoracic),6.381416009406611,0.2822121406197044,9.827172209120965,0.00214072772572188,0.0,450,3492
Roof plate (posterior),Splanchnic mesoderm,6.219304026221686,0.14152972109897752,3.515472433030277,0.02424801139816186,0.63,450,4186
Roof plate (posterior),Splanchnic mesoderm (cardiopulmonary),4.43287572506333,-0.3763820752831151,-1.7181983244696255,0.16378055213554155,0.31,450,23
Roof plate (posterior),Splanchnic mesoderm (septum transversum),5.162048800569951,-0.19816548566305828,-2.1373555449860997,0.07647851750062874,0.35,450,154
Roof plate (posterior),Surface ectoderm (anterior),5.83726131373695,0.18245334014340506,3.249580701393437,0.07157727369525056,0.75,450,693
Roof plate (posterior),Surface ectoderm (posterior),5.876240433509175,0.22138156018640456,3.459920660457538,0.05163785635334806,0.82,450,669
Roof plate (posterior),Telencephalon (dorsal),6.147413849013297,0.08869972700848254,2.5677670738401956,0.0010072853527796012,0.04,450,4490
Roof plate (posterior),Trunk neural crest,5.256678226220387,0.48468184290763955,3.140098097120512,0.1761470065599166,0.91,450,22
Roof plate (posterior),Vagal neural crest,6.438715661970899,0.9787830835622916,13.79756376966243,0.040709579415459336,0.0,450,176
Sclerotome,Sclerotome,8.5,0.0,0.0,0.0,1.0,1380,1380
Sclerotome,Second heart field (anterior),5.815497818400373,0.01169937657825848,-0.012212408281004153,0.013753332277526863,0.08,1380,703
Sclerotome,Second heart field (posterior),5.8291192653131185,-0.03514369495808071,-1.7473452271248167,0.01564005281619226,0.82,1380,1220
Sclerotome,Somatic mesoderm,6.194518100140989,0.10316316903735985,4.167114029487217,0.003113537972431248,0.0,1380,2132
Sclerotome,Spinal cord (cervical),6.07162551759406,-0.05263937070626964,-2.8379059207773234,0.004885972310510734,0.29,1380,2173
Sclerotome,Spinal cord (thoracic),6.122343548072286,-0.04295722427700562,-2.7622396660671567,0.0019584053446261344,0.58,1380,3492
Sclerotome,Splanchnic mesoderm,6.1285691546413945,-0.020993247348615185,-1.8862005230214223,0.005928707576740701,0.13,1380,4186
Sclerotome,Splanchnic mesoderm (cardiopulmonary),4.4783746513165505,-0.391334158022753,-2.0515209008395465,0.07706907225141003,0.14,1380,23
Sclerotome,Splanchnic mesoderm (septum transversum),5.351285349159933,-0.0789763496849177,-1.6203377086978072,0.007524891270708942,0.88,1380,154
Sclerotome,Surface ectoderm (anterior),5.530119472810411,-0.19428936420810908,-6.546015042902088,0.0013395902547146258,0.0,1380,693
Sclerotome,Surface ectoderm (posterior),5.5178932133671905,-0.2122061435590726,-7.607198223925669,0.014188691461581776,0.29,1380,669
Sclerotome,Telencephalon (dorsal),5.982118307304407,-0.1476674939265621,-7.304252835526074,0.000535598627540585,0.0,1380,4490
Sclerotome,Trunk neural crest,4.674488689079751,-0.1664198553817616,-0.9226829932603132,0.116246849296233,0.63,1380,22
Sclerotome,Vagal neural crest,5.399446948746561,-0.13844964244115618,-1.9779364221965903,0.00729771726738583,0.12,1380,176
Second heart field (anterior),Second heart field (anterior),8.5,0.0,0.0,0.0,1.0,703,703
Second heart field (anterior),Second heart field (posterior),6.3425886412283825,0.5956021517846395,17.307897071733084,0.012605409074432401,0.0,703,1220
Second heart field (anterior),Somatic mesoderm,6.2554994462752305,0.28380174778035805,9.806851687699607,0.001035375979651313,0.0,703,2132
Second heart field (anterior),Spinal cord (cervical),5.787007086805748,-0.22207045684768426,-7.935454878073344,0.0007900484716685439,0.0,703,2173
Second heart field (anterior),Spinal cord (thoracic),5.823594889923188,-0.23152387961157186,-9.335634191529847,0.0003680552505825659,0.0,703,3492
Second heart field (anterior),Splanchnic mesoderm,6.158446485584119,0.12367066112615888,4.234708439914878,0.0020705756419329333,0.0,703,4186
Second heart field (anterior),Splanchnic mesoderm (cardiopulmonary),4.792171334736653,0.0413029525443922,0.5844653353723862,0.03966060781273905,0.7,703,23
Second heart field (anterior),Splanchnic mesoderm (septum transversum),5.473156138730677,0.15743738859198686,2.2332536508074465,0.0006177582986338505,0.1,703,154
Second heart field (anterior),Surface ectoderm (anterior),5.673169244658088,0.06265123619653234,1.0012581962610023,0.011213792534982276,0.91,703,693
Second heart field (anterior),Surface ectoderm (posterior),5.541658476918308,-0.0796372822728113,-2.3904173502695065,0.0015343014928572093,0.43,703,669
Second heart field (anterior),Telencephalon (dorsal),5.770923253217167,-0.24429886030262202,-8.869398790854953,0.001909796828547702,0.0,703,4490
Second heart field (anterior),Trunk neural crest,4.634878359676818,-0.08858210304440621,-0.42606912313735723,0.047666175905630645,0.93,703,22
Second heart field (anterior),Vagal neural crest,5.3749300517576195,-0.042045139800677,-0.6785275120024371,0.0038203224476512708,0.81,703,176
Second heart field (posterior),Second heart field (posterior),8.5,0.0,0.0,0.0,1.0,1220,1220
Second heart field (posterior),Somatic mesoderm,6.4926613764274554,0.4520361042825689,21.123380445108037,0.0038550114960181105,0.0,1220,2132
Second heart field (posterior),Spinal cord (cervical),5.81999028447213,-0.2510966159401257,-11.55031520883034,0.0010456684540832636,0.0,1220,2173
Second heart field (posterior),Spinal cord (thoracic),5.890625946850647,-0.22146635811302318,-11.861707866796435,0.0028524637959285843,0.0,1220,3492
Second heart field (posterior),Splanchnic mesoderm,6.425888412808827,0.3288329561500613,14.908791643673014,0.007154817207193893,0.0,1220,4186
Second heart field (posterior),Splanchnic mesoderm (cardiopulmonary),5.524509131531601,0.702754285525781,4.986327358283055,0.0010120107861358507,0.01,1220,23
Second heart field (posterior),Splanchnic mesoderm (septum transversum),6.2722507862519095,0.8908042982228723,14.154655433272294,0.058218853720268846,0.0,1220,154
Second heart field (posterior),Surface ectoderm (anterior),5.836774043572905,0.16337671403169404,3.99597750723551,0.019197587276553327,0.17,1220,693
Second heart field (posterior),Surface ectoderm (posterior),5.760431688622778,0.08220412891183344,1.3304969335810821,0.014678005504629754,0.42,1220,669
Second heart field (posterior),Telencephalon (dorsal),5.832938206003031,-0.24474670446272354,-12.892375279363767,0.003009977048665641,0.0,1220,4490
Second heart field (posterior),Trunk neural crest,4.530405468769081,-0.24894291240571262,-1.2591464632255387,0.10760132021507691,0.71,1220,22
Second heart field (posterior),Vagal neural crest,5.355866822195396,-0.12157989782174639,-2.8482460106901573,0.012232125613224308,0.67,1220,176
Somatic mesoderm,Somatic mesoderm,8.5,0.0,0.0,0.0,1.0,2132,2132
Somatic mesoderm,Spinal cord (cervical),6.139574445617698,-0.15434836326994658,-8.038679380817927,0.0018621818309244608,0.0,2132,2173
Somatic mesoderm,Spinal cord (thoracic),6.239667092817766,-0.1014835197885106,-6.629950997627631,0.0015169875857589284,0.03,2132,3492
Somatic mesoderm,Splanchnic mesoderm,7.055305184305902,0.7291416118439628,41.26469206966254,0.006445759706653056,0.0,2132,4186
Somatic mesoderm,Splanchnic mesoderm (cardiopulmonary),4.546254702386134,-0.49663667501506464,-3.1657278256567363,0.04686089094076771,0.0,2132,23
Somatic mesoderm,Splanchnic mesoderm (septum transversum),5.917873193139748,0.3149369203564906,5.662251693172972,0.02318543748215838,0.0,2132,154
Somatic mesoderm,Surface ectoderm (anterior),6.042244919958307,0.14795394910094384,4.219641551374964,0.006602917859210908,0.0,2132,693
Somatic mesoderm,Surface ectoderm (posterior),6.05194155751582,0.1509943524419756,3.6097394768024933,0.019097746804937792,0.0,2132,669
Somatic mesoderm,Telencephalon (dorsal),6.131349360263037,-0.17247045839132755,-11.41885938331056,0.0038315142038844816,0.0,2132,4490
Somatic mesoderm,Trunk neural crest,5.098996631120284,0.0903528077933388,0.6409015607292173,0.009952334634846896,0.81,2132,22
Somatic mesoderm,Vagal neural crest,5.821548198979893,0.1055786033659795,1.2958802306945467,0.021339618577924713,1.0,2132,176
Spinal cord (cervical),Spinal cord (cervical),8.5,0.0,0.0,0.0,1.0,2173,2173
Spinal cord (cervical),Spinal cord (thoracic),6.937208714026968,0.5614521574339678,32.60670734186868,0.002066734084307533,0.0,2173,3492
Spinal cord (cervical),Splanchnic mesoderm,6.158734547902401,-0.19856146111513132,-12.220329731833617,0.0013994287951670803,0.0,2173,4186
Spinal cord (cervical),Splanchnic mesoderm (cardiopulmonary),4.549529184783848,-0.5518863356675973,-2.9524151267987047,0.14749356588562662,0.01,2173,23
Spinal cord (cervical),Splanchnic mesoderm (septum transversum),5.400515663264904,-0.2352841897245949,-4.552900092910486,0.0058471888197313155,0.07,2173,154
Spinal cord (cervical),Surface ectoderm (anterior),5.756431400979497,-0.17146202647836853,-6.4455447636109,0.007150545122457833,0.02,2173,693
Spinal cord (cervical),Surface ectoderm (posterior),5.73167815993808,-0.20599655684862186,-8.462469156135116,0.007328808625387289,0.01,2173,669
Spinal cord (cervical),Telencephalon (dorsal),6.521104591170869,0.18273586481145898,10.802068242338166,0.000637607943736139,0.0,2173,4490
Spinal cord (cervical),Trunk neural crest,5.226165386675237,0.18427452369003708,1.4016876736265038,0.01577875919813703,0.75,2173,22
Spinal cord (cervical),Vagal neural crest,6.034404662464712,0.2965768526369323,5.7967235217813355,0.01011006580982707,0.04,2173,176
Spinal cord (thoracic),Spinal cord (thoracic),8.5,0.0,0.0,0.0,1.0,3492,3492
Spinal cord (thoracic),Splanchnic mesoderm,6.283890462530009,-0.11961352173749666,-8.151634177751655,0.0001779337860827832,0.0,3492,4186
Spinal cord (thoracic),Splanchnic mesoderm (cardiopulmonary),4.596222283582678,-0.5202624504279713,-2.7335345836540825,0.18465876007400858,0.04,3492,23
Spinal cord (thoracic),Splanchnic mesoderm (septum transversum),5.488570966265982,-0.20026544624562823,-4.106459326225168,0.004883918896234998,0.15,3492,154
Spinal cord (thoracic),Surface ectoderm (anterior),5.869229196729727,-0.10842813971927849,-4.815988562236455,0.0064811691026818805,0.65,3492,693
Spinal cord (thoracic),Surface ectoderm (posterior),5.881105547492062,-0.10552326369242711,-4.384185812456236,0.00432452891280326,0.19,3492,669
Spinal cord (thoracic),Telencephalon (dorsal),6.474323856067172,0.09041951389955945,6.163630599080991,0.0019119409381611833,0.0,3492,4490
Spinal cord (thoracic),Trunk neural crest,5.401015699974721,0.3112782388606033,2.3763003380388232,0.11817574801960504,0.94,3492,22
Spinal cord (thoracic),Vagal neural crest,5.986839074867099,0.20183985511942737,3.9383702610158995,0.002971778290294495,0.02,3492,176
Splanchnic mesoderm,Splanchnic mesoderm,8.5,0.0,0.0,0.0,1.0,4186,4186
Splanchnic mesoderm,Splanchnic mesoderm (cardiopulmonary),4.661740909041655,-0.44193751995637537,-2.541752773017085,0.1392272973731291,0.06,4186,23
Splanchnic mesoderm,Splanchnic mesoderm (septum transversum),6.011812758436246,0.344743752338793,6.756687022327742,0.0017481636981258788,0.0,4186,154
Splanchnic mesoderm,Surface ectoderm (anterior),6.242558195679308,0.2843032910054151,10.039344033884687,0.026285267681400812,0.0,4186,693
Splanchnic mesoderm,Surface ectoderm (posterior),6.371404399327337,0.4079063865127637,12.854240188542706,0.037478491118462694,0.0,4186,669
Splanchnic mesoderm,Telencephalon (dorsal),6.177574202606514,-0.18655397456047554,-15.520476807227515,0.001270864696862801,0.0,4186,4490
Splanchnic mesoderm,Trunk neural crest,5.2321513981613155,0.1672674140627158,1.15607095204729,0.014026804678409829,0.6,4186,22
Splanchnic mesoderm,Vagal neural crest,5.9271072677173064,0.15549615198276742,2.3788592044995256,0.01993420489431847,0.12,4186,176
Splanchnic mesoderm (cardiopulmonary),Splanchnic mesoderm (cardiopulmonary),8.5,0.0,0.0,0.0,1.0,23,23
Splanchnic mesoderm (cardiopulmonary),Splanchnic mesoderm (septum transversum),4.176380081663487,-0.19506224389891683,-0.8750568846647077,0.04982768215345786,0.65,23,154
Splanchnic mesoderm (cardiopulmonary),Surface ectoderm (anterior),4.494311980474041,-0.1946107500772817,-0.7549974960944925,0.06969323892650992,0.62,23,693
Splanchnic mesoderm (cardiopulmonary),Surface ectoderm (posterior),4.488692058542004,-0.1944806360599737,-0.7633639477439038,0.03891677680532654,0.96,23,669
Splanchnic mesoderm (cardiopulmonary),Telencephalon (dorsal),4.544658435282032,-0.5270745845987879,-2.884465991087731,0.187495913003836,0.12,23,4490
Splanchnic mesoderm (cardiopulmonary),Trunk neural crest,3.8307432935996073,0.03652365449196656,0.815974002667303,0.1898817687226533,0.56,23,22
Splanchnic mesoderm (cardiopulmonary),Vagal neural crest,4.26296953741517,-0.1758428237738454,-0.8698675733064348,0.004445722378471262,0.7,23,176
Splanchnic mesoderm (septum transversum),Splanchnic mesoderm (septum transversum),8.5,0.0,0.0,0.0,1.0,154,154
Splanchnic mesoderm (septum transversum),Surface ectoderm (anterior),5.40558646615991,0.16840240816327245,2.7214452564591443,0.007161866481659908,0.17,154,693
Splanchnic mesoderm (septum transversum),Surface ectoderm (posterior),5.190951576564058,-0.05619750310016958,-0.00986598294363957,0.03554227345058963,0.47,154,669
Splanchnic mesoderm (septum transversum),Telencephalon (dorsal),5.4377578685509755,-0.2123701827465269,-3.802652735641312,0.000670160202295762,0.02,154,4490
Splanchnic mesoderm (septum transversum),Trunk neural crest,3.950329558875269,-0.4102557886710672,-1.690199284053189,0.07589566928748666,0.4,154,22
Splanchnic mesoderm (septum transversum),Vagal neural crest,4.886642285519039,-0.15537704693899754,-1.627323686510645,0.01617750573144727,0.88,154,176
Surface ectoderm (anterior),Surface ectoderm (anterior),8.5,0.0,0.0,0.0,1.0,693,693
Surface ectoderm (anterior),Surface ectoderm (posterior),6.3149984624900055,0.7788158692603577,16.57641869674569,0.08103566288956315,0.0,693,669
Surface ectoderm (anterior),Telencephalon (dorsal),5.860755655119036,-0.07519601304353489,-3.3785035392658656,0.0016688577997312725,0.56,693,4490
Surface ectoderm (anterior),Trunk neural crest,4.927013144555545,0.29033233496320454,1.3933004975765109,0.05312386660532539,0.75,693,22
Surface ectoderm (anterior),Vagal neural crest,5.50045502749767,0.16148309683160042,1.278087535812391,0.05215908962731706,0.28,693,176
Surface ectoderm (posterior),Surface ectoderm (posterior),8.5,0.0,0.0,0.0,1.0,669,669
Surface ectoderm (posterior),Telencephalon (dorsal),5.756811897775122,-0.18718268654153616,-7.2762857090291,0.001627139748605129,0.0,669,4490
Surface ectoderm (posterior),Trunk neural crest,4.818803788042157,0.18189009977354034,1.5076372142301142,0.06187658671096706,0.76,669,22
Surface ectoderm (posterior),Vagal neural crest,5.517793035858418,0.16736063640367208,2.0814662094839984,0.030964080127825533,0.72,669,176
Telencephalon (dorsal),Telencephalon (dorsal),8.5,0.0,0.0,0.0,1.0,4490,4490
Telencephalon (dorsal),Trunk neural crest,5.081783461797708,0.018845419165293364,0.014190237602054548,0.0375524061396245,0.81,4490,22
Telencephalon (dorsal),Vagal neural crest,5.894851346581728,0.14767163582469323,2.843808202872138,0.004496382536576796,0.27,4490,176
Trunk neural crest,Trunk neural crest,8.499999999999995,-3.552713678800501e-15,-3.5523350659166667e-05,3.7865323450608567e-29,1.0,22,22
Trunk neural crest,Vagal neural crest,5.0437597648952925,0.5717902770059239,2.9403058203704275,0.05162555412026371,0.09,22,176
Vagal neural crest,Vagal neural crest,8.5,0.0,0.0,0.0,1.0,176,176
