source,target,value,norm_value,z_score,norm_value_var,p_value,source_n,target_n
Allantoic endothelial progenitor,Allantoic endothelial progenitor,8.5,0.0,0.0,0.0,1.0,463,463
Allantoic endothelial progenitor,Allantois,6.91038081520696,1.321470634703638,37.94704164432006,0.16508128285057252,0.0,463,2220
Allantoic endothelial progenitor,Amniotic ectoderm,5.830849721364253,0.5531269617863813,10.561373826602969,0.023090199545389177,0.01,463,317
Allantoic endothelial progenitor,Anterior mesoderm,5.36897817533476,-0.1815622303330926,-4.250296423593761,0.022890782209537136,0.84,463,667
Allantoic endothelial progenitor,Arterial endothelial cell,5.464209766131991,0.2077998909077635,3.2234629638585575,0.014305033346113695,0.2,463,149
Allantoic endothelial progenitor,Axial progenitor,5.567235874686489,-0.2337168955188401,-5.886547438834516,0.0022005274070701344,0.0,463,1269
Allantoic endothelial progenitor,Cranial neural crest,5.713504542571744,-0.10840512034629146,-3.273070379515031,0.0027278369127291856,0.2,463,3667
Allantoic endothelial progenitor,Dermomyotome,5.611059908764119,-0.22098409478039263,-6.908433020706117,0.0050827049695602484,0.0,463,2561
Allantoic endothelial progenitor,Diencephalon,5.1687020600495535,-0.18762441540848998,-2.4060804467712558,0.004698164197919944,0.02,463,169
Allantoic endothelial progenitor,Endocardial cell,5.255697544830167,-0.006054720973302767,-0.19780358195179618,0.03638650998363552,0.24,463,151
Allantoic endothelial progenitor,Endothelial cell,5.171324637368876,-0.00568996093752953,0.9592695764432152,0.075887069213919,0.04,463,116
Allantoic endothelial progenitor,Endothelial progenitor,6.108272091895223,0.29623751942360954,7.294385194232631,0.003108470194593559,0.0,463,1091
Allantoic endothelial progenitor,Epibranchial placode,5.600907300557744,0.2767150325824875,5.4236975001816035,0.02364171260299513,0.25,463,330
Allantoic endothelial progenitor,Extraembryonic mesoderm,5.484987901124657,0.10389917548355736,1.7375527487537934,0.037262977058494046,0.14,463,556
Allantoic endothelial progenitor,Eye field,5.108649201392029,-0.23758027979781757,-2.9718000594710365,0.008463977868723518,0.05,463,146
Allantoic endothelial progenitor,First heart field,5.496193705594224,0.02048210984789674,1.0727056019747225,0.009250384067430025,0.8,463,704
Allantoic endothelial progenitor,Floor plate,5.288440128483271,-0.2734639599271456,-6.790898997932602,0.0008477640408828646,0.0,463,957
Allantoic endothelial progenitor,Foregut,5.053644115708477,-0.23098228685717062,-4.264421418807552,0.0032067211310544365,0.0,463,477
Allantoic endothelial progenitor,Frontonasal mesenchyme,5.070249770840302,-0.06341809181206992,-0.15582519125403832,0.020874123712509438,0.53,390,57
Allantoic endothelial progenitor,Head paraxial mesoderm,5.625254639189289,-0.13388441950951435,-4.391546383479505,0.003983752071335576,0.29,463,3441
Allantoic endothelial progenitor,Hindbrain (isthmic organizer),5.4984493033286705,-0.3253272500179157,-7.527871467431216,0.0026590770690921458,0.0,463,1531
Allantoic endothelial progenitor,Hindbrain (r1),5.511205730775017,-0.3497472972706997,-8.464823218683053,0.005209680536177733,0.0,463,2128
Allantoic endothelial progenitor,Hindbrain (r2-r4),5.559917318592382,-0.33269486288296096,-9.177475632619894,0.0026966216602852832,0.0,463,2189
Allantoic endothelial progenitor,Hindbrain (r5-r8),5.466454940624452,-0.38301081044066204,-9.18962209093123,0.00831169061818995,0.0,463,1457
Allantoic endothelial progenitor,Hindgut,4.949724663089959,-0.17972141067776715,-1.906363683029311,0.060516021305250994,0.02,463,247
Allantoic endothelial progenitor,Hypothalamus,5.2797436549332915,-0.30830479276302586,-6.908196761178188,0.003064388770565592,0.0,463,765
Allantoic endothelial progenitor,Intermediate mesoderm,5.6176371315587375,-0.16920902352431946,-4.39351586511752,0.0006865756652915377,0.0,463,1173
Allantoic endothelial progenitor,Juxtacardiac field,5.114966833016088,-0.15319594434932662,-1.9743084167244505,0.005440304395028165,0.12,463,195
Allantoic endothelial progenitor,Midbrain,5.540787330841375,-0.3513531583700935,-9.710579892253262,0.00020288675957704522,0.0,463,2940
Allantoic endothelial progenitor,Midgut,5.0777779517273025,-0.16491704098314694,-2.63926009935998,0.034479775587720446,0.24,463,362
Allantoic endothelial progenitor,Nascent somite,5.424308764171911,-0.27494296917007716,-7.439354643861875,0.004192160829735139,0.0,463,1056
Allantoic endothelial progenitor,Notochord,5.043970013422165,-0.23189070585738078,-4.188911077985452,0.01838201035693453,0.4,463,288
Allantoic endothelial progenitor,Olfactory placode,5.4984498479261035,0.0438797746517953,1.2856371929157533,0.02055489097321207,0.11,463,317
Allantoic endothelial progenitor,Otic placode,5.469449973441748,0.1049402412133696,2.4926943261921504,0.025943052740294455,0.5,463,246
Allantoic endothelial progenitor,Periocular mesoderm,5.240659676961317,-0.039456613131424824,-0.7428293271109322,0.05730132597547848,0.24,463,430
Allantoic endothelial progenitor,Pharyngeal endoderm,5.19837335333349,-0.23504503215763664,-5.6661844778919495,0.011633121526992196,0.0,463,1138
Allantoic endothelial progenitor,Pharyngeal mesoderm,5.656300168348821,0.005875346579550171,-0.06285138264606112,0.03307149856041628,0.62,463,1100
Allantoic endothelial progenitor,Pre-placodal ectoderm,5.809704796310158,0.14433961576607413,3.6459630865052524,0.03864583753650242,0.32,463,1022
Allantoic endothelial progenitor,Prechordal plate,4.819869510484145,-0.12802656097557996,-1.3524681585166956,0.0006042535124577786,0.3,463,102
Allantoic endothelial progenitor,Presomitic mesoderm,5.687273733891,-0.23011033483244572,-6.726869860089479,0.00975462241427484,0.0,463,3260
Allantoic endothelial progenitor,Roof plate,5.5541819768448875,-0.04733101527074416,-1.5370938063160535,0.01243120581541771,0.31,463,452
Allantoic endothelial progenitor,Sclerotome,5.445298644143354,-0.23271419136465177,-6.595492546864633,0.0032665772493983684,0.0,463,1380
Allantoic endothelial progenitor,Second heart field,5.809689071626463,0.07020875495321229,2.510029795845955,0.0022290948922054823,0.56,463,2711
Allantoic endothelial progenitor,Somatic mesoderm,6.008796488679437,0.1559775314625904,3.7676542036614875,0.006792390518888169,0.0,463,2147
Allantoic endothelial progenitor,Spinal cord (cervical),5.516722735125924,-0.36850668519843754,-10.93500780868228,5.945732648376343e-05,0.0,463,2173
Allantoic endothelial progenitor,Spinal cord (thoracic),5.582936408223823,-0.3513224107391905,-9.945172598991483,0.002593093995395486,0.0,463,3492
Allantoic endothelial progenitor,Splanchnic mesoderm,6.342362067426946,0.4164138146298996,12.644847207529983,0.018091470511449735,0.0,463,4363
Allantoic endothelial progenitor,Surface ectoderm,5.968154928840412,0.35153721116308984,8.924060883463383,0.028347434463930975,0.01,463,1362
Allantoic endothelial progenitor,Telencephalon,5.596457841499064,-0.29668469530229896,-8.668167832993698,0.0027890720484040517,0.0,463,4490
Allantoic endothelial progenitor,Trunk neural crest,4.810877846843561,0.22909694240863723,1.2972677361209566,0.04749494805998836,0.64,463,22
Allantoic endothelial progenitor,Vagal neural crest,5.201004424318739,-0.08820670614515673,-2.485404001334645,0.044465192534976564,0.96,463,176
Allantois,Allantois,8.5,0.0,0.0,0.0,1.0,2220,2220
Allantois,Amniotic ectoderm,6.042627984894857,0.6148633507753537,12.317841606485777,0.010624530208352,0.0,2220,317
Allantois,Anterior mesoderm,5.541856094951367,-0.1507723749504534,-5.501428197686402,0.018795051189584792,0.69,2220,667
Allantois,Arterial endothelial cell,5.613844234556821,0.21752095010187342,4.168194264879951,0.015267821263460638,0.45,2220,149
Allantois,Axial progenitor,5.73753508001361,-0.21156120408196907,-8.508101606462361,0.005480103175844992,0.0,2220,1269
Allantois,Cranial neural crest,5.935767994327541,-0.024357306568408472,-2.5204540328282388,0.008946822444448001,0.01,2220,3667
Allantois,Dermomyotome,5.737820762423591,-0.24251590359618844,-12.505175918344962,0.006010014107025362,0.0,2220,2561
Allantois,Diencephalon,5.221282477063854,-0.2755327361227433,-4.339008496374757,0.004553167889271318,0.0,2220,169
Allantois,Endocardial cell,5.438609011929631,0.03770723258143516,0.3493489811322695,0.023358223419028337,0.25,2220,151
Allantois,Endothelial cell,5.424971549902923,0.11217477756613074,2.084265297659402,0.021536685780109675,0.75,2220,116
Allantois,Endothelial progenitor,6.227839020187145,0.2675224457593961,9.980210364277747,0.007144448859362691,0.0,2220,1091
Allantois,Epibranchial placode,5.883771398505623,0.4145856618108497,9.510195044211192,0.003443956095603578,0.0,2220,330
Allantois,Extraembryonic mesoderm,5.706145373296276,0.17685299149554545,5.645184823853431,0.004831927197228158,0.01,2220,556
Allantois,Eye field,5.289955402475145,-0.20501574067941952,-2.87806995623161,0.003549669017147037,0.01,2220,146
Allantois,First heart field,5.589589160742783,-0.03597636818784711,-0.7716195137582395,0.013778898641611744,0.02,2220,704
Allantois,Floor plate,5.381173613447882,-0.33294658015004214,-11.721299205291418,0.0011819926669641612,0.0,2220,957
Allantois,Foregut,5.131581944764107,-0.30078273539665784,-8.112750410611719,0.002388283804591915,0.0,2220,477
Allantois,Frontonasal mesenchyme,5.399218467181107,0.12724750686641695,1.3898294502716237,0.0028869137296492885,0.34,1850,57
Allantois,Head paraxial mesoderm,5.729756828935794,-0.17436302265709092,-9.899258008463592,0.006646825003798875,0.0,2220,3441
Allantois,Hindbrain (isthmic organizer),5.64031465063763,-0.3356949687598518,-14.90335308943221,0.0009797265127072315,0.0,2220,1531
Allantois,Hindbrain (r1),5.675096754737612,-0.33137300968409306,-15.626928671842947,0.0030735539845977576,0.0,2220,2128
Allantois,Hindbrain (r2-r4),5.744987073685632,-0.2918792761443146,-14.857503004872441,0.0002256223097349176,0.0,2220,2189
Allantois,Hindbrain (r5-r8),5.69641390127245,-0.2941696722465563,-11.916681926770417,0.005116427770991354,0.0,2220,1457
Allantois,Hindgut,5.0478070866161895,-0.22898241897099267,-4.0858724698242375,0.058560531793457736,0.2,2220,247
Allantois,Hypothalamus,5.406683827786229,-0.3304073000259737,-11.355078661200942,0.001014482307693683,0.0,2220,765
Allantois,Intermediate mesoderm,5.732151352258959,-0.1978369435941166,-8.056299172204312,0.003309233754761928,0.0,2220,1173
Allantois,Juxtacardiac field,5.27892550431869,-0.13177286817018677,-1.5233759990618256,0.041182734160184746,0.66,2220,195
Allantois,Midbrain,5.685847998563706,-0.34988771547415326,-20.005127422988327,5.612067368510889e-05,0.0,2220,2940
Allantois,Midgut,5.150994785549143,-0.23929554281247997,-5.009394027175181,0.04170599915571925,0.94,2220,362
Allantois,Nascent somite,5.5150995691216655,-0.3272146255162894,-12.96783253652901,0.0014719028610649513,0.0,2220,1056
Allantois,Notochord,5.111438477861692,-0.3119065513510713,-6.746959258952091,0.00938129529808468,0.0,2220,288
Allantois,Olfactory placode,5.676711165744332,0.07529331468708822,1.6765790330049677,0.002999216119238803,0.49,2220,317
Allantois,Otic placode,5.715259298223956,0.20842704575242532,4.564658041117236,0.0012314678435717296,0.04,2220,246
Allantois,Periocular mesoderm,5.359977869254412,-0.06250588585316812,-1.6808443596778035,0.017806875181255066,0.49,2220,430
Allantois,Pharyngeal endoderm,5.290074973265218,-0.2864528045908239,-11.002176283466975,0.008591295099512106,0.0,2220,1138
Allantois,Pharyngeal mesoderm,5.807910588300666,0.011919937459500337,-0.29943738339657483,0.016167833548742173,0.43,2220,1100
Allantois,Pre-placodal ectoderm,6.004801250846117,0.2014638065988592,6.936306726657076,0.0008779177614871001,0.0,2220,1022
Allantois,Prechordal plate,4.944083471850147,-0.15740168805114627,-2.2294848706037826,0.005439648932329896,0.34,2220,102
Allantois,Presomitic mesoderm,5.8490455952265235,-0.21470298486472603,-10.598032385704427,0.009077229164180885,0.0,2220,3260
Allantois,Roof plate,5.75457776470154,-0.001667097094287288,-0.6632438797569057,0.016579878560190678,0.13,2220,452
Allantois,Sclerotome,5.583149170294901,-0.24238530811748316,-10.261317333002722,0.002607777239568541,0.0,2220,1380
Allantois,Second heart field,5.965595273232107,0.08490573072047376,5.588839651086192,0.009369609581172935,0.56,2220,2711
Allantois,Somatic mesoderm,6.13724484712819,0.13764556967924393,6.82754706572916,0.0034031291907879583,0.0,2220,2147
Allantois,Spinal cord (cervical),5.694651411688361,-0.337425771307271,-18.046067372673797,0.002663224997353641,0.0,2220,2173
Allantois,Spinal cord (thoracic),5.784926744686447,-0.2907899499112376,-16.741538433211876,0.00402506347871012,0.0,2220,3492
Allantois,Splanchnic mesoderm,6.700848294705242,0.6309548412982137,34.34141707920899,0.019837198363577873,0.0,2220,4363
Allantois,Surface ectoderm,6.258410720972822,0.49647230492829636,21.22694797359382,0.001281084442006967,0.0,2220,1362
Allantois,Telencephalon,5.754265599674615,-0.2846316969258087,-16.999525043263656,0.003204563487713594,0.0,2220,4490
Allantois,Trunk neural crest,4.867926361847899,0.11504243462376203,0.9115537219989854,0.012466672671913818,0.86,2220,22
Allantois,Vagal neural crest,5.467649683764122,0.01971170236294058,-1.2233946284492283,0.0640486450245154,0.04,2220,176
Amniotic ectoderm,Amniotic ectoderm,8.5,0.0,0.0,0.0,1.0,317,317
Amniotic ectoderm,Anterior mesoderm,5.2243703444798015,-0.16473992042917077,-3.9306827797933104,0.016833421967030863,0.74,317,667
Amniotic ectoderm,Arterial endothelial cell,5.323194766909983,0.2369743436674717,2.590077361372772,0.012490191338221025,0.18,317,149
Amniotic ectoderm,Axial progenitor,5.4330005757697135,-0.2155971263696772,-4.949670093920596,0.0002656253229223023,0.07,317,1269
Amniotic ectoderm,Cranial neural crest,5.652398928776145,-0.004818179361980294,-1.6257543998171788,0.028066001181452232,0.64,317,3667
Amniotic ectoderm,Dermomyotome,5.495120309945533,-0.1740687969467277,-5.231308180388666,0.01693374815205847,0.88,317,2561
Amniotic ectoderm,Diencephalon,4.817460391612357,-0.37367809079248904,-3.6800175849880445,0.05613749724488139,0.01,317,169
Amniotic ectoderm,Endocardial cell,5.165343507820017,0.07738151504043482,0.6740867295900137,0.029612083401343248,0.39,317,151
Amniotic ectoderm,Endothelial cell,5.269467906570251,0.26953538936408883,2.922602943122847,0.00826020705241106,0.32,317,116
Amniotic ectoderm,Endothelial progenitor,5.735509442231731,0.08441162992405715,0.8610612893619796,0.015722652372260806,0.59,317,1091
Amniotic ectoderm,Epibranchial placode,5.983437739705475,0.8271755881168934,13.289600583543866,0.08650368981314126,0.0,317,330
Amniotic ectoderm,Extraembryonic mesoderm,5.385461753321894,0.16534819402097098,3.3236111563813986,0.00371676029334078,0.29,317,556
Amniotic ectoderm,Eye field,5.023838683985687,-0.1636929346927234,-2.2228889269415797,6.954751746408179e-07,0.41,317,146
Amniotic ectoderm,First heart field,5.271178265891894,-0.04629665030574751,0.12379667226914404,0.02327696901369338,0.41,317,704
Amniotic ectoderm,Floor plate,5.110488285744356,-0.2914593611046694,-5.148767039121235,0.007014623501853213,0.0,317,957
Amniotic ectoderm,Foregut,4.96073854608711,-0.1733179204941262,-2.166720163976008,0.034231506868645005,0.29,317,477
Amniotic ectoderm,Frontonasal mesenchyme,5.0783955005248025,0.004623586234359323,0.15561534296434582,0.0013005708443574017,0.9,304,57
Amniotic ectoderm,Head paraxial mesoderm,5.513925862154607,-0.08200809970474114,-3.2938059385921608,0.027954493514234853,0.4,317,3441
Amniotic ectoderm,Hindbrain (isthmic organizer),5.3468744467140565,-0.3177967648198659,-7.193838811553769,0.01111900431817526,0.0,317,1531
Amniotic ectoderm,Hindbrain (r1),5.360118485505022,-0.3402588198674967,-6.8776847811420865,0.012340473704624478,0.0,317,2128
Amniotic ectoderm,Hindbrain (r2-r4),5.40316111177336,-0.3246831511533843,-6.927866233906485,0.012169796716897845,0.0,317,2189
Amniotic ectoderm,Hindbrain (r5-r8),5.417041203376776,-0.2630063138185819,-5.8202465500152565,0.0033719605063469195,0.05,317,1457
Amniotic ectoderm,Hindgut,4.937137747819894,-0.033828493289166595,0.38527100355978855,0.12284877782355003,0.03,317,247
Amniotic ectoderm,Hypothalamus,4.994081585167017,-0.44107453026661353,-7.386929924017255,0.0177509690827614,0.0,317,765
Amniotic ectoderm,Intermediate mesoderm,5.378170733200065,-0.24639190379353634,-5.156939067881255,0.004202175391618149,0.01,317,1173
Amniotic ectoderm,Juxtacardiac field,4.986977290237754,-0.12446826903580248,0.23796383136388574,0.12791911264177577,0.2,317,195
Amniotic ectoderm,Midbrain,5.365910208735272,-0.36848332806045975,-8.001476736149995,0.014267486876568498,0.0,317,2940
Amniotic ectoderm,Midgut,5.037052586561696,-0.056042266438390165,-0.3287765961696609,0.038321474419773405,0.38,317,362
Amniotic ectoderm,Nascent somite,5.222078170479391,-0.31206696846272547,-6.417032382015513,0.014836632985812828,0.0,317,1056
Amniotic ectoderm,Notochord,4.806553052677933,-0.30545095351204016,-3.147291188595954,0.054527935883558004,0.02,317,288
Amniotic ectoderm,Olfactory placode,5.469199828674772,0.18549001410264912,3.132329401710295,0.005797427978990134,0.43,317,317
Amniotic ectoderm,Otic placode,5.535425867587403,0.33701312747607926,4.386349568716752,0.010305872226850973,0.0,317,246
Amniotic ectoderm,Periocular mesoderm,4.948136541263501,-0.1749556469380312,-1.3706945637171615,0.0760304047616185,0.03,317,430
Amniotic ectoderm,Pharyngeal endoderm,5.132285154422976,-0.1411898913978741,-1.833299512551253,0.038114491325612204,0.42,317,1138
Amniotic ectoderm,Pharyngeal mesoderm,5.507687346296635,0.017066155777565466,-0.13519898765628677,0.01748793728746084,0.4,317,1100
Amniotic ectoderm,Pre-placodal ectoderm,5.820976936801276,0.3277997352280136,7.0047761076154424,0.025937281369682954,0.06,317,1022
Amniotic ectoderm,Prechordal plate,4.674755890049002,-0.11279860947542779,-1.5971452336013083,0.006240788961604482,0.94,317,102
Amniotic ectoderm,Presomitic mesoderm,5.535969516602698,-0.21843287628464747,-5.66954029854358,0.006227874254136863,0.0,317,3260
Amniotic ectoderm,Roof plate,5.364486543291264,-0.07863239739361087,-1.9230851432396434,0.007761892446372256,0.89,317,452
Amniotic ectoderm,Sclerotome,5.331882417779901,-0.18730615263558756,-4.966242847399724,0.00890157364822239,0.5,317,1380
Amniotic ectoderm,Second heart field,5.70094241227396,0.13099297172094312,3.165206853085192,5.237905376304478e-05,0.33,317,2711
Amniotic ectoderm,Somatic mesoderm,5.854964979454117,0.16194559356672666,1.7423301633505934,0.05116098893956614,0.39,317,2147
Amniotic ectoderm,Spinal cord (cervical),5.407522319948519,-0.32057753965442143,-6.3993689167531045,0.00695720408611547,0.0,317,2173
Amniotic ectoderm,Spinal cord (thoracic),5.490754683813974,-0.27948396450945207,-6.927510621093757,0.0009597990145535048,0.0,317,3492
Amniotic ectoderm,Splanchnic mesoderm,6.013714602230148,0.24598633714609588,4.455180053136516,0.04113437506749584,0.03,317,4363
Amniotic ectoderm,Surface ectoderm,6.320423958614491,0.8711325998367284,17.205214708720018,0.03032557041783268,0.0,317,1362
Amniotic ectoderm,Telencephalon,5.453989669640305,-0.27785268369083244,-6.355005536589279,0.004056702149657079,0.0,317,4490
Amniotic ectoderm,Trunk neural crest,4.291282222625508,-0.11762389992255724,-0.5124736650599094,0.10316508140110063,0.37,317,22
Amniotic ectoderm,Vagal neural crest,5.069233954897135,-0.04892599242654564,-2.8077188788941094,0.11634322044588476,0.6,317,176
Anterior mesoderm,Anterior mesoderm,8.5,0.0,0.0,0.0,1.0,667,667
Anterior mesoderm,Arterial endothelial cell,5.504099535581257,0.1459897154180488,1.2647453850822286,0.051581164574071595,0.16,667,149
Anterior mesoderm,Axial progenitor,5.759422639027097,-0.15225003551372338,-5.416900628383057,0.0005991086986534766,0.02,667,1269
Anterior mesoderm,Cranial neural crest,5.762836075537307,-0.16311005616832652,-6.034166327175831,0.0017734882882717174,0.06,667,3667
Anterior mesoderm,Dermomyotome,5.9568376972190515,0.012484777426173821,0.3758726641855638,0.0008343323891923497,0.7,667,2561
Anterior mesoderm,Diencephalon,5.39040933606736,-0.06910910957980516,-1.1683933483074738,0.00241317455124715,0.78,667,169
Anterior mesoderm,Endocardial cell,5.3759746198202665,0.013833010876124874,0.40975033905756847,0.004514094032889233,0.62,667,151
Anterior mesoderm,Endothelial cell,5.2584950130853505,-0.021124297208433934,-0.38921251229797216,0.0008416677867180809,0.97,667,116
Anterior mesoderm,Endothelial progenitor,6.30266303009149,0.3842478223246874,11.111239615843106,0.002702083833806449,0.0,667,1091
Anterior mesoderm,Epibranchial placode,5.315663380248551,-0.12131410983391433,-2.9363686612759246,0.008900474680754092,0.92,667,330
Anterior mesoderm,Extraembryonic mesoderm,5.501634657337635,0.010061199550948826,-0.23582288506722485,0.0044513439568988275,0.36,667,556
Anterior mesoderm,Eye field,5.461874967594767,0.009990618246914865,-0.23077615642198346,0.014414283226872469,0.45,667,146
Anterior mesoderm,First heart field,5.776256732175511,0.18254053764750436,3.746406299902683,0.04462139183245431,0.13,667,704
Anterior mesoderm,Floor plate,5.5512859628317495,-0.12450707138546442,-3.2158267531221263,0.0018042966680459453,0.01,667,957
Anterior mesoderm,Foregut,5.260907280472949,-0.13133475306321665,-2.9415223594618456,0.008969050245136296,0.6,667,477
Anterior mesoderm,Frontonasal mesenchyme,5.041571359397519,-0.18624359130889268,-2.701321776651686,0.01496886269086207,0.56,581,57
Anterior mesoderm,Head paraxial mesoderm,6.66825736785697,0.804742116093002,29.505285391184824,0.048622154620425115,0.0,667,3441
Anterior mesoderm,Hindbrain (isthmic organizer),5.82016471158725,-0.11704876339217929,-4.008723058703551,0.004175752546439179,0.17,667,1531
Anterior mesoderm,Hindbrain (r1),5.80563378279167,-0.1659469476975349,-5.572189356373646,0.003854086309241895,0.01,667,2128
Anterior mesoderm,Hindbrain (r2-r4),5.771418092557641,-0.22665527228111623,-8.32231369288074,0.0020829803897190625,0.0,667,2189
Anterior mesoderm,Hindbrain (r5-r8),5.768121946609504,-0.1887736140313585,-5.742667492057735,0.005273362778443006,0.0,667,1457
Anterior mesoderm,Hindgut,5.114159661182726,-0.1192683620664754,-1.854884076897565,0.022372361449513226,0.24,667,247
Anterior mesoderm,Hypothalamus,5.550877770162299,-0.14732109531037305,-3.991811410399445,0.006375935104777108,0.02,667,765
Anterior mesoderm,Intermediate mesoderm,5.764456943809479,-0.12940178577171166,-3.931905479208299,0.0005249910358256224,0.02,667,1173
Anterior mesoderm,Juxtacardiac field,5.690810083837866,0.3178978453362162,5.610611918815432,0.011799877788170373,0.01,667,195
Anterior mesoderm,Midbrain,5.824428795486352,-0.17172973298303726,-5.706305263058552,0.004614226560844681,0.01,667,2940
Anterior mesoderm,Midgut,5.3777567075706125,0.021982935416832976,0.41157692699026693,0.0220840050748117,0.21,667,362
Anterior mesoderm,Nascent somite,5.7140510037435925,-0.09391267303004487,-2.803683780897039,0.00046389436923414745,0.06,667,1056
Anterior mesoderm,Notochord,5.332358045303638,-0.05293690972419481,-0.4120687603743196,0.02133270522813269,0.27,667,288
Anterior mesoderm,Olfactory placode,5.485085303834945,-0.06978951793279749,-1.6078475622929218,0.0016567950542002463,0.55,667,317
Anterior mesoderm,Otic placode,5.357882218195335,-0.10832073078123401,-1.5100932562005103,0.009625710376269756,0.95,667,246
Anterior mesoderm,Periocular mesoderm,5.757300729946849,0.376301705495169,7.558084478792748,0.029066169212480165,0.0,667,430
Anterior mesoderm,Pharyngeal endoderm,5.490127400894928,-0.050290986709042564,-1.6586151328693057,0.0073185288377687115,0.35,667,1138
Anterior mesoderm,Pharyngeal mesoderm,6.552729425984674,0.7904650087942473,24.709476771530877,0.013251483298036446,0.0,667,1100
Anterior mesoderm,Pre-placodal ectoderm,5.616167066614639,-0.1507236691680065,-4.020000254042597,0.0028027715079069074,0.01,667,1022
Anterior mesoderm,Prechordal plate,4.972077071070621,-0.09535113981386889,-0.842464467068425,0.014444745521025558,0.83,667,102
Anterior mesoderm,Presomitic mesoderm,5.873122117998882,-0.14930959902298913,-5.669997538110607,0.002516269976985953,0.06,667,3260
Anterior mesoderm,Roof plate,5.610227140560078,-0.10715422162963506,-2.492708559326932,0.004624177395019266,0.29,667,452
Anterior mesoderm,Sclerotome,5.885310990017448,0.09580433531093598,3.44965756487106,0.0202896178136244,0.53,667,1380
Anterior mesoderm,Second heart field,6.254577529849442,0.4053324756331822,13.768446374743013,0.01963019087991309,0.0,667,2711
Anterior mesoderm,Somatic mesoderm,5.934959834903921,-0.024885245490912016,-1.8943896076974387,0.023074014126912824,0.0,667,2147
Anterior mesoderm,Spinal cord (cervical),5.864786966597992,-0.12947591220022284,-4.293946398607745,0.002711150486357247,0.12,667,2173
Anterior mesoderm,Spinal cord (thoracic),5.870667887438113,-0.1696180089308689,-6.4794301346531284,0.011105297737243204,0.22,667,3492
Anterior mesoderm,Splanchnic mesoderm,5.962578202841281,-0.06759471934535692,-3.473100017759489,0.013296723058679962,0.2,667,4363
Anterior mesoderm,Surface ectoderm,5.650340360372287,-0.07217844122128862,-3.328362207139891,0.02957656362526371,0.01,667,1362
Anterior mesoderm,Telencephalon,5.8265329120350335,-0.1781492362395435,-6.869297963743624,0.0012184727375435238,0.0,667,4490
Anterior mesoderm,Trunk neural crest,4.516475867634842,-0.1907951951240691,-1.0539630527954413,0.08479949051789605,0.86,667,22
Anterior mesoderm,Vagal neural crest,5.314361853717793,-0.08794318658730453,-1.1185952307700466,0.005428016709983961,0.88,667,176
Arterial endothelial cell,Arterial endothelial cell,8.5,0.0,0.0,0.0,1.0,149,149
Arterial endothelial cell,Axial progenitor,5.458962956619396,-0.15905457496969552,-3.050165644561132,0.0005490121613811285,0.21,149,1269
Arterial endothelial cell,Cranial neural crest,5.455205306480352,-0.1732050258013471,-2.618968880890779,0.0036269830438178017,0.07,149,3667
Arterial endothelial cell,Dermomyotome,5.440774318993434,-0.2084411019378448,-3.496312767210514,0.007859369851441683,0.0,149,2561
Arterial endothelial cell,Diencephalon,4.954027847742701,-0.21823839173704082,-2.012688748072657,0.024412403949351503,0.36,149,169
Arterial endothelial cell,Endocardial cell,5.365974221469572,0.3018154573571901,3.46210215312619,0.04215333468853531,0.25,149,151
Arterial endothelial cell,Endothelial cell,5.31431584231403,0.31986980886119404,3.571057909198531,0.01694662885720186,0.63,149,116
Arterial endothelial cell,Endothelial progenitor,5.743362664984794,0.12321766718030573,2.609205555790568,0.02987470554322715,0.48,149,1091
Arterial endothelial cell,Epibranchial placode,5.050948716171026,-0.09339170289063829,-0.8137549483395995,0.01199802519081777,0.7,149,330
Arterial endothelial cell,Extraembryonic mesoderm,5.37882221175209,0.17260967878597158,1.951850216835533,0.07857469646873022,0.02,149,556
Arterial endothelial cell,Eye field,4.99691892760429,-0.15119860215301748,-1.9493660558271781,0.008153921627386455,0.74,149,146
Arterial endothelial cell,First heart field,5.443190381443987,0.14946302862718794,2.353553461343244,0.0010641047261063408,0.24,149,704
Arterial endothelial cell,Floor plate,5.214587328181836,-0.16388134129609563,-2.6061654515812798,0.010007599872549353,0.44,149,957
Arterial endothelial cell,Foregut,4.949393857455868,-0.14971607420580746,-2.3695388179787056,0.002914991809746547,0.16,149,477
Arterial endothelial cell,Frontonasal mesenchyme,4.9942089277813615,-0.04022523810906575,0.23759623971567423,0.062150144580308896,0.16,133,57
Arterial endothelial cell,Head paraxial mesoderm,5.676833744008551,0.10615909889268889,1.131662018670843,0.020671137166553943,0.74,149,3441
Arterial endothelial cell,Hindbrain (isthmic organizer),5.367836427439163,-0.28009689257964077,-4.930364379297205,0.0007549848851375362,0.01,149,1531
Arterial endothelial cell,Hindbrain (r1),5.376506840630415,-0.2966394049273318,-5.370252767711499,0.006245366621024444,0.0,149,2128
Arterial endothelial cell,Hindbrain (r2-r4),5.424122943753118,-0.2790919856995355,-4.9705997974521905,0.00400366772949476,0.0,149,2189
Arterial endothelial cell,Hindbrain (r5-r8),5.406066437365735,-0.25306319269438227,-4.000395594915136,0.001984139193648502,0.02,149,1457
Arterial endothelial cell,Hindgut,4.917457768547695,-0.03831436645293085,-0.19033967175404598,0.014025673290266688,0.58,149,247
Arterial endothelial cell,Hypothalamus,5.158233465712834,-0.24704569633742324,-3.5190180830296973,0.004431850316489669,0.18,149,765
Arterial endothelial cell,Intermediate mesoderm,5.376836225273021,-0.2174482762670452,-3.833094130483372,0.0011045353485339604,0.01,149,1173
Arterial endothelial cell,Juxtacardiac field,5.063428300454034,-0.017609932272897904,0.8213148358551351,0.07100951427756516,0.14,149,195
Arterial endothelial cell,Midbrain,5.331934974356886,-0.37310028250103944,-7.116479991021218,0.0027359855640089257,0.0,149,2940
Arterial endothelial cell,Midgut,5.062697509290928,0.0018036461020599266,-0.14933665132611088,0.029119266793603212,0.86,149,362
Arterial endothelial cell,Nascent somite,5.250644470677982,-0.26040140785606763,-4.139576904002397,0.01180587105061678,0.0,149,1056
Arterial endothelial cell,Notochord,4.976585046048935,-0.09594082496592608,-1.785428523293479,0.03268258731761636,0.58,149,288
Arterial endothelial cell,Olfactory placode,5.229548073743793,-0.028574863238048327,-0.6772178305668209,0.010401394679276081,0.89,149,317
Arterial endothelial cell,Otic placode,5.092961902381025,-0.07298981838523814,-0.627970298800266,0.011538378152763108,0.53,149,246
Arterial endothelial cell,Periocular mesoderm,5.21711099783856,0.129805764415174,1.5549372076805918,0.01792347717949356,0.77,149,430
Arterial endothelial cell,Pharyngeal endoderm,5.067544779945167,-0.17424242206148458,-2.8817563892565765,0.006123185160643205,0.12,149,1138
Arterial endothelial cell,Pharyngeal mesoderm,5.6982423746979585,0.23834314345600185,4.286637537893424,0.004496759800451151,0.08,149,1100
Arterial endothelial cell,Pre-placodal ectoderm,5.384397031383156,-0.08709601684724048,-1.3101767045244728,0.0009432907399615986,0.39,149,1022
Arterial endothelial cell,Prechordal plate,4.634661458752777,-0.132128379445933,-0.36620928886087345,0.06879594963811732,0.48,149,102
Arterial endothelial cell,Presomitic mesoderm,5.507042908290674,-0.22761314033715893,-4.466341552699274,0.0025706072443422183,0.0,149,3260
Arterial endothelial cell,Roof plate,5.197505259041341,-0.21919354920378856,-2.990400269225938,0.005112094085698411,0.02,149,452
Arterial endothelial cell,Sclerotome,5.357462823244116,-0.1300153023375709,-2.6269698446909016,0.018732617095294286,0.8,149,1380
Arterial endothelial cell,Second heart field,5.970872937244972,0.42879558782470983,8.84736682477096,0.007976908734246715,0.0,149,2711
Arterial endothelial cell,Somatic mesoderm,5.694459010428048,0.029736393354766893,0.9249572237755924,0.012080428880299266,0.28,149,2147
Arterial endothelial cell,Spinal cord (cervical),5.368634443686211,-0.3304982678275801,-5.948485609217137,0.00033615648236178035,0.0,149,2173
Arterial endothelial cell,Spinal cord (thoracic),5.480843166552876,-0.26367618913646257,-5.018024745680287,0.0010356352561648927,0.02,149,3492
Arterial endothelial cell,Splanchnic mesoderm,5.861889358925527,0.1320122728220845,2.471711592006509,0.0002668450862253577,0.25,149,4363
Arterial endothelial cell,Surface ectoderm,5.488908388385631,0.05736263576032593,0.6095428382617304,0.003367341425838248,0.88,149,1362
Arterial endothelial cell,Telencephalon,5.369775388580322,-0.3337592766058899,-5.919313105855449,0.0012245347639394982,0.0,149,4490
Arterial endothelial cell,Trunk neural crest,4.194194606063545,-0.2261708510967515,-1.206503076983922,0.0007128288062042893,0.43,149,22
Arterial endothelial cell,Vagal neural crest,4.897627186733901,-0.20144069771980386,-2.145606623633906,0.004107708961176446,0.25,149,176
Axial progenitor,Axial progenitor,8.5,0.0,0.0,0.0,1.0,1269,1269
Axial progenitor,Cranial neural crest,6.277801428150447,0.09756076871669113,4.57040692409412,0.002723502122617253,0.01,1269,3667
Axial progenitor,Dermomyotome,6.173620519889195,-0.02084043365928216,-1.0624868140331656,0.00023467361311411912,0.82,1269,2561
Axial progenitor,Diencephalon,5.654916572137965,-0.0668401341206885,-0.33226847592023717,0.04249143163429241,0.96,1269,169
Axial progenitor,Endocardial cell,5.3850506714416655,-0.22908879096300053,-3.713427648279259,0.008244874911607884,0.0,1269,151
Axial progenitor,Endothelial cell,5.458875113358586,-0.07169521459349977,-1.3459279631123797,0.003801440520771313,1.0,1269,116
Axial progenitor,Endothelial progenitor,6.018145796445808,-0.1564392863147391,-5.762574246714884,0.0010458940316249246,0.0,1269,1091
Axial progenitor,Epibranchial placode,5.639563177472463,-0.04512576599259225,-1.8435114372892467,0.012542987015421773,0.51,1269,330
Axial progenitor,Extraembryonic mesoderm,5.4865350406502,-0.25464158451270613,-7.084064297036623,0.006734742775018398,0.0,1269,556
Axial progenitor,Eye field,5.763794029210984,0.0531144040668489,0.741151614226457,0.0041083325295303945,0.82,1269,146
Axial progenitor,First heart field,5.609587920317594,-0.23300311375670577,-7.4751045682281685,0.0053178230549639285,0.0,1269,704
Axial progenitor,Floor plate,5.978916464945516,0.05073535811442772,2.0001134832950753,0.020569539226558034,0.01,1269,957
Axial progenitor,Foregut,5.456779754082839,-0.19132468367112399,-5.960298604042149,0.02052037663606676,0.01,1269,477
Axial progenitor,Frontonasal mesenchyme,5.284428109318685,-0.18746482431914524,-0.8397717280833035,0.10670148669313065,0.34,1037,57
Axial progenitor,Head paraxial mesoderm,6.020778831066285,-0.10016980946453202,-5.314950074122501,0.0033789350277684408,0.35,1269,3441
Axial progenitor,Hindbrain (isthmic organizer),6.21317568705782,0.019324361940157964,0.7395488420919816,0.003748449795270882,0.92,1269,1531
Axial progenitor,Hindbrain (r1),6.266545466500568,0.044990101732735134,2.321146396176125,0.0017255668515303497,0.9,1269,2128
Axial progenitor,Hindbrain (r2-r4),6.3798621756335905,0.12840025880632636,5.585872656417172,0.0019068342934490117,0.0,1269,2189
Axial progenitor,Hindbrain (r5-r8),6.356973572969014,0.14856483085255867,5.5780136103501405,0.0012950510051580929,0.0,1269,1457
Axial progenitor,Hindgut,5.167379013975279,-0.32984792362568793,-6.312367448537162,0.024089478045195543,0.0,1269,247
Axial progenitor,Hypothalamus,5.9507758368947945,-0.004865570107028224,-0.5065434952459817,0.007418591826888485,0.25,1269,765
Axial progenitor,Intermediate mesoderm,6.289376539073086,0.14547955950248692,5.695551104025,0.0016258565168569732,0.0,1269,1173
Axial progenitor,Juxtacardiac field,5.324036329052922,-0.3048501554144772,-4.6767736195389356,0.033110146494012706,0.0,1269,195
Axial progenitor,Midbrain,6.308528993564053,0.05416959731367843,2.351898119231633,0.0012544184471419376,0.16,1269,2940
Axial progenitor,Midgut,5.360580436083854,-0.24964640657494375,-5.757071092448729,0.024077301581490226,0.0,1269,362
Axial progenitor,Nascent somite,6.176218821121075,0.11375769324639211,4.219205364901113,0.0009360409876669435,0.0,1269,1056
Axial progenitor,Notochord,5.508726875411452,-0.12933827881413298,-3.274093572941846,0.01373504002362712,1.0,1269,288
Axial progenitor,Olfactory placode,5.844427495921799,0.029385999197752827,0.26320055681390636,0.012099676761148167,0.56,1269,317
Axial progenitor,Otic placode,5.781684646577584,0.05832487490453827,0.9779408714347738,0.002321311695848077,0.94,1269,246
Axial progenitor,Periocular mesoderm,5.460245402948957,-0.17930164700374687,-5.376153267635093,0.015634716160806056,0.36,1269,430
Axial progenitor,Pharyngeal endoderm,5.589032619661154,-0.2065324290260747,-7.533627901540505,0.01134547918250636,0.0,1269,1138
Axial progenitor,Pharyngeal mesoderm,5.820912418771877,-0.19166111431367602,-7.248062623043339,0.006568848261918328,0.03,1269,1100
Axial progenitor,Pre-placodal ectoderm,6.030209643377556,0.0057955483980907845,-0.2748640845365067,0.005661778201294858,0.62,1269,1022
Axial progenitor,Prechordal plate,5.195186121301845,-0.12159713559200706,-2.5070443510884606,0.04453537376930377,0.35,1269,102
Axial progenitor,Presomitic mesoderm,6.912508871934492,0.6322821160935232,29.94894808897727,0.003540968156564184,0.0,1269,3260
Axial progenitor,Roof plate,6.154258519202141,0.18448735819807136,5.057650801835873,0.00010182281287082138,0.0,1269,452
Axial progenitor,Sclerotome,5.986335120602095,-0.05418165669023297,-2.308844350728185,0.0020176809893680436,0.61,1269,1380
Axial progenitor,Second heart field,5.911026313575559,-0.1911775075132874,-9.19096649338833,0.001790959019685493,0.0,1269,2711
Axial progenitor,Somatic mesoderm,6.164194583457141,-0.051189501833759365,-2.759057689574917,0.003978748216456317,0.54,1269,2147
Axial progenitor,Spinal cord (cervical),6.511817019609541,0.2655725594408409,10.810140383706445,0.009755723867629844,0.0,1269,2173
Axial progenitor,Spinal cord (thoracic),7.0566993148142165,0.7660687437601368,37.29672184919753,0.004480491305667166,0.0,1269,3492
Axial progenitor,Splanchnic mesoderm,6.244593506915695,-0.04253838146703378,-2.365405807974465,0.0018362512877870447,0.87,1269,4363
Axial progenitor,Surface ectoderm,5.989781431859806,0.014178589210635492,0.7349401802966197,0.0018247189438628398,0.48,1269,1362
Axial progenitor,Telencephalon,6.276867325582484,0.02104997841247395,0.7725542696654655,0.00070545215481461,0.6,1269,4490
Axial progenitor,Trunk neural crest,5.129183745196826,0.16226916463085642,0.8543797353770034,0.13463897046116402,0.67,1269,22
Axial progenitor,Vagal neural crest,5.816464252559016,0.15250330599741582,2.8768065934021507,0.007101040878090297,0.49,1269,176
Cranial neural crest,Cranial neural crest,8.5,0.0,0.0,0.0,1.0,3667,3667
Cranial neural crest,Dermomyotome,6.0490292486562645,-0.1610710037977364,-10.337011120576763,0.0010856095846419828,0.0,3667,2561
Cranial neural crest,Diencephalon,5.870763001075811,0.14652496476773655,2.8453695377136494,0.01026923465420344,0.48,3667,169
Cranial neural crest,Endocardial cell,5.376821935783501,-0.245636234317975,-4.1796788693648566,0.001241559460698453,0.01,3667,151
Cranial neural crest,Endothelial cell,5.4961294404476435,-0.05075885234471637,-1.2072773508208596,0.008179028497881234,0.62,3667,116
Cranial neural crest,Endothelial progenitor,6.114981019073016,-0.07332949389776171,-3.969720416595909,0.003448797778073851,0.87,3667,1091
Cranial neural crest,Epibranchial placode,5.927726026862402,0.2271150264451327,4.681312802062889,0.025901251669920904,0.04,3667,330
Cranial neural crest,Extraembryonic mesoderm,5.4736362361728155,-0.2892687610513714,-7.711556061252335,0.02277886397843848,0.0,3667,556
Cranial neural crest,Eye field,6.011141498490773,0.285662174972846,5.242024258693005,0.018981239542188773,0.02,3667,146
Cranial neural crest,First heart field,5.5521594866662705,-0.3060104116594857,-10.537046096263014,0.004161406108409315,0.0,3667,704
Cranial neural crest,Floor plate,5.627256730237101,-0.31762983369949715,-11.957901442781008,0.031232625556063633,0.0,3667,957
Cranial neural crest,Foregut,5.358240752806544,-0.30220751749173463,-8.483399462404037,0.03910141718603088,0.0,3667,477
Cranial neural crest,Frontonasal mesenchyme,6.465944592477129,0.9916019113678938,13.576120313119747,0.010552616204856629,0.0,3007,57
Cranial neural crest,Head paraxial mesoderm,5.919352785975682,-0.21753677817195735,-14.215235264505246,0.0030151904932986646,0.0,3667,3441
Cranial neural crest,Hindbrain (isthmic organizer),6.492229831265877,0.28458782838894364,15.237099340007768,0.008015545807873682,0.0,3667,1531
Cranial neural crest,Hindbrain (r1),6.406421799717183,0.16720301857628161,10.214411936065629,0.0029383495582957562,0.0,3667,2128
Cranial neural crest,Hindbrain (r2-r4),6.469058503725535,0.2009548992407814,12.156919218252654,0.00887759696899101,0.0,3667,2189
Cranial neural crest,Hindbrain (r5-r8),6.273291356241248,0.048811900647618124,1.9411797560002257,0.003063750340365077,0.58,3667,1457
Cranial neural crest,Hindgut,5.1351130730567816,-0.37194126783277576,-8.207657627125139,0.04389336157674315,0.0,3667,247
Cranial neural crest,Hypothalamus,5.711137422288424,-0.25628402874540007,-8.45871067587248,0.013484578402223859,0.0,3667,765
Cranial neural crest,Intermediate mesoderm,6.191042187608473,0.030748369889880205,1.134034917071491,0.0007477402198769714,0.45,3667,1173
Cranial neural crest,Juxtacardiac field,5.264764719542125,-0.37418567327490493,-5.660582351277616,0.09249046156977399,0.0,3667,195
Cranial neural crest,Midbrain,6.509612302449871,0.2414402337552568,13.94943495346054,0.0035135878266729682,0.0,3667,2940
Cranial neural crest,Midgut,5.28480286595022,-0.3374695469070996,-8.408376058654673,0.04053214414457664,0.0,3667,362
Cranial neural crest,Nascent somite,5.894209178489786,-0.18014395179043627,-6.932319340699255,0.0104228484041467,0.0,3667,1056
Cranial neural crest,Notochord,5.2903237419148645,-0.3586074650070253,-7.8677473185689,0.05388571183645413,0.0,3667,288
Cranial neural crest,Olfactory placode,6.301444129141107,0.47358444449964576,12.924460821548438,0.00644731784270996,0.0,3667,317
Cranial neural crest,Otic placode,6.171255618217181,0.43482580631086964,8.643461358601277,0.029370829604185033,0.0,3667,246
Cranial neural crest,Periocular mesoderm,5.3897595513427845,-0.26362418250546477,-6.461407266815686,0.04428618691414509,0.13,3667,430
Cranial neural crest,Pharyngeal endoderm,5.513436964193327,-0.2931554728990884,-12.960503746595009,0.024860001751145736,0.0,3667,1138
Cranial neural crest,Pharyngeal mesoderm,5.8380852011949,-0.1881525688772833,-8.532766965480489,0.004067079689242961,0.0,3667,1100
Cranial neural crest,Pre-placodal ectoderm,6.702649909490137,0.667472182123236,26.04600010766116,0.033459388043746256,0.0,3667,1022
Cranial neural crest,Prechordal plate,5.08316289450259,-0.24187938300604403,-3.9506588357566854,0.0014171305851641762,0.0,3667,102
Cranial neural crest,Presomitic mesoderm,6.301905211496586,0.008402309865812363,0.9880783207581866,0.001954895893640949,0.16,3667,3260
Cranial neural crest,Roof plate,6.50077473794724,0.5157839136017968,14.483584309335413,0.01485067861530922,0.0,3667,452
Cranial neural crest,Sclerotome,5.881394047716587,-0.17365693715162353,-8.39530984729358,0.001699822291741562,0.0,3667,1380
Cranial neural crest,Second heart field,5.936547806025634,-0.17701333079293669,-11.266100310756052,0.0004113634711210052,0.0,3667,2711
Cranial neural crest,Somatic mesoderm,6.260257746896612,0.030349486129451247,-0.12576380888458719,0.020584037186984427,0.32,3667,2147
Cranial neural crest,Spinal cord (cervical),6.3131381155123565,0.05206062990784529,2.8634821995050665,0.0005468501796022576,0.14,3667,2173
Cranial neural crest,Spinal cord (thoracic),6.382542763722461,0.07592901684081592,4.512857671837961,0.0023816042852038005,0.1,3667,3492
Cranial neural crest,Splanchnic mesoderm,6.364372930728272,0.06146780180641335,2.8673349871799516,0.009621002448605661,0.6,3667,4363
Cranial neural crest,Surface ectoderm,6.313931049677037,0.32070580163869167,13.757033846745655,0.021315391019519448,0.0,3667,1362
Cranial neural crest,Telencephalon,6.676914535577649,0.40779136459539106,28.407380643565457,0.0063043639283392105,0.0,3667,4490
Cranial neural crest,Trunk neural crest,5.286780782561213,0.3080802730548357,2.041426074394486,0.0006414973995526836,0.15,3667,22
Cranial neural crest,Vagal neural crest,6.249228062642665,0.5763190377195064,9.38772741592297,0.05448289006146952,0.0,3667,176
Dermomyotome,Dermomyotome,8.5,0.0,0.0,0.0,1.0,2561,2561
Dermomyotome,Diencephalon,5.709492888991043,-0.03659777013003188,-0.9555881981518736,0.0037551509121851834,0.89,2561,169
Dermomyotome,Endocardial cell,5.39601449672467,-0.2574961059277359,-4.129994263761342,0.013533340958473276,0.0,2561,151
Dermomyotome,Endothelial cell,5.570032124142165,0.014947782577323801,-0.5687011017934106,0.02839115915797837,0.27,2561,116
Dermomyotome,Endothelial progenitor,6.395318944770865,0.1899736534997333,8.11232496741583,0.00035367292245434,0.0,2561,1091
Dermomyotome,Epibranchial placode,5.499812481739077,-0.22273156934464802,-6.372049220134457,0.01053910354169499,0.12,2561,330
Dermomyotome,Extraembryonic mesoderm,5.533628938490813,-0.24160874044623615,-7.474909867000762,0.0008900558944109401,0.0,2561,556
Dermomyotome,Eye field,5.628200617257806,-0.12154648046092358,-2.751834466031637,0.016472169320884366,0.99,2561,146
Dermomyotome,First heart field,5.661011815082856,-0.20826151295238718,-7.138931158063984,0.002145510556652756,0.0,2561,704
Dermomyotome,Floor plate,5.92973865186795,-0.02602023333889658,-0.404511142534223,0.013414553907010403,0.22,2561,957
Dermomyotome,Foregut,5.4158846828316625,-0.26187570614511263,-7.999457527054372,0.005371907382113184,0.0,2561,477
Dermomyotome,Frontonasal mesenchyme,5.434287422798755,-0.05534631076231289,-0.5262572541483188,0.0026717332378071727,0.75,1995,57
Dermomyotome,Head paraxial mesoderm,6.573442790580608,0.42046906417185603,24.630072432989916,0.005018009273913603,0.0,2561,3441
Dermomyotome,Hindbrain (isthmic organizer),6.171411080248389,-0.051027019783570715,-2.7480326359503287,0.006735213288013349,0.39,2561,1531
Dermomyotome,Hindbrain (r1),6.137677338673449,-0.11558511213360874,-6.1439637623601575,4.884892852932117e-05,0.0,2561,2128
Dermomyotome,Hindbrain (r2-r4),6.205048533715704,-0.07823186588002014,-4.503078171477796,0.00011413578617321722,0.0,2561,2189
Dermomyotome,Hindbrain (r5-r8),6.140728607720768,-0.09732024572875364,-4.590043810063237,0.0008277677821296978,0.01,2561,1457
Dermomyotome,Hindgut,5.141895882754681,-0.3858658069739939,-8.042578165992094,0.04523739258407956,0.0,2561,247
Dermomyotome,Hypothalamus,5.923742806994947,-0.05937188234442855,-2.105706395096417,0.0017468319414707231,0.5,2561,765
Dermomyotome,Intermediate mesoderm,6.493785884840527,0.31690050671408115,14.911365306672224,0.005999074041829447,0.0,2561,1173
Dermomyotome,Juxtacardiac field,5.431480946272937,-0.22111170656104484,-3.6591841497436715,0.03197530359088108,0.17,2561,195
Dermomyotome,Midbrain,6.1724269581380495,-0.11080266429239109,-6.426241311993817,0.00029422001866510243,0.0,2561,2940
Dermomyotome,Midgut,5.352324318052638,-0.2906642534164116,-7.1964054019626404,0.018741432853053807,0.0,2561,362
Dermomyotome,Nascent somite,6.498351370886763,0.4071509567037124,18.748266140061844,0.0009952782359257467,0.0,2561,1056
Dermomyotome,Notochord,5.66984854490419,0.009457887984902177,0.47147520480814126,0.004148592673203171,0.34,2561,288
Dermomyotome,Olfactory placode,5.667813205013548,-0.170861720431275,-4.077424641522969,0.0008328881555405134,0.01,2561,317
Dermomyotome,Otic placode,5.636090624433788,-0.11438563952091367,-3.356726832114621,0.016546316120200612,0.76,2561,246
Dermomyotome,Periocular mesoderm,5.61153190697864,-0.059478031467425474,-2.2261714704666615,0.00865942230471062,0.57,2561,430
Dermomyotome,Pharyngeal endoderm,5.608474070231336,-0.21457603872894873,-8.563604863453705,0.017299580788558293,0.0,2561,1138
Dermomyotome,Pharyngeal mesoderm,6.133487136043236,0.09117979975242552,4.529012280171902,0.0012849874688446023,0.09,2561,1100
Dermomyotome,Pre-placodal ectoderm,5.853304012759129,-0.20163440347663522,-9.107856097906774,0.001073946801546238,0.0,2561,1022
Dermomyotome,Prechordal plate,5.201734834444023,-0.13262120579614933,-1.387922812347063,0.024444599498200797,1.0,2561,102
Dermomyotome,Presomitic mesoderm,6.395374977783011,0.08567061974241892,5.362726746658761,0.0011228338239229773,0.0,2561,3260
Dermomyotome,Roof plate,5.952760412296322,-0.05063924316547356,-1.692729650777358,0.0019288242458404847,1.0,2561,452
Dermomyotome,Sclerotome,7.035895329008423,0.9640764952077884,44.146346555818916,0.0050747029663393405,0.0,2561,1380
Dermomyotome,Second heart field,6.093400333937116,-0.0364105788064748,-2.2725418326342672,8.813705906165505e-05,0.13,2561,2711
Dermomyotome,Somatic mesoderm,6.572842372617633,0.32997582187647484,18.012871725803695,0.0031484599908187987,0.0,2561,2147
Dermomyotome,Spinal cord (cervical),6.266248243358558,-0.011141061375155026,-1.0298450361721883,0.005289947934184063,0.01,2561,2173
Dermomyotome,Spinal cord (thoracic),6.325498490949198,0.002525836589903463,0.34441863839186376,0.0007364545044076421,0.59,2561,3492
Dermomyotome,Splanchnic mesoderm,6.338298332482498,0.02010932917562691,0.6442821552120208,0.005331336902930758,0.68,2561,4363
Dermomyotome,Surface ectoderm,5.799998901685863,-0.20615934705553082,-9.681654566309376,0.007438274172710365,0.0,2561,1362
Dermomyotome,Telencephalon,6.160885298643465,-0.12168095497311023,-7.5814150169125964,7.058532464620887e-05,0.0,2561,4490
Dermomyotome,Trunk neural crest,4.950830512000388,-0.03714393925104146,-0.39755368897539595,0.017928976085063664,0.5,2561,22
Dermomyotome,Vagal neural crest,5.586721301225041,-0.10421071454711879,-2.0885201243782046,0.0012770644483649598,0.32,2561,176
Diencephalon,Diencephalon,8.5,0.0,0.0,0.0,1.0,169,169
Diencephalon,Endocardial cell,5.064486378106682,-0.11118768458757373,-1.470890850895848,0.0030046356390330325,0.74,169,151
Diencephalon,Endothelial cell,4.79003341203132,-0.2837312923072286,-2.679248718687152,0.0008442172200621657,0.24,169,116
Diencephalon,Endothelial progenitor,5.507339560538547,-0.22224527141893002,-3.7091455397290303,0.01868144047921845,0.09,169,1091
Diencephalon,Epibranchial placode,4.971229600484249,-0.2734503085784592,-2.921131976607851,0.03475257760561094,0.14,169,330
Diencephalon,Extraembryonic mesoderm,5.030300133674603,-0.2562899478793564,-3.710401631015465,0.02687439126354604,0.23,169,556
Diencephalon,Eye field,5.531443694374917,0.27400786744183997,3.278050585801022,0.011312739391201112,0.28,169,146
Diencephalon,First heart field,5.232673577880724,-0.15828342071407123,-2.56199631644404,0.007965882070689214,0.29,169,704
Diencephalon,Floor plate,5.645833313082726,0.16511394689456024,2.3919456585138246,0.022750260129131342,0.52,169,957
Diencephalon,Foregut,5.117089523711241,-0.07219189754781426,-1.577730412497023,0.009078164711709531,0.99,169,477
Diencephalon,Frontonasal mesenchyme,4.89744312039579,-0.19148455624542304,-1.322369359225354,0.036694974829471,0.48,143,57
Diencephalon,Head paraxial mesoderm,5.565862189549314,-0.10260876799279679,-1.9160464444516634,0.00600546284190444,0.89,169,3441
Diencephalon,Hindbrain (isthmic organizer),6.165471654716456,0.4227133748542462,8.44729864938455,0.025253760491717292,0.01,169,1531
Diencephalon,Hindbrain (r1),6.108991098791705,0.33624729180628005,6.174226023918846,0.0005690181088712333,0.0,169,2128
Diencephalon,Hindbrain (r2-r4),5.99447025968876,0.1910142307371482,3.8055474725073553,0.002223394632280342,0.03,169,2189
Diencephalon,Hindbrain (r5-r8),5.866267127114675,0.10391195003133102,1.8057973599760377,0.0006522236864043449,0.19,169,1457
Diencephalon,Hindgut,4.83540698859947,-0.2077197331523326,-2.202904862819976,0.07582183380106547,0.48,169,247
Diencephalon,Hypothalamus,5.8800110565272865,0.37034292094100074,5.922302092951246,0.001743540343083452,0.0,169,765
Diencephalon,Intermediate mesoderm,5.678985461339738,-0.017558242930837704,-0.18346642994812537,0.0010224693369751082,0.64,169,1173
Diencephalon,Juxtacardiac field,4.983406923094298,-0.19427520484660862,-1.694892484409519,0.03289625141533697,0.23,169,195
Diencephalon,Midbrain,6.5284787026355415,0.7250140830154915,14.059417972429413,0.021176534575527216,0.0,169,2940
Diencephalon,Midgut,4.98308184023671,-0.17630622303170748,-2.0369377798797648,0.0489274140758928,0.45,169,362
Diencephalon,Nascent somite,5.624129258890096,0.01642074435736814,0.2903761953588324,0.0006166329528341463,0.91,169,1056
Diencephalon,Notochord,5.184811108634434,0.0021765853715122554,-0.016651089167444844,0.005249296791421906,0.83,169,288
Diencephalon,Olfactory placode,5.340010386131605,-0.024517825380282982,0.16869357507112373,0.025798706552732364,0.78,169,317
Diencephalon,Otic placode,5.108259522615096,-0.17112200166966515,-1.4883997460445861,0.039527090116733415,0.67,169,246
Diencephalon,Periocular mesoderm,5.238815623642297,0.05540873856537232,-0.34025514578757415,0.054698446173102246,0.89,169,430
Diencephalon,Pharyngeal endoderm,5.260105475410472,-0.08397475212048662,-1.4112563923568366,6.461968048483933e-05,0.34,169,1138
Diencephalon,Pharyngeal mesoderm,5.407052170114139,-0.1540494869872274,-2.8858806571314557,0.0024296418752392255,0.19,169,1100
Diencephalon,Pre-placodal ectoderm,5.5703554378919025,9.925837772861712e-05,0.027732071952767095,0.0051167420948349095,0.76,169,1022
Diencephalon,Prechordal plate,4.685607921455488,-0.16838256195335463,-1.280360453428947,0.03116524816048103,0.65,169,102
Diencephalon,Presomitic mesoderm,5.752760607062426,-0.072400894348851,-1.0899370970366646,0.006882683770859053,0.85,169,3260
Diencephalon,Roof plate,5.5577357711823145,0.04504954552399454,0.4540172141707364,0.011583917794768894,0.59,169,452
Diencephalon,Sclerotome,5.562861318904848,-0.028604818099067526,-0.7382303931412646,0.005364155425244584,0.91,169,1380
Diencephalon,Second heart field,5.4251365733442585,-0.2205267613126963,-4.339183585592679,0.0009365723973635627,0.01,169,2711
Diencephalon,Somatic mesoderm,5.570508074936682,-0.18881412097601924,-3.0061027356869694,0.006152941725462769,0.02,169,2147
Diencephalon,Spinal cord (cervical),5.959723982635758,0.15827273135886907,2.8670719795209068,0.001758962049168879,0.08,169,2173
Diencephalon,Spinal cord (thoracic),5.903116344718156,0.05982862559393561,1.181479942224799,0.0004423137966106811,0.42,169,3492
Diencephalon,Splanchnic mesoderm,5.63337522112266,-0.20561841858624094,-4.051405522907297,0.00160437943346951,0.0,169,4363
Diencephalon,Surface ectoderm,5.428783269432454,-0.09976169161707264,-1.6877892158415007,0.004971043464871275,0.78,169,1362
Diencephalon,Telencephalon,6.5667882035392395,0.7563945997803513,13.522208617804163,0.01928636275460361,0.0,169,4490
Diencephalon,Trunk neural crest,4.583958517482557,0.06811911933523825,0.039343759673610645,0.04139862002399388,0.67,169,22
Diencephalon,Vagal neural crest,5.122665467106823,-0.0899948808786452,-0.26388397463898594,0.06534661784588375,0.58,169,176
Endocardial cell,Endocardial cell,8.5,0.0,0.0,0.0,1.0,151,151
Endocardial cell,Endothelial cell,5.252633592828897,0.2537315592392175,2.7104799079623056,0.049787163623052896,0.5,151,116
Endocardial cell,Endothelial progenitor,5.506799527912299,-0.1227917276956368,-2.2016485173183864,0.007829684077543123,0.58,151,1091
Endocardial cell,Epibranchial placode,5.0879884267979545,-0.06401509397500475,-1.1739831791958748,0.009458103822352236,0.75,151,330
Endocardial cell,Extraembryonic mesoderm,5.538632196752915,0.3354451344095504,5.706147070174469,0.02019295611779851,0.04,151,556
Endocardial cell,Eye field,5.112500450775049,-0.07014418455581535,-0.8345015571340847,0.007512151069094718,0.79,151,146
Endocardial cell,First heart field,6.02871183219251,0.7309288622729951,12.183791926487821,0.031369520979620646,0.0,151,704
Endocardial cell,Floor plate,5.338983501962303,-0.04630496158811859,-0.5554117578099342,0.02416591574030119,0.08,151,957
Endocardial cell,Foregut,5.226815224961143,0.12329583077925695,1.8080727938940875,0.00859885993843923,0.65,151,477
Endocardial cell,Frontonasal mesenchyme,4.81167896146874,-0.2031691852155304,-1.715989437085188,0.013635535671410461,0.11,129,57
Endocardial cell,Head paraxial mesoderm,5.525351234988942,-0.05769686455750467,-0.6784485334901359,0.019571019154944934,0.25,151,3441
Endocardial cell,Hindbrain (isthmic organizer),5.375529000791592,-0.2728257904230252,-4.399663087687409,0.006118864351774879,0.0,151,1531
Endocardial cell,Hindbrain (r1),5.4079756749997765,-0.2767068640904891,-4.467009332512394,0.03573476972814083,0.0,151,2128
Endocardial cell,Hindbrain (r2-r4),5.45158654202774,-0.26252526502984086,-4.261490210412984,0.022724411376310944,0.01,151,2189
Endocardial cell,Hindbrain (r5-r8),5.4372474093860985,-0.22755937236452942,-3.408746768476089,0.01345592100722536,0.01,151,1457
Endocardial cell,Hindgut,5.14383034630507,0.19971683624329165,2.3681962076193086,0.005134582852167047,0.07,151,247
Endocardial cell,Hypothalamus,5.279278785424694,-0.13252387172927063,-1.7377143120613487,0.0032565639969160238,0.21,151,765
Endocardial cell,Intermediate mesoderm,5.292558218924934,-0.3093067547813672,-4.632236143905424,0.021261589214828153,0.0,151,1173
Endocardial cell,Juxtacardiac field,5.171107714774011,0.08122203937980021,2.260953144128493,0.1282743185997522,0.05,151,195
Endocardial cell,Midbrain,5.421436226283827,-0.28350838890015534,-5.0212131788711725,0.004174544875576674,0.0,151,2940
Endocardial cell,Midgut,5.171483517374293,0.10527111961000202,1.772506015012237,0.011915347242367846,0.8,151,362
Endocardial cell,Nascent somite,5.264052683870414,-0.25229699587036364,-3.4386803463047357,0.07459744388991728,0.23,151,1056
Endocardial cell,Notochord,5.180148081309792,0.0859924414362044,2.6466154435260263,0.14277736022573473,0.1,151,288
Endocardial cell,Olfactory placode,5.108343020673912,-0.16039985437924612,-2.6679938350548476,0.012264576085673032,0.67,151,317
Endocardial cell,Otic placode,5.062059657522557,-0.12221989362089343,-1.9231480468736966,0.014665085307465107,0.91,151,246
Endocardial cell,Periocular mesoderm,5.351988590082581,0.26304724370521865,3.43488494755643,0.04874599325987766,0.32,151,430
Endocardial cell,Pharyngeal endoderm,5.3663005062459375,0.11768811703356115,2.4407799639571492,0.01264567181872103,0.91,151,1138
Endocardial cell,Pharyngeal mesoderm,5.57640686427996,0.10458996405632022,1.802759339088227,8.77423443499054e-05,0.17,151,1100
Endocardial cell,Pre-placodal ectoderm,5.292305213563203,-0.18074900241146233,-2.7446312775711124,0.012842601743361597,0.27,151,1022
Endocardial cell,Prechordal plate,4.9138058458602805,0.1471130413423909,1.941487389382875,0.030946278031331417,0.96,151,102
Endocardial cell,Presomitic mesoderm,5.418563488447607,-0.3216413639213937,-5.9035485864013175,0.03123591811362549,0.0,151,3260
Endocardial cell,Roof plate,5.308017875315107,-0.11460155764533653,-1.839472200936191,0.0021239181891139587,0.52,151,452
Endocardial cell,Sclerotome,5.3209016045577195,-0.17330968896415863,-2.434987699324704,0.014593584051591828,0.42,151,1380
Endocardial cell,Second heart field,6.047918353425636,0.49365551332143226,9.755196275056608,0.011381591681689385,0.0,151,2711
Endocardial cell,Somatic mesoderm,5.538733410542561,-0.14033715244160958,-2.730127898405003,0.009502207139861106,0.58,151,2147
Endocardial cell,Spinal cord (cervical),5.451672612261792,-0.2505892021591629,-4.031628086816576,0.022677013310687978,0.0,151,2173
Endocardial cell,Spinal cord (thoracic),5.465793892090249,-0.2772936644503732,-4.931870329227439,0.017867543456815814,0.0,151,3492
Endocardial cell,Splanchnic mesoderm,5.697490424058514,-0.04724708801219831,-1.782932288147748,0.02107684112277434,0.19,151,4363
Endocardial cell,Surface ectoderm,5.305270933225814,-0.1293761781048106,-2.2019018283934364,0.007884558329113845,0.64,151,1362
Endocardial cell,Telencephalon,5.411549031274298,-0.30190353043075113,-5.436042428583172,0.007712752873814205,0.0,151,4490
Endocardial cell,Trunk neural crest,4.421195695589314,0.020294417627315504,0.23686951424599148,0.040328932681074445,0.65,151,22
Endocardial cell,Vagal neural crest,4.959938352412451,-0.15823128863401367,-1.8883672788727142,0.0038913799648278647,0.53,151,176
Endothelial cell,Endothelial cell,8.5,0.0,0.0,0.0,1.0,116,116
Endothelial cell,Endothelial progenitor,5.721199159052424,0.17510241158536832,1.8643362030061619,0.0308950523428446,0.44,116,1091
Endothelial cell,Epibranchial placode,5.090165137357391,0.024533668500438033,0.15908574653050564,0.0039014440745042843,0.84,116,330
Endothelial cell,Extraembryonic mesoderm,5.0375995753818925,-0.06036593115987454,0.4713354826122164,0.07623858930821581,0.51,116,556
Endothelial cell,Eye field,5.086375197157575,-0.0036711069375329566,-1.2350598064554308,0.11060073928080763,0.13,116,146
Endothelial cell,First heart field,5.228169921824016,0.023372295435116836,0.9044049999381393,0.0540220969936755,0.62,116,704
Endothelial cell,Floor plate,5.1010228195341165,-0.1892490436911579,-2.498793646598642,0.003117828463779264,0.09,116,957
Endothelial cell,Foregut,4.905524952840396,-0.10781332569210929,-0.911050401300031,0.017786557824337232,0.93,116,477
Endothelial cell,Frontonasal mesenchyme,5.065419347149755,0.024745636399260196,0.46484663837348317,0.023511923573132438,0.71,107,57
Endothelial cell,Head paraxial mesoderm,5.653838411529331,0.15980813291495308,1.588442357041681,0.024289709563395427,0.29,116,3441
Endothelial cell,Hindbrain (isthmic organizer),5.475612173521374,-0.07856308146394753,-2.497761719138262,0.05436706956049096,0.17,116,1531
Endothelial cell,Hindbrain (r1),5.440793073254862,-0.14106139872878476,-2.4750398169584993,0.015778687153727572,0.73,116,2128
Endothelial cell,Hindbrain (r2-r4),5.4817619336597945,-0.13893264339457426,-2.457458473712567,0.005204579180098609,0.64,116,2189
Endothelial cell,Hindbrain (r5-r8),5.4946502291783235,-0.07620106701047469,-1.8452724130779288,0.02856984278901485,0.5,116,1457
Endothelial cell,Hindgut,4.712861808634886,-0.15018839493805855,-1.7006873167354088,0.002463640230131286,0.57,116,247
Endothelial cell,Hypothalamus,5.060157238441426,-0.2566348102191676,-3.177549889485404,0.0039444205691249856,0.21,116,765
Endothelial cell,Intermediate mesoderm,5.31529644138417,-0.1948401269492157,-3.023423862503121,0.0008113801543433724,0.26,116,1173
Endothelial cell,Juxtacardiac field,4.82597089979254,-0.17778699057475741,0.6368841807571611,0.45335460713453707,0.13,116,195
Endothelial cell,Midbrain,5.462949219330327,-0.16177270852322914,-3.0327799264220245,0.013114995442514914,0.82,116,2940
Endothelial cell,Midgut,4.806391869401879,-0.17441357042173689,-2.1005154129819643,0.0018001622854543879,0.18,116,362
Endothelial cell,Nascent somite,5.179092729854825,-0.24603517340788006,-3.1880159413552853,0.0058670118892575895,0.04,116,1056
Endothelial cell,Notochord,4.7883117889216935,-0.221009134803572,-1.1152211450546996,0.09584558506132966,0.98,116,288
Endothelial cell,Olfactory placode,5.3364019817579305,0.15733115289142083,1.2805523410528823,0.02564411692490756,0.9,116,317
Endothelial cell,Otic placode,5.281663733564989,0.17840029118261155,0.4655275091022144,0.12217014873632728,0.93,116,246
Endothelial cell,Periocular mesoderm,5.145951456113047,0.12942919222749585,2.021066473283197,0.010941909939620631,0.91,116,430
Endothelial cell,Pharyngeal endoderm,5.107466099983953,-0.04934405353855542,-0.652122023592984,0.006441146580139763,0.57,116,1138
Endothelial cell,Pharyngeal mesoderm,5.5385101392642175,0.15329805203200486,1.967706609637415,0.0034186242964589905,0.14,116,1100
Endothelial cell,Pre-placodal ectoderm,5.4541567689205905,0.06597678080004066,0.5705680599447724,0.004558443920129393,0.7,116,1022
Endothelial cell,Prechordal plate,4.724914497388283,0.03374376897890249,0.42779471467726987,0.016070467557660683,0.91,116,102
Endothelial cell,Presomitic mesoderm,5.529387861066296,-0.11400675492220902,-2.3369013945849537,0.0028583221869025134,0.61,116,3260
Endothelial cell,Roof plate,5.366322446811267,0.030731708926574914,0.029655992386438807,0.00713747386420822,0.84,116,452
Endothelial cell,Sclerotome,5.546784464105545,0.1344001501583838,0.6131587412866418,0.08721461836882233,0.53,116,1380
Endothelial cell,Second heart field,5.856958804099121,0.39326224977858065,6.830611470862263,0.004523258523377227,0.03,116,2711
Endothelial cell,Somatic mesoderm,5.7351606386393525,0.1601899545419334,1.809980065266968,0.02031441247890691,0.29,116,2147
Endothelial cell,Spinal cord (cervical),5.452939230752608,-0.16946518730000282,-2.9472885880061237,0.00221658441891352,0.25,116,2173
Endothelial cell,Spinal cord (thoracic),5.573042211299273,-0.08739003802652008,-1.9993774089140242,0.010859252601017397,0.78,116,3492
Endothelial cell,Splanchnic mesoderm,5.892960268298615,0.23587270177650024,3.1727011594896024,0.018721310525354064,0.01,116,4363
Endothelial cell,Surface ectoderm,5.3637969077420165,0.02286872717626191,0.6285241589421742,0.004544618168817153,0.8,116,1362
Endothelial cell,Telencephalon,5.511148659275446,-0.10823340998953383,-2.4202529701242868,0.024883371687019006,0.58,116,4490
Endothelial cell,Trunk neural crest,4.260463048615398,-0.02373115395162258,-0.6141504479473276,0.12883184090827962,0.44,116,22
Endothelial cell,Vagal neural crest,5.093909525408198,0.07578643638101952,0.6160884109724537,0.027635581766316628,0.77,116,176
Endothelial progenitor,Endothelial progenitor,8.5,0.0,0.0,0.0,1.0,1091,1091
Endothelial progenitor,Epibranchial placode,5.765349053026138,0.07323584356393376,1.0089897003092025,0.017924111154126596,0.07,1091,330
Endothelial progenitor,Extraembryonic mesoderm,5.7076739725253205,-0.044816889894940815,-1.8531520546892697,0.015274726301065182,0.25,1091,556
Endothelial progenitor,Eye field,5.5853759638506055,-0.13604161784249502,-2.1450615315285777,0.0013508565839986855,0.19,1091,146
Endothelial progenitor,First heart field,5.843251553249893,-0.008063277451521245,-0.9915489904538729,0.019892783595942144,0.59,1091,704
Endothelial progenitor,Floor plate,5.638103999378415,-0.3006342474228285,-9.238106089782418,0.016192798498916496,0.0,1091,957
Endothelial progenitor,Foregut,5.349817030734074,-0.3056705526810859,-7.860216745199948,0.008103924429429055,0.0,1091,477
Endothelial progenitor,Frontonasal mesenchyme,5.416016435054982,-0.07266124139606545,-0.5386993849350772,0.007822048322458629,0.83,899,57
Endothelial progenitor,Head paraxial mesoderm,6.424942697407826,0.2949669246743281,12.175174765360717,0.007303075552477134,0.0,1091,3441
Endothelial progenitor,Hindbrain (isthmic organizer),5.968924264675391,-0.23494685651229089,-8.354861901400456,0.0018009575087926184,0.0,1091,1531
Endothelial progenitor,Hindbrain (r1),5.9629752366755175,-0.2693333273986879,-10.981606761044297,0.003459511132469147,0.0,1091,2128
Endothelial progenitor,Hindbrain (r2-r4),6.00696330722383,-0.2549628874097512,-10.184059213586606,0.0039846921615629815,0.0,1091,2189
Endothelial progenitor,Hindbrain (r5-r8),5.986784481426877,-0.22945696417215147,-9.40912990449066,0.00028230985790289186,0.0,1091,1457
Endothelial progenitor,Hindgut,5.222505205304479,-0.28171590319100304,-5.497645594136287,0.017698720514771053,0.0,1091,247
Endothelial progenitor,Hypothalamus,5.647095084792618,-0.3185243344875139,-9.315419915039802,0.012019458213743948,0.0,1091,765
Endothelial progenitor,Intermediate mesoderm,6.19611076339227,0.04297624692058181,1.6092741175442564,0.005032103438601238,0.77,1091,1173
Endothelial progenitor,Juxtacardiac field,5.702713889292814,0.06763756974217057,1.4769443692029292,0.0012594664814142397,0.72,1091,195
Endothelial progenitor,Midbrain,5.998996632373868,-0.2647795200519578,-10.49799777107733,0.004810037215362956,0.0,1091,2940
Endothelial progenitor,Midgut,5.40716135490129,-0.21203229115699576,-5.209780812703012,0.0070651923033163005,0.0,1091,362
Endothelial progenitor,Nascent somite,5.967111242360929,-0.10208198452669699,-3.4369479037235577,0.001524039383726524,0.01,1091,1056
Endothelial progenitor,Notochord,5.467282379787807,-0.18091885835754282,-3.8938824412287794,0.010780035405052502,0.18,1091,288
Endothelial progenitor,Olfactory placode,5.78616706941578,-0.041183154685895985,-0.5888800210850869,0.006818641336906912,0.64,1091,317
Endothelial progenitor,Otic placode,5.822080190810998,0.09445007628475643,1.2988244287248774,0.020068509084428473,0.33,1091,246
Endothelial progenitor,Periocular mesoderm,5.902716561866716,0.2560497995496333,6.213321567487294,0.0031452898469119016,0.0,1091,430
Endothelial progenitor,Pharyngeal endoderm,5.584370621405188,-0.21966570579010458,-8.029978476379803,0.0013408269032879104,0.0,1091,1138
Endothelial progenitor,Pharyngeal mesoderm,6.5236619117493335,0.504335568024867,16.77936354923113,0.00401636427437356,0.0,1091,1100
Endothelial progenitor,Pre-placodal ectoderm,6.03668684653347,0.0027527877189082637,-0.06791865572635632,0.001098948408303036,0.89,1091,1022
Endothelial progenitor,Prechordal plate,5.184614811072102,-0.13167898478480536,-1.8661694758977687,0.0080725490798291,0.68,1091,102
Endothelial progenitor,Presomitic mesoderm,6.181562730831036,-0.10743477959357062,-4.7864152485601785,0.0012782433332958628,0.0,1091,3260
Endothelial progenitor,Roof plate,5.942314426186447,-0.039246157993236906,-1.2999706121000478,0.007492681921136541,0.33,1091,452
Endothelial progenitor,Sclerotome,6.128956962878694,0.07466383493598243,2.480169990995689,0.0010794266423224234,0.06,1091,1380
Endothelial progenitor,Second heart field,6.438198002452271,0.33161057482662254,13.941602123000918,0.01942187318997486,0.0,1091,2711
Endothelial progenitor,Somatic mesoderm,6.723620506601459,0.5009335479653872,18.935070572744653,0.009057309782763364,0.0,1091,2147
Endothelial progenitor,Spinal cord (cervical),6.027901137346986,-0.23145219422595886,-10.05131288715281,0.0015872571662344298,0.0,1091,2173
Endothelial progenitor,Spinal cord (thoracic),6.100517834736331,-0.20405623995958955,-9.503789787408541,0.000664261182088932,0.0,1091,3492
Endothelial progenitor,Splanchnic mesoderm,6.832208922557892,0.535599817840788,25.5432785437399,0.008865169485330672,0.0,1091,4363
Endothelial progenitor,Surface ectoderm,6.119938981984821,0.13626095784340553,3.510693909334261,0.024944087922899885,0.66,1091,1362
Endothelial progenitor,Telencephalon,6.031095024627859,-0.23209411902056498,-10.968229320402342,0.00047932021215738594,0.0,1091,4490
Endothelial progenitor,Trunk neural crest,5.083284056070366,0.11958707326006064,0.9160043934838664,0.018955574994897834,0.79,1091,22
Endothelial progenitor,Vagal neural crest,5.704707380488266,0.034866201096749684,0.42848953889291863,0.001395547202407173,0.89,1091,176
Epibranchial placode,Epibranchial placode,8.5,0.0,0.0,0.0,1.0,330,330
Epibranchial placode,Extraembryonic mesoderm,5.301543242748496,0.030075386244050446,-0.007398147730286686,0.007882306738600388,0.58,330,556
Epibranchial placode,Eye field,5.1692731080278245,-0.06154374747995147,-0.714785073106864,0.00028131160193070126,0.66,330,146
Epibranchial placode,First heart field,5.25756180131222,-0.10240311265318731,-2.0076838527592344,0.0015712171609549518,0.13,330,704
Epibranchial placode,Floor plate,5.159286979423149,-0.299366561021231,-6.356171140533166,0.0048766584942924775,0.0,330,957
Epibranchial placode,Foregut,4.928518688633919,-0.24522541513645427,-4.808330329153914,0.003195157247676707,0.0,330,477
Epibranchial placode,Frontonasal mesenchyme,5.085154038972994,-0.018815714809066186,0.5327531721561386,0.03596139285596005,0.36,289,57
Epibranchial placode,Head paraxial mesoderm,5.589402801143101,-0.05815708877200917,-2.9350086256276975,0.06227101072717009,0.0,330,3441
Epibranchial placode,Hindbrain (isthmic organizer),5.4964670630448245,-0.22332995867083158,-5.9422979429128375,0.00707577932681985,0.08,330,1531
Epibranchial placode,Hindbrain (r1),5.493660674969669,-0.24473527117482607,-6.69846993706338,0.006421514128505168,0.02,330,2128
Epibranchial placode,Hindbrain (r2-r4),5.584449738847255,-0.19431933032780288,-5.776414581335879,0.008860760890542281,0.27,330,2189
Epibranchial placode,Hindbrain (r5-r8),5.507314454241677,-0.2213633790500301,-5.395124135475164,0.003112963114448034,0.0,330,1457
Epibranchial placode,Hindgut,4.769473363624724,-0.2490578195359623,-2.824435213623851,0.0700365954315773,0.27,330,247
Epibranchial placode,Hypothalamus,5.137792406523752,-0.33362622023700056,-7.232446837660315,0.0005120516550113179,0.0,330,765
Epibranchial placode,Intermediate mesoderm,5.583728111947395,-0.08699371769972093,-2.649989408693184,0.006855254456013669,0.91,330,1173
Epibranchial placode,Juxtacardiac field,4.966020454673509,-0.18897012361899446,-1.40802885023899,0.07701129930605768,0.26,330,195
Epibranchial placode,Midbrain,5.528322572449782,-0.2540625773610241,-7.362376245899886,0.0036055127208056755,0.02,330,2940
Epibranchial placode,Midgut,4.998019027483792,-0.1312424883137672,-2.5519199351079975,0.019186300907822706,0.67,330,362
Epibranchial placode,Nascent somite,5.358688052770422,-0.22362135923298906,-5.639593387733747,0.008218964279292092,0.07,330,1056
Epibranchial placode,Notochord,4.85023802387679,-0.30282098126763807,-4.323945648491214,0.0037087365544315044,0.04,330,288
Epibranchial placode,Olfactory placode,5.66854062024759,0.33451741821950165,5.913118615156982,0.03281792390095613,0.01,330,317
Epibranchial placode,Otic placode,6.018495657778099,0.7667027918219151,10.892866944056115,0.01272114480028888,0.0,330,246
Epibranchial placode,Periocular mesoderm,5.07534831159951,-0.08450024200643647,-1.6447368369764348,0.045053491362605086,0.46,330,430
Epibranchial placode,Pharyngeal endoderm,5.103529678574401,-0.2159779106943661,-4.720499574871771,4.258886652041197e-05,0.0,330,1138
Epibranchial placode,Pharyngeal mesoderm,5.538932424259108,0.006489783423048697,-0.29956603692791045,0.007115342892609446,0.98,330,1100
Epibranchial placode,Pre-placodal ectoderm,6.104020428208494,0.5533925531535872,12.36291789722772,0.01715345051168294,0.0,330,1022
Epibranchial placode,Prechordal plate,4.64484526919758,-0.19295726775520095,-3.1581931762382367,0.10691701108696257,0.44,330,102
Epibranchial placode,Presomitic mesoderm,5.702685386302445,-0.10147787357918088,-2.608072069360775,0.0014297266041145952,0.02,330,3260
Epibranchial placode,Roof plate,5.704883146261662,0.2086423384508794,3.3990291874123195,0.01108960496886617,0.0,330,452
Epibranchial placode,Sclerotome,5.380360271276551,-0.18168920363632424,-4.9647650534866585,0.025905414301162055,0.95,330,1380
Epibranchial placode,Second heart field,5.658442650854141,0.03562785744772098,0.764793381782681,0.0037866785240592317,0.33,330,2711
Epibranchial placode,Somatic mesoderm,5.841756332566775,0.10596755362593946,1.8414753527369108,0.018737432527400927,0.1,330,2147
Epibranchial placode,Spinal cord (cervical),5.618028593487918,-0.15042651044335495,-4.312253176436646,0.004193968586421428,0.11,330,2173
Epibranchial placode,Spinal cord (thoracic),5.681956971026508,-0.13404733164720758,-4.2595014413121115,0.010945063998879748,0.29,330,3492
Epibranchial placode,Splanchnic mesoderm,6.051080891498276,0.24186599441846499,5.946379515452147,0.01046502210685278,0.0,330,4363
Epibranchial placode,Surface ectoderm,6.460932562297629,0.9565000404923838,21.123564434185354,0.011700371463025725,0.0,330,1362
Epibranchial placode,Telencephalon,5.631133345053186,-0.14712935201016406,-4.421498277501722,0.0045329302317826765,0.08,330,4490
Epibranchial placode,Trunk neural crest,4.680553765205274,0.17172045410329018,1.32283292797883,0.08277890964706526,0.7,330,22
Epibranchial placode,Vagal neural crest,5.289924336682412,0.11435250244452266,1.43556678320646,0.00873487383104167,0.62,330,176
Extraembryonic mesoderm,Extraembryonic mesoderm,8.5,0.0,0.0,0.0,1.0,556,556
Extraembryonic mesoderm,Eye field,5.112316584986309,-0.17765443024924496,-2.3304331598053594,0.019569912027483198,0.68,556,146
Extraembryonic mesoderm,First heart field,5.807918170469793,0.385162300503558,10.287340067106989,0.0020334355527595223,0.0,556,704
Extraembryonic mesoderm,Floor plate,5.393987514255703,-0.11184921596651343,-2.446646562612695,0.006149949888414221,0.03,556,957
Extraembryonic mesoderm,Foregut,5.27706609776525,0.04774777206619459,2.4218393814660146,0.07492154302982833,0.0,556,477
Extraembryonic mesoderm,Frontonasal mesenchyme,5.232766147252016,0.09880035953890598,0.7968542421777729,0.010828704803654676,0.62,505,57
Extraembryonic mesoderm,Head paraxial mesoderm,5.637935984128037,-0.05920276467557439,-3.3218387161494665,0.019336957338387473,0.18,556,3441
Extraembryonic mesoderm,Hindbrain (isthmic organizer),5.472370513951788,-0.29698224778869226,-8.98972695253964,0.013957483580182561,0.0,556,1531
Extraembryonic mesoderm,Hindbrain (r1),5.509677662431227,-0.2913713264128906,-8.322003293724554,0.032122347480379024,0.0,556,2128
Extraembryonic mesoderm,Hindbrain (r2-r4),5.504879610552792,-0.326681690260241,-9.98353161793718,0.01721336530793518,0.0,556,2189
Extraembryonic mesoderm,Hindbrain (r5-r8),5.433046459115318,-0.35604322726612087,-8.9930617483475,0.06090738817968535,0.0,556,1457
Extraembryonic mesoderm,Hindgut,5.272854034726474,0.1969357089138608,3.656926717531707,0.013611114091707526,0.31,556,247
Extraembryonic mesoderm,Hypothalamus,5.381183011628238,-0.15178569310252113,-4.450030056534003,0.013789690177210216,0.27,556,765
Extraembryonic mesoderm,Intermediate mesoderm,5.502937722281241,-0.22418530699591788,-6.02175466501546,0.006569633668268296,0.0,556,1173
Extraembryonic mesoderm,Juxtacardiac field,5.509050597114975,0.3097497316928554,4.871431634631954,0.006594724706251873,0.02,556,195
Extraembryonic mesoderm,Midbrain,5.490319835246815,-0.3464366060171737,-9.934933921335551,0.02467701879140839,0.0,556,2940
Extraembryonic mesoderm,Midgut,5.417205692993472,0.22641184628077107,4.376920761347077,0.013953886025553695,0.02,556,362
Extraembryonic mesoderm,Nascent somite,5.485656365454475,-0.15478347625003952,-4.063676048004743,0.0046617204796382565,0.02,556,1056
Extraembryonic mesoderm,Notochord,5.333853767361663,0.1238004632157527,2.4490419082318913,0.0050189398754240284,0.73,556,288
Extraembryonic mesoderm,Olfactory placode,5.277477117513481,-0.1157599459395966,-1.9035900989709227,0.017939109634205117,0.4,556,317
Extraembryonic mesoderm,Otic placode,5.11798918736115,-0.1832497260176019,-2.3771395839208385,0.021998899740393305,0.05,556,246
Extraembryonic mesoderm,Periocular mesoderm,5.5570738920953575,0.33441244750625226,6.8297691691444795,0.02079921104769984,0.07,556,430
Extraembryonic mesoderm,Pharyngeal endoderm,5.459893685820329,0.08773545817234159,3.0461323528279647,0.029533433733727372,0.05,556,1138
Extraembryonic mesoderm,Pharyngeal mesoderm,5.804453797121792,0.21246732266015655,3.986741396495742,0.06524070464749165,0.04,556,1100
Extraembryonic mesoderm,Pre-placodal ectoderm,5.4114701401393255,-0.18934848212225427,-4.612373635265212,0.005806468396644337,0.0,556,1022
Extraembryonic mesoderm,Prechordal plate,4.886184124313657,0.011438271840340223,1.2373653805632656,0.10496531476307405,0.36,556,102
Extraembryonic mesoderm,Presomitic mesoderm,5.56291813454271,-0.2948110175625824,-10.311959117125534,0.0026737147419889874,0.0,556,3260
Extraembryonic mesoderm,Roof plate,5.3653063712658495,-0.18218352024214587,-3.474385136250822,0.010475388301858478,0.0,556,452
Extraembryonic mesoderm,Sclerotome,5.467912623887337,-0.15118054191090616,-5.001670075615226,0.0029187245533058787,0.16,556,1380
Extraembryonic mesoderm,Second heart field,5.925876934325802,0.24674877922467223,7.372674906575317,0.006254898774644644,0.0,556,2711
Extraembryonic mesoderm,Somatic mesoderm,5.641814989780424,-0.15222477180817506,-4.616666905171576,0.000670563573817861,0.02,556,2147
Extraembryonic mesoderm,Spinal cord (cervical),5.5150885853937845,-0.31337086768754724,-9.189880122149434,0.01598633750825526,0.0,556,2173
Extraembryonic mesoderm,Spinal cord (thoracic),5.538812015321445,-0.33651598105039976,-11.068758123793543,0.012244694957233052,0.0,556,3492
Extraembryonic mesoderm,Splanchnic mesoderm,5.834393300468037,-0.03477241006136408,-1.1723542677017786,0.0020500494880464383,0.89,556,4363
Extraembryonic mesoderm,Surface ectoderm,5.45892263165025,-0.09779874246531269,-2.459594820195748,0.004183217327398108,0.42,556,1362
Extraembryonic mesoderm,Telencephalon,5.489909467607876,-0.347364466953539,-9.984604021664412,0.020441036554521716,0.0,556,4490
Extraembryonic mesoderm,Trunk neural crest,4.181112377390336,-0.36788821651996856,-1.8110808657077682,0.16055495260664499,0.54,556,22
Extraembryonic mesoderm,Vagal neural crest,4.987192595753824,-0.24589007809271232,-2.3243352348902104,0.09689580959614333,0.96,556,176
Eye field,Eye field,8.5,0.0,0.0,0.0,1.0,146,146
Eye field,First heart field,5.189862575187877,-0.19504815156363056,-3.3883073046733116,0.0011365020650572148,0.03,146,704
Eye field,Floor plate,5.488122440551908,0.01859344163867238,0.5227022802807624,0.00930887170477958,0.35,146,957
Eye field,Foregut,5.1109361869881065,-0.086733265353837,-1.4370589765950417,0.06763602709890151,0.01,146,477
Eye field,Frontonasal mesenchyme,5.003071402242605,-0.022265556286841015,-0.5159691853765305,0.028288997398534636,0.51,124,57
Eye field,Head paraxial mesoderm,5.561430636453001,-0.09598200876349534,-2.1139564676060094,0.01187998556328593,0.94,146,3441
Eye field,Hindbrain (isthmic organizer),6.009668866670552,0.27054205385100943,4.310450367616668,0.004116786287541471,0.0,146,1531
Eye field,Hindbrain (r1),5.994656005326021,0.21967680715085702,3.513295113720941,0.0017861475169395182,0.01,146,2128
Eye field,Hindbrain (r2-r4),5.973649481871884,0.17304855594179447,3.094750277427337,0.0003648112369519821,0.08,146,2189
Eye field,Hindbrain (r5-r8),5.877649566520689,0.1249119409375193,1.518049115513544,0.021090367531904734,0.98,146,1457
Eye field,Hindgut,4.850824766775298,-0.1826302652947538,-2.1461717208675646,0.05723803944672725,0.39,146,247
Eye field,Hypothalamus,5.895781680880827,0.39606134891235634,6.035243060977613,0.023915718603377045,0.0,146,765
Eye field,Intermediate mesoderm,5.69760037825172,0.004237981956693855,-0.09214592219748526,0.002903709888499063,0.82,146,1173
Eye field,Juxtacardiac field,4.987834897469433,-0.18692845883951956,-2.1156996478356507,0.03120108796001154,1.0,146,195
Eye field,Midbrain,6.211038548742178,0.4085019994207079,6.486131061865659,0.007700593635268551,0.0,146,2940
Eye field,Midgut,4.959199908978825,-0.19267450028044486,-2.140939614852376,0.08412834727378135,0.69,146,362
Eye field,Nascent somite,5.533677036747356,-0.07526041714055982,-1.58137414110481,0.01723372048965046,0.3,146,1056
Eye field,Notochord,5.144368592559874,-0.033763902509718946,0.40119032084352496,0.051470615810473574,0.52,146,288
Eye field,Olfactory placode,5.524665566722398,0.16067252313693636,2.1228581387681142,0.025666426964439895,0.79,146,317
Eye field,Otic placode,5.3031937226780395,0.034011675286762376,0.5573996050457105,0.011411857980544376,0.79,146,246
Eye field,Periocular mesoderm,5.042786083551566,-0.14305957707650188,-2.185490221012656,0.036031758883904905,0.31,146,430
Eye field,Pharyngeal endoderm,5.23257176574514,-0.09937020192119927,-2.0684301955731716,0.044730452384517866,0.04,146,1138
Eye field,Pharyngeal mesoderm,5.4272450307456195,-0.13442870144269245,-2.569687647110889,0.002824279314167406,0.23,146,1100
Eye field,Pre-placodal ectoderm,5.783032398711508,0.21468635946353073,3.6721403755075204,0.0021731854744678368,0.1,146,1022
Eye field,Prechordal plate,4.877107452956614,0.022560129177147854,0.762214432843941,0.05896704268534017,0.3,146,102
Eye field,Presomitic mesoderm,5.789802432556243,-0.03449722295297549,-0.5127849161394266,0.021004931137928135,0.19,146,3260
Eye field,Roof plate,5.67875826427968,0.1695706147251069,1.8975263586080802,0.025734302144379044,0.75,146,452
Eye field,Sclerotome,5.508882306320904,-0.0730384087997044,-1.5046761421656676,0.015736798935115523,0.46,146,1380
Eye field,Second heart field,5.522822648952516,-0.12374881271877225,-2.5947410228708563,0.008644916558515101,0.9,146,2711
Eye field,Somatic mesoderm,5.6440107157477355,-0.11087671763845197,-1.9874364617023705,0.027910113066356323,0.44,146,2147
Eye field,Spinal cord (cervical),5.88555407193607,0.0988243319363636,1.2256181514849442,0.030933197438865905,0.04,146,2173
Eye field,Spinal cord (thoracic),5.888732076041815,0.048747214514754944,0.4313521524760359,0.009960875524260875,0.38,146,3492
Eye field,Splanchnic mesoderm,5.807845510318494,-0.022103280935796537,-1.0255279907956407,0.011065673909327174,0.81,146,4363
Eye field,Surface ectoderm,5.542882109356466,0.016079648161105038,0.062407051193106,0.0024563107178573536,0.68,146,1362
Eye field,Telencephalon,6.61314074093628,0.807935917013635,13.826815526945099,0.017288761887238473,0.0,146,4490
Eye field,Trunk neural crest,4.645765317513286,0.14279497012656295,0.34659864713871974,0.11366462808636722,0.19,146,22
Eye field,Vagal neural crest,5.391346492553751,0.19178042266827777,1.523766554575949,0.0345142002601454,0.95,146,176
First heart field,First heart field,8.5,0.0,0.0,0.0,1.0,704,704
First heart field,Floor plate,5.4997708882673235,-0.10637640453494838,-3.186172462142997,0.0016577345765779357,0.02,704,957
First heart field,Foregut,5.349946278951733,0.030415513342835432,0.9833511696516987,0.0033043854460523612,0.51,704,477
First heart field,Frontonasal mesenchyme,5.119637806646144,-0.07469050351275275,-0.614319216561584,0.00785037688495829,0.87,593,57
First heart field,Head paraxial mesoderm,5.819877530110705,0.02500611980341727,0.8894060073585611,0.0013976619755081683,0.6,704,3441
First heart field,Hindbrain (isthmic organizer),5.5593703428178145,-0.31046767980144657,-9.849632214152278,0.004813199186006197,0.0,704,1531
First heart field,Hindbrain (r1),5.536515828340412,-0.3646134190651476,-12.564507431837725,0.015454479188631938,0.0,704,2128
First heart field,Hindbrain (r2-r4),5.640784334630868,-0.28617216423087805,-9.511538154657497,0.0064285266930085945,0.0,704,2189
First heart field,Hindbrain (r5-r8),5.599471755224523,-0.2910077244708698,-9.917181345423705,0.008317360523328264,0.0,704,1457
First heart field,Hindgut,5.243680948336208,0.0695889409434806,1.8555768105813681,0.02288238887095279,0.82,704,247
First heart field,Hypothalamus,5.398247621651447,-0.23048365593455244,-6.424354866603163,0.004313822035945643,0.0,704,765
First heart field,Intermediate mesoderm,5.544849507365451,-0.2820255803396199,-9.351478391028724,0.004732379505569928,0.0,704,1173
First heart field,Juxtacardiac field,5.922841504736572,0.6146176128211526,10.42185983077127,0.02583231413751665,0.0,704,195
First heart field,Midbrain,5.566368901951496,-0.36788192581437,-12.56521579186609,0.0036416804451154354,0.0,704,2940
First heart field,Midgut,5.4638091215126074,0.18213594851098533,4.033926296658514,0.008302917401469226,0.02,704,362
First heart field,Nascent somite,5.539186886027593,-0.1963749599528309,-5.669604419702093,0.00974285893298494,0.0,704,1056
First heart field,Notochord,5.4875033109445335,0.17032957677274604,3.2472864258577547,0.004696605859352993,0.01,704,288
First heart field,Olfactory placode,5.3681969037150585,-0.12268853619366353,-2.8815090450832415,0.00268023581611908,0.09,704,317
First heart field,Otic placode,5.24374215546859,-0.15213800637338556,-2.4837826526618003,0.01482306962279828,0.08,704,246
First heart field,Periocular mesoderm,5.67176285989073,0.3553116109046674,6.9870081855844175,0.02539965321028971,0.0,704,430
First heart field,Pharyngeal endoderm,5.582361567951398,0.11346793846485574,3.7351356564254075,0.0012868936773504903,0.01,704,1138
First heart field,Pharyngeal mesoderm,5.961417135955298,0.2699712987692295,7.269674617835044,0.03528396863930727,0.0,704,1100
First heart field,Pre-placodal ectoderm,5.501603977629668,-0.19976864936687258,-5.509637340793543,0.016763019397900647,0.01,704,1022
First heart field,Prechordal plate,5.107942200788699,0.11487099543717694,1.548996852791267,0.02274856417987326,0.44,704,102
First heart field,Presomitic mesoderm,5.685111129104313,-0.26960592573126735,-11.393000534140754,0.0006256562848695399,0.0,704,3260
First heart field,Roof plate,5.507019859759549,-0.13922839140235097,-3.3062432931181367,0.0004552319323176308,0.02,704,452
First heart field,Sclerotome,5.556673957371163,-0.16224502456427844,-4.907617617888083,0.014142308971534316,0.32,704,1380
First heart field,Second heart field,6.503046253264254,0.7249273772793501,27.48714065414295,0.003977842133511974,0.0,704,2711
First heart field,Somatic mesoderm,5.751707639606266,-0.1398967829714035,-5.288955483996965,0.011356024140771078,0.09,704,2147
First heart field,Spinal cord (cervical),5.6499091725181705,-0.2757765804688133,-9.947302195139555,0.0005428206818980666,0.0,704,2173
First heart field,Spinal cord (thoracic),5.674501439351569,-0.2965321277907389,-11.89875686512883,0.0001898120021568603,0.0,704,3492
First heart field,Splanchnic mesoderm,5.885505926400742,-0.07903814889270262,-3.5685960761811777,0.0007703596079900704,0.09,704,4363
First heart field,Surface ectoderm,5.454360625798319,-0.20166778939322624,-5.487986910855185,0.015852843670910676,0.0,704,1362
First heart field,Telencephalon,5.565239272367886,-0.3667856980006266,-13.100617650370443,0.0026733622154461326,0.0,704,4490
First heart field,Trunk neural crest,4.557070755602691,-0.07254492000832924,-0.43753333231391417,0.024879145212759655,0.72,704,22
First heart field,Vagal neural crest,5.081069892664378,-0.25142348406418985,-3.726708046741669,0.026795338011285225,0.14,704,176
Floor plate,Floor plate,8.5,0.0,0.0,0.0,1.0,957,957
Floor plate,Foregut,5.691341681618265,0.28105035132806816,6.724948879951629,0.04427473984128585,0.17,957,477
Floor plate,Frontonasal mesenchyme,5.044501672564425,-0.1996095719524944,-1.9189386200449159,0.005445782187911361,0.18,702,57
Floor plate,Head paraxial mesoderm,5.800937987340468,-0.08425306498308327,-2.3800361187348673,0.013333112100315287,0.05,957,3441
Floor plate,Hindbrain (isthmic organizer),6.0970276158610694,0.14226099655786997,5.799219307555454,0.009179280546637842,0.37,957,1531
Floor plate,Hindbrain (r1),6.280511367450102,0.29162693278692825,11.680763046553478,0.008647418281762997,0.0,957,2128
Floor plate,Hindbrain (r2-r4),6.5074254702810705,0.48989325080255836,21.440011074285504,0.002874716596174302,0.0,957,2189
Floor plate,Hindbrain (r5-r8),6.427457544091666,0.4601940242001235,17.155444616468557,0.01188927214532216,0.0,957,1457
Floor plate,Hindgut,5.357761061026285,0.10176549079826873,1.8579493742364817,0.026682270295767054,0.19,957,247
Floor plate,Hypothalamus,6.504493827055621,0.7864158318864506,22.36479014965063,0.06501950461590858,0.0,957,765
Floor plate,Intermediate mesoderm,5.821774892328249,-0.08622962559294489,-2.7760221930682896,0.012162269804220407,0.69,957,1173
Floor plate,Juxtacardiac field,5.212792685628796,-0.1850912862076187,-2.548346738232879,0.02681856266422478,0.12,957,195
Floor plate,Midbrain,6.303315930268849,0.28621270006892957,11.488442634437853,0.014462782328615998,0.0,957,2940
Floor plate,Midgut,5.4894253709023575,0.11768816541290672,2.8451892732254334,0.000256022662269002,0.05,957,362
Floor plate,Nascent somite,6.106855440829534,0.2800202189637127,10.36281308663507,0.002224333116880285,0.0,957,1056
Floor plate,Notochord,5.593452722322007,0.19266677738554527,3.9455830667170146,0.04568441759860137,0.94,957,288
Floor plate,Olfactory placode,5.331763550770148,-0.23760573499354778,-4.616032638274366,0.010890331300964624,0.0,957,317
Floor plate,Otic placode,5.21050250016349,-0.27587036649721064,-5.198830070482072,0.0051730558881039656,0.0,957,246
Floor plate,Periocular mesoderm,5.4993718731655195,0.09604910026767251,1.5604746809592467,0.011381707483428798,0.61,957,430
Floor plate,Pharyngeal endoderm,5.74979689013617,0.190724086917989,6.046001253693432,0.01430620262579128,0.02,957,1138
Floor plate,Pharyngeal mesoderm,5.583448400905428,-0.18961896900771466,-6.124094073713768,0.001740049979856403,0.0,957,1100
Floor plate,Pre-placodal ectoderm,5.471144295509816,-0.31273759964192954,-9.625211819874472,0.01498015753806287,0.0,957,1022
Floor plate,Prechordal plate,5.163897716693897,0.09801148251975593,0.7690968971383357,0.05525990484125347,0.31,957,102
Floor plate,Presomitic mesoderm,6.154598017921899,0.11135911280865803,4.832339022521881,2.5662426686639352e-05,0.0,957,3260
Floor plate,Roof plate,5.515707734087449,-0.2193961123359219,-4.975688940245745,0.04612242485815368,0.58,957,452
Floor plate,Sclerotome,5.757894066084792,-0.0479434270713505,-0.7687916324444396,0.030437609522199625,0.18,957,1380
Floor plate,Second heart field,5.6262789376091815,-0.23623293697694012,-9.956556397024945,0.0022744539404960865,0.0,957,2711
Floor plate,Somatic mesoderm,5.647169125153108,-0.3332225828254763,-12.678503042708428,0.015429056214275537,0.0,957,2147
Floor plate,Spinal cord (cervical),6.3087304396722645,0.2977474733990437,13.121544950980939,0.030771004722756404,0.0,957,2173
Floor plate,Spinal cord (thoracic),6.318029496447623,0.2608051586085007,12.027939050792753,0.003485713747476771,0.0,957,3492
Floor plate,Splanchnic mesoderm,5.677793313022697,-0.3768820905844133,-16.37095545598763,0.019400324839123875,0.0,957,4363
Floor plate,Surface ectoderm,5.357268309439015,-0.38237098159716165,-12.661118102931894,0.0015782108808216752,0.0,957,1362
Floor plate,Telencephalon,6.04323464448293,0.022628515305431307,1.2204183015286894,0.013609191635887617,0.01,957,4490
Floor plate,Trunk neural crest,4.625890661688153,-0.10200544086635925,-0.7945017130073415,0.05434051120467587,0.39,957,22
Floor plate,Vagal neural crest,5.199778301077019,-0.22407364983852526,-2.2530457530029424,0.08116434231221631,0.08,957,176
Foregut,Foregut,8.5,0.0,0.0,0.0,1.0,477,477
Foregut,Frontonasal mesenchyme,4.906568209449812,-0.024368005082760824,-0.5134074320322067,0.005485216115218475,0.79,367,57
Foregut,Head paraxial mesoderm,5.37828345230303,-0.2281075837414086,-5.938108019945655,0.025193355256478773,0.08,477,3441
Foregut,Hindbrain (isthmic organizer),5.507406022202672,-0.16699052794202127,-5.262476100340377,0.010249547386076748,0.14,477,1531
Foregut,Hindbrain (r1),5.537068780984026,-0.1695170207928133,-4.94166051761477,0.008108425787735407,0.0,477,2128
Foregut,Hindbrain (r2-r4),5.541701381978588,-0.19550256638315874,-6.8500082852393085,0.010557274848882192,0.0,477,2189
Foregut,Hindbrain (r5-r8),5.580006109409347,-0.1089496701662993,-3.120092454452474,0.0050527366452673365,0.38,477,1457
Foregut,Hindgut,5.661017871661557,0.6829391170538296,11.811592006095855,0.019920026152445668,0.0,477,247
Foregut,Hypothalamus,5.47984254753802,0.043428900893629496,0.6207690387717786,0.018003047486312488,0.92,477,765
Foregut,Intermediate mesoderm,5.37229061580192,-0.2566926204350555,-6.756034315279416,0.011104882574624627,0.0,477,1173
Foregut,Juxtacardiac field,5.135922202205978,0.022530218589123407,0.47965800907901385,0.006600873183288523,0.87,477,195
Foregut,Midbrain,5.5469774627210215,-0.1862657696250043,-5.523160574201268,0.007134239719674203,0.0,477,2940
Foregut,Midgut,6.123083066730018,1.0305950139086324,19.970110440504126,0.007475305188204228,0.0,477,362
Foregut,Nascent somite,5.515918844341741,-0.028172819671372196,-0.9496808194144221,0.0015884873824002874,0.84,477,1056
Foregut,Notochord,5.335508157349097,0.21586276354868397,5.513377569714858,0.10243203971108104,0.12,477,288
Foregut,Olfactory placode,5.109177376401893,-0.18103395232308195,-2.8631793231242555,0.04933706303452084,0.84,477,317
Foregut,Otic placode,5.115051067946953,-0.08533988483758304,-0.874801671835558,0.06940554726368427,0.0,477,246
Foregut,Periocular mesoderm,5.350820519667221,0.23166010066255036,5.257426828474494,0.019094409743090478,0.17,477,430
Foregut,Pharyngeal endoderm,6.664899543294702,1.387750810347846,37.57629879548087,0.09696942325935681,0.0,477,1138
Foregut,Pharyngeal mesoderm,5.357301018063713,-0.13637141420003918,-3.4751265832041347,0.014749193306946715,0.05,477,1100
Foregut,Pre-placodal ectoderm,5.250206320163483,-0.2581787310960859,-6.063482745570593,0.04621644795441523,0.23,477,1022
Foregut,Prechordal plate,5.049068891077216,0.2541575095244723,3.080174977348959,0.22684162780407385,0.95,477,102
Foregut,Presomitic mesoderm,5.508950282913253,-0.2498896649008516,-7.933296851105808,0.00020892996676718015,0.0,477,3260
Foregut,Roof plate,5.281450250364393,-0.16997458781841068,-3.0823806730734895,0.048183600045896315,0.19,477,452
Foregut,Sclerotome,5.315024131468078,-0.20904673561154752,-5.335047425013454,0.020785358459818187,0.03,477,1380
Foregut,Second heart field,5.455542951724875,-0.12874548304999292,-3.9599167258793475,0.012876396070570211,0.43,477,2711
Foregut,Somatic mesoderm,5.376547102529844,-0.32128357582017397,-9.04370202172601,0.014514334126960167,0.0,477,2147
Foregut,Spinal cord (cervical),5.495711120639551,-0.234024859887788,-6.949378733231686,0.010070261620343066,0.0,477,2173
Foregut,Spinal cord (thoracic),5.608367022392265,-0.17019612564777167,-5.6029702843192295,0.005259804107903187,0.0,477,3492
Foregut,Splanchnic mesoderm,5.438663612499615,-0.33011285108227345,-10.716995954202204,0.022728786593274382,0.0,477,4363
Foregut,Surface ectoderm,5.1909868733564615,-0.26769804063394415,-6.556733916466502,0.0198597572780229,0.0,477,1362
Foregut,Telencephalon,5.5292455633271596,-0.20667474904786332,-6.575131427681737,0.009199762227629162,0.0,477,4490
Foregut,Trunk neural crest,4.221035915156041,-0.22281763189231762,-1.17714660882456,0.04144917811509549,0.93,477,22
Foregut,Vagal neural crest,4.97649379673384,-0.15733603568581125,-1.6892703218104153,0.045021913777701164,0.84,477,176
Frontonasal mesenchyme,Frontonasal mesenchyme,8.499999999999998,0.0,0.0,0.0,1.0,57,57
Frontonasal mesenchyme,Head paraxial mesoderm,5.194927471294589,-0.2582058485154888,-3.1868741017572315,0.009706044534914821,0.04,57,3013
Frontonasal mesenchyme,Hindbrain (isthmic organizer),5.48812557923941,-0.022920236354738943,-0.0842121528711973,0.0017388663463126382,0.9,57,1257
Frontonasal mesenchyme,Hindbrain (r1),5.524632118720817,-0.010631023064783918,-0.1677405175909307,4.660288400909062e-05,0.99,57,1739
Frontonasal mesenchyme,Hindbrain (r2-r4),5.527880347001929,-0.04028941743697656,-0.8522933334820879,0.0025226367193348755,0.99,57,1844
Frontonasal mesenchyme,Hindbrain (r5-r8),5.385741669375161,-0.12267728609757445,-1.4571506612257807,0.00011164713114461333,0.37,57,1194
Frontonasal mesenchyme,Hindgut,4.680178771257292,-0.11822290521132661,-1.6265843415773173,0.0225173370131166,0.95,57,184
Frontonasal mesenchyme,Hypothalamus,5.14686058400326,-0.1331374946891386,-1.8825077378312236,0.008527623033888659,0.75,57,625
Frontonasal mesenchyme,Intermediate mesoderm,5.422417262291919,-0.04716767221336138,-0.9691311509466862,0.004109974375586502,0.96,57,956
Frontonasal mesenchyme,Juxtacardiac field,4.874017475216,-0.20983673507027456,-2.0552193938058125,0.0005975592479676093,0.3,57,177
Frontonasal mesenchyme,Midbrain,5.473529124854897,-0.062202230718432894,-1.2784056693612338,0.008830589826998764,0.99,57,2292
Frontonasal mesenchyme,Midgut,4.810243785311112,-0.10936742591227766,-1.8161153869888413,0.04323227937304565,0.81,57,247
Frontonasal mesenchyme,Nascent somite,5.274176486011979,-0.08330370133228993,-1.649908135325888,0.022910655881348725,0.95,57,812
Frontonasal mesenchyme,Notochord,4.704570901919271,-0.2712453723311965,-2.693384727845302,0.00010858454448948737,0.13,57,219
Frontonasal mesenchyme,Olfactory placode,5.611315545232628,0.44885867497884924,3.387021681348475,0.15293683150498738,0.03,57,264
Frontonasal mesenchyme,Otic placode,5.248877371389556,0.11931990928384595,1.1707258766439927,0.00020119631356490907,0.41,57,218
Frontonasal mesenchyme,Periocular mesoderm,4.856515239698553,-0.16347384870148707,-1.593475575820059,0.0015036197947886113,0.22,57,373
Frontonasal mesenchyme,Pharyngeal endoderm,4.9288237813317295,-0.15094408250469327,-2.036143375790112,0.012199971920793197,0.61,57,819
Frontonasal mesenchyme,Pharyngeal mesoderm,5.118613845475419,-0.22111233027571808,-2.532367094415783,0.0020132336281815685,0.09,57,925
Frontonasal mesenchyme,Pre-placodal ectoderm,5.8993231955756515,0.5405296831806305,5.317187806286656,0.09521131855424049,0.0,57,869
Frontonasal mesenchyme,Prechordal plate,4.643460947468141,-0.05441164092383444,-1.6187972414737422,0.12657037600116397,0.51,57,86
Frontonasal mesenchyme,Presomitic mesoderm,5.505904171768258,-0.07810103384440037,-0.544821210839961,0.010481092651121978,0.91,57,2739
Frontonasal mesenchyme,Roof plate,5.546580571559065,0.24980839935067056,2.461715443669297,0.00041297632811254474,0.12,57,350
Frontonasal mesenchyme,Sclerotome,5.161920346387419,-0.1872276893672371,-1.0300920487699945,0.07829513090713629,0.84,57,1135
Frontonasal mesenchyme,Second heart field,5.3877948538526805,-0.03621763783291021,-0.2727082612346068,0.001980504524649743,0.95,57,2244
Frontonasal mesenchyme,Somatic mesoderm,5.5133742022479835,-0.004679442683018564,0.10519923716429139,0.0014366096997051304,0.85,57,1779
Frontonasal mesenchyme,Spinal cord (cervical),5.3975484443605914,-0.13532570749109718,-0.26192700502933475,0.09802219287208892,0.05,57,1706
Frontonasal mesenchyme,Spinal cord (thoracic),5.543482923887101,-0.03643973287476987,-0.53382424660498,1.1508324990292437e-06,0.79,57,2705
Frontonasal mesenchyme,Splanchnic mesoderm,5.586679311787104,-0.020887667987535163,0.0864634538805858,0.005594363838115662,0.64,57,3613
Frontonasal mesenchyme,Surface ectoderm,5.593355508842792,0.24432725388904464,2.574375925143298,0.0057205859980717175,0.04,57,1187
Frontonasal mesenchyme,Telencephalon,5.911284017975657,0.35991756391473473,4.098417577720123,0.024802576862875722,0.0,57,3435
Frontonasal mesenchyme,Trunk neural crest,4.46007510549667,0.2875865154173478,1.3553280361558318,0.00395921281461794,0.29,57,16
Frontonasal mesenchyme,Vagal neural crest,5.331829272340666,0.27127855099618836,2.461290463400359,0.018528205122858698,0.02,57,158
Head paraxial mesoderm,Head paraxial mesoderm,8.5,0.0,0.0,0.0,1.0,3441,3441
Head paraxial mesoderm,Hindbrain (isthmic organizer),6.015545426769155,-0.13237707403530022,-6.80991917771049,0.0034986200875429816,0.05,3441,1531
Head paraxial mesoderm,Hindbrain (r1),6.009132952912778,-0.1716491475595626,-8.85925544248755,0.0034275753335589665,0.0,3441,2128
Head paraxial mesoderm,Hindbrain (r2-r4),6.039554577520722,-0.17132818941717995,-8.844363963512984,0.0011331037124820138,0.0,3441,2189
Head paraxial mesoderm,Hindbrain (r5-r8),6.014191497489777,-0.15241819039055837,-7.551455809942513,3.1187251241816263e-06,0.0,3441,1457
Head paraxial mesoderm,Hindgut,5.168248916366441,-0.2800154983170134,-4.916128642462677,0.07717175907100135,0.91,3441,247
Head paraxial mesoderm,Hypothalamus,5.761792943084468,-0.15102939391267908,-5.565489913457259,0.004177591112207575,0.0,3441,765
Head paraxial mesoderm,Intermediate mesoderm,6.034199115649778,-0.06898909539435631,-3.225879691203098,0.0010421073358011152,0.1,3441,1173
Head paraxial mesoderm,Juxtacardiac field,5.572370164326766,-0.011661285542545011,1.5932563329583829,0.10455326725547716,0.0,3441,195
Head paraxial mesoderm,Midbrain,6.019419792906892,-0.19148806189719667,-12.053823286285114,0.004637385806804581,0.0,3441,2940
Head paraxial mesoderm,Midgut,5.37547295155809,-0.19240443938021556,-4.578344085047664,0.023929734354866783,0.41,3441,362
Head paraxial mesoderm,Nascent somite,6.046173423129719,0.03073155574822935,1.1948816201873005,0.0007872331507660365,0.97,3441,1056
Head paraxial mesoderm,Notochord,5.676595683903976,0.08543271457286543,1.8974961953767473,0.0031913899706044143,0.51,3441,288
Head paraxial mesoderm,Olfactory placode,5.606167310422651,-0.1652860221335377,-4.527767819945159,0.0010559213511855106,0.07,3441,317
Head paraxial mesoderm,Otic placode,5.609244681113759,-0.07356337927813872,-2.364232799411313,0.012208029921151494,0.56,3441,246
Head paraxial mesoderm,Periocular mesoderm,6.132437738077289,0.5362519611988684,16.43559882846373,0.009407250318517503,0.0,3441,430
Head paraxial mesoderm,Pharyngeal endoderm,5.612231879822901,-0.13773891465645072,-5.757888197204042,0.014841748892763046,0.03,3441,1138
Head paraxial mesoderm,Pharyngeal mesoderm,6.496120555813902,0.5278945275624686,23.79057197152905,0.007243481522504056,0.0,3441,1100
Head paraxial mesoderm,Pre-placodal ectoderm,5.784463213792956,-0.19609519072163728,-8.519218581573902,0.0022836794459727343,0.0,3441,1022
Head paraxial mesoderm,Prechordal plate,5.216547499853317,-0.05033768646289705,-0.40843000321743245,0.010474317632348278,0.78,3441,102
Head paraxial mesoderm,Presomitic mesoderm,6.132592928766695,-0.10352647909318573,-7.896532667183162,0.003741591104909624,0.19,3441,3260
Head paraxial mesoderm,Roof plate,5.823489439300989,-0.10385355155118396,-3.645813194085191,0.004774601607355776,0.47,3441,452
Head paraxial mesoderm,Sclerotome,6.758384315422259,0.760894446920155,35.75327718443514,0.021611534476851657,0.0,3441,1380
Head paraxial mesoderm,Second heart field,6.2658341123463375,0.2103546819230425,11.69683441845436,0.008725578610481437,0.0,3441,2711
Head paraxial mesoderm,Somatic mesoderm,6.252993365020956,0.08135754371905228,2.547797664576547,0.016368630157136507,0.0,3441,2147
Head paraxial mesoderm,Spinal cord (cervical),6.072504601777901,-0.1332127093786477,-6.861466147173093,0.0015179998001317902,0.0,3441,2173
Head paraxial mesoderm,Spinal cord (thoracic),6.152198164077159,-0.09846633705975805,-7.172392401370225,0.0011429009668059095,0.0,3441,3492
Head paraxial mesoderm,Splanchnic mesoderm,6.188361579767417,-0.05540900093490967,-6.363176966221932,0.0194035666003965,0.0,3441,4363
Head paraxial mesoderm,Surface ectoderm,5.793785991134158,-0.14126989927212877,-8.581827464976508,0.023422164878020995,0.28,3441,1362
Head paraxial mesoderm,Telencephalon,6.008692114488935,-0.2034044628453726,-14.014664390645075,0.0009935707610173013,0.0,3441,4490
Head paraxial mesoderm,Trunk neural crest,4.61967899076452,-0.30980470348374894,-1.8842930290428506,0.044629128677975013,0.15,3441,22
Head paraxial mesoderm,Vagal neural crest,5.424636323509303,-0.18514138821177925,-3.00606327793515,0.006649818578369739,0.02,3441,176
Hindbrain (isthmic organizer),Hindbrain (isthmic organizer),8.5,0.0,0.0,0.0,1.0,1531,1531
Hindbrain (isthmic organizer),Hindbrain (r1),6.999679973376129,0.7451249828899776,35.54939645518727,0.016413300860854935,0.0,1531,2128
Hindbrain (isthmic organizer),Hindbrain (r2-r4),6.7283903030524685,0.4481213390203376,21.530539162243247,0.0074964580453264216,0.0,1531,2189
Hindbrain (isthmic organizer),Hindbrain (r5-r8),6.482129343333884,0.24623603090777055,10.176763774823575,0.005399477452935964,0.0,1531,1457
Hindbrain (isthmic organizer),Hindgut,5.261513978231621,-0.2593639162545512,-5.16142162798123,0.039639399356595884,0.23,1531,247
Hindbrain (isthmic organizer),Hypothalamus,6.367495362318877,0.3836755233444018,12.950019761793847,0.006574276652061458,0.0,1531,765
Hindbrain (isthmic organizer),Intermediate mesoderm,6.194802209634239,0.021908695918243737,0.7541249106752783,0.0007569071054648383,0.65,1531,1173
Hindbrain (isthmic organizer),Juxtacardiac field,5.38882187980894,-0.26988316812535046,-4.616358957655258,0.017009537202674632,0.0,1531,195
Hindbrain (isthmic organizer),Midbrain,7.063128219126419,0.7820201515773079,40.48082307329712,0.023322968910096588,0.0,1531,2940
Hindbrain (isthmic organizer),Midgut,5.386176981778436,-0.24778276803999777,-6.016398647462605,0.020304837018440887,0.03,1531,362
Hindbrain (isthmic organizer),Nascent somite,6.139401999679804,0.05185981133351062,2.0775253577460613,0.0009158536227874737,0.28,1531,1056
Hindbrain (isthmic organizer),Notochord,5.50863383274304,-0.1524563261526497,-3.2230825755277763,0.006158447208392203,0.03,1531,288
Hindbrain (isthmic organizer),Olfactory placode,5.8536041170332345,0.016542308845894915,-0.15730469273353354,0.01525121370323854,0.28,1531,317
Hindbrain (isthmic organizer),Otic placode,5.668268413429981,-0.08105603382869682,-1.9489051281458103,0.0028145114610820202,0.76,1531,246
Hindbrain (isthmic organizer),Periocular mesoderm,5.446594538152698,-0.21846431974622682,-4.99198356676287,0.010532484182832962,0.0,1531,430
Hindbrain (isthmic organizer),Pharyngeal endoderm,5.6183867338177444,-0.20457034542484673,-7.506180009817949,0.005657049230722403,0.0,1531,1138
Hindbrain (isthmic organizer),Pharyngeal mesoderm,5.814922214027223,-0.2246965568471809,-8.67437500308833,0.0003525002179860356,0.0,1531,1100
Hindbrain (isthmic organizer),Pre-placodal ectoderm,5.983671748129248,-0.06359998739643895,-2.5661254900640595,0.0029906153943605345,0.67,1531,1022
Hindbrain (isthmic organizer),Prechordal plate,5.105128129413534,-0.2304245416341253,-3.074708521456335,0.010910783635585243,0.06,1531,102
Hindbrain (isthmic organizer),Presomitic mesoderm,6.323342802759318,0.019320492022853724,1.0339799212585925,1.8816915595836938e-05,0.57,1531,3260
Hindbrain (isthmic organizer),Roof plate,6.047343268048766,0.053164066398944776,2.283999758530729,0.0108275983306892,0.15,1531,452
Hindbrain (isthmic organizer),Sclerotome,5.984337106390401,-0.08333884249642172,-3.699748198214712,0.0034380088013199824,0.65,1531,1380
Hindbrain (isthmic organizer),Second heart field,5.86872996779375,-0.25799400133764266,-14.489376293694095,0.0015226029220988117,0.0,1531,2711
Hindbrain (isthmic organizer),Somatic mesoderm,6.031383821669027,-0.2120887641481571,-9.945707323758201,0.0022993235673713286,0.0,1531,2147
Hindbrain (isthmic organizer),Spinal cord (cervical),6.516903271230923,0.24229682680049347,10.730251530901171,0.00021457634153344566,0.0,1531,2173
Hindbrain (isthmic organizer),Spinal cord (thoracic),6.448214426609923,0.12827666754503486,7.033132304032603,0.0011149930691522298,0.0,1531,3492
Hindbrain (isthmic organizer),Splanchnic mesoderm,6.097739152948311,-0.21586438239760528,-12.642425407333015,0.0017346279364497035,0.0,1531,4363
Hindbrain (isthmic organizer),Surface ectoderm,5.791223754596746,-0.21339130451571867,-8.78171733701607,0.004376046254774916,0.0,1531,1362
Hindbrain (isthmic organizer),Telencephalon,6.775156776199875,0.49255131268331426,27.770796317579194,0.01180910452130879,0.0,1531,4490
Hindbrain (isthmic organizer),Trunk neural crest,4.9960269236542425,0.0230464509944636,0.07273172928274008,0.005554303592097017,0.82,1531,22
Hindbrain (isthmic organizer),Vagal neural crest,5.685038014248382,0.0019756950913902096,0.42997066705900694,0.00522785516122836,0.72,1531,176
Hindbrain (r1),Hindbrain (r1),8.5,0.0,0.0,0.0,1.0,2128,2128
Hindbrain (r1),Hindbrain (r2-r4),6.9589099909458705,0.6484429079876799,33.9942409793585,0.02530572465883717,0.0,2128,2189
Hindbrain (r1),Hindbrain (r5-r8),6.686803325833043,0.42033992432383016,18.85386891656677,0.006657592618349896,0.0,2128,1457
Hindbrain (r1),Hindgut,5.378989197045992,-0.1729540234306981,-3.5636187126100123,0.01173118532312816,0.2,2128,247
Hindbrain (r1),Hypothalamus,6.495754872521496,0.48215601309778516,16.235806452464445,0.016378694186046663,0.0,2128,765
Hindbrain (r1),Intermediate mesoderm,6.177760399612272,-0.02839327586841171,-1.6777727888110465,0.0021546609475937804,0.47,2128,1173
Hindbrain (r1),Juxtacardiac field,5.474446047020474,-0.20939015955345516,-3.8692969784099915,0.007638633621154908,0.0,2128,195
Hindbrain (r1),Midbrain,6.8486334287841375,0.5352493776714109,29.67769301431805,0.006950454766824736,0.0,2128,2940
Hindbrain (r1),Midgut,5.434254513246311,-0.23596759916800902,-6.240996239979279,0.012205774050644257,0.0,2128,362
Hindbrain (r1),Nascent somite,6.15198056322754,0.030834801959330527,1.472359012934744,0.00012521644151832542,0.66,2128,1056
Hindbrain (r1),Notochord,5.562692565361094,-0.12937961870307704,-2.42464087584522,0.012281398105776796,0.15,2128,288
Hindbrain (r1),Olfactory placode,5.816573926315267,-0.052669048812285624,-1.8263862611349306,0.006143053385597414,0.62,2128,317
Hindbrain (r1),Otic placode,5.721029773579507,-0.06099472388839663,-1.6845214760191036,0.00982796300282534,0.61,2128,246
Hindbrain (r1),Periocular mesoderm,5.5364297290914335,-0.16121722840315242,-3.5352533639528474,0.013643885448390762,0.16,2128,430
Hindbrain (r1),Pharyngeal endoderm,5.664066529296838,-0.1901007311200361,-7.810855488529914,0.002038742890963242,0.0,2128,1138
Hindbrain (r1),Pharyngeal mesoderm,5.8379438471802105,-0.2320222080110336,-9.41668731909362,0.003616669726641382,0.0,2128,1100
Hindbrain (r1),Pre-placodal ectoderm,5.981569664389049,-0.10111084423901999,-4.603454070193031,0.005512129506653339,0.26,2128,1022
Hindbrain (r1),Prechordal plate,5.137322107017973,-0.2293231000626704,-3.0204779654985416,0.029087190759321924,0.22,2128,102
Hindbrain (r1),Presomitic mesoderm,6.382717636805492,0.046322682999028864,2.561235805185929,0.00018246551067742272,0.02,2128,3260
Hindbrain (r1),Roof plate,6.112671904638226,0.08353863021497905,2.3256782693553504,0.0032060035830947155,0.36,2128,452
Hindbrain (r1),Sclerotome,5.96453872307089,-0.13480129828009377,-5.980656350670562,0.0005089954548649161,0.0,2128,1380
Hindbrain (r1),Second heart field,5.867421056673116,-0.29050416766468184,-15.338711545893105,0.005318107741933572,0.0,2128,2711
Hindbrain (r1),Somatic mesoderm,6.045659119220619,-0.22884901322335752,-12.017062441907187,0.0017091139973874495,0.0,2128,2147
Hindbrain (r1),Spinal cord (cervical),6.627297711249958,0.32149874803514233,16.889381620735136,0.0002228694618958288,0.0,2128,2173
Hindbrain (r1),Spinal cord (thoracic),6.5364886059269836,0.18478598482608355,10.919611213567862,0.0010070147583046774,0.0,2128,3492
Hindbrain (r1),Splanchnic mesoderm,6.080627200296388,-0.26478309479112855,-15.569684577489996,0.002242245005029082,0.0,2128,4363
Hindbrain (r1),Surface ectoderm,5.8360887998689925,-0.19915398667369258,-9.104584797774852,0.003548911571319405,0.0,2128,1362
Hindbrain (r1),Telencephalon,6.685136357984518,0.37213261314175367,22.124053342001375,0.002619901296798746,0.0,2128,4490
Hindbrain (r1),Trunk neural crest,5.022139384655026,-0.012462711985927596,-0.31146375849567165,0.09122038571489248,0.28,2128,22
Hindbrain (r1),Vagal neural crest,5.76760347404143,0.05548114593726202,1.2107466105498141,0.0027375558167878457,0.93,2128,176
Hindbrain (r2-r4),Hindbrain (r2-r4),8.5,0.0,0.0,0.0,1.0,2189,2189
Hindbrain (r2-r4),Hindbrain (r5-r8),6.936388559615246,0.6412936582342136,31.995140651832628,0.03526758698252527,0.0,2189,1457
Hindbrain (r2-r4),Hindgut,5.295813101905826,-0.2818915400252188,-5.432583613044524,0.032877234897663275,0.0,2189,247
Hindbrain (r2-r4),Hypothalamus,6.420393308449493,0.3768184796728666,13.20605466765464,0.0001798524943074232,0.0,2189,765
Hindbrain (r2-r4),Intermediate mesoderm,6.227818931033814,-0.005290772001949939,-0.22282768585857882,4.8488959627337386e-05,0.94,2189,1173
Hindbrain (r2-r4),Juxtacardiac field,5.413827813643761,-0.30179345969266674,-4.764718592727479,0.03595976567887233,0.0,2189,195
Hindbrain (r2-r4),Midbrain,6.713527954695205,0.37229031964822834,20.940007950263674,0.0056305665845290415,0.0,2189,2940
Hindbrain (r2-r4),Midgut,5.401132682109373,-0.2979112421041303,-7.64059534102466,0.026248952721137475,0.0,2189,362
Hindbrain (r2-r4),Nascent somite,6.198069482394435,0.04719594834401283,2.2450085796408783,0.005212176250234393,0.3,2189,1056
Hindbrain (r2-r4),Notochord,5.5787810412917755,-0.1417974079362668,-2.9219305233368043,0.0038737597724256396,0.0,2189,288
Hindbrain (r2-r4),Olfactory placode,5.86126692429183,-0.034779372785845496,-1.4348269370337103,0.012740491512441644,0.21,2189,317
Hindbrain (r2-r4),Otic placode,5.759708996928566,-0.05478797482516947,-1.4477947820175692,0.002856911200011636,0.99,2189,246
Hindbrain (r2-r4),Periocular mesoderm,5.549820866738233,-0.17981869556860067,-4.554631426345128,0.0028443893472799436,0.0,2189,430
Hindbrain (r2-r4),Pharyngeal endoderm,5.674728202471466,-0.2069589494357119,-8.470853726329358,0.009532481196485067,0.0,2189,1138
Hindbrain (r2-r4),Pharyngeal mesoderm,5.848580658362226,-0.25009334661083127,-10.011177582771777,0.001732424767761773,0.0,2189,1100
Hindbrain (r2-r4),Pre-placodal ectoderm,6.01551610836303,-0.09490835371931776,-4.00361621497468,0.006009443389457391,0.23,2189,1022
Hindbrain (r2-r4),Prechordal plate,5.159849090251723,-0.2384967349764778,-3.177011096879912,0.011348331989264243,0.01,2189,102
Hindbrain (r2-r4),Presomitic mesoderm,6.467550680917861,0.10201618748121977,6.325568668443883,0.0009490481570460427,0.0,2189,3260
Hindbrain (r2-r4),Roof plate,6.304824019128013,0.2449714206203201,7.195592721617428,0.00689845138638843,0.0,2189,452
Hindbrain (r2-r4),Sclerotome,6.016025398938017,-0.11221285112682189,-4.829932550022465,0.0007963588964040474,0.0,2189,1380
Hindbrain (r2-r4),Second heart field,5.888672181279041,-0.2978974250007094,-16.489156964895876,0.003565890860426263,0.0,2189,2711
Hindbrain (r2-r4),Somatic mesoderm,6.102165038581044,-0.20105369940574333,-9.822783950094234,0.0012238652659107125,0.0,2189,2147
Hindbrain (r2-r4),Spinal cord (cervical),6.732293906197916,0.39681473748342483,19.76982661779517,0.0005439512163481897,0.0,2189,2173
Hindbrain (r2-r4),Spinal cord (thoracic),6.648722906024884,0.26678886009548464,14.44413114185806,0.0016075659231762041,0.0,2189,3492
Hindbrain (r2-r4),Splanchnic mesoderm,6.155304921227239,-0.21927410407770243,-13.596093362400124,0.0011868605268374357,0.0,2189,4363
Hindbrain (r2-r4),Surface ectoderm,5.842971343578619,-0.22015141663117266,-10.495572691334777,0.003929447620846051,0.0,2189,1362
Hindbrain (r2-r4),Telencephalon,6.601861673865792,0.26037426889535603,15.918435953819902,0.002534241044297853,0.0,2189,4490
Hindbrain (r2-r4),Trunk neural crest,5.1386742599821424,0.10132295601359569,0.6390133145305611,0.031115337749990327,0.83,2189,22
Hindbrain (r2-r4),Vagal neural crest,5.910107604864912,0.16284267605746253,3.056933161305162,0.0020073455178539635,0.27,2189,176
Hindbrain (r5-r8),Hindbrain (r5-r8),8.5,0.0,0.0,0.0,1.0,1457,1457
Hindbrain (r5-r8),Hindgut,5.378150516315276,-0.15574615917416304,-3.20770920918391,0.004188902807475074,0.03,1457,247
Hindbrain (r5-r8),Hypothalamus,6.273000783910745,0.27563816768217314,8.72588606365837,0.0005941452349361,0.0,1457,765
Hindbrain (r5-r8),Intermediate mesoderm,6.195989135058203,0.005213324244847921,0.45881906442141834,0.0028437583835116244,0.47,1457,1173
Hindbrain (r5-r8),Juxtacardiac field,5.468679562951834,-0.20334797881944797,-3.2620337831788624,0.0176083239480068,0.0,1457,195
Hindbrain (r5-r8),Midbrain,6.573620971681817,0.2768013645176932,12.893992618824916,0.001067235301397703,0.0,1457,2940
Hindbrain (r5-r8),Midgut,5.433007592925466,-0.22056229599008179,-5.315378260520512,0.01139498989690177,0.0,1457,362
Hindbrain (r5-r8),Nascent somite,6.1426838118589275,0.03916437122270455,1.8910412422680025,0.004793575552752926,0.31,1457,1056
Hindbrain (r5-r8),Notochord,5.477745020730194,-0.1978556780992271,-3.60186182529921,0.04887345042948734,0.52,1457,288
Hindbrain (r5-r8),Olfactory placode,5.759974816447412,-0.09297790113953959,-2.273355413667037,0.005989879661363146,0.73,1457,317
Hindbrain (r5-r8),Otic placode,5.745771024611595,-0.02129835394325852,-1.5016934357071277,0.024466168661708483,0.05,1457,246
Hindbrain (r5-r8),Periocular mesoderm,5.537069255796561,-0.1454577768374635,-3.154485216572887,0.005704324715787843,0.01,1457,430
Hindbrain (r5-r8),Pharyngeal endoderm,5.692486824285783,-0.1453377771984726,-5.40884572953653,0.002330541992114293,0.0,1457,1138
Hindbrain (r5-r8),Pharyngeal mesoderm,5.809526791547149,-0.24763905924816085,-9.734962605735996,0.004601962953295856,0.0,1457,1100
Hindbrain (r5-r8),Pre-placodal ectoderm,5.953813186790282,-0.11276723718252264,-4.262945081754254,0.0073827128460567,0.27,1457,1022
Hindbrain (r5-r8),Prechordal plate,5.189031128033652,-0.16076493704446962,-2.3937826392605706,0.0223351534683453,0.88,1457,102
Hindbrain (r5-r8),Presomitic mesoderm,6.416293379673937,0.09283088271980085,5.104926880347914,0.005319625570538476,0.1,1457,3260
Hindbrain (r5-r8),Roof plate,6.345375673241509,0.3328391186314115,9.832169876250733,0.0011444074962384154,0.0,1457,452
Hindbrain (r5-r8),Sclerotome,5.963554371940783,-0.12095408518916233,-5.5973960225178585,0.004554324010849058,0.06,1457,1380
Hindbrain (r5-r8),Second heart field,5.912232030185845,-0.22937376463860085,-10.599062925903104,0.0034514645715148216,0.0,1457,2711
Hindbrain (r5-r8),Somatic mesoderm,6.084436880712379,-0.17336448377523084,-7.6350303280413385,0.0008699511469891798,0.0,1457,2147
Hindbrain (r5-r8),Spinal cord (cervical),6.96491929959555,0.6729166624539289,32.01941042874408,0.014626274162599033,0.0,1457,2173
Hindbrain (r5-r8),Spinal cord (thoracic),6.671955663399125,0.33579360444432754,17.570783102983473,0.0020040995134377004,0.0,1457,3492
Hindbrain (r5-r8),Splanchnic mesoderm,6.124683429672026,-0.2077570717318077,-11.416110217046196,0.0005156661136403256,0.0,1457,4363
Hindbrain (r5-r8),Surface ectoderm,5.856036193405937,-0.1657006704422992,-8.496880984281825,0.01110198552312479,0.3,1457,1362
Hindbrain (r5-r8),Telencephalon,6.4889153789131795,0.18990628535108525,9.347240593730872,0.0007312466880803173,0.0,1457,4490
Hindbrain (r5-r8),Trunk neural crest,5.071871347802429,0.0715149001492635,0.4364734476246624,0.0014816983400746143,0.77,1457,22
Hindbrain (r5-r8),Vagal neural crest,5.931095496513336,0.23811363787114548,3.746416093902099,0.006657720508819052,0.01,1457,176
Hindgut,Hindgut,8.5,0.0,0.0,0.0,1.0,247,247
Hindgut,Hypothalamus,5.348609778885424,0.07040048695427774,1.1542931106957022,0.013871900125296448,0.33,247,765
Hindgut,Intermediate mesoderm,5.14560127834061,-0.3358622984618771,-6.553704821620442,0.04767499249645468,0.01,247,1173
Hindgut,Juxtacardiac field,5.086378961852112,0.11618649618269661,1.719070349627039,0.009321322940999147,0.59,247,195
Hindgut,Midbrain,5.391983438202552,-0.19170042377299001,-4.089709684721012,0.009916663448141844,0.01,247,2940
Hindgut,Midgut,6.151858287629122,1.2153524951933015,19.743177581540383,0.013850661109673434,0.0,247,362
Hindgut,Nascent somite,5.176317604847642,-0.21067660547217817,-3.803827467377058,0.031781139122849064,0.87,247,1056
Hindgut,Notochord,5.151075018534769,0.18576096624356322,3.5695526153051333,0.1618626934315035,0.0,247,288
Hindgut,Olfactory placode,4.956896235347298,-0.17909685794690647,-2.136677139041241,0.09276516706586044,0.02,247,317
Hindgut,Otic placode,4.849322087603991,-0.2009287577201606,-1.8800189483226408,0.09992989559163176,0.0,247,246
Hindgut,Periocular mesoderm,5.111619489980465,0.1384989500909445,2.69584464616028,0.1132609253276651,0.88,247,430
Hindgut,Pharyngeal endoderm,5.81231282059509,0.6887170635284905,14.395946303350295,0.02022674117062962,0.0,247,1138
Hindgut,Pharyngeal mesoderm,5.277993791481933,-0.06509494191425406,-1.311314349922897,0.015146044576903136,0.56,247,1100
Hindgut,Pre-placodal ectoderm,5.061248301403148,-0.2872431550509133,-4.733089609183582,0.0601251474915068,0.48,247,1022
Hindgut,Prechordal plate,4.7472995783069445,0.11559237398285749,1.0868226374113326,0.019981184328032718,0.95,247,102
Hindgut,Presomitic mesoderm,5.33905936020484,-0.267742424229934,-7.01364706848365,0.0036028336367176887,0.0,247,3260
Hindgut,Roof plate,4.994830721566835,-0.30650003099188056,-4.1893152071165565,0.08164599051859589,0.74,247,452
Hindgut,Sclerotome,5.085978872113617,-0.2813616955905018,-4.924026711233151,0.07020496904227415,0.89,247,1380
Hindgut,Second heart field,5.28593603137301,-0.14117835233679651,-3.1543096190841937,0.021732544137438425,0.87,247,2711
Hindgut,Somatic mesoderm,5.141681499203163,-0.40169670388255607,-8.059372873614842,0.03206516335914205,0.0,247,2147
Hindgut,Spinal cord (cervical),5.259150468557015,-0.3159115457376223,-6.646590723633704,0.012072720481609608,0.0,247,2173
Hindgut,Spinal cord (thoracic),5.336754284723992,-0.2851769977131801,-6.661442191972449,0.029783735610704774,0.0,247,3492
Hindgut,Splanchnic mesoderm,5.211898800368104,-0.40287868118741993,-9.290062548817808,0.02934116638300775,0.0,247,4363
Hindgut,Surface ectoderm,5.0262509594092375,-0.27738670261712617,-4.861156167757758,0.03714598639321922,0.18,247,1362
Hindgut,Telencephalon,5.352993086749042,-0.23316599070030422,-5.062178546686791,0.011375476738483607,0.0,247,4490
Hindgut,Trunk neural crest,4.224107699866374,-0.06136226277817306,-0.41093173544926115,0.009592791937531653,0.91,247,22
Hindgut,Vagal neural crest,4.769940621282353,-0.2236268259413592,-2.421513400080919,0.01136973580435038,0.05,247,176
Hypothalamus,Hypothalamus,8.5,0.0,0.0,0.0,1.0,765,765
Hypothalamus,Intermediate mesoderm,5.904130775743396,-0.03255085354983489,-0.9618939082193544,0.002363679949789292,0.44,765,1173
Hypothalamus,Juxtacardiac field,5.298019054101492,-0.11947987254658798,-1.9860353820014265,0.011252788737367356,0.89,765,195
Hypothalamus,Midbrain,6.681804574903299,0.6370776113669544,23.14795469110099,0.036958935220722265,0.0,765,2940
Hypothalamus,Midgut,5.388801281473094,-0.008177741592656199,-0.21127273038513628,0.013214040843113894,0.67,765,362
Hypothalamus,Nascent somite,5.981883288897522,0.13323498105858475,3.8235296769094504,0.0004138838386325856,0.01,765,1056
Hypothalamus,Notochord,5.541844159476697,0.11385432103541622,2.2403995881680667,0.003006086762142887,0.37,765,288
Hypothalamus,Olfactory placode,5.444406537891713,-0.1534797651439499,-3.2161723073569135,0.00720241481653774,0.26,765,317
Hypothalamus,Otic placode,5.158317078941935,-0.3526845811565747,-5.3902868320304185,0.02659691930330125,0.0,765,246
Hypothalamus,Periocular mesoderm,5.368327424019999,-0.057299251437588516,-1.4133904658097636,0.0018436692906458171,0.78,765,430
Hypothalamus,Pharyngeal endoderm,5.572488057441479,-0.013476397140477067,-0.6293168783443357,0.011881071592508462,0.65,765,1138
Hypothalamus,Pharyngeal mesoderm,5.560045520038167,-0.24066429769326536,-7.204241445426675,0.0008905687965658406,0.0,765,1100
Hypothalamus,Pre-placodal ectoderm,5.534611990845711,-0.27491940152131633,-7.677491872024787,0.007857788391794945,0.0,765,1022
Hypothalamus,Prechordal plate,5.053783334916402,-0.052956028109048425,-0.07374423046091834,0.07430366752753506,0.56,765,102
Hypothalamus,Presomitic mesoderm,6.08073771810502,0.014148193061956249,0.2700971427700119,0.0034491299327471347,0.33,765,3260
Hypothalamus,Roof plate,5.573312647298216,-0.19301086152448774,-3.979228966368756,0.048546967552403404,0.07,765,452
Hypothalamus,Sclerotome,5.71838292106045,-0.11315024522851076,-3.0167348908190577,0.005681202921119138,0.1,765,1380
Hypothalamus,Second heart field,5.619206482158454,-0.27066483421442084,-10.935038316995318,0.0047541097071666216,0.0,765,2711
Hypothalamus,Somatic mesoderm,5.678289451369543,-0.3271143423164234,-11.033454104624532,0.004547675952200419,0.0,765,2147
Hypothalamus,Spinal cord (cervical),6.214214716100247,0.17925241901845249,6.7527046377462865,0.004527859398583968,0.0,765,2173
Hypothalamus,Spinal cord (thoracic),6.161769522291691,0.080764408706209,2.9703083739110987,0.0032514222797626925,0.43,765,3492
Hypothalamus,Splanchnic mesoderm,5.758368493030804,-0.31686713896375424,-12.253741923415474,0.012194106322216642,0.0,765,4363
Hypothalamus,Surface ectoderm,5.43036795608105,-0.3369950961340497,-10.204020471230521,0.000696830707463102,0.0,765,1362
Hypothalamus,Telencephalon,6.7583712990135325,0.7121864098456907,27.699868765098724,0.022841044536054043,0.0,765,4490
Hypothalamus,Trunk neural crest,4.80404011971915,0.03440986919947964,0.11368514158696395,0.009651774481645413,0.91,765,22
Hypothalamus,Vagal neural crest,5.16388975722963,-0.28764244274340456,-2.6940747988041314,0.1621052048820085,0.0,765,176
Intermediate mesoderm,Intermediate mesoderm,8.5,0.0,0.0,0.0,1.0,1173,1173
Intermediate mesoderm,Juxtacardiac field,5.265813884823753,-0.3398220049070509,-5.958501624399847,0.02888498075321724,0.0,1173,195
Intermediate mesoderm,Midbrain,6.236727622178719,0.0008377905715167463,-0.18668721237159072,0.0018028479678062017,0.68,1173,2940
Intermediate mesoderm,Midgut,5.292045826188445,-0.29558222739514645,-6.82740704025798,0.019335702153169113,0.0,1173,362
Intermediate mesoderm,Nascent somite,6.59104610295211,0.5479426773951003,19.96924603018772,0.005064733575782537,0.0,1173,1056
Intermediate mesoderm,Notochord,5.424515100471917,-0.18966379075742315,-4.010613279741769,0.004350771577312763,0.0,1173,288
Intermediate mesoderm,Olfactory placode,5.745002127681278,-0.04578475633322802,-1.3648098251960328,0.005231575942961214,0.9,1173,317
Intermediate mesoderm,Otic placode,5.715144005868915,0.010549758559019295,-0.15403793587321335,0.010306135737869369,0.88,1173,246
Intermediate mesoderm,Periocular mesoderm,5.42560151998829,-0.19997099119897666,-5.3386782743760675,8.495412808545686e-05,0.0,1173,430
Intermediate mesoderm,Pharyngeal endoderm,5.5324600578073,-0.24232163636295034,-8.7394385367828,0.004578675246343518,0.0,1173,1138
Intermediate mesoderm,Pharyngeal mesoderm,5.905492199734273,-0.08754723964317268,-3.690648846075771,0.0033455340229644813,0.47,1173,1100
Intermediate mesoderm,Pre-placodal ectoderm,5.932618653160819,-0.0716492493508234,-2.922330148919819,0.00645464954826303,0.97,1173,1022
Intermediate mesoderm,Prechordal plate,5.091169829557867,-0.20456651714672228,-2.3385556076737273,0.03434440302329216,0.11,1173,102
Intermediate mesoderm,Presomitic mesoderm,6.6808327766075,0.4212833604500424,20.012791391672106,0.008981986792042375,0.0,1173,3260
Intermediate mesoderm,Roof plate,6.006184377829878,0.04871640185661678,1.3366356567079383,0.0004607135408916735,0.53,1173,452
Intermediate mesoderm,Sclerotome,6.087326697978597,0.06462048866347232,1.5432487339939887,0.00964173332562623,0.03,1173,1380
Intermediate mesoderm,Second heart field,5.870948667673983,-0.20989094552128998,-9.06811411745984,0.0005577489163552267,0.0,1173,2711
Intermediate mesoderm,Somatic mesoderm,6.515196491236534,0.3174937963483728,13.69309472345786,0.0008475388710040956,0.0,1173,2147
Intermediate mesoderm,Spinal cord (cervical),6.310926910300921,0.08271267425779201,3.45489249923352,0.004491429598181776,0.11,1173,2173
Intermediate mesoderm,Spinal cord (thoracic),6.420297770002828,0.14570502565560073,7.345529775489026,0.0009163664074578072,0.0,1173,3492
Intermediate mesoderm,Splanchnic mesoderm,6.57682793922277,0.308190938142336,16.13241707111534,0.0029944368263096063,0.0,1173,4363
Intermediate mesoderm,Surface ectoderm,5.858540469694387,-0.10038769766538753,-3.926570049993481,0.007577326714977885,0.44,1173,1362
Intermediate mesoderm,Telencephalon,6.224904334445708,-0.010657095896679772,-0.6273547332207237,0.00037648972562943515,0.8,1173,4490
Intermediate mesoderm,Trunk neural crest,5.042893402249395,0.10042763863445832,0.5998013649661537,0.011072192537373803,0.79,1173,22
Intermediate mesoderm,Vagal neural crest,5.6360511674768174,-0.010461268120020387,0.4545527446333621,0.010954367218884717,0.67,1173,176
Juxtacardiac field,Juxtacardiac field,8.500000000000002,5.921189464667501e-16,5.9210842850818365e-06,1.0518145402946825e-30,1.0,195,195
Juxtacardiac field,Midbrain,5.459945518763473,-0.2549057304872771,-4.495909814123933,0.013314992838126639,0.0,195,2940
Juxtacardiac field,Midgut,5.263347906360096,0.1931311041998501,2.4818243231493127,0.10979473363848853,0.01,195,362
Juxtacardiac field,Nascent somite,5.286541712046824,-0.2330800451743483,-3.3328749727971236,0.061967770474392246,0.14,195,1056
Juxtacardiac field,Notochord,5.078060561660018,-0.011451049697270399,0.3768942079315818,0.0169443557440008,0.83,195,288
Juxtacardiac field,Olfactory placode,5.032556881481798,-0.2400491265988478,-1.9850143884657607,0.09792260547732927,0.33,195,317
Juxtacardiac field,Otic placode,4.95841879850762,-0.23591389916141883,-2.5524301614017575,0.02316931531397362,0.04,195,246
Juxtacardiac field,Periocular mesoderm,5.340768738106326,0.24610074822179526,6.646393901241137,0.3955145769600014,0.03,195,430
Juxtacardiac field,Pharyngeal endoderm,5.300750309937164,0.04493169138918892,1.1434504497316478,0.005989820156234107,0.78,195,1138
Juxtacardiac field,Pharyngeal mesoderm,5.908661012712392,0.43160160296462813,8.99042673858441,0.012348921877306997,0.0,195,1100
Juxtacardiac field,Pre-placodal ectoderm,5.16158507337158,-0.32609115871478345,-4.440513098139957,0.08198776701683473,0.0,195,1022
Juxtacardiac field,Prechordal plate,4.666254953109437,-0.10504259425461893,-0.31332957381449017,0.03739466330735332,0.54,195,102
Juxtacardiac field,Presomitic mesoderm,5.49688394574488,-0.24635093122503093,-5.212487044662352,0.0022567264294179076,0.0,195,3260
Juxtacardiac field,Roof plate,5.204745079163774,-0.22585876917696948,-2.760175783523587,0.04955003510322914,0.43,195,452
Juxtacardiac field,Sclerotome,5.320257202898637,-0.18430413697436107,-2.3501619011112003,0.03552586053905116,0.23,195,1380
Juxtacardiac field,Second heart field,6.425414163352596,0.8694916563357283,18.454747091870328,0.005232432833341677,0.0,195,2711
Juxtacardiac field,Somatic mesoderm,5.44091620232566,-0.23937828303448713,-3.700687884532114,0.033174743840685535,0.01,195,2147
Juxtacardiac field,Spinal cord (cervical),5.4955326308875,-0.21694379704097835,-3.3996617917440144,0.026156557340813805,0.03,195,2173
Juxtacardiac field,Spinal cord (thoracic),5.385302864073084,-0.3687486025713251,-6.189720744865338,0.0813344772552485,0.0,195,3492
Juxtacardiac field,Splanchnic mesoderm,5.541505996822011,-0.20807112566489008,-4.02210385488782,0.007896265961260557,0.01,195,4363
Juxtacardiac field,Surface ectoderm,5.124256706436744,-0.3059699157933175,-3.7634977952046427,0.09694262914725457,0.1,195,1362
Juxtacardiac field,Telencephalon,5.433611953779047,-0.28664471907434724,-5.5336330831798035,0.009814086660261994,0.0,195,4490
Juxtacardiac field,Trunk neural crest,4.178253105863317,-0.23414812061970838,-1.2166611772122584,0.004918910607973214,0.36,195,22
Juxtacardiac field,Vagal neural crest,5.006025706147606,-0.1151321287865074,-0.8186643897844803,0.07183859356060802,0.06,195,176
Midbrain,Midbrain,8.5,0.0,0.0,0.0,1.0,2940,2940
Midbrain,Midgut,5.462332301160534,-0.23846958864680978,-5.963375031305027,0.01596520180575487,0.0,2940,362
Midbrain,Nascent somite,6.161778350708675,0.010409757718636689,0.4926062146419244,0.0067875787119904074,0.97,2940,1056
Midbrain,Notochord,5.560068595019158,-0.15783555928609103,-3.287265080016921,0.012653596580760042,0.02,2940,288
Midbrain,Olfactory placode,5.904471290962494,0.0018417053095536318,-0.3645525733851924,0.013075997728631697,0.39,2940,317
Midbrain,Otic placode,5.7056828338857235,-0.10814391804023504,-2.308604379417361,0.0023041278012032977,0.22,2940,246
Midbrain,Periocular mesoderm,5.510173180784722,-0.22063075122902376,-5.777105912384737,0.010538827237933354,0.0,2940,430
Midbrain,Pharyngeal endoderm,5.657896338533695,-0.22582097058386186,-10.162264063190285,0.006455211089797303,0.0,2940,1138
Midbrain,Pharyngeal mesoderm,5.8443768546522605,-0.25668633164591775,-11.556428661943208,0.001058294129337588,0.0,2940,1100
Midbrain,Pre-placodal ectoderm,5.997077066326671,-0.11254725649718071,-5.182750567156366,0.02001790056837517,0.52,2940,1022
Midbrain,Prechordal plate,5.195962392111676,-0.20173313198248652,-2.937038187320105,0.0033349502546926217,0.01,2940,102
Midbrain,Presomitic mesoderm,6.384510692918106,0.015823451137581063,1.2703056266445671,0.0002513413474368928,0.92,2940,3260
Midbrain,Roof plate,6.089015583206809,0.02967653535184578,0.9483776442288111,0.0009589606552930152,0.93,2940,452
Midbrain,Sclerotome,5.975955979369263,-0.15347792704423271,-7.211762447883494,0.000831304019160814,0.0,2940,1380
Midbrain,Second heart field,5.864927984904848,-0.3245775833475572,-19.03423239172041,0.0015881238392664594,0.0,2940,2711
Midbrain,Somatic mesoderm,6.07878167077335,-0.2257152119408996,-12.232238408503642,0.003897915024810611,0.0,2940,2147
Midbrain,Spinal cord (cervical),6.578453655743329,0.24348706051170943,13.557024209464037,0.0011326848131335704,0.0,2940,2173
Midbrain,Spinal cord (thoracic),6.524116316924695,0.14321429565335966,9.181874202909556,0.0001222398271864682,0.0,2940,3492
Midbrain,Splanchnic mesoderm,6.125450242659224,-0.24938588535896766,-16.920244475701907,0.002415108514338911,0.0,2940,4363
Midbrain,Surface ectoderm,5.811370177404517,-0.252364628669711,-12.546230267833742,0.008803096362310418,0.0,2940,1362
Midbrain,Telencephalon,7.0525969048294215,0.7107641484037556,48.724292438472645,0.007812968406843212,0.0,2940,4490
Midbrain,Trunk neural crest,5.1210653773746095,0.06829877097471589,0.2647459879447891,0.03299907401291434,0.8,2940,22
Midbrain,Vagal neural crest,5.787246859708076,0.04330448317247241,1.4072341321181963,0.012069595338782543,0.86,2940,176
Midgut,Midgut,8.5,0.0,0.0,0.0,1.0,362,362
Midgut,Nascent somite,5.414311925645457,-0.08736541870215427,-2.0967612852079527,0.03531305928675485,0.0,362,1056
Midgut,Notochord,5.363058166779403,0.2868100209383974,5.8242364331179814,0.09555740133909225,0.51,362,288
Midgut,Olfactory placode,5.0761809898350725,-0.17548279591084062,-2.433534016108799,0.06799707465523665,0.15,362,317
Midgut,Otic placode,5.0584025225529805,-0.10711670126936094,-0.8937711582323732,0.05571702736273216,0.0,362,246
Midgut,Periocular mesoderm,5.31155395016214,0.2295803273910583,4.758314623572979,0.0893489060501081,0.7,362,430
Midgut,Pharyngeal endoderm,6.094668359221228,0.8561034526326491,20.457435106983286,0.029692443669498962,0.0,362,1138
Midgut,Pharyngeal mesoderm,5.397907323232842,-0.059988847607969596,-1.4442989229751282,0.019339024347774864,0.7,362,1100
Midgut,Pre-placodal ectoderm,5.174895782270814,-0.2931429301749023,-6.360130187224528,0.020035160775175132,0.0,362,1022
Midgut,Prechordal plate,5.042914460787855,0.2690635679079829,4.0100587271559425,0.060715040043417934,0.88,362,102
Midgut,Presomitic mesoderm,5.466028989370245,-0.2565574250217398,-7.186208005668061,0.014932641431375586,0.0,362,3260
Midgut,Roof plate,5.183629239417809,-0.2314735050768594,-4.2678384145277795,0.06146437746246315,0.53,362,452
Midgut,Sclerotome,5.305706596378394,-0.17922531441594072,-4.1988611633583055,0.006721071736924341,0.01,362,1380
Midgut,Second heart field,5.46908337473882,-0.07173206100083689,-1.9269655377133217,0.02251218554270187,0.16,362,2711
Midgut,Somatic mesoderm,5.334367554980806,-0.32733598656200397,-7.921031634275935,0.014767138134290723,0.0,362,2147
Midgut,Spinal cord (cervical),5.403885974487889,-0.2858246820944519,-7.103505117354821,0.025186065846435048,0.0,362,2173
Midgut,Spinal cord (thoracic),5.421270699363167,-0.3186945531939311,-9.626697190098323,0.022423216252903718,0.0,362,3492
Midgut,Splanchnic mesoderm,5.364050896892999,-0.3672182344452182,-9.32935342533852,0.013886676348105625,0.0,362,4363
Midgut,Surface ectoderm,5.138454172822718,-0.28655849950461754,-5.751876311882831,0.015223939520060252,0.0,362,1362
Midgut,Telencephalon,5.441390627370146,-0.2574439358675506,-6.901283978469838,0.011732047352692756,0.0,362,4490
Midgut,Trunk neural crest,4.194702147381464,-0.2257992572393106,-1.2801656371068577,0.0792942565596578,0.83,362,22
Midgut,Vagal neural crest,4.878852411979526,-0.2210853529725263,-2.517302725627704,0.021437047279302936,0.16,362,176
Nascent somite,Nascent somite,8.5,0.0,0.0,0.0,1.0,1056,1056
Nascent somite,Notochord,5.699609219647326,0.16252405910190681,4.068853766383669,0.010824008440376946,0.45,1056,288
Nascent somite,Olfactory placode,5.500726430179242,-0.20621522612096074,-4.190698493705199,0.00642748161485892,0.0,1056,317
Nascent somite,Otic placode,5.4997115210984875,-0.11129659448666225,-2.5452674286716452,0.0045592836319579754,0.42,1056,246
Nascent somite,Periocular mesoderm,5.520855535689698,-0.012259030350407762,-0.5741841169282397,0.0042180489204896865,0.74,1056,430
Nascent somite,Pharyngeal endoderm,5.671080302107582,-0.021170603350797162,-0.7333352079382326,0.0020459612246465303,0.22,1056,1138
Nascent somite,Pharyngeal mesoderm,5.859409790698916,-0.049039305732546744,-1.676540048691014,0.00040930312495872015,0.23,1056,1100
Nascent somite,Pre-placodal ectoderm,5.679080104629322,-0.23965475641303424,-8.160651579616609,0.008072029968350873,0.0,1056,1022
Nascent somite,Prechordal plate,5.168818662411173,-0.041639089184178836,0.004024056617928373,0.06282438494933928,0.31,1056,102
Nascent somite,Presomitic mesoderm,6.6795340017174505,0.5050861454874896,23.67041082770793,0.0004316017177614802,0.0,1056,3260
Nascent somite,Roof plate,5.794290664085824,-0.07142857311163968,-1.6416745248905622,0.007411357550791679,0.67,1056,452
Nascent somite,Sclerotome,6.038984805209872,0.1038575767848533,3.6225469008997035,0.007189433041089121,0.15,1056,1380
Nascent somite,Second heart field,5.801656667209947,-0.1916891807962348,-8.474388365142962,0.0019154120681528209,0.0,1056,2711
Nascent somite,Somatic mesoderm,6.084452393854143,-0.026929686777044104,-0.7825962631751938,0.0023794308459936845,0.17,1056,2147
Nascent somite,Spinal cord (cervical),6.299322187488933,0.1534247873433404,6.18296310963041,0.004513462796819858,0.0,1056,2173
Nascent somite,Spinal cord (thoracic),6.332819186532684,0.14409596270366798,6.908030606033903,0.000420634778057015,0.0,1056,3492
Nascent somite,Splanchnic mesoderm,6.062399608973739,-0.12193877395886599,-5.392664122167399,0.0053060859619119966,0.0,1056,4363
Nascent somite,Surface ectoderm,5.59583906933183,-0.27835524934158506,-10.045915875053105,0.011495031089493334,0.0,1056,1362
Nascent somite,Telencephalon,6.109410190093976,-0.04520085479365369,-1.884739853533004,0.0007558551073346886,0.21,1056,4490
Nascent somite,Trunk neural crest,4.785093999283627,-0.06614402922791207,-0.6966840113208513,0.04631899519280409,0.44,1056,22
Nascent somite,Vagal neural crest,5.414224443375393,-0.14183730004718983,-1.4280500990773455,0.04703353731164599,0.1,1056,176
Notochord,Notochord,8.5,0.0,0.0,0.0,1.0,288,288
Notochord,Olfactory placode,5.206872248697326,-0.08047109057551201,-1.4092931115816254,0.00612586548165342,0.83,288,317
Notochord,Otic placode,4.929272298720671,-0.2586519045716417,-2.742862582682928,0.037315932849376766,0.04,288,246
Notochord,Periocular mesoderm,5.402536611464343,0.28961543702727166,3.8508579429742142,0.014981109522937339,0.0,288,430
Notochord,Pharyngeal endoderm,5.715477108786412,0.45132752271906157,10.420885347358043,0.06969290263786368,0.02,288,1138
Notochord,Pharyngeal mesoderm,5.450230870451538,-0.0303868229685141,-1.2793028014100598,0.017282436758606384,0.66,288,1100
Notochord,Pre-placodal ectoderm,5.143349349747338,-0.3526730093729844,-6.1830818951426325,0.04388593515633728,0.0,288,1022
Notochord,Prechordal plate,5.752144520387745,0.9614767436873187,10.622188652821244,0.03145702885665837,0.0,288,102
Notochord,Presomitic mesoderm,5.690480865188324,-0.057905987937584946,-1.5868108104170926,0.0011562199926740651,0.73,288,3260
Notochord,Roof plate,5.272018174971663,-0.17097635985944967,-2.728759597477602,0.003817573421654775,0.02,288,452
Notochord,Sclerotome,5.54742977931966,0.028471726370384864,0.8607985522888049,0.003490113382306535,0.68,288,1380
Notochord,Second heart field,5.48175594039969,-0.08837102318014119,-2.2627985810265434,0.0011085613426632178,0.25,288,2711
Notochord,Somatic mesoderm,5.478574559662422,-0.2077785302770181,-5.556245518712068,0.00965966816689232,0.1,288,2147
Notochord,Spinal cord (cervical),5.618299732996786,-0.09910157917571698,-2.438325915725789,0.0002535823773875165,0.08,288,2173
Notochord,Spinal cord (thoracic),5.653561199309426,-0.10729491006594542,-2.94122120404974,0.0012463576882008904,0.06,288,3492
Notochord,Splanchnic mesoderm,5.433009006250111,-0.3235853465089618,-8.925699162876908,0.00014277607343306936,0.0,288,4363
Notochord,Surface ectoderm,5.068351656919181,-0.3763232134564956,-7.404829866671823,0.002701757968259031,0.0,288,1362
Notochord,Telencephalon,5.566753084573757,-0.16129097412189175,-3.786979645410351,0.020270397571728285,0.1,288,4490
Notochord,Trunk neural crest,4.500116393167143,0.10393433610444373,0.1585955320985546,0.10422414348095646,0.62,288,22
Notochord,Vagal neural crest,4.815483631234617,-0.3119864413040861,-2.045743387544363,0.14397418224564093,0.48,288,176
Olfactory placode,Olfactory placode,8.5,0.0,0.0,0.0,1.0,317,317
Olfactory placode,Otic placode,5.619677414943214,0.24587500767682938,3.890157902934906,0.0026100908209967313,0.17,317,246
Olfactory placode,Periocular mesoderm,5.20683420289492,-0.07739285889448322,-1.3053551015077411,0.05564156105806528,0.34,317,430
Olfactory placode,Pharyngeal endoderm,5.253227069251529,-0.1866485533333062,-4.083371084128557,0.021907267689027933,0.5,317,1138
Olfactory placode,Pharyngeal mesoderm,5.5718395032673484,-0.08678880009531505,-2.0601005729900934,0.0007660841309000265,0.42,317,1100
Olfactory placode,Pre-placodal ectoderm,6.616505255149513,0.9467162064636113,20.97931274243579,0.056944220959368394,0.0,317,1022
Olfactory placode,Prechordal plate,4.7905421544035365,-0.16093719449874863,-1.6213094952969673,0.0005601862305624495,0.35,317,102
Olfactory placode,Presomitic mesoderm,5.877349223051811,-0.04799086586601783,-1.3699151093371957,0.0005713847909540081,0.58,317,3260
Olfactory placode,Roof plate,5.750575385242763,0.13133394540411794,2.3276774536538083,0.004938614888039314,0.21,317,452
Olfactory placode,Sclerotome,5.509362528544478,-0.1687781720017849,-4.311084885833584,0.017235660888115227,0.74,317,1380
Olfactory placode,Second heart field,5.629601020231374,-0.11834342532592708,-2.767649386260737,0.004552651679858917,0.08,317,2711
Olfactory placode,Somatic mesoderm,5.855425013753088,-0.0057831859974338444,-0.22642756149655816,0.0016439843541114446,0.74,317,2147
Olfactory placode,Spinal cord (cervical),5.782226189733525,-0.11300979142489087,-2.8424644113024526,0.0015963562750978258,0.23,317,2173
Olfactory placode,Spinal cord (thoracic),5.897821142859741,-0.040351977281393246,-1.376590954168415,0.0041819316509890915,0.84,317,3492
Olfactory placode,Splanchnic mesoderm,5.989430743576071,0.05608174177277488,1.244506343767612,0.002637797127579433,0.77,317,4363
Olfactory placode,Surface ectoderm,6.033758147441816,0.41272532218325847,9.439160637119052,0.03205586964639905,0.0,317,1362
Olfactory placode,Telencephalon,6.221757022334635,0.3181318542561318,7.865106361157443,0.011202736278939238,0.0,317,4490
Olfactory placode,Trunk neural crest,4.848974220818061,0.237804152663973,1.0942091964867846,0.04043061787251072,0.48,317,22
Olfactory placode,Vagal neural crest,5.447987164442286,0.14473273920043686,2.3243022809733116,0.008519320065382724,0.76,317,176
Otic placode,Otic placode,8.499999999999998,-5.921189464667501e-16,-5.9210842850818365e-06,1.0518145402946825e-30,1.0,246,246
Otic placode,Periocular mesoderm,5.11823989784466,-0.07526822105966187,-0.2568082826009072,0.05611890486284748,0.28,246,430
Otic placode,Pharyngeal endoderm,5.206911962072958,-0.15220325379636565,-2.3274339904813153,0.048905083733132626,0.01,246,1138
Otic placode,Pharyngeal mesoderm,5.526909295409355,-0.037441221664750245,-0.9888040889079911,0.00863231877806329,0.52,246,1100
Otic placode,Pre-placodal ectoderm,6.28509241730854,0.7008642182655495,12.609938455470456,0.033083161970519,0.0,246,1022
Otic placode,Prechordal plate,4.771097682783307,-0.09383053186594885,-1.4769929205832317,0.02306416378502258,0.83,246,102
Otic placode,Presomitic mesoderm,5.892972229979018,0.062258519230087885,1.0053100048631145,0.0070712572360279915,0.83,246,3260
Otic placode,Roof plate,5.867769692929174,0.3466010613143646,5.5173111271909265,0.03886137923849878,0.0,246,452
Otic placode,Sclerotome,5.490766241384304,-0.10240998380188888,-2.5200491442954935,0.00846961115584408,0.92,246,1380
Otic placode,Second heart field,5.616929823038562,-0.04202889992215564,-0.7226324130033093,0.003542415266966306,0.72,246,2711
Otic placode,Somatic mesoderm,5.879948638594605,0.11123269961290205,1.8605818827700016,0.009732086618633864,0.3,246,2147
Otic placode,Spinal cord (cervical),5.717246409136226,-0.08463595835552014,-2.361204752402559,0.004890407576373302,0.77,246,2173
Otic placode,Spinal cord (thoracic),5.872303257212542,0.02048408663675823,0.20464161705222572,0.0028529526841611823,0.64,246,3492
Otic placode,Splanchnic mesoderm,6.074393220128478,0.22163632587610524,4.210271787328145,0.01644892274897476,0.0,246,4363
Otic placode,Surface ectoderm,6.305663019264425,0.7672793597794026,13.439079967666387,0.02807493764923444,0.0,246,1362
Otic placode,Telencephalon,5.752042505665032,-0.061028551200325985,-1.682578823272702,0.001902415655627479,0.78,246,4490
Otic placode,Trunk neural crest,4.7748270976565905,0.24912158339224844,1.3755651111692015,0.003910045615522303,0.4,246,22
Otic placode,Vagal neural crest,5.507732934114062,0.300656759756893,3.5522121361446444,0.009542647978772413,0.05,246,176
Periocular mesoderm,Periocular mesoderm,8.5,0.0,0.0,0.0,1.0,430,430
Periocular mesoderm,Pharyngeal endoderm,5.633909768356484,0.36571117732612013,8.17445272502667,0.009358148201687969,0.0,430,1138
Periocular mesoderm,Pharyngeal mesoderm,6.2859213729468,0.799619197825851,18.242800519443517,0.045991953259720185,0.0,430,1100
Periocular mesoderm,Pre-placodal ectoderm,5.29540525407786,-0.1998985205310042,-3.41601219432426,0.06461788932965737,0.01,430,1022
Periocular mesoderm,Prechordal plate,4.976274584399694,0.20132990815684307,1.8894984223031124,0.0024145715442120013,0.27,430,102
Periocular mesoderm,Presomitic mesoderm,5.597068766477496,-0.15531518579865602,-5.179504142535993,0.0027874847490492217,0.05,430,3260
Periocular mesoderm,Roof plate,5.442738620546462,-0.001032789482063201,-0.21986473970921483,0.0035612291558713514,0.69,430,452
Periocular mesoderm,Sclerotome,5.56979257178121,0.05208228089723713,1.1067987837756685,0.0007051015821299739,0.42,430,1380
Periocular mesoderm,Second heart field,5.953843906077861,0.37947891516354587,10.001840870768968,0.00041206448486639407,0.0,430,2711
Periocular mesoderm,Somatic mesoderm,5.540277713420296,-0.15084076185640663,-4.360851826807235,0.011161861556363168,0.32,430,2147
Periocular mesoderm,Spinal cord (cervical),5.621272510504343,-0.10043008239680695,-2.9357840288340937,0.0020629704053986573,0.41,430,2173
Periocular mesoderm,Spinal cord (thoracic),5.612607401300891,-0.15493832126994236,-5.337726988561126,0.007352872546968514,0.34,430,3492
Periocular mesoderm,Splanchnic mesoderm,5.56680452673838,-0.19407865847729244,-5.3779373750653106,0.006219065896366045,0.0,430,4363
Periocular mesoderm,Surface ectoderm,5.334550708884074,-0.11934858307659606,-3.6799218557898663,0.017873480312019113,0.61,430,1362
Periocular mesoderm,Telencephalon,5.483645803790559,-0.24430998681106342,-6.448614357837762,0.010279594193135117,0.0,430,4490
Periocular mesoderm,Trunk neural crest,4.444162215642663,0.007601209064150627,-0.184908056017714,0.0772253605124405,0.95,430,22
Periocular mesoderm,Vagal neural crest,4.9348034523510345,-0.20559140748187854,-1.3337544231184937,0.08761268913002125,0.79,430,176
Pharyngeal endoderm,Pharyngeal endoderm,8.5,0.0,0.0,0.0,1.0,1138,1138
Pharyngeal endoderm,Pharyngeal mesoderm,5.615916422266281,-0.026915521733582064,-1.0839333859863352,0.0013829844696010693,0.65,1138,1100
Pharyngeal endoderm,Pre-placodal ectoderm,5.391948271258826,-0.2619005662672764,-8.707531103813004,0.015547737432284358,0.0,1138,1022
Pharyngeal endoderm,Prechordal plate,5.8549134052337495,0.9129936202634003,12.716430860224586,0.10834984963580935,0.0,1138,102
Pharyngeal endoderm,Presomitic mesoderm,5.661298498294106,-0.2478094660357136,-12.518791072986815,0.0004075182318984123,0.0,1138,3260
Pharyngeal endoderm,Roof plate,5.438501360842188,-0.1604002186590329,-4.1351650408867995,0.025685455581771214,0.71,1138,452
Pharyngeal endoderm,Sclerotome,5.499022879068735,-0.17040767332856652,-5.011473788179379,0.03233476196525607,0.32,1138,1380
Pharyngeal endoderm,Second heart field,5.661446132894277,-0.06537480331921675,-2.731640662167964,0.00342533892755557,0.92,1138,2711
Pharyngeal endoderm,Somatic mesoderm,5.534023512360665,-0.31014252060904884,-12.855372744571733,0.009117046379964426,0.0,1138,2147
Pharyngeal endoderm,Spinal cord (cervical),5.666384612038873,-0.20976923844911757,-8.31168831541939,0.0030351844928636347,0.0,1138,2173
Pharyngeal endoderm,Spinal cord (thoracic),5.711478831523334,-0.21183644238944233,-9.686052636169045,0.0037286855841110918,0.0,1138,3492
Pharyngeal endoderm,Splanchnic mesoderm,5.564193514547317,-0.3527735400736667,-16.493109799586055,0.005468967831391011,0.0,1138,4363
Pharyngeal endoderm,Surface ectoderm,5.334039266390782,-0.2739499927262858,-9.194210450210512,0.00435682716532103,0.0,1138,1362
Pharyngeal endoderm,Telencephalon,5.616831969156039,-0.2657774571558506,-12.24025825178579,0.003262532316022708,0.0,1138,4490
Pharyngeal endoderm,Trunk neural crest,4.5065201673047985,-0.08002736734366749,-0.49429224395958277,0.03854116378989326,0.48,1138,22
Pharyngeal endoderm,Vagal neural crest,5.122683256305097,-0.1688222707098328,-2.1331841303458954,0.033699130279484915,0.54,1138,176
Pharyngeal mesoderm,Pharyngeal mesoderm,8.5,0.0,0.0,0.0,1.0,1100,1100
Pharyngeal mesoderm,Pre-placodal ectoderm,5.753595415089628,-0.11481027945425441,-4.139223015060748,0.005922217522430727,0.08,1100,1022
Pharyngeal mesoderm,Prechordal plate,5.140869089446963,-0.018818640779997804,-0.02454272842565297,0.009713147973916586,0.98,1100,102
Pharyngeal mesoderm,Presomitic mesoderm,5.979815345316762,-0.14705826163742763,-7.76246383886689,0.006044035673454124,0.08,1100,3260
Pharyngeal mesoderm,Roof plate,5.732804181508669,-0.08949350095724462,-2.6644168627015903,0.003212983578710381,0.54,1100,452
Pharyngeal mesoderm,Sclerotome,6.020581398493998,0.12957186310483385,4.274050405701671,0.00381777459824332,0.01,1100,1380
Pharyngeal mesoderm,Second heart field,6.726595983311792,0.7838059255819495,34.83634850941325,0.011252181692433045,0.0,1100,2711
Pharyngeal mesoderm,Somatic mesoderm,6.23648804306585,0.17203862979487491,6.90502888225295,0.007976802611831372,0.0,1100,2147
Pharyngeal mesoderm,Spinal cord (cervical),5.895881841845315,-0.196861063729228,-8.328598580204302,0.0008023978318714712,0.0,1100,2173
Pharyngeal mesoderm,Spinal cord (thoracic),5.918724831500698,-0.22259628577688476,-10.224399608778505,0.0013511551628302967,0.0,1100,3492
Pharyngeal mesoderm,Splanchnic mesoderm,6.2031668106639595,0.06881448614420489,2.3120148113042633,0.008174879494974736,0.24,1100,4363
Pharyngeal mesoderm,Surface ectoderm,5.785406468162113,-0.043127207098836585,-2.6784735908460555,0.019535310629196754,0.08,1100,1362
Pharyngeal mesoderm,Telencephalon,5.869718811915057,-0.23308169247433863,-11.135677493385119,0.0010795208014848208,0.0,1100,4490
Pharyngeal mesoderm,Trunk neural crest,4.7954768095833495,-0.018244035150900118,-0.03194243952676812,0.00449156746868986,0.84,1100,22
Pharyngeal mesoderm,Vagal neural crest,5.417629961656435,-0.0950333519361853,-1.7389575276021816,0.002089210179120273,0.67,1100,176
Pre-placodal ectoderm,Pre-placodal ectoderm,8.5,0.0,0.0,0.0,1.0,1022,1022
Pre-placodal ectoderm,Prechordal plate,4.889721368221081,-0.2746965746139258,-3.3397888424332254,0.008209871696022478,0.0,1022,102
Pre-placodal ectoderm,Presomitic mesoderm,6.055506001776024,-0.08023455615763897,-3.1913451600643477,0.0029713035887878906,0.21,1022,3260
Pre-placodal ectoderm,Roof plate,6.166671717451628,0.3409449914143107,8.362324989313636,0.021266279454773572,0.0,1022,452
Pre-placodal ectoderm,Sclerotome,5.681211139881394,-0.21988247827815766,-8.766913535839619,0.00442054085035771,0.0,1022,1380
Pre-placodal ectoderm,Second heart field,5.88451685496974,-0.06910589749862399,-2.8328166486887603,1.6717291713393448e-05,0.04,1022,2711
Pre-placodal ectoderm,Somatic mesoderm,6.150869844974646,0.07685612612448563,1.7362577979347231,0.02003662793953562,0.0,1022,2147
Pre-placodal ectoderm,Spinal cord (cervical),5.964506708699766,-0.14049382229855004,-5.419185565979195,0.0056411697246832836,0.01,1022,2173
Pre-placodal ectoderm,Spinal cord (thoracic),6.077728641695134,-0.07002312041535763,-3.427821666068732,0.0034350656836958228,0.89,1022,3492
Pre-placodal ectoderm,Splanchnic mesoderm,6.319277395060323,0.17427865607857354,6.5273926486678775,0.012066610573445062,0.0,1022,4363
Pre-placodal ectoderm,Surface ectoderm,6.675186409401924,0.8390172629338283,28.652495859509333,0.020591437361052664,0.0,1022,1362
Pre-placodal ectoderm,Telencephalon,6.255489861158023,0.14323064768256177,5.800348365957496,0.0007945193330962663,0.0,1022,4490
Pre-placodal ectoderm,Trunk neural crest,5.160482076516371,0.3325219211699893,1.887357032758813,0.07634771027378663,0.25,1022,22
Pre-placodal ectoderm,Vagal neural crest,5.8466613181859834,0.3330942960105574,4.887462656006641,0.03741727786521415,0.0,1022,176
Prechordal plate,Prechordal plate,8.5,0.0,0.0,0.0,1.0,102,102
Prechordal plate,Presomitic mesoderm,5.2641249993739745,-0.15815786796157827,-2.578015639566514,0.0042293022859560565,0.18,102,3260
Prechordal plate,Roof plate,5.116846280894326,0.0003587023921749477,-0.7641818717804525,0.07581528728144678,0.88,102,452
Prechordal plate,Sclerotome,5.114067718603601,-0.07015850644916781,-0.5288055711008802,0.011671686389196058,0.32,102,1380
Prechordal plate,Second heart field,5.178168822235707,-0.06025916365783305,-0.6947836767968792,0.005599778292248606,0.95,102,2711
Prechordal plate,Somatic mesoderm,5.202066564322103,-0.15448607028338124,-2.4952696670824253,0.005990246042497711,0.54,102,2147
Prechordal plate,Spinal cord (cervical),5.202051878024192,-0.1889704957487949,-3.0085375809199255,0.006539370002744019,0.43,102,2173
Prechordal plate,Spinal cord (thoracic),5.312634149340147,-0.1273297712230308,-2.4284104056180134,0.008270996277412308,0.66,102,3492
Prechordal plate,Splanchnic mesoderm,5.16925032048855,-0.2631376676150641,-4.504398801313589,0.003331075855424663,0.08,102,4363
Prechordal plate,Surface ectoderm,4.902225068523301,-0.22553740978391681,-2.9280050735301866,0.0010980903018991538,0.14,102,1362
Prechordal plate,Telencephalon,5.1988951233476906,-0.20979057343538857,-2.672501149821631,0.022059929485156147,0.04,102,4490
Prechordal plate,Trunk neural crest,3.8565140835104703,-0.2510453635731896,-1.0677486132491874,0.5245854084222038,0.3,102,22
Prechordal plate,Vagal neural crest,4.913393637103785,0.11025759591338276,0.48499011547270743,0.01891678585755842,0.5,102,176
Presomitic mesoderm,Presomitic mesoderm,8.5,0.0,0.0,0.0,1.0,3260,3260
Presomitic mesoderm,Roof plate,6.19292195207773,0.10610040302961347,3.5450083625414464,0.00046102357690769834,0.08,3260,452
Presomitic mesoderm,Sclerotome,6.135244491987286,-0.01896070102500058,-1.8337715324055595,0.005803100734972677,0.36,3260,1380
Presomitic mesoderm,Second heart field,6.008633279809739,-0.20493084097486314,-14.146428403027876,0.00045792715201649565,0.0,3260,2711
Presomitic mesoderm,Somatic mesoderm,6.2793803498248435,-0.051622159573053494,-3.3375121391922313,0.0017390671267411245,0.92,3260,2147
Presomitic mesoderm,Spinal cord (cervical),6.5440238982581365,0.1815005713726657,10.477389863096251,0.0012402343678477434,0.0,3260,2173
Presomitic mesoderm,Spinal cord (thoracic),6.811757351459725,0.4065030037396511,28.09674152672457,0.0005306087475434165,0.0,3260,3492
Presomitic mesoderm,Splanchnic mesoderm,6.522412028594869,0.12232788154415886,9.037152078249143,0.0033854160507248926,0.0,3260,4363
Presomitic mesoderm,Surface ectoderm,6.041287126357299,-0.04973877844558139,-2.1790327353297454,0.002740860878654143,0.76,3260,1362
Presomitic mesoderm,Telencephalon,6.336160341955377,-0.03222454713926659,-1.94601583892842,0.0008547507780866443,0.4,3260,4490
Presomitic mesoderm,Trunk neural crest,5.173406426027461,0.093405493527003,0.7883334549587332,0.023896577383666167,0.72,3260,22
Presomitic mesoderm,Vagal neural crest,5.796519224505829,0.023098187888049775,0.907091029896418,0.022727933731056187,0.25,3260,176
Roof plate,Roof plate,8.5,0.0,0.0,0.0,1.0,452,452
Roof plate,Sclerotome,5.821955502398388,-0.02426098650231623,-1.0147569115533361,0.008541170211151767,0.4,452,1380
Roof plate,Second heart field,5.800875456265217,-0.10368839512807397,-3.163925748050076,0.00048381948164810494,0.02,452,2711
Roof plate,Somatic mesoderm,6.088393837782699,0.06410492407848019,1.413522817989361,0.027424818535560693,0.79,452,2147
Roof plate,Spinal cord (cervical),6.452328771542228,0.4023401014529379,12.758681029002958,0.008096725093886597,0.0,452,2173
Roof plate,Spinal cord (thoracic),6.381655583933312,0.2822097961254834,9.45108271648454,0.0018521849947007378,0.0,452,3492
Roof plate,Splanchnic mesoderm,6.21597978976352,0.12427209404844468,3.187390891476673,0.020126453885511802,0.78,452,4363
Roof plate,Surface ectoderm,6.0339136025856925,0.2501921859894057,5.256361056209958,0.05279848402652355,0.01,452,1362
Roof plate,Telencephalon,6.146616024698981,0.08793089910195324,2.7280549635597633,0.0012591972385533516,0.04,452,4490
Roof plate,Trunk neural crest,5.255921530337639,0.4955844928081123,2.996285923770676,0.1462516290390445,0.65,452,22
Roof plate,Vagal neural crest,6.4355768797630235,0.9660647007927737,13.759824755468687,0.03584036460240495,0.0,452,176
Sclerotome,Sclerotome,8.5,0.0,0.0,0.0,1.0,1380,1380
Sclerotome,Second heart field,5.9588171337838745,-0.01736935527427737,-1.1171464420929198,0.006281002090334151,0.45,1380,2711
Sclerotome,Somatic mesoderm,6.211807115856023,0.11983305334081813,4.8663862484414295,0.003912259370969999,0.0,1380,2147
Sclerotome,Spinal cord (cervical),6.07162551759406,-0.051292841228994725,-2.5728773778229796,0.004750311584813743,0.34,1380,2173
Sclerotome,Spinal cord (thoracic),6.122343548072286,-0.045653076625986465,-2.8592398161656214,0.001781762326794385,0.52,1380,3492
Sclerotome,Splanchnic mesoderm,6.13496181549145,-0.02676039600272695,-2.4752024578772582,0.0060906182964602555,0.08,1380,4363
Sclerotome,Surface ectoderm,5.628797198397858,-0.2246930196239738,-8.913806227873073,0.0034076743473780728,0.0,1380,1362
Sclerotome,Telencephalon,5.982118307304407,-0.14919834472832014,-7.438206173556871,0.00039633222295644226,0.0,1380,4490
Sclerotome,Trunk neural crest,4.674488689079751,-0.16060988311371668,-0.9800943094996494,0.10825964109409864,0.62,1380,22
Sclerotome,Vagal neural crest,5.399446948746561,-0.13351211578912814,-1.833658037067723,0.0074083022720334195,0.15,1380,176
Second heart field,Second heart field,8.5,0.0,0.0,0.0,1.0,2711,2711
Second heart field,Somatic mesoderm,6.50043729663242,0.35092392698589353,20.001318073322448,0.0020051699016167437,0.0,2711,2147
Second heart field,Spinal cord (cervical),5.923792220332565,-0.257992868328067,-13.427039327219374,0.00025739287446561933,0.0,2711,2173
Second heart field,Spinal cord (thoracic),5.964081988351499,-0.2644708295000697,-17.947937515103387,0.00019865529793276472,0.0,2711,3492
Second heart field,Splanchnic mesoderm,6.467651034517977,0.24692612926320892,15.670463630775009,0.0017852801510366658,0.0,2711,4363
Second heart field,Surface ectoderm,5.923249020022133,0.011833670478442452,-0.3399408764874187,0.006721431389610958,0.51,2711,1362
Second heart field,Telencephalon,5.892353022297399,-0.2967328255961211,-17.737271416898853,0.0031822851900215545,0.0,2711,4490
Second heart field,Trunk neural crest,4.710543091125927,-0.17995827255863794,-1.1403020443462495,0.0917514164541615,0.23,2711,22
Second heart field,Vagal neural crest,5.490732213395481,-0.09674102337905015,-2.104666946892158,0.0013368223194548522,0.33,2711,176
Somatic mesoderm,Somatic mesoderm,8.5,0.0,0.0,0.0,1.0,2147,2147
Somatic mesoderm,Spinal cord (cervical),6.140091723052479,-0.15840934347663063,-7.959768599042049,0.0019653345502659205,0.0,2147,2173
Somatic mesoderm,Spinal cord (thoracic),6.241730852240136,-0.10367417427268559,-7.089044527451624,0.0016510616794888598,0.01,2147,3492
Somatic mesoderm,Splanchnic mesoderm,7.056614130623774,0.7197103534924016,43.77560271407853,0.006314647551356917,0.0,2147,4363
Somatic mesoderm,Surface ectoderm,6.183460622376413,0.153684794040033,5.570664303511626,0.011535038652553809,0.0,2147,1362
Somatic mesoderm,Telencephalon,6.132624089526,-0.17192401314402725,-11.388497167681257,0.004227041210157093,0.0,2147,4490
Somatic mesoderm,Trunk neural crest,5.098117719204173,0.08706431389284042,0.505919291646025,0.013752202699528114,1.0,2147,22
Somatic mesoderm,Vagal neural crest,5.832262505920863,0.12770408176564985,1.4440200485359818,0.03205535166772983,0.86,2147,176
Spinal cord (cervical),Spinal cord (cervical),8.5,0.0,0.0,0.0,1.0,2173,2173
Spinal cord (cervical),Spinal cord (thoracic),6.937208714026968,0.5600393664869951,37.11415868417986,0.002089367103768807,0.0,2173,3492
Spinal cord (cervical),Splanchnic mesoderm,6.162742392152988,-0.20832836819691872,-12.61631271720305,0.0013745145667807717,0.0,2173,4363
Spinal cord (cervical),Surface ectoderm,5.855927932915186,-0.20256603513966365,-8.93432204749589,0.002936364396699088,0.0,2173,1362
Spinal cord (cervical),Telencephalon,6.521104591170869,0.18127930120361935,10.68337544818955,0.000650419192792108,0.0,2173,4490
Spinal cord (cervical),Trunk neural crest,5.226165386675237,0.18563906971744645,1.2497263166455073,0.019353779053078387,0.74,2173,22
Spinal cord (cervical),Vagal neural crest,6.034404662464712,0.29406058773679317,5.808219204542577,0.011432752107582005,0.03,2173,176
Spinal cord (thoracic),Spinal cord (thoracic),8.5,0.0,0.0,0.0,1.0,3492,3492
Spinal cord (thoracic),Splanchnic mesoderm,6.286333588952054,-0.1299908660412846,-9.730453865741541,0.00010179980249152594,0.0,3492,4363
Spinal cord (thoracic),Surface ectoderm,5.993455257704646,-0.11298127240064233,-6.2221010993760935,0.0032999955397744235,0.06,3492,1362
Spinal cord (thoracic),Telencephalon,6.474323856067172,0.09144409468995522,6.95421078325248,0.0018732588467684165,0.0,3492,4490
Spinal cord (thoracic),Trunk neural crest,5.401015699974721,0.30294341416984505,2.202369108899472,0.11484202583008093,0.89,3492,22
Spinal cord (thoracic),Vagal neural crest,5.986839074867099,0.19854654859270257,3.5756965787029813,0.002492390317662265,0.01,3492,176
Splanchnic mesoderm,Splanchnic mesoderm,8.5,0.0,0.0,0.0,1.0,4363,4363
Splanchnic mesoderm,Surface ectoderm,6.467051778496049,0.3680519655137955,15.012210280415921,0.0322952833962658,0.0,4363,1362
Splanchnic mesoderm,Telencephalon,6.179991479365685,-0.19681935709307652,-15.178517306999078,0.001397570898950239,0.0,4363,4490
Splanchnic mesoderm,Trunk neural crest,5.238712320097491,0.1435632050717217,1.0286619929283805,0.007408652614756468,0.73,4363,22
Splanchnic mesoderm,Vagal neural crest,5.922706461964881,0.13611141225063092,1.9137986678723269,0.01645458381108662,0.3,4363,176
Surface ectoderm,Surface ectoderm,8.5,0.0,0.0,0.0,1.0,1362,1362
Surface ectoderm,Telencephalon,5.931254638613812,-0.13317010318668535,-6.771548796130136,0.0008708467339958079,0.0,1362,4490
Surface ectoderm,Trunk neural crest,5.103805777142759,0.3310497782348776,1.8771597867953318,0.011638846145948678,0.08,1362,22
Surface ectoderm,Vagal neural crest,5.7311713171915954,0.25978911400773175,3.137440982185096,0.05500318440685905,1.0,1362,176
Telencephalon,Telencephalon,8.5,0.0,0.0,0.0,1.0,4490,4490
Telencephalon,Trunk neural crest,5.081783461797708,0.025490959831282467,0.182329436094976,0.03211330282563949,0.91,4490,22
Telencephalon,Vagal neural crest,5.894851346581728,0.1413098529958242,3.173831002922747,0.0053206305531875425,0.34,4490,176
Trunk neural crest,Trunk neural crest,8.499999999999995,-3.552713678800501e-15,-3.5523350659166667e-05,3.7865323450608567e-29,1.0,22,22
Trunk neural crest,Vagal neural crest,5.0437597648952925,0.5789508879040243,3.02841018411085,0.044318504975213655,0.19,22,176
Vagal neural crest,Vagal neural crest,8.5,0.0,0.0,0.0,1.0,176,176
