source,target,value,norm_value,z_score,norm_value_var,p_value,source_n,target_n
Allantoic endothelial progenitor,Allantoic endothelial progenitor,8.999999999894248,-1.0658141036401503e-14,-0.00010656353298013094,9.781875224740546e-29,1.0,2031,2031
Allantoic endothelial progenitor,Allantois,7.223031503072846,1.3871434421273205,68.38642663070215,0.03988283981519283,0.0,2031,9637
Allantoic endothelial progenitor,Amniotic ectoderm,6.044497135306391,0.5817494191911319,22.159170039164746,0.03171725139970561,0.0,2031,1899
Allantoic endothelial progenitor,Anterior mesoderm,5.354180831953607,-0.027032680434373606,-0.31441382374711796,0.003110060621393024,0.32,2031,343
Allantoic endothelial progenitor,Arterial endothelial cell,5.968128330931212,0.5053544337171717,13.536181800082474,0.026315802514884138,0.0,2031,574
Allantoic endothelial progenitor,Axial progenitor,5.525046223122309,-0.32739457852904713,-12.785248786777922,0.008769462034920315,0.0,2031,2321
Allantoic endothelial progenitor,Cranial motor neuron,4.764517038218487,-0.3160986094001507,-4.514754188028673,0.006186711337899357,0.35,2031,210
Allantoic endothelial progenitor,Cranial neural crest,5.684379337085282,-0.13814019915143602,-6.875994823384468,0.045534473346438814,0.0,2031,5540
Allantoic endothelial progenitor,Dermomyotome,5.59792996269568,-0.3668958245267291,-18.971132423102194,0.0027564373259862185,0.0,2031,11171
Allantoic endothelial progenitor,Diencephalon,5.338939634666873,-0.4026981614548853,-15.358858028991989,0.003454275407943532,0.0,2031,2914
Allantoic endothelial progenitor,Endocardial cell,5.321171082279044,-0.0560017202570308,-1.3625469600556588,0.005020795323489298,0.84,2031,367
Allantoic endothelial progenitor,Endothelial cell,5.872666449364569,0.11307154315451544,3.757984356116649,0.004058191888297717,0.07,2031,1404
Allantoic endothelial progenitor,Endothelial progenitor,6.318757947195881,0.3241685647719293,14.883806836919463,0.006155644581500976,0.0,2031,4455
Allantoic endothelial progenitor,Epibranchial placode,5.872288415141451,0.31934435424644647,11.60835059130418,0.005333625672769368,0.0,2031,2681
Allantoic endothelial progenitor,Epibranchial sensory neuron,5.220788082735898,0.23864010316784245,3.2138562240372313,0.034543249951777315,0.88,2031,124
Allantoic endothelial progenitor,Epicardium,5.029839237551724,0.07837645957699942,0.9445849574828834,0.002883007468405069,0.8,2031,179
Allantoic endothelial progenitor,Epidermal progenitor,6.203860901024861,0.4754833694618424,22.34383828637007,0.012632521907271868,0.0,2031,6626
Allantoic endothelial progenitor,Extraembryonic mesoderm,5.65386253945957,0.10875852528020769,7.407817964324553,0.018204012924833243,0.6,2031,4702
Allantoic endothelial progenitor,Eye field,5.321352466880207,-0.3793465540039591,-13.660875336583146,0.007601754818270583,0.0,2031,2922
Allantoic endothelial progenitor,First heart field,5.438269622803703,-0.12270463721066467,-4.4918681305539545,0.0011611589508743686,0.0,2031,1750
Allantoic endothelial progenitor,Floor plate,5.145041519552908,-0.4513845555320219,-17.651627188909274,0.002297980604654938,0.0,2031,3466
Allantoic endothelial progenitor,Foregut,4.994889202050964,-0.29163257350941674,-10.383325678589879,0.011380010518062663,0.0,2031,1508
Allantoic endothelial progenitor,Frontonasal mesenchyme,5.632960148230478,-0.07646625186570304,-3.5959392854451875,0.024020887985139294,0.01,2031,4202
Allantoic endothelial progenitor,Head paraxial mesoderm,5.518723253754565,-0.21477439703566237,-12.004413643184867,0.00011890657558941374,0.0,2031,10089
Allantoic endothelial progenitor,Hemogenic endothelium,5.900823864931791,0.9310371147185311,8.014679383523955,0.07427468549191844,0.0,2031,73
Allantoic endothelial progenitor,Hindbrain (isthmic organizer),5.372988922266058,-0.4259435904207119,-17.026991888510533,0.005372508532763941,0.0,2031,2376
Allantoic endothelial progenitor,Hindbrain (r1),5.47233040028497,-0.41467113169771225,-19.71290113151771,0.00887945316495354,0.0,2031,6335
Allantoic endothelial progenitor,Hindbrain (r2-r4),5.518750899198776,-0.42927394519022144,-22.694851472036845,0.010127630610002276,0.0,2031,7748
Allantoic endothelial progenitor,Hindbrain (r5-r8),5.5014310588713755,-0.45956645119663886,-20.887132499133326,0.007171966810459528,0.0,2031,5781
Allantoic endothelial progenitor,Hindgut,4.917821196852281,-0.3327428626485706,-10.178662953287622,0.014195738445163544,0.0,2031,1110
Allantoic endothelial progenitor,Hypaxial myogenic progenitor,4.739285845359074,0.19422555604385172,0.6181887872854168,0.058305659824244495,0.85,953,23
Allantoic endothelial progenitor,Hypothalamus,5.212561161041304,-0.4413313863508286,-17.689730390703883,0.007404301760310378,0.0,2031,2956
Allantoic endothelial progenitor,Intermediate mesoderm,5.575449471820529,-0.2402763213189442,-10.924486512107578,0.001115103455277637,0.0,2031,2580
Allantoic endothelial progenitor,Juxtacardiac field,5.373450365754266,-0.10915790453130647,-2.930753059606545,0.009040733857213766,0.81,2031,965
Allantoic endothelial progenitor,Megakaryocyte,4.727068551068527,0.004103507539139943,-0.3568845496749695,0.05883732405563478,0.26,2031,58
Allantoic endothelial progenitor,Midbrain,5.4028288067801915,-0.4504663492318339,-21.1106694918678,0.008417947670882204,0.0,2031,7099
Allantoic endothelial progenitor,Midbrain neuron,5.133430111732424,-0.2117198667659871,-3.8504226666871832,0.013584552109022544,0.07,2031,353
Allantoic endothelial progenitor,Midgut,4.986804111613501,-0.3085456902584565,-12.52957195009961,0.007131401166693686,0.0,2031,2242
Allantoic endothelial progenitor,Myotome,4.546775055310591,-0.21473955979978734,-1.3463276135833107,0.042187776337402345,0.95,2031,65
Allantoic endothelial progenitor,Nascent somite,5.461246348039842,-0.28636405119325276,-10.940495581356785,0.020953457796208417,0.0,2031,2502
Allantoic endothelial progenitor,Notochord,5.0540975371807875,-0.26148159147907507,-7.595720489789849,0.002002322973333665,0.0,2031,749
Allantoic endothelial progenitor,Olfactory placode,5.69649581005556,0.1554604743715388,4.554950056474414,0.012865042892310066,0.38,2031,1680
Allantoic endothelial progenitor,Otic placode,5.735685524224375,0.20344389196226143,5.7610528385394595,0.05059800216002225,0.06,2031,1357
Allantoic endothelial progenitor,Periocular mesoderm,4.932648097656545,-0.27035598335189803,-6.890314185294218,0.010345950223193675,0.0,2031,798
Allantoic endothelial progenitor,Pharyngeal arch mesenchyme,5.659978933737825,-0.05309501848645226,-2.337009666985288,0.022373637140845542,0.03,2031,4615
Allantoic endothelial progenitor,Pharyngeal endoderm,5.135992589213334,-0.2745790887282841,-10.01597581145352,0.0141576370535789,0.0,2031,2292
Allantoic endothelial progenitor,Pharyngeal mesoderm,5.531114001020453,-0.14818503005937197,-6.1938639581126544,0.0011167578247090442,0.0,2031,2901
Allantoic endothelial progenitor,Pre-placodal ectoderm,5.940410152850909,0.3080990452662868,11.161510793102876,0.00840847984627965,0.0,2031,3388
Allantoic endothelial progenitor,Prechordal plate,4.341904480825507,-0.17349029272428482,-1.1216360180540372,0.029710644859024537,0.77,2031,38
Allantoic endothelial progenitor,Presomitic mesoderm,5.686838083464557,-0.3062225934162459,-17.026642541413437,0.009243586319632477,0.0,2031,9179
Allantoic endothelial progenitor,Primordial germ cell,4.842913183154948,0.09886646723988157,1.615832557093837,0.01462217496367086,0.68,2031,141
Allantoic endothelial progenitor,Roof plate,5.606063057876,-0.19184713764825792,-6.887305484632901,0.003022638980594938,0.0,2031,1779
Allantoic endothelial progenitor,Sclerotome,5.47545386226594,-0.35710862989373354,-18.187295686215283,0.002323522204740452,0.0,2031,8569
Allantoic endothelial progenitor,Second heart field,5.883085850224887,0.12403209374079882,5.89561285829432,0.0003225505215816896,0.0,2031,5333
Allantoic endothelial progenitor,Somatic mesoderm,6.457798298248953,0.4279814574080311,20.519460757133924,0.027758823104610447,0.0,2031,17045
Allantoic endothelial progenitor,Somatic motor neuron,4.740977068729663,-0.1728593832139138,-4.083229707356375,0.12031827418899822,0.56,2031,134
Allantoic endothelial progenitor,Spinal cord (cervical),5.500291009678982,-0.46558087909459456,-22.473285633532697,0.007266904927416612,0.0,2031,8692
Allantoic endothelial progenitor,Spinal cord (lumbar),5.4173790676429086,-0.3275892287942804,-10.024964441459018,0.0026439281599312144,0.0,2031,3152
Allantoic endothelial progenitor,Spinal cord (thoracic),5.580652958006946,-0.40529403727085417,-21.34825835313585,0.007504979980124702,0.0,2031,12419
Allantoic endothelial progenitor,Spinal cord interneuron,4.952740551377333,-0.16638957276770552,-2.060244887124287,0.0027344912075890713,0.62,2031,144
Allantoic endothelial progenitor,Splanchnic mesoderm,6.531340130757216,0.4436721060513766,21.93679045828898,0.009500950548908104,0.0,2031,16934
Allantoic endothelial progenitor,Surface ectoderm,6.078652892548614,0.48729651412679925,18.322893654990267,0.005045341567244836,0.0,2031,2549
Allantoic endothelial progenitor,Telencephalon,5.514570299725189,-0.3464362934939705,-16.535314289963427,0.00885331893447417,0.0,2031,9365
Allantoic endothelial progenitor,Trigeminal placode,5.843531814015705,0.21731842114952205,6.553892031728258,0.04261455307663013,0.36,2031,1875
Allantoic endothelial progenitor,Trigeminal sensory neuron,5.46560509656154,0.27515547029838433,4.808802664207349,0.029063721031156606,0.08,2031,268
Allantoic endothelial progenitor,Trunk neural crest,5.367315591501124,-0.11567929708662295,-2.580562047180115,0.006180166564191628,0.51,2031,917
Allantoic endothelial progenitor,Vagal neural crest,5.589098448522712,-0.06262817577618218,-2.07035004060635,0.0008387411680683272,0.31,2031,1902
Allantois,Allantois,8.999999999985432,1.0066022089934753e-14,0.00010064539293517338,7.047157419974373e-29,1.0,9637,9637
Allantois,Amniotic ectoderm,6.260405454724158,0.6013666787568829,29.1986515078234,0.034349455203379765,0.0,9637,1899
Allantois,Anterior mesoderm,5.495555878116373,-0.07804987114511697,-2.07797417867143,0.002028802539905221,0.49,9637,343
Allantois,Arterial endothelial cell,6.046476129007793,0.38657163803142974,10.101184448283211,0.0351150716633474,0.0,9637,574
Allantois,Axial progenitor,5.843199788118496,-0.20544466110803258,-10.914818978745862,0.020318473804807308,0.0,9637,2321
Allantois,Cranial motor neuron,4.887089199147586,-0.38983155723883617,-6.378527725804319,0.012569721892991274,0.28,9637,210
Allantois,Cranial neural crest,5.932993571698053,-0.0852203544919492,-7.486679145723446,0.024629111081939478,0.0,9637,5540
Allantois,Dermomyotome,5.772730524419107,-0.3894145087931298,-36.75406624745921,0.006493299088368672,0.0,9637,11171
Allantois,Diencephalon,5.4995668155100965,-0.4368891853187125,-25.017678556314024,0.002847880905914655,0.0,9637,2914
Allantois,Endocardial cell,5.439415751968595,-0.13266442551513938,-3.396021421700274,0.003735881407965418,0.1,9637,367
Allantois,Endothelial cell,5.986282728038002,0.03288284768092028,1.477018972790438,0.004532040362277401,0.55,9637,1404
Allantois,Endothelial progenitor,6.556459028717342,0.3658768445768308,26.303575065266656,0.01053832724737017,0.0,9637,4455
Allantois,Epibranchial placode,6.181337739074209,0.43387580662379727,24.695342469974815,0.0058194143681840485,0.0,9637,2681
Allantois,Epibranchial sensory neuron,5.468669638957041,0.2868535724959174,4.318337275089288,0.021890349636145952,0.55,9637,124
Allantois,Epicardium,5.137939862832831,-0.017748054202039103,-0.4930236835614208,0.002303531583992495,0.91,9637,179
Allantois,Epidermal progenitor,6.546996898558696,0.6251438679606759,51.58563428217517,0.027397704409311503,0.0,9637,6626
Allantois,Extraembryonic mesoderm,5.890062437562677,0.14814401741716812,11.37669995186423,0.02353855251762421,0.31,9637,4702
Allantois,Eye field,5.496308673233661,-0.39824695698474394,-20.713702116136943,0.004405054159849117,0.0,9637,2922
Allantois,First heart field,5.564278126628952,-0.1916743132327019,-9.314386484694344,0.000916670319477985,0.0,9637,1750
Allantois,Floor plate,5.267229315859493,-0.5258976163740247,-32.5574454963761,0.0020537224138696105,0.0,9637,3466
Allantois,Foregut,5.124976973624258,-0.3540331906256154,-16.459650941614782,0.008549244117316208,0.0,9637,1508
Allantois,Frontonasal mesenchyme,5.884798255337653,-0.020604248477484138,-1.0950724287555265,0.014881836670654054,0.0,9637,4202
Allantois,Head paraxial mesoderm,5.6546141745375635,-0.2732505881728334,-24.869228475306883,0.0001267640089926442,0.0,9637,10089
Allantois,Hemogenic endothelium,5.984419238251281,0.8125460380761206,7.456477180735466,0.047369939540383446,0.0,9637,73
Allantois,Hindbrain (isthmic organizer),5.5367439258842905,-0.4576379759061269,-25.63883205329329,0.001992511701786609,0.0,9637,2376
Allantois,Hindbrain (r1),5.630612172849212,-0.45310904615119235,-33.12064115105991,0.00983406524946997,0.0,9637,6335
Allantois,Hindbrain (r2-r4),5.689694061010719,-0.4530454127546542,-36.78711480946991,0.008331709525969525,0.0,9637,7748
Allantois,Hindbrain (r5-r8),5.7050389165221125,-0.4515968010476185,-30.68310486220619,0.003106795710204782,0.0,9637,5781
Allantois,Hindgut,5.080155791643867,-0.36495319452991765,-14.29914657753041,0.01821444280602267,0.0,9637,1110
Allantois,Hypaxial myogenic progenitor,4.819416530244023,0.07827445508430664,0.36589421517268017,0.004645359078547925,0.83,6356,23
Allantois,Hypothalamus,5.351760681601056,-0.4962254175197612,-27.19262694750275,0.004696930619292238,0.0,9637,2956
Allantois,Intermediate mesoderm,5.855386470084059,-0.15965772962051528,-9.651666419104778,0.00962245485787045,0.0,9637,2580
Allantois,Juxtacardiac field,5.568525923545528,-0.1095320611359396,-4.044107984363399,0.007996713276965665,0.15,9637,965
Allantois,Megakaryocyte,4.999126527998502,0.04774172226655112,0.14980071085266336,0.06369427902463742,0.35,9637,58
Allantois,Midbrain,5.57384759673603,-0.47714790773006577,-35.22850491417925,0.0067990125867751095,0.0,9637,7099
Allantois,Midbrain neuron,5.3150818488750415,-0.22055100650787254,-4.75120600647852,0.009020322698689335,0.03,9637,353
Allantois,Midgut,5.110392384763322,-0.38143213339887644,-18.288677265718547,0.014663065513694467,0.0,9637,2242
Allantois,Myotome,4.748196598943825,-0.2072508891627732,-1.9073667054192132,0.010454776953552559,0.4,9637,65
Allantois,Nascent somite,5.665733465649601,-0.2759368068279701,-14.366534276153741,0.03933053709676101,0.0,9637,2502
Allantois,Notochord,5.144972071478231,-0.36850617444892375,-12.493284142959562,0.0010248731522530868,0.0,9637,749
Allantois,Olfactory placode,5.946921269561842,0.2123925498639879,11.11597397792132,0.040395257425486504,0.0,9637,1680
Allantois,Otic placode,6.003207834902046,0.2736170491043201,11.71693338443144,0.030241805577331485,0.0,9637,1357
Allantois,Periocular mesoderm,5.06355941207613,-0.3349960682501664,-11.929736525721607,0.004222558641390909,0.0,9637,798
Allantois,Pharyngeal arch mesenchyme,5.910699208910464,-0.0006852670449510138,1.281626125901609,0.02508448529245264,0.0,9637,4615
Allantois,Pharyngeal endoderm,5.280403871393106,-0.3232670664873026,-15.886556240625216,0.00503602840430934,0.0,9637,2292
Allantois,Pharyngeal mesoderm,5.705762062265538,-0.16654543231210925,-9.570825185325427,0.002388060190509057,0.0,9637,2901
Allantois,Pre-placodal ectoderm,6.141322366186952,0.31552036525574617,20.74241652603038,0.027131475876750515,0.0,9637,3388
Allantois,Prechordal plate,4.467912922875988,-0.2421311718049298,-1.6282342570472002,0.0744562300354516,0.87,9637,38
Allantois,Presomitic mesoderm,6.0451903099427255,-0.14158911816422215,-12.65590631643351,0.02510166640333367,0.01,9637,9179
Allantois,Primordial germ cell,5.097812311763334,0.15924030404061718,2.316497445904648,0.006290410885280947,0.16,9637,141
Allantois,Roof plate,5.921489481235827,-0.07308038255250615,-2.9922114889027136,0.0016319655506147474,0.09,9637,1779
Allantois,Sclerotome,5.638292843041627,-0.39140825983764554,-36.42823289166934,0.001480586973468369,0.0,9637,8569
Allantois,Second heart field,6.03836013396111,0.08294938195156625,6.124916492908455,0.0061263667329731365,0.89,9637,5333
Allantois,Somatic mesoderm,6.678760466170464,0.4531102450433222,44.66524687350741,0.046290880719997304,0.0,9637,17045
Allantois,Somatic motor neuron,4.894199529932565,-0.21006528474736333,-3.86215322963984,0.07060381952780623,0.86,9637,134
Allantois,Spinal cord (cervical),5.708365009154016,-0.4523789229029684,-39.365373379502465,0.006696223150813215,0.0,9637,8692
Allantois,Spinal cord (lumbar),5.710222804860219,-0.22989286248675503,-11.838091944425523,0.0009182614719188256,0.0,9637,3152
Allantois,Spinal cord (thoracic),5.811607819591525,-0.3690473562285093,-34.62003365319402,0.006262755796150061,0.0,9637,12419
Allantois,Spinal cord interneuron,5.060650872817903,-0.2430205778402478,-3.2596371357554266,0.00459350565103051,0.2,9637,144
Allantois,Splanchnic mesoderm,6.985750418888604,0.702490601931402,70.17011486137797,0.023122709819592725,0.0,9637,16934
Allantois,Surface ectoderm,6.286237186572664,0.5019001360850854,26.796347675784048,0.005480290974720005,0.0,9637,2549
Allantois,Telencephalon,5.722192094977564,-0.3342665076947388,-29.51890728268954,0.005129046785998869,0.0,9637,9365
Allantois,Trigeminal placode,6.03363416667158,0.2105258971547439,10.613676897832294,0.05084750259434663,0.1,9637,1875
Allantois,Trigeminal sensory neuron,5.634810677135033,0.24002655743709678,4.989905564445251,0.04989966024074477,0.32,9637,268
Allantois,Trunk neural crest,5.758775014794985,0.0790062253697359,2.0414674816692746,0.014532410175295375,0.0,9637,917
Allantois,Vagal neural crest,5.887949030823536,0.041817166387578375,2.283833742907551,0.004121569355669176,0.78,9637,1902
Amniotic ectoderm,Amniotic ectoderm,9.000000000110449,-7.697546304067751e-15,-7.695895295033334e-05,3.6077238732107605e-28,1.0,1899,1899
Amniotic ectoderm,Anterior mesoderm,5.115032528069037,-0.0959821078496077,-1.5324341463359057,0.013014635888105676,0.52,1899,343
Amniotic ectoderm,Arterial endothelial cell,5.469431123060024,0.18037084411833573,5.110701700547349,0.027538538472688282,0.09,1899,574
Amniotic ectoderm,Axial progenitor,5.277909345320146,-0.4001510345790047,-16.37546099398685,0.005926627302771957,0.0,1899,2321
Amniotic ectoderm,Cranial motor neuron,4.662952387517147,-0.2310513686447718,-4.163392406005074,0.040737341559502684,0.99,1899,210
Amniotic ectoderm,Cranial neural crest,5.407283126799598,-0.24073365049189407,-10.552456870424338,0.0008191536186154144,0.0,1899,5540
Amniotic ectoderm,Dermomyotome,5.29892378079582,-0.4909401332593231,-25.99781497174757,0.006700371472015395,0.0,1899,11171
Amniotic ectoderm,Diencephalon,5.12579497634093,-0.4379102700797697,-17.195420106258865,0.017823982865853964,0.0,1899,2914
Amniotic ectoderm,Endocardial cell,5.0426379593070285,-0.16061348725564292,-3.8964172130378594,0.005830185177436488,0.1,1899,367
Amniotic ectoderm,Endothelial cell,5.4710219644229,-0.11673092513153034,-4.366367915942317,0.001796599811301791,0.0,1899,1404
Amniotic ectoderm,Endothelial progenitor,5.619489042848755,-0.20139791566220624,-9.091935373893278,0.02149045141274262,0.0,1899,4455
Amniotic ectoderm,Epibranchial placode,6.139360881922712,0.7625987333986673,28.824714998829467,0.033956589457884226,0.0,1899,2681
Amniotic ectoderm,Epibranchial sensory neuron,5.128497400822873,0.3267658559896202,4.675423289298851,0.07077605402514967,0.85,1899,124
Amniotic ectoderm,Epicardium,4.843849733078946,0.06879395868752584,0.23203422725140443,0.041602491896351804,0.2,1899,179
Amniotic ectoderm,Epidermal progenitor,6.418471908756512,0.8651392569714126,42.2018356314594,0.006817070193054508,0.0,1899,6626
Amniotic ectoderm,Extraembryonic mesoderm,5.425615131548817,0.05498750440945225,2.357175275923742,0.022208301894632382,0.0,1899,4702
Amniotic ectoderm,Eye field,5.108008659899325,-0.4187507046418168,-15.30753192717995,0.011464441300090106,0.0,1899,2922
Amniotic ectoderm,First heart field,5.281677815246599,-0.10729492516115968,-3.9071781295642416,0.00021381308679691577,0.0,1899,1750
Amniotic ectoderm,Floor plate,4.982675716653813,-0.44057980185640727,-16.731631572325014,0.0028831736098813595,0.0,1899,3466
Amniotic ectoderm,Foregut,4.9219379430905335,-0.19037843258237963,-6.974403176109431,0.007930251488558604,0.0,1899,1508
Amniotic ectoderm,Frontonasal mesenchyme,5.409915438222673,-0.12531510269068313,-5.058312913551339,0.0017401374955878415,0.0,1899,4202
Amniotic ectoderm,Head paraxial mesoderm,5.259881724603104,-0.29784104785729176,-16.008791489279037,0.003866995890916436,0.0,1899,10089
Amniotic ectoderm,Hemogenic endothelium,5.067264847189668,0.2679485966678194,2.215522421950893,0.11545148547087963,0.33,1899,73
Amniotic ectoderm,Hindbrain (isthmic organizer),5.138898185677417,-0.4849904912458441,-18.560084863236614,0.007466410406752731,0.0,1899,2376
Amniotic ectoderm,Hindbrain (r1),5.2212539836902705,-0.491473078639116,-22.56378895406543,0.012533608088475224,0.0,1899,6335
Amniotic ectoderm,Hindbrain (r2-r4),5.262986120113598,-0.5084524136939086,-25.646381722270224,0.010765359271960586,0.0,1899,7748
Amniotic ectoderm,Hindbrain (r5-r8),5.250422514280198,-0.535098364475207,-24.682101987310237,0.011850713000930362,0.0,1899,5781
Amniotic ectoderm,Hindgut,4.889123933764915,-0.18567852121649744,-6.654476820226073,0.011264243543752911,0.01,1899,1110
Amniotic ectoderm,Hypaxial myogenic progenitor,4.258963268522661,-0.07771531306784718,-0.5288937356497222,0.00031764859302654613,0.92,1125,23
Amniotic ectoderm,Hypothalamus,5.0557800262586925,-0.42017605545023073,-17.01671594899348,0.005823909290514968,0.0,1899,2956
Amniotic ectoderm,Intermediate mesoderm,5.27826638907337,-0.36232707723929963,-16.679118892543148,0.007021072044105984,0.0,1899,2580
Amniotic ectoderm,Juxtacardiac field,5.196706554020731,-0.11228471709397574,-3.015854171158591,0.016631220748394872,0.44,1899,965
Amniotic ectoderm,Megakaryocyte,4.412326713488004,-0.15310008125664845,-1.029190691345779,0.05759593227325499,0.2,1899,58
Amniotic ectoderm,Midbrain,5.194268652404028,-0.4869158338374131,-22.86067428711262,0.011842500596758012,0.0,1899,7099
Amniotic ectoderm,Midbrain neuron,4.916798715341394,-0.24267632919148152,-4.722035522194432,0.024538929990755222,0.02,1899,353
Amniotic ectoderm,Midgut,4.9036551768470344,-0.21950873676439434,-8.88916193990701,0.005143261962557037,0.0,1899,2242
Amniotic ectoderm,Myotome,4.380354748365849,-0.2161139060514389,-1.8062642038877632,0.04036915410412372,0.69,1899,65
Amniotic ectoderm,Nascent somite,5.239005510988184,-0.33240086502389116,-13.846587943991901,0.022975548531904692,0.0,1899,2502
Amniotic ectoderm,Notochord,4.9031516008131275,-0.23912266808591878,-6.401273883599081,0.0028411562269469864,0.0,1899,749
Amniotic ectoderm,Olfactory placode,5.5776060537406424,0.2130002448228101,6.747467619986097,0.005268362672543799,0.0,1899,1680
Amniotic ectoderm,Otic placode,5.6485402651381795,0.2896730261316132,10.065447965020725,0.056906688670891825,0.0,1899,1357
Amniotic ectoderm,Periocular mesoderm,4.842955126172117,-0.1820263699537863,-4.721282244639693,0.00829566453313083,0.0,1899,798
Amniotic ectoderm,Pharyngeal arch mesenchyme,5.418442967519963,-0.12186332303864737,-5.250426787052693,0.00020089422550452664,0.0,1899,4615
Amniotic ectoderm,Pharyngeal endoderm,5.0203562036904215,-0.21384616583965332,-8.566869179575166,0.004007935026630563,0.0,1899,2292
Amniotic ectoderm,Pharyngeal mesoderm,5.237422873602646,-0.2667811405441129,-12.472200224021615,0.004126492061740335,0.0,1899,2901
Amniotic ectoderm,Pre-placodal ectoderm,5.845223752738856,0.3879289468451261,14.89384990724377,0.02499981436670596,0.0,1899,3388
Amniotic ectoderm,Prechordal plate,4.149326623679504,-0.18709044447128584,-1.1135959020393187,0.09546613675709645,0.91,1899,38
Amniotic ectoderm,Presomitic mesoderm,5.41994417632696,-0.39577380370975135,-21.50454904750058,0.0053707837762008515,0.0,1899,9179
Amniotic ectoderm,Primordial germ cell,5.1062591294446245,0.5317293576121287,7.395955761298773,0.03558867044879083,0.0,1899,141
Amniotic ectoderm,Roof plate,5.32018386181207,-0.3031394788683392,-10.869150882192463,0.009079579403921128,0.0,1899,1779
Amniotic ectoderm,Sclerotome,5.240865842257584,-0.41982670860984,-19.90731122133228,0.004401178171101741,0.0,1899,8569
Amniotic ectoderm,Second heart field,5.530959180340639,-0.0538334469335681,-2.273309737546994,0.004399116664107807,0.21,1899,5333
Amniotic ectoderm,Somatic mesoderm,5.79939138817345,-0.053868676282680106,-2.4736723233459124,0.0015131225578356934,0.23,1899,17045
Amniotic ectoderm,Somatic motor neuron,4.566175852110915,-0.1873546753903499,-3.1594239825461368,0.052370625071960795,0.84,1899,134
Amniotic ectoderm,Spinal cord (cervical),5.253873135192811,-0.5376871263343513,-27.03032804561681,0.0069029761191444355,0.0,1899,8692
Amniotic ectoderm,Spinal cord (lumbar),5.176760708352428,-0.3913456568422671,-13.207278976875884,0.011589335370616212,0.0,1899,3152
Amniotic ectoderm,Spinal cord (thoracic),5.317881231515639,-0.491495824177863,-27.65350885325891,0.011972875814793327,0.0,1899,12419
Amniotic ectoderm,Spinal cord interneuron,4.68309176877163,-0.2774099642037055,-2.979029287552134,0.00850606116857138,0.15,1899,144
Amniotic ectoderm,Splanchnic mesoderm,5.876827060015278,-0.03601185327258053,-1.5128007979467444,0.007333902318689067,0.0,1899,16934
Amniotic ectoderm,Surface ectoderm,6.475208163622408,1.0623968003594824,40.68211928131846,0.04005391099900077,0.0,1899,2549
Amniotic ectoderm,Telencephalon,5.287486165039234,-0.4000867341558371,-18.734897466335912,0.010751170221153732,0.0,1899,9365
Amniotic ectoderm,Trigeminal placode,5.59225681229373,0.1387267420564807,4.898652253572699,0.0019500377054379146,0.0,1899,1875
Amniotic ectoderm,Trigeminal sensory neuron,5.426619834022294,0.41005108572652765,6.218937551571831,0.021661102831788872,0.0,1899,268
Amniotic ectoderm,Trunk neural crest,5.139221774813158,-0.16935555756935047,-4.609155606469878,0.003521470767965995,0.02,1899,917
Amniotic ectoderm,Vagal neural crest,5.328743892347376,-0.14474374311749175,-4.79955022261603,0.0007616653778408512,0.0,1899,1902
Anterior mesoderm,Anterior mesoderm,9.00000000027073,7.105427357601002e-15,7.103913067453334e-05,2.6505726415425997e-28,1.0,343,343
Anterior mesoderm,Arterial endothelial cell,5.477030077464054,0.27286151170113904,4.6691245070267735,0.017069985991828397,0.0,343,574
Anterior mesoderm,Axial progenitor,5.354245770249405,-0.24170973168391155,-5.539879738049422,0.007475476716568964,0.0,343,2321
Anterior mesoderm,Cranial motor neuron,4.79850908864995,-0.0038045322184008987,-0.7548803854484266,0.05350152743914601,0.31,343,210
Anterior mesoderm,Cranial neural crest,5.266252804932424,-0.3003338976142116,-6.567596253501765,0.0020157297986125875,0.0,343,5540
Anterior mesoderm,Dermomyotome,5.645070945777444,-0.06271227816107967,-1.3728604396905897,0.012922189886793122,0.33,343,11171
Anterior mesoderm,Diencephalon,5.1775496931310485,-0.31019502388080095,-5.864733512777984,0.004744173740558091,0.0,343,2914
Anterior mesoderm,Endocardial cell,5.564242696070131,0.44170057777383676,7.2137596017258145,0.005677229212539128,0.0,343,367
Anterior mesoderm,Endothelial cell,6.097028936641103,0.5981759541361207,12.797066374359396,0.010956510623087869,0.0,343,1404
Anterior mesoderm,Endothelial progenitor,6.465579062399461,0.7309714720895139,15.352513101225334,0.017403426062513633,0.0,343,4455
Anterior mesoderm,Epibranchial placode,5.12177911509609,-0.17429457688602756,-3.2723298037954707,0.007208769022737926,0.01,343,2681
Anterior mesoderm,Epibranchial sensory neuron,4.557424442586971,-0.14570565919498848,-1.506197044180717,0.009321367745030265,0.84,343,124
Anterior mesoderm,Epicardium,4.948210695098963,0.25270765795812533,2.16307505552491,0.009903558354203708,0.12,343,179
Anterior mesoderm,Epidermal progenitor,5.374785986371607,-0.08938012763774388,-1.9469140365408462,0.0010274357078226917,0.11,343,6626
Anterior mesoderm,Extraembryonic mesoderm,5.337859932987591,0.05354817940222626,1.5580858129223802,0.008159781979694476,0.31,343,4702
Anterior mesoderm,Eye field,5.122433974529982,-0.31446705548326587,-6.13245506854762,0.00742498515177477,0.0,343,2922
Anterior mesoderm,First heart field,5.633778254693605,0.3302813620873926,8.2088810284438,0.0029060919007454526,0.0,343,1750
Anterior mesoderm,Floor plate,5.137035758231907,-0.1988065250752733,-3.8528062070496354,0.000734551566017401,0.0,343,3466
Anterior mesoderm,Foregut,5.095198849699461,0.07135679466273477,1.730683098522792,0.008448008107163153,0.56,343,1508
Anterior mesoderm,Frontonasal mesenchyme,5.160066986716814,-0.29196539909270963,-6.13794587892212,0.006167817688923801,0.0,343,4202
Anterior mesoderm,Head paraxial mesoderm,6.5840902761770765,1.105061983986461,27.32076110329759,0.011668388748894615,0.0,343,10089
Anterior mesoderm,Hemogenic endothelium,4.591018480309269,-0.11436721438972845,-0.9939713635922932,0.05988718824907999,0.25,343,73
Anterior mesoderm,Hindbrain (isthmic organizer),5.195890077964163,-0.3437388991503913,-7.313066821936586,0.011461947425174007,0.0,343,2376
Anterior mesoderm,Hindbrain (r1),5.286124163841106,-0.3470215714436489,-7.301507271381069,0.011146649252297445,0.0,343,6335
Anterior mesoderm,Hindbrain (r2-r4),5.35298171186573,-0.33566006842394697,-7.029974098549858,0.010732315554849435,0.0,343,7748
Anterior mesoderm,Hindbrain (r5-r8),5.360727227844009,-0.34388667912341414,-7.6162911829429945,0.01255523175201866,0.0,343,5781
Anterior mesoderm,Hindgut,4.9113607456255854,-0.0815236500542967,-1.6052995441832811,0.0036958213962110633,0.89,343,1110
Anterior mesoderm,Hypaxial myogenic progenitor,4.134807959730475,-0.1268837570737511,-0.3243320301721985,0.04414116586913808,0.86,163,23
Anterior mesoderm,Hypothalamus,5.079220678213562,-0.3120970068159578,-7.04690510770173,0.0050539233140257,0.0,343,2956
Anterior mesoderm,Intermediate mesoderm,5.3987010044257415,-0.1548345418798102,-3.3426076253858743,0.0018280647095774843,0.01,343,2580
Anterior mesoderm,Juxtacardiac field,5.629757048486975,0.40567548142373094,8.716108348640455,0.018541582369336496,0.0,343,965
Anterior mesoderm,Megakaryocyte,4.306784893791352,-0.15977945059863843,-1.109540964899482,0.016017996467328058,0.61,343,58
Anterior mesoderm,Midbrain,5.245693122771061,-0.3452225355992284,-7.513192777722601,0.02010049672274684,0.0,343,7099
Anterior mesoderm,Midbrain neuron,4.881925141927385,-0.1944137701726373,-2.5312662448553986,0.009591799006353404,0.13,343,353
Anterior mesoderm,Midgut,5.010961810464454,-0.030849379325403586,-0.683063819713805,0.001623526213912312,0.86,343,2242
Anterior mesoderm,Myotome,4.5268440491688455,0.028086734216545395,0.40034842454957137,0.03027594826537158,0.55,343,65
Anterior mesoderm,Nascent somite,5.370098211173302,-0.11345724749495734,-2.3696727794763164,0.007553737008576103,0.7,343,2502
Anterior mesoderm,Notochord,5.020761625047732,-0.03601211837922206,-0.48499982158925503,0.009737981335077035,0.88,343,749
Anterior mesoderm,Olfactory placode,5.106988242530028,-0.1752662104347801,-3.169689400672313,0.0018918522833993342,0.05,343,1680
Anterior mesoderm,Otic placode,5.121423100714229,-0.15802782123441408,-2.761397702709107,0.0010249560330771667,0.02,343,1357
Anterior mesoderm,Periocular mesoderm,5.481959816329923,0.5413747683806616,9.05925143719464,0.00676994198210223,0.0,343,798
Anterior mesoderm,Pharyngeal arch mesenchyme,5.1763853464795835,-0.27425515787311144,-5.700376475551443,0.0007519229501096903,0.0,343,4615
Anterior mesoderm,Pharyngeal endoderm,5.224127208167832,0.07514577736413781,1.6849645094522032,0.016797169099902583,0.52,343,2292
Anterior mesoderm,Pharyngeal mesoderm,6.603293307050746,1.1817201003897282,26.31406844062344,0.027540530790703104,0.0,343,2901
Anterior mesoderm,Pre-placodal ectoderm,5.256568019329637,-0.11175722129087677,-2.3077535007382464,0.000687047719355184,0.14,343,3388
Anterior mesoderm,Prechordal plate,4.334032040606334,0.09296548286210198,0.5985112264507823,0.004195360807621582,0.63,343,38
Anterior mesoderm,Presomitic mesoderm,5.488016295808824,-0.24166578493255267,-6.300549474156405,0.006852315373012865,0.0,343,9179
Anterior mesoderm,Primordial germ cell,4.339894572730318,-0.14590896801026032,-1.763747372168142,0.004576751775562125,0.17,343,141
Anterior mesoderm,Roof plate,5.278181631481725,-0.2619034972428933,-5.030445103623648,0.013289194913658302,0.01,343,1779
Anterior mesoderm,Sclerotome,5.614662268747942,0.04349204170750672,1.6204424444251855,0.01286721796029296,0.11,343,8569
Anterior mesoderm,Second heart field,6.043265346307305,0.5424581249039283,12.441110434632144,0.005666441971398776,0.0,343,5333
Anterior mesoderm,Somatic mesoderm,5.7513935746057046,-0.022869645229461593,-0.2889509886310278,0.0037128444942326616,0.4,343,17045
Anterior mesoderm,Somatic motor neuron,4.570254651095602,-0.07845190944673892,-1.13330667373727,0.012024467687524467,0.93,343,134
Anterior mesoderm,Spinal cord (cervical),5.362349063108279,-0.3485665919439569,-7.677436684540253,0.006372350678056201,0.0,343,8692
Anterior mesoderm,Spinal cord (lumbar),5.28295506135455,-0.2053026511736983,-3.665627412922356,0.012588179514444901,0.12,343,3152
Anterior mesoderm,Spinal cord (thoracic),5.4299644417142074,-0.29360070498868723,-6.8813279548782225,0.007813267394176359,0.0,343,12419
Anterior mesoderm,Spinal cord interneuron,4.747499668260853,-0.12079827032978703,-0.8949260024614137,0.025124067054119653,0.6,343,144
Anterior mesoderm,Splanchnic mesoderm,5.7542934250204,-0.07365828085843724,-1.5140330036749614,0.0006377057906373729,0.18,343,16934
Anterior mesoderm,Surface ectoderm,5.277880039150188,-0.05130728632533277,-0.6934828963612437,0.007507255499503311,0.32,343,2549
Anterior mesoderm,Telencephalon,5.239323537708271,-0.3625399670172387,-7.365945557125239,0.005333053353298928,0.0,343,9365
Anterior mesoderm,Trigeminal placode,5.2214133807433125,-0.14592776478626815,-2.9350143229609835,0.0008559640710264001,0.05,343,1875
Anterior mesoderm,Trigeminal sensory neuron,4.958746626892427,0.030752404895587244,0.17709017524351886,0.020848868012593676,0.8,343,268
Anterior mesoderm,Trunk neural crest,4.999264520079241,-0.22605244803937552,-3.4972853115417224,0.0070222695295194485,0.02,343,917
Anterior mesoderm,Vagal neural crest,5.202929022238426,-0.18785482874621717,-3.3183249050467833,0.004937991976720119,0.02,343,1902
Arterial endothelial cell,Arterial endothelial cell,9.00000000006864,8.289665250534503e-15,8.28775138219e-05,2.9766351490339515e-28,1.0,574,574
Arterial endothelial cell,Axial progenitor,5.357881968248023,-0.3162032754369921,-8.060984120076776,0.02324000868953458,0.0,574,2321
Arterial endothelial cell,Cranial motor neuron,4.687587023789221,-0.212025251171602,-2.4557492887816736,0.013546761249883223,0.45,574,210
Arterial endothelial cell,Cranial neural crest,5.3694651024991025,-0.27451220344993005,-7.432464807869372,0.020105464966890182,0.02,574,5540
Arterial endothelial cell,Dermomyotome,5.527830202080669,-0.26583834346728147,-8.363120935754713,0.008171878594959587,0.0,574,11171
Arterial endothelial cell,Diencephalon,5.210304321066182,-0.3565368760235949,-8.835217931415634,0.0006658957940867899,0.0,574,2914
Arterial endothelial cell,Endocardial cell,5.512930774029318,0.3071216865820346,6.572221193558455,0.015698195641169685,0.01,574,367
Arterial endothelial cell,Endothelial cell,6.0868746916910865,0.5030631848120724,13.329943930808724,0.013042153641691043,0.0,574,1404
Arterial endothelial cell,Endothelial progenitor,6.009756060988146,0.18570112652972348,4.501022770295138,0.01329639801140904,0.08,574,4455
Arterial endothelial cell,Epibranchial placode,5.396542374061345,0.020091323989462378,0.6834613151823675,0.001328761417673319,0.75,574,2681
Arterial endothelial cell,Epibranchial sensory neuron,4.722566477657689,-0.07799480022255938,-0.15114277769410278,0.07127922279176259,0.42,574,124
Arterial endothelial cell,Epicardium,5.022585844951489,0.24505570520514328,3.046904293549169,0.0408907830614621,0.65,574,179
Arterial endothelial cell,Epidermal progenitor,5.598692118299849,0.04483614726611466,0.7208597753704901,0.007551323932579795,0.36,574,6626
Arterial endothelial cell,Extraembryonic mesoderm,5.740814781018824,0.3664279385120377,12.467923388968437,0.017128324813574233,0.0,574,4702
Arterial endothelial cell,Eye field,5.212611827579852,-0.3085615444216729,-6.776649525118143,0.0024842530042479567,0.0,574,2922
Arterial endothelial cell,First heart field,5.544278879031164,0.15649052167311725,4.5427235768132554,0.015357656156893981,0.07,574,1750
Arterial endothelial cell,Floor plate,5.1273257461902135,-0.2978356143044462,-6.61232966813042,0.0005517432339002241,0.0,574,3466
Arterial endothelial cell,Foregut,5.045281231946977,-0.0679231989765355,-1.8797573338901319,0.0022111909063660335,0.7,574,1508
Arterial endothelial cell,Frontonasal mesenchyme,5.328875923946649,-0.205308483427177,-5.909574080351841,0.008448441687371964,0.0,574,4202
Arterial endothelial cell,Head paraxial mesoderm,5.71358892286333,0.14982017746252416,3.9708677899275595,0.02074425906973929,0.83,574,10089
Arterial endothelial cell,Hemogenic endothelium,5.186759293492002,0.38199388521403826,3.552465713325487,0.10678090097981156,0.18,574,73
Arterial endothelial cell,Hindbrain (isthmic organizer),5.289199961026916,-0.33361459805532895,-8.594852196105423,0.001901081762053261,0.0,574,2376
Arterial endothelial cell,Hindbrain (r1),5.345906439723624,-0.36658545531822134,-11.363353892306511,0.001611545306269161,0.0,574,6335
Arterial endothelial cell,Hindbrain (r2-r4),5.38585073165071,-0.3847220184906215,-11.751091583105152,0.006866021961900162,0.0,574,7748
Arterial endothelial cell,Hindbrain (r5-r8),5.396639145583347,-0.39508465629522,-10.037321801326952,0.0065676339631962274,0.0,574,5781
Arterial endothelial cell,Hindgut,4.942468633877788,-0.13638614818976494,-2.864725935842825,0.007256996669222881,0.05,574,1110
Arterial endothelial cell,Hypaxial myogenic progenitor,4.265687070804941,-0.07160597328719831,-0.546486036244154,0.00427601106481828,0.94,300,23
Arterial endothelial cell,Hypothalamus,5.1446725860945755,-0.3338095321336499,-8.552888679018464,0.0007343568150672285,0.0,574,2956
Arterial endothelial cell,Intermediate mesoderm,5.437843228824538,-0.20977830254315025,-5.896467947455181,0.005259037397559825,0.0,574,2580
Arterial endothelial cell,Juxtacardiac field,5.529958394194485,0.22047677401311047,5.598125723594062,0.0028327698182207765,0.02,574,965
Arterial endothelial cell,Megakaryocyte,4.569083224249739,0.005714210322855351,-0.09849439867690686,0.011675996598750344,0.65,574,58
Arterial endothelial cell,Midbrain,5.301659713240774,-0.3773991370705903,-10.486582296343713,0.0021775587206351718,0.0,574,7099
Arterial endothelial cell,Midbrain neuron,4.977527223432046,-0.18788317292903697,-2.6762623180822835,0.008230936577862535,0.05,574,353
Arterial endothelial cell,Midgut,5.048549476233261,-0.07229964039335268,-1.592332897240526,0.009358817933433156,0.71,574,2242
Arterial endothelial cell,Myotome,4.641334064116937,0.056813331012311195,0.6688862789416979,0.015948798229374492,0.96,574,65
Arterial endothelial cell,Nascent somite,5.3565423328701245,-0.21864210272937315,-6.554824889402379,0.014724250422421875,0.0,574,2502
Arterial endothelial cell,Notochord,5.037095133427006,-0.10017439138153723,-1.9453222943162738,0.006488010212117664,0.75,574,749
Arterial endothelial cell,Olfactory placode,5.384328206791577,0.021076038394416408,0.2542222038222593,0.0030174450947230494,0.66,574,1680
Arterial endothelial cell,Otic placode,5.313472209693786,-0.04866215710221115,-1.6335112767673972,0.010680950928265246,0.52,574,1357
Arterial endothelial cell,Periocular mesoderm,5.127267512366415,0.09105109116417094,1.9127429525745365,0.0015391133928914357,0.23,574,798
Arterial endothelial cell,Pharyngeal arch mesenchyme,5.342634612506949,-0.19843496120353019,-5.415031689562267,0.006296194809692833,0.05,574,4615
Arterial endothelial cell,Pharyngeal endoderm,5.144238224513514,-0.0905185902542384,-2.4943125900330028,0.002529013987675752,0.17,574,2292
Arterial endothelial cell,Pharyngeal mesoderm,5.712166305004377,0.2084925226601578,5.054639722116466,0.010092273985967473,0.0,574,2901
Arterial endothelial cell,Pre-placodal ectoderm,5.505147136253896,0.05042264778890715,1.2478546331589826,0.0012399831809891187,0.57,574,3388
Arterial endothelial cell,Prechordal plate,4.298835252383267,-0.031040526886819908,0.21989873890057657,0.09922785401717056,0.38,574,38
Arterial endothelial cell,Presomitic mesoderm,5.485794439498651,-0.3350090687859672,-11.011397815356418,0.015187421092794246,0.0,574,9179
Arterial endothelial cell,Primordial germ cell,4.820808689616889,0.24479842065853674,3.689196528892525,0.059683400237998584,0.98,574,141
Arterial endothelial cell,Roof plate,5.357599292028168,-0.2649143834765031,-6.931362123220263,0.02042994587941859,0.0,574,1779
Arterial endothelial cell,Sclerotome,5.4661159279510905,-0.19229487996705075,-5.363567109322559,0.0065950414752910125,0.0,574,8569
Arterial endothelial cell,Second heart field,6.037579906314886,0.45245071013082266,12.421415232910299,0.007932166236705092,0.0,574,5333
Arterial endothelial cell,Somatic mesoderm,6.122882095199832,0.26630301487855085,7.519922850172922,0.012172068913384331,0.0,574,17045
Arterial endothelial cell,Somatic motor neuron,4.656524673432234,-0.10711911611177467,-1.93111865747788,0.03568502150445705,0.76,574,134
Arterial endothelial cell,Spinal cord (cervical),5.389834810145579,-0.40202203771815953,-10.388950332863025,0.01216028937278452,0.0,574,8692
Arterial endothelial cell,Spinal cord (lumbar),5.249089253070379,-0.3146146164251474,-6.4473252022148815,0.011435941742332183,0.0,574,3152
Arterial endothelial cell,Spinal cord (thoracic),5.432667052744972,-0.3778395922823563,-10.965758256712993,0.020794180487199318,0.0,574,12419
Arterial endothelial cell,Spinal cord interneuron,4.768716790185462,-0.1771709188880548,-2.229699281628244,0.01129850102579095,0.84,574,144
Arterial endothelial cell,Splanchnic mesoderm,6.09530738954479,0.18526310899989915,5.051634709165307,0.004873997055475248,0.0,574,16934
Arterial endothelial cell,Surface ectoderm,5.549960690418291,0.13656172890060722,3.3140435187524635,0.0003580861830752875,0.01,574,2549
Arterial endothelial cell,Telencephalon,5.339252628904956,-0.3508598890731249,-9.382479278097808,0.005162653614038011,0.0,574,9365
Arterial endothelial cell,Trigeminal placode,5.445926646319893,-0.009983590233360337,-0.6474967932018952,0.022537010997814196,0.26,574,1875
Arterial endothelial cell,Trigeminal sensory neuron,5.026199452295366,0.00044010871528676887,0.15437419942131292,0.003501808495005794,0.8,574,268
Arterial endothelial cell,Trunk neural crest,5.205436750109471,-0.10735160735588156,-1.9999646505022544,0.0015133684593116885,0.26,574,917
Arterial endothelial cell,Vagal neural crest,5.3317391993320005,-0.1391636021341922,-3.5682415168278623,0.01045250571852232,0.26,574,1902
Axial progenitor,Axial progenitor,8.999999999949429,-2.960594732333751e-15,-2.960521047973333e-05,3.797050490463804e-28,1.0,2321,2321
Axial progenitor,Cranial motor neuron,5.279049282333122,-0.00584675384956886,-0.9804710669086368,0.01830156322563606,0.75,2321,210
Axial progenitor,Cranial neural crest,6.166165393372555,0.12976155281397292,6.32411832044053,0.008321658295615503,0.18,2321,5540
Axial progenitor,Dermomyotome,6.335692408269868,0.15810900202290382,9.237027344585849,0.0007010689528388531,0.0,2321,11171
Axial progenitor,Diencephalon,6.007495877526473,0.050666858416840675,2.1420762687897485,0.0064011411948989945,0.85,2321,2914
Axial progenitor,Endocardial cell,5.306111128305525,-0.28262168891537726,-6.075331925513564,0.001296531111095375,0.0,2321,367
Axial progenitor,Endothelial cell,5.712906520141153,-0.25852258748082174,-10.163076312237164,0.0024504621276393505,0.0,2321,1404
Axial progenitor,Endothelial progenitor,6.046453201932997,-0.15897416552609892,-7.876357523776119,0.0015788567902619874,0.0,2321,4455
Axial progenitor,Epibranchial placode,5.604416553299885,-0.15704047274015634,-6.506826892747347,0.001267886264183705,0.0,2321,2681
Axial progenitor,Epibranchial sensory neuron,5.179942006586827,-0.005420447049446331,-0.38099026681451215,0.007516783894580442,0.91,2321,124
Axial progenitor,Epicardium,4.889670185082881,-0.2738119356009803,-4.495751300524218,0.027587634711552903,0.59,2321,179
Axial progenitor,Epidermal progenitor,5.9079145272899565,-0.03517388280498235,-1.8791490291373478,0.0034508066691200877,0.3,2321,6626
Axial progenitor,Extraembryonic mesoderm,5.312216666573718,-0.44635312973069396,-22.574522690465713,0.005109390316076647,0.0,2321,4702
Axial progenitor,Eye field,5.9516782809220965,0.03937177448332315,1.1660446273970662,0.007657560393465949,0.58,2321,2922
Axial progenitor,First heart field,5.407098223952018,-0.3680691962213653,-14.77272995706358,0.01382773560833885,0.0,2321,1750
Axial progenitor,Floor plate,5.950605693678194,0.14434503797200046,6.015804939078322,0.016343930186343572,0.01,2321,3466
Axial progenitor,Foregut,5.217676471225071,-0.28079884847366215,-9.760048873956995,0.009507511689227982,0.0,2321,1508
Axial progenitor,Frontonasal mesenchyme,5.935859621272349,0.013861577758768581,0.33390607226302854,0.0049916305092245865,0.77,2321,4202
Axial progenitor,Head paraxial mesoderm,5.7753367512575835,-0.1694807283478692,-9.652491156257161,2.6252746141242486e-05,0.0,2321,10089
Axial progenitor,Hemogenic endothelium,4.888971790777075,-0.28998463430057847,-2.893438862512254,0.058680174952004574,0.69,2321,73
Axial progenitor,Hindbrain (isthmic organizer),6.098855359522015,0.08602942286616362,3.9994728286101986,0.016672271300769932,0.05,2321,2376
Axial progenitor,Hindbrain (r1),6.210662661580905,0.11200857026039301,5.60968914318052,0.010396273401489233,0.18,2321,6335
Axial progenitor,Hindbrain (r2-r4),6.3563520766671715,0.19741980017316005,10.368700501322456,0.008873316606368246,0.0,2321,7748
Axial progenitor,Hindbrain (r5-r8),6.458340160264743,0.2850482687867772,13.348257555079401,0.0036947118069952907,0.0,2321,5781
Axial progenitor,Hindgut,5.149078684316298,-0.31205976054767454,-10.619050244725383,0.003480002081828754,0.0,2321,1110
Axial progenitor,Hypaxial myogenic progenitor,4.568084112431834,-0.15222701519288417,-0.895214639255412,0.00010442585628367375,0.73,1562,23
Axial progenitor,Hypothalamus,5.8640925158518975,-0.0017176996921156966,-0.13362476391147235,0.0026893198128482266,0.19,2321,2956
Axial progenitor,Intermediate mesoderm,6.182953251940231,0.1534886058081352,6.830589161222299,0.002240345344648755,0.0,2321,2580
Axial progenitor,Juxtacardiac field,5.426260642371989,-0.26913670896517683,-8.694785041787542,0.002491351517965893,0.0,2321,965
Axial progenitor,Megakaryocyte,4.565213144036526,-0.4025472851038314,-3.359796646211864,0.003659693374144356,0.0,2321,58
Axial progenitor,Midbrain,6.1410872901127105,0.07234848595820893,3.6738871029673947,0.017294482799881494,0.0,2321,7099
Axial progenitor,Midbrain neuron,5.560646546082244,0.009770049715147167,-0.6784138646745782,0.033321088344459945,0.62,2321,353
Axial progenitor,Midgut,5.1422217903438385,-0.36687424905755134,-14.919909413022621,0.019238816931224492,0.0,2321,2242
Axial progenitor,Myotome,4.989103588048891,0.0010331914494458398,-0.5029646705991343,0.03848633844336121,0.43,2321,65
Axial progenitor,Nascent somite,6.373754218787652,0.41390877778264795,16.650481090601424,0.01698561349374749,0.0,2321,2502
Axial progenitor,Notochord,5.280724934179947,-0.2481684329724967,-7.097044497935819,0.004121887478301256,0.0,2321,749
Axial progenitor,Olfactory placode,5.683319392118612,-0.07008574932918037,-2.4490809395633204,0.0014539994673527365,0.29,2321,1680
Axial progenitor,Otic placode,5.710949652496697,-0.03481270699711677,-1.4182240789164002,0.007209721737209735,0.82,2321,1357
Axial progenitor,Periocular mesoderm,5.173092211049817,-0.24592480033190167,-6.285673378065977,0.002156625934417735,0.0,2321,798
Axial progenitor,Pharyngeal arch mesenchyme,5.974627320194672,0.048674097447475084,1.9626760975513455,0.013441786047935219,0.02,2321,4615
Axial progenitor,Pharyngeal endoderm,5.327503267166358,-0.2939027078950793,-12.09743166260832,0.00967278101022396,0.0,2321,2292
Axial progenitor,Pharyngeal mesoderm,5.638550172925282,-0.2554578794395841,-11.915793278456084,0.0005952898018690472,0.0,2321,2901
Axial progenitor,Pre-placodal ectoderm,5.706571801718919,-0.1364802419972131,-5.811034173536115,0.0012209676308599076,0.0,2321,3388
Axial progenitor,Prechordal plate,4.489019534930288,-0.23941763907173405,-1.6940781520643906,0.019353427955064808,0.24,2321,38
Axial progenitor,Presomitic mesoderm,7.327632671546584,1.1221714333773152,63.74743740763921,0.022246903491956623,0.0,2321,9179
Axial progenitor,Primordial germ cell,4.481149874767067,-0.4695459946525095,-6.5740349133332705,0.02709699726354275,0.0,2321,141
Axial progenitor,Roof plate,6.269410372708236,0.25327078940990627,10.173212833325074,0.00843595517705669,0.0,2321,1779
Axial progenitor,Sclerotome,6.027944450420615,-0.01818339114466176,-0.9155592457102989,0.0024513811362231763,0.11,2321,8569
Axial progenitor,Second heart field,5.679798353559853,-0.291818890305571,-15.57262971532162,0.0044274311298604365,0.0,2321,5333
Axial progenitor,Somatic mesoderm,6.140743454983265,-0.10014018278160315,-5.526984703439228,0.002071059813134573,0.0,2321,17045
Axial progenitor,Somatic motor neuron,5.403232165212358,0.26458670096128767,1.5562664213228985,0.08573485704209372,0.66,2321,134
Axial progenitor,Spinal cord (cervical),6.564183610384235,0.3858889687592392,20.333585073412365,0.005829188160146944,0.0,2321,8692
Axial progenitor,Spinal cord (lumbar),7.2081725698931605,1.2540001683592907,46.665907045382426,0.067402143895986,0.0,2321,3152
Axial progenitor,Spinal cord (thoracic),7.11463755522913,0.9150781768785521,51.154507675034075,0.028906986501759466,0.0,2321,12419
Axial progenitor,Spinal cord interneuron,5.50633819394528,0.17739398116754815,2.067911622344496,0.0021558513457526924,0.36,2321,144
Axial progenitor,Splanchnic mesoderm,6.306762498723955,0.009817506749476124,0.21297694256394717,0.012602267342668184,0.91,2321,16934
Axial progenitor,Surface ectoderm,5.609746636163325,-0.19067745636948588,-7.896363232788563,0.0012758108088180016,0.0,2321,2549
Axial progenitor,Telencephalon,6.125502486005516,0.053036705756677925,3.173965282535592,0.003166207652954584,0.99,2321,9365
Axial progenitor,Trigeminal placode,5.794404508813176,-0.04544016228521356,-1.814437086510068,0.004033540812000853,0.94,2321,1875
Axial progenitor,Trigeminal sensory neuron,5.3727317811567445,-0.03751887055006561,-1.1864923642314198,0.012013970950734138,0.43,2321,268
Axial progenitor,Trunk neural crest,5.970684404825422,0.277819459231791,7.886249085447155,0.007051487343067955,0.0,2321,917
Axial progenitor,Vagal neural crest,6.040412815089525,0.17472851984096227,6.672113819534594,0.007733433041114746,0.0,2321,1902
Cranial motor neuron,Cranial motor neuron,8.999999999930703,8.289665250534503e-15,8.288550486658245e-05,6.416068695797563e-29,1.0,210,210
Cranial motor neuron,Cranial neural crest,4.978238362278236,-0.28397315464548384,-6.8489188521614075,0.08099619766175399,0.88,210,5540
Cranial motor neuron,Dermomyotome,5.512259937819266,0.10114735757094746,2.5384253429746595,0.023017066347929854,0.96,210,11171
Cranial motor neuron,Diencephalon,5.215108566910775,0.04021765083959453,-0.1300663090138907,0.012267376596564987,0.8,210,2914
Cranial motor neuron,Endocardial cell,4.7293436988875515,-0.09305725476069959,-1.376838864253938,0.003408145560909889,0.9,210,367
Cranial motor neuron,Endothelial cell,5.067914849925372,-0.13086505677264526,-2.3858492637705946,0.015595497992921214,0.98,210,1404
Cranial motor neuron,Endothelial progenitor,5.184496573826137,-0.23583239361586994,-4.8037314126810395,0.033670271676714304,0.92,210,4455
Cranial motor neuron,Epibranchial placode,4.643367043936329,-0.34162526194131954,-5.017676874918603,0.0005759246627593057,0.11,210,2681
Cranial motor neuron,Epibranchial sensory neuron,4.441456707543741,0.0524349857782019,-0.47640599643851084,0.07902073623111543,0.42,210,124
Cranial motor neuron,Epicardium,4.202901742524211,-0.20652451050384565,-2.189476442224422,0.04994373409350045,0.83,210,179
Cranial motor neuron,Epidermal progenitor,4.816277618395049,-0.35126784737198147,-5.65082855783303,0.004443893122336024,0.23,210,6626
Cranial motor neuron,Extraembryonic mesoderm,4.847635413452288,-0.14262317121043466,-3.013507068036377,0.009356897715843714,0.89,210,4702
Cranial motor neuron,Eye field,5.217198957679783,0.07944331648860192,-0.4103085470016694,0.05988758612154542,0.7,210,2922
Cranial motor neuron,First heart field,4.812661229780404,-0.18235552666642393,-2.984897023414606,0.0015464512233034555,0.39,210,1750
Cranial motor neuron,Floor plate,6.4580623974617035,1.4554209724771912,20.674563513406355,0.08901368928188699,0.0,210,3466
Cranial motor neuron,Foregut,4.910430147077112,0.18790340587967602,2.36053596401094,0.008377899165891897,0.31,210,1508
Cranial motor neuron,Frontonasal mesenchyme,4.785821516504153,-0.3564893628753021,-5.528473742933016,0.008320635411763476,0.32,210,4202
Cranial motor neuron,Head paraxial mesoderm,5.193572362742746,0.031807705545751,0.08602718393719548,0.010553809544586117,0.68,210,10089
Cranial motor neuron,Hemogenic endothelium,4.183365183075054,-0.2130664730796886,-1.389691413793571,0.033902206300284496,0.64,210,73
Cranial motor neuron,Hindbrain (isthmic organizer),5.3828622473336125,0.16787540558476768,2.308493350355697,0.0010300258779051008,0.46,210,2376
Cranial motor neuron,Hindbrain (r1),5.604973111420133,0.28411068415866164,4.5969224078388775,0.0379766711273393,0.36,210,6335
Cranial motor neuron,Hindbrain (r2-r4),5.8878154717912565,0.5097518952472111,8.508567863495132,0.04311268768156587,0.29,210,7748
Cranial motor neuron,Hindbrain (r5-r8),6.234127616254727,0.8220360414559392,11.903654167587218,0.017376935783820283,0.0,210,5781
Cranial motor neuron,Hindgut,4.585482031583994,-0.09316687366864744,-1.4720440789527431,0.029454461650308343,0.93,210,1110
Cranial motor neuron,Hypaxial myogenic progenitor,4.105183231765203,-0.07241189080979149,-0.721691238838932,0.03307776040934774,0.85,207,23
Cranial motor neuron,Hypothalamus,5.562363454059323,0.4886576512220735,6.982278027483605,0.01711148992560563,0.07,210,2956
Cranial motor neuron,Intermediate mesoderm,5.032733704484713,-0.21233469958535225,-3.5058925994206462,0.002443579724657711,0.53,210,2580
Cranial motor neuron,Juxtacardiac field,4.8193784863213525,-0.10652217156676613,-1.989108375064507,0.014871010289180081,0.92,210,965
Cranial motor neuron,Megakaryocyte,4.015301051352367,-0.1429150542714114,-1.3022291639352443,0.02642991171266721,0.88,210,58
Cranial motor neuron,Midbrain,5.440000190107281,0.16713321230026215,1.6373628010938344,0.03610866729391266,0.52,210,7099
Cranial motor neuron,Midbrain neuron,4.557736903456507,-0.2295430204374805,-2.550103655441382,0.0029198179893706955,0.36,210,353
Cranial motor neuron,Midgut,4.739286176970956,0.006569060403131803,-1.1205152270091803,0.07064945771959415,0.96,210,2242
Cranial motor neuron,Myotome,3.952356618661231,-0.2685342490351423,-1.1051836739990872,0.09782740259880288,0.81,210,65
Cranial motor neuron,Nascent somite,5.4677164218271805,0.2948168497954473,1.9991044847980497,0.16189114775876776,0.43,210,2502
Cranial motor neuron,Notochord,4.974933791868454,0.21839024942105448,3.1677587327562056,0.0011511204229804179,0.38,210,749
Cranial motor neuron,Olfactory placode,4.746584165238022,-0.22881860101038468,-4.29351155103881,0.077177879594375,0.68,210,1680
Cranial motor neuron,Otic placode,4.730790617471786,-0.22614076592611157,-3.9940197349337416,0.051312577247846436,0.93,210,1357
Cranial motor neuron,Periocular mesoderm,4.651251971549814,0.011649942648053191,1.4776078342915804,0.09604663139879176,0.78,210,798
Cranial motor neuron,Pharyngeal arch mesenchyme,4.884143103881253,-0.27005697709392074,-5.083431365296364,0.05133550778995655,0.97,210,4615
Cranial motor neuron,Pharyngeal endoderm,4.991725395098178,0.14788919061241432,2.12037475487918,0.024001477461322654,0.51,210,2292
Cranial motor neuron,Pharyngeal mesoderm,4.981619932917532,-0.1403195001146059,-2.24424311766095,0.0009105379404004809,0.62,210,2901
Cranial motor neuron,Pre-placodal ectoderm,4.7774609218132404,-0.2831064893747432,-4.847722753254685,0.017124940009605814,0.58,210,3388
Cranial motor neuron,Prechordal plate,3.997430734452738,0.04401771557213241,0.2562192016854425,0.04653918190859195,0.92,210,38
Cranial motor neuron,Presomitic mesoderm,5.568042542909397,0.16235896898854266,0.7066090919523015,0.09383464694767242,0.02,210,9179
Cranial motor neuron,Primordial germ cell,3.8698104863498255,-0.2964381045226732,-2.1632797123778267,0.018827652741384877,0.08,210,141
Cranial motor neuron,Roof plate,4.863183338450345,-0.36153061778789386,-5.011472849768055,0.001382651287435934,0.11,210,1779
Cranial motor neuron,Sclerotome,5.470102985894113,0.19512877442490298,2.5203479477994724,0.03003609102636979,0.92,210,8569
Cranial motor neuron,Second heart field,4.96822475412693,-0.22812201198267404,-3.773036213328492,0.0003894735323655954,0.38,210,5333
Cranial motor neuron,Somatic mesoderm,5.031210879535662,-0.44205492818785724,-7.091205767287359,0.0001406984995665373,0.11,210,17045
Cranial motor neuron,Somatic motor neuron,4.658236028208935,0.3140916125664228,6.011668910234818,0.42523255623199596,0.35,210,134
Cranial motor neuron,Spinal cord (cervical),5.931707646621883,0.519480805070757,9.396954479973346,0.026570173823297398,0.15,210,8692
Cranial motor neuron,Spinal cord (lumbar),5.154069869380166,-0.025845426124252373,0.9709397781765636,0.06060123051831916,0.6,210,3152
Cranial motor neuron,Spinal cord (thoracic),5.676310926499082,0.2742673722611387,4.991078936131471,0.017550470375298916,0.6,210,12419
Cranial motor neuron,Spinal cord interneuron,4.6418484615971956,0.0798410093035556,1.4869604703462425,0.04524175107225065,0.56,210,144
Cranial motor neuron,Splanchnic mesoderm,5.038937187545589,-0.48185195824748267,-7.258323511151699,0.0013041774569133762,0.03,210,16934
Cranial motor neuron,Surface ectoderm,4.856047936504582,-0.17733976307827012,-2.981414896486242,0.008309107391959938,0.78,210,2549
Cranial motor neuron,Telencephalon,5.297159923053323,0.004586028032994942,-1.5980972402044593,0.06470382815291145,0.34,210,9365
Cranial motor neuron,Trigeminal placode,4.729422065055483,-0.3384067396127121,-4.90002497247343,0.03413925381247943,0.6,210,1875
Cranial motor neuron,Trigeminal sensory neuron,4.826006422231546,0.1869517518140298,-0.6671991825610274,0.3365637344070981,0.64,210,268
Cranial motor neuron,Trunk neural crest,4.682754848364709,-0.22012495033429857,-3.4146759102459416,0.01074888611215736,0.71,210,917
Cranial motor neuron,Vagal neural crest,4.761370263335549,-0.3206673908584996,-4.442392156700611,0.00668856751142935,0.28,210,1902
Cranial neural crest,Cranial neural crest,8.999999999955461,-3.552713678800501e-15,-3.5523350659166667e-05,4.922492048579114e-28,1.0,5540,5540
Cranial neural crest,Dermomyotome,5.889805395113533,-0.25906775985324987,-20.348623363729587,0.0019019507560210775,0.0,5540,11171
Cranial neural crest,Diencephalon,6.38625001945682,0.46356416324251004,24.099256075879946,0.037854643166752674,0.0,5540,2914
Cranial neural crest,Endocardial cell,5.209014645617808,-0.3498651569235746,-7.473770732401147,0.0019456340193935004,0.0,5540,367
Cranial neural crest,Endothelial cell,5.651501942574811,-0.291967604656396,-11.586057870256766,0.0008380698676867882,0.0,5540,1404
Cranial neural crest,Endothelial progenitor,5.952084701171003,-0.22526442896946483,-13.432549145056276,0.0024497724171370725,0.0,5540,4455
Cranial neural crest,Epibranchial placode,5.939263518365002,0.20548729858645517,9.97299562266959,0.0026961032281959075,0.0,5540,2681
Cranial neural crest,Epibranchial sensory neuron,5.518480256000768,0.3673639941007642,3.4537099201322277,0.027501576091942443,0.0,5540,124
Cranial neural crest,Epicardium,4.836645492631206,-0.29209544845850743,-4.277577093306427,0.004319846905500766,0.29,5540,179
Cranial neural crest,Epidermal progenitor,6.135225717886264,0.22558339229993862,14.738685072459552,0.0010959262541882684,0.0,5540,6626
Cranial neural crest,Extraembryonic mesoderm,5.299677133041101,-0.4295561793739848,-27.80050333785022,0.0012414674788714082,0.0,5540,4702
Cranial neural crest,Eye field,6.185519602014009,0.3026750811104811,11.690873583014232,0.07107313808318465,0.0,5540,2922
Cranial neural crest,First heart field,5.348674655917769,-0.3982929860442761,-17.51366765076843,0.00039196058860066973,0.0,5540,1750
Cranial neural crest,Floor plate,5.3503779974910515,-0.4264334885858861,-25.180081022075985,0.008254459787679585,0.0,5540,3466
Cranial neural crest,Foregut,5.073418146239835,-0.39282152980473956,-15.734390323726437,0.0032948156830807213,0.0,5540,1508
Cranial neural crest,Frontonasal mesenchyme,7.006250382839263,1.1134587734745711,60.39880314810035,0.08616520136766236,0.0,5540,4202
Cranial neural crest,Head paraxial mesoderm,5.576273967981582,-0.34039482576522734,-24.601956201483706,0.001170059497994827,0.0,5540,10089
Cranial neural crest,Hemogenic endothelium,5.031462673762235,-0.10888410128724531,-0.8763002963040659,0.14276278805490306,0.77,5540,73
Cranial neural crest,Hindbrain (isthmic organizer),6.327459449806831,0.34848309678610906,17.136277552187174,0.04718818817550293,0.0,5540,2376
Cranial neural crest,Hindbrain (r1),6.518367258282524,0.45026176649847266,27.18350604667962,0.01068520699273913,0.0,5540,6335
Cranial neural crest,Hindbrain (r2-r4),6.65082931792353,0.5205088486700656,34.93743724119337,0.010972756652891163,0.0,5540,7748
Cranial neural crest,Hindbrain (r5-r8),6.338452253059953,0.1941850643289902,10.865448134413398,0.012556623626164606,0.0,5540,5781
Cranial neural crest,Hindgut,5.025265293929325,-0.40378898733796653,-14.703564704321915,0.00562592583174904,0.0,5540,1110
Cranial neural crest,Hypaxial myogenic progenitor,4.4647767887040395,-0.26094531120616793,-1.2544508402484684,0.020038132602274297,0.36,3441,23
Cranial neural crest,Hypothalamus,5.7236976693126955,-0.11447852108978858,-6.284526733112307,0.030127319731010935,0.0,5540,2956
Cranial neural crest,Intermediate mesoderm,5.940677095856977,-0.05946515406130981,-3.4119233322078295,0.007658578210093333,0.82,5540,2580
Cranial neural crest,Juxtacardiac field,5.291223593640971,-0.3737998727130239,-12.827029483796812,0.0029365130625096615,0.0,5540,965
Cranial neural crest,Megakaryocyte,4.557781615789648,-0.37099214492356253,-2.699172254549944,0.007626314018842322,0.01,5540,58
Cranial neural crest,Midbrain,6.4349976309735935,0.3985790085420744,24.601063889535737,0.04854589303218564,0.0,5540,7099
Cranial neural crest,Midbrain neuron,6.086923348733776,0.5717969147648126,10.614894552796542,0.010865389689082194,0.0,5540,353
Cranial neural crest,Midgut,5.0480163719275835,-0.4282558096978481,-19.08783231570605,0.00801470764586193,0.0,5540,2242
Cranial neural crest,Myotome,4.709135326314347,-0.23819639316436833,-1.8587711458969653,0.010452975691571982,0.27,5540,65
Cranial neural crest,Nascent somite,5.834398080829314,-0.09632925810264108,-5.197117237615204,0.0012427273655217024,0.01,5540,2502
Cranial neural crest,Notochord,5.1179316668117485,-0.3781566311820678,-11.61460984541163,0.019999887731129155,0.0,5540,749
Cranial neural crest,Olfactory placode,6.2655818719689185,0.5410440392394046,20.403474340758777,0.012088762685107186,0.0,5540,1680
Cranial neural crest,Otic placode,6.286210347755127,0.5692457945313892,21.170564017217888,0.0222368974330377,0.0,5540,1357
Cranial neural crest,Periocular mesoderm,5.038520337929145,-0.34811111963154495,-10.019136431557001,0.005240848656642153,0.0,5540,798
Cranial neural crest,Pharyngeal arch mesenchyme,7.272602979492266,1.376071425085715,72.8171176301182,0.04224643363584861,0.0,5540,4615
Cranial neural crest,Pharyngeal endoderm,5.194262970827422,-0.3950105913760987,-17.556585013016136,0.001367625832953783,0.0,5540,2292
Cranial neural crest,Pharyngeal mesoderm,5.554662185395173,-0.3053231720397293,-16.469195713248933,0.00026078695204829794,0.0,5540,2901
Cranial neural crest,Pre-placodal ectoderm,6.347535983557932,0.5363942240211417,29.260390717632845,0.0008846189175054062,0.0,5540,3388
Cranial neural crest,Prechordal plate,4.322277862802481,-0.38550003417876644,-2.462799420303177,0.05709970090508331,0.15,5540,38
Cranial neural crest,Presomitic mesoderm,6.243975600912566,0.07025067704436043,5.432695660123808,0.00192260438720288,0.06,5540,9179
Cranial neural crest,Primordial germ cell,4.391067616723797,-0.5427493211840705,-7.370537099556562,0.03283801284273952,0.0,5540,141
Cranial neural crest,Roof plate,6.815737777924135,0.8344445390325829,37.65510265558694,0.017127640100437845,0.0,5540,1779
Cranial neural crest,Sclerotome,5.6887033286355715,-0.3284186051406304,-25.91686603089674,0.0025599606027132413,0.0,5540,8569
Cranial neural crest,Second heart field,5.640543293028912,-0.3037913433901081,-20.234976933217556,0.0025085451381677863,0.0,5540,5333
Cranial neural crest,Somatic mesoderm,6.028158154599609,-0.18369341325715402,-15.450753155749924,0.0015439377036380372,0.0,5540,17045
Cranial neural crest,Somatic motor neuron,4.856575293148247,-0.2061468144505394,-3.615626666874005,0.07243837508495246,0.83,5540,134
Cranial neural crest,Spinal cord (cervical),6.287638827958323,0.13908189563760912,9.876791492208591,0.008740688367776844,0.0,5540,8692
Cranial neural crest,Spinal cord (lumbar),6.021591803581379,0.09272217077892009,2.4103714342621934,0.01083840712438111,0.11,5540,3152
Cranial neural crest,Spinal cord (thoracic),6.23343427635119,0.06530764939178635,5.257094073391898,0.010333788782078194,0.75,5540,12419
Cranial neural crest,Spinal cord interneuron,5.329831281870381,0.020751326382938196,1.4915805315080102,0.0842756489257784,0.2,5540,144
Cranial neural crest,Splanchnic mesoderm,6.173101187590824,-0.09755743901827281,-7.372593453463321,0.0010186800146622153,0.0,5540,16934
Cranial neural crest,Surface ectoderm,5.911222206438979,0.1415759524084906,6.581194761970747,0.000444789594852161,0.0,5540,2549
Cranial neural crest,Telencephalon,6.648234054000224,0.6034919223335186,43.401876094491946,0.047851753622921066,0.0,5540,9365
Cranial neural crest,Trigeminal placode,6.634666625635517,0.8239314720396432,35.736441779463064,0.02130837346296946,0.0,5540,1875
Cranial neural crest,Trigeminal sensory neuron,5.796275751697601,0.42307712076051907,6.4109100839169635,0.04641869394113219,0.0,5540,268
Cranial neural crest,Trunk neural crest,6.0668315727684465,0.3961175985067058,10.934784080070585,0.0018427304394187667,0.0,5540,917
Cranial neural crest,Vagal neural crest,6.500584667479565,0.6687040553157182,28.199480966039598,0.02108159034373657,0.0,5540,1902
Dermomyotome,Dermomyotome,8.999999999981798,1.3026616822268503e-14,0.00013023714462691817,1.8406754455156943e-28,1.0,11171,11171
Dermomyotome,Diencephalon,5.908906373454876,-0.15773905697690052,-9.851096725112221,0.0011577494951585717,0.0,11171,2914
Dermomyotome,Endocardial cell,5.4732713706898295,-0.2302435204709541,-5.980117884964429,0.0009019701765432277,0.0,11171,367
Dermomyotome,Endothelial cell,6.144024779460243,0.05882463789424305,2.409188279407532,0.004896911500464974,0.65,11171,1404
Dermomyotome,Endothelial progenitor,6.569468391308987,0.24929059249093358,18.06218098752854,0.00042576383902424825,0.0,11171,4455
Dermomyotome,Epibranchial placode,5.510434922385994,-0.3654412827821029,-25.009835889464043,0.006903358070130434,0.0,11171,2681
Dermomyotome,Epibranchial sensory neuron,5.080323404382721,-0.23497733825824163,-3.05091771438649,0.010396540803844648,0.37,11171,124
Dermomyotome,Epicardium,5.187483608710081,-0.0921371545800825,-2.3594891227266652,0.033742690391612,0.62,11171,179
Dermomyotome,Epidermal progenitor,5.730101622920134,-0.3243697453549161,-27.637088193067516,0.001297678211257067,0.0,11171,6626
Dermomyotome,Extraembryonic mesoderm,5.513297192036036,-0.35772954967771753,-26.20809515120742,0.002074813827918052,0.0,11171,4702
Dermomyotome,Eye field,5.891322957282147,-0.1324039114733718,-8.646520120049423,0.0066504468591795304,0.1,11171,2922
Dermomyotome,First heart field,5.644043495934408,-0.24245356539160992,-12.89874980261739,0.013254631387575367,0.0,11171,1750
Dermomyotome,Floor plate,6.218925709851287,0.2978266313342551,19.87645857120004,0.00727850712934964,0.0,11171,3466
Dermomyotome,Foregut,5.418026754015909,-0.19143416630819546,-9.297370803934017,0.006435279358927413,0.0,11171,1508
Dermomyotome,Frontonasal mesenchyme,5.793757433691159,-0.24091089704652044,-18.754035514551763,0.006507349662713976,0.0,11171,4202
Dermomyotome,Head paraxial mesoderm,6.390847742094092,0.3325560186456065,31.37728975220595,0.009527771299673356,0.0,11171,10089
Dermomyotome,Hemogenic endothelium,5.004859855741608,-0.2887128054430092,-3.1634588124165397,0.007097647587074602,0.01,11171,73
Dermomyotome,Hindbrain (isthmic organizer),6.048899858384573,-0.07512156293943158,-4.34276506356592,0.000848076667861159,0.04,11171,2376
Dermomyotome,Hindbrain (r1),6.157561120198565,-0.055538096521061085,-4.77284930179228,0.004714415390603991,0.15,11171,6335
Dermomyotome,Hindbrain (r2-r4),6.262986993637225,-0.010481072011032802,-1.3982996793656532,0.002529045015345953,0.12,11171,7748
Dermomyotome,Hindbrain (r5-r8),6.320761536610462,0.03361674958300043,2.533130479436137,0.0009338463324684625,0.39,11171,5781
Dermomyotome,Hindgut,5.298778583578931,-0.27599447980018904,-13.501145844246494,0.01207702197128307,0.0,11171,1110
Dermomyotome,Hypaxial myogenic progenitor,5.714959463464402,0.8341581285969726,6.25726471104073,0.004527769840648245,0.0,9206,23
Dermomyotome,Hypothalamus,5.972033356952845,-0.00809468560515055,-0.6416444893216486,0.0004285980425879944,0.46,11171,2956
Dermomyotome,Intermediate mesoderm,7.0271722923624536,0.8852454482582411,55.871904689194736,0.003665942343929695,0.0,11171,2580
Dermomyotome,Juxtacardiac field,5.61840641033605,-0.1917774633754187,-7.3159086546384815,0.0017559555898499536,0.0,11171,965
Dermomyotome,Megakaryocyte,4.618502369079386,-0.43556427074466136,-4.112069639552996,0.005845790382581988,0.0,11171,58
Dermomyotome,Midbrain,6.072519490533704,-0.10744694248062221,-9.710097404539678,0.0010487158002057716,0.0,11171,7099
Dermomyotome,Midbrain neuron,5.541319788618888,-0.12473442620342823,-2.7244733125969636,0.0009481762837813918,0.24,11171,353
Dermomyotome,Midgut,5.3377481430798435,-0.2834654985178213,-16.21390440893195,0.02224291473053748,0.0,11171,2242
Dermomyotome,Myotome,5.911770246275867,0.8129853913450337,7.903143444628353,0.012587807418755965,0.0,11171,65
Dermomyotome,Nascent somite,6.890084570812587,0.8178853940144052,48.344132757325006,0.004792746887140653,0.0,11171,2502
Dermomyotome,Notochord,5.595809207610896,-0.043910196462282634,-1.3930271178474907,0.014471650246175437,0.48,11171,749
Dermomyotome,Olfactory placode,5.576905765419727,-0.28989560028702704,-12.974356735773062,0.004970021453239784,0.0,11171,1680
Dermomyotome,Otic placode,5.549895226544422,-0.30796534615037413,-13.594839952655022,0.00434371665020618,0.0,11171,1357
Dermomyotome,Periocular mesoderm,5.463055047840172,-0.06593065882479159,-2.1673109142806,0.00014094596204564788,0.05,11171,798
Dermomyotome,Pharyngeal arch mesenchyme,5.771803914670092,-0.26930391087697486,-18.936840839378366,0.003147455460211142,0.0,11171,4615
Dermomyotome,Pharyngeal endoderm,5.599145397701787,-0.13292654407850732,-9.479512673791843,0.008313514411405437,0.25,11171,2292
Dermomyotome,Pharyngeal mesoderm,6.115494139589259,0.11242437725450098,6.813532831048036,0.0001827233529932675,0.0,11171,2901
Dermomyotome,Pre-placodal ectoderm,5.581218072584878,-0.37529092552425986,-24.58146323616285,0.002497513692634286,0.0,11171,3388
Dermomyotome,Prechordal plate,4.718873603456206,-0.13326099533033217,-1.011738521140319,0.040380523138578,0.95,11171,38
Dermomyotome,Presomitic mesoderm,6.573476625512858,0.25626670127199586,24.795701559835887,0.001449246076682253,0.0,11171,9179
Dermomyotome,Primordial germ cell,4.534124613962052,-0.5404694091019394,-8.96744820078564,0.01192201179968641,0.0,11171,141
Dermomyotome,Roof plate,5.970202134086029,-0.15453999258734039,-7.733813600281021,0.0005864807996334654,0.0,11171,1779
Dermomyotome,Sclerotome,7.420852384430691,1.2625599249676591,108.36188323880155,0.0054291845755497885,0.0,11171,8569
Dermomyotome,Second heart field,5.979377961047748,-0.1065686742535273,-7.907288021471068,0.007301321588333579,0.4,11171,5333
Dermomyotome,Somatic mesoderm,6.601235603091858,0.24636380518275627,26.658969140710752,0.0012036679882065258,0.0,11171,17045
Dermomyotome,Somatic motor neuron,5.519347532884751,0.29811483245052034,3.8214346400899806,0.0027805549555709763,0.41,11171,134
Dermomyotome,Spinal cord (cervical),6.351928212657828,0.06161827250114508,5.081316123266388,0.0020930435359963443,0.01,11171,8692
Dermomyotome,Spinal cord (lumbar),6.263712072404352,0.19249224346700058,10.803322009436904,5.7480954599796635e-05,0.0,11171,3152
Dermomyotome,Spinal cord (thoracic),6.498652724023799,0.18775951026100834,19.21405974258965,0.000827954674840837,0.0,11171,12419
Dermomyotome,Spinal cord interneuron,5.48576385208348,0.04079492783777964,0.10405578011754617,0.008007590762198237,0.61,11171,144
Dermomyotome,Splanchnic mesoderm,6.4851440693681335,0.07400518086636747,8.054168300194673,0.003327747443424306,0.51,11171,16934
Dermomyotome,Surface ectoderm,5.5348109728095265,-0.37841768211518634,-21.783470499854868,0.004372843389179067,0.0,11171,2549
Dermomyotome,Telencephalon,6.010938081434186,-0.17674931825920273,-15.100289443433482,0.005550683871303228,0.0,11171,9365
Dermomyotome,Trigeminal placode,5.645677681033635,-0.3072449229390344,-17.007568300200294,0.005308739059867076,0.0,11171,1875
Dermomyotome,Trigeminal sensory neuron,5.307483111288172,-0.21777371986784466,-5.437436475768337,0.024441020007093344,0.24,11171,268
Dermomyotome,Trunk neural crest,5.691437381601427,-0.11798310619797991,-4.1647981303810475,0.005026295805864225,0.15,11171,917
Dermomyotome,Vagal neural crest,5.771287437059591,-0.2036175271112001,-10.166931408801894,0.0014259563081954307,0.0,11171,1902
Diencephalon,Diencephalon,9.000000000085366,-4.144832625267251e-15,-4.1442331931566665e-05,3.7970504904638033e-28,1.0,2914,2914
Diencephalon,Endocardial cell,5.142047497619473,-0.33855645179610533,-6.841680554387679,0.0016954953741118463,0.0,2914,367
Diencephalon,Endothelial cell,5.526190112202649,-0.33341504135552036,-12.611620796150397,0.0003020144406493063,0.0,2914,1404
Diencephalon,Endothelial progenitor,5.724976818474197,-0.3682590278438414,-19.32183490679751,0.0005766838127866821,0.0,2914,4455
Diencephalon,Epibranchial placode,5.381357972918373,-0.27123706300359957,-11.821507822610528,0.0071619390931301425,0.0,2914,2681
Diencephalon,Epibranchial sensory neuron,4.927893478226046,-0.16006848352404499,-2.293287815950276,0.021800124048359355,0.92,2914,124
Diencephalon,Epicardium,4.743438813351473,-0.2964610722381093,-4.52550694524823,0.016284172506960095,0.45,2914,179
Diencephalon,Epidermal progenitor,5.56042065116975,-0.26708426934606155,-14.470277162017624,0.004408917844832143,0.0,2914,6626
Diencephalon,Extraembryonic mesoderm,5.2184353873994125,-0.4285328354326629,-22.6500871582208,0.007250444903052115,0.0,2914,4702
Diencephalon,Eye field,6.951481216356124,1.1502719381658026,50.00441468715527,0.019348830632498558,0.0,2914,2922
Diencephalon,First heart field,5.251384327717138,-0.41048529814096685,-16.90999002227814,0.003617796600664488,0.0,2914,1750
Diencephalon,Floor plate,5.839700466934407,0.14385585850836868,5.937411965876431,0.0052610208592097085,0.0,2914,3466
Diencephalon,Foregut,5.156980034296875,-0.2252520270058461,-7.98580078090771,0.0028439105413138877,0.0,2914,1508
Diencephalon,Frontonasal mesenchyme,6.220112994130074,0.4091996578459452,19.21671295674017,0.007429082082227075,0.0,2914,4202
Diencephalon,Head paraxial mesoderm,5.542183092937503,-0.2885298196046315,-17.372661755147448,0.0059314622354063925,0.0,2914,10089
Diencephalon,Hemogenic endothelium,4.794194698667311,-0.2739774665586783,-2.7822573693844768,0.06194193910292315,0.95,2914,73
Diencephalon,Hindbrain (isthmic organizer),6.671076171903167,0.7735179822232299,33.488607600873614,0.016674567333445165,0.0,2914,2376
Diencephalon,Hindbrain (r1),6.6584147448629585,0.6691038739772012,35.46559964841351,0.0054259897437433854,0.0,2914,6335
Diencephalon,Hindbrain (r2-r4),6.527807643042299,0.48152514158902476,26.887863086960266,0.012863751702318432,0.0,2914,7748
Diencephalon,Hindbrain (r5-r8),6.357204194985518,0.2963277689456338,15.42460326500293,0.010167381351471284,0.0,2914,5781
Diencephalon,Hindgut,5.06222468124049,-0.28629604462908337,-9.757104910426472,0.01042593112611481,0.0,2914,1110
Diencephalon,Hypaxial myogenic progenitor,4.3777174820617795,-0.2571176065490963,-1.60227675124367,0.0013983937355528068,0.51,2380,23
Diencephalon,Hypothalamus,6.721439417989675,0.9695686401051283,42.22264342565227,0.004261322710199125,0.0,2914,2956
Diencephalon,Intermediate mesoderm,5.829965049985461,-0.08474996659273071,-4.1011723522413535,0.0019518360002039317,0.1,2914,2580
Diencephalon,Juxtacardiac field,5.238652892192229,-0.3438888526622413,-10.806055753121548,0.0013665173255724135,0.0,2914,965
Diencephalon,Megakaryocyte,4.485663609476934,-0.3611157767266014,-2.945013564185885,0.009187728614875913,0.03,2914,58
Diencephalon,Midbrain,7.233428310400195,1.2784876412230124,64.71874508739394,0.027253727797541358,0.0,2914,7099
Diencephalon,Midbrain neuron,6.511801893358741,1.0638488179189622,20.60436018728809,0.015382379090834513,0.0,2914,353
Diencephalon,Midgut,5.074705852796442,-0.3214341107226731,-12.969082899666715,0.029695040108791197,0.0,2914,2242
Diencephalon,Myotome,4.716963195734749,-0.13791258191398903,-1.2723662949228791,0.007218292900705543,0.81,2914,65
Diencephalon,Nascent somite,5.810028477702608,-0.03698010179229527,-1.8168649172319447,0.0053993978511769555,0.08,2914,2502
Diencephalon,Notochord,5.158412269070607,-0.2585514481122324,-7.823731362192951,0.005107818632767016,0.0,2914,749
Diencephalon,Olfactory placode,5.5421595841667575,-0.09912116754112461,-4.058314598358462,0.013442122664855744,0.84,2914,1680
Diencephalon,Otic placode,5.500037409214971,-0.13312631808010758,-5.622657530813698,0.0024962360402381394,0.0,2914,1357
Diencephalon,Periocular mesoderm,5.022664238042687,-0.28316200749984927,-7.801730633142857,0.020256600368160398,0.0,2914,798
Diencephalon,Pharyngeal arch mesenchyme,6.090000097317184,0.2755187212961762,11.915434583304025,0.01092216789648102,0.0,2914,4615
Diencephalon,Pharyngeal endoderm,5.237416178928097,-0.27248909848206954,-12.627629140765798,0.006799301040174795,0.0,2914,2292
Diencephalon,Pharyngeal mesoderm,5.4564539051269465,-0.32104502507376304,-15.934106660739253,0.0015935667083728144,0.0,2914,2901
Diencephalon,Pre-placodal ectoderm,5.580702509252951,-0.14954578926672793,-7.4621030139258835,0.01588503368365261,0.06,2914,3388
Diencephalon,Prechordal plate,4.420073024599097,-0.19377429609857474,-1.2394478319926596,0.0720558232136834,0.6,2914,38
Diencephalon,Presomitic mesoderm,6.046192702964556,-0.044927428412417925,-2.7627167688129735,0.004537522068615307,0.06,2914,9179
Diencephalon,Primordial germ cell,4.299754689591511,-0.5496357469750291,-7.541729036179336,0.01375871586817336,0.0,2914,141
Diencephalon,Roof plate,6.086947002876182,0.1882998345518304,7.329919883696648,0.016534010674021396,0.02,2914,1779
Diencephalon,Sclerotome,5.7667513931552365,-0.16736659599790235,-9.675898814937284,0.0012950068113949651,0.0,2914,8569
Diencephalon,Second heart field,5.45839239689617,-0.40021340617744955,-22.80558468930118,0.004395402060876545,0.0,2914,5333
Diencephalon,Somatic mesoderm,5.753244543672174,-0.37321255046862173,-23.557142952214903,0.0015544117510270725,0.0,2914,17045
Diencephalon,Somatic motor neuron,5.119065264560605,0.0931306855068786,-1.0270895675311487,0.15028522006194378,0.31,2914,134
Diencephalon,Spinal cord (cervical),6.3546854364553065,0.29105356215537864,16.08159846239546,0.005180815965723693,0.0,2914,8692
Diencephalon,Spinal cord (lumbar),5.8989329971656375,0.05123240180825691,1.9973304377436234,0.0019916691970242664,1.0,2914,3152
Diencephalon,Spinal cord (thoracic),6.21062440271373,0.12721280138124472,7.33934833476598,0.005848497761928034,0.0,2914,12419
Diencephalon,Spinal cord interneuron,5.429226856703707,0.20814543573445032,2.610077369346513,0.0070066155608104015,0.39,2914,144
Diencephalon,Splanchnic mesoderm,5.818648179660678,-0.3693916230106673,-23.43972147024139,0.0006686400954317935,0.0,2914,16934
Diencephalon,Surface ectoderm,5.403905361146553,-0.2830688447544203,-12.21194943696132,0.020693129412359165,0.0,2914,2549
Diencephalon,Telencephalon,7.352734985798027,1.3924179582978775,73.95040538684884,0.017891869941054763,0.0,2914,9365
Diencephalon,Trigeminal placode,5.64323512535811,-0.08472229090175117,-3.5733228798502075,0.02625333590989741,0.03,2914,1875
Diencephalon,Trigeminal sensory neuron,5.067034557782378,-0.23130460077865944,-4.044974463845503,0.014663057710162433,0.17,2914,268
Diencephalon,Trunk neural crest,5.5710827767652304,-0.007232225534842189,-0.5406554327749735,0.0032858941776242323,0.68,2914,917
Diencephalon,Vagal neural crest,5.866313460422719,0.11490188489820567,4.13382033325831,0.007796891802664573,0.41,2914,1902
Endocardial cell,Endocardial cell,8.999999999841164,-7.105427357601002e-15,-7.104586013570784e-05,5.048709793414476e-29,1.0,367,367
Endocardial cell,Endothelial cell,5.82105777181111,0.3237177927209573,7.814749700804133,0.01294862812361515,0.0,367,1404
Endocardial cell,Endothelial progenitor,5.720708648843098,-0.013179303184594518,-0.3938765884740924,0.0008166216408161674,0.73,367,4455
Endocardial cell,Epibranchial placode,5.126996488172633,-0.16200695004814758,-3.75439857824891,0.0001888103595880403,0.02,367,2681
Endocardial cell,Epibranchial sensory neuron,4.639939945250646,-0.07643446233487339,-0.5819156612517392,0.020374674015959087,0.43,367,124
Endocardial cell,Epicardium,5.136903735943172,0.4457673146155165,4.707999312279045,0.029863438382379134,0.09,367,179
Endocardial cell,Epidermal progenitor,5.334244691591376,-0.13132161827068276,-2.980845680951385,7.853845330981845e-05,0.02,367,6626
Endocardial cell,Extraembryonic mesoderm,5.682218628979339,0.3997497146117099,9.409414466364247,0.020742713737609296,0.0,367,4702
Endocardial cell,Eye field,5.082579656228451,-0.3518793536332761,-6.743752063780113,0.0027925782815262966,0.0,367,2922
Endocardial cell,First heart field,6.287375945612911,0.9904571235681919,24.800742836417243,0.013290396481462748,0.0,367,1750
Endocardial cell,Floor plate,5.216091977748281,-0.12039542168494914,-2.5252859271576926,0.013126369002332938,0.95,367,3466
Endocardial cell,Foregut,5.088400309809779,0.07190570386550525,1.669654639069633,0.005656276646922946,0.99,367,1508
Endocardial cell,Frontonasal mesenchyme,5.200352130004885,-0.24562583425155005,-4.904002934636794,0.0032784059855999414,0.0,367,4202
Endocardial cell,Head paraxial mesoderm,5.666261879071867,0.1928439070823913,4.429980652715019,0.001808602673349632,0.02,367,10089
Endocardial cell,Hemogenic endothelium,4.706674892091527,-0.0012170890009561102,0.07945575380125487,0.09040379064559408,0.4,367,73
Endocardial cell,Hindbrain (isthmic organizer),5.213483759680098,-0.32647422484549676,-6.962111174766323,0.002044132497736395,0.0,367,2376
Endocardial cell,Hindbrain (r1),5.324457790309505,-0.30402970510489197,-6.391640443680693,0.0010987385211773156,0.0,367,6335
Endocardial cell,Hindbrain (r2-r4),5.3501461650283835,-0.3361753051371161,-7.400727198054228,0.0009946961465062498,0.0,367,7748
Endocardial cell,Hindbrain (r5-r8),5.347331128729356,-0.3471753503172043,-7.6111206494447545,0.0010513108372130018,0.0,367,5781
Endocardial cell,Hindgut,4.940413205452761,-0.04606406656888643,-1.038864326317537,0.023538006705506525,0.02,367,1110
Endocardial cell,Hypaxial myogenic progenitor,4.236657033765404,-0.0764199641212131,-0.30228432003672245,0.006809339580441848,0.88,278,23
Endocardial cell,Hypothalamus,5.153352812939332,-0.24158314400584344,-5.454505340565276,0.004788561314826994,0.0,367,2956
Endocardial cell,Intermediate mesoderm,5.293298613797645,-0.2601626068424891,-5.429419252743444,0.006099418119994318,0.0,367,2580
Endocardial cell,Juxtacardiac field,5.8880944392164345,0.6682365134142717,14.055226171575024,0.003818896275268587,0.0,367,965
Endocardial cell,Megakaryocyte,4.427619491843241,-0.05407475642453955,-0.36961276443045793,0.006973051954046632,0.92,367,58
Endocardial cell,Midbrain,5.25643233619022,-0.33352626465477214,-7.7378120294564745,9.061604637709313e-05,0.0,367,7099
Endocardial cell,Midbrain neuron,4.852126481437607,-0.21978716044553703,-3.326812673510183,0.0001517730982944614,0.02,367,353
Endocardial cell,Midgut,5.115027951778521,0.07915531365740591,1.575457314959678,0.02654768339670626,0.4,367,2242
Endocardial cell,Myotome,4.413015089189936,-0.07857639234071072,-0.7583068872907403,0.00725502361797361,0.93,367,65
Endocardial cell,Nascent somite,5.322798367882984,-0.15937047478084634,-3.2226004034940696,0.0007458503330815846,0.0,367,2502
Endocardial cell,Notochord,5.05793338931929,0.004479279780589707,-0.013782055693190168,0.007249745233417862,0.79,367,749
Endocardial cell,Olfactory placode,5.161110414747195,-0.11518036743046849,-2.133460179554406,0.0034245787296811906,0.43,367,1680
Endocardial cell,Otic placode,5.095588252957404,-0.17205166127846638,-3.230521977780725,0.003170471122342341,0.02,367,1357
Endocardial cell,Periocular mesoderm,5.15705672381794,0.21296747280673678,3.842556261410435,0.017946371785794994,0.14,367,798
Endocardial cell,Pharyngeal arch mesenchyme,5.163653050212499,-0.2894814872529657,-6.7291029365435655,0.012414855782892515,0.0,367,4615
Endocardial cell,Pharyngeal endoderm,5.243144499497549,0.09955243391342261,2.178492940042341,0.00768826617950227,0.4,367,2292
Endocardial cell,Pharyngeal mesoderm,5.797203498330074,0.3865881813206486,8.97193465619623,0.01713705821682751,0.0,367,2901
Endocardial cell,Pre-placodal ectoderm,5.247555809402208,-0.1192662439283468,-2.238832760421381,0.0022867681154911954,0.25,367,3388
Endocardial cell,Prechordal plate,4.2950259368238335,0.04957875734694136,0.5930450398422958,0.04561847890353664,0.57,367,38
Endocardial cell,Presomitic mesoderm,5.407459072846378,-0.3225241931196958,-7.760074096684471,0.00010905806340335133,0.0,367,9179
Endocardial cell,Primordial germ cell,4.586760207231495,0.09850503881258454,1.4170494820161845,0.04844395958063899,0.05,367,141
Endocardial cell,Roof plate,5.213586286377713,-0.32286562144374525,-6.949675356341234,0.014435252853445867,0.0,367,1779
Endocardial cell,Sclerotome,5.480662413320819,-0.09131854492685292,-2.593566966533846,0.00300481546952598,0.62,367,8569
Endocardial cell,Second heart field,6.206338500100494,0.7120990460377069,17.489821588589404,0.007669280384069878,0.0,367,5333
Endocardial cell,Somatic mesoderm,5.700226473539053,-0.06389384804637761,-1.5474378324089555,0.0010667029421294947,0.59,367,17045
Endocardial cell,Somatic motor neuron,4.5692489896162884,-0.08846582551034106,-1.5989953270473958,0.03002496455250955,0.76,367,134
Endocardial cell,Spinal cord (cervical),5.340875139737232,-0.35986024493884045,-7.866738777149586,0.0004248944053660544,0.0,367,8692
Endocardial cell,Spinal cord (lumbar),5.145475595998934,-0.33254137162885894,-6.592524624668212,0.00017317906307858633,0.0,367,3152
Endocardial cell,Spinal cord (thoracic),5.38193809399553,-0.3398437686081793,-8.336843932711313,0.00353352182650273,0.0,367,12419
Endocardial cell,Spinal cord interneuron,4.740478183981959,-0.11919279358639627,-1.0558005048166288,0.008137827044675788,0.82,367,144
Endocardial cell,Splanchnic mesoderm,5.738404882055573,-0.08342240690119329,-2.1329918049140457,0.004809693552948267,0.62,367,16934
Endocardial cell,Surface ectoderm,5.237389420379198,-0.0927624599346973,-2.0311892289553057,0.0017503752303911985,0.48,367,2549
Endocardial cell,Telencephalon,5.227167282303999,-0.372918502755887,-8.166405653457977,0.004728557519103241,0.0,367,9365
Endocardial cell,Trigeminal placode,5.17485551326994,-0.18601067722616063,-3.711235929051481,0.006203425565202571,0.09,367,1875
Endocardial cell,Trigeminal sensory neuron,4.803103421076225,-0.12925227507808965,-1.5907943215327265,0.010746929552767943,0.68,367,268
Endocardial cell,Trunk neural crest,5.119044715260288,-0.09423772161750854,-1.7696084799208862,0.004161233757683311,0.79,367,917
Endocardial cell,Vagal neural crest,5.158006058484472,-0.2275442828285653,-4.420528571327936,0.0025950211224842435,0.0,367,1902
Endothelial cell,Endothelial cell,8.9999999999697,-1.1250259982868252e-14,-0.00011248230367673333,1.1464778489212037e-28,1.0,1404,1404
Endothelial cell,Endothelial progenitor,6.581814057801773,0.4660499001569729,18.919895289273096,0.023567808346502524,0.0,1404,4455
Endothelial cell,Epibranchial placode,5.61067610594625,-0.06261776225136462,-2.272810290856102,0.00031970280396497076,0.14,1404,2681
Endothelial cell,Epibranchial sensory neuron,5.0154428219036244,-0.07148308791318285,-0.681123829883841,0.002574880812061806,0.47,1404,124
Endothelial cell,Epicardium,5.335603905628841,0.26676558561379454,3.127085807962551,0.030475670472181957,0.04,1404,179
Endothelial cell,Epidermal progenitor,5.778191427977574,-0.07061449110949496,-2.7352244147988585,0.006246068825805565,0.62,1404,6626
Endothelial cell,Extraembryonic mesoderm,5.736877183661057,0.07260793217551953,2.703369537841074,0.02313642233525399,0.5,1404,4702
Endothelial cell,Eye field,5.488246960473674,-0.3305965052500686,-12.656133310714617,0.0025581253883953927,0.0,1404,2922
Endothelial cell,First heart field,5.896399667464716,0.21410673612123401,7.846453169173408,0.001445350776074606,0.0,1404,1750
Endothelial cell,Floor plate,5.4812565379297515,-0.23326288887160937,-9.067204953424643,0.0008927476591892773,0.0,1404,3466
Endothelial cell,Foregut,5.314529518990022,-0.0877313795834418,-3.117199288330489,0.020771352423449106,0.02,1404,1508
Endothelial cell,Frontonasal mesenchyme,5.598629814923197,-0.233666365723737,-8.863949396480358,0.002940687071071835,0.0,1404,4202
Endothelial cell,Head paraxial mesoderm,6.560669072767985,0.7084236623564104,33.73475722909023,0.004699286034311454,0.0,1404,10089
Endothelial cell,Hemogenic endothelium,5.335989028501305,0.22641387920599124,2.2923579042338313,0.03851517892954685,0.35,1404,73
Endothelial cell,Hindbrain (isthmic organizer),5.579838552311027,-0.3379660138742147,-12.108850479766792,0.0009949604273343938,0.0,1404,2376
Endothelial cell,Hindbrain (r1),5.653579675399615,-0.35410559608891806,-14.660074405498705,0.0037624584622639916,0.0,1404,6335
Endothelial cell,Hindbrain (r2-r4),5.6907610453734945,-0.3748847700481788,-16.089846930331493,0.0023384222044585566,0.0,1404,7748
Endothelial cell,Hindbrain (r5-r8),5.69014801185122,-0.3911023767895765,-15.228891948418607,0.0007267498812168441,0.0,1404,5781
Endothelial cell,Hindgut,5.165581665722223,-0.20174742499099185,-7.248588309884497,0.012963456690389535,0.0,1404,1110
Endothelial cell,Hypaxial myogenic progenitor,4.802711883843839,0.12635926715675883,2.7554279394751906,0.479560291293037,0.2,1124,23
Endothelial cell,Hypothalamus,5.467527836658502,-0.3060492876716608,-12.098053703711637,0.001148469018596999,0.0,1404,2956
Endothelial cell,Intermediate mesoderm,5.84718037284046,-0.09055222202537146,-3.517693123251713,0.00019339428384311557,0.0,1404,2580
Endothelial cell,Juxtacardiac field,5.97754887081562,0.37463572470386336,10.984779919440015,0.01752144555669513,0.0,1404,965
Endothelial cell,Megakaryocyte,4.5421150996606,-0.307478013249239,-2.7366729092088202,0.0028672908342018376,0.04,1404,58
Endothelial cell,Midbrain,5.595050169093137,-0.37558813682254755,-15.91813326609752,0.0034811130370205143,0.0,1404,7099
Endothelial cell,Midbrain neuron,5.248132895999313,-0.2102599111256008,-4.1548866116750185,1.3863172737712413e-05,0.01,1404,353
Endothelial cell,Midgut,5.263748220899266,-0.15164597084356934,-5.523490230642909,0.009753455786097914,0.04,1404,2242
Endothelial cell,Myotome,5.1299394632974105,0.2446186015910691,2.5470127929785917,0.01118869661618806,0.54,1404,65
Endothelial cell,Nascent somite,5.748243566107316,-0.11653126893124899,-4.164670417086154,0.0016323251392611404,0.0,1404,2502
Endothelial cell,Notochord,5.4239821742486285,-0.013526517006837935,-0.7318477612931543,0.022800206737576097,0.01,1404,749
Endothelial cell,Olfactory placode,5.516069987260988,-0.14371630333438676,-4.687059721529461,0.004354257234917926,0.02,1404,1680
Endothelial cell,Otic placode,5.507877195157168,-0.1420663263295241,-4.930843507647029,0.00018070936721508634,0.0,1404,1357
Endothelial cell,Periocular mesoderm,5.754405874298446,0.431364777929575,11.397809286506536,0.002768437844693531,0.0,1404,798
Endothelial cell,Pharyngeal arch mesenchyme,5.600230153883264,-0.23504220074624835,-9.188594767605094,0.0018646444687493349,0.0,1404,4615
Endothelial cell,Pharyngeal endoderm,5.439249082123726,-0.08522235732865369,-3.7203383270006505,0.01593646935621823,0.05,1404,2292
Endothelial cell,Pharyngeal mesoderm,6.503361014752127,0.706957477881609,30.764970139141237,0.00393664848900039,0.0,1404,2901
Endothelial cell,Pre-placodal ectoderm,5.630378405192821,-0.12079768681803878,-4.411989459785613,0.0036262139973089413,0.03,1404,3388
Endothelial cell,Prechordal plate,4.556995760712,-0.08331256671926705,-0.5647699074288279,0.007943211233030122,0.96,1404,38
Endothelial cell,Presomitic mesoderm,5.870532084794381,-0.23866021210633934,-11.411565228201887,0.0016504570375938717,0.0,1404,9179
Endothelial cell,Primordial germ cell,4.6481436990970755,-0.21614495829382965,-3.0445635008165848,0.007889613778492401,0.02,1404,141
Endothelial cell,Roof plate,5.628716787055612,-0.28801662172726566,-9.881417937545429,0.0013277568161293393,0.0,1404,1779
Endothelial cell,Sclerotome,6.126284807845951,0.17283728967311016,7.983072785640515,0.005691791466248156,0.0,1404,8569
Endothelial cell,Second heart field,6.472377997067464,0.5917681822214833,27.30760560540035,0.004030331713597211,0.0,1404,5333
Endothelial cell,Somatic mesoderm,6.466047010418651,0.3165860037876073,13.180411326701277,0.016172926701975128,0.0,1404,17045
Endothelial cell,Somatic motor neuron,4.797837770625899,-0.23671363839943815,-3.504090398267888,0.008652645673715825,0.69,1404,134
Endothelial cell,Spinal cord (cervical),5.71126247507917,-0.3739541855359037,-14.919766129645607,0.0012174358848948312,0.0,1404,8692
Endothelial cell,Spinal cord (lumbar),5.6310238171750555,-0.23005451049807846,-8.762933532865224,0.0041608043702099215,0.01,1404,3152
Endothelial cell,Spinal cord (thoracic),5.786152675279539,-0.3181917874709388,-14.562898387209763,0.003324108842725156,0.0,1404,12419
Endothelial cell,Spinal cord interneuron,5.01442079277096,-0.23090137898950758,-2.44848135717523,0.021797777177098212,0.03,1404,144
Endothelial cell,Splanchnic mesoderm,6.4096633771881235,0.20201142299134212,8.925767573034776,0.011225278934695104,0.0,1404,16934
Endothelial cell,Surface ectoderm,5.668067112955957,-0.03716138943697415,-1.345162345170699,0.00024807137427447447,0.33,1404,2549
Endothelial cell,Telencephalon,5.636283133024498,-0.34278972343005165,-14.846806438153207,0.0007932738707321831,0.0,1404,9365
Endothelial cell,Trigeminal placode,5.584510355391866,-0.16251966100882095,-5.21277760479376,0.0011701908479917647,0.0,1404,1875
Endothelial cell,Trigeminal sensory neuron,5.295655903212246,-0.020017094021746118,-0.31543871937130014,0.00012876132274776576,0.83,1404,268
Endothelial cell,Trunk neural crest,5.421999268305154,-0.18193609176177183,-5.130199456545013,0.004898963656568375,0.04,1404,917
Endothelial cell,Vagal neural crest,5.568427202184779,-0.20076890340367104,-7.136450281505024,0.0022102171210740366,0.0,1404,1902
Endothelial progenitor,Endothelial progenitor,8.999999999829349,1.1842378929335002e-15,1.1846374192049108e-05,3.9232682352991657e-28,1.0,4455,4455
Endothelial progenitor,Epibranchial placode,5.888192014593677,-0.017717575222667037,-1.2294113304136927,0.004461700282585881,0.89,4455,2681
Endothelial progenitor,Epibranchial sensory neuron,5.363639915796308,0.03795310269727933,0.3213111001923357,0.005183176102792011,0.82,4455,124
Endothelial progenitor,Epicardium,5.352194061280968,0.036053351758414585,0.17538573382141862,0.019962758838125094,0.48,4455,179
Endothelial progenitor,Epidermal progenitor,6.153001986775167,0.07002908696373537,4.128556146725021,0.004669439193168333,0.24,4455,6626
Endothelial progenitor,Extraembryonic mesoderm,5.6678155444718525,-0.2325377646450617,-15.152794506020532,0.0005403983200152312,0.0,4455,4702
Endothelial progenitor,Eye field,5.71338911417791,-0.3435499999861215,-18.42184522231176,0.00785723015062385,0.0,4455,2922
Endothelial progenitor,First heart field,5.838750376508198,-0.07860647936538623,-3.6761624757033093,0.006294518591520675,0.83,4455,1750
Endothelial progenitor,Floor plate,5.590648999085424,-0.360451526927885,-18.807456020731554,0.00024024721401294316,0.0,4455,3466
Endothelial progenitor,Foregut,5.295282641627791,-0.34268909599976105,-14.628085654934686,0.010816851013139613,0.0,4455,1508
Endothelial progenitor,Frontonasal mesenchyme,5.910109532156635,-0.15572112142858754,-9.504027793850444,0.0013795960347612922,0.0,4455,4202
Endothelial progenitor,Head paraxial mesoderm,6.503324559590008,0.41555715686656275,29.66081354338465,0.001594560406023949,0.0,4455,10089
Endothelial progenitor,Hemogenic endothelium,5.713283172196795,0.3883688920163717,4.393407418316027,0.038737464274123466,0.16,4455,73
Endothelial progenitor,Hindbrain (isthmic organizer),5.8275378920310645,-0.3273876328676015,-15.665339544864588,0.0028567153076600287,0.0,4455,2376
Endothelial progenitor,Hindbrain (r1),5.889727876733084,-0.3530143616946573,-22.512097545793342,0.004082664953589158,0.0,4455,6335
Endothelial progenitor,Hindbrain (r2-r4),5.964895915682365,-0.337277138679729,-22.986107690228923,0.003889572794922645,0.0,4455,7748
Endothelial progenitor,Hindbrain (r5-r8),5.997360483452348,-0.31713190515338496,-19.60832362733343,0.0059316018832572,0.0,4455,5781
Endothelial progenitor,Hindgut,5.2306380069314,-0.37239302237364164,-13.910276184387463,0.0076510834588102575,0.0,4455,1110
Endothelial progenitor,Hypaxial myogenic progenitor,5.23932251001601,0.3583020858788464,3.518465140530832,0.29120159370690113,0.94,3081,23
Endothelial progenitor,Hypothalamus,5.6290964377211266,-0.37860975806947295,-18.41420128601439,0.00026867263016128347,0.0,4455,2956
Endothelial progenitor,Intermediate mesoderm,6.539648254232266,0.3680258943922701,18.048658427533443,0.00019078363288232202,0.0,4455,2580
Endothelial progenitor,Juxtacardiac field,5.902145660282554,0.06421210132679829,2.366616237475284,0.005624570361246056,0.99,4455,965
Endothelial progenitor,Megakaryocyte,4.646086264549617,-0.43253740320844675,-3.731324459617204,0.020901834205662842,0.0,4455,58
Endothelial progenitor,Midbrain,5.833507915703186,-0.3753376907931454,-25.25409124256883,0.003092201172627797,0.0,4455,7099
Endothelial progenitor,Midbrain neuron,5.46213018819532,-0.23269041705285431,-4.9331777014754294,0.0011840329261851692,0.0,4455,353
Endothelial progenitor,Midgut,5.263559965814934,-0.3864232554147146,-18.253682030698723,0.018174755120494303,0.0,4455,2242
Endothelial progenitor,Myotome,5.188348801173639,0.08635236113755755,0.8957287502098259,0.014686257831182969,0.62,4455,65
Endothelial progenitor,Nascent somite,6.015161392093688,-0.0859117412987865,-4.506503273538631,0.007919842395146797,0.66,4455,2502
Endothelial progenitor,Notochord,5.410553317294649,-0.25773250909747397,-8.456660437992774,0.0023484218874055456,0.0,4455,749
Endothelial progenitor,Olfactory placode,5.8364810817396595,-0.059314453925302026,-2.361220802624695,0.0012929881031332436,0.48,4455,1680
Endothelial progenitor,Otic placode,5.8260035606663,-0.06259251320511527,-2.85442515255089,0.006966521897238736,0.22,4455,1357
Endothelial progenitor,Periocular mesoderm,5.958425478203995,0.39819741692285443,12.605351713397853,0.012123236656508215,0.0,4455,798
Endothelial progenitor,Pharyngeal arch mesenchyme,5.891594826995015,-0.17671582398570726,-9.874936864346472,0.0010115167636704711,0.0,4455,4615
Endothelial progenitor,Pharyngeal endoderm,5.474886210253239,-0.28942920239482167,-14.050193998456917,0.005217783218001301,0.0,4455,2292
Endothelial progenitor,Pharyngeal mesoderm,6.55737752770828,0.5262380695018664,28.956744401900835,0.006019442226291907,0.0,4455,2901
Endothelial progenitor,Pre-placodal ectoderm,5.957273548172871,-0.026931469659944973,-1.5331653081771022,0.0013609777092162495,0.98,4455,3388
Endothelial progenitor,Prechordal plate,4.506430012311388,-0.36549082990223997,-2.6040431925982497,0.003335656276787685,0.03,4455,38
Endothelial progenitor,Presomitic mesoderm,6.25600205201761,-0.08862029113452537,-6.79739008313994,0.006726404495145139,0.48,4455,9179
Endothelial progenitor,Primordial germ cell,4.618585571310948,-0.4861087621234447,-7.470086245574503,0.0036661982941249586,0.0,4455,141
Endothelial progenitor,Roof plate,5.99884801644897,-0.15708915107470833,-6.708784873221447,0.003384328853793716,0.0,4455,1779
Endothelial progenitor,Sclerotome,6.387899612851104,0.19922894802879357,13.254928328200622,0.0009232586288398131,0.0,4455,8569
Endothelial progenitor,Second heart field,6.372271973033489,0.25806436790264353,16.51558504783574,0.0016784482165805386,0.0,4455,5333
Endothelial progenitor,Somatic mesoderm,7.204648469908004,0.8204901039356063,62.327248414897554,0.004618088733703362,0.0,4455,17045
Endothelial progenitor,Somatic motor neuron,5.041725989801818,-0.26228251943099706,-3.70925986446207,0.010585187808697421,0.73,4455,134
Endothelial progenitor,Spinal cord (cervical),6.015100483807708,-0.3048118073457819,-21.060993909958437,0.001351067703741612,0.0,4455,8692
Endothelial progenitor,Spinal cord (lumbar),5.949433342086782,-0.14912802878542872,-7.299273697057891,0.007993619430741382,0.15,4455,3152
Endothelial progenitor,Spinal cord (thoracic),6.113110811982857,-0.2273601657993002,-16.679018574965607,0.00469338177326355,0.0,4455,12419
Endothelial progenitor,Spinal cord interneuron,5.260246482064588,-0.22743774655046187,-2.7609780116921834,0.003706071526839176,0.34,4455,144
Endothelial progenitor,Splanchnic mesoderm,7.168787405463373,0.7267496525744699,55.234146136519804,0.0018949266101625723,0.0,4455,16934
Endothelial progenitor,Surface ectoderm,5.949287735353156,0.007925730179821974,0.20936208310497464,0.004733403704658397,0.78,4455,2549
Endothelial progenitor,Telencephalon,5.8999176251544085,-0.31599478055422026,-20.09587064910133,0.0018973033804937475,0.0,4455,9365
Endothelial progenitor,Trigeminal placode,5.939536883628386,-0.043841061362090095,-2.161088593840532,0.0021397970141497193,0.99,4455,1875
Endothelial progenitor,Trigeminal sensory neuron,5.573737843383934,0.02549896221001576,0.3736285627416793,0.0018090023327996152,0.68,4455,268
Endothelial progenitor,Trunk neural crest,5.788290627761231,-0.044977181418187406,-1.8946598761194797,0.002261942823825949,0.85,4455,917
Endothelial progenitor,Vagal neural crest,5.9357749582364105,-0.06780088155573309,-3.415872815477433,0.0047756926174794545,0.8,4455,1902
Epibranchial placode,Epibranchial placode,9.00000000003798,5.921189464667502e-15,5.92020091891e-05,2.093110935186418e-28,1.0,2681,2681
Epibranchial placode,Epibranchial sensory neuron,6.209626412877941,1.3314604396969179,14.612205228432897,0.06933758203175099,0.0,2681,124
Epibranchial placode,Epicardium,4.6755187750666005,-0.19216076754894326,-2.7592692182394285,0.022594733864141844,0.72,2681,179
Epibranchial placode,Epidermal progenitor,6.8866447596936196,1.2481978081181737,67.2191079090747,0.021886162116001875,0.0,2681,6626
Epibranchial placode,Extraembryonic mesoderm,5.329278456475591,-0.13031708848853008,-7.49168045918266,0.0021749411482978537,0.0,2681,4702
Epibranchial placode,Eye field,5.337435499262216,-0.27263463491631273,-11.313496925640777,0.015068205818667548,0.0,2681,2922
Epibranchial placode,First heart field,5.288687313178517,-0.183206760957941,-7.297171816047143,0.0002965512078246445,0.0,2681,1750
Epibranchial placode,Floor plate,5.051028891103077,-0.45605908788694965,-19.622813329618168,0.005476539093314064,0.0,2681,3466
Epibranchial placode,Foregut,4.942589539609968,-0.25257892933602805,-8.933923613388059,0.01922825921286775,0.0,2681,1508
Epibranchial placode,Frontonasal mesenchyme,5.951292115243896,0.32952182389190615,16.060026169140407,0.008817427729140041,0.0,2681,4202
Epibranchial placode,Head paraxial mesoderm,5.37456467702922,-0.27056358571486044,-14.375298896063617,0.004124832368146975,0.0,2681,10089
Epibranchial placode,Hemogenic endothelium,5.064082269477449,0.18270799581311792,1.9321400010572394,0.006473861819840789,0.43,2681,73
Epibranchial placode,Hindbrain (isthmic organizer),5.3774247908651915,-0.32993820481632535,-12.905815039723626,0.002218864736340014,0.0,2681,2376
Epibranchial placode,Hindbrain (r1),5.4581613787850225,-0.34028787318614,-17.655413170015112,0.001993308654684028,0.0,2681,6335
Epibranchial placode,Hindbrain (r2-r4),5.5446072894264296,-0.3135268010709383,-17.08916727441002,0.01077216228228166,0.0,2681,7748
Epibranchial placode,Hindbrain (r5-r8),5.505839005277241,-0.36336074872788426,-20.4308619786843,0.023790267059710213,0.0,2681,5781
Epibranchial placode,Hindgut,4.89563000746334,-0.2654571867183823,-8.699248019441432,0.03991194127446569,0.03,2681,1110
Epibranchial placode,Hypaxial myogenic progenitor,4.4296422258288235,0.01930615239303002,0.17554433984760495,0.00101300714253591,1.0,2193,23
Epibranchial placode,Hypothalamus,5.164631580398654,-0.39720465245923603,-16.966148672282127,0.005025865064188325,0.0,2681,2956
Epibranchial placode,Intermediate mesoderm,5.557348822367138,-0.1690931246591445,-8.004261351834161,0.007114138456665477,0.0,2681,2580
Epibranchial placode,Juxtacardiac field,5.233412088751152,-0.1589714075298252,-5.330977940890876,0.016496880296495063,0.46,2681,965
Epibranchial placode,Megakaryocyte,4.309082425805872,-0.345825619723841,-3.045741937363749,0.010014859217927692,0.02,2681,58
Epibranchial placode,Midbrain,5.40608569341567,-0.359716155866729,-19.50805289391216,0.005210721141291679,0.0,2681,7099
Epibranchial placode,Midbrain neuron,5.100325853967003,-0.14691333869792564,-2.3531366690795905,0.027329477628561426,0.29,2681,353
Epibranchial placode,Midgut,4.972763480368454,-0.2323856400272503,-8.825335992173246,0.03364997135355289,0.06,2681,2242
Epibranchial placode,Myotome,4.617329768615378,-0.04872081566966605,-0.7477364564303065,0.05308168649815137,0.31,2681,65
Epibranchial placode,Nascent somite,5.402653613900324,-0.2572740557553965,-10.500413289690842,0.01261848990353108,0.0,2681,2502
Epibranchial placode,Notochord,4.9397428006073305,-0.289428040578116,-8.26894798967136,0.008966236986045626,0.0,2681,749
Epibranchial placode,Olfactory placode,6.041184517205264,0.5897462237851986,20.455164298384684,0.03516647003602601,0.0,2681,1680
Epibranchial placode,Otic placode,6.695103676662761,1.2485089582986912,42.14170039987498,0.05045546795130996,0.0,2681,1357
Epibranchial placode,Periocular mesoderm,4.859419286367719,-0.2550922027569434,-7.36420609038598,0.027602545996450314,0.01,2681,798
Epibranchial placode,Pharyngeal arch mesenchyme,5.966367806762882,0.34227157737302755,17.224751149107586,0.011329856181575074,0.0,2681,4615
Epibranchial placode,Pharyngeal endoderm,5.096812319965452,-0.22444398417276132,-9.006136417220528,0.01263078471879199,0.0,2681,2292
Epibranchial placode,Pharyngeal mesoderm,5.364097394295214,-0.22573433889558933,-11.802537060087026,0.007266646804402363,0.0,2681,2901
Epibranchial placode,Pre-placodal ectoderm,6.517447188183774,0.9776262614772261,43.797656102031475,0.03962405683266698,0.0,2681,3388
Epibranchial placode,Prechordal plate,4.130113745670555,-0.3108978238442086,-2.0095508953097503,0.040509688895262366,0.44,2681,38
Epibranchial placode,Presomitic mesoderm,5.818674435130845,-0.08344329753089615,-4.87805220207684,0.0013857686838723046,0.01,2681,9179
Epibranchial placode,Primordial germ cell,4.546755357672951,-0.11229833789174244,-1.7034192612075687,0.012032766864650853,0.99,2681,141
Epibranchial placode,Roof plate,5.780660548268834,0.07177082823442256,2.7150308310565108,0.0067965952852894395,0.58,2681,1779
Epibranchial placode,Sclerotome,5.3826637601508915,-0.3655771838033113,-21.154629782595467,0.006087040602303003,0.0,2681,8569
Epibranchial placode,Second heart field,5.6307611901601895,-0.040108361430123196,-2.130857266356642,0.00047063875103128615,0.24,2681,5333
Epibranchial placode,Somatic mesoderm,5.971565358175475,0.03032557534049592,1.6613243289908652,0.0005072743317139065,0.84,2681,17045
Epibranchial placode,Somatic motor neuron,4.498902152365822,-0.3185901132155354,-4.70396972243634,0.05517663044322373,0.82,2681,134
Epibranchial placode,Spinal cord (cervical),5.546205672521569,-0.32878446253871996,-17.423877354530763,0.014693370685711507,0.0,2681,8692
Epibranchial placode,Spinal cord (lumbar),5.448591581114222,-0.2103903108054217,-8.691600765363075,0.0009234851524855237,0.0,2681,3152
Epibranchial placode,Spinal cord (thoracic),5.6094372605348966,-0.2870745146741716,-15.85218982464619,0.010889115135184924,0.0,2681,12419
Epibranchial placode,Spinal cord interneuron,4.831682413648337,-0.2004839971314191,-2.1818776956518717,0.01176279142347842,0.28,2681,144
Epibranchial placode,Splanchnic mesoderm,6.121505004394813,0.12422872964283016,7.187005360912188,0.004219783536666282,0.0,2681,16934
Epibranchial placode,Surface ectoderm,6.798034662166174,1.2982552301946235,53.17863049304204,0.03556700458733413,0.0,2681,2549
Epibranchial placode,Telencephalon,5.645724335613349,-0.12624891491657456,-7.114791104967066,0.003094861159273323,0.0,2681,9365
Epibranchial placode,Trigeminal placode,6.227704301959476,0.6893660468323949,26.366178783312318,0.0004759149307245839,0.0,2681,1875
Epibranchial placode,Trigeminal sensory neuron,5.84438786965477,0.7423996390984078,13.398794895386892,0.04398190166914029,0.0,2681,268
Epibranchial placode,Trunk neural crest,5.57973713075058,0.18476156411757452,5.06444982191491,0.018663015493497748,0.36,2681,917
Epibranchial placode,Vagal neural crest,5.779956553064619,0.21892182512127376,7.795058842128898,0.009292434199911445,0.0,2681,1902
Epibranchial sensory neuron,Epibranchial sensory neuron,8.99999999991138,-1.0066022089934753e-14,-0.00010064980904323153,4.207258161178729e-30,1.0,124,124
Epibranchial sensory neuron,Epicardium,4.126128765948969,-0.17976947946768362,-1.0659811412808302,0.01149534164396071,0.42,124,179
Epibranchial sensory neuron,Epidermal progenitor,5.574008392171237,0.5090879093773841,9.083890739837376,0.21803967458307522,0.99,124,6626
Epibranchial sensory neuron,Extraembryonic mesoderm,4.806188039682674,-0.07665821205436352,-0.7207509127255957,0.0036682550738701045,0.63,124,4702
Epibranchial sensory neuron,Eye field,4.953428315867543,-0.081085464465108,-1.7774092127764254,0.01746094996305777,0.92,124,2922
Epibranchial sensory neuron,First heart field,4.8033628084996876,-0.08987042368257292,-1.3306060125240302,0.006903684231244722,0.91,124,1750
Epibranchial sensory neuron,Floor plate,4.700451640096721,-0.22893583317375032,-2.613055523096433,0.003725822665237874,0.52,124,3466
Epibranchial sensory neuron,Foregut,4.692517330973982,0.08260112565088977,-0.23648676095803403,0.06439488205588594,0.76,124,1508
Epibranchial sensory neuron,Frontonasal mesenchyme,5.302377418116456,0.2511483169876912,2.9178039404045726,0.009876190932177136,0.6,124,4202
Epibranchial sensory neuron,Head paraxial mesoderm,4.939758027620047,-0.1336119314717011,-2.0901595101165475,0.009815754139005687,0.94,124,10089
Epibranchial sensory neuron,Hemogenic endothelium,4.458553062004433,0.12333723089485342,0.8773381947124802,0.02731612576116642,0.78,124,73
Epibranchial sensory neuron,Hindbrain (isthmic organizer),4.9154700802600475,-0.22480227292679977,-2.5904496424042947,0.008736857425875516,0.33,124,2376
Epibranchial sensory neuron,Hindbrain (r1),5.141838242105771,-0.08494604880097671,-1.9803993428177584,0.04588458103268706,0.47,124,6335
Epibranchial sensory neuron,Hindbrain (r2-r4),5.025964715315542,-0.2519676248676328,-2.9082717451999063,0.007008631802148619,0.17,124,7748
Epibranchial sensory neuron,Hindbrain (r5-r8),5.173837991294341,-0.13505530242789288,-2.4091675168571807,0.03587603410478956,0.8,124,5781
Epibranchial sensory neuron,Hindgut,4.5554304632102,-0.0240326127162754,-0.9908415186995351,0.03238843806184451,0.52,124,1110
Epibranchial sensory neuron,Hypaxial myogenic progenitor,4.477173083939439,0.47939299054122797,1.1148883747729583,0.25124173116634785,0.29,120,23
Epibranchial sensory neuron,Hypothalamus,4.778165328735459,-0.20765216409242626,-2.0953225761347527,0.00407976323444419,0.31,124,2956
Epibranchial sensory neuron,Intermediate mesoderm,5.104340670651725,-0.05448843860326994,-1.6487651115276398,0.04917088983010051,0.5,124,2580
Epibranchial sensory neuron,Juxtacardiac field,4.735122946711999,-0.08894662758831136,-0.8610720805725722,0.0077203786205115804,0.97,124,965
Epibranchial sensory neuron,Megakaryocyte,4.037779179751276,-0.04314398192276029,-0.5775330043453301,0.01969817865809925,0.72,124,58
Epibranchial sensory neuron,Midbrain,4.97565346210671,-0.2234664341961737,-2.8951911282680087,0.006510529022013031,0.43,124,7099
Epibranchial sensory neuron,Midbrain neuron,4.692367233806389,-0.0024998743569482804,-0.13206434122916086,0.015201602573891464,0.92,124,353
Epibranchial sensory neuron,Midgut,4.705445017431946,0.06361558318215395,-0.38369078947256136,0.06182905607126541,0.39,124,2242
Epibranchial sensory neuron,Myotome,3.789487635980208,-0.31311310183474345,-1.4504539283300169,0.05725892900117852,0.5,124,65
Epibranchial sensory neuron,Nascent somite,5.0083769788649235,-0.08295596662034359,-1.445640367037304,0.020724120270376154,0.74,124,2502
Epibranchial sensory neuron,Notochord,4.469862262659196,-0.1770622432740335,-1.9692370536230825,0.004788208195457364,0.42,124,749
Epibranchial sensory neuron,Olfactory placode,5.365537855487015,0.48148944425432444,6.470130747707649,0.11253783063472335,0.77,124,1680
Epibranchial sensory neuron,Otic placode,6.083624866743954,1.2071827329248401,11.297188634398415,0.07267824093886728,0.0,124,1357
Epibranchial sensory neuron,Periocular mesoderm,4.494047574505097,-0.03996572966733917,-1.1006712481428844,0.043440298244654736,0.88,124,798
Epibranchial sensory neuron,Pharyngeal arch mesenchyme,5.4367586469140035,0.37380159873609414,4.354875421511713,0.000964095040006925,0.07,124,4615
Epibranchial sensory neuron,Pharyngeal endoderm,4.802624094116705,0.07109340136684228,0.2253740101080488,0.02693151119874069,0.26,124,2292
Epibranchial sensory neuron,Pharyngeal mesoderm,4.942658587969111,-0.07270637079292601,-1.4589437690249725,0.016530914229213607,0.76,124,2901
Epibranchial sensory neuron,Pre-placodal ectoderm,5.869089157372712,0.913648758833642,10.811605653917384,0.04084870630335157,0.0,124,3388
Epibranchial sensory neuron,Prechordal plate,3.284558902933336,-0.5704770203457401,-1.576886772094074,0.9249871252902493,0.77,124,38
Epibranchial sensory neuron,Presomitic mesoderm,5.280962558174308,-0.042315126987205666,-0.7480711231928359,0.007668773404877017,0.98,124,9179
Epibranchial sensory neuron,Primordial germ cell,4.043834071733678,-0.04325348662158864,-0.3134029506991609,0.09198534935799463,0.16,124,141
Epibranchial sensory neuron,Roof plate,5.3551010893512165,0.22868723654977993,1.8460734591990227,0.03570000528816114,0.86,124,1779
Epibranchial sensory neuron,Sclerotome,5.0111087630345255,-0.15930065794965861,-2.7654026587166283,0.015788773620664075,0.88,124,8569
Epibranchial sensory neuron,Second heart field,5.0196558192559815,-0.06504688058400247,-0.5196531333691946,0.009773119063726556,0.73,124,5333
Epibranchial sensory neuron,Somatic mesoderm,5.411545241020374,0.04167983525989172,0.4729124896740801,0.0022072459660738937,0.98,124,17045
Epibranchial sensory neuron,Somatic motor neuron,3.919926709269682,-0.354313094803614,-3.1553443195435715,0.013315037215454618,0.62,124,134
Epibranchial sensory neuron,Spinal cord (cervical),5.119097919480251,-0.1870551526453239,-2.633338577048852,0.017220322506839768,0.69,124,8692
Epibranchial sensory neuron,Spinal cord (lumbar),5.008539494843203,-0.05738626837708812,-0.9682685626978594,0.004484066536268786,0.94,124,3152
Epibranchial sensory neuron,Spinal cord (thoracic),5.2238130895656,-0.09888794289350944,-1.9944752844079492,0.030823230336337326,0.74,124,12419
Epibranchial sensory neuron,Spinal cord interneuron,4.545431203558075,0.10543137220010183,-0.08739789381877516,0.08702724734344887,0.76,124,144
Epibranchial sensory neuron,Splanchnic mesoderm,5.50100352792897,0.06061881780371525,0.7013801039014792,0.0009289287071459946,0.81,124,16934
Epibranchial sensory neuron,Surface ectoderm,6.086230544550957,1.1774992467282603,15.46336449511803,0.39944567671692993,0.02,124,2549
Epibranchial sensory neuron,Telencephalon,5.164903208533722,-0.03142798723335479,-0.18064197826862774,0.01567027375332116,0.63,124,9365
Epibranchial sensory neuron,Trigeminal placode,5.322425002678238,0.3558180935722814,5.215049795729941,0.1986843089383117,0.44,124,1875
Epibranchial sensory neuron,Trigeminal sensory neuron,5.218215114218409,0.6791468949690485,7.777391988803289,0.26032141086203603,0.7,124,268
Epibranchial sensory neuron,Trunk neural crest,5.078327889533541,0.2607678452320415,3.0655164591463158,0.002829683645672745,0.32,124,917
Epibranchial sensory neuron,Vagal neural crest,5.292015074784054,0.303930880153227,3.207607736226667,0.007263310882730843,0.13,124,1902
Epicardium,Epicardium,9.000000000174177,-8.881784197001252e-15,-8.879481309873335e-05,6.090006188306211e-28,1.0,179,179
Epicardium,Epidermal progenitor,4.93252240187349,-0.10966693141740554,-1.4206606672791084,0.0010259999192016394,0.53,179,6626
Epicardium,Extraembryonic mesoderm,5.347344748460135,0.47925410199399315,6.370409057401467,0.026474254706064983,0.0,179,4702
Epicardium,Eye field,4.684226277123322,-0.33051608843005936,-4.689147074098148,0.02659066610662387,0.53,179,2922
Epicardium,First heart field,5.8609631173789625,0.974137634405205,15.59800555343871,0.04173395383292389,0.0,179,1750
Epicardium,Floor plate,4.828880797513414,-0.08767199104255614,-2.229030803738586,0.056274511521926994,0.4,179,3466
Epicardium,Foregut,4.691911052190197,0.10181237904840135,-0.0490870952020576,0.1347272610238202,0.32,179,1508
Epicardium,Frontonasal mesenchyme,4.692637298394662,-0.3332465623550611,-4.268282086761581,0.002116322456107359,0.12,179,4202
Epicardium,Head paraxial mesoderm,5.201677595243012,0.15723895654497935,2.9268484848459884,0.007918191380289397,0.77,179,10089
Epicardium,Hemogenic endothelium,4.345898108489647,0.04686795233368605,0.09858139750767257,0.05941379406808087,0.92,179,73
Epicardium,Hindbrain (isthmic organizer),4.791606050849674,-0.32358926421345274,-4.734403588088393,0.021523555964420488,0.5,179,2376
Epicardium,Hindbrain (r1),4.888772878454151,-0.32685304626096795,-5.483003264834388,0.02225709417871842,0.42,179,6335
Epicardium,Hindbrain (r2-r4),4.896385611341159,-0.34842282437392463,-6.155906506013776,0.025581983021090975,0.49,179,7748
Epicardium,Hindbrain (r5-r8),4.93525433085253,-0.32970735475565977,-4.922788786766527,0.012684949854793272,0.23,179,5781
Epicardium,Hindgut,4.664597069210419,0.08997427614364935,0.30194040594687677,0.03549790076148537,0.85,179,1110
Epicardium,Hypaxial myogenic progenitor,4.205400518051626,0.227976501576014,-0.14795925085201256,0.29084266283861376,0.33,175,23
Epicardium,Hypothalamus,4.824148915095305,-0.1667161852180993,-2.7984677392790984,0.0289882840045707,0.92,179,2956
Epicardium,Intermediate mesoderm,4.939917419297394,-0.19335790319472115,-3.717558197385255,0.029363632127446183,1.0,179,2580
Epicardium,Juxtacardiac field,5.498209066923478,0.7040659906155872,9.434049310098594,0.016894585053440554,0.01,179,965
Epicardium,Megakaryocyte,4.333337072926123,0.2755518515380972,1.263365269843889,0.04879026391694452,0.67,179,58
Epicardium,Midbrain,4.845557186402414,-0.3240511501913623,-4.7599700366568,0.019292219632001527,0.47,179,7099
Epicardium,Midbrain neuron,4.3383306053084345,-0.3231506524916865,-3.936524156752746,0.0020412672481558793,0.24,179,353
Epicardium,Midgut,4.821151155150687,0.21778009442243018,1.7584176973031156,0.05591514688872347,0.33,179,2242
Epicardium,Myotome,4.220148744241896,0.1352263301443717,1.109823845331082,0.0351024130151241,0.76,179,65
Epicardium,Nascent somite,4.96042314621403,-0.113508509434103,-2.960369066034445,0.03867670131258829,0.7,179,2502
Epicardium,Notochord,4.825305332419186,0.19301667301539638,1.4524054902718986,0.03999704379161181,0.47,179,749
Epicardium,Olfactory placode,4.688834854242855,-0.19158949049451124,-2.4239711305794223,0.0019057532739757482,0.57,179,1680
Epicardium,Otic placode,4.667917821438419,-0.17688768099661592,-1.6317906142386978,0.01694044472975174,0.6,179,1357
Epicardium,Periocular mesoderm,4.5760633446453705,0.04717853275640523,1.5048073599731084,0.06684164106557361,0.81,179,798
Epicardium,Pharyngeal arch mesenchyme,4.734892282544472,-0.3035519548595455,-4.137014391125405,0.00880887601075109,0.24,179,4615
Epicardium,Pharyngeal endoderm,4.839760948099958,0.11834991930432626,0.7793469393620441,0.04370590421190512,0.17,179,2292
Epicardium,Pharyngeal mesoderm,5.349489586462735,0.365091322291397,4.5848748360619025,0.025064429859694523,0.02,179,2901
Epicardium,Pre-placodal ectoderm,4.769595436594518,-0.16243486622440884,-2.0659495310939735,0.0030315064643699954,0.44,179,3388
Epicardium,Prechordal plate,3.974194242266838,0.12407232688399968,0.40995062496039264,0.1357397378502989,0.97,179,38
Epicardium,Presomitic mesoderm,5.042291896712412,-0.2630699011236741,-4.619704933995434,0.005671244437894849,0.42,179,9179
Epicardium,Primordial germ cell,4.240669783461733,0.17845798945200242,1.5201692816914443,0.02743439757625335,1.0,179,141
Epicardium,Roof plate,4.769238328534603,-0.3328169226679846,-4.98165005361721,0.00648649483972631,0.23,179,1779
Epicardium,Sclerotome,5.150799665345169,-0.0029384307376648286,-1.4881961425716124,0.045956842913232696,0.31,179,8569
Epicardium,Second heart field,6.164812577986453,1.0884944303621218,16.052741208613227,0.0055506214681479045,0.0,179,5333
Epicardium,Somatic mesoderm,5.571037598119111,0.2253628523597048,2.0722192513315085,0.02806927523465216,0.07,179,17045
Epicardium,Somatic motor neuron,4.0856108741397135,-0.15088536040890554,-1.1029281373265774,0.11579975311000182,0.44,179,134
Epicardium,Spinal cord (cervical),5.017291351897837,-0.25390247218464435,-4.407579338470623,0.035493340706821266,0.64,179,8692
Epicardium,Spinal cord (lumbar),4.702674249359788,-0.3617637836489796,-5.067016722658835,0.0033381565361083345,0.11,179,3152
Epicardium,Spinal cord (thoracic),4.997948209668313,-0.29982125329071935,-5.281616480244854,0.02575878037769623,0.59,179,12419
Epicardium,Spinal cord interneuron,4.185475213576008,-0.25986936497172985,-2.3871077319750555,0.02593967981481466,0.76,179,144
Epicardium,Splanchnic mesoderm,5.685307868028095,0.26964449627407383,2.3221354508603373,0.07586900732956593,0.71,179,16934
Epicardium,Surface ectoderm,4.846900736506987,-0.06266741661749808,-1.128663746976584,0.006147557886495203,0.95,179,2549
Epicardium,Telencephalon,4.8492844473824315,-0.32218025771340236,-5.693640844110903,0.016249167384213847,0.45,179,9365
Epicardium,Trigeminal placode,4.734518187514598,-0.20464378725341228,-2.4248142383695086,0.0015893640293408859,0.38,179,1875
Epicardium,Trigeminal sensory neuron,4.339551873292582,-0.17449520809556462,-1.689954418056827,0.0012162366721191905,0.51,179,268
Epicardium,Trunk neural crest,4.565909361134594,-0.23103168060455617,-2.8606540641740033,0.001261097461251341,0.34,179,917
Epicardium,Vagal neural crest,4.610247029168099,-0.34445716474936167,-3.8854371051358765,0.012318673167932306,0.03,179,1902
Epidermal progenitor,Epidermal progenitor,8.999999999985176,1.1842378929335004e-14,0.00011840296771784796,1.020260104085842e-28,1.0,6626,6626
Epidermal progenitor,Extraembryonic mesoderm,5.459815765584015,-0.17345074638483204,-11.224229894001917,0.0012822174913841068,0.0,6626,4702
Epidermal progenitor,Eye field,5.539457583907921,-0.24520770351089283,-13.950699566015599,0.005581025184523258,0.0,6626,2922
Epidermal progenitor,First heart field,5.4274379525453895,-0.22191700647647364,-9.816337579881464,4.336594858422976e-05,0.0,6626,1750
Epidermal progenitor,Floor plate,5.191789022958981,-0.4902530493824478,-27.94692917218477,0.0020674301947365224,0.0,6626,3466
Epidermal progenitor,Foregut,5.054140594600185,-0.32137816283464904,-14.356961721066577,0.008539151859838667,0.0,6626,1508
Epidermal progenitor,Frontonasal mesenchyme,6.098927065770828,0.30075026377455255,17.547297681444842,0.0036994426626055336,0.0,6626,4202
Epidermal progenitor,Head paraxial mesoderm,5.571553583981806,-0.24954979982524192,-21.750378885976207,0.001680746331826822,0.0,6626,10089
Epidermal progenitor,Hemogenic endothelium,5.3607127155874155,0.29385909644164016,2.747215869125499,0.01758675137417957,0.06,6626,73
Epidermal progenitor,Hindbrain (isthmic organizer),5.5643887598868815,-0.3210844775363168,-16.702892751720473,0.003023292276712686,0.0,6626,2376
Epidermal progenitor,Hindbrain (r1),5.673602560158063,-0.30051486322675497,-20.4943683280989,0.003262692271321811,0.0,6626,6335
Epidermal progenitor,Hindbrain (r2-r4),5.771865990813066,-0.2623286484926961,-19.483336639807305,0.0016995429085102977,0.0,6626,7748
Epidermal progenitor,Hindbrain (r5-r8),5.739506594274343,-0.30973993404810923,-21.89830948232293,0.00686672489160568,0.0,6626,5781
Epidermal progenitor,Hindgut,5.0999240515877835,-0.23564509565177882,-9.225413654840084,0.00954408639579245,0.0,6626,1110
Epidermal progenitor,Hypaxial myogenic progenitor,4.533877960243263,-0.08399216368555829,-0.13656486429115866,0.029694339735869716,0.8,5206,23
Epidermal progenitor,Hypothalamus,5.3240554425964515,-0.4182971362021843,-24.682267122491123,0.0013944615853406556,0.0,6626,2956
Epidermal progenitor,Intermediate mesoderm,5.763798841741978,-0.14015580977394837,-7.668740688921845,0.0021143612247917056,0.0,6626,2580
Epidermal progenitor,Juxtacardiac field,5.45936691375159,-0.11067260927573248,-3.717129031811719,0.00911277286859542,0.59,6626,965
Epidermal progenitor,Megakaryocyte,4.4684680864423205,-0.3547807251068639,-3.0940517107976273,0.01944906829460263,0.01,6626,58
Epidermal progenitor,Midbrain,5.6025549084822925,-0.34015868319820025,-23.71925198088977,0.001689269923117183,0.0,6626,7099
Epidermal progenitor,Midbrain neuron,5.313684115078728,-0.11858519473046887,-2.490245644611711,0.03455174869919011,0.21,6626,353
Epidermal progenitor,Midgut,5.064650532997573,-0.31888906875067374,-15.6562999278727,0.006727090925317634,0.0,6626,2242
Epidermal progenitor,Myotome,4.697825589589958,-0.14332201476152098,-1.24088193443765,0.07915304556006023,0.67,6626,65
Epidermal progenitor,Nascent somite,5.614738571305986,-0.22076196467979545,-11.306813039964114,0.009572043659076029,0.0,6626,2502
Epidermal progenitor,Notochord,5.057842986649345,-0.34490167651202075,-11.399779202405234,0.003940180922697722,0.0,6626,749
Epidermal progenitor,Olfactory placode,6.173395410038078,0.5475616493457984,24.10212138065275,0.012595639167943068,0.0,6626,1680
Epidermal progenitor,Otic placode,6.560811907254972,0.9376948956107949,37.39674271112867,0.02234402591729432,0.0,6626,1357
Epidermal progenitor,Periocular mesoderm,4.983872655753953,-0.3072087265491958,-10.132280789694688,0.0009627354855994938,0.0,6626,798
Epidermal progenitor,Pharyngeal arch mesenchyme,6.1247820610652814,0.3204524803561801,18.29593665003404,0.011566123812367239,0.0,6626,4615
Epidermal progenitor,Pharyngeal endoderm,5.211252401150549,-0.2853759895440315,-16.092440941480238,0.0008272844739446396,0.0,6626,2292
Epidermal progenitor,Pharyngeal mesoderm,5.572906792088735,-0.1935433090318949,-11.8737917692376,0.007422653119559097,0.0,6626,2901
Epidermal progenitor,Pre-placodal ectoderm,6.508296219139446,0.7885428531977189,42.0744086229341,0.028783324539465433,0.0,6626,3388
Epidermal progenitor,Prechordal plate,4.346805023323459,-0.24833727981685497,-1.8189765605438357,0.008396440206355328,0.12,6626,38
Epidermal progenitor,Presomitic mesoderm,6.129447557999108,0.05024282731469517,3.9612945188932773,0.003867047726892485,0.87,6626,9179
Epidermal progenitor,Primordial germ cell,4.645381780401738,-0.19163325601657574,-2.683999095660999,0.015903062768631057,0.29,6626,141
Epidermal progenitor,Roof plate,6.101434424888784,0.2158066709396982,9.453626773598005,0.0074106267933073755,0.0,6626,1779
Epidermal progenitor,Sclerotome,5.566214357174862,-0.35521816430734326,-29.815526002380224,0.0009853866042473542,0.0,6626,8569
Epidermal progenitor,Second heart field,5.851453858915195,0.005488788012545598,0.394448236028572,0.00023948077648590347,0.97,6626,5333
Epidermal progenitor,Somatic mesoderm,6.255005317448563,0.13821157745641788,13.384487633131007,0.00048690084258431565,0.0,6626,17045
Epidermal progenitor,Somatic motor neuron,4.821055446253996,-0.21055616697777246,-4.480154562345628,0.09927161693625663,0.82,6626,134
Epidermal progenitor,Spinal cord (cervical),5.764893382255891,-0.2875100061950822,-22.76558386454433,0.0048281820309347264,0.0,6626,8692
Epidermal progenitor,Spinal cord (lumbar),5.738564306932033,-0.09318419214692142,-4.690136539249363,0.0010794517431444446,0.08,6626,3152
Epidermal progenitor,Spinal cord (thoracic),5.865084430559366,-0.20716562846877165,-17.044286004093752,0.005010158124946312,0.0,6626,12419
Epidermal progenitor,Spinal cord interneuron,5.0222750114972,-0.18664980097740744,-2.191065269549561,0.004851231097138711,0.32,6626,144
Epidermal progenitor,Splanchnic mesoderm,6.482972552998599,0.30863501697931167,29.31003322278713,0.0018324637338380091,0.0,6626,16934
Epidermal progenitor,Surface ectoderm,6.776153308187326,1.1009567482520408,59.43628342777381,0.022699042239836605,0.0,6626,2549
Epidermal progenitor,Telencephalon,5.815130367030286,-0.13343644603133212,-9.766121612443834,0.004007864945922843,0.0,6626,9365
Epidermal progenitor,Trigeminal placode,6.366020097217351,0.6505575955022914,28.919749030120617,0.011391210757778266,0.0,6626,1875
Epidermal progenitor,Trigeminal sensory neuron,5.965571264804712,0.6873863953980722,12.618129530531034,0.016354572825253648,0.0,6626,268
Epidermal progenitor,Trunk neural crest,5.980542964044413,0.41676913885748795,12.19817202887654,0.035796024643367834,0.0,6626,917
Epidermal progenitor,Vagal neural crest,6.149639932209413,0.4145245213574196,17.373278221761897,0.009139818170306877,0.0,6626,1902
Extraembryonic mesoderm,Extraembryonic mesoderm,8.999999999982128,-1.2434497875801753e-14,-0.00012432510314506028,6.626431603856499e-29,1.0,4702,4702
Extraembryonic mesoderm,Eye field,5.191568125500996,-0.41497192456289306,-21.668970172684663,0.008325785442685987,0.0,4702,2922
Extraembryonic mesoderm,First heart field,5.837718609648671,0.3708665418563702,17.944734249270976,0.020352098330546124,0.0,4702,1750
Extraembryonic mesoderm,Floor plate,5.31102191933616,-0.1921045673487356,-11.052986517197718,0.00044229505984274024,0.0,4702,3466
Extraembryonic mesoderm,Foregut,5.27901370043569,0.08973647032238545,3.712782109061175,0.008057035202360565,0.27,4702,1508
Extraembryonic mesoderm,Frontonasal mesenchyme,5.256222581606498,-0.3575274605809022,-22.42328062575915,0.0014943303183655842,0.0,4702,4202
Extraembryonic mesoderm,Head paraxial mesoderm,5.589013333895326,-0.050007370322506496,-4.09432898013166,0.0006393737769162069,0.04,4702,10089
Extraembryonic mesoderm,Hemogenic endothelium,4.90108595187489,0.026271133110776706,-0.03492074813570708,0.06639644960457913,0.36,4702,73
Extraembryonic mesoderm,Hindbrain (isthmic organizer),5.277889064030116,-0.42568171332350574,-21.59331384214796,0.0026704271336171707,0.0,4702,2376
Extraembryonic mesoderm,Hindbrain (r1),5.335111264166123,-0.45912708006093084,-29.147186627528654,0.0042763317780628255,0.0,4702,6335
Extraembryonic mesoderm,Hindbrain (r2-r4),5.374868645765461,-0.47716627912672543,-34.39756480285209,0.00866034195797305,0.0,4702,7748
Extraembryonic mesoderm,Hindbrain (r5-r8),5.369850670697345,-0.49676731106647737,-32.44220845753299,0.0038148164479705074,0.0,4702,5781
Extraembryonic mesoderm,Hindgut,5.161108868881427,0.007304891854678826,0.31872097297042395,0.0005579217518135589,0.9,4702,1110
Extraembryonic mesoderm,Hypaxial myogenic progenitor,4.327990477355381,-0.13088889040226315,-0.35004531296708363,0.052047872018271955,0.78,2855,23
Extraembryonic mesoderm,Hypothalamus,5.196124918836105,-0.3641420543227012,-20.462348122796723,0.0016315458131987972,0.0,4702,2956
Extraembryonic mesoderm,Intermediate mesoderm,5.382357518194264,-0.34111970396988917,-19.168120365889468,0.0010221037102247867,0.0,4702,2580
Extraembryonic mesoderm,Juxtacardiac field,5.63765933984035,0.2480512580609974,9.796006767257014,0.007566997525195234,0.0,4702,965
Extraembryonic mesoderm,Megakaryocyte,5.1688972569922695,0.5343051139783581,5.4200438234008494,0.042903713747773256,0.0,4702,58
Extraembryonic mesoderm,Midbrain,5.305168064949361,-0.4546192555603869,-31.468629176506585,0.004968756061076635,0.0,4702,7099
Extraembryonic mesoderm,Midbrain neuron,4.965987416034552,-0.28129971903365786,-7.011608817828834,0.00436556237541662,0.0,4702,353
Extraembryonic mesoderm,Midgut,5.300469267719796,0.10170147533079366,4.510282364432024,0.004968790425331769,0.01,4702,2242
Extraembryonic mesoderm,Myotome,4.690642320174219,0.034336478359661506,0.3164410551620593,0.019562420096749415,0.91,4702,65
Extraembryonic mesoderm,Nascent somite,5.358957093777953,-0.2935118657750957,-16.302389906938416,0.0009760142434500303,0.0,4702,2502
Extraembryonic mesoderm,Notochord,5.302671202814838,0.08454550964091645,3.173694741401262,0.007742067004558966,0.59,4702,749
Extraembryonic mesoderm,Olfactory placode,5.256536946051426,-0.1885206668780738,-8.57579422822799,0.0012878043458860278,0.0,4702,1680
Extraembryonic mesoderm,Otic placode,5.281909609384329,-0.1584874462880146,-6.952699993580236,0.0002782006176763444,0.0,4702,1357
Extraembryonic mesoderm,Periocular mesoderm,5.2141594506779,0.1036522289009311,3.4406353223856456,0.008310055418349026,1.0,4702,798
Extraembryonic mesoderm,Pharyngeal arch mesenchyme,5.280362542021231,-0.33902430973125924,-18.16437659822689,0.0054035969725676385,0.0,4702,4615
Extraembryonic mesoderm,Pharyngeal endoderm,5.362398708292216,0.05051876497547614,2.1156565599970913,0.012867013415538857,0.74,4702,2292
Extraembryonic mesoderm,Pharyngeal mesoderm,5.623535083774908,0.038686964642381305,2.1969475307379827,0.011930069942157168,0.0,4702,2901
Extraembryonic mesoderm,Pre-placodal ectoderm,5.349426618546054,-0.18512421777022178,-10.137588368009569,0.002232686834282723,0.0,4702,3388
Extraembryonic mesoderm,Prechordal plate,4.4216940532813584,0.0016055463152323906,0.2863427087884009,0.025388248850746448,0.78,4702,38
Extraembryonic mesoderm,Presomitic mesoderm,5.4333721152578285,-0.46390732163044657,-37.137944160760966,0.00382133460006603,0.0,4702,9179
Extraembryonic mesoderm,Primordial germ cell,4.773090805556764,0.12098290423924436,2.0518647561305166,0.06286330348140437,0.01,4702,141
Extraembryonic mesoderm,Roof plate,5.286054106604676,-0.41739791461141706,-20.288674616585617,0.0031547520267387135,0.0,4702,1779
Extraembryonic mesoderm,Sclerotome,5.5152912041715,-0.22433367114412484,-16.44349330759106,0.004621022599828745,0.0,4702,8569
Extraembryonic mesoderm,Second heart field,5.889305250314943,0.22394333719698847,15.935775232447645,0.02053285717984863,0.0,4702,5333
Extraembryonic mesoderm,Somatic mesoderm,5.846086892207026,-0.08831269496621925,-7.0548369732065765,0.007942678213455552,0.04,4702,17045
Extraembryonic mesoderm,Somatic motor neuron,4.754739658548488,-0.0903785244876986,-1.7149195121342975,0.006189551260057259,0.99,4702,134
Extraembryonic mesoderm,Spinal cord (cervical),5.376383806475559,-0.4965738159938689,-32.85635616137659,0.006077070337877161,0.0,4702,8692
Extraembryonic mesoderm,Spinal cord (lumbar),5.253001586357137,-0.39652197903217673,-20.354109216012983,0.013535418763409605,0.0,4702,3152
Extraembryonic mesoderm,Spinal cord (thoracic),5.417326413945484,-0.4730642557009759,-37.943603056953805,0.007359598718109251,0.0,4702,12419
Extraembryonic mesoderm,Spinal cord interneuron,4.790702528659779,-0.24111669161090563,-3.055604306167254,0.0026131472842961974,0.12,4702,144
Extraembryonic mesoderm,Splanchnic mesoderm,5.80994980325805,-0.18316885688780213,-13.846030779463161,0.010509155528520107,0.0,4702,16934
Extraembryonic mesoderm,Surface ectoderm,5.488337232902432,-0.004755846864148872,-0.26576012465670074,0.001579402377833383,0.26,4702,2549
Extraembryonic mesoderm,Telencephalon,5.3085239934884525,-0.45905204886319567,-33.004506474040056,0.006339896974288588,0.0,4702,9365
Extraembryonic mesoderm,Trigeminal placode,5.310920559414883,-0.22130907106420317,-9.873284230238612,0.001472649060573581,0.0,4702,1875
Extraembryonic mesoderm,Trigeminal sensory neuron,5.092365105881058,-0.004002643381349813,-0.9477129257290965,0.02891625310842482,0.67,4702,268
Extraembryonic mesoderm,Trunk neural crest,5.149461592327135,-0.23779021937331635,-8.0741664442101,0.009942800867040049,0.01,4702,917
Extraembryonic mesoderm,Vagal neural crest,5.2433733275101995,-0.31465900156819043,-15.044947361210012,0.0012692447001519918,0.0,4702,1902
Eye field,Eye field,8.999999999915834,-1.7171449447535753e-14,-0.00017168136914111578,5.469435609532349e-29,1.0,2922,2922
Eye field,First heart field,5.214722751020022,-0.4072605020461735,-14.8836199303407,0.00532097262444039,0.0,2922,1750
Eye field,Floor plate,5.802731512229624,0.14812961098493313,5.4977767230106265,0.01092829319454037,0.0,2922,3466
Eye field,Foregut,5.115559751234575,-0.22767381048226878,-7.967752737892954,0.019690279585047092,0.0,2922,1508
Eye field,Frontonasal mesenchyme,6.137826149358371,0.36870611073176046,15.48313598589067,0.02670066854145966,0.0,2922,4202
Eye field,Head paraxial mesoderm,5.5119403693024855,-0.2794123092913055,-16.300445319887405,0.005914853523509234,0.0,2922,10089
Eye field,Hemogenic endothelium,4.776333631334476,-0.26492839711072386,-2.3064782237079027,0.00731819178136389,0.08,2922,73
Eye field,Hindbrain (isthmic organizer),6.493184241435176,0.6365482154318519,25.011089684818405,0.00626068295913756,0.0,2922,2376
Eye field,Hindbrain (r1),6.516247597655103,0.5699725584271521,27.66076098637602,0.004859873260535958,0.0,2922,6335
Eye field,Hindbrain (r2-r4),6.385521435855542,0.38025600413677757,21.9289564081558,0.011425190589628473,0.0,2922,7748
Eye field,Hindbrain (r5-r8),6.269460826824253,0.2501422019471793,12.111465860027822,0.012301161202247862,0.0,2922,5781
Eye field,Hindgut,5.0273782552415875,-0.2798887521923146,-8.880661370962532,0.007005693208092726,0.0,2922,1110
Eye field,Hypaxial myogenic progenitor,4.3918447009734525,-0.25246871981541297,-1.7045199534468716,0.00020789066492335955,0.51,2683,23
Eye field,Hypothalamus,6.924679056997232,1.2093894372714908,55.804129583487395,0.018558797474768726,0.0,2922,2956
Eye field,Intermediate mesoderm,5.7964578200412085,-0.08174234624148073,-4.609505512396326,0.015931138720324513,0.16,2922,2580
Eye field,Juxtacardiac field,5.174660672840532,-0.36614292059970044,-11.168446471577312,0.002576665546046058,0.0,2922,965
Eye field,Megakaryocyte,4.45434226910377,-0.33899578512824685,-2.774555863278278,0.017304659103395077,0.08,2922,58
Eye field,Midbrain,6.800154005926543,0.8861277766878505,44.71905540387544,0.0038382195053997467,0.0,2922,7099
Eye field,Midbrain neuron,6.0907448907448725,0.6840580525645171,14.525991000179118,0.006587392212593894,0.0,2922,353
Eye field,Midgut,5.046687664067556,-0.30765699819667197,-12.09425660264638,0.02454819135026315,0.0,2922,2242
Eye field,Myotome,4.641634952755138,-0.18801719340827194,-1.6100229231749446,0.003928905240160656,0.41,2922,65
Eye field,Nascent somite,5.833782284779083,0.027647680268340597,0.16902860111769571,0.02771445559378737,0.0,2922,2502
Eye field,Notochord,5.168216328010158,-0.20405548743644322,-6.444929826808427,0.010136266489353086,0.01,2922,749
Eye field,Olfactory placode,5.568244831644712,-0.029558378071351754,-1.5652566028425883,0.011292610077601614,0.92,2922,1680
Eye field,Otic placode,5.463749366096749,-0.1276111224624866,-4.8850756848789105,0.028145570696480646,0.14,2922,1357
Eye field,Periocular mesoderm,4.935308507485263,-0.3248428724550824,-9.680895061497639,0.012110104134960623,0.0,2922,798
Eye field,Pharyngeal arch mesenchyme,6.019474224922466,0.24455083809969866,10.058938028067777,0.03834373627858002,0.0,2922,4615
Eye field,Pharyngeal endoderm,5.217704027867986,-0.2508359205034803,-10.6432985940278,0.015379692930587307,0.0,2922,2292
Eye field,Pharyngeal mesoderm,5.389068176411869,-0.34891251716152666,-16.423819937188025,0.0034183607844426563,0.0,2922,2901
Eye field,Pre-placodal ectoderm,5.535264934321947,-0.1566935404683457,-7.657768127717428,0.02174191683171036,0.01,2922,3388
Eye field,Prechordal plate,4.409701417066736,-0.16641847185474243,-0.9324736754370914,0.04096508547224906,0.56,2922,38
Eye field,Presomitic mesoderm,6.017810776416485,-0.03293140730861873,-3.138181539317601,0.011969996578066633,0.0,2922,9179
Eye field,Primordial germ cell,4.342581781015021,-0.46891454008648886,-6.795230589074912,0.030301242323366923,0.0,2922,141
Eye field,Roof plate,6.0031507231486865,0.14594235992802673,5.729219518671564,0.011540058264371256,0.17,2922,1779
Eye field,Sclerotome,5.7269954230249995,-0.16588565318757217,-10.790642614786742,0.007633872093905781,0.0,2922,8569
Eye field,Second heart field,5.429525088614593,-0.3876785981816093,-19.42858355944903,0.00448902174696253,0.0,2922,5333
Eye field,Somatic mesoderm,5.723973912239501,-0.3666245132381813,-21.98418425333779,0.006242612349669641,0.0,2922,17045
Eye field,Somatic motor neuron,5.108696006631319,0.14268445061679813,-0.5787673919996402,0.16869479069384402,0.26,2922,134
Eye field,Spinal cord (cervical),6.242271880157524,0.21724655694701292,9.79541346200322,0.011281144910492877,0.0,2922,8692
Eye field,Spinal cord (lumbar),5.8375172872375645,0.035365256699583604,1.6911392767868219,0.0012448619438979144,0.93,2922,3152
Eye field,Spinal cord (thoracic),6.165010945384957,0.11975484552217057,5.944708287242136,0.008791561314692883,0.02,2922,12419
Eye field,Spinal cord interneuron,5.325782655073973,0.13360448249670012,1.2320390936453853,0.012959365042528637,0.84,2922,144
Eye field,Splanchnic mesoderm,5.778924064376056,-0.36653245840770704,-21.349960325262156,0.004002467573080444,0.0,2922,16934
Eye field,Surface ectoderm,5.381611295045222,-0.2657057403641714,-11.028658731112158,0.020592491514477854,0.0,2922,2549
Eye field,Telencephalon,7.540560869946468,1.6200827143541705,88.48150666069712,0.014935726300767897,0.0,2922,9365
Eye field,Trigeminal placode,5.64150550005446,-0.04415973239847067,-3.718975192267822,0.06306897710670954,0.92,2922,1875
Eye field,Trigeminal sensory neuron,5.171799537245926,-0.07556989189953593,-2.029082273117898,0.04637993317956991,0.34,2922,268
Eye field,Trunk neural crest,5.515314233124722,-0.025568809967268475,-1.7276580799682124,0.015672749279186136,0.37,2922,917
Eye field,Vagal neural crest,5.765759283025727,0.05713157688167284,1.755940319266161,0.002915148844752152,0.96,2922,1902
First heart field,First heart field,8.999999999841442,1.5395092608135503e-14,0.00015392421514023335,4.522802523267135e-29,1.0,1750,1750
First heart field,Floor plate,5.380153002995841,-0.1395632501785009,-5.010198445707607,0.01862453861787293,0.11,1750,3466
First heart field,Foregut,5.310102122259998,0.10192011436458663,4.144036737654982,0.0037213787757710993,0.14,1750,1508
First heart field,Frontonasal mesenchyme,5.290986247911022,-0.3403541826920827,-14.272360920452735,0.004306388572352726,0.0,1750,4202
First heart field,Head paraxial mesoderm,5.855591406153117,0.20114098420992654,10.844507670208026,0.001587792708887497,0.0,1750,10089
First heart field,Hemogenic endothelium,4.809497437369746,-0.0880171815138991,-0.9921783826377991,0.059923761840189584,0.33,1750,73
First heart field,Hindbrain (isthmic organizer),5.353306538734272,-0.3671025943493129,-15.1856325089325,0.0037137478276625217,0.0,1750,2376
First heart field,Hindbrain (r1),5.441356903614481,-0.366649118838198,-18.06237514534662,0.010589817997712013,0.0,1750,6335
First heart field,Hindbrain (r2-r4),5.475935582872721,-0.3903960438763357,-19.384634033822113,0.007546172066930446,0.0,1750,7748
First heart field,Hindbrain (r5-r8),5.486416468393507,-0.3949008631779325,-18.349678577538572,0.014452400485347863,0.0,1750,5781
First heart field,Hindgut,5.262055117931776,0.09486741380503834,3.3579441898253037,0.007418006290566362,0.81,1750,1110
First heart field,Hypaxial myogenic progenitor,4.2382177090095325,-0.21097536573486897,-1.7914619312690006,0.022773528497689096,0.77,936,23
First heart field,Hypothalamus,5.290106755813114,-0.28563335004656637,-11.430148153585398,0.000734999488971408,0.0,1750,2956
First heart field,Intermediate mesoderm,5.4582531546011746,-0.28127490093720436,-11.984856025793968,0.00631218194392886,0.0,1750,2580
First heart field,Juxtacardiac field,6.457306896716353,1.0498895898306893,37.41254566052446,0.01919071899262344,0.0,1750,965
First heart field,Megakaryocyte,4.640975375129656,-0.0034410123275480466,0.1419771017271021,0.008258453832727329,0.62,1750,58
First heart field,Midbrain,5.394313108659567,-0.3823583359843621,-18.128227625828263,0.0035243041443392795,0.0,1750,7099
First heart field,Midbrain neuron,5.029996682582208,-0.22874890198816042,-5.150803568017715,0.0007283148210873414,0.01,1750,353
First heart field,Midgut,5.395364872106339,0.18095337824046176,7.441656298733965,0.0065883161199471,0.0,1750,2242
First heart field,Myotome,4.724638692565652,0.043231522384104736,0.3240829523384923,0.005626521728633629,0.95,1750,65
First heart field,Nascent somite,5.462243623135748,-0.20860903172466858,-7.848110222264078,0.014958571825511599,0.0,1750,2502
First heart field,Notochord,5.349535555945642,0.1141872049417616,3.84557380994544,0.0055002248593242434,0.33,1750,749
First heart field,Olfactory placode,5.2629220520576085,-0.20043631325425468,-6.510936703409488,0.0007909263697718041,0.0,1750,1680
First heart field,Otic placode,5.217465076870976,-0.23885694791036224,-8.691469950941853,0.0005618294077663446,0.0,1750,1357
First heart field,Periocular mesoderm,5.540864212964998,0.4164732740395012,12.74626870048798,0.004279304663543981,0.0,1750,798
First heart field,Pharyngeal arch mesenchyme,5.313313711991277,-0.319722869926997,-12.742368074701071,0.007943799697334374,0.0,1750,4615
First heart field,Pharyngeal endoderm,5.459452292980998,0.1324925939730027,5.355284768106716,0.00013922118044085185,0.0,1750,2292
First heart field,Pharyngeal mesoderm,5.978486693488129,0.37731082661370835,16.929144799492352,0.00673863423443132,0.0,1750,2901
First heart field,Pre-placodal ectoderm,5.342737357451838,-0.20949276194182165,-8.324769681538644,0.0017576452768192229,0.0,1750,3388
First heart field,Prechordal plate,4.452862784195306,0.02628883522979771,0.5334184518014048,0.0790858911778114,0.48,1750,38
First heart field,Presomitic mesoderm,5.53845349686204,-0.3755753864442963,-19.19153882343795,0.0013227740734218635,0.0,1750,9179
First heart field,Primordial germ cell,4.609052798424921,-0.05795923453392445,-0.9081020044857026,0.01954545265154538,0.27,1750,141
First heart field,Roof plate,5.3266939966680455,-0.3929439058022857,-14.247565756365226,0.0065170977147136116,0.0,1750,1779
First heart field,Sclerotome,5.625346670290631,-0.13033243457523813,-6.084511340344711,0.017839067553883446,0.43,1750,8569
First heart field,Second heart field,6.53710911853985,0.8557378640211347,38.320483256983906,0.007274101923637626,0.0,1750,5333
First heart field,Somatic mesoderm,5.829030855279835,-0.12218705536496414,-6.806083422789553,0.003202792227738789,0.0,1750,17045
First heart field,Somatic motor neuron,4.708486392916906,-0.11699959144649963,-2.011721375477731,0.007448786360770687,0.92,1750,134
First heart field,Spinal cord (cervical),5.476127452002508,-0.412162499690381,-19.047765565109945,0.01491297542490543,0.0,1750,8692
First heart field,Spinal cord (lumbar),5.320839772442089,-0.3493292798042174,-12.447557150499245,0.019797845121477062,0.0,1750,3152
First heart field,Spinal cord (thoracic),5.5118678891132875,-0.3950103856066625,-20.14651443159927,0.015155455548382905,0.0,1750,12419
First heart field,Spinal cord interneuron,4.85954133013986,-0.18931502534022204,-2.5704956197702624,0.0006711920538287521,0.43,1750,144
First heart field,Splanchnic mesoderm,5.851682698224603,-0.155949791806961,-7.8754606625833405,0.009265822765891179,0.03,1750,16934
First heart field,Surface ectoderm,5.344406131212236,-0.16384920782300524,-5.978236597150997,0.003518230455209655,0.0,1750,2549
First heart field,Telencephalon,5.359393576594157,-0.4237970546572581,-19.47243798225497,0.0037702867463217642,0.0,1750,9365
First heart field,Trigeminal placode,5.290474540529154,-0.2575155512748359,-9.223828469838034,0.00048530041472932893,0.0,1750,1875
First heart field,Trigeminal sensory neuron,4.914667862379584,-0.2049363055912563,-3.762069700582062,0.014252831210026132,0.17,1750,268
First heart field,Trunk neural crest,5.134824328460954,-0.2670238482642251,-7.448733658862753,0.003459122262821782,0.0,1750,917
First heart field,Vagal neural crest,5.283305006099596,-0.28455273830123406,-9.981558851484417,0.003285835515839577,0.0,1750,1902
Floor plate,Floor plate,9.000000000098828,-1.8947806286936004e-14,-0.00018944125669426666,1.3673589023830868e-29,1.0,3466,3466
Floor plate,Foregut,5.481690105074683,0.23672544946580457,9.0409819149598,0.004731265700471245,0.0,3466,1508
Floor plate,Frontonasal mesenchyme,5.2499084794476785,-0.4166848847193408,-20.05862301277972,0.010749949160532662,0.0,3466,4202
Floor plate,Head paraxial mesoderm,5.581300107633361,-0.10667933602021377,-6.967676397209139,0.003972450054764029,0.0,3466,10089
Floor plate,Hemogenic endothelium,4.675993277216329,-0.24901386988385946,-2.4309563709767485,0.00474492216485147,0.17,3466,73
Floor plate,Hindbrain (isthmic organizer),6.259749726812146,0.5082112546832714,24.52186237657835,0.017391291306941,0.0,3466,2376
Floor plate,Hindbrain (r1),6.438268872184904,0.5962751308632402,36.258534325499575,0.01565870161473062,0.0,3466,6335
Floor plate,Hindbrain (r2-r4),6.50688348792631,0.6045936276409917,34.46323950781747,0.005705681981964651,0.0,3466,7748
Floor plate,Hindbrain (r5-r8),6.519346647703088,0.6034206177342746,31.325777224501007,0.018126383377497442,0.0,3466,5781
Floor plate,Hindgut,5.201970680418303,-0.0010993650931533001,-0.011195719866040696,0.04985926521551093,0.0,3466,1110
Floor plate,Hypaxial myogenic progenitor,4.228545911897083,-0.29835112747591275,-1.5631611917264618,0.0003602286826775499,0.49,2822,23
Floor plate,Hypothalamus,6.596917088951073,0.9896816243280364,44.92804933380719,0.020179371489358718,0.0,3466,2956
Floor plate,Intermediate mesoderm,5.640033350619082,-0.12985475022262052,-6.247760851321943,0.00861556635511507,0.23,3466,2580
Floor plate,Juxtacardiac field,5.246817669190044,-0.18886223214780143,-5.680982510728678,0.006723964592719047,0.0,3466,965
Floor plate,Megakaryocyte,4.518063444796781,-0.16973834995415515,-1.418346449888373,0.004664795038744505,0.37,3466,58
Floor plate,Midbrain,6.2931060372382674,0.4834223563524409,26.905166451651194,0.01123328852957781,0.0,3466,7099
Floor plate,Midbrain neuron,5.1527577533759485,-0.13997766449841928,-2.4884938941806136,0.008865025901556859,0.4,3466,353
Floor plate,Midgut,5.295596523608557,0.044835059088562446,2.083155843124461,0.02755637633563263,0.29,3466,2242
Floor plate,Myotome,4.689859154315084,-0.01351319283526268,-0.1515908495742913,0.0009975930268664483,0.98,3466,65
Floor plate,Nascent somite,6.105448096544403,0.4029984675286273,15.605460351433095,0.028419001411663522,0.0,3466,2502
Floor plate,Notochord,5.489382568453132,0.21932810469683636,6.279293272441965,0.002202370182454878,0.0,3466,749
Floor plate,Olfactory placode,5.072945343614932,-0.4247496109601556,-14.992140325865977,0.014502313750925937,0.0,3466,1680
Floor plate,Otic placode,5.068185977439052,-0.42101530236494816,-15.154005515937477,0.001204671081331342,0.0,3466,1357
Floor plate,Periocular mesoderm,5.128599177310272,-0.026936548844707236,-0.13212189579264924,0.04449063060817546,0.08,3466,798
Floor plate,Pharyngeal arch mesenchyme,5.2971553781957335,-0.37281553206045714,-21.664276675537995,0.04837270362449274,0.0,3466,4615
Floor plate,Pharyngeal endoderm,5.60327029850886,0.24268828169785994,9.622277932811425,0.015819025807669387,0.0,3466,2292
Floor plate,Pharyngeal mesoderm,5.400519286850938,-0.23216960517745822,-10.877989603902426,4.458675043408751e-05,0.0,3466,2901
Floor plate,Pre-placodal ectoderm,5.11565163028338,-0.47195594658768086,-22.52174038074222,0.00593543040533479,0.0,3466,3388
Floor plate,Prechordal plate,4.673046244422425,0.1937826744820391,1.5984375900752703,0.05127611487372398,0.73,3466,38
Floor plate,Presomitic mesoderm,6.119436682894222,0.1735901988950026,10.90314854451074,0.020183071876971735,0.07,3466,9179
Floor plate,Primordial germ cell,4.3256489743457704,-0.37996975808156314,-4.922842025825736,0.007877220423304401,0.0,3466,141
Floor plate,Roof plate,5.381407513786484,-0.37125823204287656,-13.880715522429378,0.006927842806482149,0.0,3466,1779
Floor plate,Sclerotome,6.009739697876743,0.2203532669926241,13.768786300713982,0.015868321478491636,0.0,3466,8569
Floor plate,Second heart field,5.399848241039557,-0.31565671930724254,-18.581843159367125,0.005297742588380134,0.0,3466,5333
Floor plate,Somatic mesoderm,5.486607271445986,-0.49847269063993,-32.76894332554558,0.0047182626823706305,0.0,3466,17045
Floor plate,Somatic motor neuron,5.956770522471628,1.055283813682154,13.521358124274018,0.13800827500953639,0.27,3466,134
Floor plate,Spinal cord (cervical),6.538424028182809,0.6175164537209449,34.76922940195745,0.04404237219526053,0.0,3466,8692
Floor plate,Spinal cord (lumbar),5.896128582039606,0.19761307798777436,9.02013174293103,0.020134045957376688,0.28,3466,3152
Floor plate,Spinal cord (thoracic),6.522703480367134,0.5815563743011083,35.834774812704154,0.012671294667915077,0.0,3466,12419
Floor plate,Spinal cord interneuron,5.524461940473237,0.44711251749044606,3.826302438892266,0.08188162750647257,0.0,3466,144
Floor plate,Splanchnic mesoderm,5.513634424378343,-0.5285352959600838,-36.621568708328574,0.005306831066871984,0.0,3466,16934
Floor plate,Surface ectoderm,5.15877443558189,-0.38037818176003224,-16.212562294288542,0.00467451808479971,0.0,3466,2549
Floor plate,Telencephalon,5.865388430432287,0.048087209783142036,2.1760670258245223,0.008511163352724772,0.66,3466,9365
Floor plate,Trigeminal placode,5.118342027581401,-0.4653704967807967,-17.211727356220855,0.007379360457712697,0.0,3466,1875
Floor plate,Trigeminal sensory neuron,4.9314563181155355,-0.21572752846310608,-4.5692139416968915,0.03975418240353039,0.74,3466,268
Floor plate,Trunk neural crest,5.088482480856803,-0.34928946701501395,-10.260065638225905,0.0010045300191595897,0.0,3466,917
Floor plate,Vagal neural crest,5.190057720348945,-0.41688581036882305,-16.01157573786337,0.0028690664446651,0.0,3466,1902
Foregut,Foregut,8.999999999967855,-5.921189464667501e-16,-5.91856080433333e-06,4.93301019398206e-28,1.0,1508,1508
Foregut,Frontonasal mesenchyme,5.001281387236719,-0.35190609379779464,-13.240718852635231,0.006044783774027196,0.0,1508,4202
Foregut,Head paraxial mesoderm,5.3354517194362,-0.04365852113954697,-2.1035446924586942,0.007117494598529347,0.0,1508,10089
Foregut,Hemogenic endothelium,4.660689468793124,0.041631727905966365,0.5087206781853976,0.002310839877609411,0.92,1508,73
Foregut,Hindbrain (isthmic organizer),5.218751130572888,-0.22040099344969497,-8.967467177270404,0.00025045577665610907,0.0,1508,2376
Foregut,Hindbrain (r1),5.299808062972252,-0.23307798408127903,-9.156823143422033,0.0020346145845870083,0.0,1508,6335
Foregut,Hindbrain (r2-r4),5.345382555291284,-0.24762958625196685,-9.929851809972293,0.001907297214196104,0.0,1508,7748
Foregut,Hindbrain (r5-r8),5.309658864769996,-0.29479029003022433,-12.180076938052482,0.0019606318439511984,0.0,1508,5781
Foregut,Hindgut,5.753564196390877,0.8589636317675255,29.14527149967002,0.012202885101873118,0.0,1508,1110
Foregut,Hypaxial myogenic progenitor,3.7458981095719226,-0.4343531928710429,-1.7957805782920362,0.13621784435471868,0.15,1032,23
Foregut,Hypothalamus,5.233717958955071,-0.06540444574203352,-2.415622484138226,0.0004935914839292179,0.1,1508,2956
Foregut,Intermediate mesoderm,5.201881559214157,-0.26084898464519163,-10.228034238564398,0.011161300307322708,0.0,1508,2580
Foregut,Juxtacardiac field,5.146719275450985,0.016691950490815916,0.7394225622809255,0.016538312168540552,0.01,1508,965
Foregut,Megakaryocyte,4.474790252431973,0.08860364148470652,0.7249716968511216,0.0010250554403115108,0.58,1508,58
Foregut,Midbrain,5.239839095879131,-0.25953534606148637,-11.134857347872229,0.006087775520195256,0.0,1508,7099
Foregut,Midbrain neuron,4.808537016314257,-0.1811747223370732,-3.5725855401347846,0.0063099301348708715,0.19,1508,353
Foregut,Midgut,6.269224774297027,1.3263223196927199,49.60075162220696,0.09561455934776214,0.0,1508,2242
Foregut,Myotome,4.445681433270462,0.04752870758815556,0.3694957147878524,0.009852478839722597,0.7,1508,65
Foregut,Nascent somite,5.359420590776394,-0.03182504582826488,-1.3435190838482838,0.00303631427328703,0.4,1508,2502
Foregut,Notochord,5.369597577133821,0.41218476340133253,11.967815924395035,0.05685935822485625,0.0,1508,749
Foregut,Olfactory placode,4.92418668528093,-0.25790293515060875,-8.346391869133857,0.0015106623312696197,0.0,1508,1680
Foregut,Otic placode,4.949436812912128,-0.23158275813598075,-7.329337056396734,0.008190665969497054,0.0,1508,1357
Foregut,Periocular mesoderm,5.249962933365879,0.4027236946264967,11.177634657724164,0.0017677943712089486,0.0,1508,798
Foregut,Pharyngeal arch mesenchyme,4.985110048487318,-0.3725328309306312,-15.17129046182258,0.0224223482287702,0.0,1508,4615
Foregut,Pharyngeal endoderm,6.686529779870007,1.6343893533243736,67.64384342349229,0.12803047444234594,0.0,1508,2292
Foregut,Pharyngeal mesoderm,5.2638800762392535,-0.05888814221945715,-2.4216152773781037,0.005390568528210332,0.32,1508,2901
Foregut,Pre-placodal ectoderm,4.948906645435359,-0.32573328919927924,-11.51494526699418,0.00539001698955148,0.0,1508,3388
Foregut,Prechordal plate,4.417429247587878,0.26115432204784456,2.400989906618094,0.058798188340951504,0.93,1508,38
Foregut,Presomitic mesoderm,5.364835262745314,-0.2698125522690429,-12.626459444063023,0.0015545624193990441,0.0,1508,9179
Foregut,Primordial germ cell,4.344569960977658,-0.04843227638080597,-0.6648410313520207,0.00261026253486063,0.9,1508,141
Foregut,Roof plate,5.077778704594744,-0.36496186815470644,-13.313994633069848,0.0059552319059029985,0.0,1508,1779
Foregut,Sclerotome,5.370449729759649,-0.10924724960403005,-5.248877271603966,0.004528146223251463,0.06,1508,8569
Foregut,Second heart field,5.281536370095122,-0.12076317501341194,-5.340579626096562,0.00012291498934864626,0.0,1508,5333
Foregut,Somatic mesoderm,5.248343668412857,-0.4241489520240564,-19.080029020807313,0.013360000690992253,0.0,1508,17045
Foregut,Somatic motor neuron,4.662600437359529,0.09985052987345178,0.8676019156246081,0.055921879467161456,0.49,1508,134
Foregut,Spinal cord (cervical),5.31207116406135,-0.2987726931787084,-12.961250861948992,0.0018244439475489421,0.0,1508,8692
Foregut,Spinal cord (lumbar),5.15172614166152,-0.23786303096942785,-9.296155515341182,0.013411227936113252,0.0,1508,3152
Foregut,Spinal cord (thoracic),5.370227570151374,-0.2603542662028753,-11.683505189822219,0.010325280460576854,0.0,1508,12419
Foregut,Spinal cord interneuron,4.641582953310365,-0.12925488785880704,-0.7074499335712167,0.03723151897164838,1.0,1508,144
Foregut,Splanchnic mesoderm,5.277553028516611,-0.4547285219854551,-22.5914909976034,0.015718536380133808,0.0,1508,16934
Foregut,Surface ectoderm,5.098525083416,-0.1345811406416093,-4.947024385716802,0.0039001040166570487,0.0,1508,2549
Foregut,Telencephalon,5.18059380069744,-0.3258760675870625,-13.592755685029573,0.014872507304786047,0.0,1508,9365
Foregut,Trigeminal placode,4.928440622695139,-0.3424800424787235,-12.164939433040843,0.013900914039153082,0.0,1508,1875
Foregut,Trigeminal sensory neuron,4.687614808060823,-0.15081861330586518,-2.7822146130510355,0.043571708691416404,0.46,1508,268
Foregut,Trunk neural crest,4.915113536649879,-0.21174603684120777,-5.229247188888259,0.012038091231918251,0.01,1508,917
Foregut,Vagal neural crest,4.994420968968026,-0.3004715185467921,-10.392586864597222,0.004490929454934332,0.0,1508,1902
Frontonasal mesenchyme,Frontonasal mesenchyme,8.999999999991411,4.736951571734001e-15,4.736278506073333e-05,3.8286049266726443e-28,1.0,4202,4202
Frontonasal mesenchyme,Head paraxial mesoderm,5.490505578820642,-0.3117604585256375,-24.150590701400315,0.0055752602152067,0.0,4202,10089
Frontonasal mesenchyme,Hemogenic endothelium,5.073936498456742,0.04042052208477435,0.3986420740545474,0.15851855393748773,0.14,4202,73
Frontonasal mesenchyme,Hindbrain (isthmic organizer),6.088316130087574,0.22261988184393555,9.791727493559149,0.010502061933881972,0.0,4202,2376
Frontonasal mesenchyme,Hindbrain (r1),6.17746362760078,0.2206846226578533,13.221042834089479,0.010439466961680702,0.0,4202,6335
Frontonasal mesenchyme,Hindbrain (r2-r4),6.143246083910152,0.12780509153479258,7.069007987603226,0.018590337316816138,0.29,4202,7748
Frontonasal mesenchyme,Hindbrain (r5-r8),6.033436500505144,0.0023806279566924715,-0.9982915210043904,0.015695413140532688,0.03,4202,5781
Frontonasal mesenchyme,Hindgut,4.968672833935337,-0.3483353299165133,-12.143657403488996,0.03720935044067931,0.0,4202,1110
Frontonasal mesenchyme,Hypaxial myogenic progenitor,4.507029657857184,-0.1139220175879756,-0.3826377702416619,0.01944482873887048,0.85,3494,23
Frontonasal mesenchyme,Hypothalamus,5.610654675815323,-0.1121535737331314,-5.880205664287266,0.020058959376542028,0.51,4202,2956
Frontonasal mesenchyme,Intermediate mesoderm,5.851632074591808,-0.034424885461035615,-1.889947220889743,0.006735211526526306,0.64,4202,2580
Frontonasal mesenchyme,Juxtacardiac field,5.260710427400077,-0.2895647587055607,-8.761451535797281,0.005421396080810275,0.0,4202,965
Frontonasal mesenchyme,Megakaryocyte,4.424408161775669,-0.3806773482890294,-3.003399091600251,0.022399021450631867,0.0,4202,58
Frontonasal mesenchyme,Midbrain,6.259788467255596,0.33477446244849524,18.665825345555813,0.01591600375331526,0.0,4202,7099
Frontonasal mesenchyme,Midbrain neuron,5.979309677705285,0.572675984425364,11.839223303014052,0.0029156129742827675,0.0,4202,353
Frontonasal mesenchyme,Midgut,4.976983627035104,-0.38874840692513146,-17.18011809971467,0.02265664675280765,0.0,4202,2242
Frontonasal mesenchyme,Myotome,4.712753104271413,-0.10979634612031812,-1.309075275347601,0.10823920997711654,0.37,4202,65
Frontonasal mesenchyme,Nascent somite,5.6911609544907265,-0.12503759295813874,-5.88850578434985,0.0020772088273979914,0.0,4202,2502
Frontonasal mesenchyme,Notochord,5.028335907503801,-0.35521895144698057,-10.24905870686837,0.0055004277298111096,0.0,4202,749
Frontonasal mesenchyme,Olfactory placode,6.491905937318637,0.8793809018896871,31.54698430565932,0.009013998457749858,0.0,4202,1680
Frontonasal mesenchyme,Otic placode,6.148773787724934,0.5428414061809566,19.633304714514626,0.012858153690216265,0.0,4202,1357
Frontonasal mesenchyme,Periocular mesoderm,4.992262453927137,-0.28138799538894776,-8.025247960916419,0.009460895546001078,0.0,4202,798
Frontonasal mesenchyme,Pharyngeal arch mesenchyme,7.069348421425272,1.284810781846961,70.67576243865749,0.008524087898847604,0.0,4202,4615
Frontonasal mesenchyme,Pharyngeal endoderm,5.151611878883391,-0.3275377414942036,-14.834826072738558,0.008441428642227893,0.0,4202,2292
Frontonasal mesenchyme,Pharyngeal mesoderm,5.483080134338121,-0.2637585892660361,-12.591295430567007,0.002260386129633371,0.0,4202,2901
Frontonasal mesenchyme,Pre-placodal ectoderm,6.517572974377766,0.8155161112320023,40.540708680134806,0.0016062167370950095,0.0,4202,3388
Frontonasal mesenchyme,Prechordal plate,4.091945459035146,-0.4937053804309876,-3.3378198721397436,0.11772441540068754,0.07,4202,38
Frontonasal mesenchyme,Presomitic mesoderm,6.061252408984089,-0.0006272477158197157,-0.24335904904006375,0.0017566955256066977,0.13,4202,9179
Frontonasal mesenchyme,Primordial germ cell,4.411662528402284,-0.4056507641998133,-6.241355908527791,0.048538892103918124,0.02,4202,141
Frontonasal mesenchyme,Roof plate,6.359840623461525,0.4912499989899131,19.154025336767138,0.0016778543676272957,0.0,4202,1779
Frontonasal mesenchyme,Sclerotome,5.593807022707668,-0.30940147546040464,-20.72702771404978,0.005935820885578872,0.0,4202,8569
Frontonasal mesenchyme,Second heart field,5.617540373519944,-0.21300012387098585,-11.953333225700272,0.0015423709340608189,0.0,4202,5333
Frontonasal mesenchyme,Somatic mesoderm,5.963327050978944,-0.1361280110839044,-10.027079466202153,0.0019890490304901773,0.0,4202,17045
Frontonasal mesenchyme,Somatic motor neuron,4.727923778306024,-0.2796452646129139,-3.9192736985368373,0.025569369716284616,0.8,4202,134
Frontonasal mesenchyme,Spinal cord (cervical),6.0101623161040365,-0.024881193625296838,-2.016123533707808,0.008290549584547998,0.93,4202,8692
Frontonasal mesenchyme,Spinal cord (lumbar),5.786918319324961,-0.027607400481286366,-2.1489993235330243,0.004385950863906465,0.53,4202,3152
Frontonasal mesenchyme,Spinal cord (thoracic),6.01038483103017,-0.04491466286833271,-3.503970471507563,0.006269535097862948,0.11,4202,12419
Frontonasal mesenchyme,Spinal cord interneuron,5.184536923944561,-0.01676094726885058,0.74018858918169,0.03974445336829759,0.33,4202,144
Frontonasal mesenchyme,Splanchnic mesoderm,6.090188748643791,-0.06736940893678452,-4.484585863865599,0.0002473774164858688,0.0,4202,16934
Frontonasal mesenchyme,Surface ectoderm,5.957969130099719,0.30343118206642244,14.045800984790796,0.002627296072818008,0.0,4202,2549
Frontonasal mesenchyme,Telencephalon,6.757105809128294,0.8263425897668796,47.6921984783267,0.009026578370303073,0.0,4202,9365
Frontonasal mesenchyme,Trigeminal placode,6.65181794685638,0.9520875014194573,37.84513202643779,0.011628070386316388,0.0,4202,1875
Frontonasal mesenchyme,Trigeminal sensory neuron,5.768292555179554,0.512756984345318,8.0404458683851,0.004732918284187213,0.0,4202,268
Frontonasal mesenchyme,Trunk neural crest,5.910799353828849,0.35734732649274203,10.133050823936639,0.004755798059670551,0.0,4202,917
Frontonasal mesenchyme,Vagal neural crest,6.150630811940755,0.4311011608108224,17.917677112284448,0.006046372975735219,0.0,4202,1902
Head paraxial mesoderm,Head paraxial mesoderm,9.000000000001863,1.5987211554602254e-14,0.00015984214514718246,6.626431603856499e-29,1.0,10089,10089
Head paraxial mesoderm,Hemogenic endothelium,4.790355632333621,-0.2712800168572868,-3.286035180841296,0.00954863642167538,0.07,10089,73
Head paraxial mesoderm,Hindbrain (isthmic organizer),5.660963229107637,-0.22965146678836637,-13.566111689675921,0.0002239450631639852,0.0,10089,2376
Head paraxial mesoderm,Hindbrain (r1),5.705920485594457,-0.2732734005753968,-21.267764867075243,4.737622006685173e-05,0.0,10089,6335
Head paraxial mesoderm,Hindbrain (r2-r4),5.7614403466785715,-0.2782312495793236,-23.49511973073353,0.0014369908325017207,0.0,10089,7748
Head paraxial mesoderm,Hindbrain (r5-r8),5.783534271599252,-0.27039756046432384,-21.24902936957442,0.0006635645532953718,0.0,10089,5781
Head paraxial mesoderm,Hindgut,5.2033829665710565,-0.13533963227782841,-5.985446964988495,0.0019009194653647455,0.0,10089,1110
Head paraxial mesoderm,Hypaxial myogenic progenitor,4.506229957607971,-0.13588572984638647,-0.15268153126644984,0.10631417390536912,0.38,7667,23
Head paraxial mesoderm,Hypothalamus,5.5274932113857815,-0.21934609686772522,-13.25850864282547,0.001256545140641015,0.0,10089,2956
Head paraxial mesoderm,Intermediate mesoderm,5.904377956561015,-0.004693985661522089,-0.3682890162567983,0.00045031094471997477,0.51,10089,2580
Head paraxial mesoderm,Juxtacardiac field,5.900445800057629,0.3252401921179893,12.463414446136255,0.009410364875703632,0.0,10089,965
Head paraxial mesoderm,Megakaryocyte,4.608038464193495,-0.22606729056498853,-1.9399186117346083,0.011134659256674033,0.09,10089,58
Head paraxial mesoderm,Midbrain,5.643050266190379,-0.3040302000758886,-22.812571508214464,0.00370987569737958,0.0,10089,7099
Head paraxial mesoderm,Midbrain neuron,5.221528759695199,-0.2157405978469337,-5.087563939217781,0.004551251623618692,0.03,10089,353
Head paraxial mesoderm,Midgut,5.305068335842678,-0.08341945206183048,-4.437261869967749,0.0018866021671236203,0.01,10089,2242
Head paraxial mesoderm,Myotome,5.415338324550251,0.5527953132354574,5.867600071411695,0.016286208926118685,0.0,10089,65
Head paraxial mesoderm,Nascent somite,5.799880657057685,-0.04064721896758231,-2.5948371088328472,0.0010221391756425533,0.84,10089,2502
Head paraxial mesoderm,Notochord,5.641684381647791,0.2357562252259342,8.19929502925315,0.007547939183474241,0.0,10089,749
Head paraxial mesoderm,Olfactory placode,5.355862227928686,-0.2762017745535538,-13.934067960945642,0.004312011124594292,0.0,10089,1680
Head paraxial mesoderm,Otic placode,5.368255731011622,-0.25787497754628586,-11.518513584275992,0.0031539879348890243,0.0,10089,1357
Head paraxial mesoderm,Periocular mesoderm,6.313247699682947,1.0177192269176796,33.78302935674443,0.0064967745641881566,0.0,10089,798
Head paraxial mesoderm,Pharyngeal arch mesenchyme,5.491348906344648,-0.31681606509526566,-22.746975244345695,0.0031336975178480947,0.0,10089,4615
Head paraxial mesoderm,Pharyngeal endoderm,5.543648844901186,0.04465033452583148,2.05391001290047,0.01650724499090935,0.37,10089,2292
Head paraxial mesoderm,Pharyngeal mesoderm,6.717376936814431,0.9474723084516924,57.75985052851099,0.00854290243334511,0.0,10089,2901
Head paraxial mesoderm,Pre-placodal ectoderm,5.441261815650574,-0.28049505268889874,-18.689654866011537,0.006057566446773092,0.0,10089,3388
Head paraxial mesoderm,Prechordal plate,4.63917204644149,0.042132068518575906,0.18256467640053578,0.056638874008661376,0.47,10089,38
Head paraxial mesoderm,Presomitic mesoderm,5.911649787340352,-0.171401028540996,-16.283820609008256,0.00022778762476314892,0.0,10089,9179
Head paraxial mesoderm,Primordial germ cell,4.537845965442184,-0.3030108648904631,-4.851276893793285,0.016141449775392305,0.02,10089,141
Head paraxial mesoderm,Roof plate,5.6088400305083645,-0.2828522479057245,-15.391611049769827,0.001838678752834959,0.0,10089,1779
Head paraxial mesoderm,Sclerotome,6.640464576731251,0.7136276325901445,60.26992201961742,0.03685343058758333,0.0,10089,8569
Head paraxial mesoderm,Second heart field,6.208529835071112,0.3562097135709674,31.49303319184901,0.004331668869638768,0.0,10089,5333
Head paraxial mesoderm,Somatic mesoderm,6.093264444670908,-0.029433029719136528,-3.8555334574133724,0.006766139483094136,0.0,10089,17045
Head paraxial mesoderm,Somatic motor neuron,4.889107744517644,-0.12395977479762858,-1.4492397913956874,0.001831094583274545,0.75,10089,134
Head paraxial mesoderm,Spinal cord (cervical),5.806840725084033,-0.25136209798368664,-23.485257942333444,0.00015031565642160792,0.0,10089,8692
Head paraxial mesoderm,Spinal cord (lumbar),5.723974848761202,-0.11298582628252458,-9.103916764722937,0.012164750612908025,0.82,10089,3152
Head paraxial mesoderm,Spinal cord (thoracic),5.870608364850464,-0.20685404771228524,-19.351525897884283,0.0011936856668039696,0.0,10089,12419
Head paraxial mesoderm,Spinal cord interneuron,5.017139310360698,-0.1954948146691017,-2.5546579529156475,0.0018002402372845024,0.26,10089,144
Head paraxial mesoderm,Splanchnic mesoderm,6.031979694608023,-0.14808135248255194,-15.863017104529817,0.0025230345546642073,0.0,10089,16934
Head paraxial mesoderm,Surface ectoderm,5.451376225626238,-0.22993536643367474,-12.954454124164736,0.0012393734654742787,0.0,10089,2549
Head paraxial mesoderm,Telencephalon,5.62631110015455,-0.3270543372920696,-28.324177171751554,0.00614342429656747,0.0,10089,9365
Head paraxial mesoderm,Trigeminal placode,5.401206422107838,-0.3191445981400678,-16.630403236472265,0.008121659690206569,0.0,10089,1875
Head paraxial mesoderm,Trigeminal sensory neuron,5.1417306882127916,-0.1498757339567227,-3.7806275238309053,0.020662041450935382,0.82,10089,268
Head paraxial mesoderm,Trunk neural crest,5.392732332779271,-0.18687888563792962,-7.803705680521605,0.01078426533334883,0.25,10089,917
Head paraxial mesoderm,Vagal neural crest,5.524588711823583,-0.2179149665205594,-11.5174618624154,0.0030839435784686597,0.0,10089,1902
Hemogenic endothelium,Hemogenic endothelium,8.999999999185016,-5.921189464667501e-16,-5.917509023518167e-06,2.5979819145278654e-28,1.0,73,73
Hemogenic endothelium,Hindbrain (isthmic organizer),4.80273600100753,-0.3251793213845661,-3.0672327688315337,0.01672287039422775,0.08,73,2376
Hemogenic endothelium,Hindbrain (r1),4.924488250325755,-0.2953780040043957,-2.7799702292335664,0.04459474357489135,0.19,73,6335
Hemogenic endothelium,Hindbrain (r2-r4),4.915750349904189,-0.36380738767893944,-4.111731125588643,0.03325407290323503,0.06,73,7748
Hemogenic endothelium,Hindbrain (r5-r8),4.962547468462163,-0.3316582109867057,-3.8458056737442057,0.04577768957342962,0.33,73,5781
Hemogenic endothelium,Hindgut,4.514226242893673,-0.06589769311645337,-0.9398688139166884,0.03910045035023313,0.21,73,1110
Hemogenic endothelium,Hypaxial myogenic progenitor,3.786261244515181,-0.1867869218809981,-0.6612640985373694,0.003816722911680168,0.61,58,23
Hemogenic endothelium,Hypothalamus,4.699551879155012,-0.2874777653069766,-2.6157512666525196,0.006322643940064993,0.03,73,2956
Hemogenic endothelium,Intermediate mesoderm,5.045391480290928,-0.09721874313846317,-0.9179437936173748,0.005449344606679961,0.58,73,2580
Hemogenic endothelium,Juxtacardiac field,4.769824670713449,-0.03519702365919475,-0.398703561919268,0.043004766296552845,0.29,73,965
Hemogenic endothelium,Megakaryocyte,4.042533286078593,-0.03233171819458214,-0.1644057488212123,0.006476202004253008,0.84,73,58
Hemogenic endothelium,Midbrain,4.855715035059387,-0.3296434342152083,-3.0726468301520202,0.026414086310301562,0.11,73,7099
Hemogenic endothelium,Midbrain neuron,4.688992939005257,0.0233907167090243,0.08993586976687913,0.019518073418855107,0.62,73,353
Hemogenic endothelium,Midgut,4.594774216098087,-0.030310089686887014,-0.3084728790659988,0.0029509810032431784,0.86,73,2242
Hemogenic endothelium,Myotome,3.863327214421327,-0.23490915611924482,-1.0062242072805747,0.08373632414352938,0.9,73,65
Hemogenic endothelium,Nascent somite,4.96859033513632,-0.11280551412829205,-0.9995222796651325,0.045832001721428664,0.53,73,2502
Hemogenic endothelium,Notochord,4.530352984186577,-0.12160889856541453,-1.3266142155925829,0.0670981249829237,0.96,73,749
Hemogenic endothelium,Olfactory placode,4.971979780390829,0.11077165452565445,0.978053373425905,0.04977184311387147,0.41,73,1680
Hemogenic endothelium,Otic placode,5.033139606669289,0.1705512155209883,1.4090753313785225,0.30120146323822317,0.0,73,1357
Hemogenic endothelium,Periocular mesoderm,4.493159234698951,-0.039784476955174654,-0.21586279228027197,0.0826173375877084,0.34,73,798
Hemogenic endothelium,Pharyngeal arch mesenchyme,5.019311376033536,-0.0329882844831498,-0.5396130009111904,0.1808655845651838,0.58,73,4615
Hemogenic endothelium,Pharyngeal endoderm,4.704626569567918,-0.03826054660213204,-0.5172413133452513,0.008144263275512587,0.92,73,2292
Hemogenic endothelium,Pharyngeal mesoderm,4.879174551623891,-0.11853171033528742,-1.6867623416630977,0.01967991028334939,0.84,73,2901
Hemogenic endothelium,Pre-placodal ectoderm,5.190317241601524,0.22489398754192802,1.69443198674843,0.11399069121433865,0.74,73,3388
Hemogenic endothelium,Prechordal plate,3.4360319389824845,-0.3957846481841775,-1.2580570842403074,0.39916591597025786,0.41,73,38
Hemogenic endothelium,Presomitic mesoderm,5.070656411955265,-0.25556449249084306,-3.0054108641067594,0.07316432011613291,0.89,73,9179
Hemogenic endothelium,Primordial germ cell,4.339289921093988,0.2492180928929124,1.8649676236454777,0.11096404785878256,0.94,73,141
Hemogenic endothelium,Roof plate,4.879787830430522,-0.2591864026659912,-2.5716247518418682,0.10311730597165564,0.46,73,1779
Hemogenic endothelium,Sclerotome,4.826216492012533,-0.34523007363037667,-3.751548221000403,0.001195906862721444,0.0,73,8569
Hemogenic endothelium,Second heart field,5.1694497855581885,0.07725298016337175,0.889346867418826,0.0025129879196452718,0.84,73,5333
Hemogenic endothelium,Somatic mesoderm,5.909095733618692,0.55053532154341,5.566569834156231,0.056741508606552526,0.0,73,17045
Hemogenic endothelium,Somatic motor neuron,4.456900979084823,0.2109728080625549,-0.15168813462014383,0.36639097739143106,0.7,73,134
Hemogenic endothelium,Spinal cord (cervical),4.982066610356927,-0.3228062345912714,-3.084735903569334,0.06312684491655504,0.42,73,8692
Hemogenic endothelium,Spinal cord (lumbar),4.761002974271758,-0.3249975102941856,-3.04663642150458,0.029590996715882785,0.21,73,3152
Hemogenic endothelium,Spinal cord (thoracic),4.992306178505743,-0.32465080578840794,-3.691097524943055,0.074830583710569,0.59,73,12419
Hemogenic endothelium,Spinal cord interneuron,4.3781553524014285,-0.09302793745777531,-0.6189615158837011,0.002543668703491521,0.87,73,144
Hemogenic endothelium,Splanchnic mesoderm,5.927984832301537,0.5041800041262684,5.1180390721804825,0.045233099886744885,0.01,73,16934
Hemogenic endothelium,Surface ectoderm,5.3153529391268375,0.3942890567069102,3.391569935833329,0.00730769356842394,0.01,73,2549
Hemogenic endothelium,Telencephalon,4.988996661756667,-0.20852895607747138,-1.8401352858657234,0.05075997474936798,0.79,73,9365
Hemogenic endothelium,Trigeminal placode,5.0889939828036175,0.13252287059421963,1.0366291432290702,0.1303743427764667,0.06,73,1875
Hemogenic endothelium,Trigeminal sensory neuron,4.570491718190891,0.036497635084353185,0.36392844932226237,0.18370385381820098,0.47,73,268
Hemogenic endothelium,Trunk neural crest,4.899268313537484,0.0814966638454484,0.41914371768273256,0.08315528598820288,0.47,73,917
Hemogenic endothelium,Vagal neural crest,4.904319111975241,-0.07850988109558947,-0.7397567766202973,0.10493270648923825,0.75,73,1902
Hindbrain (isthmic organizer),Hindbrain (isthmic organizer),9.000000000018709,7.697546304067751e-15,7.696757530779761e-05,2.945080712825111e-29,1.0,2376,2376
Hindbrain (isthmic organizer),Hindbrain (r1),7.393588565511238,1.349338260931978,65.03800659964709,0.016679140940100742,0.0,2376,6335
Hindbrain (isthmic organizer),Hindbrain (r2-r4),6.787737611713424,0.6834618045378983,38.00358912059239,0.02601453532090949,0.0,2376,7748
Hindbrain (isthmic organizer),Hindbrain (r5-r8),6.54182497585149,0.42326104469607956,20.158261266011177,0.02772630677167061,0.0,2376,5781
Hindbrain (isthmic organizer),Hindgut,5.059927488652964,-0.34954774644209624,-13.055493010633924,0.011499025088328006,0.0,2376,1110
Hindbrain (isthmic organizer),Hypaxial myogenic progenitor,4.343637779589659,-0.3730743078750671,-1.9005548311280305,0.03803672115193282,0.12,1627,23
Hindbrain (isthmic organizer),Hypothalamus,6.583303278996318,0.7747751933640193,33.04937016778158,0.018549997302389605,0.0,2376,2956
Hindbrain (isthmic organizer),Intermediate mesoderm,5.9398193005846265,-0.03693966920075198,-1.6239241517490388,0.008537778327630384,0.02,2376,2580
Hindbrain (isthmic organizer),Juxtacardiac field,5.315197215961046,-0.32456648014028033,-10.440763901910744,0.0003166745526618191,0.0,2376,965
Hindbrain (isthmic organizer),Megakaryocyte,4.53823887049646,-0.3586042209069375,-3.2827945548085515,0.0009985186742956943,0.04,2376,58
Hindbrain (isthmic organizer),Midbrain,7.366457795035572,1.3522917240253076,69.38046001922648,0.020539285667657566,0.0,2376,7099
Hindbrain (isthmic organizer),Midbrain neuron,6.088407313191162,0.5858870756029472,10.375469894881013,0.03007170829666364,0.0,2376,353
Hindbrain (isthmic organizer),Midgut,5.124180707834182,-0.3274036633328521,-14.01550223087825,0.006490235996975672,0.0,2376,2242
Hindbrain (isthmic organizer),Myotome,4.76666438758991,-0.15590167277721445,-1.4811091023036165,0.0018794981958994517,0.55,2376,65
Hindbrain (isthmic organizer),Nascent somite,5.979009447407427,0.07198452050105135,3.188449915301517,0.004129987384322589,0.81,2376,2502
Hindbrain (isthmic organizer),Notochord,5.306736150085966,-0.16594897312955995,-5.19143606612683,0.008950643737160285,0.06,2376,749
Hindbrain (isthmic organizer),Olfactory placode,5.5873326744916545,-0.11077763639760185,-4.039584562124186,0.013590555642626295,0.15,2376,1680
Hindbrain (isthmic organizer),Otic placode,5.517251351008433,-0.17445351646758844,-5.960008810620248,0.006947496864738513,0.01,2376,1357
Hindbrain (isthmic organizer),Periocular mesoderm,5.1392181352197595,-0.21830827979449255,-6.508930684421003,0.02232821461812594,0.0,2376,798
Hindbrain (isthmic organizer),Pharyngeal arch mesenchyme,6.094755764473899,0.2242312900255484,9.54508716181426,0.01746993955624155,0.0,2376,4615
Hindbrain (isthmic organizer),Pharyngeal endoderm,5.2900338910995215,-0.2770629633109441,-10.95588091853268,0.00140719241702276,0.0,2376,2292
Hindbrain (isthmic organizer),Pharyngeal mesoderm,5.561273033463853,-0.2711793221757836,-12.394526148901312,0.0034281300368414437,0.0,2376,2901
Hindbrain (isthmic organizer),Pre-placodal ectoderm,5.579030107198924,-0.20737872266900137,-8.078059726947117,0.017906329080298274,0.0,2376,3388
Hindbrain (isthmic organizer),Prechordal plate,4.522752059946321,-0.14809487104779398,-0.6986595349446949,0.07667396307318615,0.45,2376,38
Hindbrain (isthmic organizer),Presomitic mesoderm,6.195133356677495,0.04732868803971998,2.7064270121073846,0.0016803836549800209,0.39,2376,9179
Hindbrain (isthmic organizer),Primordial germ cell,4.403933900615972,-0.502645901589089,-7.2422091187470405,0.0017175059654196375,0.0,2376,141
Hindbrain (isthmic organizer),Roof plate,6.154634367437523,0.19784347903610033,7.5080886291212865,0.007795945912599513,0.0,2376,1779
Hindbrain (isthmic organizer),Sclerotome,5.850556727246595,-0.14178307195540926,-8.365219244694261,0.0001226539706074207,0.0,2376,8569
Hindbrain (isthmic organizer),Second heart field,5.554492662018376,-0.36416009924830234,-18.285006505872996,0.003681489253000402,0.0,2376,5333
Hindbrain (isthmic organizer),Somatic mesoderm,5.8257840357127115,-0.36068686033627656,-21.032185743848796,0.004975461568778647,0.0,2376,17045
Hindbrain (isthmic organizer),Somatic motor neuron,5.353901938275258,0.27552648162438115,1.8593435699576932,0.05425128164296258,0.24,2376,134
Hindbrain (isthmic organizer),Spinal cord (cervical),6.513839217549354,0.38880985513746325,20.015571936694343,0.018908377242456545,0.0,2376,8692
Hindbrain (isthmic organizer),Spinal cord (lumbar),6.040655734729697,0.1396051826876509,4.835561650916318,0.0037521930028326586,0.01,2376,3152
Hindbrain (isthmic organizer),Spinal cord (thoracic),6.373899049147719,0.2297951564086397,12.907397149028982,0.010404564317703547,0.0,2376,12419
Hindbrain (isthmic organizer),Spinal cord interneuron,5.609025930687163,0.32017751508062214,3.5145573744890797,0.014780936922432143,0.06,2376,144
Hindbrain (isthmic organizer),Splanchnic mesoderm,5.870859882144104,-0.37306515813615054,-20.205579842126088,0.004663019799016873,0.0,2376,16934
Hindbrain (isthmic organizer),Surface ectoderm,5.434942061696474,-0.3114141047930306,-12.336853791035589,0.015614429653770094,0.0,2376,2549
Hindbrain (isthmic organizer),Telencephalon,6.693186257862576,0.6733739099071089,33.6607504085543,0.02286961745905245,0.0,2376,9365
Hindbrain (isthmic organizer),Trigeminal placode,5.6492264312862694,-0.13581895028222193,-5.098795344946591,0.021537013612472518,0.44,2376,1875
Hindbrain (isthmic organizer),Trigeminal sensory neuron,5.225828717747231,-0.1327128635763867,-3.4298849826149778,0.06665205745960837,0.14,2376,268
Hindbrain (isthmic organizer),Trunk neural crest,5.605590384655986,-0.03245975467371961,-1.4467613294835704,0.004328061476988549,0.57,2376,917
Hindbrain (isthmic organizer),Vagal neural crest,5.833337743482683,0.02522535421317566,0.7929500964776337,0.0008410471142238738,0.81,2376,1902
Hindbrain (r1),Hindbrain (r1),8.99999999998507,0.0,0.0,1.135959703518257e-28,1.0,6335,6335
Hindbrain (r1),Hindbrain (r2-r4),7.183711481792983,0.9891492244101228,72.79338844713521,0.019947848733479125,0.0,6335,7748
Hindbrain (r1),Hindbrain (r5-r8),6.740154287261743,0.5317009607227586,36.988622400220834,0.021254425793869103,0.0,6335,5781
Hindbrain (r1),Hindgut,5.157695010104862,-0.3386263698574255,-12.949983774984005,0.015905206042557143,0.0,6335,1110
Hindbrain (r1),Hypaxial myogenic progenitor,4.376956821733456,-0.4543332571106129,-2.4252568156852954,0.035696963335480336,0.04,4838,23
Hindbrain (r1),Hypothalamus,6.657382353638288,0.7557756902302861,38.834425993577334,0.01654826023475045,0.0,6335,2956
Hindbrain (r1),Intermediate mesoderm,6.02314907305139,-0.04373434705424758,-2.8335938433876087,0.007899995187685468,0.01,6335,2580
Hindbrain (r1),Juxtacardiac field,5.357950988356847,-0.3733241321483689,-14.169471058117182,0.0002094375993761055,0.0,6335,965
Hindbrain (r1),Megakaryocyte,4.579963422549032,-0.40834396641645593,-3.344151677420657,0.008711402786379495,0.03,6335,58
Hindbrain (r1),Midbrain,7.087388520065996,0.9861970838823041,72.2644131887952,0.01254275158609719,0.0,6335,7099
Hindbrain (r1),Midbrain neuron,6.04429114993076,0.45556472916418933,9.356840660027409,0.005155310999521078,0.0,6335,353
Hindbrain (r1),Midgut,5.202871234388151,-0.3399910843726657,-17.015207258942482,0.02217034305809703,0.0,6335,2242
Hindbrain (r1),Myotome,4.916784793231531,-0.09851718996245425,-1.1530482547155267,0.022378990284348154,0.76,6335,65
Hindbrain (r1),Nascent somite,6.092593084296546,0.09880515758084248,4.9405382803950575,0.019127285088705252,0.4,6335,2502
Hindbrain (r1),Notochord,5.350302606775538,-0.20920299356585983,-7.116121421477524,0.020935734176257086,0.2,6335,749
Hindbrain (r1),Olfactory placode,5.690234426044072,-0.09253765653577606,-3.8190000906854764,0.012860978195672714,0.65,6335,1680
Hindbrain (r1),Otic placode,5.6246283208752414,-0.1560937375961068,-6.641576967667711,0.008460912363421181,0.05,6335,1357
Hindbrain (r1),Periocular mesoderm,5.182862647879027,-0.26873370152056236,-8.262460910776598,0.013534781655623178,0.0,6335,798
Hindbrain (r1),Pharyngeal arch mesenchyme,6.250827077892425,0.28992514183204204,15.3937813123322,0.01742435624947879,0.0,6335,4615
Hindbrain (r1),Pharyngeal endoderm,5.400890523679974,-0.253908552176239,-13.362272182193571,0.003492264984846322,0.0,6335,2292
Hindbrain (r1),Pharyngeal mesoderm,5.606878387394594,-0.3187058186222558,-19.12294050886133,0.0012343309816623717,0.0,6335,2901
Hindbrain (r1),Pre-placodal ectoderm,5.70604840762176,-0.1697085004268827,-9.391345656663448,0.015781019394269874,0.0,6335,3388
Hindbrain (r1),Prechordal plate,4.568640857549532,-0.18914976312587287,-1.106581008650899,0.03730078391195417,0.82,6335,38
Hindbrain (r1),Presomitic mesoderm,6.295592651036643,0.058443859251230044,4.335290881883128,0.00833173317887438,0.18,6335,9179
Hindbrain (r1),Primordial germ cell,4.4567034166631805,-0.5382878007658002,-7.754056965000217,0.00011865303590681992,0.0,6335,141
Hindbrain (r1),Roof plate,6.345933785378258,0.2992118924653345,12.646208129789388,0.003307342307759414,0.0,6335,1779
Hindbrain (r1),Sclerotome,5.964796380908321,-0.11517052363127551,-8.657252592722342,0.000263204240605115,0.0,6335,8569
Hindbrain (r1),Second heart field,5.607397489070884,-0.39995648116067767,-29.15897196767948,0.0077239813535922,0.0,6335,5333
Hindbrain (r1),Somatic mesoderm,5.898743853809627,-0.376843328311379,-32.03076373463308,0.008559155248229545,0.0,6335,17045
Hindbrain (r1),Somatic motor neuron,5.494075575193072,0.2972602970928013,3.050362455360998,0.0019422907130931212,0.54,6335,134
Hindbrain (r1),Spinal cord (cervical),6.68801873948485,0.47466929869345265,36.385749860014506,0.007669820409871049,0.0,6335,8692
Hindbrain (r1),Spinal cord (lumbar),6.127859163672845,0.13552740891459938,6.189140769415154,0.0008506237117809959,0.02,6335,3152
Hindbrain (r1),Spinal cord (thoracic),6.522259150841866,0.2886261259670313,22.988151552677635,0.005105442065257269,0.0,6335,12419
Hindbrain (r1),Spinal cord interneuron,5.859113085388128,0.4701884549504796,5.876651837036583,0.0007247993414248582,0.09,6335,144
Hindbrain (r1),Splanchnic mesoderm,5.94503540143133,-0.39019291263485556,-35.00854235807523,0.00738528917608636,0.0,6335,16934
Hindbrain (r1),Surface ectoderm,5.54971648785079,-0.2878126247692399,-14.268797574372007,0.019849643802000532,0.0,6335,2549
Hindbrain (r1),Telencephalon,6.675561509907841,0.567183504050987,41.96865451834793,0.009822454647453318,0.0,6335,9365
Hindbrain (r1),Trigeminal placode,5.781582285409658,-0.09425455229409103,-4.463110716670179,0.015546079305420814,0.42,6335,1875
Hindbrain (r1),Trigeminal sensory neuron,5.270339021051107,-0.1731116991502327,-3.7261642048125423,0.00944170018226551,0.54,6335,268
Hindbrain (r1),Trunk neural crest,5.7399394219119495,0.010743026898917485,-0.24252543839223675,0.0036399221036363598,0.51,6335,917
Hindbrain (r1),Vagal neural crest,6.000714871723744,0.10329883496428671,4.431349211443572,0.0011186027406296629,0.0,6335,1902
Hindbrain (r2-r4),Hindbrain (r2-r4),8.999999999998424,5.921189464667502e-15,5.920137836933333e-05,2.1877742438129393e-28,1.0,7748,7748
Hindbrain (r2-r4),Hindbrain (r5-r8),7.20715232568179,0.9410318691410495,72.91350470928633,0.016912263303048194,0.0,7748,5781
Hindbrain (r2-r4),Hindgut,5.2314384709655535,-0.32477119174234065,-12.92639237476535,0.013446732677727228,0.0,7748,1110
Hindbrain (r2-r4),Hypaxial myogenic progenitor,4.404558317951272,-0.45878374863538873,-3.0626273665750112,0.0048934253717536486,0.03,6035,23
Hindbrain (r2-r4),Hypothalamus,6.490010364272666,0.5317590134333047,28.846791186375288,0.014212601203507591,0.0,7748,2956
Hindbrain (r2-r4),Intermediate mesoderm,6.124142010605368,0.0004497496946841058,-0.34920085147297036,0.006625888802810218,0.39,7748,2580
Hindbrain (r2-r4),Juxtacardiac field,5.422133502246797,-0.36791998783931873,-14.865336780201813,0.003908504172826046,0.0,7748,965
Hindbrain (r2-r4),Megakaryocyte,4.6041111869622044,-0.45081441519821147,-4.0123117877797805,0.009032600312955571,0.01,7748,58
Hindbrain (r2-r4),Midbrain,6.771280473003727,0.6096900363304888,44.40806937282948,0.031180626635832008,0.0,7748,7099
Hindbrain (r2-r4),Midbrain neuron,6.004157378393363,0.35812975609550407,6.9992052595335155,0.012756134723983691,0.0,7748,353
Hindbrain (r2-r4),Midgut,5.247117775477505,-0.35425894901420385,-17.590650783401106,0.019505518241640315,0.0,7748,2242
Hindbrain (r2-r4),Myotome,4.920057150963632,-0.1411540290150232,-1.844422386040951,0.018489754206358167,0.92,7748,65
Hindbrain (r2-r4),Nascent somite,6.216264700769378,0.16291357982212418,8.925919208824695,0.005111230138728046,0.0,7748,2502
Hindbrain (r2-r4),Notochord,5.394725428415488,-0.22670096001032203,-7.9154910132140515,0.010397973208244014,0.0,7748,749
Hindbrain (r2-r4),Olfactory placode,5.726317198254591,-0.11870486406473517,-5.04237116839911,0.008288400669099113,0.06,7748,1680
Hindbrain (r2-r4),Otic placode,5.716394741501833,-0.12488382135750935,-5.053149522971219,0.01746323075979292,0.32,7748,1357
Hindbrain (r2-r4),Periocular mesoderm,5.23050946319561,-0.2790539447859827,-9.08566413100417,0.010360748366633655,0.0,7748,798
Hindbrain (r2-r4),Pharyngeal arch mesenchyme,6.220165587788801,0.20006890230319327,10.809140777334393,0.01542662545108564,0.0,7748,4615
Hindbrain (r2-r4),Pharyngeal endoderm,5.468253819825691,-0.24648868974376162,-12.808042820025761,0.0015527586634850863,0.0,7748,2292
Hindbrain (r2-r4),Pharyngeal mesoderm,5.654755802612726,-0.3313373572902538,-19.736151969037397,0.0010117267859661196,0.0,7748,2901
Hindbrain (r2-r4),Pre-placodal ectoderm,5.7477311964881155,-0.18743963112913598,-10.815700322037108,0.007544081477771988,0.0,7748,3388
Hindbrain (r2-r4),Prechordal plate,4.667351126466034,-0.16237700580441375,-0.9455729797570154,0.05878863417111251,0.49,7748,38
Hindbrain (r2-r4),Presomitic mesoderm,6.4263556831658235,0.12820430246155143,11.047221919625343,0.002759173553042635,0.0,7748,9179
Hindbrain (r2-r4),Primordial germ cell,4.458931242748854,-0.6035103520388647,-8.526450432986763,0.003193702425994361,0.0,7748,141
Hindbrain (r2-r4),Roof plate,6.58570984915256,0.4809000510053574,23.344296308283273,0.008225896882770888,0.0,7748,1779
Hindbrain (r2-r4),Sclerotome,6.039134457851318,-0.10278019987893394,-8.007822541242964,0.0005654747701124915,0.0,7748,8569
Hindbrain (r2-r4),Second heart field,5.66148026596489,-0.40488197339971804,-32.126658845151454,0.00980050443024351,0.0,7748,5333
Hindbrain (r2-r4),Somatic mesoderm,5.966661181274124,-0.369109543146154,-35.762583519033875,0.009099341693042152,0.0,7748,17045
Hindbrain (r2-r4),Somatic motor neuron,5.608922685448533,0.34354566485294785,4.349302218509011,0.01726605800075433,0.6,7748,134
Hindbrain (r2-r4),Spinal cord (cervical),7.004950816594916,0.7321504510597672,56.5368285907895,0.010182619850124378,0.0,7748,8692
Hindbrain (r2-r4),Spinal cord (lumbar),6.253487964088037,0.19914819247833973,10.369274783840767,0.0001604835771436552,0.0,7748,3152
Hindbrain (r2-r4),Spinal cord (thoracic),6.6902832064996645,0.3983153286843801,33.97344297168336,0.0038845922527064873,0.0,7748,12419
Hindbrain (r2-r4),Spinal cord interneuron,6.19024953593951,0.7597568452267449,10.007617620498886,0.007639206339593078,0.0,7748,144
Hindbrain (r2-r4),Splanchnic mesoderm,6.024530575117196,-0.36957878954146545,-31.274215610069735,0.007857821421233537,0.0,7748,16934
Hindbrain (r2-r4),Surface ectoderm,5.589830283243138,-0.30587798093577917,-16.279991737380655,0.012412229846799214,0.0,7748,2549
Hindbrain (r2-r4),Telencephalon,6.544721715057545,0.3777459607415663,29.33886664816312,0.015342284875388053,0.0,7748,9365
Hindbrain (r2-r4),Trigeminal placode,5.854649203479369,-0.07988748783034882,-4.139445915242789,0.008668324383203996,0.79,7748,1875
Hindbrain (r2-r4),Trigeminal sensory neuron,5.383627723292993,-0.11865222866095355,-2.446591298456338,0.001741797340015847,0.48,7748,268
Hindbrain (r2-r4),Trunk neural crest,5.827024450504088,0.03824380863791651,1.8196768657065465,0.0075501177297360444,0.5,7748,917
Hindbrain (r2-r4),Vagal neural crest,6.256189644881332,0.301263684215626,15.740453732599684,0.007346109872137274,0.0,7748,1902
Hindbrain (r5-r8),Hindbrain (r5-r8),8.99999999999435,-4.736951571734001e-15,-4.736236450303334e-05,2.2824375524394607e-28,1.0,5781,5781
Hindbrain (r5-r8),Hindgut,5.193588718996625,-0.37585302906243684,-13.019943514699785,0.011346170898338967,0.0,5781,1110
Hindbrain (r5-r8),Hypaxial myogenic progenitor,4.410195660332953,-0.48416734526486316,-2.590628837283794,0.021633608113652943,0.08,4922,23
Hindbrain (r5-r8),Hypothalamus,6.323238547400691,0.3502650458257855,18.4907980739283,0.008006849596631603,0.0,5781,2956
Hindbrain (r5-r8),Intermediate mesoderm,6.159313218805278,0.02153363196696123,0.901817153030786,0.0018841646758343648,0.8,5781,2580
Hindbrain (r5-r8),Juxtacardiac field,5.407733843607166,-0.3955319926236343,-14.45506668317381,0.0012726090035249807,0.0,5781,965
Hindbrain (r5-r8),Megakaryocyte,4.530156275008875,-0.5375191399046649,-4.60180815394014,0.02562303798141642,0.0,5781,58
Hindbrain (r5-r8),Midbrain,6.575198632365669,0.4005674817562337,27.546526693693806,0.014404426362417422,0.0,5781,7099
Hindbrain (r5-r8),Midbrain neuron,5.895038607031772,0.228397704354264,3.8167857256125584,0.017015278969809103,0.0,5781,353
Hindbrain (r5-r8),Midgut,5.212093606052967,-0.40257769235046137,-18.85107124862469,0.020485171259135168,0.0,5781,2242
Hindbrain (r5-r8),Myotome,4.814607663702877,-0.26813694442154734,-2.572812991063961,0.015839961092482206,0.46,5781,65
Hindbrain (r5-r8),Nascent somite,6.259964361783321,0.1920801725369389,9.433858710348028,0.005921527884886568,0.0,5781,2502
Hindbrain (r5-r8),Notochord,5.386648955700028,-0.24914891179777587,-7.458512890998022,0.005366365995697523,0.0,5781,749
Hindbrain (r5-r8),Olfactory placode,5.713596485433414,-0.14641157468458607,-6.382382740278043,0.012861075722941255,0.03,5781,1680
Hindbrain (r5-r8),Otic placode,5.669314889680916,-0.18484413339893488,-7.7822156161618885,0.011046567252965765,0.0,5781,1357
Hindbrain (r5-r8),Periocular mesoderm,5.188561404774622,-0.33388221641570964,-10.50139334563349,0.025578855436164435,0.0,5781,798
Hindbrain (r5-r8),Pharyngeal arch mesenchyme,6.061213364374918,0.026488858609199657,-0.7171502101191596,0.028539903600677936,0.0,5781,4615
Hindbrain (r5-r8),Pharyngeal endoderm,5.442430518783451,-0.28669581324016463,-14.138230041088306,0.003403580310921345,0.0,5781,2292
Hindbrain (r5-r8),Pharyngeal mesoderm,5.641727694010528,-0.3569724675954446,-19.97307451794524,0.0015015402347732026,0.0,5781,2901
Hindbrain (r5-r8),Pre-placodal ectoderm,5.7068770869844885,-0.24438428254559566,-13.780313100600692,0.017872179208869455,0.0,5781,3388
Hindbrain (r5-r8),Prechordal plate,4.673708214860347,-0.15501250041049364,-0.9570754836041034,0.08454896887128122,0.35,5781,38
Hindbrain (r5-r8),Presomitic mesoderm,6.506251466826373,0.1946550219852329,15.094092142041612,0.002269986324076585,0.0,5781,9179
Hindbrain (r5-r8),Primordial germ cell,4.466233353765035,-0.6079024653143371,-9.103423293668403,0.009229619952188836,0.0,5781,141
Hindbrain (r5-r8),Roof plate,6.664731588989866,0.5452528693171322,23.840541561247832,0.019044436650946538,0.0,5781,1779
Hindbrain (r5-r8),Sclerotome,6.090189904099476,-0.06267933840426476,-5.12354405057918,0.001738489515175042,0.43,5781,8569
Hindbrain (r5-r8),Second heart field,5.660357621723484,-0.4187661736980992,-28.172972183355956,0.0065347757297308995,0.0,5781,5333
Hindbrain (r5-r8),Somatic mesoderm,5.993901797369074,-0.35794754002178547,-31.33211522548116,0.005461085510812952,0.0,5781,17045
Hindbrain (r5-r8),Somatic motor neuron,5.810902790712547,0.5579593018018795,8.92796728679008,0.12185890276742262,0.76,5781,134
Hindbrain (r5-r8),Spinal cord (cervical),7.7479197930350026,1.4638186721261321,109.8895636169242,0.034527245036485965,0.0,5781,8692
Hindbrain (r5-r8),Spinal cord (lumbar),6.373838864663036,0.3081556983288068,15.576872960689144,0.006262109384927507,0.0,5781,3152
Hindbrain (r5-r8),Spinal cord (thoracic),6.950800666413859,0.6451353479987626,50.11451624552271,0.011559392113560956,0.0,5781,12419
Hindbrain (r5-r8),Spinal cord interneuron,6.131523851795678,0.6692032922591377,10.467608327649971,0.0501026044354614,0.05,5781,144
Hindbrain (r5-r8),Splanchnic mesoderm,6.072007335260582,-0.33493472001502855,-27.156930958182087,0.003321605002981648,0.0,5781,16934
Hindbrain (r5-r8),Surface ectoderm,5.55297386631958,-0.35417247715567185,-18.06082064448036,0.00978719569315245,0.0,5781,2549
Hindbrain (r5-r8),Telencephalon,6.403544803641725,0.22305407328859594,14.218613256447924,0.015056992340380842,0.0,5781,9365
Hindbrain (r5-r8),Trigeminal placode,5.805279432462782,-0.14300012627059733,-6.934850097820417,0.01686917342685361,0.42,5781,1875
Hindbrain (r5-r8),Trigeminal sensory neuron,5.358399147697255,-0.157421006984625,-4.179717300305559,0.03920676664008659,0.69,5781,268
Hindbrain (r5-r8),Trunk neural crest,6.052669759623339,0.25334217853928137,8.934065904348081,0.00419802386029795,0.0,5781,917
Hindbrain (r5-r8),Vagal neural crest,6.5581562371386495,0.591525958717361,26.504254369453776,0.00855968229149627,0.0,5781,1902
Hindgut,Hindgut,8.999999999990493,4.144832625267251e-15,4.1432869063733344e-05,3.607723873210761e-28,1.0,1110,1110
Hindgut,Hypaxial myogenic progenitor,3.6296275523470825,-0.48145010550597567,-2.7047125144056023,0.00720642667693461,0.07,819,23
Hindgut,Hypothalamus,5.088807152642615,-0.1743889575787995,-6.697169260353156,0.015333893692148123,0.01,1110,2956
Hindgut,Intermediate mesoderm,5.1068579886907015,-0.3198560746679299,-11.844845938920948,0.00695780384568684,0.0,1110,2580
Hindgut,Juxtacardiac field,5.075146839942152,-0.017223040876536366,-0.3599803418115674,0.023127678931878927,0.77,1110,965
Hindgut,Megakaryocyte,4.3313656470119675,-0.02314412694797478,-0.3140388425947604,0.008204610605237259,0.63,1110,58
Hindgut,Midbrain,5.134429058121383,-0.3265689703788466,-12.314636959463686,0.008768832232036462,0.0,1110,7099
Hindgut,Midbrain neuron,4.798038005067919,-0.15167631143661708,-3.695388765148778,0.02872607945632408,1.0,1110,353
Hindgut,Midgut,6.502186309225198,1.5972090658333087,55.50655194027041,6.650883158170216e-05,0.0,1110,2242
Hindgut,Myotome,4.48304205576487,0.12207624182567489,0.31612132849825897,0.08883469205726303,0.55,1110,65
Hindgut,Nascent somite,5.191417057488944,-0.1655714801498709,-6.103806785667143,0.012386086116132929,0.09,1110,2502
Hindgut,Notochord,5.0766251648508245,0.15294075999262624,4.553859445051677,0.0316910970813366,0.43,1110,749
Hindgut,Olfactory placode,4.934865963507076,-0.214878331877002,-6.892286137863903,0.013470202216512102,0.0,1110,1680
Hindgut,Otic placode,4.863909383373396,-0.27849149045507343,-8.30454039078221,0.008247247470815547,0.0,1110,1357
Hindgut,Periocular mesoderm,5.107872280058451,0.29540616530411573,7.8029435521484025,0.006669697966591415,0.0,1110,798
Hindgut,Pharyngeal arch mesenchyme,4.939452794396151,-0.38112604153160906,-13.53662347499384,0.0213743625246695,0.0,1110,4615
Hindgut,Pharyngeal endoderm,5.583686634336844,0.5672856255850801,19.031045155057527,0.0551461597813513,0.0,1110,2292
Hindgut,Pharyngeal mesoderm,5.190873605032322,-0.09772805946163061,-3.723367631505154,0.006601992238345168,0.89,1110,2901
Hindgut,Pre-placodal ectoderm,4.939690545437711,-0.29744463300546836,-9.520582950517687,0.013223924659566351,0.0,1110,3388
Hindgut,Prechordal plate,4.148806324305432,0.026054113568541332,0.7488844245032463,0.2028913258492785,0.52,1110,38
Hindgut,Presomitic mesoderm,5.3354663597587715,-0.2637799529868919,-11.3641549019231,0.000598881420121575,0.0,1110,9179
Hindgut,Primordial germ cell,4.356556051223652,-0.004126390863654332,-0.017667090026850258,0.029151479980005994,0.32,1110,141
Hindgut,Roof plate,5.034785409745413,-0.37233437335131114,-11.900338104920158,0.005076037253524795,0.0,1110,1779
Hindgut,Sclerotome,5.258707684021086,-0.182892208493015,-7.5567974312168715,0.006310629085118662,0.0,1110,8569
Hindgut,Second heart field,5.232947200455999,-0.1378445473021257,-5.603078837184857,0.00441171276256577,0.0,1110,5333
Hindgut,Somatic mesoderm,5.1394819484075915,-0.495000427771604,-19.58553873399779,0.0202479733071452,0.0,1110,17045
Hindgut,Somatic motor neuron,4.516939170945892,-0.021504364622310312,-0.8058326058194663,0.015123170219040362,0.84,1110,134
Hindgut,Spinal cord (cervical),5.2066117051055985,-0.3697508389436459,-14.683703445215448,0.008905981867141385,0.0,1110,8692
Hindgut,Spinal cord (lumbar),5.040550254404429,-0.3096759607036284,-11.041194677759298,0.02488342419454834,0.04,1110,3152
Hindgut,Spinal cord (thoracic),5.2385932478546495,-0.35459755441688046,-14.736995582565504,0.011937602508308361,0.0,1110,12419
Hindgut,Spinal cord interneuron,4.6008200305045746,-0.12664224486285688,-1.584854822438582,0.00038515762699052326,0.62,1110,144
Hindgut,Splanchnic mesoderm,5.2925152100891495,-0.4008800315606977,-16.617530570851955,0.004145701144774461,0.0,1110,16934
Hindgut,Surface ectoderm,4.9830491926185045,-0.21312168507591847,-7.011383631371953,0.011372931194908504,0.0,1110,2549
Hindgut,Telencephalon,5.109384993995516,-0.3590727072044923,-14.219465631347456,0.0025835027569944594,0.0,1110,9365
Hindgut,Trigeminal placode,4.93939953117483,-0.2962872165953507,-9.679219954735053,0.011427536606940939,0.0,1110,1875
Hindgut,Trigeminal sensory neuron,4.579369980639926,-0.2266283413863824,-4.316975787861243,0.026522100755208736,0.43,1110,268
Hindgut,Trunk neural crest,4.804476180455668,-0.2858067362627293,-7.65641945444231,0.016541447205480234,0.02,1110,917
Hindgut,Vagal neural crest,4.945750256061648,-0.30849289073831176,-10.04375186799431,0.005334377403474315,0.0,1110,1902
Hypaxial myogenic progenitor,Hypaxial myogenic progenitor,9.00000000009116,-1.1546319456101628e-14,-0.00011544600027104044,7.730836871165916e-29,1.0,23,23
Hypaxial myogenic progenitor,Hypothalamus,4.210509674778626,-0.3483137409628565,-2.0687885646268276,0.001793883739599392,0.36,23,2366
Hypaxial myogenic progenitor,Intermediate mesoderm,4.560197202792404,-0.14117023713988885,0.06258470260253846,0.14899251306343617,0.17,23,1917
Hypaxial myogenic progenitor,Juxtacardiac field,4.386293887817546,0.04997633434433402,0.2931802479608177,1.2103309254728751e-06,0.87,23,533
Hypaxial myogenic progenitor,Megakaryocyte,4.183774772788201,0.5702867836906267,0.10850333306339388,1.264823421642722,0.09,23,52
Hypaxial myogenic progenitor,Midbrain,4.3772183270994125,-0.3411888188927814,-2.1141750204937897,9.085321459541696e-06,0.33,23,5446
Hypaxial myogenic progenitor,Midbrain neuron,4.434769314586013,0.01920161406333598,-0.20651634448881379,0.023661507245554353,0.66,23,331
Hypaxial myogenic progenitor,Midgut,4.159947465062401,-0.02693689805549493,-0.05144005961551415,0.0031694590804082017,0.91,23,1587
Hypaxial myogenic progenitor,Myotome,4.055524418233123,0.30995606461967085,1.1108686303207596,0.02102813455397811,0.49,23,60
Hypaxial myogenic progenitor,Nascent somite,4.548141700822992,-0.09353113968288307,-0.9275687839954146,0.021261575029571392,0.99,23,1828
Hypaxial myogenic progenitor,Notochord,4.1062532532277105,-0.06282098674887138,-0.26867654235707167,0.0036124362596939865,0.87,23,550
Hypaxial myogenic progenitor,Olfactory placode,4.555542060367151,0.11400082808301537,0.5041546013847391,0.0025647117830556363,0.79,23,1394
Hypaxial myogenic progenitor,Otic placode,4.302875515644489,-0.08920685095255143,-0.7138915408567341,0.016318799334176456,1.0,23,1043
Hypaxial myogenic progenitor,Periocular mesoderm,4.042049750061695,-0.027967817845468756,-0.03447064850856239,0.0021267216081129873,0.94,23,618
Hypaxial myogenic progenitor,Pharyngeal arch mesenchyme,4.467673354752993,-0.19507386462416942,-0.9085877761488848,0.008176550469020348,0.52,23,4219
Hypaxial myogenic progenitor,Pharyngeal endoderm,4.150994344664049,-0.1774029399517847,-1.1976897071015864,9.610689289170632e-07,0.54,23,1867
Hypaxial myogenic progenitor,Pharyngeal mesoderm,4.561350064401593,-0.017639432322705595,0.6638953452067733,0.13666322057567779,0.39,23,2200
Hypaxial myogenic progenitor,Pre-placodal ectoderm,4.541106992796477,0.0080998494360629,0.24724687353161623,0.011991560780270402,0.83,23,2682
Hypaxial myogenic progenitor,Prechordal plate,2.6805220974364543,-0.5825220281884946,0.4466333239527238,2.036683537691304,0.05,23,19
Hypaxial myogenic progenitor,Presomitic mesoderm,4.6806938463072765,-0.19666790483975705,-1.1641792944532448,0.0002291961260863535,0.52,23,6352
Hypaxial myogenic progenitor,Primordial germ cell,3.558798193023389,-0.061305048530153394,-0.7218090997885697,0.02262742268758554,0.9,23,89
Hypaxial myogenic progenitor,Roof plate,4.44997332967967,-0.2309211859726399,-1.26563534567864,0.0001076242250633487,0.57,23,1313
Hypaxial myogenic progenitor,Sclerotome,5.556023122921725,0.7703693158629483,4.874803043595228,0.02029576945034394,0.01,23,6807
Hypaxial myogenic progenitor,Second heart field,4.531660030778149,-0.08703337356858665,0.05521162048484107,0.09713064098822101,0.27,23,3540
Hypaxial myogenic progenitor,Somatic mesoderm,5.430562000310039,0.4716479477476021,3.107461764729188,0.026628085422616785,0.23,23,13352
Hypaxial myogenic progenitor,Somatic motor neuron,3.7195775502008273,-0.4632703351085168,-2.0188020631285606,0.07593280961708967,0.1,23,133
Hypaxial myogenic progenitor,Spinal cord (cervical),4.3553919316862295,-0.502391352236442,-2.91761132672125,0.014405287413216547,0.03,23,6443
Hypaxial myogenic progenitor,Spinal cord (lumbar),4.594385112355086,-0.20639736883172644,-1.4520084010572167,0.004086192757733971,0.66,23,3092
Hypaxial myogenic progenitor,Spinal cord (thoracic),4.588048406479533,-0.279404384313537,-1.866026785382307,0.008207407593090424,0.5,23,8940
Hypaxial myogenic progenitor,Spinal cord interneuron,3.8507854434007096,-0.3350473309433284,-1.096828376023568,0.1341631400142841,0.51,23,140
Hypaxial myogenic progenitor,Splanchnic mesoderm,5.375620874908185,0.3891455542416651,2.836291674317732,0.029563674783952106,0.3,23,11827
Hypaxial myogenic progenitor,Surface ectoderm,4.358174466529543,-0.16150540503314037,-0.7684243864814464,0.007227513397172264,0.54,23,2056
Hypaxial myogenic progenitor,Telencephalon,4.502674623890675,-0.27274582445526185,-1.4883153236721351,0.002400056156032735,0.35,23,6713
Hypaxial myogenic progenitor,Trigeminal placode,4.457957166860677,-0.08866004321687448,-0.20275099031278498,0.024450692775839594,0.83,23,1509
Hypaxial myogenic progenitor,Trigeminal sensory neuron,4.285435973175992,0.008741998626644598,-0.07105889724756784,0.003243103609432507,0.9,23,252
Hypaxial myogenic progenitor,Trunk neural crest,4.584221752666015,0.1093615824401808,0.46912136340525423,0.0020507867575089126,0.72,23,859
Hypaxial myogenic progenitor,Vagal neural crest,4.458050647565941,-0.12967787307306677,-0.4651268165762711,0.01703108462830916,0.68,23,1588
Hypothalamus,Hypothalamus,8.999999999961553,2.960594732333751e-15,2.960289741800784e-05,1.4620222110096086e-28,1.0,2956,2956
Hypothalamus,Intermediate mesoderm,5.727668349535329,-0.10435009598468199,-5.136458692922109,0.004626036558324573,0.03,2956,2580
Hypothalamus,Juxtacardiac field,5.223852309112874,-0.27310169578449744,-9.120441538637271,0.0023828606186025044,0.0,2956,965
Hypothalamus,Megakaryocyte,4.53597579540125,-0.2112868586460325,-2.007086314812844,0.015982119640826745,0.49,2956,58
Hypothalamus,Midbrain,6.921451035093284,1.0541647407705472,57.52816791400136,0.04558219285536692,0.0,2956,7099
Hypothalamus,Midbrain neuron,5.6384029048929,0.28875994400087784,6.022270254125648,0.005046109790954134,0.01,2956,353
Hypothalamus,Midgut,5.14816679003679,-0.1578277316700373,-6.827420258614034,0.014185692220865243,0.36,2956,2242
Hypothalamus,Myotome,4.569000042523633,-0.19723874759927273,-1.6798747229072657,0.0009294471118282001,0.32,2956,65
Hypothalamus,Nascent somite,5.853900162502306,0.092369971788818,3.6087851457653675,0.01007809316736829,0.61,2956,2502
Hypothalamus,Notochord,5.317773598376795,-0.009906562617918446,-0.35542786374344876,0.014333126741466279,0.07,2956,749
Hypothalamus,Olfactory placode,5.270721039885328,-0.2806199701265637,-11.377764790081557,0.024660051439836184,0.0,2956,1680
Hypothalamus,Otic placode,5.237318087223503,-0.30855311527709767,-11.826775198182057,0.007876089017735944,0.0,2956,1357
Hypothalamus,Periocular mesoderm,5.015101241805393,-0.20010189425861333,-5.4256772622707565,0.0206537855474633,0.14,2956,798
Hypothalamus,Pharyngeal arch mesenchyme,5.5834260185885976,-0.14206257896713925,-8.255376718793244,0.03891506626037597,0.15,2956,4615
Hypothalamus,Pharyngeal endoderm,5.337925429137357,-0.08232633106172867,-4.10994874868811,0.003365050259114821,0.26,2956,2292
Hypothalamus,Pharyngeal mesoderm,5.410879442578907,-0.2798705455186458,-12.656107718677804,0.0002598007067894985,0.0,2956,2901
Hypothalamus,Pre-placodal ectoderm,5.284768296020663,-0.3590215427100958,-17.785189152512675,0.007877800987369381,0.0,2956,3388
Hypothalamus,Prechordal plate,4.5160684764528645,-0.007017372873065438,0.16906547244020564,0.060436018806659636,0.86,2956,38
Hypothalamus,Presomitic mesoderm,5.937525202799648,-0.06563748962814901,-4.498963185693143,0.005921985112396893,0.3,2956,9179
Hypothalamus,Primordial germ cell,4.369878868963582,-0.38824231160826034,-5.287014126572884,0.021244295694879747,0.0,2956,141
Hypothalamus,Roof plate,5.6896199833980345,-0.12076346856747477,-4.90975262033306,0.0033349271108640464,0.05,2956,1779
Hypothalamus,Sclerotome,5.803135418376101,-0.04421846815760707,-3.004763755779924,0.0033901995700884296,0.55,2956,8569
Hypothalamus,Second heart field,5.408688043478026,-0.36264603954052593,-20.042875241827293,0.0034728176907965324,0.0,2956,5333
Hypothalamus,Somatic mesoderm,5.592876517286278,-0.45002791660891067,-29.35223742472334,0.002280620830923835,0.0,2956,17045
Hypothalamus,Somatic motor neuron,5.367957169696024,0.4295428661064899,3.5857520751350633,0.06191916129889987,0.09,2956,134
Hypothalamus,Spinal cord (cervical),6.325696668514662,0.3479108862019847,19.52002965690926,0.008300602904218706,0.0,2956,8692
Hypothalamus,Spinal cord (lumbar),5.8017009342987045,0.04396234175982213,2.5369673243499165,0.0014615034537176661,0.97,2956,3152
Hypothalamus,Spinal cord (thoracic),6.1533772599072565,0.15428523210643993,9.36320961492883,0.0027441034999284995,0.0,2956,12419
Hypothalamus,Spinal cord interneuron,5.317030340527407,0.17666375890342825,1.6422986092970893,0.01349776182666759,0.16,2956,144
Hypothalamus,Splanchnic mesoderm,5.620744473856578,-0.47922006185865956,-29.380237350163384,0.001984583572756236,0.0,2956,16934
Hypothalamus,Surface ectoderm,5.244555707150339,-0.3547464730532844,-14.823327852538123,0.003928219949295631,0.0,2956,2549
Hypothalamus,Telencephalon,7.024300269729402,1.1502735060668259,60.684831777883176,0.030446746886615604,0.0,2956,9365
Hypothalamus,Trigeminal placode,5.304923655246346,-0.33407299863762435,-13.4137970690466,0.025964238276188413,0.0,2956,1875
Hypothalamus,Trigeminal sensory neuron,4.929371541351686,-0.28088291509540547,-4.627516311981918,0.009851773773132885,0.01,2956,268
Hypothalamus,Trunk neural crest,5.343395109510456,-0.14831871315372305,-4.441586438164982,0.005907314632171133,0.3,2956,917
Hypothalamus,Vagal neural crest,5.473825619690989,-0.18969607318359247,-7.378760013167444,0.003450745769661118,0.0,2956,1902
Intermediate mesoderm,Intermediate mesoderm,9.000000000058522,-7.697546304067751e-15,-7.695769147886667e-05,6.3214053871710425e-28,1.0,2580,2580
Intermediate mesoderm,Juxtacardiac field,5.439839756824466,-0.2197316604486025,-8.434265347497059,0.007924062480587643,0.0,2580,965
Intermediate mesoderm,Megakaryocyte,4.634657735585013,-0.2902270931095782,-2.447956850874252,0.032551467446443785,0.36,2580,58
Intermediate mesoderm,Midbrain,5.968476639480184,-0.0612507741708835,-3.3435990851847346,0.00897058478506886,0.61,2580,7099
Intermediate mesoderm,Midbrain neuron,5.520428995982481,-0.0013847984334619905,0.04295382134097165,0.0019753088144067663,0.99,2580,353
Intermediate mesoderm,Midgut,5.1394263925508845,-0.3331403610239443,-14.193604640530026,0.02243530655074495,0.0,2580,2242
Intermediate mesoderm,Myotome,4.996614098640971,0.058565295986728515,0.762062908005745,0.019626127353334202,0.54,2580,65
Intermediate mesoderm,Nascent somite,6.510599542918308,0.5885273003806745,25.479755591009738,0.004740666187957341,0.0,2580,2502
Intermediate mesoderm,Notochord,5.3183068015715245,-0.1711383192731608,-5.0245504725492145,0.009622563957731969,0.02,2580,749
Intermediate mesoderm,Olfactory placode,5.642825751123169,-0.07707813634102252,-3.3815189529282716,0.009641963265754713,0.99,2580,1680
Intermediate mesoderm,Otic placode,5.555110677963256,-0.1560259056690875,-5.9601336545159995,0.0023134855235986077,0.0,2580,1357
Intermediate mesoderm,Periocular mesoderm,5.264225924961443,-0.1177972988130745,-3.579541988857072,1.1500602477288821e-06,0.0,2580,798
Intermediate mesoderm,Pharyngeal arch mesenchyme,5.843999308694335,-0.04591001027680145,-2.689530550367884,0.012458292451607912,0.0,2580,4615
Intermediate mesoderm,Pharyngeal endoderm,5.350854323357077,-0.23287770056628906,-10.396995339606532,0.018738345783018518,0.0,2580,2292
Intermediate mesoderm,Pharyngeal mesoderm,5.7576935666826765,-0.0980095610122449,-5.076946745464391,0.0007068524804980376,0.0,2580,2901
Intermediate mesoderm,Pre-placodal ectoderm,5.637107133790736,-0.17225502432331,-7.307392707379857,0.0037015134525520276,0.0,2580,3388
Intermediate mesoderm,Prechordal plate,4.41682870119218,-0.28848949330868984,-1.9308863001774654,0.04176084246592312,0.6,2580,38
Intermediate mesoderm,Presomitic mesoderm,6.539443670272964,0.3710532980551419,21.075287994255973,0.002612237706778515,0.0,2580,9179
Intermediate mesoderm,Primordial germ cell,4.498788290297606,-0.43170226522037797,-6.83221688198288,0.009739092553509809,0.0,2580,141
Intermediate mesoderm,Roof plate,6.003691557611638,0.02847946973150754,1.1319845849411132,0.00015710954809979383,0.41,2580,1779
Intermediate mesoderm,Sclerotome,6.333423914263051,0.32392921512032274,20.04680004276778,0.0028679666166765362,0.0,2580,8569
Intermediate mesoderm,Second heart field,5.77776112021201,-0.161098567946819,-8.901272903447378,0.010027657124907108,0.01,2580,5333
Intermediate mesoderm,Somatic mesoderm,6.878429945855623,0.671787913849208,39.611547221633565,0.0038205595811170983,0.0,2580,17045
Intermediate mesoderm,Somatic motor neuron,5.2008126494614695,0.09679094030125442,-0.10773034080896644,0.04990192794352844,0.59,2580,134
Intermediate mesoderm,Spinal cord (cervical),6.200944528121009,0.05706927220894779,3.21567277856404,0.0022130590215538337,0.55,2580,8692
Intermediate mesoderm,Spinal cord (lumbar),6.0889893150587,0.1651156268102175,6.83711914591137,0.00033094191252189915,0.0,2580,3152
Intermediate mesoderm,Spinal cord (thoracic),6.314064354843336,0.14997836877572931,8.665619282527208,0.0066470543321152506,0.0,2580,12419
Intermediate mesoderm,Spinal cord interneuron,5.408830886203035,0.12679204545729394,0.7177665223648217,0.034444188135532725,0.33,2580,144
Intermediate mesoderm,Splanchnic mesoderm,6.785619464039464,0.5218436495922942,31.135436095270205,0.0022541934087136903,0.0,2580,16934
Intermediate mesoderm,Surface ectoderm,5.541371448074397,-0.22282115319561266,-9.698216180596015,0.001161452553005232,0.0,2580,2549
Intermediate mesoderm,Telencephalon,5.949261708040474,-0.08869191890774324,-5.003584429270921,0.013794947197647614,0.35,2580,9365
Intermediate mesoderm,Trigeminal placode,5.707984173916329,-0.09683872474055406,-3.4870841559257806,0.0025003380757227136,0.01,2580,1875
Intermediate mesoderm,Trigeminal sensory neuron,5.212425339289638,-0.161344573344507,-2.9871717660911035,0.002185900939458204,0.15,2580,268
Intermediate mesoderm,Trunk neural crest,5.68713941077215,0.02479060724002095,1.3928275272357533,0.010178478623510533,0.15,2580,917
Intermediate mesoderm,Vagal neural crest,5.846027494424732,0.019661318188587924,0.8091121396932248,0.0028806578440062638,0.22,2580,1902
Juxtacardiac field,Juxtacardiac field,9.000000000140524,2.1316282072803006e-14,0.0002131171817951333,3.1554436208840472e-30,1.0,965,965
Juxtacardiac field,Megakaryocyte,4.4855413485375415,-0.1074275336213244,-0.7996945073217745,0.028282678279582855,0.47,965,58
Juxtacardiac field,Midbrain,5.313152842837218,-0.38347642739589843,-13.13872021731435,0.0013605604719995508,0.0,965,7099
Juxtacardiac field,Midbrain neuron,4.926974192766052,-0.25159954159688497,-4.587481869695018,0.006895491982533913,0.02,965,353
Juxtacardiac field,Midgut,5.238895864984186,0.10457375201582823,3.740812754946256,0.021697460564845887,0.06,965,2242
Juxtacardiac field,Myotome,4.750544128445021,0.16186784119660036,1.289715530292631,0.0009087433215163928,0.28,965,65
Juxtacardiac field,Nascent somite,5.440626021991421,-0.1507482099090168,-5.401755914950343,0.003767948223428546,0.03,965,2502
Juxtacardiac field,Notochord,5.201523147439034,0.03745747809723454,0.9883054529494872,0.0018581240106484813,0.95,965,749
Juxtacardiac field,Olfactory placode,5.198766482122693,-0.1844617482815701,-4.716467363196558,0.0064589164446796745,0.0,965,1680
Juxtacardiac field,Otic placode,5.21783172244652,-0.16027762524373804,-4.796936193036345,0.006523898708189862,0.05,965,1357
Juxtacardiac field,Periocular mesoderm,5.375459600802991,0.32965155565569076,8.41027819402791,0.026925224875047768,0.0,965,798
Juxtacardiac field,Pharyngeal arch mesenchyme,5.202817810677335,-0.35579790365934577,-10.312386277074062,0.000894865586526653,0.0,965,4615
Juxtacardiac field,Pharyngeal endoderm,5.283770527186047,0.03113421685141719,0.8953802349036848,0.00044807215771488064,0.75,965,2292
Juxtacardiac field,Pharyngeal mesoderm,6.176005051897424,0.6571494289046657,23.635456776303,0.014642293542496913,0.0,965,2901
Juxtacardiac field,Pre-placodal ectoderm,5.276073894328383,-0.19568948865980337,-5.838828333172365,0.001673946014254118,0.0,965,3388
Juxtacardiac field,Prechordal plate,4.426522506896689,0.059865698383854284,0.992467170133308,0.11963287349612278,0.96,965,38
Juxtacardiac field,Presomitic mesoderm,5.5358289054228536,-0.29746123937012153,-11.596249448332186,0.004840805047306241,0.0,965,9179
Juxtacardiac field,Primordial germ cell,4.368022561480982,-0.2247016170890769,-3.361077298042862,0.027894136826744544,0.68,965,141
Juxtacardiac field,Roof plate,5.290397082924943,-0.3502473903080358,-10.331551325477026,0.0022646368444551824,0.0,965,1779
Juxtacardiac field,Sclerotome,5.6016661243180765,-0.07614677089397463,-3.3072628118729313,0.0042706157075778515,0.13,965,8569
Juxtacardiac field,Second heart field,6.742444741316686,1.138306521572537,42.03907794203942,0.050149767542472315,0.0,965,5333
Juxtacardiac field,Somatic mesoderm,5.997687492293444,0.128691776030499,4.567543488984794,0.011928427836352971,0.13,965,17045
Juxtacardiac field,Somatic motor neuron,4.698692055224973,-0.04746602921070823,-1.9523030694655275,0.06857399299722525,0.56,965,134
Juxtacardiac field,Spinal cord (cervical),5.418784329422059,-0.3911552623056472,-14.760229922472801,5.3639149685938475e-05,0.0,965,8692
Juxtacardiac field,Spinal cord (lumbar),5.300443613849367,-0.28777927383488827,-8.735164139205903,0.001046980227027247,0.0,965,3152
Juxtacardiac field,Spinal cord (thoracic),5.468793098962794,-0.3600553072789395,-13.544685363740996,0.0025788225773653176,0.0,965,12419
Juxtacardiac field,Spinal cord interneuron,4.850026373554398,-0.11358294966662393,-1.4422229491699603,0.01127293453002457,0.94,965,144
Juxtacardiac field,Splanchnic mesoderm,5.894401577807944,-0.037312289110779474,-1.8369068375880815,0.006819672553298157,0.37,965,16934
Juxtacardiac field,Surface ectoderm,5.3346850294777015,-0.09441784023661359,-2.8897811443353745,0.0006112557026378716,0.01,965,2549
Juxtacardiac field,Telencephalon,5.332216373289236,-0.37248248276497736,-13.886485730915096,8.383178231688998e-06,0.0,965,9365
Juxtacardiac field,Trigeminal placode,5.230767259077234,-0.24066518247612922,-6.938670258716111,0.0044762422685087535,0.0,965,1875
Juxtacardiac field,Trigeminal sensory neuron,4.903472549665924,-0.13720770853908762,-2.46763612354185,0.006918007559965224,0.71,965,268
Juxtacardiac field,Trunk neural crest,5.095811971250207,-0.23199846809763022,-5.415768193341708,0.02103509017409129,0.01,965,917
Juxtacardiac field,Vagal neural crest,5.236537572384434,-0.2556397604935799,-7.2633317351355515,0.0029869214073346977,0.0,965,1902
Megakaryocyte,Megakaryocyte,9.000000000377247,5.921189464667501e-16,5.922766829676067e-06,1.304250029965406e-28,1.0,58,58
Megakaryocyte,Midbrain,4.580695256731304,-0.36775204279550316,-3.160935643713389,0.006904015883205431,0.05,58,7099
Megakaryocyte,Midbrain neuron,4.291090395182015,-0.14948519800524243,-1.394744269700117,0.0450491140323954,0.76,58,353
Megakaryocyte,Midgut,4.486100782832588,0.09500120419882692,0.8797039634709077,0.027356220292003734,0.93,58,2242
Megakaryocyte,Myotome,3.4708062511639697,-0.3905724207493648,-1.6180350480836918,0.07357060100360213,0.32,58,65
Megakaryocyte,Nascent somite,4.53677078857137,-0.29992883696257283,-2.4524778739436663,0.00930260296672171,0.04,58,2502
Megakaryocyte,Notochord,4.417788468566978,0.0033811141468156336,0.4697049571593313,0.07863777205315668,0.17,58,749
Megakaryocyte,Olfactory placode,4.347091503904665,-0.2957297245449704,-1.9685538453698541,0.041507034376035395,0.59,58,1680
Megakaryocyte,Otic placode,4.412636048948219,-0.2300399364637915,-1.5727370927912456,0.03752972329866295,0.24,58,1357
Megakaryocyte,Periocular mesoderm,4.490053969576763,0.19017097634366534,1.3658278113057725,0.047538621594093305,0.94,58,798
Megakaryocyte,Pharyngeal arch mesenchyme,4.415591895061632,-0.38920740034010165,-3.3797976198530635,0.0007371666920889853,0.02,58,4615
Megakaryocyte,Pharyngeal endoderm,4.612532081142825,0.10657873664438533,1.0748317724834007,0.011816456708473057,0.94,58,2292
Megakaryocyte,Pharyngeal mesoderm,4.559913716839561,-0.2227669001806077,-1.809142470469202,0.011481153594374438,0.15,58,2901
Megakaryocyte,Pre-placodal ectoderm,4.372431813444818,-0.3643252857519356,-2.7896735811165256,0.004203072534435782,0.03,58,3388
Megakaryocyte,Prechordal plate,3.007773187570697,-0.6197034041440491,-1.5087164108649211,1.3927334089541656,0.94,58,38
Megakaryocyte,Presomitic mesoderm,4.646077723607785,-0.4679624996101766,-4.451340837009304,0.02284000973675008,0.0,58,9179
Megakaryocyte,Primordial germ cell,4.150499859820946,0.3085120281990091,2.064346468311815,0.07093061463215607,0.4,58,141
Megakaryocyte,Roof plate,4.5414392261356635,-0.35503948706766497,-2.973494047268154,0.01174839912530352,0.05,58,1779
Megakaryocyte,Sclerotome,4.555754128851178,-0.377561599821069,-3.5059308250343943,0.00040831263194454376,0.0,58,8569
Megakaryocyte,Second heart field,4.69067827478629,-0.1554600839716788,-1.0639093056513171,0.06494395271336534,0.14,58,5333
Megakaryocyte,Somatic mesoderm,4.870257918919543,-0.25645576805420056,-2.0902378662672314,0.020364895174913127,0.25,58,17045
Megakaryocyte,Somatic motor neuron,4.146718005023155,0.1330916217011362,-0.5579866743833191,0.32853955876776286,0.23,58,134
Megakaryocyte,Spinal cord (cervical),4.569328797905546,-0.498911432925578,-4.26861792376551,0.002747043678827806,0.0,58,8692
Megakaryocyte,Spinal cord (lumbar),4.546736119419737,-0.29637155540711174,-3.0337060962525286,0.020290782073388525,0.33,58,3152
Megakaryocyte,Spinal cord (thoracic),4.618339468815071,-0.4680641208926515,-3.9845034978126432,0.020252789511465946,0.01,58,12419
Megakaryocyte,Spinal cord interneuron,4.1090102687413745,-0.11793861467191465,-0.9763975569770964,0.05781593473167701,0.54,58,144
Megakaryocyte,Splanchnic mesoderm,4.923082921600681,-0.2546866007784132,-2.40052617032226,0.0035383328687669676,0.28,58,16934
Megakaryocyte,Surface ectoderm,4.462752344542235,-0.22682908680275057,-1.6730696739320807,0.014889334942629916,0.3,58,2549
Megakaryocyte,Telencephalon,4.608678719467343,-0.34537441674754427,-2.928360621344174,0.02261259296588187,0.09,58,9365
Megakaryocyte,Trigeminal placode,4.400448133421873,-0.3366700291042702,-2.6148507728385697,0.01092562923683607,0.01,58,1875
Megakaryocyte,Trigeminal sensory neuron,4.161586777118961,-0.1454727905613673,-0.8484470192728167,0.03520070397930079,0.85,58,268
Megakaryocyte,Trunk neural crest,4.454375403529239,-0.12018432255566018,-0.9131186462480575,0.03134381978395121,0.49,58,917
Megakaryocyte,Vagal neural crest,4.411315820549045,-0.3311352253309563,-2.6130388320099467,0.024875353281259484,0.1,58,1902
Midbrain,Midbrain,9.00000000000299,1.7763568394002505e-15,1.7762621811360293e-05,2.1141472259923116e-28,1.0,7099,7099
Midbrain,Midbrain neuron,6.76131634934977,1.207450214529089,23.159967393986772,0.006665510602132415,0.0,7099,353
Midbrain,Midgut,5.166854475959741,-0.3404085179808189,-16.912201785229986,0.02248444546464353,0.0,7099,2242
Midbrain,Myotome,4.804464004026534,-0.18025370309802824,-1.6179262135617893,0.0014782266139742556,0.39,7099,65
Midbrain,Nascent somite,5.986197598668745,0.02398110486419795,1.2072457983336535,0.0014255989657081195,0.35,7099,2502
Midbrain,Notochord,5.312714139892218,-0.21728205582781643,-7.060386911874006,0.014080181683170188,0.0,7099,749
Midbrain,Olfactory placode,5.6653453394881685,-0.0877770452384059,-4.038962192047465,0.007406693481429999,0.4,7099,1680
Midbrain,Otic placode,5.555979513593866,-0.19035783461441014,-7.5332418493317315,0.005839998625271309,0.0,7099,1357
Midbrain,Periocular mesoderm,5.144408544719447,-0.273460134705456,-8.044562199339532,0.0044544767821625315,0.0,7099,798
Midbrain,Pharyngeal arch mesenchyme,6.180916413349635,0.25280202277158753,13.168732404073594,0.01864545858336717,0.0,7099,4615
Midbrain,Pharyngeal endoderm,5.339472843071629,-0.28103422215766233,-13.633231828722982,0.006602983499499051,0.0,7099,2292
Midbrain,Pharyngeal mesoderm,5.547397992428839,-0.3448170712235707,-19.07743808788408,0.0029838452071795562,0.0,7099,2901
Midbrain,Pre-placodal ectoderm,5.622281822985336,-0.22195676146401233,-13.19419750026423,0.014315525144989513,0.0,7099,3388
Midbrain,Prechordal plate,4.591500612513401,-0.13721358980463863,-0.7891862631858751,0.12300704851335265,0.1,7099,38
Midbrain,Presomitic mesoderm,6.200659656534831,-0.0031794500066597564,-0.40477151334584427,0.001814145594156157,0.04,7099,9179
Midbrain,Primordial germ cell,4.3609753507494515,-0.6031287070815948,-7.591865652552521,0.022645621676319318,0.0,7099,141
Midbrain,Roof plate,6.158215624964164,0.14531021538699296,6.874809661277354,0.007328294327827629,0.02,7099,1779
Midbrain,Sclerotome,5.896584096776351,-0.15076091167925565,-12.114119193777546,0.0003146128200049793,0.0,7099,8569
Midbrain,Second heart field,5.5504473733195425,-0.42330629775447254,-30.425258167654686,0.00792969632575054,0.0,7099,5333
Midbrain,Somatic mesoderm,5.83379043462001,-0.4093775550535499,-35.076282635610276,0.005777094388464953,0.0,7099,17045
Midbrain,Somatic motor neuron,5.368420239381538,0.23675621894324758,1.5852252235287108,0.04498891320232274,0.32,7099,134
Midbrain,Spinal cord (cervical),6.535525896895599,0.3550573177030527,28.909927809643506,0.009788060205646824,0.0,7099,8692
Midbrain,Spinal cord (lumbar),6.059994292044439,0.10113565295926552,4.765345205395951,0.0031641483048451676,0.05,7099,3152
Midbrain,Spinal cord (thoracic),6.390634375695065,0.19082799462404113,16.42545190000436,0.007682186402355207,0.0,7099,12419
Midbrain,Spinal cord interneuron,5.661553245065459,0.3461077839028294,3.9600844805118007,0.007183376235928764,0.07,7099,144
Midbrain,Splanchnic mesoderm,5.893732525231521,-0.4074094405112933,-34.72668430198695,0.004156865356886809,0.0,7099,16934
Midbrain,Surface ectoderm,5.46612023841029,-0.3320770552862034,-16.394719574646476,0.011805230591646369,0.0,7099,2549
Midbrain,Telencephalon,7.047210849104836,0.9736490117913092,78.52020930300688,0.03251087588603233,0.0,7099,9365
Midbrain,Trigeminal placode,5.726627415346869,-0.11723950425689426,-5.764927481954735,0.01731148947737272,0.35,7099,1875
Midbrain,Trigeminal sensory neuron,5.218459025593716,-0.18372650093654327,-4.217155630157085,0.026626012425771006,0.84,7099,268
Midbrain,Trunk neural crest,5.66070276240567,-0.03155297612740071,-1.0976375965579472,0.00011226744969621245,0.67,7099,917
Midbrain,Vagal neural crest,5.912030170347141,0.047670621313749294,1.907211574733583,0.007019263292323533,0.01,7099,1902
Midbrain neuron,Midbrain neuron,8.999999999655524,-2.960594732333751e-15,-2.9603318020515772e-05,7.678246144151181e-29,1.0,353,353
Midbrain neuron,Midgut,4.77969229073528,-0.22048385456633893,-4.623947657389798,0.025647549819633932,0.19,353,2242
Midbrain neuron,Myotome,4.296576773555439,-0.16091054933289195,-0.805689657908372,0.04346830361109667,0.75,353,65
Midbrain neuron,Nascent somite,5.368580257212959,-0.08120486919511756,-1.285763739492725,0.008245680803691226,0.54,353,2502
Midbrain neuron,Notochord,4.782249661717851,-0.23082208888950362,-4.308623751110467,0.0042635378088075855,0.0,353,749
Midbrain neuron,Olfactory placode,5.273709405459036,0.02788606550108715,1.2800458770757412,0.04928192161837654,0.66,353,1680
Midbrain neuron,Otic placode,5.212268595141617,-0.023855354232054538,-0.32622664198753276,0.012060407440070186,0.68,353,1357
Midbrain neuron,Periocular mesoderm,4.65810406960641,-0.24196763230712323,-4.112207430425238,0.004228590401791492,0.04,353,798
Midbrain neuron,Pharyngeal arch mesenchyme,5.744463948423198,0.3300018372002711,7.142931637844755,0.018732388734971867,0.08,353,4615
Midbrain neuron,Pharyngeal endoderm,4.904578397237682,-0.20270823538689223,-4.410836047714648,0.0021711374618451546,0.08,353,2292
Midbrain neuron,Pharyngeal mesoderm,5.179435455946326,-0.20535246569358842,-4.641706005782928,0.006091980817652754,0.26,353,2901
Midbrain neuron,Pre-placodal ectoderm,5.350383096348325,0.022221892308231794,0.6253227303602092,0.025595745701966783,0.72,353,3388
Midbrain neuron,Prechordal plate,3.9902383340587395,-0.23761151267264147,-1.1490706173206802,0.20395065743885327,0.16,353,38
Midbrain neuron,Presomitic mesoderm,5.62982418820635,-0.05674566663721533,-1.5225945220132537,0.003583079574612763,0.94,353,9179
Midbrain neuron,Primordial germ cell,4.247266649570939,-0.20897849640097496,-2.306767827228246,0.059130352028545635,0.92,353,141
Midbrain neuron,Roof plate,5.7420661682959135,0.24580048140829724,5.017717977042193,0.014016194025434477,0.04,353,1779
Midbrain neuron,Sclerotome,5.407276338069863,-0.12158550750993087,-3.20233819068733,0.004867998475628439,0.62,353,8569
Midbrain neuron,Second heart field,5.19511326608819,-0.2596445883742418,-5.038369334529975,0.009784540422560554,0.0,353,5333
Midbrain neuron,Somatic mesoderm,5.481418463702041,-0.253355132433066,-5.191717544911287,0.006901194815673128,0.0,353,17045
Midbrain neuron,Somatic motor neuron,4.7840189323782525,0.1466076119756997,-0.524230049518925,0.1850864734259537,0.67,353,134
Midbrain neuron,Spinal cord (cervical),5.840472945765369,0.1709891984222196,2.6640966130286476,0.02143497248322361,0.05,353,8692
Midbrain neuron,Spinal cord (lumbar),5.455179719192877,-0.0001595633659891386,-0.7190400043360224,0.01377670670437576,0.76,353,3152
Midbrain neuron,Spinal cord (thoracic),5.784183036694684,0.10370457118249614,1.6397976964717171,0.012272961179018223,0.8,353,12419
Midbrain neuron,Spinal cord interneuron,4.854177741267848,0.021834017777968857,0.5498312049977323,0.028651776403632163,0.97,353,144
Midbrain neuron,Splanchnic mesoderm,5.595747571900712,-0.1870465003007101,-4.357412205983707,0.002219506289068354,0.05,353,16934
Midbrain neuron,Surface ectoderm,5.1248080409887935,-0.1595899358495204,-2.611439040654737,0.04839960185379809,0.05,353,2549
Midbrain neuron,Telencephalon,6.316730641094241,0.7538763745219557,15.886278378428464,0.010506910319724186,0.0,353,9365
Midbrain neuron,Trigeminal placode,5.405939384434831,0.07552888892818792,1.0895829966994062,0.025783903104541497,0.43,353,1875
Midbrain neuron,Trigeminal sensory neuron,4.799503393109707,-0.10470404036776622,-1.015639774788981,0.03449897365419835,0.14,353,268
Midbrain neuron,Trunk neural crest,5.296939793136116,0.10748088327671705,1.6385391023852591,0.000859001216470361,0.22,353,917
Midbrain neuron,Vagal neural crest,5.496836593255271,0.1521039353014985,3.1795116717268566,0.016165471145866108,0.81,353,1902
Midgut,Midgut,8.999999999965423,-5.921189464667502e-15,-5.920137836933333e-05,1.8406754455156943e-28,1.0,2242,2242
Midgut,Myotome,4.493485850694142,0.07193163681582071,0.268237431087316,0.022786845235022425,0.93,2242,65
Midgut,Nascent somite,5.2635261059029625,-0.13878678995386048,-5.308809422589351,0.023939235125315924,0.44,2242,2502
Midgut,Notochord,5.294581887426145,0.3256675052213662,9.139045475561048,0.009571859799813905,0.0,2242,749
Midgut,Olfactory placode,4.949823157298451,-0.2460691239435251,-7.9541352974734805,0.01470105312018603,0.0,2242,1680
Midgut,Otic placode,4.946005562474002,-0.24075317248156422,-8.212239575240686,0.0062790109998756075,0.0,2242,1357
Midgut,Periocular mesoderm,5.229187696485713,0.37018572875114497,11.014051761866442,0.0016172296069463937,0.0,2242,798
Midgut,Pharyngeal arch mesenchyme,4.948596760969996,-0.42027790602478604,-17.600216460147855,0.027612920131373796,0.0,2242,4615
Midgut,Pharyngeal endoderm,5.970223204481701,0.9085674560088828,38.04679223092017,0.06519894493063373,0.0,2242,2292
Midgut,Pharyngeal mesoderm,5.274191497969938,-0.05715466263630198,-2.4838676791990433,0.016360687977030417,0.0,2242,2901
Midgut,Pre-placodal ectoderm,4.979395008132369,-0.30513164565140194,-12.723329380897772,0.0225453331934682,0.0,2242,3388
Midgut,Prechordal plate,4.295138034954974,0.10936527028100536,1.4779661126829458,0.26766487312568893,0.52,2242,38
Midgut,Presomitic mesoderm,5.2939956877394065,-0.35156632960894313,-19.89099111083964,0.003406014692200383,0.0,2242,9179
Midgut,Primordial germ cell,4.359785591080718,-0.049061197093131025,-0.8003204826268951,0.00856429153035835,0.45,2242,141
Midgut,Roof plate,5.025364018633515,-0.4259316852076127,-15.651362651605325,0.012215518226369841,0.0,2242,1779
Midgut,Sclerotome,5.295646584215944,-0.1920785010237903,-10.265078947706135,0.012665856225082702,0.0,2242,8569
Midgut,Second heart field,5.31505014608953,-0.09865198338405445,-5.771228198037146,0.0036699011514364074,0.0,2242,5333
Midgut,Somatic mesoderm,5.216834009370851,-0.4666023182296142,-26.019698896419882,0.018742929813803138,0.0,2242,17045
Midgut,Somatic motor neuron,4.583363106143185,-0.006318746011617342,-1.0227668531345475,0.03334946711640437,0.62,2242,134
Midgut,Spinal cord (cervical),5.194836637516878,-0.42469511868096826,-20.914443985605775,0.015076886628203317,0.0,2242,8692
Midgut,Spinal cord (lumbar),5.027828932081129,-0.3687485212904547,-15.564479226786958,0.03651276142045788,0.0,2242,3152
Midgut,Spinal cord (thoracic),5.244872804178628,-0.3957009684707427,-22.769795482061426,0.022372030899658092,0.0,2242,12419
Midgut,Spinal cord interneuron,4.604796840073289,-0.1715728968170772,-2.364109185638627,0.004472067119692335,0.51,2242,144
Midgut,Splanchnic mesoderm,5.25502356409034,-0.4876477829896138,-25.550384862093,0.022572063838189726,0.0,2242,16934
Midgut,Surface ectoderm,5.072835601336514,-0.1699704177361149,-7.2206931887916115,0.00512224815309256,0.0,2242,2549
Midgut,Telencephalon,5.146574568252725,-0.3698222249235818,-18.706527656150584,0.018336993481300592,0.0,2242,9365
Midgut,Trigeminal placode,4.939269847219145,-0.34573651622451457,-11.757544193160323,0.01315960983856825,0.0,2242,1875
Midgut,Trigeminal sensory neuron,4.695094431791769,-0.15315363605993504,-3.0479916009810144,0.09729871478381816,0.01,2242,268
Midgut,Trunk neural crest,4.823206647606885,-0.3141232922266208,-8.689395222585235,0.0075812790783485766,0.0,2242,917
Midgut,Vagal neural crest,4.914221445200003,-0.39237987522692447,-14.027042298718301,0.00782120095472339,0.0,2242,1902
Myotome,Myotome,8.999999999703142,-7.697546304067751e-15,-7.696084540955089e-05,2.093110935186418e-28,1.0,65,65
Myotome,Nascent somite,5.012238275696356,0.1484822920076946,0.7103094376519902,0.07024470413483078,0.93,65,2502
Myotome,Notochord,4.653078045484097,0.21918688718452994,1.1926180006500007,0.07077568511028359,0.28,65,749
Myotome,Olfactory placode,4.4203021426004465,-0.2356536024749293,-1.904341628068213,0.13790117761681187,0.77,65,1680
Myotome,Otic placode,4.468310959376091,-0.1916291844057406,-1.680485025601702,0.11603240964556784,1.0,65,1357
Myotome,Periocular mesoderm,4.4876216894481935,0.14960141207814845,1.2328442053384014,0.018187044645905374,0.98,65,798
Myotome,Pharyngeal arch mesenchyme,4.758595448219079,-0.08223966116607961,-1.0792831447617326,0.05618731282076286,0.35,65,4615
Myotome,Pharyngeal endoderm,4.644194204897747,0.11341494206391663,0.8922497436250906,0.003286015621131921,0.58,65,2292
Myotome,Pharyngeal mesoderm,5.149338697886606,0.34994327495129546,3.287683831407113,0.0296788153817542,0.09,65,2901
Myotome,Pre-placodal ectoderm,4.606604260111112,-0.13880289776241858,-1.323383226443297,0.14117381700214615,0.27,65,3388
Myotome,Prechordal plate,3.876183534409647,0.25711319678603467,0.5496401192333714,0.3544567673490367,0.69,65,38
Myotome,Presomitic mesoderm,5.167618791884498,0.04179609985372915,-0.04632182844500784,0.03862232049368164,0.55,65,9179
Myotome,Primordial germ cell,3.754338529751682,-0.12317906233271403,-0.6509961444935276,0.37753116215862415,0.25,65,141
Myotome,Roof plate,4.65161353482511,-0.27273698999834767,-2.2680546312125744,0.028046987992199172,0.28,65,1779
Myotome,Sclerotome,6.003519885553451,1.0377205920933752,9.823119482705897,0.059455966680697483,0.0,65,8569
Myotome,Second heart field,4.986245549025203,0.10923143743755226,1.0269869784883165,0.009293229780899909,0.97,65,5333
Myotome,Somatic mesoderm,5.206763993852775,0.05685011783793984,0.5466597348632815,0.021081339119424322,0.65,65,17045
Myotome,Somatic motor neuron,3.8270680306971276,-0.2542026220586462,-0.7585931741418728,0.07687249648714703,0.88,65,134
Myotome,Spinal cord (cervical),4.881386903877509,-0.20803100451136824,-1.8904470709121795,0.00828671813161886,0.59,65,8692
Myotome,Spinal cord (lumbar),4.891208609768579,0.036277398602973555,-0.12200933491597765,0.04160975006103684,0.71,65,3152
Myotome,Spinal cord (thoracic),5.07261403536737,-0.03876812688112589,-0.7268392754806499,0.023940762247219062,0.49,65,12419
Myotome,Spinal cord interneuron,3.8859340955685,-0.367600429090068,-1.8344654025135385,0.042852454692575176,0.17,65,144
Myotome,Splanchnic mesoderm,5.154492102248703,-0.061248337203554826,-0.30617509321435793,0.014178831243010509,0.64,65,16934
Myotome,Surface ectoderm,4.588131536648631,-0.10047443919903465,-1.159949249729644,0.048226759998993465,0.48,65,2549
Myotome,Telencephalon,4.775866636822577,-0.20707998151536286,-1.6932130329052153,0.007453112163798997,0.23,65,9365
Myotome,Trigeminal placode,4.471009247209034,-0.26619208905788305,-2.187806067130271,0.15598678134771082,0.8,65,1875
Myotome,Trigeminal sensory neuron,4.076283404980299,-0.2655867451184745,-1.6744935581881906,0.07124915431227881,0.51,65,268
Myotome,Trunk neural crest,4.508116430979008,-0.0934497916020162,-0.8723469902785967,0.17230517338316031,0.73,65,917
Myotome,Vagal neural crest,4.62579843395432,-0.14099865541506715,-0.9427133011117194,0.04801543013998659,0.88,65,1902
Nascent somite,Nascent somite,9.00000000000639,-5.329070518200751e-15,-5.328155609353333e-05,4.764719867534911e-28,1.0,2502,2502
Nascent somite,Notochord,5.476210935337465,0.056053008804060354,1.8253572070993644,0.016405913432840855,0.47,2502,749
Nascent somite,Olfactory placode,5.4564714159279575,-0.19192256853987702,-6.588005819428883,0.00621686427328418,0.0,2502,1680
Nascent somite,Otic placode,5.438349655288889,-0.20042526228957117,-7.0424223028273545,0.004701505517768074,0.0,2502,1357
Nascent somite,Periocular mesoderm,5.308577426679142,7.006676144912423e-05,-0.12755433636441046,0.020720467578837647,0.95,2502,798
Nascent somite,Pharyngeal arch mesenchyme,5.719487401939272,-0.10069595949864348,-5.3657150942820335,0.005586762728604841,0.25,2502,4615
Nascent somite,Pharyngeal endoderm,5.505469719918018,-0.009113827954715307,-0.8056573953481715,0.006280591142441868,0.41,2502,2292
Nascent somite,Pharyngeal mesoderm,5.6469318281623275,-0.1386117605215421,-6.264101635272508,0.000308002384328043,0.0,2502,2901
Nascent somite,Pre-placodal ectoderm,5.498107349807822,-0.24139472134070092,-10.410219320913036,0.005159115330110066,0.0,2502,3388
Nascent somite,Prechordal plate,4.63245962972854,-0.003989888453119761,0.07049835266578526,0.04598352227302316,0.68,2502,38
Nascent somite,Presomitic mesoderm,7.069237352280496,0.9712299298211381,60.43586939709951,0.03058169202851231,0.0,2502,9179
Nascent somite,Primordial germ cell,4.483246220929961,-0.37390416191485204,-5.701070805981945,0.020357597386612677,0.0,2502,141
Nascent somite,Roof plate,5.871898806073681,-0.033341434540155625,-1.0765033309233651,0.013179265636561677,0.0,2502,1779
Nascent somite,Sclerotome,6.103181007164498,0.16221778706631115,9.791017640556435,0.006733185387628546,0.0,2502,8569
Nascent somite,Second heart field,5.679781215094231,-0.1882561493669567,-10.314336642255137,0.011626001434898777,0.0,2502,5333
Nascent somite,Somatic mesoderm,6.097756372718443,-0.03910615692614261,-1.9624394778862422,0.0186247473817851,0.25,2502,17045
Nascent somite,Somatic motor neuron,5.328429934027178,0.2906804417738451,2.8011080826637222,0.008311853852241645,0.33,2502,134
Nascent somite,Spinal cord (cervical),6.288651889982667,0.2159882685653741,12.096673265076893,0.012662874916245036,0.0,2502,8692
Nascent somite,Spinal cord (lumbar),6.244417845611973,0.3949611523588281,17.30334899477697,0.028704437969924508,0.0,2502,3152
Nascent somite,Spinal cord (thoracic),6.5068560624620835,0.4154866135960651,25.51115667680298,0.00651407598692933,0.0,2502,12419
Nascent somite,Spinal cord interneuron,5.36374133179264,0.1341894100919685,1.9747892221569991,0.002455770331710124,0.69,2502,144
Nascent somite,Splanchnic mesoderm,6.243628184598367,0.049198738622444914,3.5519323564080274,0.020382944520052838,0.0,2502,16934
Nascent somite,Surface ectoderm,5.44918927841785,-0.24323209382460367,-10.148804793713419,0.026876086033445247,0.0,2502,2549
Nascent somite,Telencephalon,5.908372698014833,-0.05957636840939736,-3.052472089576881,0.0038823822597633035,0.78,2502,9365
Nascent somite,Trigeminal placode,5.5693107313318935,-0.16661878298872956,-6.24000717572563,0.007296965389526404,0.0,2502,1875
Nascent somite,Trigeminal sensory neuron,5.179929162482768,-0.124328849129918,-2.1641892996148435,0.0018878558725940243,0.5,2502,268
Nascent somite,Trunk neural crest,5.547557468894911,-0.041853441421521254,-0.6207298450834501,0.008720589618471705,0.32,2502,917
Nascent somite,Vagal neural crest,5.6746715230266895,-0.08016652210050494,-2.9298104093546784,0.019115553528512734,0.02,2502,1902
Notochord,Notochord,8.999999999921874,-1.2434497875801753e-14,-0.0001243295190066,0.0,1.0,749,749
Notochord,Olfactory placode,4.903601453971185,-0.312877199286904,-7.795529452768456,0.017650968944038843,0.0,749,1680
Notochord,Otic placode,4.940986343729176,-0.2655238710459796,-7.36516250267334,0.007616184765250276,0.0,749,1357
Notochord,Periocular mesoderm,5.244600313157015,0.3678487842484426,8.53375280283936,0.00010982508505623529,0.0,749,798
Notochord,Pharyngeal arch mesenchyme,5.037899419779542,-0.3496679498575623,-10.253339474865072,0.013811035358538445,0.0,749,4615
Notochord,Pharyngeal endoderm,5.576845130770631,0.4946926403066243,14.98990436749421,0.014757647062903953,0.0,749,2292
Notochord,Pharyngeal mesoderm,5.389075270457744,0.03173334992225237,0.7957050386740437,0.01359676022632966,0.36,749,2901
Notochord,Pre-placodal ectoderm,4.982898765521109,-0.3272183548283574,-9.500102481240328,0.010854959485658185,0.0,749,3388
Notochord,Prechordal plate,5.388316961041622,1.202873077442973,8.619667036013082,0.22805825126013962,0.0,749,38
Notochord,Presomitic mesoderm,5.512147366025935,-0.15197169809580835,-5.160830267349638,0.0016681390784830932,0.0,749,9179
Notochord,Primordial germ cell,4.323761611043857,-0.10470119847421255,-1.4233746162939565,0.004235647115556473,0.33,749,141
Notochord,Roof plate,5.1214725811678665,-0.35006141846591693,-9.448878457553416,0.002907859255564376,0.0,749,1779
Notochord,Sclerotome,5.606936610978619,0.09775976474360082,3.170624962563828,0.022138473259364397,0.04,749,8569
Notochord,Second heart field,5.370914497683451,-0.06436713265706799,-2.2456545343303467,0.0026947193140267225,0.78,749,5333
Notochord,Somatic mesoderm,5.366448730172521,-0.3359377940977633,-11.428862877142535,0.005876957022126307,0.0,749,17045
Notochord,Somatic motor neuron,4.6954804180639265,0.08878094513849503,0.5096578353356115,0.013219365835195257,0.84,749,134
Notochord,Spinal cord (cervical),5.423823248224568,-0.21790818730863956,-7.342060487540434,0.0035984455060988356,0.0,749,8692
Notochord,Spinal cord (lumbar),5.149936675758885,-0.266230369190537,-7.326408538704253,0.004079884208175937,0.0,749,3152
Notochord,Spinal cord (thoracic),5.482808588782479,-0.1753288723471537,-6.420934920580052,0.0073592403046295225,0.0,749,12419
Notochord,Spinal cord interneuron,4.6742265881431235,-0.11631092314593634,-1.000918080562707,0.012939730187833244,0.82,749,144
Notochord,Splanchnic mesoderm,5.354370359212744,-0.4097493763192534,-13.88539140437016,0.005272421427885025,0.0,749,16934
Notochord,Surface ectoderm,5.037307480022749,-0.22802020177136098,-6.568824335992356,0.006618054236379874,0.0,749,2549
Notochord,Telencephalon,5.2520902332218045,-0.28128781635592554,-9.161334880601745,0.0064686542629786205,0.0,749,9365
Notochord,Trigeminal placode,4.91432156307628,-0.3876205539689635,-10.14813794188423,0.014681833941300456,0.0,749,1875
Notochord,Trigeminal sensory neuron,4.750958154365077,-0.12221332328282426,-2.108948277193148,0.013534494991833164,0.7,749,268
Notochord,Trunk neural crest,4.895307436563775,-0.2614535772297435,-6.4061225714968115,0.0033610286756122227,0.0,749,917
Notochord,Vagal neural crest,5.0237916797514055,-0.29936062284302967,-8.808052699401177,0.002638401763673619,0.0,749,1902
Olfactory placode,Olfactory placode,8.99999999997243,7.105427357601002e-15,7.104838395260672e-05,1.262177448353619e-29,1.0,1680,1680
Olfactory placode,Otic placode,6.042908362705366,0.6073548098984162,17.638293894692755,0.035530848251261835,0.0,1680,1357
Olfactory placode,Periocular mesoderm,4.880157438536849,-0.22121049156851935,-5.939556167797246,0.024475243624828405,0.26,1680,798
Olfactory placode,Pharyngeal arch mesenchyme,6.2945227223594955,0.6810617215636358,31.69081019020423,0.029423235445717292,0.0,1680,4615
Olfactory placode,Pharyngeal endoderm,5.058726309615037,-0.25170143978084497,-9.414605654593533,0.004436329663579394,0.0,1680,2292
Olfactory placode,Pharyngeal mesoderm,5.3579391681413595,-0.22063345732584239,-8.974387489544627,0.0027940472626057557,0.0,1680,2901
Olfactory placode,Pre-placodal ectoderm,7.204569111964434,1.6764288627294246,57.289759775415405,0.03252572144762278,0.0,1680,3388
Olfactory placode,Prechordal plate,4.074666909258607,-0.34458875199728006,-1.7674961686833968,0.16665988848951066,0.84,1680,38
Olfactory placode,Presomitic mesoderm,5.867477947585573,-0.021927907749139663,-0.9241386305389697,0.0004711900128942574,0.96,1680,9179
Olfactory placode,Primordial germ cell,4.450747471332789,-0.1969360236833738,-2.54732414577984,0.021112348869821246,0.68,1680,141
Olfactory placode,Roof plate,5.9953771178460045,0.2969113191552255,10.24200644387229,0.00024137702435877707,0.0,1680,1779
Olfactory placode,Sclerotome,5.392096150233201,-0.3403996014396193,-15.88350093722625,0.005044627472054884,0.0,1680,8569
Olfactory placode,Second heart field,5.560559228290294,-0.09667024247697083,-4.387658657161099,0.0008105951986436014,0.0,1680,5333
Olfactory placode,Somatic mesoderm,5.898123059706287,-0.029567313502125714,-1.4167498003173986,0.00015434968824438701,0.38,1680,17045
Olfactory placode,Somatic motor neuron,4.60983296861447,-0.21742249141268064,-3.772498969921301,0.09652424204436262,0.78,1680,134
Olfactory placode,Spinal cord (cervical),5.692769275600129,-0.17026348615386203,-7.704705551242658,0.006212595402954951,0.0,1680,8692
Olfactory placode,Spinal cord (lumbar),5.517473871143854,-0.12515504269806974,-4.083431998755512,0.0010217327526587101,0.04,1680,3152
Olfactory placode,Spinal cord (thoracic),5.732034374450952,-0.15439939729218052,-7.1826504470412615,0.00617333984797209,0.0,1680,12419
Olfactory placode,Spinal cord interneuron,4.798600742011927,-0.22841606292548663,-1.456504922201244,0.048679834711945036,0.26,1680,144
Olfactory placode,Splanchnic mesoderm,6.033979508516123,0.0460664533264703,2.0345161259419764,0.0031440543932366185,0.67,1680,16934
Olfactory placode,Surface ectoderm,6.370275490772568,0.8852099709456441,29.289752172340986,0.017872708134179027,0.0,1680,2549
Olfactory placode,Telencephalon,6.274958665924518,0.5135723522533425,21.690389742264042,0.002551180671806697,0.0,1680,9365
Olfactory placode,Trigeminal placode,6.674282203938101,1.1465372222853845,35.94172506307742,0.04454477839674411,0.0,1680,1875
Olfactory placode,Trigeminal sensory neuron,5.7932893596431505,0.6984509627615241,11.454353370574,0.022456221313704287,0.0,1680,268
Olfactory placode,Trunk neural crest,5.712286665728925,0.32467167866600555,7.867545634797392,0.0048671185470355845,0.0,1680,917
Olfactory placode,Vagal neural crest,5.918253121817002,0.3672160248150531,12.075439228284472,0.0006696183488243314,0.0,1680,1902
Otic placode,Otic placode,8.99999999995138,-1.5987211554602254e-14,-0.00015984382719876666,4.1020767071492614e-29,1.0,1357,1357
Otic placode,Periocular mesoderm,4.84725033673213,-0.2475152296887592,-5.757379067639561,0.009052398046015101,0.0,1357,798
Otic placode,Pharyngeal arch mesenchyme,6.28769291517158,0.6793671770331526,23.891473973359684,0.043716632516536985,0.0,1357,4615
Otic placode,Pharyngeal endoderm,5.058832901356474,-0.24314980180846657,-8.846999549391509,0.000861265955960426,0.0,1357,2292
Otic placode,Pharyngeal mesoderm,5.3401561720935815,-0.23002980187984376,-9.173888221513046,0.0014203381719847426,0.0,1357,2901
Otic placode,Pre-placodal ectoderm,6.4944875380686495,0.9690818205962112,35.388271102764065,0.019734993009459453,0.0,1357,3388
Otic placode,Prechordal plate,4.135677006164468,-0.27225116516811987,-1.706649626528997,0.06448293302233285,0.51,1357,38
Otic placode,Presomitic mesoderm,5.89912021599678,0.017355897232910127,0.6345074940338257,0.001206934290046985,0.31,1357,9179
Otic placode,Primordial germ cell,4.351414741953085,-0.2909240433110452,-4.166709029464774,0.09128413561846652,0.57,1357,141
Otic placode,Roof plate,6.026346343293372,0.33368055818456216,11.327495256402747,0.015817748211154153,0.0,1357,1779
Otic placode,Sclerotome,5.397164937732199,-0.32857324718106745,-14.212116695875984,0.002231149777231214,0.0,1357,8569
Otic placode,Second heart field,5.557307252071978,-0.09276912051129098,-3.8524056608185773,0.0022617036153924656,0.04,1357,5333
Otic placode,Somatic mesoderm,5.90874778712854,-0.01288642808796355,-0.7503863112272451,0.0020675275604618883,0.99,1357,17045
Otic placode,Somatic motor neuron,4.633242765477722,-0.1827928710217961,-3.6877216287587493,0.12482569804118115,0.63,1357,134
Otic placode,Spinal cord (cervical),5.635620035237589,-0.2238010144783177,-9.391173190170152,0.01003128660892252,0.0,1357,8692
Otic placode,Spinal cord (lumbar),5.504852522628305,-0.13271237824323587,-4.399500678791404,0.0004487867152714728,0.0,1357,3152
Otic placode,Spinal cord (thoracic),5.701855520153342,-0.17420300795769852,-7.363314391184962,0.0058744947917754465,0.0,1357,12419
Otic placode,Spinal cord interneuron,4.948856843280611,-0.0784108287856456,-0.6240119750348943,0.011703383959573738,0.57,1357,144
Otic placode,Splanchnic mesoderm,6.059963552726135,0.08190458595029337,3.3330712797027853,0.004024901763613638,0.68,1357,16934
Otic placode,Surface ectoderm,6.331970474861769,0.8553796701060999,28.54778108922835,0.018934111120285223,0.0,1357,2549
Otic placode,Telencephalon,5.774383067899872,0.020002243413490106,0.32096587131218435,0.014899369742388239,0.03,1357,9365
Otic placode,Trigeminal placode,6.571860627207337,1.050826501014485,33.193503089621636,0.003138112565604654,0.0,1357,1875
Otic placode,Trigeminal sensory neuron,5.833712539645702,0.7532998111779046,13.06418731524534,0.019877475150751923,0.0,1357,268
Otic placode,Trunk neural crest,5.715908141504961,0.3462282414798059,8.903757875983008,0.014606703049402509,0.0,1357,917
Otic placode,Vagal neural crest,5.98695712315492,0.44536504933228205,13.805870092467522,0.004509539836152394,0.0,1357,1902
Periocular mesoderm,Periocular mesoderm,9.00000000016866,-3.552713678800501e-15,-3.552208905331577e-05,4.386066633028826e-28,1.0,798,798
Periocular mesoderm,Pharyngeal arch mesenchyme,4.917458354954412,-0.35757280020843724,-11.601419270561996,0.007016017501636433,0.0,798,4615
Periocular mesoderm,Pharyngeal endoderm,5.436366400228626,0.46669705977926795,14.693236154561513,0.0030539994031897654,0.0,798,2292
Periocular mesoderm,Pharyngeal mesoderm,6.093277193294102,0.8510422313630256,26.164796848044734,0.06662513994127431,0.0,798,2901
Periocular mesoderm,Pre-placodal ectoderm,4.933458292881093,-0.2569528198586554,-7.3252721626911566,0.019775623023906293,0.01,798,3388
Periocular mesoderm,Prechordal plate,4.008860447307868,-0.06920773469404977,-0.14868224285097068,0.034991063639371836,0.85,798,38
Periocular mesoderm,Presomitic mesoderm,5.341830968233507,-0.2134973467191532,-7.339104082908378,0.022539641642375173,0.14,798,9179
Periocular mesoderm,Primordial germ cell,4.2647502166520415,-0.048274519378118,-0.5640736543118473,0.00029273880376812987,0.63,798,141
Periocular mesoderm,Roof plate,5.04470359934654,-0.3166500944351676,-8.643280929608219,0.005228603653870222,0.0,798,1779
Periocular mesoderm,Sclerotome,5.433190845655315,0.034176228325979,1.1161387977147204,0.0009169044845941331,0.96,798,8569
Periocular mesoderm,Second heart field,5.503731085545122,0.17756826848233556,6.14988338083176,0.005891795650799463,0.0,798,5333
Periocular mesoderm,Somatic mesoderm,5.319395155321021,-0.2706233219347114,-9.61281505900258,0.0020966545803663057,0.0,798,17045
Periocular mesoderm,Somatic motor neuron,4.470859331680891,-0.015605845505821373,-0.009456434848007808,0.015768376582618374,0.96,798,134
Periocular mesoderm,Spinal cord (cervical),5.211293424796158,-0.3138062808152326,-9.488407600923763,0.019689580975786936,0.0,798,8692
Periocular mesoderm,Spinal cord (lumbar),5.1012885163626605,-0.2061496600264713,-5.835352941424138,0.003925250820893239,0.0,798,3152
Periocular mesoderm,Spinal cord (thoracic),5.297122241439012,-0.25148339048629936,-8.654916291566282,0.0032731823035457306,0.0,798,12419
Periocular mesoderm,Spinal cord interneuron,4.599653070066503,-0.08625244831699981,0.04914506844486984,0.06534934934970467,0.87,798,144
Periocular mesoderm,Splanchnic mesoderm,5.356551100140439,-0.2932269024086282,-9.354440872441154,6.929866264535184e-05,0.0,798,16934
Periocular mesoderm,Surface ectoderm,4.874898008754944,-0.272854444243871,-7.731312718894192,0.013021388271032905,0.0,798,2549
Periocular mesoderm,Telencephalon,5.089764958444772,-0.33106626886733653,-10.15184532441885,0.0015957728455668451,0.0,798,9365
Periocular mesoderm,Trigeminal placode,4.91851844528917,-0.2748952012193107,-6.973713776186082,0.016716978845232967,0.0,798,1875
Periocular mesoderm,Trigeminal sensory neuron,4.660591546502534,-0.09713381022101952,-1.9496282252635695,0.03483841976400467,0.93,798,268
Periocular mesoderm,Trunk neural crest,4.834473903161036,-0.21142825428607429,-4.722288336999479,0.01787699226474906,0.3,798,917
Periocular mesoderm,Vagal neural crest,4.970210676805687,-0.24693381484220853,-6.999722032659439,0.004166567684803325,0.0,798,1902
Pharyngeal arch mesenchyme,Pharyngeal arch mesenchyme,9.000000000076467,5.921189464667501e-16,5.924869506160293e-06,3.9863771077168466e-28,1.0,4615,4615
Pharyngeal arch mesenchyme,Pharyngeal endoderm,5.133256961766364,-0.3463453412947605,-14.760274141264754,0.00998032190000912,0.0,4615,2292
Pharyngeal arch mesenchyme,Pharyngeal mesoderm,5.4164873922406,-0.3356614410579774,-17.164225774506757,5.665610762530692e-05,0.0,4615,2901
Pharyngeal arch mesenchyme,Pre-placodal ectoderm,6.439544057406432,0.7348282663943143,32.316919014319055,0.013792603941988647,0.0,4615,3388
Pharyngeal arch mesenchyme,Prechordal plate,4.238223966374967,-0.362062399922037,-2.5691894884382758,0.030096612734275177,0.06,4615,38
Pharyngeal arch mesenchyme,Presomitic mesoderm,6.076337617212772,0.012327159712534433,0.5123152768073057,0.003543271577453558,0.08,4615,9179
Pharyngeal arch mesenchyme,Primordial germ cell,4.349906530073312,-0.4689300443872558,-6.289864826526742,0.015179239853619653,0.0,4615,141
Pharyngeal arch mesenchyme,Roof plate,6.4722100141840455,0.6007227109789662,24.397908665448416,0.008947764889359174,0.0,4615,1779
Pharyngeal arch mesenchyme,Sclerotome,5.580501130819225,-0.3266546389543657,-22.9595130039943,0.006838240965625934,0.0,4615,8569
Pharyngeal arch mesenchyme,Second heart field,5.564924326256045,-0.27013381620650073,-16.00095122297183,0.0010013321723177048,0.0,4615,5333
Pharyngeal arch mesenchyme,Somatic mesoderm,5.968707731903063,-0.13485319683292354,-9.331681183832915,0.0016140933524107048,0.0,4615,17045
Pharyngeal arch mesenchyme,Somatic motor neuron,4.687295596983482,-0.30913949326492673,-4.405100579392284,0.030957611807650647,0.8,4615,134
Pharyngeal arch mesenchyme,Spinal cord (cervical),6.040179443798913,0.0009278939648667736,-0.9170657884270416,0.010833347337685078,0.17,4615,8692
Pharyngeal arch mesenchyme,Spinal cord (lumbar),5.854963758346938,0.03445949411764696,0.17999744398652462,0.007257847613214577,0.71,4615,3152
Pharyngeal arch mesenchyme,Spinal cord (thoracic),6.045415956033266,-0.013373778097600209,-1.874602511337864,0.005908038589550552,0.0,4615,12419
Pharyngeal arch mesenchyme,Spinal cord interneuron,5.135101213876042,-0.04922261597156593,0.2677868994809496,0.033955235101188294,0.9,4615,144
Pharyngeal arch mesenchyme,Splanchnic mesoderm,6.1131356342244985,-0.04658920069416528,-2.992085934787399,0.0036588752182623464,0.04,4615,16934
Pharyngeal arch mesenchyme,Surface ectoderm,5.969782075594299,0.3090266264423575,14.192588923882068,0.011681698070416411,0.0,4615,2549
Pharyngeal arch mesenchyme,Telencephalon,6.456520712701951,0.5201562415823103,32.521704478054396,0.003548396700159528,0.0,4615,9365
Pharyngeal arch mesenchyme,Trigeminal placode,6.622150734849953,0.9211717584587044,37.70718703112674,0.022843223120034457,0.0,4615,1875
Pharyngeal arch mesenchyme,Trigeminal sensory neuron,5.7594239550606945,0.4933897495360326,8.782543631146082,0.03612998905633989,0.0,4615,268
Pharyngeal arch mesenchyme,Trunk neural crest,5.839864415984419,0.2846856327715462,8.426829975115927,0.013963986181528837,0.0,4615,917
Pharyngeal arch mesenchyme,Vagal neural crest,6.220039516965293,0.4963260749162517,19.8185039052064,0.022734569200216947,0.0,4615,1902
Pharyngeal endoderm,Pharyngeal endoderm,8.99999999995882,-1.3026616822268503e-14,-0.00013024492548809364,6.416068695797562e-29,1.0,2292,2292
Pharyngeal endoderm,Pharyngeal mesoderm,5.423492342739299,-0.02032812229751328,-1.0375027649581685,0.0027354432616803087,0.1,2292,2901
Pharyngeal endoderm,Pre-placodal ectoderm,5.128986395249291,-0.268636695808425,-10.841711083616365,0.005839622111514948,0.0,2292,3388
Pharyngeal endoderm,Prechordal plate,4.8790830919142865,0.5875636871471958,4.754503846642819,0.04653741796655378,0.02,2292,38
Pharyngeal endoderm,Presomitic mesoderm,5.502230698233007,-0.2572437753291699,-14.601772057277847,0.00047876560105742033,0.0,2292,9179
Pharyngeal endoderm,Primordial germ cell,4.354204671028653,-0.1675221314809671,-2.540249201017677,0.004042881867339262,0.15,2292,141
Pharyngeal endoderm,Roof plate,5.175115788269095,-0.3894750932809637,-14.8795718230774,0.0028323619092183038,0.0,2292,1779
Pharyngeal endoderm,Sclerotome,5.5711286783844605,-0.030471142259194117,-2.661984648368853,0.011302543707240655,0.0,2292,8569
Pharyngeal endoderm,Second heart field,5.401528194554967,-0.12613649578304317,-6.305948405769705,0.00039538773530054086,0.0,2292,5333
Pharyngeal endoderm,Somatic mesoderm,5.405794234516523,-0.39136278867954416,-21.99941178669859,0.006194922899213579,0.0,2292,17045
Pharyngeal endoderm,Somatic motor neuron,4.774662291645349,0.0867584058011041,0.6621372635899057,0.02931413598981137,0.66,2292,134
Pharyngeal endoderm,Spinal cord (cervical),5.4490681492837325,-0.28527973455106387,-15.250499555379378,0.0038505965212328945,0.0,2292,8692
Pharyngeal endoderm,Spinal cord (lumbar),5.282839847465984,-0.23070018918901494,-9.793293488292358,0.004304844216001147,0.0,2292,3152
Pharyngeal endoderm,Spinal cord (thoracic),5.509527969444355,-0.242672043423218,-14.277727191461404,0.0036361573816370524,0.0,2292,12419
Pharyngeal endoderm,Spinal cord interneuron,4.7594534425718855,-0.13557947432457182,-1.4955138625691318,0.004069626362639991,0.34,2292,144
Pharyngeal endoderm,Splanchnic mesoderm,5.436646801467248,-0.41830462898930626,-23.266899019169927,0.009267894060121526,0.0,2292,16934
Pharyngeal endoderm,Surface ectoderm,5.337953421682058,-0.019840404516900872,-0.4084100975043989,0.006500727718821859,0.92,2292,2549
Pharyngeal endoderm,Telencephalon,5.297078951923947,-0.33217208061575015,-16.678494071849503,0.007673456663915627,0.0,2292,9365
Pharyngeal endoderm,Trigeminal placode,5.086155288185179,-0.31032201495169076,-11.814839721267532,0.003273778660425541,0.0,2292,1875
Pharyngeal endoderm,Trigeminal sensory neuron,4.833116867348874,-0.12987686983518967,-2.430932437008176,0.021567933559420712,0.53,2292,268
Pharyngeal endoderm,Trunk neural crest,5.035724496189678,-0.2116673112945676,-6.947783908806877,0.01613512132879843,0.16,2292,917
Pharyngeal endoderm,Vagal neural crest,5.123644982804045,-0.29328384790804013,-11.979218153412793,0.0034807793783521762,0.0,2292,1902
Pharyngeal mesoderm,Pharyngeal mesoderm,8.999999999973234,-2.960594732333751e-15,-2.9600163249373036e-05,1.020260104085842e-28,1.0,2901,2901
Pharyngeal mesoderm,Pre-placodal ectoderm,5.438284763270772,-0.22691706437626782,-10.50780553457001,0.0030239447324268325,0.0,2901,3388
Pharyngeal mesoderm,Prechordal plate,4.531809466214434,-0.012687985696509271,0.11591688182349857,0.03432834548704236,0.87,2901,38
Pharyngeal mesoderm,Presomitic mesoderm,5.784651845677204,-0.24445585294162164,-15.4553987837933,0.00014779837954854029,0.0,2901,9179
Pharyngeal mesoderm,Primordial germ cell,4.550555679997111,-0.24144033274402124,-3.8804546178811763,0.006852206697930559,0.07,2901,141
Pharyngeal mesoderm,Roof plate,5.543156119439989,-0.29126658647174253,-12.736938744005002,0.0010578371900967411,0.0,2901,1779
Pharyngeal mesoderm,Sclerotome,6.113318727187342,0.24168017213913787,15.276185964599852,0.0010022822088393147,0.0,2901,8569
Pharyngeal mesoderm,Second heart field,6.740640065866412,0.9433488426138231,57.51560728436005,0.04323347059729253,0.0,2901,5333
Pharyngeal mesoderm,Somatic mesoderm,6.264330090604704,0.1958122037806893,12.207205937695045,0.007025807319769337,0.0,2901,17045
Pharyngeal mesoderm,Somatic motor neuron,4.786628761105079,-0.17247633361298811,-2.4292707968839085,0.009250718321625757,0.84,2901,134
Pharyngeal mesoderm,Spinal cord (cervical),5.632242744545404,-0.3714374761226867,-21.644188945184354,0.0008327280212761005,0.0,2901,8692
Pharyngeal mesoderm,Spinal cord (lumbar),5.551626168637411,-0.22827726399239326,-12.973729641397439,0.019492724813141172,0.2,2901,3152
Pharyngeal mesoderm,Spinal cord (thoracic),5.711631056938578,-0.3112015284216169,-21.14547054462344,0.004565157977015727,0.0,2901,12419
Pharyngeal mesoderm,Spinal cord interneuron,4.996053710735517,-0.17412453849401288,-2.2022328860760627,0.004400163717410709,0.33,2901,144
Pharyngeal mesoderm,Splanchnic mesoderm,6.168268405290056,0.04170973413688047,2.642230992146312,0.006868551436055815,1.0,2901,16934
Pharyngeal mesoderm,Surface ectoderm,5.431518757495566,-0.19486680771470125,-9.092671331196478,0.0020753814222060412,0.0,2901,2549
Pharyngeal mesoderm,Telencephalon,5.54812861982753,-0.3486723971470204,-19.197889933529662,0.0016844455313041115,0.0,2901,9365
Pharyngeal mesoderm,Trigeminal placode,5.393377301696396,-0.2720398920615515,-10.531019953010409,0.0012984859158105815,0.0,2901,1875
Pharyngeal mesoderm,Trigeminal sensory neuron,5.050395642098011,-0.1820844995686904,-3.664027352761817,0.002602609778295054,0.15,2901,268
Pharyngeal mesoderm,Trunk neural crest,5.330941388663501,-0.18772036031170636,-6.6620802820916785,0.010562486767565781,0.27,2901,917
Pharyngeal mesoderm,Vagal neural crest,5.477002270311566,-0.21138508596014383,-8.624239826327882,0.0017858152265340353,0.0,2901,1902
Pre-placodal ectoderm,Pre-placodal ectoderm,8.999999999915463,1.1842378929335002e-15,1.184069634361517e-05,1.7775665730980133e-28,1.0,3388,3388
Pre-placodal ectoderm,Prechordal plate,4.250514506636211,-0.2570814579759085,-1.7226586350645825,0.020200285019631413,0.19,3388,38
Pre-placodal ectoderm,Presomitic mesoderm,5.889440837419198,-0.0910239434473669,-6.013363894163828,0.0001330245145108492,0.0,3388,9179
Pre-placodal ectoderm,Primordial germ cell,4.456452600634273,-0.28100107340310415,-3.8254062650591085,0.005218527081196862,0.01,3388,141
Pre-placodal ectoderm,Roof plate,6.045899689158332,0.25741859935303396,10.135001695400701,0.0018692615958267305,0.0,3388,1779
Pre-placodal ectoderm,Sclerotome,5.43299181429341,-0.3891046613328892,-22.62109402328453,0.010779618983712273,0.0,3388,8569
Pre-placodal ectoderm,Second heart field,5.6517334375413695,-0.09743914851522106,-5.222154869876571,0.0030021206960001373,0.0,3388,5333
Pre-placodal ectoderm,Somatic mesoderm,6.012116766038077,-0.007351911255214283,-0.3353672609383434,0.0014370555171377343,0.12,3388,17045
Pre-placodal ectoderm,Somatic motor neuron,4.682170562990585,-0.23828810197050565,-3.7942902055711003,0.08700143000146525,0.84,3388,134
Pre-placodal ectoderm,Spinal cord (cervical),5.720844224941987,-0.23657929190477103,-15.114822383727644,0.011978177271352435,0.0,3388,8692
Pre-placodal ectoderm,Spinal cord (lumbar),5.5896172917517335,-0.14728201301485613,-6.589224968970979,0.0007630299012367106,0.03,3388,3152
Pre-placodal ectoderm,Spinal cord (thoracic),5.758117366737859,-0.21760544342738233,-14.281864012953292,0.00515978870186508,0.0,3388,12419
Pre-placodal ectoderm,Spinal cord interneuron,4.90959822512482,-0.19988680980693582,-1.7139924777193525,0.021761551289600126,0.39,3388,144
Pre-placodal ectoderm,Splanchnic mesoderm,6.157922951206904,0.07942452147395211,5.53140543851773,0.0017403964170741343,0.0,3388,16934
Pre-placodal ectoderm,Surface ectoderm,7.005137577395182,1.4285413105090805,59.082036612483876,0.03012894355484973,0.0,3388,2549
Pre-placodal ectoderm,Telencephalon,6.028626242648031,0.1755977609725082,9.770176503697384,0.0038470854365960164,0.0,3388,9365
Pre-placodal ectoderm,Trigeminal placode,7.166322787180216,1.5500895170273823,56.68977454022099,0.04617144371397582,0.0,3388,1875
Pre-placodal ectoderm,Trigeminal sensory neuron,6.797426951059989,1.608049504806237,25.44407954808204,0.16099969330029415,0.0,3388,268
Pre-placodal ectoderm,Trunk neural crest,5.7360249343106515,0.2632283589896896,7.234392631021851,0.010487194277809146,0.0,3388,917
Pre-placodal ectoderm,Vagal neural crest,6.027988565194616,0.38719415637110305,14.211206842039081,0.001590662272183989,0.0,3388,1902
Prechordal plate,Prechordal plate,8.999999999585096,4.736951571734001e-15,4.7363626064133336e-05,5.090782375026263e-28,1.0,38,38
Prechordal plate,Presomitic mesoderm,4.633055902654659,-0.24215205111178792,-1.9524378880144704,0.04115856335990244,0.31,38,9179
Prechordal plate,Primordial germ cell,3.1838814093170735,-0.44345472363404803,-1.3863061259639917,0.8066494538857618,0.97,38,141
Prechordal plate,Roof plate,4.231139028045788,-0.44060442116312676,-2.894528418193154,0.07018841564127853,0.04,38,1779
Prechordal plate,Sclerotome,4.640534226594499,-0.06515732782390327,-0.6279580971079413,0.016568696148788958,0.51,38,8569
Prechordal plate,Second heart field,4.531422749062069,-0.10700833449801934,-0.7039189842003339,0.017440012924475997,0.88,38,5333
Prechordal plate,Somatic mesoderm,4.471721971953415,-0.4355229814143491,-2.942438575893963,0.050084089847567126,0.07,38,17045
Prechordal plate,Somatic motor neuron,4.151373541806222,0.30711179807227174,0.41438103728131487,0.36325967446243557,0.22,38,134
Prechordal plate,Spinal cord (cervical),4.671707592584569,-0.16750251775147382,-0.929298756876776,0.06564790061435048,0.42,38,8692
Prechordal plate,Spinal cord (lumbar),4.2622024673282795,-0.35628556231783765,-2.510092433594641,0.020704899439472027,0.18,38,3152
Prechordal plate,Spinal cord (thoracic),4.668761992384524,-0.18983965541452275,-1.149045632463112,0.050534137722932734,0.87,38,12419
Prechordal plate,Spinal cord interneuron,3.8652349543305555,-0.13056930152112858,-0.5413293874043736,0.17252719341913877,0.59,38,144
Prechordal plate,Splanchnic mesoderm,4.483827903333989,-0.47175404043760033,-3.5510501480687267,0.004638066215188069,0.01,38,16934
Prechordal plate,Surface ectoderm,4.3578193530202585,-0.1026313648449791,-0.6902702151809951,0.011848330153437933,0.95,38,2549
Prechordal plate,Telencephalon,4.429679086265824,-0.2966240344489129,-1.9312425952823702,0.033366754509575595,0.51,38,9365
Prechordal plate,Trigeminal placode,4.145545402639827,-0.35518348134234284,-2.1437956721380367,0.08397546146238469,0.31,38,1875
Prechordal plate,Trigeminal sensory neuron,3.8458390473571775,-0.208941426738102,-1.0513057638329613,0.06088917133340987,0.81,38,268
Prechordal plate,Trunk neural crest,3.9532760495023886,-0.3928653789952756,-2.3375554272303773,0.17110230826536893,0.94,38,917
Prechordal plate,Vagal neural crest,4.0594570386207005,-0.45495484139832465,-2.8673694829327143,0.046142158917383574,0.03,38,1902
Presomitic mesoderm,Presomitic mesoderm,8.999999999998808,-5.921189464667502e-15,-5.92020091891e-05,2.093110935186418e-28,1.0,9179,9179
Presomitic mesoderm,Primordial germ cell,4.492928702281978,-0.6083682294490815,-9.485888226880869,0.03770879577101013,0.0,9179,141
Presomitic mesoderm,Roof plate,6.3615469625575,0.21164644909663868,10.720393844939645,0.0031939279980834,0.0,9179,1779
Presomitic mesoderm,Sclerotome,6.154053446247274,-0.030107992134874806,-2.8414392048394905,0.0018561380429568267,0.14,9179,8569
Presomitic mesoderm,Second heart field,5.818613981922923,-0.29202926822994585,-22.962731738264253,0.0031270337789935797,0.0,9179,5333
Presomitic mesoderm,Somatic mesoderm,6.34731400390449,-0.03249640967432358,-3.298442035694311,0.005873802544225138,0.0,9179,17045
Presomitic mesoderm,Somatic motor neuron,5.450126361408574,0.16128906298959222,3.0000011462350744,0.01649926764861898,0.94,9179,134
Presomitic mesoderm,Spinal cord (cervical),6.596120930811686,0.28124661279309066,24.053783019608645,0.005536175561009804,0.0,9179,8692
Presomitic mesoderm,Spinal cord (lumbar),6.925433407367827,0.8301302076773789,47.48902420186514,0.04843136845040191,0.0,9179,3152
Presomitic mesoderm,Spinal cord (thoracic),6.9484638808306265,0.6117280460828907,57.138400541055155,0.01219093437521944,0.0,9179,12419
Presomitic mesoderm,Spinal cord interneuron,5.694168470677714,0.2266231428830269,2.818382591557484,0.01924803325668145,0.01,9179,144
Presomitic mesoderm,Splanchnic mesoderm,6.705600659843313,0.26795485154249626,28.768911025696465,0.0015943467618979162,0.0,9179,16934
Presomitic mesoderm,Surface ectoderm,5.765289827220137,-0.17189677659072564,-10.48051522491531,0.0032841589402333574,0.0,9179,2549
Presomitic mesoderm,Telencephalon,6.197083739392169,-0.01507620628262766,-1.3199759927204717,0.0019409186554978865,0.13,9179,9365
Presomitic mesoderm,Trigeminal placode,5.96208948902652,-0.015323899420920087,-0.8717879657491111,0.0008316481756842309,0.47,9179,1875
Presomitic mesoderm,Trigeminal sensory neuron,5.470700846440899,-0.07495522713738367,-1.464942841529395,0.00011970007872357216,0.38,9179,268
Presomitic mesoderm,Trunk neural crest,6.026821682046372,0.19298190044431282,7.4054967931389015,0.007215335570626901,0.1,9179,917
Presomitic mesoderm,Vagal neural crest,6.1639224203353296,0.16625950029215364,8.459458945216369,0.0027522882003140955,0.0,9179,1902
Primordial germ cell,Primordial germ cell,9.000000000129196,1.1842378929335002e-15,1.1841958218465536e-05,5.469435609532348e-29,1.0,141,141
Primordial germ cell,Roof plate,4.525122195061083,-0.38022971616408147,-5.0827073617512895,0.03299101286972246,0.0,141,1779
Primordial germ cell,Sclerotome,4.463396293882553,-0.48207563806477943,-7.353497851614176,0.004885607470722746,0.0,141,8569
Primordial germ cell,Second heart field,4.718853571379044,-0.145456128518085,-2.3813191070848987,0.012412019918571764,0.52,141,5333
Primordial germ cell,Somatic mesoderm,4.7949401516987535,-0.34063012470080406,-5.30614841397473,0.021600256572798966,0.02,141,17045
Primordial germ cell,Somatic motor neuron,4.097570629165147,0.05699519839400313,-1.2376042778901402,0.284684281264645,0.16,141,134
Primordial germ cell,Spinal cord (cervical),4.447138194988355,-0.6220750031596273,-9.344149299318717,0.019523792704036796,0.0,141,8692
Primordial germ cell,Spinal cord (lumbar),4.451235902500233,-0.3954170525228043,-5.1916077740275774,0.0023282243186112652,0.0,141,3152
Primordial germ cell,Spinal cord (thoracic),4.499322667906458,-0.5974285569380587,-9.642989574872535,0.026449532388998775,0.0,141,12419
Primordial germ cell,Spinal cord interneuron,3.9299363178021323,-0.3130417614806514,-2.768839782506152,0.027973202356033934,0.36,141,144
Primordial germ cell,Splanchnic mesoderm,4.865912649020006,-0.3301214885950001,-4.876882980494373,0.01974048706131878,0.02,141,16934
Primordial germ cell,Surface ectoderm,4.691750509383231,0.005431776326555078,-0.10795527552221247,0.010734011388231041,0.48,141,2549
Primordial germ cell,Telencephalon,4.393572824346081,-0.566042054457271,-8.12360515496304,0.03193478328932271,0.0,141,9365
Primordial germ cell,Trigeminal placode,4.399750436028939,-0.3363886291037548,-4.397233002864492,0.020143182006279823,0.05,141,1875
Primordial germ cell,Trigeminal sensory neuron,4.092278759063737,-0.21490231449052244,-2.052344866927887,0.044140113577808206,0.95,141,268
Primordial germ cell,Trunk neural crest,4.4599141690648345,-0.13412906060537733,-1.6215233823351116,0.0029782833243817168,0.33,141,917
Primordial germ cell,Vagal neural crest,4.397352827688732,-0.364721840696812,-4.525853285939863,0.0056646840361413014,0.0,141,1902
Roof plate,Roof plate,8.99999999992315,-1.3618735768735254e-14,-0.0001361668506644491,2.945080712825111e-29,1.0,1779,1779
Roof plate,Sclerotome,5.750175078774828,-0.24211750696084047,-12.806787991497004,0.006178560238646529,0.0,1779,8569
Roof plate,Second heart field,5.628181119773778,-0.2923534429260579,-14.387197799809853,0.004856949874617302,0.0,1779,5333
Roof plate,Somatic mesoderm,6.105787897179593,-0.08283208637043771,-4.130782782639118,0.0003022755128837,0.0,1779,17045
Roof plate,Somatic motor neuron,4.954181155854871,-0.10175019990848178,-2.2991374175073083,0.04489154165548838,0.76,1779,134
Roof plate,Spinal cord (cervical),6.709418836603075,0.5859500688254323,26.2046965761329,0.0094640247640209,0.0,1779,8692
Roof plate,Spinal cord (lumbar),6.189772472523734,0.2893473119884004,9.23897217700374,0.004765507822514134,0.0,1779,3152
Roof plate,Spinal cord (thoracic),6.705378131343917,0.561224028119128,28.08160267624156,0.008114586117835132,0.0,1779,12419
Roof plate,Spinal cord interneuron,5.589877466108329,0.29637690788399657,3.9169080145042403,0.00968504389836123,0.43,1779,144
Roof plate,Splanchnic mesoderm,6.24762708228078,0.0035085932962205155,0.16288069184346832,0.0005372067288329413,0.42,1779,16934
Roof plate,Surface ectoderm,5.740764500114142,-0.006664844613941234,-0.02473357998026926,0.0069764105241180855,0.52,1779,2549
Roof plate,Telencephalon,6.269137996016139,0.25029816190738163,12.483829289830675,0.0033678078485329483,0.0,1779,9365
Roof plate,Trigeminal placode,6.225874649817811,0.439051781928461,15.166014168156375,0.0008370410449773716,0.0,1779,1875
Roof plate,Trigeminal sensory neuron,5.626979073189728,0.2765296357631781,3.711007148006931,0.012585810631849511,0.0,1779,268
Roof plate,Trunk neural crest,6.6903313175980115,1.05091913125887,27.955610612373064,0.03175195056984519,0.0,1779,917
Roof plate,Vagal neural crest,7.032889444198708,1.224558703644699,44.38625859042094,0.08951358014657178,0.0,1779,1902
Sclerotome,Sclerotome,8.999999999969852,-1.0066022089934753e-14,-0.00010064307914498483,1.0833689765035227e-28,1.0,8569,8569
Sclerotome,Second heart field,5.951773148947718,-0.0015155926901900447,-0.1420599026256819,0.0065966891237306344,0.02,8569,5333
Sclerotome,Somatic mesoderm,6.319487090256931,0.09676762053890069,9.913214339491217,0.007539996580242572,0.9,8569,17045
Sclerotome,Somatic motor neuron,5.236873883071927,0.130271735251671,1.5730103978467584,0.0016628128574023428,0.79,8569,134
Sclerotome,Spinal cord (cervical),6.12883370212807,-0.03043735050456912,-2.7199017324117514,0.0020974458441278656,0.07,8569,8692
Sclerotome,Spinal cord (lumbar),5.958472813830698,0.01935799930296393,-0.12605207702737045,0.00313072550820136,0.51,8569,3152
Sclerotome,Spinal cord (thoracic),6.178206804438294,-4.328759728740768e-06,-0.04006398558391518,0.0018583339657705909,0.38,8569,12419
Sclerotome,Spinal cord interneuron,5.236663718258806,-0.08413118568286986,-1.3178773495301233,0.006180535929198535,0.85,8569,144
Sclerotome,Splanchnic mesoderm,6.192127503974039,-0.08879177608004045,-8.27055980090389,0.0018091171039353975,0.0,8569,16934
Sclerotome,Surface ectoderm,5.449354557358926,-0.3305194603520792,-18.985829395971727,0.0091337541040537,0.0,8569,2549
Sclerotome,Telencephalon,5.850323030466665,-0.20367607133526958,-18.001807722503088,0.0033364412584613724,0.0,8569,9365
Sclerotome,Trigeminal placode,5.467412183884748,-0.3517308466646962,-17.051043119155214,0.013591926173580194,0.0,8569,1875
Sclerotome,Trigeminal sensory neuron,5.210956019453243,-0.18724150316437882,-4.798762020728483,0.03687403686520228,0.84,8569,268
Sclerotome,Trunk neural crest,5.537656226708538,-0.13501766006271687,-5.714638484459982,0.015573300693684657,0.97,8569,917
Sclerotome,Vagal neural crest,5.580544118189896,-0.2603125144134477,-12.89767673479186,0.0069899814684669295,0.0,8569,1902
Second heart field,Second heart field,8.999999999965892,1.0066022089934753e-14,0.00010065001933884912,1.0518145402946822e-30,1.0,5333,5333
Second heart field,Somatic mesoderm,6.666519464367947,0.5166487457369602,41.794077499162825,0.003927435909639889,0.0,5333,17045
Second heart field,Somatic motor neuron,4.8999973166173385,-0.11868696837814656,-2.7135218572629825,0.04523869199864432,0.89,5333,134
Second heart field,Spinal cord (cervical),5.660771289425785,-0.423953398748021,-32.35298627281394,0.008171996316138932,0.0,5333,8692
Second heart field,Spinal cord (lumbar),5.585815093211697,-0.2805143836026674,-15.17280078867951,0.014123720612497954,0.0,5333,3152
Second heart field,Spinal cord (thoracic),5.733436822108099,-0.3711896260473842,-32.40823602431865,0.011721766607571524,0.0,5333,12419
Second heart field,Spinal cord interneuron,5.057497299384667,-0.19178566352549886,-2.432164216833229,0.01647440630385331,0.49,5333,144
Second heart field,Splanchnic mesoderm,6.5344281006839084,0.32746389078414345,27.733488538191068,0.005291511583416101,0.0,5333,16934
Second heart field,Surface ectoderm,5.711591514579573,0.005458127342053902,0.3413977444475962,0.0010805220095485432,0.87,5333,2549
Second heart field,Telencephalon,5.594132890102938,-0.38517490963284856,-29.235751768345192,0.005332853598089752,0.0,5333,9365
Second heart field,Trigeminal placode,5.635531901183797,-0.11191313397352125,-5.150681559064775,0.003979824107545315,0.0,5333,1875
Second heart field,Trigeminal sensory neuron,5.270751255770622,-0.047307972365978834,-0.6465878109823079,0.012213317135212523,0.39,5333,268
Second heart field,Trunk neural crest,5.430562452375763,-0.17022991958969177,-5.519835187483149,0.0017482014758954572,0.0,5333,917
Second heart field,Vagal neural crest,5.573923137018134,-0.19503707173637577,-9.01364666278352,0.0031333222158661466,0.0,5333,1902
Somatic mesoderm,Somatic mesoderm,9.000000000015529,-5.921189464667502e-15,-5.92005372987e-05,2.7241996593632273e-28,1.0,17045,17045
Somatic mesoderm,Somatic motor neuron,5.142374827171021,-0.16476268300820518,-3.9039147582189275,0.13096509055970912,0.53,17045,134
Somatic mesoderm,Spinal cord (cervical),6.014043653991994,-0.3403336995238731,-33.34233358913528,0.004142917913902065,0.0,17045,8692
Somatic mesoderm,Spinal cord (lumbar),6.018725011805006,-0.11102521598630943,-6.747362879044854,0.0018258156155016318,0.21,17045,3152
Somatic mesoderm,Spinal cord (thoracic),6.142268578586628,-0.2320223235954154,-25.513440319457715,0.0027587391201341223,0.0,17045,12419
Somatic mesoderm,Spinal cord interneuron,5.34644561788539,-0.16710681853911571,-2.2093576696903754,0.00019686907820144387,0.54,17045,144
Somatic mesoderm,Splanchnic mesoderm,7.665690507213481,1.1901516602122204,144.62717785421,0.01977468162541547,0.0,17045,16934
Somatic mesoderm,Surface ectoderm,6.032688911392121,0.0550121129863698,3.272539359093564,0.00016607115419782882,0.02,17045,2549
Somatic mesoderm,Telencephalon,5.920075653743908,-0.3296514437459894,-31.14738214900468,0.0031363151737467355,0.0,17045,9365
Somatic mesoderm,Trigeminal placode,5.991853847392487,-0.025925489971960758,-1.5179461443327955,0.004970658841592519,0.02,17045,1875
Somatic mesoderm,Trigeminal sensory neuron,5.605436615160148,0.025649698494511892,0.7141045713183677,0.003613532546301228,0.94,17045,268
Somatic mesoderm,Trunk neural crest,5.848387114877362,-0.022424028539917096,-0.7449748260755843,9.149405269814193e-05,0.64,17045,917
Somatic mesoderm,Vagal neural crest,6.022168641286476,-0.014583289191903622,-1.0219479706305235,0.0015481789588410381,0.49,17045,1902
Somatic motor neuron,Somatic motor neuron,9.000000000320542,-6.5133084111342514e-15,-6.512162124763334e-05,2.21932868002178e-28,1.0,134,134
Somatic motor neuron,Spinal cord (cervical),6.208749103816101,0.9442303602434073,10.761711338349796,0.06857611305161025,0.0,134,8692
Somatic motor neuron,Spinal cord (lumbar),5.326368971734515,0.282043139052381,3.8593801425779635,0.009839713492070142,0.72,134,3152
Somatic motor neuron,Spinal cord (thoracic),6.038871721158138,0.755330125430528,9.738525964803747,0.03171625202733693,0.21,134,12419
Somatic motor neuron,Spinal cord interneuron,4.544830297749967,0.12114161831264718,1.7497781764565143,0.040384599693197396,0.79,134,144
Somatic motor neuron,Splanchnic mesoderm,5.129380793078487,-0.24257761340091447,-4.068330037133533,0.09763222106213963,0.84,134,16934
Somatic motor neuron,Surface ectoderm,4.72061057364569,-0.15398465185922325,-3.192225164980817,0.1189558890472516,0.56,134,2549
Somatic motor neuron,Telencephalon,5.178999932401151,0.021970973454318237,-1.0718442107453174,0.07185130209038953,0.59,134,9365
Somatic motor neuron,Trigeminal placode,4.684703795010852,-0.2562913577159553,-3.8151181840316926,0.10293437503371691,0.89,134,1875
Somatic motor neuron,Trigeminal sensory neuron,4.060759200421557,-0.42609612553406445,-3.487776462559235,0.05760370087517482,0.16,134,268
Somatic motor neuron,Trunk neural crest,4.643397917025993,-0.14155298451374065,-2.65722255843847,0.09365987319547327,0.8,134,917
Somatic motor neuron,Vagal neural crest,4.769539401529012,-0.18759897251754185,-3.618904197709156,0.09703738017705205,0.7,134,1902
Spinal cord (cervical),Spinal cord (cervical),8.999999999999625,-1.1842378929335002e-15,-1.1841958218465536e-05,8.309334868327991e-29,1.0,8692,8692
Spinal cord (cervical),Spinal cord (lumbar),6.477141498731886,0.4089361501246014,23.377320354078165,0.016497675685243733,0.0,8692,3152
Spinal cord (cervical),Spinal cord (thoracic),7.2041781479699525,0.8934570444195113,82.20153530441665,0.019093357588025772,0.0,8692,12419
Spinal cord (cervical),Spinal cord interneuron,6.237848515832546,0.7945576961120789,10.748686580133603,0.0016083201948038893,0.0,8692,144
Spinal cord (cervical),Splanchnic mesoderm,6.095763906981716,-0.31723810920589113,-29.589401749404193,0.002587330093031842,0.0,8692,16934
Spinal cord (cervical),Surface ectoderm,5.575584571765568,-0.335931908629143,-17.4517617807415,0.010145261970991916,0.0,8692,2549
Spinal cord (cervical),Telencephalon,6.398446296752311,0.21353095236132832,17.132016843217713,0.0051367094596220285,0.0,8692,9365
Spinal cord (cervical),Trigeminal placode,5.820301380054789,-0.13387892194561543,-6.672864881497052,0.007967022988821772,0.02,8692,1875
Spinal cord (cervical),Trigeminal sensory neuron,5.370019501271604,-0.14843490503844503,-3.4528773244713715,0.02343868156619914,0.94,8692,268
Spinal cord (cervical),Trunk neural crest,6.196182252449373,0.3899837689733549,14.482263957177691,0.032374063436623676,0.0,8692,917
Spinal cord (cervical),Vagal neural crest,6.537246184977125,0.5641451553100557,28.594608771736535,0.0008355406279135587,0.0,8692,1902
Spinal cord (lumbar),Spinal cord (lumbar),9.000000000009116,-1.1842378929335004e-14,-0.00011839855082540112,1.809121009306854e-28,1.0,3152,3152
Spinal cord (lumbar),Spinal cord (thoracic),7.1861853600289,1.0983873779117506,64.35411141836789,0.015788950958319035,0.0,3152,12419
Spinal cord (lumbar),Spinal cord interneuron,5.412076576692459,0.1800348233383818,2.504176837771366,0.004967169938897801,0.69,3152,144
Spinal cord (lumbar),Splanchnic mesoderm,6.157468143217929,-0.036356021847871865,-2.812704940975374,0.0009587134774753759,0.95,3152,16934
Spinal cord (lumbar),Surface ectoderm,5.465704233615614,-0.2208108600055724,-9.009584429415527,0.004930763704330622,0.0,3152,2549
Spinal cord (lumbar),Telencephalon,6.025463487546701,0.05925667028212415,2.1825267453891715,0.0045164250281366815,0.26,3152,9365
Spinal cord (lumbar),Trigeminal placode,5.648550067294838,-0.08546556951018817,-3.4457168075160802,0.0008723851406073073,0.42,3152,1875
Spinal cord (lumbar),Trigeminal sensory neuron,5.342148092253308,0.038779487721042706,-0.4222041162265162,0.03941931231739018,0.12,3152,268
Spinal cord (lumbar),Trunk neural crest,5.813420281553856,0.23307575952316087,8.585775005964724,0.05017416427783267,0.84,3152,917
Spinal cord (lumbar),Vagal neural crest,5.924475533790847,0.1771197026411976,6.2401684357791005,0.004311136657083147,0.0,3152,1902
Spinal cord (thoracic),Spinal cord (thoracic),9.000000000039435,-4.736951571734001e-15,-4.736278506073333e-05,2.21932868002178e-28,1.0,12419,12419
Spinal cord (thoracic),Spinal cord interneuron,5.905719902064114,0.43366927005785233,5.288069806662816,0.012206280759462677,0.02,12419,144
Spinal cord (thoracic),Splanchnic mesoderm,6.242855856817552,-0.18798215573164878,-21.613717479080083,0.0007531663609573671,0.0,12419,16934
Spinal cord (thoracic),Surface ectoderm,5.629245620828684,-0.3030806579974395,-15.720870388621284,0.008863409810817596,0.0,12419,2549
Spinal cord (thoracic),Telencephalon,6.2871212223579676,0.07968294346247055,7.781852616199224,0.006419673090239817,0.99,12419,9365
Spinal cord (thoracic),Trigeminal placode,5.865265227198762,-0.10615894647471968,-5.412705996296318,0.0051136686807529965,0.14,12419,1875
Spinal cord (thoracic),Trigeminal sensory neuron,5.483436963155127,-0.06161495418282422,-2.1208220521575103,0.024513370492643398,0.55,12419,268
Spinal cord (thoracic),Trunk neural crest,6.481479339750341,0.6527452208571335,24.639276660399236,0.07565554895209292,0.0,12419,917
Spinal cord (thoracic),Vagal neural crest,6.252689752765047,0.2576272028360214,13.610037830201314,0.010940748253978075,0.0,12419,1902
Spinal cord interneuron,Spinal cord interneuron,9.000000000108123,-1.7171449447535753e-14,-0.00017168284097543332,3.2606250749135156e-29,1.0,144,144
Spinal cord interneuron,Splanchnic mesoderm,5.346970134926039,-0.22187693718643833,-2.4872606292427,0.007151392309632805,0.12,144,16934
Spinal cord interneuron,Surface ectoderm,4.857495042179075,-0.22077188770904024,-2.493708255966297,0.017525627632147066,0.37,144,2549
Spinal cord interneuron,Telencephalon,5.517251451746755,0.17349889974089874,2.0341928038184247,0.0003322614734846918,0.54,144,9365
Spinal cord interneuron,Trigeminal placode,4.988138542521213,-0.13142418913002274,-1.2560853689006264,0.0043868233097174745,0.5,144,1875
Spinal cord interneuron,Trigeminal sensory neuron,4.467272557110671,-0.19866299770411086,-1.2581552134173566,0.05489185481541784,0.86,144,268
Spinal cord interneuron,Trunk neural crest,4.952549027602896,-0.011793288352677381,0.6265104031842788,0.044550559918793114,0.3,144,917
Spinal cord interneuron,Vagal neural crest,5.289837466593215,0.16232296807919422,2.9006164295649213,0.08534012041589743,0.63,144,1902
Splanchnic mesoderm,Splanchnic mesoderm,8.99999999999791,1.1250259982868252e-14,0.00011248524771514851,7.047157419974373e-29,1.0,16934,16934
Splanchnic mesoderm,Surface ectoderm,6.144063776382931,0.1110708545357113,6.096537750450653,0.0006329163285946466,0.0,16934,2549
Splanchnic mesoderm,Telencephalon,6.003173971829625,-0.30486594362002783,-30.37684543975106,0.0014169883582007322,0.0,16934,9365
Splanchnic mesoderm,Trigeminal placode,6.119165761579967,0.04331942590194071,1.8843931710393622,0.007691988463393857,0.47,16934,1875
Splanchnic mesoderm,Trigeminal sensory neuron,5.706300859251177,0.06934632789232076,1.5473008956111547,0.002869944120327888,0.79,16934,268
Splanchnic mesoderm,Trunk neural crest,6.00399613425724,0.07760852089932513,2.9367399568662846,0.0033817190830739263,0.4,16934,917
Splanchnic mesoderm,Vagal neural crest,6.179488023363734,0.08245384498292374,4.108152943694537,0.00803402208359892,0.75,16934,1902
Surface ectoderm,Surface ectoderm,8.999999999998405,1.4210854715202004e-14,0.00014208688323591578,2.208810534618833e-29,1.0,2549,2549
Surface ectoderm,Telencephalon,5.681984590390319,-0.1271159568854833,-6.030556166282644,0.01459746782331877,0.52,2549,9365
Surface ectoderm,Trigeminal placode,6.4011699319061615,0.8273953084932669,29.665050064688632,0.01679774140674912,0.0,2549,1875
Surface ectoderm,Trigeminal sensory neuron,6.261582186681053,1.119958367156041,20.093873935737353,0.05946429002085265,0.0,2549,268
Surface ectoderm,Trunk neural crest,5.486368898065524,0.05816737733143936,1.611536798527277,0.0016698916363445512,0.49,2549,917
Surface ectoderm,Vagal neural crest,5.754044763378464,0.1566768097644283,6.023263510768935,0.0009789873702818156,0.0,2549,1902
Telencephalon,Telencephalon,9.000000000112216,-1.1842378929335004e-14,-0.00011840780410347451,2.945080712825111e-29,1.0,9365,9365
Telencephalon,Trigeminal placode,6.0884561962885675,0.24086673407707634,11.83459164663524,0.010103529498653526,0.0,9365,1875
Telencephalon,Trigeminal sensory neuron,5.503454001071496,0.08459834344757529,0.4064700436180186,0.03897124430345648,0.93,9365,268
Telencephalon,Trunk neural crest,5.820745312812612,0.11698130252810864,3.620907127426735,0.0007141888552141275,0.17,9365,917
Telencephalon,Vagal neural crest,6.061839849659964,0.19099121074241174,9.020641812854798,0.002069251233416902,0.0,9365,1902
Trigeminal placode,Trigeminal placode,8.99999999995134,-1.1842378929335002e-15,-1.1843640673407846e-05,1.8091210093068538e-28,1.0,1875,1875
Trigeminal placode,Trigeminal sensory neuron,6.231733277366441,1.0460938399612287,17.732260560392373,0.12304925052733626,0.0,1875,268
Trigeminal placode,Trunk neural crest,5.789282188350164,0.32018277180342203,8.074045767724753,0.006011557198634573,0.0,1875,917
Trigeminal placode,Vagal neural crest,6.097953935645308,0.4602655766008749,15.643075079736668,0.0001393765808730474,0.0,1875,1902
Trigeminal sensory neuron,Trigeminal sensory neuron,9.00000000005401,7.105427357601002e-15,7.103744875733334e-05,4.922492048579114e-28,1.0,268,268
Trigeminal sensory neuron,Trunk neural crest,5.122786279962558,0.08559239678951573,1.9274209293230287,0.021863981208037966,0.58,268,917
Trigeminal sensory neuron,Vagal neural crest,5.317320381505454,0.11041050815819602,2.238845940208592,0.006819326472743312,0.53,268,1902
Trunk neural crest,Trunk neural crest,9.000000000055863,1.4210854715202004e-14,0.00014208393955604116,6.626431603856499e-29,1.0,917,917
Trunk neural crest,Vagal neural crest,6.629279693832931,1.1399339420312755,28.150921916038968,0.08232903607135082,0.0,917,1902
Vagal neural crest,Vagal neural crest,8.999999999928846,-1.1250259982868252e-14,-0.0001124862994736094,5.469435609532348e-29,1.0,1902,1902
