source,target,value,norm_value,z_score,norm_value_var,p_value,source_n,target_n
Allantoic endothelial progenitor,Allantoic endothelial progenitor,8.999999999894248,-1.0658141036401503e-14,-0.00010656353298013094,9.781875224740546e-29,1.0,2031,2031
Allantoic endothelial progenitor,Allantois,7.223031503072846,1.3882454496023955,68.24985161929295,0.03989806036308397,0.0,2031,9637
Allantoic endothelial progenitor,Amniotic ectoderm,6.044497135306391,0.5799182355538438,21.65084463295779,0.03229805372678626,0.0,2031,1899
Allantoic endothelial progenitor,Anterior mesoderm,5.354180831953607,-0.030306624618965532,-0.39904983045801706,0.0025022267422233854,0.49,2031,343
Allantoic endothelial progenitor,Arterial endothelial cell,5.968128330931212,0.5007207920338533,12.898668283021474,0.028299703477403935,0.0,2031,574
Allantoic endothelial progenitor,Atria,5.749801153679318,0.24874400332943125,7.891914062260434,0.006419255733435722,0.0,2031,908
Allantoic endothelial progenitor,Atrioventricular canal,5.423728693308104,0.06929665332936145,1.7234283931611583,0.003973920934339241,0.94,2031,391
Allantoic endothelial progenitor,Axial progenitor,5.525046223122309,-0.3293401719090833,-13.286026548076014,0.008308237773819761,0.0,2031,2321
Allantoic endothelial progenitor,Cranial neural crest (anterior),5.624520744243534,-0.12193250197064298,-6.353671151246456,0.04122666325101005,0.01,2031,3419
Allantoic endothelial progenitor,Cranial neural crest (posterior),5.5445034720346555,-0.0734582884299974,-3.1565560072448444,0.028482631563218546,0.01,2031,2121
Allantoic endothelial progenitor,Dermomyotome,5.59792996269568,-0.3661906734398122,-19.21550813508327,0.002855533818037578,0.0,2031,11171
Allantoic endothelial progenitor,Diencephalon,5.338939634666873,-0.39895392648766165,-14.893160281508079,0.0028960940753238384,0.0,2031,2914
Allantoic endothelial progenitor,Dl2-6 interneuron,4.6386837462557935,-0.11393138384764656,-0.3406866138500788,0.023926370599081138,0.86,2031,49
Allantoic endothelial progenitor,Endocardial cell,5.321171082279044,-0.06059744934095986,-1.4947552264528872,0.004051828606704161,0.99,2031,367
Allantoic endothelial progenitor,Endothelial cell,5.8518542224526735,0.10167999202735167,3.4555151658724292,0.004784699586345724,0.29,2031,1344
Allantoic endothelial progenitor,Endothelial progenitor,6.318757947195881,0.3250513770875439,15.758615506230866,0.006372601865855274,0.0,2031,4455
Allantoic endothelial progenitor,Epibranchial placode,5.872288415141451,0.32175269905389065,12.198962297650874,0.005696893849713205,0.0,2031,2681
Allantoic endothelial progenitor,Epibranchial sensory neuron,5.220788082735898,0.23279483485078303,2.8180104225403606,0.03663694208952978,0.95,2031,124
Allantoic endothelial progenitor,Epicardium,5.029839237551724,0.08106715094468875,0.9637283085402416,0.0016078867220130123,0.67,2031,179
Allantoic endothelial progenitor,Epidermal progenitor (anterior),5.1906473012161,0.257726457783171,3.6522384248444753,0.05016396321556316,1.0,2031,157
Allantoic endothelial progenitor,Epidermal progenitor (posterior),6.1903972893261665,0.4762352911835599,22.165284437239553,0.012611239893971483,0.0,2031,6469
Allantoic endothelial progenitor,Extraembryonic mesoderm,5.65386253945957,0.10800572550398169,5.727080368607509,0.018669461620134623,0.56,2031,4702
Allantoic endothelial progenitor,Eye field,5.321352466880207,-0.37996626097919367,-13.650021809200787,0.0066503454437030485,0.0,2031,2922
Allantoic endothelial progenitor,Facial branchiomotor neuron,4.255392078046565,-0.5086936450487065,-4.363411600942749,0.004549994737327057,0.0,953,43
Allantoic endothelial progenitor,Floor plate (anterior),5.078946530725644,-0.4240310155039359,-14.525580020246432,0.005450007887380686,0.0,2031,1537
Allantoic endothelial progenitor,Floor plate (posterior),5.105036484026814,-0.40875518292063795,-13.781646838153103,0.0005157358480040019,0.0,2031,1929
Allantoic endothelial progenitor,Foregut,4.875666220945686,-0.31318569862294127,-10.025767508460481,0.011380473810062321,0.0,2031,977
Allantoic endothelial progenitor,Frontonasal mesenchyme,5.632960148230478,-0.07730855276363051,-3.4128732234615207,0.024762072682913226,0.0,2031,4202
Allantoic endothelial progenitor,Head paraxial mesoderm,5.518723253754565,-0.21262625534914145,-11.67064392490998,9.603420001407932e-05,0.0,2031,10089
Allantoic endothelial progenitor,Hemogenic endothelium,5.900823864931791,0.9400257977567588,8.27670076368958,0.07187535473406981,0.0,2031,73
Allantoic endothelial progenitor,Hindbrain (isthmic organizer),5.372988922266058,-0.42547237818813005,-15.847010365503072,0.005389284588062223,0.0,2031,2376
Allantoic endothelial progenitor,Hindbrain (r1),5.47233040028497,-0.41572309134808805,-21.539447412327622,0.008512497541892304,0.0,2031,6335
Allantoic endothelial progenitor,Hindbrain (r2-r4),5.518750899198776,-0.4278430804868452,-21.30369858185792,0.010170095805630074,0.0,2031,7748
Allantoic endothelial progenitor,Hindbrain (r5-r8),5.5014310588713755,-0.4584885481096646,-20.361712928710787,0.007147182206986396,0.0,2031,5781
Allantoic endothelial progenitor,Hindgut,4.917821196852281,-0.32794113882543324,-10.746082533629794,0.013882811005154143,0.0,2031,1110
Allantoic endothelial progenitor,Hypaxial myogenic progenitor,4.739285845359074,0.22129711286709552,0.7162871254466991,0.07303261979438523,0.72,953,23
Allantoic endothelial progenitor,Hypothalamus,5.212561161041304,-0.44094850984884104,-15.721333789841589,0.008688832013776803,0.0,2031,2956
Allantoic endothelial progenitor,Inflow tract,5.758228174887493,0.173528675503257,5.881573002889034,0.0014552488481763238,0.0,2031,1444
Allantoic endothelial progenitor,Intermediate mesoderm (nephrogenic),5.575449471820529,-0.24295799490188763,-9.048547066419243,0.0010850613857722752,0.0,2031,2580
Allantoic endothelial progenitor,Juxtacardiac field,5.373450365754266,-0.10999675861910656,-2.931318217078736,0.008969529633485926,0.7,2031,965
Allantoic endothelial progenitor,Left ventricle,5.310441455872994,-0.2015341447132739,-6.750808858353384,0.00022243419332703215,0.0,2031,1359
Allantoic endothelial progenitor,Megakaryocyte,4.727068551068527,-0.0325276838165364,-0.567120784702107,0.034866654522406275,0.31,2031,58
Allantoic endothelial progenitor,Midbrain,5.4028288067801915,-0.4506462029655823,-20.154194440912338,0.008513700890981538,0.0,2031,7099
Allantoic endothelial progenitor,Midbrain neuron,5.133430111732424,-0.208006463318835,-3.3247629868041155,0.014224210162485956,0.09,2031,353
Allantoic endothelial progenitor,Midgut,4.986804111613501,-0.3085689161215874,-11.511131002895445,0.006828664297311217,0.0,2031,2242
Allantoic endothelial progenitor,Myotome,4.546775055310591,-0.23149053149285947,-1.580246243698559,0.04092121572021885,0.92,2031,65
Allantoic endothelial progenitor,Nascent somite,5.461246348039842,-0.2855311612328138,-11.583640102310254,0.020042487735403423,0.0,2031,2502
Allantoic endothelial progenitor,Notochord,5.0540975371807875,-0.2617702027393068,-7.431579370552984,0.002280506183143747,0.0,2031,749
Allantoic endothelial progenitor,Olfactory placode,5.69649581005556,0.1563812287740287,4.500124354310811,0.012501822555852296,0.32,2031,1680
Allantoic endothelial progenitor,Otic placode,5.735685524224375,0.20422278481768932,5.852258549752218,0.052028857789526456,0.11,2031,1357
Allantoic endothelial progenitor,Outflow tract,5.345345337826743,-0.11452098944680007,-2.8505217498208286,0.0004195219566291489,0.01,2031,586
Allantoic endothelial progenitor,Periocular mesoderm,4.932648097656545,-0.26910402348938306,-6.650999261349486,0.010225003677433477,0.0,2031,798
Allantoic endothelial progenitor,Pharyngeal arch mesenchyme,5.66009986506396,-0.050508906276650535,-2.15474567640957,0.02213167030042336,0.07,2031,4598
Allantoic endothelial progenitor,Pharyngeal endoderm,5.135992589213334,-0.27075695013059775,-10.889537253381057,0.013255979903360571,0.0,2031,2292
Allantoic endothelial progenitor,Pharyngeal mesoderm,5.531114001020453,-0.14675320716595497,-6.0875514882168185,0.0011685702208510875,0.0,2031,2901
Allantoic endothelial progenitor,Pre-placodal ectoderm,5.940410152850909,0.3106239092580066,11.925478637279364,0.008339307599846496,0.0,2031,3388
Allantoic endothelial progenitor,Prechordal plate,4.341904480825507,-0.1710089659547124,-1.0790243951403602,0.03159548459732869,0.83,2031,38
Allantoic endothelial progenitor,Presomitic mesoderm,5.686838083464557,-0.3054846725490255,-16.472334813463082,0.009056415607421646,0.0,2031,9179
Allantoic endothelial progenitor,Primordial germ cell,4.842913183154948,0.09161926862918612,1.4100136587760066,0.016889051131846237,0.58,2031,141
Allantoic endothelial progenitor,Respiratory progenitor,4.979920894837524,-0.25415600012199197,-6.264383627274978,0.0037139031523733992,0.0,2031,531
Allantoic endothelial progenitor,Right ventricle,5.469821704997643,-0.05508436069084066,-1.6036492178048647,0.00036854685840747746,0.25,2031,991
Allantoic endothelial progenitor,Roof plate (anterior),5.3183656850881516,-0.0730577124260489,-0.46454660913925716,0.04397385656220898,0.98,2031,384
Allantoic endothelial progenitor,Roof plate (posterior),5.5407057765485135,-0.20895816413594806,-6.511056454051382,0.000608604361618832,0.0,2031,1395
Allantoic endothelial progenitor,Sclerotome,5.47545386226594,-0.36005908007091314,-18.080157584642674,0.0023219030398144913,0.0,2031,8569
Allantoic endothelial progenitor,Second heart field (anterior),5.487479598502456,0.1205974718675753,2.5063387792993246,0.00459655296084184,0.33,2031,420
Allantoic endothelial progenitor,Second heart field (posterior),5.672055635579134,0.1147212020932405,3.384208867147798,0.003562603249129108,0.2,2031,984
Allantoic endothelial progenitor,Somatic mesoderm,6.4608255581921945,0.4366105037200609,22.94260797989833,0.030048999827839356,0.0,2031,16744
Allantoic endothelial progenitor,Somatic mesoderm (anterior),5.3198354434109865,-0.030511352337911173,-0.47193778704840755,0.005433026977971548,0.77,2031,274
Allantoic endothelial progenitor,Somatic mesoderm (tailbud),4.4903601210856445,-0.10996346649047577,-0.6740835264832921,0.047375464979345354,0.6,2031,23
Allantoic endothelial progenitor,Somatic motor neuron,4.740977068729663,-0.19079526826160512,-3.493685490653417,0.10497526115889287,0.76,2031,134
Allantoic endothelial progenitor,Spinal cord (cervical),5.500291009678982,-0.46678195963098484,-24.547625227413416,0.007894496180425497,0.0,2031,8692
Allantoic endothelial progenitor,Spinal cord (lumbar),5.4173790676429086,-0.3281521218495911,-9.9227645299837,0.002521712695091616,0.0,2031,3152
Allantoic endothelial progenitor,Spinal cord (thoracic),5.580652958006946,-0.4039829011220594,-21.507472215209187,0.007430806007648631,0.0,2031,12419
Allantoic endothelial progenitor,Spinal cord interneuron progenitor,4.70459510523228,-0.17553165938110205,-1.59967250869758,0.011980565660350833,0.58,2031,65
Allantoic endothelial progenitor,Splanchnic mesoderm,6.528546970694432,0.4579413375682971,25.85609271415889,0.01114120750015686,0.0,2031,15340
Allantoic endothelial progenitor,Splanchnic mesoderm (cardiopulmonary),5.646690693428823,0.17206478705980763,4.797734751553957,0.008626011470753345,0.1,2031,893
Allantoic endothelial progenitor,Splanchnic mesoderm (septum transversum),5.708276959448123,0.2161138955912166,5.561809535204262,0.007153054847258326,0.0,2031,701
Allantoic endothelial progenitor,Surface ectoderm (anterior),5.976277955492925,0.4203547745823532,15.49263351478799,0.00048721208608767453,0.0,2031,2325
Allantoic endothelial progenitor,Surface ectoderm (posterior),5.758263186242286,0.509058221714481,8.339520597686883,0.023996079019784206,0.0,2031,224
Allantoic endothelial progenitor,Telencephalon (dorsal),5.514686775288976,-0.3467357270847436,-16.378130228745164,0.008672045636076896,0.0,2031,9362
Allantoic endothelial progenitor,Trigeminal branchiomotor neuron,4.036100364453275,-0.41463923616650966,-1.822829927810026,0.03927430864678949,0.19,2031,27
Allantoic endothelial progenitor,Trigeminal placode,5.843531814015705,0.217873634683681,7.027434176961944,0.042407074777627354,0.47,2031,1875
Allantoic endothelial progenitor,Trigeminal sensory neuron,5.46560509656154,0.26915876491974294,4.467970993576924,0.029870714750590818,0.07,2031,268
Allantoic endothelial progenitor,Trunk neural crest,5.367315591501124,-0.10987743804507843,-2.4443082852888476,0.005723211244876328,0.53,2031,917
Allantoic endothelial progenitor,Vagal neural crest,5.589098448522712,-0.05830530667101078,-1.997397237067708,0.0010098557559496083,0.35,2031,1902
Allantoic endothelial progenitor,Visceral motor neuron,4.766985339063496,-0.2188663502171432,-3.0726544118720667,0.02217347858367087,0.92,2031,140
Allantoic endothelial progenitor,Yolk sac endothelial cell,5.146387742263742,0.23749108138808328,2.127841772846602,0.0033296435355727825,0.09,2031,60
Allantois,Allantois,8.999999999985432,1.0066022089934753e-14,0.00010064539293517338,7.047157419974373e-29,1.0,9637,9637
Allantois,Amniotic ectoderm,6.260405454724158,0.599392797504095,29.680685003763617,0.03532377332540951,0.0,9637,1899
Allantois,Anterior mesoderm,5.495555878116373,-0.07967166290567403,-1.74559146461885,0.0014553278147043075,0.43,9637,343
Allantois,Arterial endothelial cell,6.046476129007793,0.38570195484501263,10.448812485606433,0.03633390213255163,0.0,9637,574
Allantois,Atria,5.908939519801577,0.21575630575770077,7.765642869165632,0.003406375555555916,0.0,9637,908
Allantois,Atrioventricular canal,5.519718102418018,-0.031527739002576695,-0.6378574666644824,0.0010525583154262755,0.89,9637,391
Allantois,Axial progenitor,5.843199788118496,-0.20490260338513533,-11.07093257791881,0.02080155797799868,0.0,9637,2321
Allantois,Cranial neural crest (anterior),5.8508986291872676,-0.09054455234311624,-6.7910485263561675,0.0222354956406358,0.0,9637,3419
Allantois,Cranial neural crest (posterior),5.790198943203283,-0.023925496678872744,-0.8466102133473821,0.013906907535845107,0.95,9637,2121
Allantois,Dermomyotome,5.772730524419107,-0.3892187263050175,-35.60379830192269,0.006676525924841489,0.0,9637,11171
Allantois,Diencephalon,5.4995668155100965,-0.4359462750509353,-27.755856038010677,0.002534996482020846,0.0,9637,2914
Allantois,Dl2-6 interneuron,4.765156194752834,-0.14528436797992406,-0.8103445479725582,0.008429893009943273,0.62,9637,49
Allantois,Endocardial cell,5.439415751968595,-0.12592773487655595,-2.9591008136498513,0.0035506778758358213,0.1,9637,367
Allantois,Endothelial cell,5.970608932312384,0.021210502983957547,0.8518642155920895,0.0047213485462782225,0.57,9637,1344
Allantois,Endothelial progenitor,6.556459028717342,0.3663418727906607,23.79006850049854,0.010560126764884839,0.0,9637,4455
Allantois,Epibranchial placode,6.181337739074209,0.43446336744691355,23.997676367002057,0.005723248897759552,0.0,9637,2681
Allantois,Epibranchial sensory neuron,5.468669638957041,0.29691830564224614,3.996200177106727,0.018491811262562968,0.34,9637,124
Allantois,Epicardium,5.137939862832831,-0.014489223246190916,-0.4793341640552435,0.002633834283711466,0.85,9637,179
Allantois,Epidermal progenitor (anterior),5.397271715038831,0.2679925281456965,5.499953790124819,0.1355575616133285,0.59,9637,157
Allantois,Epidermal progenitor (posterior),6.532639977265855,0.6238742524677408,47.770344893603614,0.02519523097251586,0.0,9637,6469
Allantois,Extraembryonic mesoderm,5.890062437562677,0.14761777655029107,10.899331109726276,0.023981881760850768,0.3,9637,4702
Allantois,Eye field,5.496308673233661,-0.3973858721510437,-20.21276106952732,0.0044445493610297425,0.0,9637,2922
Allantois,Facial branchiomotor neuron,4.526531213316881,-0.4536576709991138,-4.318585836368144,0.035967739021541614,0.0,6356,43
Allantois,Floor plate (anterior),5.190361236931427,-0.50675431546399,-21.88372408841491,0.004048677617819617,0.0,9637,1537
Allantois,Floor plate (posterior),5.223860623411586,-0.4842813559989339,-24.71635175473836,0.0009964559131817922,0.0,9637,1929
Allantois,Foregut,5.026002650382188,-0.3529168408888526,-13.526032597585933,0.007134783907680784,0.0,9637,977
Allantois,Frontonasal mesenchyme,5.884798255337653,-0.021916410105914608,-0.9454716818342135,0.014867167825861718,0.01,9637,4202
Allantois,Head paraxial mesoderm,5.6546141745375635,-0.27399860487043054,-22.391925127496805,0.00012312396617716363,0.0,9637,10089
Allantois,Hemogenic endothelium,5.984419238251281,0.8247149296042174,8.762454375803951,0.05170235025554297,0.0,9637,73
Allantois,Hindbrain (isthmic organizer),5.5367439258842905,-0.45864127302425867,-25.439560815399727,0.001899854587292013,0.0,9637,2376
Allantois,Hindbrain (r1),5.630612172849212,-0.45285679222398567,-33.07930376317643,0.009746712863127043,0.0,9637,6335
Allantois,Hindbrain (r2-r4),5.689694061010719,-0.45399003496770085,-33.87765421193189,0.008163770842878339,0.0,9637,7748
Allantois,Hindbrain (r5-r8),5.7050389165221125,-0.450925635193084,-33.37209627770404,0.003299124164569246,0.0,9637,5781
Allantois,Hindgut,5.080155791643867,-0.3643558768688135,-13.781117865448772,0.018987158063065467,0.0,9637,1110
Allantois,Hypaxial myogenic progenitor,4.819416530244023,0.08715905561175674,0.3848517952219584,0.006596966328950429,0.75,6356,23
Allantois,Hypothalamus,5.351760681601056,-0.49667800304899085,-27.889466692021074,0.004889425314888578,0.0,9637,2956
Allantois,Inflow tract,5.881727909671953,0.10296758689861966,4.626963583705078,0.004781396355311084,0.07,9637,1444
Allantois,Intermediate mesoderm (nephrogenic),5.855386470084059,-0.15804150514643064,-8.01385683881429,0.010256977448682942,0.0,9637,2580
Allantois,Juxtacardiac field,5.568525923545528,-0.11231848094976578,-4.062064386958623,0.007233858349390456,0.08,9637,965
Allantois,Left ventricle,5.4527086174635855,-0.25690344437784,-11.070523471075804,0.001406375971413671,0.0,9637,1359
Allantois,Megakaryocyte,4.999126527998502,0.05910301324834973,0.4585887720141182,0.06144980043176415,0.34,9637,58
Allantois,Midbrain,5.57384759673603,-0.4759958311429792,-37.07779853322884,0.006965764068769286,0.0,9637,7099
Allantois,Midbrain neuron,5.3150818488750415,-0.21616711478337347,-5.257348756789256,0.011175053273604874,0.08,9637,353
Allantois,Midgut,5.110392384763322,-0.3805197051379512,-19.608034101603476,0.014612150232234531,0.0,9637,2242
Allantois,Myotome,4.748196598943825,-0.21966565430943033,-1.9295541979920239,0.00909917667922507,0.26,9637,65
Allantois,Nascent somite,5.665733465649601,-0.27767658174891174,-14.766082307843211,0.03925890460456496,0.0,9637,2502
Allantois,Notochord,5.144972071478231,-0.36457190349318847,-11.420520440098189,0.0012484191861766034,0.0,9637,749
Allantois,Olfactory placode,5.946921269561842,0.21236186404549162,9.886809780676694,0.041002773988477584,0.0,9637,1680
Allantois,Otic placode,6.003207834902046,0.2726755424598795,10.979952092892212,0.03072863217494357,0.0,9637,1357
Allantois,Outflow tract,5.538248016167279,-0.11466445090328185,-3.429584387819121,0.002761803344382092,0.01,9637,586
Allantois,Periocular mesoderm,5.06355941207613,-0.33732912358624006,-11.88211008057264,0.003962608390318738,0.0,9637,798
Allantois,Pharyngeal arch mesenchyme,5.91043452762849,0.002570710782161534,1.2424358810425546,0.023393830692588668,0.0,9637,4598
Allantois,Pharyngeal endoderm,5.280403871393106,-0.3226608026118196,-17.26126575406552,0.005228425938494384,0.0,9637,2292
Allantois,Pharyngeal mesoderm,5.705762062265538,-0.16840687958595138,-10.235779133637198,0.0024857420892428106,0.0,9637,2901
Allantois,Pre-placodal ectoderm,6.141322366186952,0.3162242033671691,18.478987204740243,0.026656555101470983,0.0,9637,3388
Allantois,Prechordal plate,4.467912922875988,-0.22809622277517785,-1.3193609703773326,0.06769625695537829,0.99,9637,38
Allantois,Presomitic mesoderm,6.0451903099427255,-0.14163963723464512,-12.687037305001615,0.02516842968388741,0.0,9637,9179
Allantois,Primordial germ cell,5.097812311763334,0.1538106046356944,2.3136248814294604,0.006633678969869521,0.14,9637,141
Allantois,Respiratory progenitor,5.095573599088037,-0.3333800352374909,-8.814128876107924,0.008270900603794564,0.0,9637,531
Allantois,Right ventricle,5.637403549920684,-0.08352984639670276,-3.396758863869051,0.0004771599119640292,0.01,9637,991
Allantois,Roof plate (anterior),5.525075657134352,-0.06514363336285782,-0.46069239788139565,0.032234219039640716,0.83,9637,384
Allantois,Roof plate (posterior),5.876608450959914,-0.070105216200765,-2.954508517011078,0.00036111254048709006,0.02,9637,1395
Allantois,Sclerotome,5.638292843041627,-0.39063018401219995,-31.28653743473919,0.0014600487993530035,0.0,9637,8569
Allantois,Second heart field (anterior),5.629530449382821,0.06104830866007808,1.5840150841427858,0.0007977829291016747,0.31,9637,420
Allantois,Second heart field (posterior),5.873720887773792,0.1225795201016231,4.3547371167385505,0.013450269150389174,0.76,9637,984
Allantois,Somatic mesoderm,6.6816716547518675,0.46109374985434687,45.1214962465885,0.04750769349526767,0.0,9637,16744
Allantois,Somatic mesoderm (anterior),5.518697636609391,-0.02439500190487583,-0.7392584752224294,0.027714051535299655,0.4,9637,274
Allantois,Somatic mesoderm (tailbud),4.769974884248349,-0.019004043541841337,-0.12875213479537506,0.007132212919426725,0.72,9637,23
Allantois,Somatic motor neuron,4.894199529932565,-0.2413178764523313,-4.035945164172127,0.05039445322165089,0.97,9637,134
Allantois,Spinal cord (cervical),5.708365009154016,-0.45380889771241534,-40.85375474661259,0.007008919373279684,0.0,9637,8692
Allantois,Spinal cord (lumbar),5.710222804860219,-0.2292500830640988,-12.096296049622831,0.0011722274587591358,0.0,9637,3152
Allantois,Spinal cord (thoracic),5.811607819591525,-0.37065423744878007,-37.10164620796861,0.006205557364277405,0.0,9637,12419
Allantois,Spinal cord interneuron progenitor,4.8048020129501126,-0.2735176567066124,-2.3396220823755876,0.013863085391321407,0.22,9637,65
Allantois,Splanchnic mesoderm,7.001751933872041,0.7362390281315175,67.70326553872901,0.029504738240279035,0.0,9637,15340
Allantois,Splanchnic mesoderm (cardiopulmonary),5.801257411565952,0.12674289545717668,3.997798436869315,0.01965901492263137,0.33,9637,893
Allantois,Splanchnic mesoderm (septum transversum),5.859453866516556,0.18165366957783893,5.868429728266104,0.005973987028541454,0.0,9637,701
Allantois,Surface ectoderm (anterior),6.180523351963195,0.42978303304128307,21.730299242208645,0.010231950869662554,0.0,9637,2325
Allantois,Surface ectoderm (posterior),5.988001113392677,0.5409082533385862,10.399196769341017,0.010261496527448512,0.0,9637,224
Allantois,Telencephalon (dorsal),5.722368487455692,-0.3339847956992914,-27.486660007996775,0.005255157816218494,0.0,9637,9362
Allantois,Trigeminal branchiomotor neuron,4.143880761541782,-0.46187912007502147,-2.2649434282687646,0.021005902995697504,0.19,9637,27
Allantois,Trigeminal placode,6.03363416667158,0.20975782419151065,11.600026588598984,0.05134807731216125,0.11,9637,1875
Allantois,Trigeminal sensory neuron,5.634810677135033,0.24049936051060752,5.274626183518844,0.05125029740449935,0.19,9637,268
Allantois,Trunk neural crest,5.758775014794985,0.08012990784996384,1.813649326223351,0.015003657788516794,0.01,9637,917
Allantois,Vagal neural crest,5.887949030823536,0.04187555237644928,2.195493801033669,0.0043869320862647415,0.64,9637,1902
Allantois,Visceral motor neuron,4.887524678124248,-0.29749444636193,-4.907624679891646,0.0277486005143001,0.74,9637,140
Allantois,Yolk sac endothelial cell,5.28499447600323,0.17236494531781657,1.3092442105237496,0.01675747070006016,0.36,9637,60
Amniotic ectoderm,Amniotic ectoderm,9.000000000110449,-7.697546304067751e-15,-7.695895295033334e-05,3.6077238732107605e-28,1.0,1899,1899
Amniotic ectoderm,Anterior mesoderm,5.115032528069037,-0.09793310216664282,-1.4732797885211026,0.013431234963661816,0.53,1899,343
Amniotic ectoderm,Arterial endothelial cell,5.469431123060024,0.1761503312162128,5.237614811944578,0.02816063010336281,0.16,1899,574
Amniotic ectoderm,Atria,5.34981883938141,0.024332641049483666,0.9573626854667316,0.020945688076241392,0.03,1899,908
Amniotic ectoderm,Atrioventricular canal,5.199380680444633,0.019559755202658735,0.47188659876878797,0.0030667716246596094,0.55,1899,391
Amniotic ectoderm,Axial progenitor,5.277909345320146,-0.3992188922257472,-16.16661276550635,0.006064081270111489,0.0,1899,2321
Amniotic ectoderm,Cranial neural crest (anterior),5.354720672628282,-0.21592960146195317,-8.965655634837823,4.928904493614332e-05,0.0,1899,3419
Amniotic ectoderm,Cranial neural crest (posterior),5.224453691168213,-0.21877391967320362,-8.659910816710777,0.007342668625584569,0.0,1899,2121
Amniotic ectoderm,Dermomyotome,5.29892378079582,-0.4920907979041944,-25.554076189413767,0.006617020095991315,0.0,1899,11171
Amniotic ectoderm,Diencephalon,5.12579497634093,-0.438663005686647,-16.448314299598508,0.01743707282077221,0.0,1899,2914
Amniotic ectoderm,Dl2-6 interneuron,4.331960575207921,-0.2267935453146356,-1.829117469176577,0.01617784920484317,0.78,1899,49
Amniotic ectoderm,Endocardial cell,5.0426379593070285,-0.16230478678216867,-3.3302617956400504,0.005208753495401702,0.06,1899,367
Amniotic ectoderm,Endothelial cell,5.45894448443778,-0.11809854396923185,-3.9933205215760452,0.0016897887627474364,0.0,1899,1344
Amniotic ectoderm,Endothelial progenitor,5.619489042848755,-0.20095821063544594,-8.516762888389298,0.021035845316165005,0.0,1899,4455
Amniotic ectoderm,Epibranchial placode,6.139360881922712,0.7619157789200205,29.718502501237804,0.03353949145933722,0.0,1899,2681
Amniotic ectoderm,Epibranchial sensory neuron,5.128497400822873,0.32385425185275657,4.269652335729059,0.07497842680263868,0.88,1899,124
Amniotic ectoderm,Epicardium,4.843849733078946,0.04941730696372589,0.28805323410049277,0.027346045924185117,0.35,1899,179
Amniotic ectoderm,Epidermal progenitor (anterior),5.510266657275945,0.7765281432138366,10.252707000927105,0.11990260791180751,0.01,1899,157
Amniotic ectoderm,Epidermal progenitor (posterior),6.391369301250882,0.8536167832782539,42.92246533815353,0.004819570464992001,0.0,1899,6469
Amniotic ectoderm,Extraembryonic mesoderm,5.425615131548817,0.05402769357729179,2.8332424792019317,0.022488003317459693,0.0,1899,4702
Amniotic ectoderm,Eye field,5.108008659899325,-0.41692602846249355,-15.324570363167295,0.01225262130600345,0.0,1899,2922
Amniotic ectoderm,Facial branchiomotor neuron,4.159348992759194,-0.4097982683638186,-3.26637967954887,0.009745487372246424,0.0,1125,43
Amniotic ectoderm,Floor plate (anterior),4.9107896073436645,-0.4162848602212952,-14.219041746475353,0.001962036452154303,0.0,1899,1537
Amniotic ectoderm,Floor plate (posterior),4.960064318521174,-0.3783786956395809,-13.362139241099028,0.0022265594027034274,0.0,1899,1929
Amniotic ectoderm,Foregut,4.86859897243723,-0.14183077144456865,-4.583774438601782,0.01695323154375091,0.69,1899,977
Amniotic ectoderm,Frontonasal mesenchyme,5.409915438222673,-0.1261733605958947,-5.372404045369014,0.001666182814728768,0.0,1899,4202
Amniotic ectoderm,Head paraxial mesoderm,5.259881724603104,-0.2989604773234828,-16.40803954869717,0.004090426301396488,0.0,1899,10089
Amniotic ectoderm,Hemogenic endothelium,5.067264847189668,0.28477914657804515,2.6230579669351477,0.11795458929183125,0.44,1899,73
Amniotic ectoderm,Hindbrain (isthmic organizer),5.138898185677417,-0.48355775543105395,-19.55885642065972,0.007508183351515207,0.0,1899,2376
Amniotic ectoderm,Hindbrain (r1),5.2212539836902705,-0.491449599351587,-23.001705201233335,0.012631407958514852,0.0,1899,6335
Amniotic ectoderm,Hindbrain (r2-r4),5.262986120113598,-0.5083239497872153,-25.500873177035384,0.011826990864738313,0.0,1899,7748
Amniotic ectoderm,Hindbrain (r5-r8),5.250422514280198,-0.5349510286753457,-22.701227731063128,0.011932797848965275,0.0,1899,5781
Amniotic ectoderm,Hindgut,4.889123933764915,-0.18489270395155236,-6.566785859774012,0.009885619411443435,0.02,1899,1110
Amniotic ectoderm,Hypaxial myogenic progenitor,4.258963268522661,-0.05768399846975125,-0.4148864777352782,0.0008508906716511912,0.96,1125,23
Amniotic ectoderm,Hypothalamus,5.0557800262586925,-0.4209226619755852,-17.372343535277604,0.005677627091550558,0.0,1899,2956
Amniotic ectoderm,Inflow tract,5.4359709820823285,0.028011656530171198,0.9350049112222285,0.003813487952192567,0.39,1899,1444
Amniotic ectoderm,Intermediate mesoderm (nephrogenic),5.27826638907337,-0.36418024580654834,-16.955832195539212,0.007432928005087066,0.0,1899,2580
Amniotic ectoderm,Juxtacardiac field,5.196706554020731,-0.11609070614434162,-2.9634943356482677,0.018319143186302844,0.41,1899,965
Amniotic ectoderm,Left ventricle,5.183601179616981,-0.15240924486333687,-5.469526041977008,0.0008661532340601137,0.0,1899,1359
Amniotic ectoderm,Megakaryocyte,4.412326713488004,-0.15342333810024064,-0.8409053881055706,0.054803320059202396,0.17,1899,58
Amniotic ectoderm,Midbrain,5.194268652404028,-0.48578492782470456,-21.909559346812543,0.012034694902700184,0.0,1899,7099
Amniotic ectoderm,Midbrain neuron,4.916798715341394,-0.2490590413454603,-4.710641377408399,0.02195098422607048,0.05,1899,353
Amniotic ectoderm,Midgut,4.9036551768470344,-0.21580483792340152,-8.563979460002917,0.004989460956548106,0.0,1899,2242
Amniotic ectoderm,Myotome,4.380354748365849,-0.21653199955772204,-1.87028048681034,0.04491559107413533,0.73,1899,65
Amniotic ectoderm,Nascent somite,5.239005510988184,-0.3343883206341305,-14.539018410348936,0.023108086109863077,0.0,1899,2502
Amniotic ectoderm,Notochord,4.9031516008131275,-0.23887392818973682,-6.5349811524706825,0.002469134776570854,0.0,1899,749
Amniotic ectoderm,Olfactory placode,5.5776060537406424,0.21383157316394077,6.960237247046716,0.005442893708735305,0.0,1899,1680
Amniotic ectoderm,Otic placode,5.6485402651381795,0.2907604079431332,9.258428504280408,0.05733239955348888,0.0,1899,1357
Amniotic ectoderm,Outflow tract,5.106261452456493,-0.17662283711935375,-4.567112064207561,0.011814802348144474,0.04,1899,586
Amniotic ectoderm,Periocular mesoderm,4.842955126172117,-0.1853691829835009,-5.1752486689957715,0.009071445136887287,0.0,1899,798
Amniotic ectoderm,Pharyngeal arch mesenchyme,5.418408928100498,-0.11686023540403519,-4.854096393621244,0.000249798126839564,0.0,1899,4598
Amniotic ectoderm,Pharyngeal endoderm,5.0203562036904215,-0.2172707270749165,-9.112813943006955,0.0037948201797599443,0.0,1899,2292
Amniotic ectoderm,Pharyngeal mesoderm,5.237422873602646,-0.2633732911752353,-11.597639473597816,0.004028586516855063,0.0,1899,2901
Amniotic ectoderm,Pre-placodal ectoderm,5.845223752738856,0.391543313124781,14.588639012085578,0.02546279829132918,0.0,1899,3388
Amniotic ectoderm,Prechordal plate,4.149326623679504,-0.19382558646870196,-1.1711698133392876,0.09033186837016904,0.98,1899,38
Amniotic ectoderm,Presomitic mesoderm,5.41994417632696,-0.39559666481879524,-20.526987285981203,0.005333048527348826,0.0,1899,9179
Amniotic ectoderm,Primordial germ cell,5.1062591294446245,0.5298105423084228,7.3784345684652,0.04070925394697078,0.0,1899,141
Amniotic ectoderm,Respiratory progenitor,4.881624378923504,-0.17408684979279906,-4.343254169901005,0.004634402861489787,0.01,1899,531
Amniotic ectoderm,Right ventricle,5.212848870075398,-0.13900697965646577,-3.9684313283182884,0.02341497092356632,0.44,1899,991
Amniotic ectoderm,Roof plate (anterior),5.026496984574259,-0.19648914728875835,-3.56266863974548,0.017059222623245524,0.15,1899,384
Amniotic ectoderm,Roof plate (posterior),5.255157364463503,-0.3223098362351336,-10.67847008152234,0.005186437305805801,0.0,1899,1395
Amniotic ectoderm,Sclerotome,5.240865842257584,-0.41899475282543425,-22.15983104053406,0.004356065440720524,0.0,1899,8569
Amniotic ectoderm,Second heart field (anterior),5.183345482459446,-0.012734758742484864,-0.305723005809649,0.0034864401148782882,0.63,1899,420
Amniotic ectoderm,Second heart field (posterior),5.335435696193496,-0.048296509439436676,-1.0253338024764134,0.009733352193229619,0.01,1899,984
Amniotic ectoderm,Somatic mesoderm,5.800326433019762,-0.04923764387277293,-2.4204254961080616,0.001194263735724404,0.19,1899,16744
Amniotic ectoderm,Somatic mesoderm (anterior),5.062186180802063,-0.11455850769534977,-2.2379923601340592,0.006058170847526141,0.69,1899,274
Amniotic ectoderm,Somatic mesoderm (tailbud),4.360908801054482,-0.050351478973110986,-0.24843270587443866,0.08652985723299399,0.81,1899,23
Amniotic ectoderm,Somatic motor neuron,4.566175852110915,-0.19357204974287376,-3.2607192777548133,0.05431174045057629,0.84,1899,134
Amniotic ectoderm,Spinal cord (cervical),5.253873135192811,-0.5365060237223487,-26.382973773022645,0.0070722803136040215,0.0,1899,8692
Amniotic ectoderm,Spinal cord (lumbar),5.176760708352428,-0.3924324807091069,-13.85947407017413,0.01076469134926359,0.0,1899,3152
Amniotic ectoderm,Spinal cord (thoracic),5.317881231515639,-0.49316841786796023,-25.47941140759822,0.011919389456066434,0.0,1899,12419
Amniotic ectoderm,Spinal cord interneuron progenitor,4.496969753203046,-0.21932953589237472,-1.559867178974155,0.03170544570535584,0.73,1899,65
Amniotic ectoderm,Splanchnic mesoderm,5.855399236864893,-0.0390878857166174,-1.7746681161071507,0.00846077221985643,0.0,1899,15340
Amniotic ectoderm,Splanchnic mesoderm (cardiopulmonary),5.339717249374942,0.03756211350596524,0.8691140562951709,0.018815225689555216,0.48,1899,893
Amniotic ectoderm,Splanchnic mesoderm (septum transversum),5.394168731647963,0.08418115257548386,2.178310167433334,0.0002700075072319735,0.1,1899,701
Amniotic ectoderm,Surface ectoderm (anterior),6.194927859478718,0.8142401323631564,30.694725494749065,0.0347336687655161,0.0,1899,2325
Amniotic ectoderm,Surface ectoderm (posterior),6.5884502352188115,1.5123930587980885,22.875901744239382,0.012340847564093057,0.0,1899,224
Amniotic ectoderm,Telencephalon (dorsal),5.28758960766656,-0.3991601600751122,-19.395391085348106,0.01124091366804137,0.0,1899,9362
Amniotic ectoderm,Trigeminal branchiomotor neuron,4.057869830974443,-0.20789294672616432,-0.7869281747528131,0.029418893749894932,0.67,1899,27
Amniotic ectoderm,Trigeminal placode,5.59225681229373,0.1386883698737753,4.624105874211448,0.0027584221334154514,0.0,1899,1875
Amniotic ectoderm,Trigeminal sensory neuron,5.426619834022294,0.40461977872787447,6.007993142620422,0.021254624393109843,0.0,1899,268
Amniotic ectoderm,Trunk neural crest,5.139221774813158,-0.16960443236327372,-4.256141913307879,0.0036385405373887403,0.05,1899,917
Amniotic ectoderm,Vagal neural crest,5.328743892347376,-0.1429022634292325,-5.315850093851599,0.0007385971156064285,0.0,1899,1902
Amniotic ectoderm,Visceral motor neuron,4.666504613410939,-0.14085001546686282,-2.6404586585143672,0.059904518268837595,0.65,1899,140
Amniotic ectoderm,Yolk sac endothelial cell,4.82505997508509,0.08004502694885189,0.5205432491677165,0.015801359286057297,0.49,1899,60
Anterior mesoderm,Anterior mesoderm,9.00000000027073,7.105427357601002e-15,7.103913067453334e-05,2.6505726415425997e-28,1.0,343,343
Anterior mesoderm,Arterial endothelial cell,5.477030077464054,0.2709476198998437,4.308180620739885,0.017208762718038367,0.0,343,574
Anterior mesoderm,Atria,5.559290247085154,0.31105594655603763,5.797303370399927,0.005871078530715527,0.0,343,908
Anterior mesoderm,Atrioventricular canal,5.317721377833793,0.22474390625034038,4.280720799718388,0.0216611675027052,0.13,343,391
Anterior mesoderm,Axial progenitor,5.354245770249405,-0.23893039103959643,-4.983720559228467,0.0069093622658086195,0.0,343,2321
Anterior mesoderm,Cranial neural crest (anterior),5.204722417028844,-0.27846094695527174,-6.178342259839695,0.0020004519460937245,0.0,343,3419
Anterior mesoderm,Cranial neural crest (posterior),5.153941174590907,-0.20904223126040566,-4.13364604644875,0.004158886980874469,0.0,343,2121
Anterior mesoderm,Dermomyotome,5.645070945777444,-0.06351505885267776,-1.1900264830369627,0.01405065406354586,0.33,343,11171
Anterior mesoderm,Diencephalon,5.1775496931310485,-0.30232077348057107,-6.202491123592522,0.005214206151896231,0.0,343,2914
Anterior mesoderm,Dl2-6 interneuron,4.288291750513692,-0.18385782536457182,-0.9213203744772231,0.0401778247138501,0.88,343,49
Anterior mesoderm,Endocardial cell,5.564242696070131,0.44044433372227704,7.322258111766462,0.005511710052829473,0.0,343,367
Anterior mesoderm,Endothelial cell,6.079649203143101,0.585580722211323,12.244146265742463,0.008444719886789041,0.0,343,1344
Anterior mesoderm,Endothelial progenitor,6.465579062399461,0.7320512014147725,15.520539990230189,0.016608962521293805,0.0,343,4455
Anterior mesoderm,Epibranchial placode,5.12177911509609,-0.16648383795651137,-3.206754433088579,0.007524408685752146,0.02,343,2681
Anterior mesoderm,Epibranchial sensory neuron,4.557424442586971,-0.16310809565871112,-1.9002367124060129,0.013276099083470416,0.85,343,124
Anterior mesoderm,Epicardium,4.948210695098963,0.2589299958946354,2.4439921812954575,0.015399188512010295,0.17,343,179
Anterior mesoderm,Epidermal progenitor (anterior),4.533117297244279,-0.12999960342877456,-0.8405532523384971,0.03175494391350809,0.76,343,157
Anterior mesoderm,Epidermal progenitor (posterior),5.375290965615609,-0.07838876343513679,-1.590378844788713,0.0007146389708957984,0.15,343,6469
Anterior mesoderm,Extraembryonic mesoderm,5.337859932987591,0.0442177862042857,1.2831049158105936,0.009188376787502273,0.4,343,4702
Anterior mesoderm,Eye field,5.122433974529982,-0.31485350008432,-6.331712469827484,0.006947960058737836,0.0,343,2922
Anterior mesoderm,Facial branchiomotor neuron,4.095621587513172,-0.3716113601216122,-3.2818059364007675,0.11783477971291789,0.22,163,43
Anterior mesoderm,Floor plate (anterior),5.04615146367943,-0.1943997422612984,-3.723829872414074,0.00298853957818964,0.0,343,1537
Anterior mesoderm,Floor plate (posterior),5.0814205129333,-0.17064776780255406,-3.08443276947482,0.007776589834476021,0.03,343,1929
Anterior mesoderm,Foregut,4.998942606432332,0.07079512222457869,1.9281593696816046,0.012151388454005433,0.62,343,977
Anterior mesoderm,Frontonasal mesenchyme,5.160066986716814,-0.2914236603001177,-5.578583028961408,0.006458321945209596,0.0,343,4202
Anterior mesoderm,Head paraxial mesoderm,6.5840902761770765,1.114217975864715,28.587635712659452,0.009765939473603593,0.0,343,10089
Anterior mesoderm,Hemogenic endothelium,4.591018480309269,-0.13250778155226448,-1.2189167554061988,0.05374784026835838,0.39,343,73
Anterior mesoderm,Hindbrain (isthmic organizer),5.195890077964163,-0.3421834219286488,-6.215771876421837,0.010517778418231828,0.0,343,2376
Anterior mesoderm,Hindbrain (r1),5.286124163841106,-0.34433413388479056,-7.993391269103609,0.010677688980764894,0.0,343,6335
Anterior mesoderm,Hindbrain (r2-r4),5.35298171186573,-0.33273255868845464,-7.3756881371728555,0.010932347320170852,0.0,343,7748
Anterior mesoderm,Hindbrain (r5-r8),5.360727227844009,-0.3448786825156125,-7.431717062301171,0.010667201727254605,0.0,343,5781
Anterior mesoderm,Hindgut,4.9113607456255854,-0.07459217791947263,-1.5660330377278975,0.00439453833005023,0.97,343,1110
Anterior mesoderm,Hypaxial myogenic progenitor,4.134807959730475,-0.12864183733874635,-0.3365616585092846,0.042516181232816225,0.89,163,23
Anterior mesoderm,Hypothalamus,5.079220678213562,-0.3065597891129099,-6.330770929127236,0.004296102976251048,0.0,343,2956
Anterior mesoderm,Inflow tract,5.578880355626776,0.25509683751843176,6.500334839659016,0.00952357734661884,0.0,343,1444
Anterior mesoderm,Intermediate mesoderm (nephrogenic),5.3987010044257415,-0.1567687906944526,-3.5646890385277117,0.0015056840834915537,0.0,343,2580
Anterior mesoderm,Juxtacardiac field,5.629757048486975,0.4072197954817615,8.862373781353538,0.019631407804401493,0.0,343,965
Anterior mesoderm,Left ventricle,5.529877207214786,0.2837475292745619,6.341038021223977,0.000662026867470776,0.0,343,1359
Anterior mesoderm,Megakaryocyte,4.306784893791352,-0.17328076943591922,-1.2750270450340309,0.01815628832869449,0.46,343,58
Anterior mesoderm,Midbrain,5.245693122771061,-0.35363091340860403,-7.405465725771214,0.01920716927590338,0.0,343,7099
Anterior mesoderm,Midbrain neuron,4.881925141927385,-0.2023779401514565,-2.632482684050032,0.01056597980460033,0.13,343,353
Anterior mesoderm,Midgut,5.010961810464454,-0.026416495425893416,-0.5387247277462982,0.0011201196704720645,0.87,343,2242
Anterior mesoderm,Myotome,4.5268440491688455,0.024620126176546187,0.3571431160964962,0.027384645260074822,0.54,343,65
Anterior mesoderm,Nascent somite,5.370098211173302,-0.12021006928792251,-2.694854530419059,0.006831544233102027,0.56,343,2502
Anterior mesoderm,Notochord,5.020761625047732,-0.038706402864244836,-0.5743075322094943,0.010874886073957344,0.86,343,749
Anterior mesoderm,Olfactory placode,5.106988242530028,-0.17272019930721783,-3.178306282968769,0.001412300394285106,0.02,343,1680
Anterior mesoderm,Otic placode,5.121423100714229,-0.15172804260237407,-2.966167973528846,0.0011163001910925745,0.01,343,1357
Anterior mesoderm,Outflow tract,5.762988772300865,0.5669625804992743,10.48012027751274,0.005657654501710874,0.0,343,586
Anterior mesoderm,Periocular mesoderm,5.481959816329923,0.5337555787576062,9.249431750908895,0.008702320649590948,0.0,343,798
Anterior mesoderm,Pharyngeal arch mesenchyme,5.172670856154331,-0.27771409538435804,-5.875660569565194,0.000691871414904069,0.0,343,4598
Anterior mesoderm,Pharyngeal endoderm,5.224127208167832,0.07991980049501664,1.7540461209322045,0.015460066278798278,0.56,343,2292
Anterior mesoderm,Pharyngeal mesoderm,6.603293307050746,1.1884154820231767,25.930249343127002,0.026258868996330585,0.0,343,2901
Anterior mesoderm,Pre-placodal ectoderm,5.256568019329637,-0.11626242813715375,-2.260774168080047,0.0004392255593346773,0.14,343,3388
Anterior mesoderm,Prechordal plate,4.334032040606334,0.07641915561861297,0.5224923498830811,0.0026118178205174684,0.72,343,38
Anterior mesoderm,Presomitic mesoderm,5.488016295808824,-0.2408488175233098,-5.825865119208808,0.007341531508028914,0.01,343,9179
Anterior mesoderm,Primordial germ cell,4.339894572730318,-0.1465672219166585,-1.7590281516084374,0.003974083930157756,0.18,343,141
Anterior mesoderm,Respiratory progenitor,4.9895259000837,0.014830102954083676,0.03143228727966004,0.0047539743785230725,0.47,343,531
Anterior mesoderm,Right ventricle,5.822420778322041,0.5531893958083719,11.77220468062447,0.017544894069818708,0.0,343,991
Anterior mesoderm,Roof plate (anterior),4.976335702720275,-0.1600949805783678,-2.135099173326483,0.0032123185359240465,0.11,343,384
Anterior mesoderm,Roof plate (posterior),5.230723377963003,-0.2619569827487016,-5.3026370190445675,0.022058314943695242,0.04,343,1395
Anterior mesoderm,Sclerotome,5.614662268747942,0.042645062440638405,1.3752348840482442,0.013651926318497647,0.18,343,8569
Anterior mesoderm,Second heart field (anterior),5.467277264279435,0.356753837979461,6.409543027917703,0.033069401071605914,0.0,343,420
Anterior mesoderm,Second heart field (posterior),5.5529014339021,0.2527500643480061,4.55219739036736,0.012927377655430308,0.0,343,984
Anterior mesoderm,Somatic mesoderm,5.748810430702018,-0.016238912774063863,-0.16651722766122581,0.003686006154615692,0.46,343,16744
Anterior mesoderm,Somatic mesoderm (anterior),5.132637949947661,0.056799193075014166,0.7547353152162427,0.0024040352863065693,0.87,343,274
Anterior mesoderm,Somatic mesoderm (tailbud),4.354479097318973,0.028452961285973483,0.06999097799506626,0.06954479076162991,0.54,343,23
Anterior mesoderm,Somatic motor neuron,4.570254651095602,-0.0948858506624708,-1.154291747223641,0.00879672376346326,0.99,343,134
Anterior mesoderm,Spinal cord (cervical),5.362349063108279,-0.3421134255766007,-7.502367787934946,0.006310231949340851,0.0,343,8692
Anterior mesoderm,Spinal cord (lumbar),5.28295506135455,-0.2013771310287611,-3.406684267434878,0.01245619728536319,0.15,343,3152
Anterior mesoderm,Spinal cord (thoracic),5.4299644417142074,-0.299618943846256,-6.721973251703325,0.007273861916200787,0.0,343,12419
Anterior mesoderm,Spinal cord interneuron progenitor,4.6257537177560435,-0.01626256973769724,0.14794529768319767,0.018777652684409417,0.85,343,65
Anterior mesoderm,Splanchnic mesoderm,5.6871438722031895,-0.12346285138495657,-2.6804591620255587,0.003592423832564125,0.05,343,15340
Anterior mesoderm,Splanchnic mesoderm (cardiopulmonary),5.310583889042214,0.08671063575143408,1.3431710480146968,0.019851117759488602,0.56,343,893
Anterior mesoderm,Splanchnic mesoderm (septum transversum),5.303570963178115,0.07282536105997976,1.2518674437720014,0.02750960523654537,0.8,343,701
Anterior mesoderm,Surface ectoderm (anterior),5.2433841103093775,-0.04929286095074037,-0.7940296109310268,0.002921965256943365,0.75,343,2325
Anterior mesoderm,Surface ectoderm (posterior),4.913918942839026,-0.07738892595638358,-0.9544923380665337,0.0018230309612635635,0.55,343,224
Anterior mesoderm,Telencephalon (dorsal),5.2393649199967,-0.3661677505588254,-7.455710964936359,0.005954115386431605,0.0,343,9362
Anterior mesoderm,Trigeminal branchiomotor neuron,4.004832929650406,-0.14476649760613927,-0.9902305901156492,0.08333806008188852,0.82,343,27
Anterior mesoderm,Trigeminal placode,5.2214133807433125,-0.1507599333935777,-2.723260993014969,0.0006648400750341796,0.02,343,1875
Anterior mesoderm,Trigeminal sensory neuron,4.958746626892427,0.026872120614387818,0.0025353942659491016,0.020690948745217323,0.71,343,268
Anterior mesoderm,Trunk neural crest,4.999264520079241,-0.2197225519704936,-3.383146084720163,0.008457317157040092,0.04,343,917
Anterior mesoderm,Vagal neural crest,5.202929022238426,-0.18801546282492274,-3.560785269024329,0.004909008259752383,0.03,343,1902
Anterior mesoderm,Visceral motor neuron,4.714635589154039,-0.003161674762482747,-0.8480237380074692,0.0595021089665678,0.54,343,140
Anterior mesoderm,Yolk sac endothelial cell,4.90940248896721,0.2623509301205438,1.8851626726734867,0.06024926157208034,0.35,343,60
Arterial endothelial cell,Arterial endothelial cell,9.00000000006864,8.289665250534503e-15,8.28775138219e-05,2.9766351490339515e-28,1.0,574,574
Arterial endothelial cell,Atria,5.711032180765684,0.38736408307901343,9.309117478786835,0.0015787737525635682,0.0,574,908
Arterial endothelial cell,Atrioventricular canal,5.367047939833799,0.1902318793548329,3.7857423123354508,0.030408705845483545,0.55,574,391
Arterial endothelial cell,Axial progenitor,5.357881968248023,-0.3200122565910594,-8.405570838710899,0.022127454523681818,0.0,574,2321
Arterial endothelial cell,Cranial neural crest (anterior),5.3357412218523,-0.23875539253055914,-7.164963212783735,0.023174228446655044,0.27,574,3419
Arterial endothelial cell,Cranial neural crest (posterior),5.235852082977315,-0.20909030151626565,-5.647310531421614,0.00866382918007047,0.04,574,2121
Arterial endothelial cell,Dermomyotome,5.527830202080669,-0.26469447162824683,-8.70796804616077,0.007792303631223723,0.0,574,11171
Arterial endothelial cell,Diencephalon,5.210304321066182,-0.3562976426948336,-8.843086954576565,0.0006224956615768196,0.0,574,2914
Arterial endothelial cell,Dl2-6 interneuron,4.412635269546231,-0.15401106752372065,-0.993475739966108,0.0028861122119204236,0.59,574,49
Arterial endothelial cell,Endocardial cell,5.512930774029318,0.310600489612552,5.855149340043522,0.01558822795274506,0.02,574,367
Arterial endothelial cell,Endothelial cell,6.067519800949456,0.4944872197432648,13.232483297826604,0.009638746673818609,0.0,574,1344
Arterial endothelial cell,Endothelial progenitor,6.009756060988146,0.18536887014870582,4.746675981132345,0.01267732737474431,0.08,574,4455
Arterial endothelial cell,Epibranchial placode,5.396542374061345,0.021379766625404233,0.7057591432775072,0.001720530098295856,0.61,574,2681
Arterial endothelial cell,Epibranchial sensory neuron,4.722566477657689,-0.08572299156991352,-0.20410879404605295,0.07655820571743256,0.62,574,124
Arterial endothelial cell,Epicardium,5.022585844951489,0.23092122368458678,2.9568631354862576,0.046761027205264885,0.76,574,179
Arterial endothelial cell,Epidermal progenitor (anterior),4.940697843863585,0.191816700774624,1.6839699645136983,0.01117241849087055,0.22,574,157
Arterial endothelial cell,Epidermal progenitor (posterior),5.588687987054779,0.046644383714700886,0.8521870607906523,0.007958117887450666,0.45,574,6469
Arterial endothelial cell,Extraembryonic mesoderm,5.740814781018824,0.36691513442580764,12.019029495666404,0.01645436593114735,0.0,574,4702
Arterial endothelial cell,Eye field,5.212611827579852,-0.31506244029699165,-6.783939050333959,0.002634646239457837,0.0,574,2922
Arterial endothelial cell,Facial branchiomotor neuron,4.196188640968286,-0.3895315396283956,-3.4527240002110626,0.12638370765376256,0.17,300,43
Arterial endothelial cell,Floor plate (anterior),5.060601623846615,-0.26709188935248535,-6.313952930954552,0.0034579276358932417,0.0,574,1537
Arterial endothelial cell,Floor plate (posterior),5.089950983176341,-0.2458428705762931,-5.5931656306086,0.0020424550920699258,0.0,574,1929
Arterial endothelial cell,Foregut,4.927140138302743,-0.08668356495202338,-1.9257950803961246,0.0006844833795932784,0.35,574,977
Arterial endothelial cell,Frontonasal mesenchyme,5.328875923946649,-0.20717082510412302,-5.303596264874904,0.008085695832771522,0.01,574,4202
Arterial endothelial cell,Head paraxial mesoderm,5.71358892286333,0.15681324193593374,3.8903817383428105,0.022218132318508742,0.89,574,10089
Arterial endothelial cell,Hemogenic endothelium,5.186759293492002,0.39366555470919834,3.6012376828153907,0.10995729940449635,0.17,574,73
Arterial endothelial cell,Hindbrain (isthmic organizer),5.289199961026916,-0.3394159062821786,-9.043154865324391,0.0019216590070028426,0.0,574,2376
Arterial endothelial cell,Hindbrain (r1),5.345906439723624,-0.36656501785340695,-9.609314763010136,0.0012281134345013853,0.0,574,6335
Arterial endothelial cell,Hindbrain (r2-r4),5.38585073165071,-0.3849245774714826,-10.710207083942336,0.0062675658052662895,0.0,574,7748
Arterial endothelial cell,Hindbrain (r5-r8),5.396639145583347,-0.38996026318923843,-10.311023578071419,0.00595155987418002,0.0,574,5781
Arterial endothelial cell,Hindgut,4.942468633877788,-0.13389406640683088,-2.9290877708264578,0.006847856900263934,0.03,574,1110
Arterial endothelial cell,Hypaxial myogenic progenitor,4.265687070804941,-0.07099729113308895,-0.523985281553706,0.005501400961560231,0.98,300,23
Arterial endothelial cell,Hypothalamus,5.1446725860945755,-0.33824894032738495,-8.872947949350346,0.001020942709502715,0.0,574,2956
Arterial endothelial cell,Inflow tract,5.835091698479784,0.427371403399363,11.065059113448127,0.015315776328294933,0.0,574,1444
Arterial endothelial cell,Intermediate mesoderm (nephrogenic),5.437843228824538,-0.20844656435824524,-5.46223381863345,0.005176019174670222,0.0,574,2580
Arterial endothelial cell,Juxtacardiac field,5.529958394194485,0.21943221438213723,5.363099579232198,0.0029607990380132888,0.01,574,965
Arterial endothelial cell,Left ventricle,5.433770328326716,0.09959948832596943,2.4889705538075346,0.00904436566949132,0.31,574,1359
Arterial endothelial cell,Megakaryocyte,4.569083224249739,-0.003974920952271847,-0.16958694261123744,0.008410789395352664,0.65,574,58
Arterial endothelial cell,Midbrain,5.301659713240774,-0.37967019192539136,-10.080328946617632,0.0020394398840881656,0.0,574,7099
Arterial endothelial cell,Midbrain neuron,4.977527223432046,-0.19272026789279106,-2.9275033171238314,0.006880797844440628,0.05,574,353
Arterial endothelial cell,Midgut,5.048549476233261,-0.07419814610735731,-1.506264343513358,0.009887335079226983,0.9,574,2242
Arterial endothelial cell,Myotome,4.641334064116937,0.045622410993836425,0.6072845715005942,0.012900674959930645,0.96,574,65
Arterial endothelial cell,Nascent somite,5.3565423328701245,-0.21536730420188258,-6.648190618033346,0.015069383871731947,0.01,574,2502
Arterial endothelial cell,Notochord,5.037095133427006,-0.10299725672152338,-1.9285220739321716,0.006512214183990997,0.7,574,749
Arterial endothelial cell,Olfactory placode,5.384328206791577,0.02156834268879611,0.3275561798970456,0.0028384636366744296,0.75,574,1680
Arterial endothelial cell,Otic placode,5.313472209693786,-0.042840214892862605,-1.4259371407947012,0.010961075527994985,0.45,574,1357
Arterial endothelial cell,Outflow tract,5.539734518899835,0.25793883493466446,5.351880772879369,0.00032650258868223506,0.0,574,586
Arterial endothelial cell,Periocular mesoderm,5.127267512366415,0.09830254129789424,2.23298566989351,0.0010122735051078331,0.16,574,798
Arterial endothelial cell,Pharyngeal arch mesenchyme,5.342249743318799,-0.1947131561551171,-5.27648566380373,0.006723477700577371,0.03,574,4598
Arterial endothelial cell,Pharyngeal endoderm,5.144238224513514,-0.08896330956891241,-2.469975654528247,0.0026699136814690425,0.28,574,2292
Arterial endothelial cell,Pharyngeal mesoderm,5.712166305004377,0.20836632106047168,5.034627859750348,0.010286933716596326,0.0,574,2901
Arterial endothelial cell,Pre-placodal ectoderm,5.505147136253896,0.04978819485112259,1.2927940062337349,0.0013068398700607328,0.61,574,3388
Arterial endothelial cell,Prechordal plate,4.298835252383267,-0.0379354267043109,0.2158614521461474,0.11248157909919099,0.33,574,38
Arterial endothelial cell,Presomitic mesoderm,5.485794439498651,-0.3282389982786403,-11.091362736641164,0.014147426057485177,0.0,574,9179
Arterial endothelial cell,Primordial germ cell,4.820808689616889,0.2504591001822156,3.345722768760048,0.055686664309467004,0.89,574,141
Arterial endothelial cell,Respiratory progenitor,5.044644436229578,-0.009078710386085357,-0.2838678788903384,0.0027826897201190153,0.77,574,531
Arterial endothelial cell,Right ventricle,5.738070015754206,0.39082738721034954,8.566836287157345,0.02205232173898168,0.0,574,991
Arterial endothelial cell,Roof plate (anterior),5.068129394529572,-0.15619329926374034,-2.076198290483346,0.019428420483590916,0.28,574,384
Arterial endothelial cell,Roof plate (posterior),5.321227018195949,-0.25614799535451355,-6.505388572858067,0.017523365842894004,0.0,574,1395
Arterial endothelial cell,Sclerotome,5.4661159279510905,-0.1924258759441475,-5.479639116587465,0.0062709313308911665,0.0,574,8569
Arterial endothelial cell,Second heart field (anterior),5.521822939517246,0.3243117457664839,6.431168322203678,0.008436585711163121,0.0,574,420
Arterial endothelial cell,Second heart field (posterior),5.624151407114496,0.24047461700615683,5.914119514298487,0.0018634613804508406,0.0,574,984
Arterial endothelial cell,Somatic mesoderm,6.122814703386815,0.270308216386223,7.120857577003496,0.012508978573479587,0.0,574,16744
Arterial endothelial cell,Somatic mesoderm (anterior),5.21341494901221,0.043280601086377324,0.5747635224947621,0.024169924858030482,0.66,574,274
Arterial endothelial cell,Somatic mesoderm (tailbud),4.355919279273835,-0.035341643787414924,-0.32053721706033894,0.039615945385445786,0.41,574,23
Arterial endothelial cell,Somatic motor neuron,4.656524673432234,-0.11200705706852314,-1.7791217502579297,0.03500066122427732,0.8,574,134
Arterial endothelial cell,Spinal cord (cervical),5.389834810145579,-0.39912239598514887,-11.988962519044705,0.01204947138672923,0.0,574,8692
Arterial endothelial cell,Spinal cord (lumbar),5.249089253070379,-0.3190136899485833,-6.732681017082842,0.012050694273539577,0.0,574,3152
Arterial endothelial cell,Spinal cord (thoracic),5.432667052744972,-0.382517205271433,-11.418974813963052,0.01946219716497236,0.0,574,12419
Arterial endothelial cell,Spinal cord interneuron progenitor,4.635670570288402,-0.0544502614672305,-0.5904465143011707,0.004031639062838794,0.95,574,65
Arterial endothelial cell,Splanchnic mesoderm,6.043054608554164,0.14315449062763008,4.19408834881028,0.004332106569516806,0.02,574,15340
Arterial endothelial cell,Splanchnic mesoderm (cardiopulmonary),5.382075109211386,0.07722344895463855,1.553368849626825,0.00210977992316184,0.47,574,893
Arterial endothelial cell,Splanchnic mesoderm (septum transversum),5.647948858413876,0.33178122352429035,7.3058663596664095,0.016932010782066385,0.0,574,701
Arterial endothelial cell,Surface ectoderm (anterior),5.503905692339258,0.12265163925807254,2.9783614354884005,0.0004508419841365326,0.01,574,2325
Arterial endothelial cell,Surface ectoderm (posterior),5.180983121025244,0.11115854481252925,1.8886356082656748,0.00729046752763087,0.55,574,224
Arterial endothelial cell,Telencephalon (dorsal),5.339295313075638,-0.3502164154847757,-9.818047724405744,0.005167432493166144,0.0,574,9362
Arterial endothelial cell,Trigeminal branchiomotor neuron,3.831435819238204,-0.41263056014481175,-1.7468288362641304,0.08397174231396132,0.54,574,27
Arterial endothelial cell,Trigeminal placode,5.445926646319893,-0.009704328961860575,-0.8751492008279994,0.020631089150986374,0.31,574,1875
Arterial endothelial cell,Trigeminal sensory neuron,5.026199452295366,0.009457305817538971,0.25308652254618136,0.004085336671926997,0.88,574,268
Arterial endothelial cell,Trunk neural crest,5.205436750109471,-0.09994731354841502,-1.9955988783408902,0.0019458194525010428,0.43,574,917
Arterial endothelial cell,Vagal neural crest,5.3317391993320005,-0.14233852588321425,-3.7615576464602256,0.009509286439962105,0.2,574,1902
Arterial endothelial cell,Visceral motor neuron,4.7338525870938355,-0.058208895169076236,-1.0366068179219152,0.02670943021428823,0.66,574,140
Arterial endothelial cell,Yolk sac endothelial cell,5.033927140828151,0.299195944312071,2.7869072213953276,0.0277828560142154,0.63,574,60
Atria,Atria,9.000000000053992,1.0658141036401503e-14,0.0001065675283399322,3.7865323450608567e-29,1.0,908,908
Atria,Atrioventricular canal,5.732378177955294,0.5144958233695917,10.436709413477233,0.0022830580800509035,0.0,908,391
Atria,Axial progenitor,5.45060345213155,-0.26001407208222077,-7.990711504343931,0.004092524325842113,0.0,908,2321
Atria,Cranial neural crest (anterior),5.457919570543235,-0.1466761312374215,-4.713330746858144,0.0024653524241761587,0.0,908,3419
Atria,Cranial neural crest (posterior),5.337813543927587,-0.14022156491002935,-4.15921699086776,0.006600158387937986,0.0,908,2121
Atria,Dermomyotome,5.747860920640012,-0.07840118308925555,-2.5811063575611164,0.011261039292650104,0.1,908,11171
Atria,Diencephalon,5.2363758820426805,-0.36305219325646504,-11.470771410062646,0.0075287435622388744,0.0,908,2914
Atria,Dl2-6 interneuron,4.485753687431134,-0.11087742577778374,-0.8766507552202679,0.003430519759529163,0.89,908,49
Atria,Endocardial cell,5.569271725358438,0.3309084567804626,6.588739629940115,0.004498375032510167,0.0,908,367
Atria,Endothelial cell,6.077515031354241,0.4673777493618691,14.437378906682676,0.00275286002418244,0.0,908,1344
Atria,Endothelial progenitor,6.04688798692825,0.1928573626422813,6.957748665698453,0.0033257927270918916,0.0,908,4455
Atria,Epibranchial placode,5.468839365286691,0.05784890198071698,1.7839712213998487,0.004961161869866841,0.58,908,2681
Atria,Epibranchial sensory neuron,4.770593824065007,-0.0596549141792145,-0.20757731854519337,0.1312480400594715,0.05,908,124
Atria,Epicardium,5.396191546805826,0.5875625699358196,6.431554168051739,0.033632094819120446,0.0,908,179
Atria,Epidermal progenitor (anterior),4.861449355844411,0.0926058946385974,0.8494040677640315,0.010863984836950002,0.77,908,157
Atria,Epidermal progenitor (posterior),5.679466338739656,0.10608422399828547,3.8551208828932055,0.0008340082680563861,0.0,908,6469
Atria,Extraembryonic mesoderm,5.551096084431594,0.14646596469580034,5.708051900370603,0.009675626332360923,0.02,908,4702
Atria,Eye field,5.265744949598578,-0.2910170479407457,-9.218065347347135,0.01273320273927198,0.0,908,2922
Atria,Facial branchiomotor neuron,4.260488577169003,-0.37534258183783775,-3.2315919510378714,0.1359468539812633,0.24,616,43
Atria,Floor plate (anterior),5.067290682406525,-0.2966667365408773,-7.994915042854438,0.003078305125024379,0.0,908,1537
Atria,Floor plate (posterior),5.046512881322361,-0.32677214105448965,-9.675737834619794,0.0012367913005060785,0.0,908,1929
Atria,Foregut,4.8247555258177455,-0.22277754848169481,-6.124852319400823,0.0049622039036835795,0.01,908,977
Atria,Frontonasal mesenchyme,5.4863629154043005,-0.08404313356143985,-2.9805679713527655,0.009259883025353877,0.67,908,4202
Atria,Head paraxial mesoderm,5.7638176094732145,0.17359920175852217,6.777781922081023,0.015047823581690292,0.16,908,10089
Atria,Hemogenic endothelium,5.033369233219723,0.21542871566134902,2.0375338420723126,0.0069749901101674614,0.21,908,73
Atria,Hindbrain (isthmic organizer),5.296774307552319,-0.3604628994758314,-11.953139305267351,0.015711929670436605,0.0,908,2376
Atria,Hindbrain (r1),5.4005570713660775,-0.3478580139755249,-11.724760879957389,0.011125813202706131,0.0,908,6335
Atria,Hindbrain (r2-r4),5.431676839953602,-0.3686314440296347,-12.867093112477727,0.011552050660633917,0.0,908,7748
Atria,Hindbrain (r5-r8),5.458420078492646,-0.3600451134923193,-12.005091381150043,0.00984081679563252,0.0,908,5781
Atria,Hindgut,4.92773353536834,-0.18527916550542667,-5.127975452153279,0.02757780159412142,0.08,908,1110
Atria,Hypaxial myogenic progenitor,4.508020098951231,0.1031471623965885,0.8330714885327319,0.012906012032998489,0.94,616,23
Atria,Hypothalamus,5.160257076395191,-0.35286245428551294,-11.079659337885154,0.010917792765908794,0.0,908,2956
Atria,Inflow tract,6.760911133218497,1.3186677403688238,43.101363535839745,0.02207243936854865,0.0,908,1444
Atria,Intermediate mesoderm (nephrogenic),5.543362312884123,-0.13446123811553848,-4.262401987482044,0.015184366368594306,0.82,908,2580
Atria,Juxtacardiac field,5.85280707825153,0.5095638667385428,12.905153506253306,0.07752461726892224,0.0,908,965
Atria,Left ventricle,5.440367875624763,0.06853521146293347,1.841214040486524,0.009413359108311661,0.25,908,1359
Atria,Megakaryocyte,4.504425478685479,-0.09130892413198281,-0.5810860558056269,0.018726973203801723,0.55,908,58
Atria,Midbrain,5.333889884041536,-0.38037456928449753,-13.025917541930342,0.010786211171579282,0.0,908,7099
Atria,Midbrain neuron,5.073647652371281,-0.13451953616306245,-1.9996278204668136,0.02941217786468067,0.15,908,353
Atria,Midgut,4.981468236160932,-0.17418596419400778,-5.677958669626757,0.009618875409302329,0.01,908,2242
Atria,Myotome,4.761363491609276,0.13032301006348934,1.1247829414594022,0.0015777093662746374,0.59,908,65
Atria,Nascent somite,5.44720106158378,-0.1608738376554859,-5.2172610985753956,0.03138295092952272,0.16,908,2502
Atria,Notochord,4.972761270428984,-0.20069421201257528,-5.03331827938461,0.0051940936355064846,0.0,908,749
Atria,Olfactory placode,5.449651945881037,0.04930580859594021,1.4792035895683338,0.0012563145108121696,0.66,908,1680
Atria,Otic placode,5.421387494497531,0.0294022805886837,0.9488718506043442,0.007848564290141496,0.17,908,1357
Atria,Outflow tract,5.780430146793651,0.46496999293883273,11.625483065442795,0.07597470442981305,0.0,908,586
Atria,Periocular mesoderm,4.905204927507526,-0.1583829888244305,-3.7466431928647315,0.0037957494562010237,0.02,908,798
Atria,Pharyngeal arch mesenchyme,5.45802863271388,-0.11117688149049876,-3.5715055208644877,0.015503969900747507,0.46,908,4598
Atria,Pharyngeal endoderm,5.031104038505331,-0.23596379281182825,-7.472942856887415,0.0024544509527182584,0.0,908,2292
Atria,Pharyngeal mesoderm,6.0418862788593515,0.5004763150052124,16.520402990106472,0.05128558801680473,0.0,908,2901
Atria,Pre-placodal ectoderm,5.5556769842578335,0.06621361157349022,2.064532050286507,0.0049587480476314585,0.67,908,3388
Atria,Prechordal plate,4.096066269825708,-0.278811619468556,-1.5809119119567259,0.14312115142274762,0.94,908,38
Atria,Presomitic mesoderm,5.626262238573745,-0.22420777593714547,-8.483540570992956,0.006070911412644289,0.0,908,9179
Atria,Primordial germ cell,4.508592390645615,-0.09713482910230287,-1.4764777804759184,0.02392544181018115,1.0,908,141
Atria,Respiratory progenitor,4.914738395338764,-0.17566753073647887,-4.045727038820248,0.02443433067506656,0.9,908,531
Atria,Right ventricle,5.916218721255116,0.5353640812485617,14.415818541519707,0.03214647729227719,0.0,908,991
Atria,Roof plate (anterior),5.131266968324736,-0.1253492309986918,-1.8705739683740639,0.006752323744165543,0.2,908,384
Atria,Roof plate (posterior),5.434179679153588,-0.17194367505629238,-5.156849620460089,0.009239023907284849,0.02,908,1395
Atria,Sclerotome,5.6369323809091965,-0.05945973143733093,-1.6819474768000104,0.012261731404089534,0.02,908,8569
Atria,Second heart field (anterior),6.054383365742626,0.829060259915682,18.675758043846994,0.051484103137685616,0.0,908,420
Atria,Second heart field (posterior),6.84359512522995,1.4293443183680934,36.128585220170244,0.03764075437575733,0.0,908,984
Atria,Somatic mesoderm,6.54798930289212,0.6640015971410254,23.76290612386826,0.007904777103658759,0.0,908,16744
Atria,Somatic mesoderm (anterior),5.577642261554629,0.3702332779215771,6.599928898326969,0.05474999007328257,0.11,908,274
Atria,Somatic mesoderm (tailbud),4.43998420627524,0.01466076882822757,-0.06099699413429397,0.1566154806264144,0.2,908,23
Atria,Somatic motor neuron,4.694220735551917,-0.08574746377711258,-2.2633090328943792,0.05458135464764609,0.62,908,134
Atria,Spinal cord (cervical),5.443219174788784,-0.3780416468942323,-13.24732088662478,0.006381162422286738,0.0,908,8692
Atria,Spinal cord (lumbar),5.384008118184308,-0.22092493609973415,-6.107315979626112,0.012505327599930734,0.02,908,3152
Atria,Spinal cord (thoracic),5.508825471847847,-0.3336352443124415,-11.937588542886154,0.008698775992253938,0.0,908,12419
Atria,Spinal cord interneuron progenitor,4.722928482765631,-0.01341312978710126,-0.1312010094322351,0.011214225911532451,0.96,908,65
Atria,Splanchnic mesoderm,6.189979209581409,0.2592932819944573,8.950365502513202,0.0007799752520075495,0.0,908,15340
Atria,Splanchnic mesoderm (cardiopulmonary),6.3570284427865955,1.0174056396183178,23.84538228027782,0.09953564636384435,0.0,908,893
Atria,Splanchnic mesoderm (septum transversum),5.986790696913439,0.6414051590343369,16.57842365821077,0.026823166967272216,0.0,908,701
Atria,Surface ectoderm (anterior),5.548463285427999,0.13522693871617472,4.096803342912733,0.009972863611848728,0.58,908,2325
Atria,Surface ectoderm (posterior),5.157955823016773,0.05188594438838123,0.902854944511414,0.006115156739924009,0.59,908,224
Atria,Telencephalon (dorsal),5.4128433635973,-0.3099055403877644,-10.624452594924493,0.0067212983546301374,0.0,908,9362
Atria,Trigeminal branchiomotor neuron,4.002913760122705,-0.2893717004751439,-0.878926295756616,0.11694830329337916,0.94,908,27
Atria,Trigeminal placode,5.529579247985194,0.04388433406490962,1.2452932299366573,0.0024219582325304863,0.85,908,1875
Atria,Trigeminal sensory neuron,5.117446774421476,0.06366547965227227,0.9198653328091945,0.01727247649985568,0.89,908,268
Atria,Trunk neural crest,5.236371774811104,-0.10218985921175723,-2.2460034445067794,0.0019435255944041238,0.41,908,917
Atria,Vagal neural crest,5.425619192162174,-0.08576222980721109,-2.665005561769934,0.0035853544142978,0.56,908,1902
Atria,Visceral motor neuron,4.743575916249146,-0.08637332202186669,-1.620506270067218,0.023545463320893474,0.77,908,140
Atria,Yolk sac endothelial cell,5.114659519806797,0.35262065461918546,2.562894183759383,0.05724405655679727,0.03,908,60
Atrioventricular canal,Atrioventricular canal,8.999999999644979,7.105427357601002e-15,7.103576648174118e-05,3.155443620884047e-28,1.0,391,391
Atrioventricular canal,Axial progenitor,5.232614878512375,-0.33520088070569337,-7.454851627948151,0.007813447031746776,0.0,391,2321
Atrioventricular canal,Cranial neural crest (anterior),5.193543146885399,-0.26439549042363364,-5.853313389272441,0.0004919324102473232,0.0,391,3419
Atrioventricular canal,Cranial neural crest (posterior),5.049577219393519,-0.2839687292718753,-6.160095395615586,0.005206132062257342,0.0,391,2121
Atrioventricular canal,Dermomyotome,5.446664329964476,-0.23028016788748543,-5.7057431597798525,0.0032496437363466885,0.0,391,11171
Atrioventricular canal,Diencephalon,5.073765551656677,-0.3813616756698283,-8.04124830764281,0.001616336852274809,0.0,391,2914
Atrioventricular canal,Dl2-6 interneuron,4.379578139338893,-0.08483068533455906,-0.8105659012969636,0.019913855264734485,0.84,391,49
Atrioventricular canal,Endocardial cell,6.010914268609228,0.9196976798498806,17.405189486750583,0.03149847136205177,0.0,391,367
Atrioventricular canal,Endothelial cell,5.687841250538134,0.22310690603380756,5.197405889646988,0.00956634350779834,0.0,391,1344
Atrioventricular canal,Endothelial progenitor,5.6029675457881565,-0.1020311258565257,-2.5011158839324232,0.005662064219248534,0.72,391,4455
Atrioventricular canal,Epibranchial placode,5.152006008215362,-0.11119018969141958,-2.124392376832113,0.00237761453968226,0.14,391,2681
Atrioventricular canal,Epibranchial sensory neuron,4.603847708321125,-0.09679509050106076,-0.9507430168673826,0.004364120715012267,0.75,391,124
Atrioventricular canal,Epicardium,5.153885399882038,0.4854102528313134,6.72828534223795,0.23325615446500567,0.84,391,179
Atrioventricular canal,Epidermal progenitor (anterior),4.699860687638155,0.05864407269425165,0.8018408617958582,0.057119474433689164,0.84,391,157
Atrioventricular canal,Epidermal progenitor (posterior),5.2797151866415755,-0.15141504956514704,-3.373554961097124,0.004535102508722603,0.07,391,6469
Atrioventricular canal,Extraembryonic mesoderm,5.708694489397867,0.44868302775244917,11.684339461792073,0.030079613015765214,0.0,391,4702
Atrioventricular canal,Eye field,5.014097627295769,-0.3998686976990671,-8.206196921154586,0.010589485409113227,0.0,391,2922
Atrioventricular canal,Facial branchiomotor neuron,4.15510128467482,-0.33251930707583055,-2.862673523889192,0.1309963603380759,0.47,213,43
Atrioventricular canal,Floor plate (anterior),5.117812106983082,-0.09704344755710892,-2.072522078902539,0.0021457202342142936,0.43,391,1537
Atrioventricular canal,Floor plate (posterior),5.110557480225974,-0.11501863284746783,-2.400498392915772,0.0016171840675143964,0.06,391,1929
Atrioventricular canal,Foregut,5.001819021725873,0.09211393386739264,2.0540612371007883,0.006177204130018614,0.97,391,977
Atrioventricular canal,Frontonasal mesenchyme,5.208247463247733,-0.21085886841754883,-4.240397589994906,0.0011519052922830324,0.0,391,4202
Atrioventricular canal,Head paraxial mesoderm,5.599993352624388,0.1544323238484789,4.2543922339317595,0.0009997549715404545,0.02,391,10089
Atrioventricular canal,Hemogenic endothelium,4.764574749675671,0.07911745947367521,0.8636274537655627,0.07092187800920256,0.9,391,73
Atrioventricular canal,Hindbrain (isthmic organizer),5.181813096801135,-0.3323810896528198,-7.237126009894347,0.006702022849128811,0.0,391,2376
Atrioventricular canal,Hindbrain (r1),5.283113132964162,-0.318034550953518,-7.389276706702951,0.004533992530228491,0.0,391,6335
Atrioventricular canal,Hindbrain (r2-r4),5.2603051394994385,-0.4032947303241962,-9.101253427221875,0.005042776633640405,0.0,391,7748
Atrioventricular canal,Hindbrain (r5-r8),5.283261836872526,-0.390671690019623,-9.211224380779976,0.009731201887800918,0.0,391,5781
Atrioventricular canal,Hindgut,4.954354670454632,-0.011197882452478916,0.08902803427828698,0.008568244104172276,0.62,391,1110
Atrioventricular canal,Hypaxial myogenic progenitor,4.181611916403289,-0.07166590977105836,-0.6169763373628997,0.007657828029423136,1.0,213,23
Atrioventricular canal,Hypothalamus,5.109887124891322,-0.25683582728768845,-5.831293004305984,0.0011761953873775472,0.0,391,2956
Atrioventricular canal,Inflow tract,6.171959887468668,0.876885776037159,20.49469157713539,0.004557044038619536,0.0,391,1444
Atrioventricular canal,Intermediate mesoderm (nephrogenic),5.275782665555933,-0.2539082553178809,-5.5954559793635115,0.004351133957385494,0.0,391,2580
Atrioventricular canal,Juxtacardiac field,5.631499581609681,0.43228616270460957,10.115398823887938,0.010544970988144716,0.0,391,965
Atrioventricular canal,Left ventricle,6.247587211432833,1.022626283325324,24.80123206730994,0.022364056914916525,0.0,391,1359
Atrioventricular canal,Megakaryocyte,4.43398621051632,-0.030587291772324516,-0.15957615627648888,0.00972634259535739,0.53,391,58
Atrioventricular canal,Midbrain,5.224162849714928,-0.3368468363276393,-7.235295622602543,0.004801295494684758,0.0,391,7099
Atrioventricular canal,Midbrain neuron,4.8942380520632165,-0.15367172862467923,-2.346576741354079,0.0029319824050975524,0.29,391,353
Atrioventricular canal,Midgut,5.0457259849572695,0.040100233550429465,0.8319469100316935,0.0028248439154983573,0.59,391,2242
Atrioventricular canal,Myotome,4.448407635236389,-0.03514331982966142,-0.49715123000777983,0.010486182461668605,0.66,391,65
Atrioventricular canal,Nascent somite,5.260547028591844,-0.19965931865808853,-4.427440629421462,0.006429449398953692,0.02,391,2502
Atrioventricular canal,Notochord,5.129514307191157,0.10376777592548543,1.6971659087226172,0.02256535803338238,0.17,391,749
Atrioventricular canal,Olfactory placode,5.165950180563767,-0.07964738939284673,-1.9350913394791014,0.0037768457428134653,0.82,391,1680
Atrioventricular canal,Otic placode,5.04637355415245,-0.20266291107671938,-4.170450879657754,0.005299703556153836,0.0,391,1357
Atrioventricular canal,Outflow tract,5.4442148681083795,0.27966888513936033,5.638749501854352,0.009132813224446337,0.0,391,586
Atrioventricular canal,Periocular mesoderm,5.111266996665599,0.19465410429806576,3.890797100665292,0.012377070354515145,0.3,391,798
Atrioventricular canal,Pharyngeal arch mesenchyme,5.183204471108416,-0.24429616107999527,-5.148813605787788,0.001278186914852997,0.0,391,4598
Atrioventricular canal,Pharyngeal endoderm,5.2139360962213415,0.09539371377493004,1.9679118638195972,0.004162478835928907,0.45,391,2292
Atrioventricular canal,Pharyngeal mesoderm,5.563903610362989,0.17239861216599875,4.40749138421116,0.0065619436057445775,0.0,391,2901
Atrioventricular canal,Pre-placodal ectoderm,5.2755856567088495,-0.06881158801359415,-1.4433122486822956,0.0015182603445682823,0.51,391,3388
Atrioventricular canal,Prechordal plate,4.114227597204267,-0.11410260523533407,-0.9371555881154441,0.011534345780173122,0.96,391,38
Atrioventricular canal,Presomitic mesoderm,5.362518371348521,-0.34306730906224797,-9.619081228963624,0.00605387358339956,0.0,391,9179
Atrioventricular canal,Primordial germ cell,4.542584681017666,0.08035182587806282,1.580175096666563,0.09050909547953058,0.05,391,141
Atrioventricular canal,Respiratory progenitor,5.028413730082281,0.07842488362775353,1.6578121025103183,0.006103609888391472,0.86,391,531
Atrioventricular canal,Right ventricle,5.625889546014967,0.39146249462702204,8.919881084253957,0.006408105357740609,0.0,391,991
Atrioventricular canal,Roof plate (anterior),4.922651968048097,-0.18579667781677056,-2.587230385166538,0.006799794102152892,0.13,391,384
Atrioventricular canal,Roof plate (posterior),5.164149958566338,-0.30164691934857935,-6.602973086608025,0.0018217755239153671,0.0,391,1395
Atrioventricular canal,Sclerotome,5.43097057067595,-0.11259232694664985,-2.6822590748833064,0.003151462456007304,0.04,391,8569
Atrioventricular canal,Second heart field (anterior),5.3837808569293815,0.2991935694941181,5.410490646494254,0.016667839246308134,0.0,391,420
Atrioventricular canal,Second heart field (posterior),5.511617046088865,0.24552493841214348,5.4218596952489335,0.053622664687333746,0.17,391,984
Atrioventricular canal,Somatic mesoderm,5.702629811243824,-0.036960887922268114,-1.098052164084765,0.003971218339326826,0.88,391,16744
Atrioventricular canal,Somatic mesoderm (anterior),5.001748473388866,-0.058490688574111736,-0.7119948562598765,0.009385973360345145,0.48,391,274
Atrioventricular canal,Somatic mesoderm (tailbud),4.318962735693215,0.019189244612899465,-0.06783656984052637,0.09763435760886552,0.37,391,23
Atrioventricular canal,Somatic motor neuron,4.603113480669709,-0.02772426242528662,-1.0128163371094525,0.036180173861639284,0.65,391,134
Atrioventricular canal,Spinal cord (cervical),5.296689749471317,-0.38569517322541724,-9.542434660273965,0.005785485453547728,0.0,391,8692
Atrioventricular canal,Spinal cord (lumbar),5.167522146150597,-0.2860925422218263,-5.985055913917058,0.005669507091299439,0.0,391,3152
Atrioventricular canal,Spinal cord (thoracic),5.3369013099044835,-0.36337664204086995,-9.03681500328974,0.009056239003719926,0.0,391,12419
Atrioventricular canal,Spinal cord interneuron progenitor,4.5102778213455785,-0.08363869749967219,-0.3551016455061699,0.018093422465488437,0.79,391,65
Atrioventricular canal,Splanchnic mesoderm,5.672513700059849,-0.11271201128151216,-2.6104087134661818,0.004750600519884152,0.07,391,15340
Atrioventricular canal,Splanchnic mesoderm (cardiopulmonary),5.245505919868709,0.058393670507085695,0.9325908055146753,0.006714233618542427,0.47,391,893
Atrioventricular canal,Splanchnic mesoderm (septum transversum),5.675511628735433,0.47499827380451354,8.850032236176899,0.02372804311412952,0.0,391,701
Atrioventricular canal,Surface ectoderm (anterior),5.24850795725467,-0.02221325087658806,-0.4203299044127622,0.0020570922849642713,0.55,391,2325
Atrioventricular canal,Surface ectoderm (posterior),5.04329591152799,0.0811292228957831,1.0370518933374753,0.017373333100956085,0.88,391,224
Atrioventricular canal,Telencephalon (dorsal),5.210772818813283,-0.3639714903347828,-8.312500364157422,0.003523509187841284,0.0,391,9362
Atrioventricular canal,Trigeminal branchiomotor neuron,4.124606933432081,-0.014714324476874227,-0.07630072454117108,0.0808727286268743,0.85,391,27
Atrioventricular canal,Trigeminal placode,5.22297868241155,-0.12047156810882272,-2.4202801399462497,0.004116300341314785,0.45,391,1875
Atrioventricular canal,Trigeminal sensory neuron,4.713108018302424,-0.1970242946104183,-2.322193829655722,0.014809937067996218,0.37,391,268
Atrioventricular canal,Trunk neural crest,5.073539613343694,-0.12384864047906745,-2.3567968884466186,0.0018635313403468038,0.13,391,917
Atrioventricular canal,Vagal neural crest,5.1598547116952025,-0.2004186271949123,-4.137216096309359,0.00734880233965719,0.01,391,1902
Atrioventricular canal,Visceral motor neuron,4.451273720833052,-0.2533242899143346,-1.8556195394599293,0.033709910883522355,0.23,391,140
Atrioventricular canal,Yolk sac endothelial cell,4.514726409056091,-0.09946328864938107,-0.7515099143567113,0.027296662081674094,0.62,391,60
Axial progenitor,Axial progenitor,8.999999999949429,-2.960594732333751e-15,-2.960521047973333e-05,3.797050490463804e-28,1.0,2321,2321
Axial progenitor,Cranial neural crest (anterior),6.0437444769894775,0.08505766645157149,3.1981076876062935,0.008693311860936782,0.34,2321,3419
Axial progenitor,Cranial neural crest (posterior),5.977398844525932,0.14426492673926905,5.308070784567524,0.008386370120927257,0.07,2321,2121
Axial progenitor,Dermomyotome,6.335692408269868,0.15852115185783808,8.641040826896372,0.0007693170139878058,0.0,2321,11171
Axial progenitor,Diencephalon,6.007495877526473,0.05359406095369431,1.929697093017057,0.0064915535163867395,0.88,2321,2914
Axial progenitor,Dl2-6 interneuron,4.934662368871939,-0.024162655709170828,0.6881079947943188,0.13579483935589234,0.35,2321,49
Axial progenitor,Endocardial cell,5.306111128305525,-0.28581097127033406,-5.79714082815991,0.001121825279485831,0.0,2321,367
Axial progenitor,Endothelial cell,5.707009230914971,-0.2582301957629601,-9.440294736394302,0.0025051162066111908,0.0,2321,1344
Axial progenitor,Endothelial progenitor,6.046453201932997,-0.16099910472988851,-8.123695580488773,0.0016076346497077504,0.0,2321,4455
Axial progenitor,Epibranchial placode,5.604416553299885,-0.1603196895393193,-6.067718224575618,0.0013763276943454775,0.0,2321,2681
Axial progenitor,Epibranchial sensory neuron,5.179942006586827,-0.015962813045514206,-0.4054676942106575,0.005764021125763419,0.91,2321,124
Axial progenitor,Epicardium,4.889670185082881,-0.28333663710009915,-5.022311096838817,0.02247096892333818,0.52,2321,179
Axial progenitor,Epidermal progenitor (anterior),4.910385597412983,-0.22647069883198037,-1.6924190332871707,0.046346984256363355,0.55,2321,157
Axial progenitor,Epidermal progenitor (posterior),5.89981918932819,-0.027822494404296627,-1.4735178107067586,0.0034317427053707893,0.16,2321,6469
Axial progenitor,Extraembryonic mesoderm,5.312216666573718,-0.4459560170012778,-24.876046377906476,0.0051455647618308155,0.0,2321,4702
Axial progenitor,Eye field,5.9516782809220965,0.038711377294835536,1.105505370697961,0.0066322348483985214,0.71,2321,2922
Axial progenitor,Facial branchiomotor neuron,4.814753371900951,-0.18097644616840114,-1.7648226717004487,0.011159256222769785,0.29,1562,43
Axial progenitor,Floor plate (anterior),5.793719228402762,0.07794367567899219,2.5648742205491892,0.01803004621094291,0.28,2321,1537
Axial progenitor,Floor plate (posterior),5.901791684393944,0.1753832934589079,6.800588214928291,0.01695485952187885,0.0,2321,1929
Axial progenitor,Foregut,5.126598598434893,-0.27116740845746506,-8.462612600689624,0.01470357276709439,0.0,2321,977
Axial progenitor,Frontonasal mesenchyme,5.935859621272349,0.012956826098655227,0.3163992319465945,0.004725143160942405,0.6,2321,4202
Axial progenitor,Head paraxial mesoderm,5.7753367512575835,-0.16980223804935987,-9.283316709727893,5.374827804755075e-05,0.0,2321,10089
Axial progenitor,Hemogenic endothelium,4.888971790777075,-0.2961108931133222,-3.1110527016231444,0.05811836278805052,0.66,2321,73
Axial progenitor,Hindbrain (isthmic organizer),6.098855359522015,0.08967255960343017,3.9585952459166696,0.017727242551646687,0.09,2321,2376
Axial progenitor,Hindbrain (r1),6.210662661580905,0.11104765770155378,5.548750917897029,0.0107615765512876,0.22,2321,6335
Axial progenitor,Hindbrain (r2-r4),6.3563520766671715,0.1970003928017207,10.41386354571197,0.008812737050490009,0.0,2321,7748
Axial progenitor,Hindbrain (r5-r8),6.458340160264743,0.2846141636340957,14.012810080530505,0.0036325680920350693,0.0,2321,5781
Axial progenitor,Hindgut,5.149078684316298,-0.3125129479185933,-10.586705082536843,0.0044530373665477236,0.0,2321,1110
Axial progenitor,Hypaxial myogenic progenitor,4.568084112431834,-0.18505346874107076,-0.9955574137184371,0.0029495134277184414,0.44,1562,23
Axial progenitor,Hypothalamus,5.8640925158518975,0.00033744525598263425,-0.14475000300887983,0.0028210722463671255,0.19,2321,2956
Axial progenitor,Inflow tract,5.491751495801651,-0.30130461804567243,-11.879348064874307,0.007095850936892125,0.0,2321,1444
Axial progenitor,Intermediate mesoderm (nephrogenic),6.182953251940231,0.1536349517409145,6.914586090609497,0.0022998394275437315,0.0,2321,2580
Axial progenitor,Juxtacardiac field,5.426260642371989,-0.26864871590059075,-10.045917233011489,0.0030106719254415996,0.0,2321,965
Axial progenitor,Left ventricle,5.367959671643689,-0.3553296179123014,-13.607432145069202,0.018143901090615554,0.0,2321,1359
Axial progenitor,Megakaryocyte,4.565213144036526,-0.38229765305517177,-3.4125856739078784,0.0037087481042864306,0.01,2321,58
Axial progenitor,Midbrain,6.1410872901127105,0.07516078997494269,3.635476504565459,0.01738250297291806,0.0,2321,7099
Axial progenitor,Midbrain neuron,5.560646546082244,0.006586282969703798,-0.6316060085096592,0.03275092370718434,0.64,2321,353
Axial progenitor,Midgut,5.1422217903438385,-0.3647767053387465,-14.887196490749554,0.018446638648826653,0.0,2321,2242
Axial progenitor,Myotome,4.989103588048891,0.013019078026336691,-0.36275729699392883,0.04908884027548083,0.46,2321,65
Axial progenitor,Nascent somite,6.373754218787652,0.4138775218228859,16.602619541332448,0.016334101293188182,0.0,2321,2502
Axial progenitor,Notochord,5.280724934179947,-0.24566220995299629,-7.671809224803788,0.003771555210482558,0.0,2321,749
Axial progenitor,Olfactory placode,5.683319392118612,-0.07158283035973885,-2.4665637420029216,0.001439776665782213,0.26,2321,1680
Axial progenitor,Otic placode,5.710949652496697,-0.038329813654081946,-1.482661471923316,0.007504437482910823,0.8,2321,1357
Axial progenitor,Outflow tract,5.421292440649008,-0.24211195180009396,-6.2763071827239685,0.0008134930047009607,0.0,2321,586
Axial progenitor,Periocular mesoderm,5.173092211049817,-0.23900240752783594,-6.762533123258982,0.001614854481709144,0.0,2321,798
Axial progenitor,Pharyngeal arch mesenchyme,5.9760697673691645,0.05096851120251511,1.8601305306399742,0.01385489404383781,0.0,2321,4598
Axial progenitor,Pharyngeal endoderm,5.327503267166358,-0.291975416098546,-14.199967349644842,0.009292868771572226,0.0,2321,2292
Axial progenitor,Pharyngeal mesoderm,5.638550172925282,-0.2530666376629022,-12.128246339843718,0.0005534021333116841,0.0,2321,2901
Axial progenitor,Pre-placodal ectoderm,5.706571801718919,-0.13498200614985065,-5.3439614023229645,0.0010170617682723209,0.0,2321,3388
Axial progenitor,Prechordal plate,4.489019534930288,-0.23051537403592773,-1.53183237932981,0.018851408582649443,0.27,2321,38
Axial progenitor,Presomitic mesoderm,7.327632671546584,1.1256234702026537,67.47937456025211,0.02247719365045847,0.0,2321,9179
Axial progenitor,Primordial germ cell,4.481149874767067,-0.4822593904882832,-7.502029562959245,0.023500438137819553,0.0,2321,141
Axial progenitor,Respiratory progenitor,5.162150637938684,-0.2847811027040157,-7.236364456244132,0.0025992160416683186,0.0,2321,531
Axial progenitor,Right ventricle,5.465686533897908,-0.27232042093728676,-8.821449494562868,0.002910248702848649,0.0,2321,991
Axial progenitor,Roof plate (anterior),5.685563223636625,0.07239412218359043,1.0583278866053891,0.006638656489043196,0.78,2321,384
Axial progenitor,Roof plate (posterior),6.262535674918724,0.2998775895863813,10.401510487866304,0.011992102079296723,0.0,2321,1395
Axial progenitor,Sclerotome,6.027944450420615,-0.019072824791621795,-0.8718541321681567,0.0027723036071899553,0.04,2321,8569
Axial progenitor,Second heart field (anterior),5.356780556143484,-0.2282817708408468,-5.351330261718565,0.00187864935975223,0.0,2321,420
Axial progenitor,Second heart field (posterior),5.536755001818199,-0.23498743359013563,-7.495453980562513,0.004188961842038374,0.0,2321,984
Axial progenitor,Somatic mesoderm,6.134199131578911,-0.10482630675888238,-5.861679854945,0.0018098810096240793,0.0,2321,16744
Axial progenitor,Somatic mesoderm (anterior),5.435064823718533,-0.12749493628218822,-2.0982247958344993,0.005456816906023196,0.17,2321,274
Axial progenitor,Somatic mesoderm (tailbud),5.109446391756311,0.31811437721614233,1.6323288532912843,0.011598297584630126,0.25,2321,23
Axial progenitor,Somatic motor neuron,5.403232165212358,0.27677222954943365,1.653838313184376,0.09094479655955996,0.66,2321,134
Axial progenitor,Spinal cord (cervical),6.564183610384235,0.384237076731712,19.411851751841272,0.005296786955185367,0.0,2321,8692
Axial progenitor,Spinal cord (lumbar),7.2081725698931605,1.2507371333603479,50.52408683370973,0.07114102411004655,0.0,2321,3152
Axial progenitor,Spinal cord (thoracic),7.11463755522913,0.9139388911082446,50.87278103730776,0.029305436651857655,0.0,2321,12419
Axial progenitor,Spinal cord interneuron progenitor,5.365254672388306,0.27752925374249376,2.08407110044222,0.015650439834692557,0.17,2321,65
Axial progenitor,Splanchnic mesoderm,6.3112471602991755,0.02775533387861362,1.2850230045016124,0.015773983541909845,0.3,2321,15340
Axial progenitor,Splanchnic mesoderm (cardiopulmonary),5.547178594966275,-0.14499591630937983,-4.653486516213115,0.002675573361281613,0.01,2321,893
Axial progenitor,Splanchnic mesoderm (septum transversum),5.417847806283607,-0.2774030887413221,-7.893387265066242,0.009512363210490636,0.0,2321,701
Axial progenitor,Surface ectoderm (anterior),5.597320643956486,-0.16928719770149728,-6.587718967229395,0.0005649681104177216,0.0,2321,2325
Axial progenitor,Surface ectoderm (posterior),5.229963798571979,-0.22923408615929622,-3.955918375115824,0.0043914007039752186,0.04,2321,224
Axial progenitor,Telencephalon (dorsal),6.125478276634099,0.05116278061157361,2.9404139586416562,0.0034317173785642554,0.99,2321,9362
Axial progenitor,Trigeminal branchiomotor neuron,4.646169903033588,0.02748740507956023,-0.6146168467824439,0.15222679153979918,0.36,2321,27
Axial progenitor,Trigeminal placode,5.794404508813176,-0.046711519004785394,-1.8086557971581911,0.004136539166617355,0.93,2321,1875
Axial progenitor,Trigeminal sensory neuron,5.3727317811567445,-0.035220035769053304,-1.0820970409198447,0.011424796679161454,0.46,2321,268
Axial progenitor,Trunk neural crest,5.970684404825422,0.27525687347958705,8.214607783921123,0.0072782573015306795,0.0,2321,917
Axial progenitor,Vagal neural crest,6.040412815089525,0.1768488821714517,6.259458278077805,0.008425241479081818,0.0,2321,1902
Axial progenitor,Visceral motor neuron,5.162235846716029,-0.022470901492249357,-0.36233602589537456,0.018193880341777376,0.97,2321,140
Axial progenitor,Yolk sac endothelial cell,4.910521689731675,-0.2218885609191942,-2.2208637205540547,0.014493642753200042,0.53,2321,60
Cranial neural crest (anterior),Cranial neural crest (anterior),8.999999999947056,1.1842378929335004e-14,0.00011839497604562549,2.7241996593632277e-28,1.0,3419,3419
Cranial neural crest (anterior),Cranial neural crest (posterior),6.464881712259484,0.7387848221858254,28.30174140655703,0.04591796908755856,0.0,3419,2121
Cranial neural crest (anterior),Dermomyotome,5.794769336659364,-0.2764720747767638,-16.770144800179413,0.0019547620570511417,0.0,3419,11171
Cranial neural crest (anterior),Diencephalon,6.371941046497649,0.5263398245248933,23.425846765150908,0.027154102147170595,0.0,3419,2914
Cranial neural crest (anterior),Dl2-6 interneuron,4.935530574364969,0.06907360314274191,1.5493541186298723,0.1712727348627559,0.5,3419,49
Cranial neural crest (anterior),Endocardial cell,5.183694157645497,-0.3014670684327904,-5.815044100691004,0.0018447418410882566,0.0,3419,367
Cranial neural crest (anterior),Endothelial cell,5.5943572167827655,-0.26551509823670943,-9.3759144599599,0.0003566392632236647,0.0,3419,1344
Cranial neural crest (anterior),Endothelial progenitor,5.873390737850126,-0.22692804620708648,-11.01778641318186,0.0012862611503439343,0.0,3419,4455
Cranial neural crest (anterior),Epibranchial placode,5.876996030081119,0.2214744010868873,9.579752381582631,0.005203744370111511,0.0,3419,2681
Cranial neural crest (anterior),Epibranchial sensory neuron,5.446579170693146,0.37350876876450617,3.377873312785981,0.04417090122409239,0.04,3419,124
Cranial neural crest (anterior),Epicardium,4.758893523639878,-0.3012662652990186,-3.579726516764403,0.009070733166928448,0.11,3419,179
Cranial neural crest (anterior),Epidermal progenitor (anterior),5.159033138460102,0.12762591507820767,1.573528086241892,0.013278830666558598,0.94,3419,157
Cranial neural crest (anterior),Epidermal progenitor (posterior),6.044363175667489,0.22188108039933704,12.833242577117746,0.0030392628664148522,0.0,3419,6469
Cranial neural crest (anterior),Extraembryonic mesoderm,5.269628922862862,-0.3824591779845061,-22.37075429623512,0.0007753789501658591,0.0,3419,4702
Cranial neural crest (anterior),Eye field,6.161249200900826,0.3574433202096697,13.419957056723518,0.06723670103947832,0.0,3419,2922
Cranial neural crest (anterior),Facial branchiomotor neuron,4.58521756857247,-0.31237519162045135,-2.50868968826191,0.006836008354253394,0.03,1776,43
Cranial neural crest (anterior),Floor plate (anterior),5.2811850375864955,-0.3253539760748551,-12.875533806327605,0.007676367360709405,0.0,3419,1537
Cranial neural crest (anterior),Floor plate (posterior),5.234105309556381,-0.3862062446501522,-16.47149283782246,0.0008742373711276918,0.0,3419,1929
Cranial neural crest (anterior),Foregut,4.957951952145983,-0.33106142967450997,-10.579847244687263,0.007178051049748711,0.0,3419,977
Cranial neural crest (anterior),Frontonasal mesenchyme,7.0704263650769255,1.2554656547434118,58.89616818494806,0.07789354647523608,0.0,3419,4202
Cranial neural crest (anterior),Head paraxial mesoderm,5.527820485418957,-0.30972583453420643,-18.788326572071337,0.001017466947466141,0.0,3419,10089
Cranial neural crest (anterior),Hemogenic endothelium,5.0100463871175345,-0.06997617653060217,-0.55813389445914,0.15120274821735227,0.93,3419,73
Cranial neural crest (anterior),Hindbrain (isthmic organizer),6.29343678012106,0.3879356921504226,17.490076121742433,0.039973900379615006,0.0,3419,2376
Cranial neural crest (anterior),Hindbrain (r1),6.469054150194462,0.475900684316193,25.442365840938347,0.006249436255304303,0.0,3419,6335
Cranial neural crest (anterior),Hindbrain (r2-r4),6.3476585024158725,0.29543384147573537,17.32373719609205,0.01704916293848041,0.0,3419,7748
Cranial neural crest (anterior),Hindbrain (r5-r8),6.142833276656387,0.07623664994978825,3.894822624204746,0.022770061833145883,0.01,3419,5781
Cranial neural crest (anterior),Hindgut,4.950023744158208,-0.40111558210922205,-13.030296563083306,0.011845480865487874,0.0,3419,1110
Cranial neural crest (anterior),Hypaxial myogenic progenitor,4.439428021933371,-0.1828694116419225,-0.813040088752288,0.010134505063669582,0.56,1776,23
Cranial neural crest (anterior),Hypothalamus,5.672768939821547,-0.08716553239736857,-3.51270720702294,0.02827519356370685,0.0,3419,2956
Cranial neural crest (anterior),Inflow tract,5.443317916487289,-0.24379971607987846,-8.860439658388257,0.0032646290725276243,0.0,3419,1444
Cranial neural crest (anterior),Intermediate mesoderm (nephrogenic),5.845666943978991,-0.07916578277293922,-3.591261861124057,0.005699902162593876,0.29,3419,2580
Cranial neural crest (anterior),Juxtacardiac field,5.258970161736529,-0.32964100718105477,-10.761926083134918,0.0027033200701703135,0.0,3419,965
Cranial neural crest (anterior),Left ventricle,5.249974368108467,-0.3667903924376474,-13.756417297236922,0.002563774757018478,0.0,3419,1359
Cranial neural crest (anterior),Megakaryocyte,4.464700765066282,-0.3697133988287842,-2.9176834591282805,0.013176274766705891,0.03,3419,58
Cranial neural crest (anterior),Midbrain,6.426533387039939,0.46846416528639906,24.54807592196526,0.0322498447144269,0.0,3419,7099
Cranial neural crest (anterior),Midbrain neuron,6.008808323433496,0.5585218893641727,10.087743136919677,0.005846674677622768,0.0,3419,353
Cranial neural crest (anterior),Midgut,4.9834069464770385,-0.41757294504920256,-17.096380236608827,0.012032301407268624,0.0,3419,2242
Cranial neural crest (anterior),Myotome,4.637306216419226,-0.22232440774077192,-1.7689111473008594,0.01720442428615348,0.27,3419,65
Cranial neural crest (anterior),Nascent somite,5.7271297548087015,-0.12572349717873385,-5.512448521232287,0.0038497366037724278,0.01,3419,2502
Cranial neural crest (anterior),Notochord,5.055101505094537,-0.36679115794723227,-11.135713683632765,0.008633234395076005,0.0,3419,749
Cranial neural crest (anterior),Olfactory placode,6.255381473205564,0.608971361246836,23.26798804201432,0.014297010163775695,0.0,3419,1680
Cranial neural crest (anterior),Otic placode,6.166582312317949,0.5246558393306925,19.083825660978594,0.05851961004162966,0.0,3419,1357
Cranial neural crest (anterior),Outflow tract,5.2492506486363295,-0.3121129448314841,-8.442639725469732,0.0018587508475894497,0.0,3419,586
Cranial neural crest (anterior),Periocular mesoderm,5.022570439816021,-0.28607881344946967,-7.713181688945262,0.009213515870964166,0.0,3419,798
Cranial neural crest (anterior),Pharyngeal arch mesenchyme,7.351647188062208,1.535241310348626,70.08959554684698,0.03633231919519968,0.0,3419,4598
Cranial neural crest (anterior),Pharyngeal endoderm,5.153003038323656,-0.35934696582953346,-15.890892889772568,0.0064455982365394845,0.0,3419,2292
Cranial neural crest (anterior),Pharyngeal mesoderm,5.492917676784068,-0.289224686470023,-13.579494578823576,0.0018826585945460122,0.0,3419,2901
Cranial neural crest (anterior),Pre-placodal ectoderm,6.335395462298837,0.598607000590822,28.01581555905912,0.001720959098684016,0.0,3419,3388
Cranial neural crest (anterior),Prechordal plate,4.247571209076426,-0.3958079023341286,-2.414365788455588,0.029848423164925805,0.05,3419,38
Cranial neural crest (anterior),Presomitic mesoderm,6.137543250586198,0.04108380127547928,2.7431433264278056,0.003895879451617181,0.06,3419,9179
Cranial neural crest (anterior),Primordial germ cell,4.348528020269035,-0.4983757901585202,-7.239790584513043,0.015556750035391573,0.0,3419,141
Cranial neural crest (anterior),Respiratory progenitor,4.970809131336875,-0.36693627776326476,-9.716057392446958,0.0015196585893118785,0.0,3419,531
Cranial neural crest (anterior),Right ventricle,5.366906292607027,-0.2613113059970858,-8.652071600723923,0.0038447046913603357,0.0,3419,991
Cranial neural crest (anterior),Roof plate (anterior),6.5424381057884515,1.0386796340300448,21.74539135812756,0.07010690040648627,0.0,3419,384
Cranial neural crest (anterior),Roof plate (posterior),6.36517189964956,0.5071090577227197,18.677546934671344,0.028896047232115214,0.0,3419,1395
Cranial neural crest (anterior),Sclerotome,5.6089339530272815,-0.3297643091887785,-19.712333772594885,0.0033419135041601994,0.0,3419,8569
Cranial neural crest (anterior),Second heart field (anterior),5.272738670071185,-0.20186483021186005,-4.337633915384271,0.018312390085163208,0.31,3419,420
Cranial neural crest (anterior),Second heart field (posterior),5.465101960443165,-0.19596112023016676,-5.893494625943835,0.0008395227690639645,0.0,3419,984
Cranial neural crest (anterior),Somatic mesoderm,5.946637029329107,-0.1834485449748445,-12.77142166726883,0.0013078003479893173,0.0,3419,16744
Cranial neural crest (anterior),Somatic mesoderm (anterior),5.392170730995292,-0.051579107521191915,-1.020416948795066,0.003106507962935618,0.88,3419,274
Cranial neural crest (anterior),Somatic mesoderm (tailbud),4.8190185197645095,0.10964113230967538,0.6089060576439747,0.029554263569761523,0.67,3419,23
Cranial neural crest (anterior),Somatic motor neuron,4.7352954379987855,-0.31663343412613304,-3.580184520216458,0.004976352527559809,0.6,3419,134
Cranial neural crest (anterior),Spinal cord (cervical),6.1138459531407845,0.044455102225027986,3.630318649875624,0.008639782656296667,0.45,3419,8692
Cranial neural crest (anterior),Spinal cord (lumbar),5.877297664517362,0.028124765084080277,0.280243104236446,0.003839137387887283,0.29,3419,3152
Cranial neural crest (anterior),Spinal cord (thoracic),6.115834476858311,0.02502567177384722,2.6308495807064762,0.007602757430107952,0.53,3419,12419
Cranial neural crest (anterior),Spinal cord interneuron progenitor,4.755052917598192,-0.25877392603424987,-2.0741282712018516,0.00932015827742239,0.21,3419,65
Cranial neural crest (anterior),Splanchnic mesoderm,6.099376880006271,-0.07426154955275995,-6.0165752893291,0.002158408633955266,0.22,3419,15340
Cranial neural crest (anterior),Splanchnic mesoderm (cardiopulmonary),5.4818751385510724,-0.10618866266463052,-3.249541045418932,0.0026459229266849395,0.19,3419,893
Cranial neural crest (anterior),Splanchnic mesoderm (septum transversum),5.330479078401297,-0.25846100097582764,-6.512946747745157,0.005311818214305586,0.0,3419,701
Cranial neural crest (anterior),Surface ectoderm (anterior),5.908774427872373,0.24942460638534936,10.167413146461607,0.002711459231706876,0.0,3419,2325
Cranial neural crest (anterior),Surface ectoderm (posterior),5.250321034462253,-0.10645728046931513,-2.0443437067599013,0.026925547576683022,0.24,3419,224
Cranial neural crest (anterior),Telencephalon (dorsal),6.659987753209169,0.69370724018603,39.42883591411334,0.03358431338879511,0.0,3419,9362
Cranial neural crest (anterior),Trigeminal branchiomotor neuron,4.515164890209744,0.019112282894095795,-0.9323631902235947,0.30721508334998915,0.17,3419,27
Cranial neural crest (anterior),Trigeminal placode,6.5771873841350645,0.8443449861789203,33.08015428408145,0.041431331903791384,0.0,3419,1875
Cranial neural crest (anterior),Trigeminal sensory neuron,5.682033611835557,0.3794991237648582,6.252885901882839,0.012337347636145675,0.0,3419,268
Cranial neural crest (anterior),Trunk neural crest,5.933730648427582,0.3456831165800078,9.219550587140825,0.00430685947798813,0.0,3419,917
Cranial neural crest (anterior),Vagal neural crest,6.274875716773415,0.5212011098919161,21.577910834355908,0.03393229633753335,0.0,3419,1902
Cranial neural crest (anterior),Visceral motor neuron,4.798401292768918,-0.26807147098587986,-3.8212041534979377,0.028888696211039025,0.85,3419,140
Cranial neural crest (anterior),Yolk sac endothelial cell,4.920906452644575,-0.09875810523413116,-1.0012312828903351,0.02969249598008966,0.62,3419,60
Cranial neural crest (posterior),Cranial neural crest (posterior),8.999999999971417,8.881784197001252e-15,8.88025931530678e-05,1.2306230121447784e-28,1.0,2121,2121
Cranial neural crest (posterior),Dermomyotome,5.778253689771492,-0.1667080200646073,-8.693042058915275,0.0013121580543470535,0.0,2121,11171
Cranial neural crest (posterior),Diencephalon,5.888238837989344,0.1707301688834407,7.191529425140321,0.00936325413159092,0.01,2121,2914
Cranial neural crest (posterior),Dl2-6 interneuron,5.079703332053171,0.36789296081703843,3.520807509226293,0.2018039628892508,0.74,2121,49
Cranial neural crest (posterior),Endocardial cell,5.090774064635421,-0.26396065837232435,-5.962320645267119,0.0015472456393220571,0.0,2121,367
Cranial neural crest (posterior),Endothelial cell,5.501908400242292,-0.22843607451505013,-7.891647032801873,0.0004166242051967606,0.0,2121,1344
Cranial neural crest (posterior),Endothelial progenitor,5.824420975167011,-0.15068718707735704,-6.910642510801978,0.0072378839618600956,0.0,2121,4455
Cranial neural crest (posterior),Epibranchial placode,5.640421979005244,0.11064088079749161,4.360567239731643,0.0037958484119660356,0.0,2121,2681
Cranial neural crest (posterior),Epibranchial sensory neuron,5.006582011736064,0.04761036577530812,0.5453648401481965,0.006745745117171482,0.99,2121,124
Cranial neural crest (posterior),Epicardium,4.688664101890787,-0.25294154337123026,-3.7805922175645335,0.008258539716746656,0.42,2121,179
Cranial neural crest (posterior),Epidermal progenitor (anterior),4.880859715587737,-0.0328557703787844,-0.7233671758798433,0.004164771837499301,0.91,2121,157
Cranial neural crest (posterior),Epidermal progenitor (posterior),5.885204630073116,0.19225578659889417,9.095482199295311,0.0025123957994803233,0.0,2121,6469
Cranial neural crest (posterior),Extraembryonic mesoderm,5.202541644295182,-0.3242606617279389,-15.873145599372142,0.0010105677248187668,0.0,2121,4702
Cranial neural crest (posterior),Eye field,5.823392254826078,0.14556680699006375,4.104106626615413,0.0491450705378023,0.93,2121,2922
Cranial neural crest (posterior),Facial branchiomotor neuron,4.185414287239993,-0.5671760050686263,-4.8727844864762115,0.03237355700647742,0.0,1665,43
Cranial neural crest (posterior),Floor plate (anterior),5.142550598538423,-0.33897237062578345,-11.366112397766235,0.012436804735009402,0.0,2121,1537
Cranial neural crest (posterior),Floor plate (posterior),5.09271435941581,-0.3991885633725903,-14.212691877664689,0.004029688290607427,0.0,2121,1929
Cranial neural crest (posterior),Foregut,4.870216189601486,-0.29343204498104686,-9.366481081529697,0.00800502848501413,0.0,2121,977
Cranial neural crest (posterior),Frontonasal mesenchyme,6.238554206053627,0.5499449802398715,26.40962617280231,0.003930998415365399,0.0,2121,4202
Cranial neural crest (posterior),Head paraxial mesoderm,5.451085410469756,-0.260749784458499,-13.580656496843638,0.0006240741731993021,0.0,2121,10089
Cranial neural crest (posterior),Hemogenic endothelium,4.810444646400788,-0.1398647653415539,-1.3564174534790983,0.08045555307275856,0.39,2121,73
Cranial neural crest (posterior),Hindbrain (isthmic organizer),5.945110637204093,0.1690069969168452,6.224974209157833,0.01918774522910935,0.0,2121,2376
Cranial neural crest (posterior),Hindbrain (r1),6.174197257245441,0.30812718714133397,14.707316843263337,0.0013118466374058843,0.0,2121,6335
Cranial neural crest (posterior),Hindbrain (r2-r4),6.618703844783517,0.6924072961384011,37.04093322916805,0.02116219059952874,0.0,2121,7748
Cranial neural crest (posterior),Hindbrain (r5-r8),6.241578159905299,0.3043793076391423,14.526855955661452,0.009300307092435107,0.0,2121,5781
Cranial neural crest (posterior),Hindgut,4.913661662314228,-0.3160622874815185,-10.658901219577936,0.007934559481665573,0.0,2121,1110
Cranial neural crest (posterior),Hypaxial myogenic progenitor,4.413404278757964,-0.09591517825552698,-0.4356499058395995,0.0031399854609423508,0.67,1665,23
Cranial neural crest (posterior),Hypothalamus,5.498701668567013,-0.13191150369557084,-5.686783331249369,0.013278359628980456,0.95,2121,2956
Cranial neural crest (posterior),Inflow tract,5.29463860534331,-0.26804925742877056,-9.626904219477565,0.0021859514719835983,0.0,2121,1444
Cranial neural crest (posterior),Intermediate mesoderm (nephrogenic),5.8155470737785775,0.020010698114520647,0.5749528428519407,0.011794221700387178,0.02,2121,2580
Cranial neural crest (posterior),Juxtacardiac field,5.152516574931268,-0.3102669417852762,-9.29613746079988,0.0016194682654617856,0.0,2121,965
Cranial neural crest (posterior),Left ventricle,5.156047432725654,-0.33612080512296644,-11.714375534480808,0.0033475490552533267,0.0,2121,1359
Cranial neural crest (posterior),Megakaryocyte,4.480402758148941,-0.23441354000375872,-2.0780521204629596,0.003578941728562805,0.12,2121,58
Cranial neural crest (posterior),Midbrain,5.985450971835735,0.15322091066457025,6.518907582286658,0.01061402543273262,0.0,2121,7099
Cranial neural crest (posterior),Midbrain neuron,5.639294863249624,0.30957274261417983,5.985108080829718,0.003031056128168878,0.0,2121,353
Cranial neural crest (posterior),Midgut,4.963898044151642,-0.31116646738045883,-11.826340086081254,0.0065516457199185476,0.0,2121,2242
Cranial neural crest (posterior),Myotome,4.5302985552613535,-0.2051412752913396,-1.4034104108378977,0.017630241791395142,0.5,2121,65
Cranial neural crest (posterior),Nascent somite,5.685603569653629,-0.03966812681388129,-1.386271873241981,0.002868118352796846,0.97,2121,2502
Cranial neural crest (posterior),Notochord,4.9888753046111605,-0.3043815977775968,-8.604391924924514,0.026215351745898653,0.0,2121,749
Cranial neural crest (posterior),Olfactory placode,5.769029265873647,0.24992310045832747,8.439268245019138,0.0007952945085880029,0.0,2121,1680
Cranial neural crest (posterior),Otic placode,5.933896245816783,0.4235183000056697,15.757223141573037,0.00392909394977974,0.0,2121,1357
Cranial neural crest (posterior),Outflow tract,5.208389312555457,-0.22610718413782513,-5.563645867579818,0.010819938428468692,0.01,2121,586
Cranial neural crest (posterior),Periocular mesoderm,4.870703998110216,-0.31047382592446954,-8.665077142560463,0.011888936238643288,0.0,2121,798
Cranial neural crest (posterior),Pharyngeal arch mesenchyme,6.377743487801403,0.686466429252191,29.763629631747634,0.0065610550472540745,0.0,2121,4598
Cranial neural crest (posterior),Pharyngeal endoderm,5.075849192808154,-0.31109166450735365,-13.04085485189777,0.001966215830835709,0.0,2121,2292
Cranial neural crest (posterior),Pharyngeal mesoderm,5.437628539834962,-0.21466143100615356,-9.500045713825774,0.003562875434427535,0.0,2121,2901
Cranial neural crest (posterior),Pre-placodal ectoderm,5.897890296975042,0.2861611293171317,11.620716154779695,0.005621852436873969,0.0,2121,3388
Cranial neural crest (posterior),Prechordal plate,4.146557078202425,-0.34524076639210993,-2.3525195674827875,0.08362924296406968,0.21,2121,38
Cranial neural crest (posterior),Presomitic mesoderm,6.06881151284734,0.09871939666563397,5.189623835569489,0.0007975098858348587,0.0,2121,9179
Cranial neural crest (posterior),Primordial germ cell,4.339318242520819,-0.3955517290992985,-5.77985342682251,0.01613796990426931,0.0,2121,141
Cranial neural crest (posterior),Respiratory progenitor,4.899060667825278,-0.31649388452899113,-7.906719142755268,0.0011120263697940382,0.0,2121,531
Cranial neural crest (posterior),Right ventricle,5.263803456284285,-0.23915452283077787,-7.40071263305488,0.0023364983813289122,0.0,2121,991
Cranial neural crest (posterior),Roof plate (anterior),6.042372657860857,0.6734254437381892,13.187173254756251,0.005011051586617832,0.0,2121,384
Cranial neural crest (posterior),Roof plate (posterior),6.4647496501382955,0.730725332579922,25.892220856961114,0.05769214652039514,0.0,2121,1395
Cranial neural crest (posterior),Sclerotome,5.57035996698427,-0.24070014342380475,-13.037182448460541,0.002935405807175548,0.0,2121,8569
Cranial neural crest (posterior),Second heart field (anterior),5.206060818377039,-0.146911115565293,-3.304892866710713,0.011154412306348916,0.43,2121,420
Cranial neural crest (posterior),Second heart field (posterior),5.37387646615072,-0.1599442098406779,-4.800158880876494,0.0052540651517015945,0.0,2121,984
Cranial neural crest (posterior),Somatic mesoderm,5.9178104795551745,-0.08703949792368704,-4.155817929844836,0.002898412427867896,0.07,2121,16744
Cranial neural crest (posterior),Somatic mesoderm (anterior),5.230015741618302,-0.0964009687188095,-1.5218196208906907,0.015034578779923542,0.75,2121,274
Cranial neural crest (posterior),Somatic mesoderm (tailbud),4.771447230505662,0.2128895497434673,1.0798566789740531,0.02300361745723629,0.6,2121,23
Cranial neural crest (posterior),Somatic motor neuron,4.764307128539012,-0.15396762619539958,-3.102204614610962,0.052101883864224575,0.92,2121,134
Cranial neural crest (posterior),Spinal cord (cervical),6.170566678003858,0.2266289906782344,10.36399919504194,0.015701436125163122,0.0,2121,8692
Cranial neural crest (posterior),Spinal cord (lumbar),5.870165702419115,0.14733706646018607,3.83004419357335,0.01947590826151833,0.13,2121,3152
Cranial neural crest (posterior),Spinal cord (thoracic),6.074560129756861,0.10949127761718754,5.362981241098517,0.015447704518533577,0.31,2121,12419
Cranial neural crest (posterior),Spinal cord interneuron progenitor,4.8527387742022405,-0.003754711961367304,-0.22857873140263604,0.009089449167980263,0.84,2121,65
Cranial neural crest (posterior),Splanchnic mesoderm,6.0385245799150695,-0.009731895869472318,-0.2229035256325901,0.003990806225435043,0.26,2121,15340
Cranial neural crest (posterior),Splanchnic mesoderm (cardiopulmonary),5.346371638689099,-0.11038557911663667,-3.4928002013868222,0.007360294703650751,0.17,2121,893
Cranial neural crest (posterior),Splanchnic mesoderm (septum transversum),5.22332091766317,-0.24459488219043202,-5.9716622613074675,0.0058140538156025035,0.0,2121,701
Cranial neural crest (posterior),Surface ectoderm (anterior),5.5759263223087006,0.04099717517683654,1.4083333954184623,0.012864365860711515,0.0,2121,2325
Cranial neural crest (posterior),Surface ectoderm (posterior),5.143161907458147,-0.08530163921771312,-1.7255076113245613,0.02608058546698004,0.35,2121,224
Cranial neural crest (posterior),Telencephalon (dorsal),6.148633455138004,0.30974551434096637,14.803263143184738,0.016113258768492275,0.0,2121,9362
Cranial neural crest (posterior),Trigeminal branchiomotor neuron,4.095441858943755,-0.2743918622975208,-1.5755847157845917,0.009414848723068896,0.56,2121,27
Cranial neural crest (posterior),Trigeminal placode,6.100177541321426,0.4943675075660294,17.184328432114132,0.0021216694788251094,0.0,2121,1875
Cranial neural crest (posterior),Trigeminal sensory neuron,5.359624018846908,0.19183607883449483,2.88372445940943,0.02711736522908767,0.87,2121,268
Cranial neural crest (posterior),Trunk neural crest,5.792970974070538,0.3346795366044925,9.627612857736068,0.009858024334634908,0.0,2121,917
Cranial neural crest (posterior),Vagal neural crest,6.328403335081934,0.7002138268368654,27.417016221554615,0.025766220857504747,0.0,2121,1902
Cranial neural crest (posterior),Visceral motor neuron,4.694502631850018,-0.2664628105934164,-4.2709982909483495,0.06099479063610802,1.0,2121,140
Cranial neural crest (posterior),Yolk sac endothelial cell,4.858494808258741,-0.018976654368504004,-0.21967065880853145,0.002807643958114194,0.84,2121,60
Dermomyotome,Dermomyotome,8.999999999981798,1.3026616822268503e-14,0.00013023714462691817,1.8406754455156943e-28,1.0,11171,11171
Dermomyotome,Diencephalon,5.908906373454876,-0.15749405605017852,-9.697819644249996,0.00122382533204964,0.0,11171,2914
Dermomyotome,Dl2-6 interneuron,5.070179978860266,-0.0033009468667358397,-0.6571291258594304,0.03977784586012083,0.63,11171,49
Dermomyotome,Endocardial cell,5.4732713706898295,-0.2302147466237233,-5.742106053610404,0.001047729737225442,0.0,11171,367
Dermomyotome,Endothelial cell,6.135568166301485,0.05797164046737269,2.8429280583591114,0.0038469609596788155,0.99,11171,1344
Dermomyotome,Endothelial progenitor,6.569468391308987,0.24885594783568296,17.60931493118963,0.0003837836465025509,0.0,11171,4455
Dermomyotome,Epibranchial placode,5.510434922385994,-0.36667487746127553,-22.439928614349114,0.006653662044338401,0.0,11171,2681
Dermomyotome,Epibranchial sensory neuron,5.080323404382721,-0.22546297829923656,-3.331738522023928,0.009600293832850156,0.42,11171,124
Dermomyotome,Epicardium,5.187483608710081,-0.09002958278107472,-2.466469103536237,0.033641227018288714,0.68,11171,179
Dermomyotome,Epidermal progenitor (anterior),4.903909332570009,-0.34822245858747863,-4.65813847062427,0.016947490065021234,0.01,11171,157
Dermomyotome,Epidermal progenitor (posterior),5.724450249139767,-0.317251308385198,-25.164785165297804,0.0008295858969533819,0.0,11171,6469
Dermomyotome,Extraembryonic mesoderm,5.513297192036036,-0.36012660615640407,-25.883896317908597,0.002008599650034246,0.0,11171,4702
Dermomyotome,Eye field,5.891322957282147,-0.135060352937422,-8.959195175528425,0.006148209990988686,0.05,11171,2922
Dermomyotome,Facial branchiomotor neuron,5.226732450393904,0.09475050961231801,1.041000126647231,0.04755103467157653,0.57,9206,43
Dermomyotome,Floor plate (anterior),6.028282081827996,0.20115558288428304,9.290487333124645,0.0030000066256800355,0.0,11171,1537
Dermomyotome,Floor plate (posterior),6.181362454195255,0.3432571268865763,17.947337643010275,0.008834111274673807,0.0,11171,1929
Dermomyotome,Foregut,5.311894119147138,-0.19942388471697026,-7.663964916826809,0.00817745050331586,0.0,11171,977
Dermomyotome,Frontonasal mesenchyme,5.793757433691159,-0.2414709131184285,-18.08210725390211,0.0066013280160422075,0.0,11171,4202
Dermomyotome,Head paraxial mesoderm,6.390847742094092,0.33245529057555484,32.55112547939234,0.009503166838719011,0.0,11171,10089
Dermomyotome,Hemogenic endothelium,5.004859855741608,-0.28841391834492097,-2.9763761165009144,0.005014366528143133,0.0,11171,73
Dermomyotome,Hindbrain (isthmic organizer),6.048899858384573,-0.07405582744269641,-4.052583990530704,0.0006826499557592294,0.03,11171,2376
Dermomyotome,Hindbrain (r1),6.157561120198565,-0.05707313691687214,-4.873802071193926,0.004557156697046905,0.15,11171,6335
Dermomyotome,Hindbrain (r2-r4),6.262986993637225,-0.00891904102259744,-1.1066774862422122,0.0024781355413867174,0.17,11171,7748
Dermomyotome,Hindbrain (r5-r8),6.320761536610462,0.035012898260752046,2.4473309212177505,0.0009960108921896315,0.35,11171,5781
Dermomyotome,Hindgut,5.298778583578931,-0.27409023818879774,-11.840578767231662,0.012197731258119834,0.0,11171,1110
Dermomyotome,Hypaxial myogenic progenitor,5.714959463464402,0.8481130847988512,5.861821567132143,0.002778843826757014,0.0,9206,23
Dermomyotome,Hypothalamus,5.972033356952845,-0.0070508101876033775,-0.696206060105172,0.00054181681337685,0.37,11171,2956
Dermomyotome,Inflow tract,5.696457665518971,-0.2112576730958796,-9.648677181127692,0.0020744470220060525,0.0,11171,1444
Dermomyotome,Intermediate mesoderm (nephrogenic),7.0271722923624536,0.884877435581687,53.754472565380865,0.0038055844569819357,0.0,11171,2580
Dermomyotome,Juxtacardiac field,5.61840641033605,-0.1901647222056179,-7.70177439888047,0.0013960560272655218,0.0,11171,965
Dermomyotome,Left ventricle,5.5950613159415115,-0.24345348976621098,-11.724424082217189,0.017976039519939913,0.0,11171,1359
Dermomyotome,Megakaryocyte,4.618502369079386,-0.45070649987919403,-4.404352429915633,0.006819117837436679,0.0,11171,58
Dermomyotome,Midbrain,6.072519490533704,-0.10597201126468973,-9.093934811203049,0.0011003545810871294,0.0,11171,7099
Dermomyotome,Midbrain neuron,5.541319788618888,-0.12320236468222608,-2.849317637129045,0.0008444182504953595,0.23,11171,353
Dermomyotome,Midgut,5.3377481430798435,-0.2813763150735478,-13.650223170077117,0.02272281528918825,0.0,11171,2242
Dermomyotome,Myotome,5.911770246275867,0.8267635318707306,8.350823714361999,0.012134621022566669,0.0,11171,65
Dermomyotome,Nascent somite,6.890084570812587,0.8148398796211674,49.62665834171266,0.0043278115950905575,0.0,11171,2502
Dermomyotome,Notochord,5.595809207610896,-0.04485684323404134,-1.6194958665764823,0.014149610401761718,0.64,11171,749
Dermomyotome,Olfactory placode,5.576905765419727,-0.29035379794418387,-14.910259674754586,0.005223889992989696,0.0,11171,1680
Dermomyotome,Otic placode,5.549895226544422,-0.3074969427022225,-14.69789035094387,0.003931959915037083,0.0,11171,1357
Dermomyotome,Outflow tract,5.679195745275918,-0.10053638463818822,-2.8374691108543253,0.0065793617106879665,0.55,11171,586
Dermomyotome,Periocular mesoderm,5.463055047840172,-0.06894129072433468,-2.3945336277273235,0.00011904685958670018,0.04,11171,798
Dermomyotome,Pharyngeal arch mesenchyme,5.767253345428578,-0.26985157475502203,-19.80652778956369,0.0032010723851676783,0.0,11171,4598
Dermomyotome,Pharyngeal endoderm,5.599145397701787,-0.13663631787285593,-7.963885971737324,0.008044533939198198,0.18,11171,2292
Dermomyotome,Pharyngeal mesoderm,6.115494139589259,0.11260874577500661,6.807597953832406,0.0001804476169770501,0.0,11171,2901
Dermomyotome,Pre-placodal ectoderm,5.581218072584878,-0.3739148972963866,-24.168773814398552,0.0024706904137512444,0.0,11171,3388
Dermomyotome,Prechordal plate,4.718873603456206,-0.11941929154918807,-0.8143703389830689,0.030660788513487983,0.97,11171,38
Dermomyotome,Presomitic mesoderm,6.573476625512858,0.2562779887296284,25.2336223206607,0.0013652937741476796,0.0,11171,9179
Dermomyotome,Primordial germ cell,4.534124613962052,-0.5370454392440038,-8.557285239408007,0.010682117074953743,0.0,11171,141
Dermomyotome,Respiratory progenitor,5.368768293814139,-0.18794625404427645,-5.5563060664203645,0.0068371118313716615,0.0,11171,531
Dermomyotome,Right ventricle,5.740362411248404,-0.10846010439020848,-4.299434065985831,0.008094212183346107,0.06,11171,991
Dermomyotome,Roof plate (anterior),5.559741761737709,-0.16553307310166718,-4.377951393472315,0.006779072910922404,0.22,11171,384
Dermomyotome,Roof plate (posterior),5.940161847788613,-0.13524113018882242,-6.346360008135506,0.00017271747672716007,0.0,11171,1395
Dermomyotome,Sclerotome,7.420852384430691,1.2607552522577807,108.0490112631797,0.005214082000157558,0.0,11171,8569
Dermomyotome,Second heart field (anterior),5.624156023395382,-0.06954337459334188,-1.5530965529780314,0.013939313293185708,0.05,11171,420
Dermomyotome,Second heart field (posterior),5.853841565461955,-0.028554444276843505,-1.1952462441907628,0.0020194913694504225,0.65,11171,984
Dermomyotome,Somatic mesoderm,6.579479397736889,0.22890968465727704,23.53280295637747,0.0010217447999040657,0.0,11171,16744
Dermomyotome,Somatic mesoderm (anterior),6.162254456096797,0.4925137026644437,10.14118296323428,0.006449581109438851,0.0,11171,274
Dermomyotome,Somatic mesoderm (tailbud),5.556988859947984,0.6518108801312744,4.157088488312336,0.037149149300682915,0.0,11171,23
Dermomyotome,Somatic motor neuron,5.519347532884751,0.2678279393198961,3.4684851325972574,0.0031422160170629077,0.62,11171,134
Dermomyotome,Spinal cord (cervical),6.351928212657828,0.06079215943304502,5.0614819003359655,0.002113517342275936,0.03,11171,8692
Dermomyotome,Spinal cord (lumbar),6.263712072404352,0.1923102475864411,10.920944445390491,4.9954075566342724e-05,0.0,11171,3152
Dermomyotome,Spinal cord (thoracic),6.498652724023799,0.18794020656734065,19.777747142529073,0.0008207537639826352,0.0,11171,12419
Dermomyotome,Spinal cord interneuron progenitor,5.290502700835797,0.08510156861608238,0.7242358285070636,0.001982292903825234,0.65,11171,65
Dermomyotome,Splanchnic mesoderm,6.468511634707634,0.07381272609254837,7.7503010498149285,0.003309580412918882,0.54,11171,15340
Dermomyotome,Splanchnic mesoderm (cardiopulmonary),6.010053009437507,0.20615844591320828,7.341631672755078,0.002873826444959049,0.0,11171,893
Dermomyotome,Splanchnic mesoderm (septum transversum),5.678823840598223,-0.13277653191997718,-4.241560617140724,0.0054925877836891285,0.05,11171,701
Dermomyotome,Surface ectoderm (anterior),5.523146903650875,-0.3543548929147435,-19.454943662401423,0.005659307255025908,0.0,11171,2325
Dermomyotome,Surface ectoderm (posterior),5.26710927032732,-0.3074255314207666,-6.290085424456368,0.0032191423746734554,0.0,11171,224
Dermomyotome,Telencephalon (dorsal),6.010916849516302,-0.17517164121882,-16.250309109862197,0.005435287146013803,0.0,11171,9362
Dermomyotome,Trigeminal branchiomotor neuron,4.596177788055522,-0.1600341352316502,-0.2689629402031582,0.10201100659577667,0.26,11171,27
Dermomyotome,Trigeminal placode,5.645677681033635,-0.3085505482875182,-16.197549870033058,0.005104373328623242,0.0,11171,1875
Dermomyotome,Trigeminal sensory neuron,5.307483111288172,-0.21328988607411858,-4.955354120395293,0.024899519716634424,0.28,11171,268
Dermomyotome,Trunk neural crest,5.691437381601427,-0.11797887010362877,-4.411125910901216,0.005176351375125462,0.1,11171,917
Dermomyotome,Vagal neural crest,5.771287437059591,-0.2015527088234134,-9.996793753577725,0.0016965809377296355,0.0,11171,1902
Dermomyotome,Visceral motor neuron,5.5007124893139485,0.20338170112491247,2.3506043224108235,0.016179638421978584,0.41,11171,140
Dermomyotome,Yolk sac endothelial cell,5.260031407339862,0.030570104693943872,-0.3071618062105498,0.04282266750131965,0.39,11171,60
Diencephalon,Diencephalon,9.000000000085366,-4.144832625267251e-15,-4.1442331931566665e-05,3.7970504904638033e-28,1.0,2914,2914
Diencephalon,Dl2-6 interneuron,4.860248430801981,-0.002494894168486509,0.7405418974740486,0.06174139133671319,0.96,2914,49
Diencephalon,Endocardial cell,5.142047497619473,-0.33523915905383167,-7.443976632046201,0.0014258049063244306,0.0,2914,367
Diencephalon,Endothelial cell,5.520112897487189,-0.3301783455873493,-11.67787880027774,0.0003397730114195976,0.0,2914,1344
Diencephalon,Endothelial progenitor,5.724976818474197,-0.3703057186482086,-21.595908415740627,0.000506113416755337,0.0,2914,4455
Diencephalon,Epibranchial placode,5.381357972918373,-0.2716431609826815,-11.34002574824857,0.006503168354793147,0.0,2914,2681
Diencephalon,Epibranchial sensory neuron,4.927893478226046,-0.14115812829034624,-2.136206712718876,0.02384767037301306,0.97,2914,124
Diencephalon,Epicardium,4.743438813351473,-0.3084090222569653,-4.395218778549444,0.013094326878237727,0.41,2914,179
Diencephalon,Epidermal progenitor (anterior),4.743738558313738,-0.28101533808485585,-3.720960982149743,0.01717160186672798,0.21,2914,157
Diencephalon,Epidermal progenitor (posterior),5.55096765474518,-0.2647123476815514,-14.615844790753039,0.003655517222958181,0.0,2914,6469
Diencephalon,Extraembryonic mesoderm,5.2184353873994125,-0.42781848745593365,-23.186711190533757,0.0069815967583556245,0.0,2914,4702
Diencephalon,Eye field,6.951481216356124,1.1520473339787864,50.1819212921805,0.01927698949038242,0.0,2914,2922
Diencephalon,Facial branchiomotor neuron,4.865479620053135,-0.040821264767633814,-0.3843323975740598,0.012358620936906988,0.68,2380,43
Diencephalon,Floor plate (anterior),5.866108906844707,0.263143250741613,9.16104981555891,0.00637993452680102,0.0,2914,1537
Diencephalon,Floor plate (posterior),5.574543898768231,-0.037946414005312214,-1.8629852207806872,0.009295219144902788,0.12,2914,1929
Diencephalon,Foregut,5.049226749825472,-0.2360722462849664,-6.767814311545241,0.00038166838574460866,0.0,2914,977
Diencephalon,Frontonasal mesenchyme,6.220112994130074,0.4077061592925011,19.058558155839872,0.007444747088274325,0.0,2914,4202
Diencephalon,Head paraxial mesoderm,5.542183092937503,-0.2921121438402414,-17.992753328717964,0.005781324148827278,0.0,2914,10089
Diencephalon,Hemogenic endothelium,4.794194698667311,-0.2815078816519681,-3.175686538744671,0.06571229693145886,0.95,2914,73
Diencephalon,Hindbrain (isthmic organizer),6.671076171903167,0.7727020335451694,30.41094649757481,0.016585211965766088,0.0,2914,2376
Diencephalon,Hindbrain (r1),6.6584147448629585,0.671533312541273,36.53011994459854,0.005244229409832331,0.0,2914,6335
Diencephalon,Hindbrain (r2-r4),6.527807643042299,0.47970867823773017,26.088595975450158,0.012266805455922045,0.0,2914,7748
Diencephalon,Hindbrain (r5-r8),6.357204194985518,0.2979344317982274,16.53311147584189,0.00976681184417814,0.0,2914,5781
Diencephalon,Hindgut,5.06222468124049,-0.2849032222549317,-10.625967034650323,0.01029944706658014,0.0,2914,1110
Diencephalon,Hypaxial myogenic progenitor,4.3777174820617795,-0.27049605129166343,-1.6947115583586851,0.0013549738070364923,0.44,2380,23
Diencephalon,Hypothalamus,6.721439417989675,0.9653085104703569,42.814698564737306,0.004627639387491677,0.0,2914,2956
Diencephalon,Inflow tract,5.3071645750331164,-0.37610826904966527,-14.210419183440303,0.00816896287082791,0.0,2914,1444
Diencephalon,Intermediate mesoderm (nephrogenic),5.829965049985461,-0.0880580689495168,-4.3010737922318185,0.001771333033340434,0.04,2914,2580
Diencephalon,Juxtacardiac field,5.238652892192229,-0.3441034719187079,-10.650639788521923,0.0014973173466543454,0.0,2914,965
Diencephalon,Left ventricle,5.2092040785162075,-0.4004325850489205,-14.168901812529272,0.0041008263057639525,0.0,2914,1359
Diencephalon,Megakaryocyte,4.485663609476934,-0.3591648129992577,-3.006871824817292,0.014345497268260947,0.04,2914,58
Diencephalon,Midbrain,7.233428310400195,1.2785943786362237,66.69864415229027,0.027726634092603814,0.0,2914,7099
Diencephalon,Midbrain neuron,6.511801893358741,1.0701144540613434,20.713612034320338,0.014579597724571727,0.0,2914,353
Diencephalon,Midgut,5.074705852796442,-0.31986579542810684,-13.629078218132877,0.03161670333855975,0.0,2914,2242
Diencephalon,Myotome,4.716963195734749,-0.12039247907527321,-1.1201273667796514,0.010222713926598135,1.0,2914,65
Diencephalon,Nascent somite,5.810028477702608,-0.038333860017390066,-2.118512403957909,0.004987080902541964,0.2,2914,2502
Diencephalon,Notochord,5.158412269070607,-0.2585328509174782,-7.506209952923695,0.004419045001523377,0.0,2914,749
Diencephalon,Olfactory placode,5.5421595841667575,-0.09657728037781244,-3.814118519971757,0.013699145844279857,0.94,2914,1680
Diencephalon,Otic placode,5.500037409214971,-0.13221485762207794,-4.6897405768863605,0.0022014275393027224,0.03,2914,1357
Diencephalon,Outflow tract,5.192866747382048,-0.3611337905845273,-9.525517218966868,0.0028886043517233053,0.0,2914,586
Diencephalon,Periocular mesoderm,5.022664238042687,-0.2797239267864941,-7.8242023991796446,0.019827535957856815,0.0,2914,798
Diencephalon,Pharyngeal arch mesenchyme,6.091902726118527,0.2796717712594458,12.792548376209131,0.011877446494747201,0.0,2914,4598
Diencephalon,Pharyngeal endoderm,5.237416178928097,-0.27253696221554957,-12.769600723966233,0.006676917831049415,0.0,2914,2292
Diencephalon,Pharyngeal mesoderm,5.4564539051269465,-0.32179995449581966,-15.559899439188259,0.0017566357824752394,0.0,2914,2901
Diencephalon,Pre-placodal ectoderm,5.580702509252951,-0.14786834649607883,-6.48006008135627,0.016117346036693125,0.05,2914,3388
Diencephalon,Prechordal plate,4.420073024599097,-0.20946780993564365,-1.1821848170876461,0.07690404458837381,0.57,2914,38
Diencephalon,Presomitic mesoderm,6.046192702964556,-0.043757537643222356,-3.123115117620969,0.004545560720729289,0.08,2914,9179
Diencephalon,Primordial germ cell,4.299754689591511,-0.5458841977775147,-7.3106781979125195,0.014803034920994832,0.0,2914,141
Diencephalon,Respiratory progenitor,5.076930400723872,-0.2578624681158213,-6.616606626930853,0.007531649344596732,0.0,2914,531
Diencephalon,Right ventricle,5.299718601969187,-0.3253134826318842,-10.401200343955116,0.001201171550558908,0.0,2914,991
Diencephalon,Roof plate (anterior),5.7862091072220885,0.2878824577552305,5.489120095344503,0.011071818278665251,0.0,2914,384
Diencephalon,Roof plate (posterior),6.0022551169134095,0.15175173784052584,5.607447571242858,0.01783586312918057,0.48,2914,1395
Diencephalon,Sclerotome,5.7667513931552365,-0.16665330672518408,-9.88872110605902,0.0013465692463224882,0.0,2914,8569
Diencephalon,Second heart field (anterior),5.137980358842801,-0.3335404629459872,-8.050478836241789,0.020418525728031114,0.0,2914,420
Diencephalon,Second heart field (posterior),5.314341245523188,-0.34438309344900436,-11.23195588077308,0.00043729338414137854,0.0,2914,984
Diencephalon,Somatic mesoderm,5.750821251862514,-0.373245618690798,-22.54324330857129,0.0012120285398661635,0.0,2914,16744
Diencephalon,Somatic mesoderm (anterior),5.34750942180055,-0.09942243165726576,-2.2382237047902227,0.014059030070001255,0.74,2914,274
Diencephalon,Somatic mesoderm (tailbud),4.885490052486127,0.1772699775066314,0.8861635448169046,0.03269569281543709,0.92,2914,23
Diencephalon,Somatic motor neuron,5.119065264560605,0.11031676215624575,-0.8622083078088222,0.17629289915368943,0.28,2914,134
Diencephalon,Spinal cord (cervical),6.3546854364553065,0.2890525476699238,16.78931067644645,0.005138136917397625,0.0,2914,8692
Diencephalon,Spinal cord (lumbar),5.8989329971656375,0.05869912229355231,2.1101338425667486,0.00270167103875019,0.98,2914,3152
Diencephalon,Spinal cord (thoracic),6.21062440271373,0.12495324138991452,6.743327110469988,0.005777518575411347,0.0,2914,12419
Diencephalon,Spinal cord interneuron progenitor,5.1895362174555535,0.19738105532442685,1.548925197703712,0.01348822116018952,0.44,2914,65
Diencephalon,Splanchnic mesoderm,5.815557856731922,-0.3543305258875617,-22.17571611226332,0.00032691735460183246,0.0,2914,15340
Diencephalon,Splanchnic mesoderm (cardiopulmonary),5.384669392654409,-0.1957387658221199,-6.2649126870854035,0.0031164012128359073,0.0,2914,893
Diencephalon,Splanchnic mesoderm (septum transversum),5.2264283939553335,-0.3574446932492637,-10.075239253258154,0.008274848289040657,0.0,2914,701
Diencephalon,Surface ectoderm (anterior),5.3923130958606675,-0.261196424404097,-10.928088530514794,0.021153259582431628,0.0,2914,2325
Diencephalon,Surface ectoderm (posterior),5.039144179526815,-0.31006449878604886,-5.195028907340618,0.005619555282762312,0.0,2914,224
Diencephalon,Telencephalon (dorsal),7.35266989401399,1.3918810385425007,75.37871500062933,0.01783274586523111,0.0,2914,9362
Diencephalon,Trigeminal branchiomotor neuron,4.656816920592433,0.12515004252169337,-0.08488141261636868,0.18494350529619377,0.44,2914,27
Diencephalon,Trigeminal placode,5.64323512535811,-0.08605083831942799,-3.230537959486211,0.02446254248735665,0.08,2914,1875
Diencephalon,Trigeminal sensory neuron,5.067034557782378,-0.22900736258967372,-3.9075402839713096,0.013762264999378254,0.08,2914,268
Diencephalon,Trunk neural crest,5.5710827767652304,-0.008733190773435298,-0.45300357528621144,0.00279092350993164,0.65,2914,917
Diencephalon,Vagal neural crest,5.866313460422719,0.1159894153704754,4.427262280137101,0.0076220707687679416,0.23,2914,1902
Diencephalon,Visceral motor neuron,5.0182577276410205,-0.050476931044003116,-0.596781437736357,0.0024997804533125113,1.0,2914,140
Diencephalon,Yolk sac endothelial cell,4.8388431744049365,-0.15795448319071306,-1.287961248760014,0.00023545733599019943,0.31,2914,60
Dl2-6 interneuron,Dl2-6 interneuron,8.99999999989593,-2.3684757858670005e-15,-2.368307507497451e-05,9.571512316681611e-29,1.0,49,49
Dl2-6 interneuron,Endocardial cell,4.415747318309619,-0.06112364840005021,-0.3030219031039516,0.008885866154846673,0.79,49,367
Dl2-6 interneuron,Endothelial cell,4.656415752975392,-0.1970039470069421,-0.9863767797599601,0.03787471117865762,0.8,49,1344
Dl2-6 interneuron,Endothelial progenitor,4.827293629765093,-0.2700057396328037,-1.380162783685953,0.08767476694274184,0.81,49,4455
Dl2-6 interneuron,Epibranchial placode,4.653630081729125,0.010372263331630993,0.5229327051811598,0.03029996989303895,0.74,49,2681
Dl2-6 interneuron,Epibranchial sensory neuron,4.442223630598865,0.36469153153670525,1.0464954176202783,0.13912609544474502,0.79,49,124
Dl2-6 interneuron,Epicardium,3.9581261408220763,-0.08744598211752293,-1.2543838030394607,0.11156244685676665,0.5,49,179
Dl2-6 interneuron,Epidermal progenitor (anterior),3.764085760064912,-0.2709961029071917,-0.7206016806130536,0.14089639468354717,0.9,49,157
Dl2-6 interneuron,Epidermal progenitor (posterior),4.778571646713925,-0.06221810706856538,0.2629998469248111,0.08550294049643753,0.59,49,6469
Dl2-6 interneuron,Extraembryonic mesoderm,4.484776013290378,-0.14786938250096382,-1.3813596250244793,0.010302709897394164,0.83,49,4702
Dl2-6 interneuron,Eye field,4.859792857498943,0.05149672834150317,0.39011961870497597,0.04471513719632307,0.63,49,2922
Dl2-6 interneuron,Facial branchiomotor neuron,4.0663274390504665,-0.13166338650111475,-1.3609824397691346,0.1598842794844754,0.66,48,43
Dl2-6 interneuron,Floor plate (anterior),4.530971954913775,-0.06685926572588441,-1.5512351168354783,0.14795319190669828,0.37,49,1537
Dl2-6 interneuron,Floor plate (posterior),4.4805111412364536,-0.14042267854599175,-1.1634300811418636,0.013580763100522987,0.83,49,1929
Dl2-6 interneuron,Foregut,4.24926751710657,-0.042998033035336856,-0.6657818964197862,0.016750678119463326,0.87,49,977
Dl2-6 interneuron,Frontonasal mesenchyme,4.998869267256949,0.22287567837034597,2.3368571934784765,0.1372655400043882,0.57,49,4202
Dl2-6 interneuron,Head paraxial mesoderm,4.555109711705009,-0.2748457173214119,-1.7244368868575861,0.03517392028763325,0.58,49,10089
Dl2-6 interneuron,Hemogenic endothelium,4.3299449634876455,0.3022982480625253,0.8490218606623482,0.07348724223162922,0.48,49,73
Dl2-6 interneuron,Hindbrain (isthmic organizer),5.315899061734318,0.4344757590124262,1.8165050664050268,0.14684999114346264,0.25,49,2376
Dl2-6 interneuron,Hindbrain (r1),5.662081377978147,0.6625688614537193,3.4224731639391126,0.10283170261126119,0.02,49,6335
Dl2-6 interneuron,Hindbrain (r2-r4),5.712413928569159,0.65602876335047,3.8284991843772054,0.07593229210409105,0.02,49,7748
Dl2-6 interneuron,Hindbrain (r5-r8),5.332091216343392,0.26349450764418797,3.777692480200401,0.14045460522402325,0.83,49,5781
Dl2-6 interneuron,Hindgut,4.346083189945557,0.027682178376917815,-1.2756663114788307,0.2613457626022126,0.21,49,1110
Dl2-6 interneuron,Hypaxial myogenic progenitor,3.8413822585263007,-0.11943258991969175,0.2105817646347184,0.17502980019955627,0.35,48,23
Dl2-6 interneuron,Hypothalamus,4.668039842673867,-0.07539922764467111,-1.095867120457716,0.06410571015357482,0.69,49,2956
Dl2-6 interneuron,Inflow tract,4.538018746622216,-0.1484224031741633,-1.151107940905853,0.0004827288150168206,0.68,49,1444
Dl2-6 interneuron,Intermediate mesoderm (nephrogenic),5.055013230574904,0.1550406777168559,0.6030856195655036,0.04552495415973815,1.0,49,2580
Dl2-6 interneuron,Juxtacardiac field,4.551721720562486,-0.03179383288725882,-0.3663480726569323,0.0022323062472203695,0.93,49,965
Dl2-6 interneuron,Left ventricle,4.493688751810218,-0.11223381760790918,-1.2949072698007624,0.023730158281216312,0.97,49,1359
Dl2-6 interneuron,Megakaryocyte,3.8923581219392283,0.04898216906426652,-0.1278760795387969,0.030762125215000533,0.68,49,58
Dl2-6 interneuron,Midbrain,5.1034379129004614,0.1370582600344402,1.4462565052859604,0.037198444089789354,0.85,49,7099
Dl2-6 interneuron,Midbrain neuron,4.57019792971418,0.1267147295866371,1.3350452929872898,0.05028900407637883,0.95,49,353
Dl2-6 interneuron,Midgut,4.449933067738557,0.0364228372803157,-0.8460275840032297,0.10021579526756422,0.89,49,2242
Dl2-6 interneuron,Myotome,3.928366178419735,0.033114003438615924,-0.09879799967041702,0.10150901039195123,0.86,49,65
Dl2-6 interneuron,Nascent somite,5.0412683753938135,0.18923754204947882,0.8044661047108218,0.03481940182937941,0.58,49,2502
Dl2-6 interneuron,Notochord,4.373102854795054,-0.03782586387805539,-0.7773461391786162,0.027822495709046,0.83,49,749
Dl2-6 interneuron,Olfactory placode,4.659822853718842,0.04612864941157365,0.5253758899905551,0.008891512166213802,0.92,49,1680
Dl2-6 interneuron,Otic placode,4.705086321070071,0.06851322170195395,0.8862417461738922,0.10241836226399378,0.51,49,1357
Dl2-6 interneuron,Outflow tract,4.440799976174137,-0.1355717396203359,-0.790734720967587,0.05138842451323621,0.5,49,586
Dl2-6 interneuron,Periocular mesoderm,4.272775605661109,-0.02464088604319814,-0.2529795736136217,0.026398910480805976,0.65,49,798
Dl2-6 interneuron,Pharyngeal arch mesenchyme,4.916847041239658,0.15773566289189875,1.7599395920487506,0.05870744148180542,0.63,49,4598
Dl2-6 interneuron,Pharyngeal endoderm,4.323567002682766,-0.20632270736541317,-1.3519626115017134,0.011220150881542643,0.53,49,2292
Dl2-6 interneuron,Pharyngeal mesoderm,4.647133808568182,-0.16333006923779644,-1.3110841681947139,0.019290322553695866,0.98,49,2901
Dl2-6 interneuron,Pre-placodal ectoderm,4.793945251594108,0.05853143804197739,0.649632756208906,0.05150447718158022,0.78,49,3388
Dl2-6 interneuron,Prechordal plate,3.340088219496998,-0.3067234954819951,-0.8090899972353461,0.07188171135424384,0.77,49,38
Dl2-6 interneuron,Presomitic mesoderm,5.2650056203925715,0.22042542445483124,1.2742076524801302,0.033151334299672715,0.51,49,9179
Dl2-6 interneuron,Primordial germ cell,3.8275368379237875,-0.028256083101221297,-1.1279442051560937,0.1344600183334332,0.92,49,141
Dl2-6 interneuron,Respiratory progenitor,4.1985824685064435,-0.149263931972885,-1.3476920748465926,0.013226075722590028,0.77,49,531
Dl2-6 interneuron,Right ventricle,4.619825532367134,-0.003191984595460736,-0.10225875793553633,0.023961134485022982,0.88,49,991
Dl2-6 interneuron,Roof plate (anterior),5.361123986236059,0.85515154809951,3.3838942902224773,0.4161408507469092,0.01,49,384
Dl2-6 interneuron,Roof plate (posterior),5.209464315062095,0.33674111964741654,3.618272673784443,0.35906591810336813,0.5,49,1395
Dl2-6 interneuron,Sclerotome,4.721929495909188,-0.20400971496885104,-1.1838928493541394,0.012980639869300968,0.47,49,8569
Dl2-6 interneuron,Second heart field (anterior),4.438243103343385,-0.019867637402246324,-0.713669102380751,0.03601379827314117,0.81,49,420
Dl2-6 interneuron,Second heart field (posterior),4.542412476071827,-0.10180778960815262,-0.6582245250930828,0.0027534441449998956,0.79,49,984
Dl2-6 interneuron,Somatic mesoderm,4.897157072742451,-0.24703777939304125,-0.655947067243232,0.13391420502352794,0.75,49,16744
Dl2-6 interneuron,Somatic mesoderm (anterior),4.405478575412592,-0.047982034894366844,-0.20185589707719478,0.0013442575712363301,0.88,49,274
Dl2-6 interneuron,Somatic mesoderm (tailbud),3.576159604468002,-0.14923488231021453,-0.11575188036434551,0.35117986926437295,0.91,49,23
Dl2-6 interneuron,Somatic motor neuron,3.5406514950168337,-0.5193975258885309,-2.2013024286580207,0.09995508574294995,0.32,49,134
Dl2-6 interneuron,Spinal cord (cervical),5.32358195212012,0.2877663680901887,2.776088568410938,0.09271442661095936,0.95,49,8692
Dl2-6 interneuron,Spinal cord (lumbar),5.273718717050279,0.44309932354298853,2.1249291504667895,0.1568731178580388,0.17,49,3152
Dl2-6 interneuron,Spinal cord (thoracic),5.3974544096623065,0.3143903932734983,2.1722784407153104,0.0024799792188553546,0.48,49,12419
Dl2-6 interneuron,Spinal cord interneuron progenitor,3.970202621082329,-0.038686049456959935,0.2892787058064102,0.46263887287800176,0.3,49,65
Dl2-6 interneuron,Splanchnic mesoderm,4.920028092852135,-0.2671855605558817,-0.6447776674470295,0.1791071994825959,0.67,49,15340
Dl2-6 interneuron,Splanchnic mesoderm (cardiopulmonary),4.423839760533473,-0.1493794085104998,-1.1425587331269516,0.03729569683138574,0.93,49,893
Dl2-6 interneuron,Splanchnic mesoderm (septum transversum),4.4867887959001065,-0.11442913686096556,-0.5344345462237153,0.01039088540014611,0.8,49,701
Dl2-6 interneuron,Surface ectoderm (anterior),4.638312113402088,0.012847851508057081,-0.07023776882916342,0.026511225815870385,0.86,49,2325
Dl2-6 interneuron,Surface ectoderm (posterior),4.39187228274438,0.034352441150114967,0.04314837473434053,0.004846406950800292,0.79,49,224
Dl2-6 interneuron,Telencephalon (dorsal),5.1454353964854285,0.16290452418774257,1.5332562168373371,0.03667749938423943,0.9,49,9362
Dl2-6 interneuron,Trigeminal branchiomotor neuron,3.596305391612059,0.0757855175441664,0.24969859465916658,0.0026546075320159996,0.91,49,27
Dl2-6 interneuron,Trigeminal placode,4.765427224298052,0.03243387376145668,0.4953384311584766,0.023151583599342815,0.76,49,1875
Dl2-6 interneuron,Trigeminal sensory neuron,4.3758812019798965,0.05580151213457629,0.5095157391132321,0.04267664059365597,0.81,49,268
Dl2-6 interneuron,Trunk neural crest,4.8902463559719545,0.29718543324826624,2.746136411660897,0.06646828283243011,0.99,49,917
Dl2-6 interneuron,Vagal neural crest,5.102797052196994,0.33692475500908287,4.042836966182466,0.30786805233677855,0.67,49,1902
Dl2-6 interneuron,Visceral motor neuron,4.088085700439368,-0.0021061081951532223,-0.8647922941490723,0.1010797529679188,0.82,49,140
Dl2-6 interneuron,Yolk sac endothelial cell,4.067800217474926,0.07184618138305925,0.2818125789574499,0.00011743606458465912,0.91,49,60
Endocardial cell,Endocardial cell,8.999999999841164,-7.105427357601002e-15,-7.104586013570784e-05,5.048709793414476e-29,1.0,367,367
Endocardial cell,Endothelial cell,5.810620076611325,0.32133986744952736,6.765127395326015,0.01948440613365691,0.0,367,1344
Endocardial cell,Endothelial progenitor,5.720708648843098,-0.01150601358695269,-0.34054618105076356,0.000246006897629385,0.98,367,4455
Endocardial cell,Epibranchial placode,5.126996488172633,-0.16353262272160882,-3.2756180232406997,0.00033937883023863743,0.0,367,2681
Endocardial cell,Epibranchial sensory neuron,4.639939945250646,-0.06730223453300017,-0.538656762433176,0.017767849603569662,0.44,367,124
Endocardial cell,Epicardium,5.136903735943172,0.4524900183982661,5.568552776311169,0.03109382365920879,0.05,367,179
Endocardial cell,Epidermal progenitor (anterior),4.560994720457692,-0.11722876419359392,-0.7905447981183483,0.02424264620935543,0.6,367,157
Endocardial cell,Epidermal progenitor (posterior),5.330922936557365,-0.11946693734090245,-2.9085699557885114,0.00018186544938739662,0.01,367,6469
Endocardial cell,Extraembryonic mesoderm,5.682218628979339,0.3978301197047432,9.657892660925365,0.019582531291274723,0.0,367,4702
Endocardial cell,Eye field,5.082579656228451,-0.3582927382465604,-7.391242601967316,0.0031315458115642476,0.0,367,2922
Endocardial cell,Facial branchiomotor neuron,4.309059202264762,-0.23312603143121735,-2.3942238420561743,0.04655642606574222,0.37,278,43
Endocardial cell,Floor plate (anterior),5.118813090682909,-0.12262211997925328,-2.782288779095009,0.013196637889910604,0.98,367,1537
Endocardial cell,Floor plate (posterior),5.119956542611028,-0.13219817479172669,-2.8463356220995695,0.0032226926987261447,0.13,367,1929
Endocardial cell,Foregut,4.98012942780925,0.05307901483720231,1.0371226629787076,0.0020986949611037312,0.86,367,977
Endocardial cell,Frontonasal mesenchyme,5.200352130004885,-0.24498704842064445,-5.3886754467148705,0.004011845594999952,0.0,367,4202
Endocardial cell,Head paraxial mesoderm,5.666261879071867,0.19056095737389592,4.883524296926529,0.0016813438657962857,0.01,367,10089
Endocardial cell,Hemogenic endothelium,4.706674892091527,0.0009826623938424817,0.04855962528498914,0.08214558211159703,0.51,367,73
Endocardial cell,Hindbrain (isthmic organizer),5.213483759680098,-0.32108955547220513,-6.860323323856984,0.0031246270465804665,0.0,367,2376
Endocardial cell,Hindbrain (r1),5.324457790309505,-0.29897420319141244,-6.677122520065481,0.0010109342110878321,0.0,367,6335
Endocardial cell,Hindbrain (r2-r4),5.3501461650283835,-0.3326829533046111,-7.693436091360674,0.001249698208522519,0.0,367,7748
Endocardial cell,Hindbrain (r5-r8),5.347331128729356,-0.35390763643819706,-8.45791828228557,0.0011409199825079632,0.0,367,5781
Endocardial cell,Hindgut,4.940413205452761,-0.044021808639237214,-0.9246399710990877,0.022609040020676322,0.02,367,1110
Endocardial cell,Hypaxial myogenic progenitor,4.236657033765404,-0.07528944340896926,-0.3676045542762474,0.002535087453335582,0.78,278,23
Endocardial cell,Hypothalamus,5.153352812939332,-0.2371696557310825,-5.2043877577501485,0.00516651172526189,0.0,367,2956
Endocardial cell,Inflow tract,5.929591616023668,0.6122409320191284,13.946155938263606,0.0038332988235213836,0.0,367,1444
Endocardial cell,Intermediate mesoderm (nephrogenic),5.293298613797645,-0.26270223775025087,-5.625105951424395,0.006326941877535793,0.0,367,2580
Endocardial cell,Juxtacardiac field,5.8880944392164345,0.6641777151929841,13.34439590121985,0.0034145529321879193,0.0,367,965
Endocardial cell,Left ventricle,6.11343260090593,0.8662893588453322,21.10441537910651,0.011398515792711273,0.0,367,1359
Endocardial cell,Megakaryocyte,4.427619491843241,-0.06058797890133446,-0.3993147688515517,0.009450044182339409,1.0,367,58
Endocardial cell,Midbrain,5.25643233619022,-0.33527356630099475,-7.825970267412998,7.190553376094967e-05,0.0,367,7099
Endocardial cell,Midbrain neuron,4.852126481437607,-0.22148707033838524,-3.5611379058271946,0.0003669798669231412,0.02,367,353
Endocardial cell,Midgut,5.115027951778521,0.07905203046951748,1.9371109819245946,0.027224120441542876,0.51,367,2242
Endocardial cell,Myotome,4.413015089189936,-0.09620674494282759,-0.8652251374633151,0.007199524483473669,0.98,367,65
Endocardial cell,Nascent somite,5.322798367882984,-0.15962419959360888,-3.5286756856071477,0.000780762174723151,0.0,367,2502
Endocardial cell,Notochord,5.05793338931929,0.004911268324729138,-0.04196225308887317,0.00785177507930854,0.93,367,749
Endocardial cell,Olfactory placode,5.161110414747195,-0.11710502295202503,-2.1515847715904575,0.004223262163221773,0.49,367,1680
Endocardial cell,Otic placode,5.095588252957404,-0.1775326605248857,-3.36210571688765,0.003223963096765946,0.0,367,1357
Endocardial cell,Outflow tract,5.691710556723034,0.5004450251443776,9.229468533251774,0.01896749310524273,0.0,367,586
Endocardial cell,Periocular mesoderm,5.15705672381794,0.22216681053614984,4.296230033485206,0.018632846740853783,0.14,367,798
Endocardial cell,Pharyngeal arch mesenchyme,5.16433188658024,-0.2860638328661036,-6.42847005191932,0.010679056402932513,0.0,367,4598
Endocardial cell,Pharyngeal endoderm,5.243144499497549,0.0986209306748771,2.306801431205545,0.00733482450304004,0.38,367,2292
Endocardial cell,Pharyngeal mesoderm,5.797203498330074,0.38142470722945987,8.82528865737135,0.01939627183794984,0.0,367,2901
Endocardial cell,Pre-placodal ectoderm,5.247555809402208,-0.1177770136647031,-2.4160219453169227,0.00236146237130881,0.23,367,3388
Endocardial cell,Prechordal plate,4.2950259368238335,0.033795643316103664,0.45694704064743324,0.042505607160043535,0.64,367,38
Endocardial cell,Presomitic mesoderm,5.407459072846378,-0.32238432558558383,-8.435789176681926,5.975732665933677e-05,0.0,367,9179
Endocardial cell,Primordial germ cell,4.586760207231495,0.09783548447907216,1.3770793829885182,0.04581031676615261,0.06,367,141
Endocardial cell,Respiratory progenitor,5.022988332659321,0.057889153121625014,1.2571293137528692,0.015588348518101262,0.3,367,531
Endocardial cell,Right ventricle,5.736839953972747,0.4757589996261962,10.188362713605008,0.005960499721768266,0.0,367,991
Endocardial cell,Roof plate (anterior),4.942577338834903,-0.18602704292790465,-2.860726978288015,0.0016339792473976616,0.06,367,384
Endocardial cell,Roof plate (posterior),5.1865078799979045,-0.30158662714949297,-5.712362239343517,0.017752925149893347,0.0,367,1395
Endocardial cell,Sclerotome,5.480662413320819,-0.08792702655326116,-2.0847686262844385,0.0030001095989892848,0.6,367,8569
Endocardial cell,Second heart field (anterior),5.525778429820711,0.4211245782326092,7.393990043878795,0.008924864188174574,0.0,367,420
Endocardial cell,Second heart field (posterior),5.652623089204454,0.35985482417564807,7.89047767161943,0.0045962534310020915,0.0,367,984
Endocardial cell,Somatic mesoderm,5.698966574312448,-0.06128981898213345,-1.5058958153072197,0.0009936935989844264,0.72,367,16744
Endocardial cell,Somatic mesoderm (anterior),5.030667892050299,-0.04823878688534281,-0.838460150370634,0.010158232618148225,0.55,367,274
Endocardial cell,Somatic mesoderm (tailbud),4.35261977368192,0.02988888904971887,0.19441428738619707,0.09244981839220713,0.85,367,23
Endocardial cell,Somatic motor neuron,4.5692489896162884,-0.09312687745507835,-1.727535521100351,0.02893720338955015,0.8,367,134
Endocardial cell,Spinal cord (cervical),5.340875139737232,-0.3646333313024523,-8.062802924648791,0.0004871140055996979,0.0,367,8692
Endocardial cell,Spinal cord (lumbar),5.145475595998934,-0.3375595553692368,-7.069256631145119,3.148079933985017e-05,0.0,367,3152
Endocardial cell,Spinal cord (thoracic),5.38193809399553,-0.3415395279984068,-7.997733212162214,0.0035631834660579155,0.0,367,12419
Endocardial cell,Spinal cord interneuron progenitor,4.597106468993623,-0.02011824513466583,0.415176592672536,0.06921614225717151,0.59,367,65
Endocardial cell,Splanchnic mesoderm,5.613988592044213,-0.18859944084515234,-4.3076090605475335,0.00025295765935632133,0.0,367,15340
Endocardial cell,Splanchnic mesoderm (cardiopulmonary),5.3268488887880325,0.11358442944174592,1.7708561246223349,0.03829497787570455,0.85,367,893
Endocardial cell,Splanchnic mesoderm (septum transversum),5.5270520772523275,0.30977694704644065,5.948048213692513,0.044501227760257576,0.02,367,701
Endocardial cell,Surface ectoderm (anterior),5.223760215093846,-0.07216713762598914,-1.5821984974502035,0.0014544729925896826,0.56,367,2325
Endocardial cell,Surface ectoderm (posterior),4.8321202672922405,-0.14367921419554808,-2.1551784607691586,0.0008282885755674398,0.09,367,224
Endocardial cell,Telencephalon (dorsal),5.227247805228932,-0.3767542219795361,-8.309640324774504,0.003998788284659479,0.0,367,9362
Endocardial cell,Trigeminal branchiomotor neuron,4.122864262968487,-0.033298556208260166,-0.4317807411056204,0.033795621157304154,0.96,367,27
Endocardial cell,Trigeminal placode,5.17485551326994,-0.1847345100149059,-3.595351522711612,0.005830078157445011,0.09,367,1875
Endocardial cell,Trigeminal sensory neuron,4.803103421076225,-0.13314789702257931,-1.6444570657959858,0.012258581277829441,0.76,367,268
Endocardial cell,Trunk neural crest,5.119044715260288,-0.0968943485179586,-1.9054043693254732,0.005690503700818621,0.83,367,917
Endocardial cell,Vagal neural crest,5.158006058484472,-0.2278469102074793,-4.73375545144057,0.0022573902119929603,0.0,367,1902
Endocardial cell,Visceral motor neuron,4.665550899040754,-0.05645167783712394,-0.6022483090932712,0.0004266503568437316,0.78,367,140
Endocardial cell,Yolk sac endothelial cell,4.785053933100619,0.14723160103851018,1.4653907100752637,0.005082108810491935,0.49,367,60
Endothelial cell,Endothelial cell,8.999999999971763,-2.3684757858670005e-15,-2.3686229173733335e-05,4.23881259738757e-28,1.0,1344,1344
Endothelial cell,Endothelial progenitor,6.564647727772434,0.45809442566997366,19.69629975428875,0.024635755640943287,0.0,1344,4455
Endothelial cell,Epibranchial placode,5.604143230813903,-0.05984436731377348,-2.101962070432531,0.00042530908213006936,0.13,1344,2681
Endothelial cell,Epibranchial sensory neuron,5.002972607594775,-0.06892255902602606,-0.846601984846688,0.0004164528375024406,0.73,1344,124
Endothelial cell,Epicardium,5.320579499774175,0.25125744076629414,2.9279315794875256,0.03183352320153046,0.09,1344,179
Endothelial cell,Epidermal progenitor (anterior),5.038364837611953,-0.003896487654091748,0.10643875765437642,0.005177618653030876,0.79,1344,157
Endothelial cell,Epidermal progenitor (posterior),5.753689434904395,-0.07405631362349574,-2.597859223074176,0.007816839026816808,0.4,1344,6469
Endothelial cell,Extraembryonic mesoderm,5.733163214658037,0.07584073310060961,3.5192254522994566,0.025691327284933792,0.41,1344,4702
Endothelial cell,Eye field,5.476641875031067,-0.3335864261972444,-11.45297300742366,0.002335532823336665,0.0,1344,2922
Endothelial cell,Facial branchiomotor neuron,4.669733693813939,-0.2555227643510505,-2.374470340495027,0.025962973315459836,0.16,1079,43
Endothelial cell,Floor plate (anterior),5.384750241678323,-0.2304670819198774,-7.260642438342562,0.00011188028576251962,0.0,1344,1537
Endothelial cell,Floor plate (posterior),5.427020910587458,-0.19946472265286838,-6.88184167897153,0.0021632911288740563,0.0,1344,1929
Endothelial cell,Foregut,5.205662043984458,-0.08875023265532948,-2.4861040341802134,0.01920543590106267,0.09,1344,977
Endothelial cell,Frontonasal mesenchyme,5.592023832121886,-0.2285975673568131,-8.63752758608929,0.003160117118446024,0.0,1344,4202
Endothelial cell,Head paraxial mesoderm,6.561063022132571,0.7170383094781734,34.32380983810805,0.003615802595914491,0.0,1344,10089
Endothelial cell,Hemogenic endothelium,5.270984084517903,0.1949265639849275,1.9544188461527192,0.025182305198996092,0.63,1344,73
Endothelial cell,Hindbrain (isthmic organizer),5.571902555062789,-0.3389945638525778,-12.544482299752653,0.001159817533269826,0.0,1344,2376
Endothelial cell,Hindbrain (r1),5.6460782176183235,-0.3515721353370216,-15.082318254514774,0.0036147226218631538,0.0,1344,6335
Endothelial cell,Hindbrain (r2-r4),5.687349332922981,-0.3717388965978075,-15.635392887966077,0.0023873466296541325,0.0,1344,7748
Endothelial cell,Hindbrain (r5-r8),5.685300660798824,-0.38559042505475016,-16.88394516065401,0.0010030025890078783,0.0,1344,5781
Endothelial cell,Hindgut,5.164492104875294,-0.19610162624633296,-6.9797425809331175,0.013683414811299338,0.0,1344,1110
Endothelial cell,Hypaxial myogenic progenitor,4.803281442021142,0.12857370721209316,2.185195428908396,0.44151974416324014,0.26,1079,23
Endothelial cell,Hypothalamus,5.458912701422544,-0.3058373742745992,-10.643040129077882,0.0006359960191710302,0.0,1344,2956
Endothelial cell,Inflow tract,6.111596995974341,0.41814771174895754,14.269037710754112,0.0023678466184457823,0.0,1344,1444
Endothelial cell,Intermediate mesoderm (nephrogenic),5.836621998412601,-0.09205384219224506,-3.7108664684242854,0.0006516533342398033,0.0,1344,2580
Endothelial cell,Juxtacardiac field,5.962342532249093,0.36741081943996673,11.010584779073374,0.019751468321807946,0.0,1344,965
Endothelial cell,Left ventricle,5.790356007862261,0.1676998531355404,6.084525682103602,0.00044258412962917674,0.0,1344,1359
Endothelial cell,Megakaryocyte,4.53812550352484,-0.3082704559294938,-2.666674360811441,0.00413848700780597,0.02,1344,58
Endothelial cell,Midbrain,5.58816562710322,-0.37795710002865474,-15.330782231507513,0.003944130012436313,0.0,1344,7099
Endothelial cell,Midbrain neuron,5.23963408749123,-0.20953895685278448,-4.264187550346942,5.861412654240971e-05,0.04,1344,353
Endothelial cell,Midgut,5.264672714975625,-0.1446504575327614,-5.0790925359892976,0.011045670751529055,0.13,1344,2242
Endothelial cell,Myotome,5.122177477755027,0.26092408313421994,2.76334530766032,0.00551649048126735,0.34,1344,65
Endothelial cell,Nascent somite,5.744344747606508,-0.11247930984407943,-4.444085654984217,0.0017449555501802892,0.01,1344,2502
Endothelial cell,Notochord,5.421894612667612,-0.004105641240930898,-0.11459708721258129,0.021561756978579903,0.04,1344,749
Endothelial cell,Olfactory placode,5.505002802166492,-0.14555384987667708,-4.7541466888431385,0.004732404834174635,0.01,1344,1680
Endothelial cell,Otic placode,5.497017331798735,-0.14753201895259474,-5.125485408370703,5.169311464610518e-06,0.0,1344,1357
Endothelial cell,Outflow tract,6.025702999529077,0.46048425542642973,12.634590591294335,0.016876638603021327,0.0,1344,586
Endothelial cell,Periocular mesoderm,5.762932328063634,0.4496111828380034,11.983634165990432,0.0017907066168292858,0.0,1344,798
Endothelial cell,Pharyngeal arch mesenchyme,5.58496625730448,-0.23630184377495786,-8.844154955078702,0.001995935088222865,0.0,1344,4598
Endothelial cell,Pharyngeal endoderm,5.435812776593643,-0.08458564697493227,-4.035924091051734,0.014251647336991633,0.17,1344,2292
Endothelial cell,Pharyngeal mesoderm,6.494118466690118,0.7035368194645605,29.29946799294917,0.003922156701772788,0.0,1344,2901
Endothelial cell,Pre-placodal ectoderm,5.620481861489484,-0.12071201209086861,-4.270736701195841,0.004180229228792554,0.0,1344,3388
Endothelial cell,Prechordal plate,4.53954709708306,-0.07256161222545969,-0.6091548131971539,0.007400996562290639,0.99,1344,38
Endothelial cell,Presomitic mesoderm,5.86339198124249,-0.23936342859198292,-10.065712656040347,0.001991694268541622,0.0,1344,9179
Endothelial cell,Primordial germ cell,4.6403087633984335,-0.22216892126166451,-3.127741562846593,0.008293464431662054,0.01,1344,141
Endothelial cell,Respiratory progenitor,5.257432820881044,-0.0840052020434013,-2.33558149469111,0.017157775806141487,0.62,1344,531
Endothelial cell,Right ventricle,6.0613802641659005,0.4264874997198091,14.775550145359238,0.02988984204879582,0.0,1344,991
Endothelial cell,Roof plate (anterior),5.309036276719361,-0.19490057789079204,-3.5129249671178546,0.00941007138588146,0.02,1344,384
Endothelial cell,Roof plate (posterior),5.583721291498098,-0.27801955633612785,-8.702879233612538,0.0002222521729165239,0.0,1344,1395
Endothelial cell,Sclerotome,6.118670678482268,0.17265418869316682,7.871129635190635,0.005031349752694623,0.0,1344,8569
Endothelial cell,Second heart field (anterior),5.876378347592259,0.3899486656655169,9.367109839405744,0.0035896864633655446,0.0,1344,420
Endothelial cell,Second heart field (posterior),6.11745146792159,0.4527834102288688,14.549860089282626,0.012684219748727552,0.0,1344,984
Endothelial cell,Somatic mesoderm,6.43320272507885,0.29650383109137035,13.031289192430563,0.013147396308795294,0.0,1344,16744
Endothelial cell,Somatic mesoderm (anterior),5.844748531022371,0.3879650483354042,7.071098320038815,0.07428841764175757,0.01,1344,274
Endothelial cell,Somatic mesoderm (tailbud),4.623515774833415,-0.08393872118588863,-0.5330512790159178,0.016591311782465697,0.69,1344,23
Endothelial cell,Somatic motor neuron,4.760579642391497,-0.2961347657928088,-3.846704184711999,0.003290244250636934,0.47,1344,134
Endothelial cell,Spinal cord (cervical),5.703646622953002,-0.3735665613070047,-15.900423341707059,0.0012321513095327119,0.0,1344,8692
Endothelial cell,Spinal cord (lumbar),5.628929040717825,-0.22828740843260853,-8.64484812833386,0.00469173349059946,0.01,1344,3152
Endothelial cell,Spinal cord (thoracic),5.778276888808922,-0.31990333649418307,-13.979566684855882,0.003544418964667984,0.0,1344,12419
Endothelial cell,Spinal cord interneuron progenitor,4.802175271719992,-0.2060992407011284,-1.705213589921798,0.015677708984089784,0.1,1344,65
Endothelial cell,Splanchnic mesoderm,6.301037763369468,0.11984604767644491,4.780713442119001,0.006414030677202401,0.02,1344,15340
Endothelial cell,Splanchnic mesoderm (cardiopulmonary),6.056337049605806,0.46353259159418,13.777688333735961,0.024246231259678962,0.0,1344,893
Endothelial cell,Splanchnic mesoderm (septum transversum),6.033239408352602,0.4358209747013599,11.710276367152316,0.010665728902546807,0.0,1344,701
Endothelial cell,Surface ectoderm (anterior),5.620869633693498,-0.04388953460559512,-1.5396017492963168,0.0005567401501676647,0.45,1344,2325
Endothelial cell,Surface ectoderm (posterior),5.379742805914296,0.021777504372924916,0.1937561445219039,0.010297050830798777,0.8,1344,224
Endothelial cell,Telencephalon (dorsal),5.6257928509998685,-0.348392073229341,-14.576982708969886,0.0006542266806112644,0.0,1344,9362
Endothelial cell,Trigeminal branchiomotor neuron,4.289274773774599,-0.21963404384178795,-1.276341659689151,0.044523006170083035,0.68,1344,27
Endothelial cell,Trigeminal placode,5.578691415580798,-0.16123117200057635,-5.489152036966782,0.000842325781121805,0.0,1344,1875
Endothelial cell,Trigeminal sensory neuron,5.282666573836358,-0.027160123991942637,-0.4092791036985343,0.00036089792537262,0.78,1344,268
Endothelial cell,Trunk neural crest,5.408463023035054,-0.1903611918863124,-5.330868389278664,0.005185584864484625,0.0,1344,917
Endothelial cell,Vagal neural crest,5.565757429258036,-0.19680751518245257,-6.828771978401043,0.0033280092403602784,0.0,1344,1902
Endothelial cell,Visceral motor neuron,4.994574286349882,-0.09150440309338581,-1.9857541712071967,0.018211029972747463,0.87,1344,140
Endothelial cell,Yolk sac endothelial cell,5.543453592618969,0.5339674756960037,4.980091442815563,0.09054406821418554,0.0,1344,60
Endothelial progenitor,Endothelial progenitor,8.999999999829349,1.1842378929335002e-15,1.1846374192049108e-05,3.9232682352991657e-28,1.0,4455,4455
Endothelial progenitor,Epibranchial placode,5.888192014593677,-0.018378894466692646,-1.0581425809111324,0.004571632735061449,0.79,4455,2681
Endothelial progenitor,Epibranchial sensory neuron,5.363639915796308,0.03923591693834479,0.30589161109928115,0.005210343919349672,0.81,4455,124
Endothelial progenitor,Epicardium,5.352194061280968,0.04032038869965534,0.1990678312327082,0.021535700792778893,0.42,4455,179
Endothelial progenitor,Epidermal progenitor (anterior),5.256208845620428,-0.02157036435030098,-0.2747994679317036,0.0006233930182710493,0.92,4455,157
Endothelial progenitor,Epidermal progenitor (posterior),6.140836938788301,0.07040902408510312,4.538952087320381,0.004607980211669108,0.26,4455,6469
Endothelial progenitor,Extraembryonic mesoderm,5.6678155444718525,-0.23381253377040334,-14.870500356120496,0.0006555615990811365,0.0,4455,4702
Endothelial progenitor,Eye field,5.71338911417791,-0.3408224693720481,-17.379778446422684,0.008061958271858658,0.0,4455,2922
Endothelial progenitor,Facial branchiomotor neuron,4.7642520662916805,-0.36197683162947536,-3.6921987721038874,0.027343472776102294,0.01,3081,43
Endothelial progenitor,Floor plate (anterior),5.511882104422611,-0.3453418853724933,-13.956503522100347,0.004985069216203327,0.0,4455,1537
Endothelial progenitor,Floor plate (posterior),5.544667783201624,-0.3216736302338547,-14.917285251701893,0.0016666356097509185,0.0,4455,1929
Endothelial progenitor,Foregut,5.189895344728424,-0.35340090151467,-10.984892329061923,0.011471093780742346,0.0,4455,977
Endothelial progenitor,Frontonasal mesenchyme,5.910109532156635,-0.1554743910304195,-8.513848019361518,0.0014064983766238412,0.0,4455,4202
Endothelial progenitor,Head paraxial mesoderm,6.503324559590008,0.41501518269238485,29.82289445839356,0.0016110041036439479,0.0,4455,10089
Endothelial progenitor,Hemogenic endothelium,5.713283172196795,0.38880311117006805,4.511577473980252,0.04301495183638231,0.13,4455,73
Endothelial progenitor,Hindbrain (isthmic organizer),5.8275378920310645,-0.3260398625967609,-15.419957372569558,0.0028259802230132277,0.0,4455,2376
Endothelial progenitor,Hindbrain (r1),5.889727876733084,-0.3517926062157386,-22.424676955186783,0.0041883564240673575,0.0,4455,6335
Endothelial progenitor,Hindbrain (r2-r4),5.964895915682365,-0.33788720600939054,-22.55036016818126,0.003946591155316571,0.0,4455,7748
Endothelial progenitor,Hindbrain (r5-r8),5.997360483452348,-0.3166849169931402,-20.559439404831185,0.006044076616475667,0.0,4455,5781
Endothelial progenitor,Hindgut,5.2306380069314,-0.3721480497643232,-13.350376998253802,0.00770284340430192,0.0,4455,1110
Endothelial progenitor,Hypaxial myogenic progenitor,5.23932251001601,0.35589395873716834,3.0756179193216786,0.29305473328130055,0.9,3081,23
Endothelial progenitor,Hypothalamus,5.6290964377211266,-0.3768388815965074,-18.115145516661624,0.00020905887840585576,0.0,4455,2956
Endothelial progenitor,Inflow tract,5.980305580226497,0.04256717172787313,1.7737535172581727,0.0015883997026844116,0.91,4455,1444
Endothelial progenitor,Intermediate mesoderm (nephrogenic),6.539648254232266,0.3673640261821299,18.41755827027035,0.0002064470669572869,0.0,4455,2580
Endothelial progenitor,Juxtacardiac field,5.902145660282554,0.06660450082375953,2.2623816735635356,0.005807354120093648,0.94,4455,965
Endothelial progenitor,Left ventricle,5.783669274084333,-0.08325035409940984,-3.923391939263363,0.0069906356888049335,0.39,4455,1359
Endothelial progenitor,Megakaryocyte,4.646086264549617,-0.45152055125332424,-3.8633742098107287,0.020522931645801375,0.01,4455,58
Endothelial progenitor,Midbrain,5.833507915703186,-0.37613290636148583,-24.00225374057474,0.0029025997742148234,0.0,4455,7099
Endothelial progenitor,Midbrain neuron,5.46213018819532,-0.23906926507485515,-5.442310959261705,0.0011134959842566885,0.0,4455,353
Endothelial progenitor,Midgut,5.263559965814934,-0.38682262199335565,-17.170660373606612,0.01844001141818096,0.0,4455,2242
Endothelial progenitor,Myotome,5.188348801173639,0.0648188331123265,0.7764571187396802,0.012705754838906173,0.72,4455,65
Endothelial progenitor,Nascent somite,6.015161392093688,-0.08779281142466733,-4.733209449796787,0.007981507145097122,0.7,4455,2502
Endothelial progenitor,Notochord,5.410553317294649,-0.2566996916058608,-8.428404217442372,0.002607615242918889,0.0,4455,749
Endothelial progenitor,Olfactory placode,5.8364810817396595,-0.05458283792739138,-2.2137819828523853,0.001176473962933953,0.53,4455,1680
Endothelial progenitor,Otic placode,5.8260035606663,-0.06313061850975081,-2.4067099200673217,0.007217124800669911,0.24,4455,1357
Endothelial progenitor,Outflow tract,6.128423321038817,0.31651388966793775,9.307121685493497,0.018517174192667938,0.0,4455,586
Endothelial progenitor,Periocular mesoderm,5.958425478203995,0.4024342133648903,13.024894508316242,0.011609296084400006,0.0,4455,798
Endothelial progenitor,Pharyngeal arch mesenchyme,5.884292323630422,-0.18048144140817968,-10.497710427007924,0.0007601578276159831,0.0,4455,4598
Endothelial progenitor,Pharyngeal endoderm,5.474886210253239,-0.2851434940277115,-13.638293061799823,0.004561283732631867,0.0,4455,2292
Endothelial progenitor,Pharyngeal mesoderm,6.55737752770828,0.5246699948012257,26.82428169154353,0.00619909177424989,0.0,4455,2901
Endothelial progenitor,Pre-placodal ectoderm,5.957273548172871,-0.02821763253400385,-1.606890572790095,0.0013348059066486534,0.83,4455,3388
Endothelial progenitor,Prechordal plate,4.506430012311388,-0.35170985376519176,-2.5354420615568123,0.0025872921756240064,0.02,4455,38
Endothelial progenitor,Presomitic mesoderm,6.25600205201761,-0.09101251137875603,-6.156816295033287,0.006829052628286015,0.37,4455,9179
Endothelial progenitor,Primordial germ cell,4.618585571310948,-0.48523354996735435,-7.195335472364387,0.0047482340659382545,0.0,4455,141
Endothelial progenitor,Respiratory progenitor,5.2693633765449475,-0.31609793557690075,-9.322137034888584,0.01768264120399647,0.0,4455,531
Endothelial progenitor,Right ventricle,6.123016626188918,0.24627456181497318,8.560991665622192,0.005798306137902828,0.0,4455,991
Endothelial progenitor,Roof plate (anterior),5.600141764842079,-0.1533247948073022,-3.2932674823161823,0.0038101653184451738,0.02,4455,384
Endothelial progenitor,Roof plate (posterior),5.961626974577353,-0.14294756261498578,-6.273967123600282,0.0025037910642347902,0.0,4455,1395
Endothelial progenitor,Sclerotome,6.387899612851104,0.19963039382647274,13.997308469553488,0.0009915959661543337,0.0,4455,8569
Endothelial progenitor,Second heart field (anterior),6.021234018869483,0.29686548076596253,8.042100750903597,0.0009912628029913931,0.0,4455,420
Endothelial progenitor,Second heart field (posterior),6.116026674730599,0.20379979226627812,6.6431352845450675,0.006310940124896386,0.0,4455,984
Endothelial progenitor,Somatic mesoderm,7.195227923505215,0.8163856659020056,62.987377766523196,0.00420358577187457,0.0,4455,16744
Endothelial progenitor,Somatic mesoderm (anterior),6.205499829673841,0.5029847175816698,9.781767367165768,0.006066232009799432,0.0,4455,274
Endothelial progenitor,Somatic mesoderm (tailbud),5.080574081893821,0.13225653408898808,0.6295317525587386,0.06029839257146238,0.49,4455,23
Endothelial progenitor,Somatic motor neuron,5.041725989801818,-0.24732849898432333,-3.805275288303348,0.016796402604179618,0.79,4455,134
Endothelial progenitor,Spinal cord (cervical),6.015100483807708,-0.3056820419136412,-21.857923107988086,0.0013810947594065052,0.0,4455,8692
Endothelial progenitor,Spinal cord (lumbar),5.949433342086782,-0.14863839792450081,-7.540912373156544,0.00789765464243616,0.22,4455,3152
Endothelial progenitor,Spinal cord (thoracic),6.113110811982857,-0.22596459856791698,-16.53801739261778,0.004943850178629835,0.0,4455,12419
Endothelial progenitor,Spinal cord interneuron progenitor,5.057747636151867,-0.18389368084611432,-2.031871052129325,0.012239091036903191,0.81,4455,65
Endothelial progenitor,Splanchnic mesoderm,7.168995697985449,0.7437391449488148,54.62918892041359,0.0016447864422227162,0.0,4455,15340
Endothelial progenitor,Splanchnic mesoderm (cardiopulmonary),6.138813326599398,0.3049088045528035,10.404028600678812,0.002073832113541186,0.0,4455,893
Endothelial progenitor,Splanchnic mesoderm (septum transversum),5.979745819770514,0.13778882047892113,4.137148361907194,0.00011726154715627852,0.0,4455,701
Endothelial progenitor,Surface ectoderm (anterior),5.920563564677715,0.010555357241743243,0.3307379834538655,0.005219092097031603,0.53,4455,2325
Endothelial progenitor,Surface ectoderm (posterior),5.56817063483631,-0.03420824798448704,-0.522116345733657,0.0016716991397319062,0.85,4455,224
Endothelial progenitor,Telencephalon (dorsal),5.899945792413459,-0.3156719934690999,-19.970000373200264,0.0019020563446608828,0.0,4455,9362
Endothelial progenitor,Trigeminal branchiomotor neuron,4.329112514077832,-0.41919913133821796,-2.4881106236815658,0.0016053330573319899,0.34,4455,27
Endothelial progenitor,Trigeminal placode,5.939536883628386,-0.0451981658346264,-2.073349090190035,0.002243923853323077,0.97,4455,1875
Endothelial progenitor,Trigeminal sensory neuron,5.573737843383934,0.017782044524487617,0.1896350083732521,0.0018128493883261452,0.65,4455,268
Endothelial progenitor,Trunk neural crest,5.788290627761231,-0.05173706534369179,-1.7617765808962595,0.0021038275624119225,0.96,4455,917
Endothelial progenitor,Vagal neural crest,5.9357749582364105,-0.06770029104781372,-3.4234667429981704,0.004574946613116126,0.89,4455,1902
Endothelial progenitor,Visceral motor neuron,5.197074724880458,-0.14025795667802576,-2.993465156934079,0.06797994090029139,0.57,4455,140
Endothelial progenitor,Yolk sac endothelial cell,5.637094906529977,0.37628633545367673,3.2177295848863445,0.044100517904235075,0.01,4455,60
Epibranchial placode,Epibranchial placode,9.00000000003798,5.921189464667502e-15,5.92020091891e-05,2.093110935186418e-28,1.0,2681,2681
Epibranchial placode,Epibranchial sensory neuron,6.209626412877941,1.3315861617337854,16.279997053437935,0.07154705999537841,0.0,2681,124
Epibranchial placode,Epicardium,4.6755187750666005,-0.19175747166371337,-2.9863654365584797,0.02310808799001602,0.75,2681,179
Epibranchial placode,Epidermal progenitor (anterior),5.7051558361233505,0.8714790769156201,11.996922797975254,0.12498369910621168,0.01,2681,157
Epibranchial placode,Epidermal progenitor (posterior),6.8581449228374245,1.2291150367495003,65.28012883612149,0.01829175942499338,0.0,2681,6469
Epibranchial placode,Extraembryonic mesoderm,5.329278456475591,-0.12835239007269905,-6.463268905094189,0.0018952951790055655,0.0,2681,4702
Epibranchial placode,Eye field,5.337435499262216,-0.2745573743752656,-11.905224887360676,0.014127542518122212,0.0,2681,2922
Epibranchial placode,Facial branchiomotor neuron,4.285177399367575,-0.4008370394047396,-3.4368853734616716,0.0004702199887029412,0.0,2193,43
Epibranchial placode,Floor plate (anterior),5.018387540768788,-0.4003534574696408,-14.288178645948173,0.006283145875149661,0.0,2681,1537
Epibranchial placode,Floor plate (posterior),4.989907584897483,-0.43526005350434716,-16.92959438368341,0.00465422594754363,0.0,2681,1929
Epibranchial placode,Foregut,4.851362012646676,-0.2450264221426043,-7.65659846225453,0.023193920615990755,0.04,2681,977
Epibranchial placode,Frontonasal mesenchyme,5.951292115243896,0.33163219874619837,14.408153856286583,0.008379311877672914,0.0,2681,4202
Epibranchial placode,Head paraxial mesoderm,5.37456467702922,-0.2718364592427118,-15.109110155157483,0.003925366850309227,0.0,2681,10089
Epibranchial placode,Hemogenic endothelium,5.064082269477449,0.1830427935721112,1.844860532153252,0.006017040128344132,0.44,2681,73
Epibranchial placode,Hindbrain (isthmic organizer),5.3774247908651915,-0.330405866447436,-14.432177128989649,0.002412335569718127,0.0,2681,2376
Epibranchial placode,Hindbrain (r1),5.4581613787850225,-0.3425689442058622,-17.97736327669067,0.0018298252701198312,0.0,2681,6335
Epibranchial placode,Hindbrain (r2-r4),5.5446072894264296,-0.31360399073632345,-15.478306790391008,0.010226813431415703,0.0,2681,7748
Epibranchial placode,Hindbrain (r5-r8),5.505839005277241,-0.36580915290427046,-18.865509882398335,0.023435371825769685,0.0,2681,5781
Epibranchial placode,Hindgut,4.89563000746334,-0.26348337320105514,-9.166993767908991,0.039073008747939786,0.03,2681,1110
Epibranchial placode,Hypaxial myogenic progenitor,4.4296422258288235,-0.02476302036644995,0.0022226751320182925,0.005203645354305964,0.87,2193,23
Epibranchial placode,Hypothalamus,5.164631580398654,-0.4000342300910142,-17.434784313867507,0.00541139661097916,0.0,2681,2956
Epibranchial placode,Inflow tract,5.474806480862164,-0.018309442331149246,-0.608143492374487,0.0029683716495615756,0.42,2681,1444
Epibranchial placode,Intermediate mesoderm (nephrogenic),5.557348822367138,-0.17278081158290792,-7.453118185721965,0.007131356870673736,0.0,2681,2580
Epibranchial placode,Juxtacardiac field,5.233412088751152,-0.16255894957779335,-5.190749042917024,0.01802478860548307,0.46,2681,965
Epibranchial placode,Left ventricle,5.185677108452103,-0.235259995082482,-8.063384461455918,0.001973578499706131,0.0,2681,1359
Epibranchial placode,Megakaryocyte,4.309082425805872,-0.33737005386238444,-2.5692222661756414,0.009047431552381417,0.03,2681,58
Epibranchial placode,Midbrain,5.40608569341567,-0.36154978587354886,-17.214365861684406,0.004731585347347514,0.0,2681,7099
Epibranchial placode,Midbrain neuron,5.100325853967003,-0.1494604282412313,-2.2567423030284983,0.026629022063146476,0.35,2681,353
Epibranchial placode,Midgut,4.972763480368454,-0.23400187170596679,-8.97757056263309,0.031921438329044566,0.02,2681,2242
Epibranchial placode,Myotome,4.617329768615378,-0.04655839805628581,-0.6573127229846013,0.0659919816151094,0.28,2681,65
Epibranchial placode,Nascent somite,5.402653613900324,-0.2542395321743595,-10.040536268390582,0.01295318429392299,0.0,2681,2502
Epibranchial placode,Notochord,4.9397428006073305,-0.28465032179247984,-8.019530281504148,0.008981053700858431,0.0,2681,749
Epibranchial placode,Olfactory placode,6.041184517205264,0.5926984687543989,20.246907020142,0.0346708627415214,0.0,2681,1680
Epibranchial placode,Otic placode,6.695103676662761,1.2515038438732269,43.22055875572801,0.051104067253458056,0.0,2681,1357
Epibranchial placode,Outflow tract,5.184942419511622,-0.1775526263775351,-4.377725073231465,0.002965493551478656,0.0,2681,586
Epibranchial placode,Periocular mesoderm,4.859419286367719,-0.2562766595451678,-7.078421586871916,0.029521001250623097,0.0,2681,798
Epibranchial placode,Pharyngeal arch mesenchyme,5.961260971705657,0.3387697026647813,16.714057013990423,0.011088327134736424,0.0,2681,4598
Epibranchial placode,Pharyngeal endoderm,5.096812319965452,-0.22113239649899677,-9.865567801561687,0.012213220956690167,0.0,2681,2292
Epibranchial placode,Pharyngeal mesoderm,5.364097394295214,-0.22531389743636923,-10.336965213395416,0.006969111295316853,0.0,2681,2901
Epibranchial placode,Pre-placodal ectoderm,6.517447188183774,0.9757602943072715,41.86111365470927,0.03845556261567493,0.0,2681,3388
Epibranchial placode,Prechordal plate,4.130113745670555,-0.2825887358444647,-1.887364215504114,0.039602012751403966,0.38,2681,38
Epibranchial placode,Presomitic mesoderm,5.818674435130845,-0.08264802305224765,-4.739031497289247,0.001500901910152732,0.0,2681,9179
Epibranchial placode,Primordial germ cell,4.546755357672951,-0.1197623332935791,-1.5497869648427087,0.011155775854943685,0.92,2681,141
Epibranchial placode,Respiratory progenitor,4.903643877768557,-0.23963434231803818,-6.086630379183617,0.014078827670841856,0.0,2681,531
Epibranchial placode,Right ventricle,5.305122530282392,-0.1300481618377042,-3.9405911345248654,0.0013653978690347176,0.0,2681,991
Epibranchial placode,Roof plate (anterior),5.361995337556716,0.05665210414222196,1.603057537871088,0.018922260873897215,0.31,2681,384
Epibranchial placode,Roof plate (posterior),5.71951181311259,0.05738829069294038,1.7851562932107956,0.014181005542861816,0.31,2681,1395
Epibranchial placode,Sclerotome,5.3826637601508915,-0.36153943016010476,-20.10868472704173,0.005848633739487935,0.0,2681,8569
Epibranchial placode,Second heart field (anterior),5.260309736169347,-0.02147658695235055,-0.44224363955035023,0.00443847961531419,0.24,2681,420
Epibranchial placode,Second heart field (posterior),5.489366808501692,0.021018986434186832,0.7363628081943324,0.0008042089327649736,0.81,2681,984
Epibranchial placode,Somatic mesoderm,5.969652709939047,0.033348447055858266,1.9318429405852742,0.0006635780798537723,0.76,2681,16744
Epibranchial placode,Somatic mesoderm (anterior),5.260528121885785,0.004684993706167262,0.1802548650520818,0.001383020837771314,0.98,2681,274
Epibranchial placode,Somatic mesoderm (tailbud),4.477704232090544,-0.003561542018360342,-0.04856222711634487,0.027495266297211822,0.91,2681,23
Epibranchial placode,Somatic motor neuron,4.498902152365822,-0.3368035726190257,-4.5541224643537985,0.04617435987011195,0.8,2681,134
Epibranchial placode,Spinal cord (cervical),5.546205672521569,-0.3304184649632142,-18.54942839038825,0.015224972074237049,0.0,2681,8692
Epibranchial placode,Spinal cord (lumbar),5.448591581114222,-0.2069116233427287,-8.124481262312653,0.0009705841613252257,0.0,2681,3152
Epibranchial placode,Spinal cord (thoracic),5.6094372605348966,-0.28789173661449724,-16.50103844278923,0.010801407712653553,0.0,2681,12419
Epibranchial placode,Spinal cord interneuron progenitor,4.491386315931425,-0.3079793452836809,-2.4820700929714925,0.007780230795883657,0.13,2681,65
Epibranchial placode,Splanchnic mesoderm,6.115679641943335,0.13504900091937197,7.110253092553466,0.004541907900676723,0.0,2681,15340
Epibranchial placode,Splanchnic mesoderm (cardiopulmonary),5.468960144526438,0.0758327620887312,2.351768505266926,0.004574449031774579,0.96,2681,893
Epibranchial placode,Splanchnic mesoderm (septum transversum),5.416375235408644,0.02091453309113304,0.6208825747697334,0.006119838987350772,0.61,2681,701
Epibranchial placode,Surface ectoderm (anterior),6.728990272621942,1.2621035656563995,53.39329161097279,0.03436236176772882,0.0,2681,2325
Epibranchial placode,Surface ectoderm (posterior),6.009694085887549,0.8496936708619233,14.519293571612117,0.1022391593992334,0.0,2681,224
Epibranchial placode,Telencephalon (dorsal),5.645854816651117,-0.12439669658225967,-6.388437644390781,0.00316874952256245,0.0,2681,9362
Epibranchial placode,Trigeminal branchiomotor neuron,4.0819379506089355,-0.2766030613028822,-1.183017466092287,0.017826257235113517,0.36,2681,27
Epibranchial placode,Trigeminal placode,6.227704301959476,0.685322596364605,26.837947514139557,0.0004283825127730567,0.0,2681,1875
Epibranchial placode,Trigeminal sensory neuron,5.84438786965477,0.7328240256460449,12.542269971536056,0.046690625982828575,0.0,2681,268
Epibranchial placode,Trunk neural crest,5.57973713075058,0.18864206015616514,4.464812260069056,0.01956044717833843,0.29,2681,917
Epibranchial placode,Vagal neural crest,5.779956553064619,0.21950679270580586,7.19469532477608,0.00910256761638896,0.0,2681,1902
Epibranchial placode,Visceral motor neuron,4.595952110655779,-0.2909887623179248,-3.425200835857822,0.006544421910831768,0.26,2681,140
Epibranchial placode,Yolk sac endothelial cell,4.91526728356017,0.09821286006209995,0.5893103957705429,0.06095948880166544,0.38,2681,60
Epibranchial sensory neuron,Epibranchial sensory neuron,8.99999999991138,-1.0066022089934753e-14,-0.00010064980904323153,4.207258161178729e-30,1.0,124,124
Epibranchial sensory neuron,Epicardium,4.126128765948969,-0.15077268536127444,-0.9433056216249889,0.005863029694653953,0.46,124,179
Epibranchial sensory neuron,Epidermal progenitor (anterior),4.889801393639233,0.6261094760882252,5.586256141326589,0.1008205413909451,0.27,124,157
Epibranchial sensory neuron,Epidermal progenitor (posterior),5.500624226511043,0.44734925457915625,7.1832975014562495,0.1556513251660353,0.97,124,6469
Epibranchial sensory neuron,Extraembryonic mesoderm,4.806188039682674,-0.0810228911463593,-0.7387238221111468,0.004964330775623205,0.77,124,4702
Epibranchial sensory neuron,Eye field,4.953428315867543,-0.07763998005102805,-1.350954944187545,0.020269189487883286,0.92,124,2922
Epibranchial sensory neuron,Facial branchiomotor neuron,4.210609537129402,-0.044911120837691554,-0.49726703311509424,0.015062231943012908,0.86,120,43
Epibranchial sensory neuron,Floor plate (anterior),4.641770447443178,-0.19629741049550672,-2.6071114668108524,0.007048357820560115,0.72,124,1537
Epibranchial sensory neuron,Floor plate (posterior),4.65144487754367,-0.2025790219156208,-2.718431580764809,0.008252410621329634,0.64,124,1929
Epibranchial sensory neuron,Foregut,4.622947285463421,0.0959192794859615,-0.08902536339695095,0.0613551773245448,0.28,124,977
Epibranchial sensory neuron,Frontonasal mesenchyme,5.302377418116456,0.2498322562051213,3.319189543072824,0.007749691832888784,0.55,124,4202
Epibranchial sensory neuron,Head paraxial mesoderm,4.939758027620047,-0.1213178722636264,-2.0501009295151986,0.01152604209646688,1.0,124,10089
Epibranchial sensory neuron,Hemogenic endothelium,4.458553062004433,0.15194361085709115,1.0354890324459929,0.024240667218396128,1.0,124,73
Epibranchial sensory neuron,Hindbrain (isthmic organizer),4.9154700802600475,-0.20611647571136396,-2.6747829706838804,0.010085070275714876,0.48,124,2376
Epibranchial sensory neuron,Hindbrain (r1),5.141838242105771,-0.07004533953095866,-1.7782380305583985,0.0465238973634403,0.53,124,6335
Epibranchial sensory neuron,Hindbrain (r2-r4),5.025964715315542,-0.270217385049218,-2.9602755791972335,0.008575612435162758,0.11,124,7748
Epibranchial sensory neuron,Hindbrain (r5-r8),5.173837991294341,-0.1185947766793826,-2.394049373728232,0.04572098176299936,0.77,124,5781
Epibranchial sensory neuron,Hindgut,4.5554304632102,-0.035617867356691,-0.9626054929829829,0.023305820109283847,0.7,124,1110
Epibranchial sensory neuron,Hypaxial myogenic progenitor,4.477173083939439,0.4927194210934651,1.36731166802025,0.24187938261230707,0.2,120,23
Epibranchial sensory neuron,Hypothalamus,4.778165328735459,-0.19974022783581713,-2.0843013972504965,0.003461994238258836,0.3,124,2956
Epibranchial sensory neuron,Inflow tract,4.84348813819884,-0.07081119515255511,-0.6267404016012988,0.01637051379255082,0.48,124,1444
Epibranchial sensory neuron,Intermediate mesoderm (nephrogenic),5.104340670651725,-0.04647951715561405,-1.5803319074390891,0.048344423528570504,0.38,124,2580
Epibranchial sensory neuron,Juxtacardiac field,4.735122946711999,-0.08151757765625334,-0.8641999795734406,0.00862752072048524,0.93,124,965
Epibranchial sensory neuron,Left ventricle,4.796047053773952,-0.04537420791573036,-0.6666221740249946,0.0044024542679986,0.9,124,1359
Epibranchial sensory neuron,Megakaryocyte,4.037779179751276,-0.03600737084153908,-0.43440375697930594,0.01946410312240301,0.76,124,58
Epibranchial sensory neuron,Midbrain,4.97565346210671,-0.22644925491628065,-2.8908940051720706,0.00557158706335207,0.44,124,7099
Epibranchial sensory neuron,Midbrain neuron,4.692367233806389,0.018024306330375477,0.001516272484856825,0.015488493161898726,0.83,124,353
Epibranchial sensory neuron,Midgut,4.705445017431946,0.06545281008140454,-0.26122569221263586,0.06294030697979802,0.25,124,2242
Epibranchial sensory neuron,Myotome,3.789487635980208,-0.3005462095992466,-1.3965921852588368,0.06227035765321393,0.44,124,65
Epibranchial sensory neuron,Nascent somite,5.0083769788649235,-0.07283886049148602,-1.422014660685628,0.026126661742263187,0.57,124,2502
Epibranchial sensory neuron,Notochord,4.469862262659196,-0.18431742566251094,-2.113087871969195,0.003709214374686933,0.39,124,749
Epibranchial sensory neuron,Olfactory placode,5.365537855487015,0.4909233463286693,6.144837706351399,0.10550617369168003,0.55,124,1680
Epibranchial sensory neuron,Otic placode,6.083624866743954,1.2223586408302536,12.495157223610827,0.08450203882536675,0.0,124,1357
Epibranchial sensory neuron,Outflow tract,4.6684846981647885,-0.12490113320615463,-1.3757653382193584,0.0008595071371443289,0.62,124,586
Epibranchial sensory neuron,Periocular mesoderm,4.494047574505097,-0.04962853327750002,-1.2971323408505189,0.03977411110493409,0.97,124,798
Epibranchial sensory neuron,Pharyngeal arch mesenchyme,5.438372945326409,0.38688039308081734,4.200700511079545,0.000548136204657699,0.07,124,4598
Epibranchial sensory neuron,Pharyngeal endoderm,4.802624094116705,0.050778283297346384,-0.0629459436109437,0.02183616869700704,0.42,124,2292
Epibranchial sensory neuron,Pharyngeal mesoderm,4.942658587969111,-0.0736107619533571,-1.5365458578315623,0.019894594536312413,0.68,124,2901
Epibranchial sensory neuron,Pre-placodal ectoderm,5.869089157372712,0.9112747349650038,11.209240127189766,0.04292312448985732,0.0,124,3388
Epibranchial sensory neuron,Prechordal plate,3.284558902933336,-0.5610738185516566,-1.685980842771339,0.9291099562891509,0.69,124,38
Epibranchial sensory neuron,Presomitic mesoderm,5.280962558174308,-0.04929807478433723,-0.7621043283358663,0.0063456921918346254,1.0,124,9179
Epibranchial sensory neuron,Primordial germ cell,4.043834071733678,-0.0413759168907902,-0.3937714593071196,0.07371859564644924,0.26,124,141
Epibranchial sensory neuron,Respiratory progenitor,4.583871529408755,0.01190421479554645,-0.5696555738428515,0.04327400460915301,0.3,124,531
Epibranchial sensory neuron,Right ventricle,4.760439690466317,-0.0920814855501068,-0.8924615807688593,0.007642987910815991,0.99,124,991
Epibranchial sensory neuron,Roof plate (anterior),5.13756665203233,0.4172075331503307,2.2840607807468536,0.2588471561116475,0.66,124,384
Epibranchial sensory neuron,Roof plate (posterior),5.277550827282012,0.19196983094512365,1.1569167927979216,0.044032442121486895,0.51,124,1395
Epibranchial sensory neuron,Sclerotome,5.0111087630345255,-0.14872060487163039,-2.6280034211361283,0.018491567430319097,0.96,124,8569
Epibranchial sensory neuron,Second heart field (anterior),4.746530988045984,0.025434280715865103,-0.025256525869357758,0.0358710361462393,0.93,124,420
Epibranchial sensory neuron,Second heart field (posterior),4.902615387297564,0.014269158390821879,0.8086424539309865,0.03744532335210992,0.37,124,984
Epibranchial sensory neuron,Somatic mesoderm,5.406250697668135,0.05177023417683172,0.46322750636801535,0.0037055109636051882,0.79,124,16744
Epibranchial sensory neuron,Somatic mesoderm (anterior),4.8274802583856005,0.15021425959725546,1.1912036023192363,0.04024887310993045,0.92,124,274
Epibranchial sensory neuron,Somatic mesoderm (tailbud),3.8986258149589283,-0.010356748961057871,0.02867586525592758,0.043627828198568,0.74,124,23
Epibranchial sensory neuron,Somatic motor neuron,3.919926709269682,-0.3572558369276127,-3.0573491852752035,0.014813967856617474,0.58,124,134
Epibranchial sensory neuron,Spinal cord (cervical),5.119097919480251,-0.1829519563091718,-2.6443385922116622,0.01632775072587332,0.71,124,8692
Epibranchial sensory neuron,Spinal cord (lumbar),5.008539494843203,-0.07133304568541732,-0.9337226326636571,0.003148893455698667,0.85,124,3152
Epibranchial sensory neuron,Spinal cord (thoracic),5.2238130895656,-0.09011761298925987,-1.9065100521918763,0.03069280518371534,0.75,124,12419
Epibranchial sensory neuron,Spinal cord interneuron progenitor,4.122326285243756,-0.10479331544846697,-1.062880856435381,0.030760937223176094,0.8,124,65
Epibranchial sensory neuron,Splanchnic mesoderm,5.502394101644536,0.08699593641830283,1.130284920306108,0.0006100214964298766,0.74,124,15340
Epibranchial sensory neuron,Splanchnic mesoderm (cardiopulmonary),4.864327767965299,0.06798475480470678,0.5203182406747241,0.012488303471445809,0.8,124,893
Epibranchial sensory neuron,Splanchnic mesoderm (septum transversum),4.84055361549563,0.028850703369071102,0.18095269452612087,0.006132198365947501,0.68,124,701
Epibranchial sensory neuron,Surface ectoderm (anterior),6.056680034587735,1.1660810811016453,15.697479557413663,0.4908253689581245,0.08,124,2325
Epibranchial sensory neuron,Surface ectoderm (posterior),4.939365332404313,0.34135780465296567,3.1342020700106326,0.077543995315123,0.49,124,224
Epibranchial sensory neuron,Telencephalon (dorsal),5.16499930404931,-0.020746434223410343,-0.11246052960144438,0.016317250890419223,0.61,124,9362
Epibranchial sensory neuron,Trigeminal branchiomotor neuron,4.154552809849821,0.41055475225089805,1.1351544693273197,0.15184343236028283,0.71,124,27
Epibranchial sensory neuron,Trigeminal placode,5.322425002678238,0.35844297248313833,4.783092591221752,0.20862809822538977,0.43,124,1875
Epibranchial sensory neuron,Trigeminal sensory neuron,5.218215114218409,0.6889485114649668,7.683629709822324,0.2475024700727936,0.68,124,268
Epibranchial sensory neuron,Trunk neural crest,5.078327889533541,0.27175338882924,2.7620758885785173,0.0012782775940050714,0.33,124,917
Epibranchial sensory neuron,Vagal neural crest,5.292015074784054,0.30483018051683874,2.7437033296227997,0.007147713830670686,0.11,124,1902
Epibranchial sensory neuron,Visceral motor neuron,4.201814876620407,-0.09217272641559582,-1.1490064180214925,0.011451303534678,0.97,124,140
Epibranchial sensory neuron,Yolk sac endothelial cell,4.37624650545975,0.14478980142780914,0.909666485759582,0.0391388992314508,0.8,124,60
Epicardium,Epicardium,9.000000000174177,-8.881784197001252e-15,-8.879481309873335e-05,6.090006188306211e-28,1.0,179,179
Epicardium,Epidermal progenitor (anterior),3.9702411145318166,-0.2740475158850315,-1.552782821663372,0.10298194932194071,0.98,179,157
Epicardium,Epidermal progenitor (posterior),4.930565935377351,-0.09630114741880764,-1.1677985147796808,0.0016142904770333672,0.55,179,6469
Epicardium,Extraembryonic mesoderm,5.347344748460135,0.48414300674024197,6.123403315109393,0.03027267004708949,0.0,179,4702
Epicardium,Eye field,4.684226277123322,-0.3246632789197073,-5.178460962432773,0.027480907258010414,0.58,179,2922
Epicardium,Facial branchiomotor neuron,3.904497295286504,-0.3603162431825073,-1.851070227547855,0.10275476462789572,0.19,175,43
Epicardium,Floor plate (anterior),4.787595537928266,-0.028643199362059352,-1.7434098858363332,0.07042874804310949,0.28,179,1537
Epicardium,Floor plate (posterior),4.756439453104358,-0.06654258728952674,-2.102356901804385,0.06991504985425828,0.32,179,1929
Epicardium,Foregut,4.494202123099938,0.0013869159720500217,-0.6718708431166815,0.19933461244278872,0.43,179,977
Epicardium,Frontonasal mesenchyme,4.692637298394662,-0.33581034908306684,-3.971651566675637,0.0028287067867328224,0.14,179,4202
Epicardium,Head paraxial mesoderm,5.201677595243012,0.1443624514665188,2.8617558564722447,0.01083789224894028,0.93,179,10089
Epicardium,Hemogenic endothelium,4.345898108489647,0.07341351978922968,0.27671893311049195,0.06130314510638727,0.76,179,73
Epicardium,Hindbrain (isthmic organizer),4.791606050849674,-0.3347223163839074,-5.02575619604547,0.020276307455215754,0.38,179,2376
Epicardium,Hindbrain (r1),4.888772878454151,-0.31226331256779655,-4.820997361453685,0.027724647615016276,0.58,179,6335
Epicardium,Hindbrain (r2-r4),4.896385611341159,-0.378776276916966,-6.240580313308883,0.011121484071426931,0.3,179,7748
Epicardium,Hindbrain (r5-r8),4.93525433085253,-0.3438309639985482,-5.651756216555577,0.013140268822349128,0.19,179,5781
Epicardium,Hindgut,4.664597069210419,0.10069644785851099,0.3849428758717983,0.0397896959453717,0.82,179,1110
Epicardium,Hypaxial myogenic progenitor,4.205400518051626,0.1897535977539886,-0.29545101645929156,0.2570904213803247,0.33,175,23
Epicardium,Hypothalamus,4.824148915095305,-0.13882404694856376,-2.9016563924161187,0.04125663355680788,0.77,179,2956
Epicardium,Inflow tract,5.765327950915392,0.8660365082987278,13.975472577622071,0.14211722283995393,0.0,179,1444
Epicardium,Intermediate mesoderm (nephrogenic),4.939917419297394,-0.19868234537665064,-3.8265763742959025,0.02380454986884798,0.87,179,2580
Epicardium,Juxtacardiac field,5.498209066923478,0.7021163041145311,8.442056213227582,0.02052762911706162,0.0,179,965
Epicardium,Left ventricle,5.764547686679987,0.9359690894742615,13.73727966410812,0.02565190822522752,0.0,179,1359
Epicardium,Megakaryocyte,4.333337072926123,0.27438862462133606,1.2465063356449806,0.05231957242898972,0.69,179,58
Epicardium,Midbrain,4.845557186402414,-0.31302221672505404,-5.084755447737893,0.021715276939207086,0.52,179,7099
Epicardium,Midbrain neuron,4.3383306053084345,-0.31214212360877863,-3.680390725173871,0.004218602729524642,0.31,179,353
Epicardium,Midgut,4.821151155150687,0.19885827083746724,1.608519840019173,0.04924837770062139,0.49,179,2242
Epicardium,Myotome,4.220148744241896,0.1276358825713153,1.0893752691447867,0.028712677743371825,0.78,179,65
Epicardium,Nascent somite,4.96042314621403,-0.09373898802231206,-2.5807926210932592,0.056146781486842906,0.48,179,2502
Epicardium,Notochord,4.825305332419186,0.19075327324656577,1.5906548185653557,0.04133160906063769,0.55,179,749
Epicardium,Olfactory placode,4.688834854242855,-0.1575631033209124,-2.3820475308164597,0.010626801763092154,0.83,179,1680
Epicardium,Otic placode,4.667917821438419,-0.18959899935056157,-1.9265673044856728,0.015730870026932218,0.35,179,1357
Epicardium,Outflow tract,5.159581227159979,0.39821686779461835,4.698946913237344,0.0009125457356800196,0.02,179,586
Epicardium,Periocular mesoderm,4.5760633446453705,0.05440310552791061,1.9469122161573544,0.06359885974189697,0.79,179,798
Epicardium,Pharyngeal arch mesenchyme,4.73576425624226,-0.28185999806358303,-4.252910024962536,0.014929606585007742,0.46,179,4598
Epicardium,Pharyngeal endoderm,4.839760948099958,0.11294398370365293,0.6967600666544328,0.03959182660796781,0.13,179,2292
Epicardium,Pharyngeal mesoderm,5.349489586462735,0.34712407019817676,5.03601920378381,0.020244762705424805,0.01,179,2901
Epicardium,Pre-placodal ectoderm,4.769595436594518,-0.16851850936152632,-1.9505882813089774,0.003125425947440169,0.27,179,3388
Epicardium,Prechordal plate,3.974194242266838,0.16112466073075993,0.4907254744606262,0.16484839783650593,0.83,179,38
Epicardium,Presomitic mesoderm,5.042291896712412,-0.2620359337559733,-4.629311671255674,0.005091744697053899,0.35,179,9179
Epicardium,Primordial germ cell,4.240669783461733,0.16180907718061568,1.3038443214490307,0.01885910132244586,0.96,179,141
Epicardium,Respiratory progenitor,4.655729234302651,0.11615383987455452,0.6885740994289754,0.046248610231607,0.33,179,531
Epicardium,Right ventricle,5.435857342233651,0.5941652834167949,8.212332392119608,0.020068832600639897,0.0,179,991
Epicardium,Roof plate (anterior),4.474686716986424,-0.24243721020842526,-3.10201867319241,0.0304605789426429,0.87,179,384
Epicardium,Roof plate (posterior),4.749807020731448,-0.31470569802487497,-3.888119154900062,0.008083112010476982,0.18,179,1395
Epicardium,Sclerotome,5.150799665345169,0.0008417248887129247,-1.200706234396357,0.04528339241213054,0.22,179,8569
Epicardium,Second heart field (anterior),5.066620323625589,0.390666980962715,4.867538911624534,0.02761511623651852,0.41,179,420
Epicardium,Second heart field (posterior),5.558865197198192,0.6745337663003829,7.5317054081195876,0.05821626734793092,0.0,179,984
Epicardium,Somatic mesoderm,5.572065442126401,0.23097508434216016,2.4529317720165564,0.028184848083027025,0.08,179,16744
Epicardium,Somatic mesoderm (anterior),4.516887943538216,-0.14708461484996574,-1.1473390657188847,0.13507407950419018,0.92,179,274
Epicardium,Somatic mesoderm (tailbud),3.7100476272616754,-0.20224335595500045,-0.976346789866505,0.27391574122840645,0.17,179,23
Epicardium,Somatic motor neuron,4.0856108741397135,-0.16759328704183307,-1.3356255153523204,0.12864374439341422,0.44,179,134
Epicardium,Spinal cord (cervical),5.017291351897837,-0.263500757841415,-4.436947836312988,0.03540488257310875,0.6,179,8692
Epicardium,Spinal cord (lumbar),4.702674249359788,-0.3662505966348002,-5.1861565171551405,0.003731120540118113,0.07,179,3152
Epicardium,Spinal cord (thoracic),4.997948209668313,-0.30389346766384523,-5.400545560364416,0.024851963460250037,0.53,179,12419
Epicardium,Spinal cord interneuron progenitor,3.914402329554442,-0.28703418482217885,-1.6682775248457895,0.033193538174601994,0.46,179,65
Epicardium,Splanchnic mesoderm,5.418042645544979,0.03695054877909776,-1.3289648365706088,0.09567078795854816,0.42,179,15340
Epicardium,Splanchnic mesoderm (cardiopulmonary),4.997717328741322,0.2025303693723576,2.393748738699959,0.058856099919677204,0.47,179,893
Epicardium,Splanchnic mesoderm (septum transversum),5.402449268513248,0.5966722846500154,6.709483128338202,0.013711707588539719,0.0,179,701
Epicardium,Surface ectoderm (anterior),4.738596215214302,-0.13200374367950563,-1.6003585506109212,0.0003039559717694842,0.5,179,2325
Epicardium,Surface ectoderm (posterior),4.568974989499484,0.0010161309430785082,0.410525247743982,0.029911003831877798,0.78,179,224
Epicardium,Telencephalon (dorsal),4.849304324647261,-0.32010429492267595,-5.265644821485599,0.01848093911411254,0.48,179,9362
Epicardium,Trigeminal branchiomotor neuron,3.2933034437739237,-0.4498339799127488,-1.3696245434274905,0.23128453626262363,0.43,179,27
Epicardium,Trigeminal placode,4.734518187514598,-0.2058850504421222,-2.241561414715687,0.0016175470565778197,0.28,179,1875
Epicardium,Trigeminal sensory neuron,4.339551873292582,-0.18774885335138483,-1.7107942132556075,0.0017020765575361933,0.41,179,268
Epicardium,Trunk neural crest,4.565909361134594,-0.22318623418261416,-3.142152489348152,0.0027487994140483894,0.43,179,917
Epicardium,Vagal neural crest,4.610247029168099,-0.35465574253467924,-4.109285976743359,0.014107262967747617,0.03,179,1902
Epicardium,Visceral motor neuron,4.283840618456484,-0.014831531423000754,-1.237722933788224,0.11873239969663206,0.35,179,140
Epicardium,Yolk sac endothelial cell,4.406292432563486,0.1862093303700029,0.7981229526996575,0.07541101045155085,0.36,179,60
Epidermal progenitor (anterior),Epidermal progenitor (anterior),9.000000000273545,5.921189464667501e-16,5.9236080347569515e-06,1.6513488282626512e-28,1.0,157,157
Epidermal progenitor (anterior),Epidermal progenitor (posterior),5.659084223537644,0.6488130992902565,9.47349710779575,0.03143896070128075,0.0,157,6469
Epidermal progenitor (anterior),Extraembryonic mesoderm,4.843409470888297,0.016357396598828327,0.006098878948474366,0.002185999944334573,0.89,157,4702
Epidermal progenitor (anterior),Eye field,4.767269534167735,-0.21998550787612814,-2.8392986015539496,0.005821122292429439,0.45,157,2922
Epidermal progenitor (anterior),Facial branchiomotor neuron,3.893488230879284,-0.37579593487599094,-1.8925547138519438,0.13893468688313235,0.31,153,43
Epidermal progenitor (anterior),Floor plate (anterior),4.5690545453993145,-0.23138286512844028,-2.1200037173859427,0.03790228629954351,0.7,157,1537
Epidermal progenitor (anterior),Floor plate (posterior),4.533166238736501,-0.24575828641658592,-2.9267548639199714,0.0002632208371357535,0.32,157,1929
Epidermal progenitor (anterior),Foregut,4.493021671717926,0.036156633470894185,0.18494909461462794,0.13367161822005014,0.23,157,977
Epidermal progenitor (anterior),Frontonasal mesenchyme,5.193454342030937,0.20361073669154361,2.4621485815944824,0.02000629911157913,0.48,157,4202
Epidermal progenitor (anterior),Head paraxial mesoderm,4.804259738754559,-0.2073766016491172,-2.5022460681429006,0.03728102334943242,0.87,157,10089
Epidermal progenitor (anterior),Hemogenic endothelium,4.389626795935072,0.11927022659810893,0.7587194267816666,0.008343661873846723,0.82,157,73
Epidermal progenitor (anterior),Hindbrain (isthmic organizer),4.840253129274423,-0.23340305187806484,-3.8752672258502288,0.040425997395850205,0.83,157,2376
Epidermal progenitor (anterior),Hindbrain (r1),4.939204627608086,-0.23883307531161613,-3.2340902115048067,0.012762928132273043,0.37,157,6335
Epidermal progenitor (anterior),Hindbrain (r2-r4),4.860963228447514,-0.3745093032459697,-4.649386396281705,0.019598884758086133,0.0,157,7748
Epidermal progenitor (anterior),Hindbrain (r5-r8),4.870314113295733,-0.3772075515385813,-4.464396055068467,0.013385227836595404,0.05,157,5781
Epidermal progenitor (anterior),Hindgut,4.419590500429998,-0.10859179164068437,-1.382610827163436,0.1319442185631113,0.04,157,1110
Epidermal progenitor (anterior),Hypaxial myogenic progenitor,3.893541168615778,-0.16609410027528315,0.1924111156214457,0.19789206327642994,0.43,153,23
Epidermal progenitor (anterior),Hypothalamus,4.673401497747382,-0.27432198192917845,-3.8093893616155534,0.004930345948673651,0.27,157,2956
Epidermal progenitor (anterior),Inflow tract,4.871161748243068,-0.006293738124927136,-0.3368807585668283,0.01470891805481555,0.94,157,1444
Epidermal progenitor (anterior),Intermediate mesoderm (nephrogenic),4.848185837968351,-0.25200737719112415,-2.927481558393476,0.017477170929238374,0.13,157,2580
Epidermal progenitor (anterior),Juxtacardiac field,4.708930687440797,-0.06235361286084166,-0.7065725344462997,0.006387016041275903,0.69,157,965
Epidermal progenitor (anterior),Left ventricle,4.644952932779202,-0.15508862521002165,-2.210408615426971,0.020482484069575736,0.97,157,1359
Epidermal progenitor (anterior),Megakaryocyte,3.91290582253289,-0.13516239981894054,-1.0223951695154703,0.08035451223372829,0.51,157,58
Epidermal progenitor (anterior),Midbrain,4.911958699350763,-0.23906849662558236,-3.374476009551843,0.012496078991875261,0.46,157,7099
Epidermal progenitor (anterior),Midbrain neuron,4.702211090109494,0.06736219524697902,-0.8815762603865019,0.11438959089340758,0.39,157,353
Epidermal progenitor (anterior),Midgut,4.524602111003305,-0.06529825388409227,-0.26819040328520743,0.09233807629085962,0.12,157,2242
Epidermal progenitor (anterior),Myotome,3.776206435406923,-0.2551447102174218,-0.6449914420741016,0.19159167251949133,0.92,157,65
Epidermal progenitor (anterior),Nascent somite,4.84811764136446,-0.18336387001998045,-1.4328235633301507,0.03287474405376868,0.45,157,2502
Epidermal progenitor (anterior),Notochord,4.437165047611625,-0.17209921406061243,-2.3942781215646622,0.005578962446633691,0.61,157,749
Epidermal progenitor (anterior),Olfactory placode,5.418935464712951,0.5897652366032494,7.8779361802589465,0.0734014086996364,0.07,157,1680
Epidermal progenitor (anterior),Otic placode,5.3312081919496,0.5043359401110056,6.129521294491696,0.07924258651145707,0.07,157,1357
Epidermal progenitor (anterior),Outflow tract,4.617136315670458,-0.12035317030325743,-0.9960000921843039,0.03174267339367536,0.55,157,586
Epidermal progenitor (anterior),Periocular mesoderm,4.4193767269084985,-0.06829035429089399,-1.4780052364674388,0.03135935820793142,0.66,157,798
Epidermal progenitor (anterior),Pharyngeal arch mesenchyme,5.034712010283425,0.023814906337969788,1.987142666830186,0.11388909140781735,0.24,157,4598
Epidermal progenitor (anterior),Pharyngeal endoderm,4.757583691770286,0.0712561858510646,0.27855123811990606,0.027152771577351496,0.66,157,2292
Epidermal progenitor (anterior),Pharyngeal mesoderm,4.773084312012368,-0.18940734448169838,-2.139350051589641,0.005599372934195287,0.22,157,2901
Epidermal progenitor (anterior),Pre-placodal ectoderm,5.832860334224333,0.9153804112487611,11.721998250996714,0.03353686720985603,0.0,157,3388
Epidermal progenitor (anterior),Prechordal plate,4.028037364030979,0.21367649660635113,0.7720958802910474,0.003427820013099234,0.55,157,38
Epidermal progenitor (anterior),Presomitic mesoderm,5.007902658142817,-0.272677602697331,-2.708994164692221,0.0597274370453392,0.0,157,9179
Epidermal progenitor (anterior),Primordial germ cell,3.9913327673028256,-0.06012026811232163,-0.18636383729904263,0.010598198475099591,0.58,157,141
Epidermal progenitor (anterior),Respiratory progenitor,4.562302648736491,0.052847061305974684,0.6222284262589708,0.026579556241076184,0.93,157,531
Epidermal progenitor (anterior),Right ventricle,4.69035550759158,-0.11629311406021703,-1.4841291564386305,0.014822197683298507,0.81,157,991
Epidermal progenitor (anterior),Roof plate (anterior),4.809735311507001,0.14420258791775709,0.744051649439882,0.031908026615254374,0.97,157,384
Epidermal progenitor (anterior),Roof plate (posterior),4.970547377248309,-0.0627017016578284,-1.42586792365573,0.04173807579192259,0.52,157,1395
Epidermal progenitor (anterior),Sclerotome,4.862178704258467,-0.25655058600159375,-3.6256215701324526,0.013237870732678915,0.14,157,8569
Epidermal progenitor (anterior),Second heart field (anterior),4.679455327499841,0.02003056541092511,0.4333644106001325,0.027019774295760766,0.89,157,420
Epidermal progenitor (anterior),Second heart field (posterior),4.8646953433748585,0.016121733774633107,0.35692596655111725,0.007797508829623396,0.95,157,984
Epidermal progenitor (anterior),Somatic mesoderm,5.375563091756778,0.06164762081767202,1.1714070031817427,0.006431450760848667,0.96,157,16744
Epidermal progenitor (anterior),Somatic mesoderm (anterior),4.483890709488721,-0.14673266816495398,-1.0001990358432253,0.03566706713349348,0.92,157,274
Epidermal progenitor (anterior),Somatic mesoderm (tailbud),4.336897600570617,0.4508821479249363,1.6390801602137508,0.03580780706034073,0.18,157,23
Epidermal progenitor (anterior),Somatic motor neuron,4.474516740887872,0.29125607070953025,-1.0574319380827883,0.9373281805865539,0.08,157,134
Epidermal progenitor (anterior),Spinal cord (cervical),4.851702582258519,-0.39952063188329995,-5.191471064071545,0.015728386953715284,0.01,157,8692
Epidermal progenitor (anterior),Spinal cord (lumbar),4.775967686331085,-0.2470800632092347,-2.8499361586378744,0.002754683959601236,0.25,157,3152
Epidermal progenitor (anterior),Spinal cord (thoracic),4.973572553380762,-0.3021278049669789,-4.2566899488432375,0.009500658235007266,0.09,157,12419
Epidermal progenitor (anterior),Spinal cord interneuron progenitor,4.26514007377101,0.08537713450269753,0.05549212277698593,0.08243569659473386,0.71,157,65
Epidermal progenitor (anterior),Splanchnic mesoderm,5.3996848648123175,0.041346298279302474,1.1937597400356978,0.023674734593672087,0.59,157,15340
Epidermal progenitor (anterior),Splanchnic mesoderm (cardiopulmonary),4.767504636549852,-0.007692478726678924,0.1221444069388095,0.012250218452583712,0.92,157,893
Epidermal progenitor (anterior),Splanchnic mesoderm (septum transversum),5.000897050518781,0.2174751639433857,2.0886022828565944,0.02500970200319849,0.35,157,701
Epidermal progenitor (anterior),Surface ectoderm (anterior),6.495221967675792,1.6567587884500903,22.46710979622281,0.2005632930462703,0.0,157,2325
Epidermal progenitor (anterior),Surface ectoderm (posterior),5.180379422647342,0.6549287342566906,5.988940326161722,0.11948877986726934,0.02,157,224
Epidermal progenitor (anterior),Telencephalon (dorsal),5.008758492128904,-0.1437190415834726,-1.9354972964866655,0.00737332425555896,0.56,157,9362
Epidermal progenitor (anterior),Trigeminal branchiomotor neuron,3.8703861675884537,0.1657957633108819,0.5074059619442576,0.08915032990737097,0.64,157,27
Epidermal progenitor (anterior),Trigeminal placode,5.47188490607376,0.5471998919552528,6.01050587653044,0.04431393958556498,0.0,157,1875
Epidermal progenitor (anterior),Trigeminal sensory neuron,4.8907405008776745,0.39668057828809733,4.8785091631632325,0.12570672455452023,0.52,157,268
Epidermal progenitor (anterior),Trunk neural crest,4.701211759995148,-0.07111905800589853,-0.41040063075555416,0.03864748731776605,0.93,157,917
Epidermal progenitor (anterior),Vagal neural crest,4.986964897371293,0.05360766561480842,0.5208268956312438,0.0024528791337129806,0.99,157,1902
Epidermal progenitor (anterior),Visceral motor neuron,4.023337194191504,-0.23267680618667677,-1.095479952650784,0.03723704432985818,0.53,157,140
Epidermal progenitor (anterior),Yolk sac endothelial cell,4.262692480556736,0.0848627687807036,0.4121927001550247,0.0014128415105121943,0.89,157,60
Epidermal progenitor (posterior),Epidermal progenitor (posterior),8.99999999997349,7.697546304067751e-15,7.696757530779761e-05,2.945080712825111e-29,1.0,6469,6469
Epidermal progenitor (posterior),Extraembryonic mesoderm,5.451245245584907,-0.17089549745819976,-11.163992951077953,0.0013699276578977959,0.0,6469,4702
Epidermal progenitor (posterior),Eye field,5.534284637516791,-0.24187443432100034,-13.217690289147912,0.0047697858337172275,0.0,6469,2922
Epidermal progenitor (posterior),Facial branchiomotor neuron,4.406128402757148,-0.4446825035267987,-4.2909125496806615,0.003018594823009417,0.0,5053,43
Epidermal progenitor (posterior),Floor plate (anterior),5.128478453714347,-0.4509666397341932,-19.104008800205534,0.0016213520853681036,0.0,6469,1537
Epidermal progenitor (posterior),Floor plate (posterior),5.127956855726812,-0.45773465751724957,-21.03211370942046,0.0007014854609880953,0.0,6469,1929
Epidermal progenitor (posterior),Foregut,4.957149001675502,-0.3005532594127211,-10.77492729893563,0.012330444988814714,0.0,6469,977
Epidermal progenitor (posterior),Frontonasal mesenchyme,6.080720635453748,0.2968705166609726,18.33215249105198,0.003586236419186855,0.0,6469,4202
Epidermal progenitor (posterior),Head paraxial mesoderm,5.56675631256573,-0.24183141757730583,-20.20101669363268,0.0016062811808876972,0.0,6469,10089
Epidermal progenitor (posterior),Hemogenic endothelium,5.3155167405719785,0.2669218786532766,2.65606316316504,0.005343261647046111,0.1,6469,73
Epidermal progenitor (posterior),Hindbrain (isthmic organizer),5.557107464280367,-0.3157968062796872,-16.395356546108385,0.00209260152148319,0.0,6469,2376
Epidermal progenitor (posterior),Hindbrain (r1),5.663282893845633,-0.29972468056307083,-20.48043316812748,0.002486576533699547,0.0,6469,6335
Epidermal progenitor (posterior),Hindbrain (r2-r4),5.762280369414178,-0.2596222664756039,-18.671829501399664,0.0013377686145783821,0.0,6469,7748
Epidermal progenitor (posterior),Hindbrain (r5-r8),5.73202741840088,-0.3038595629537045,-20.72099643254501,0.00659873102745473,0.0,6469,5781
Epidermal progenitor (posterior),Hindgut,5.097760756241347,-0.22566500755296173,-7.818548340123438,0.010590429752873378,0.0,6469,1110
Epidermal progenitor (posterior),Hypaxial myogenic progenitor,4.5300525515704715,-0.10563603392292853,-0.24583470891229833,0.03646215935728516,0.78,5053,23
Epidermal progenitor (posterior),Hypothalamus,5.321174823771735,-0.4068659068120821,-22.65464549452031,0.0013059901494422786,0.0,6469,2956
Epidermal progenitor (posterior),Inflow tract,5.651811640698015,-0.008620581137883221,-0.19189965039426862,0.002244601971618779,0.6,6469,1444
Epidermal progenitor (posterior),Intermediate mesoderm (nephrogenic),5.760163615299941,-0.13224151653967908,-7.384460292799678,0.0016081074486795455,0.0,6469,2580
Epidermal progenitor (posterior),Juxtacardiac field,5.45804602149791,-0.1038191625084502,-3.561159065347345,0.00845467759630928,0.81,6469,965
Epidermal progenitor (posterior),Left ventricle,5.340630579628311,-0.2454161624110617,-9.340759507686492,0.001888797405319389,0.0,6469,1359
Epidermal progenitor (posterior),Megakaryocyte,4.468615442327995,-0.3501468164111878,-2.77768570562542,0.019526672840995,0.05,6469,58
Epidermal progenitor (posterior),Midbrain,5.5944999065321355,-0.3336691001809153,-24.55726031996552,0.0014137816316474824,0.0,6469,7099
Epidermal progenitor (posterior),Midbrain neuron,5.307385839743933,-0.10840839792029182,-2.113659362113548,0.036441408034670324,0.18,6469,353
Epidermal progenitor (posterior),Midgut,5.059584516484468,-0.3094381013753547,-16.11408432894758,0.007524709528251147,0.0,6469,2242
Epidermal progenitor (posterior),Myotome,4.691386857176494,-0.14096088684696628,-1.4948927822509759,0.07133659796066519,0.7,6469,65
Epidermal progenitor (posterior),Nascent somite,5.604990926885713,-0.21843818979819307,-10.179963520463039,0.009848930946642215,0.0,6469,2502
Epidermal progenitor (posterior),Notochord,5.045909956128177,-0.3443654519288432,-10.442359567981145,0.002477383119801828,0.0,6469,749
Epidermal progenitor (posterior),Olfactory placode,6.123215841918056,0.5073709411000165,21.125882326197324,0.01577025947266423,0.0,6469,1680
Epidermal progenitor (posterior),Otic placode,6.523697624071555,0.9150071772249877,36.98103439071072,0.016477656245920833,0.0,6469,1357
Epidermal progenitor (posterior),Outflow tract,5.382384674240202,-0.14728408102705082,-4.0322958253603565,0.005421004490651172,0.03,6469,586
Epidermal progenitor (posterior),Periocular mesoderm,4.982218383689816,-0.29139668315267847,-9.554231771161723,0.0004535479265183093,0.0,6469,798
Epidermal progenitor (posterior),Pharyngeal arch mesenchyme,6.105440868821503,0.31694824058304505,19.623032993837704,0.008375887546724789,0.0,6469,4598
Epidermal progenitor (posterior),Pharyngeal endoderm,5.199733026946649,-0.28421933988067255,-14.727087588791486,0.0005715568308713214,0.0,6469,2292
Epidermal progenitor (posterior),Pharyngeal mesoderm,5.5661335794671585,-0.18694405226923946,-9.849236727647982,0.008828062396616774,0.0,6469,2901
Epidermal progenitor (posterior),Pre-placodal ectoderm,6.440728002731085,0.7362638237933634,40.822923243633085,0.04150680450093523,0.0,6469,3388
Epidermal progenitor (posterior),Prechordal plate,4.308850044341903,-0.28349189561706867,-2.0669824542362796,0.0055691829773615925,0.07,6469,38
Epidermal progenitor (posterior),Presomitic mesoderm,6.124295045325056,0.05899223637168394,4.676824263534961,0.0031339230092434197,0.17,6469,9179
Epidermal progenitor (posterior),Primordial germ cell,4.643680895929362,-0.17797062987641196,-2.8411968186671075,0.021920406895735593,0.5,6469,141
Epidermal progenitor (posterior),Respiratory progenitor,5.00321863520322,-0.3041164774064657,-8.167925683174209,0.005155393651227063,0.0,6469,531
Epidermal progenitor (posterior),Right ventricle,5.517924185780899,-0.08263446852660324,-3.073189107486453,0.0004035713130837782,0.02,6469,991
Epidermal progenitor (posterior),Roof plate (anterior),5.592771494860922,0.11797581055595874,3.221415202777383,0.009992862054305543,0.97,6469,384
Epidermal progenitor (posterior),Roof plate (posterior),6.057058250989795,0.23072587230689243,9.330304135828081,0.008642435784812713,0.0,6469,1395
Epidermal progenitor (posterior),Sclerotome,5.557461332683516,-0.35200126311990143,-28.43467002682343,0.0010150192776336084,0.0,6469,8569
Epidermal progenitor (posterior),Second heart field (anterior),5.488104736713189,0.04268373132448774,1.0200895101141485,0.0014209225854426837,0.75,6469,420
Epidermal progenitor (posterior),Second heart field (posterior),5.733930323597989,0.1022016268116867,3.6487591776290125,0.005620465580369874,0.56,6469,984
Epidermal progenitor (posterior),Somatic mesoderm,6.244173608442293,0.14373173341300718,12.09907859395932,0.0005844543152214289,0.0,6469,16744
Epidermal progenitor (posterior),Somatic mesoderm (anterior),5.449713390361146,0.02828583690564616,0.4818547130224105,0.003151379415130422,0.62,6469,274
Epidermal progenitor (posterior),Somatic mesoderm (tailbud),4.6685121365678155,0.01710145435206793,0.16311434148833293,0.0140780981830936,0.68,6469,23
Epidermal progenitor (posterior),Somatic motor neuron,4.8085877650598325,-0.2072200730978754,-4.289052190746152,0.09568897364176629,0.84,6469,134
Epidermal progenitor (posterior),Spinal cord (cervical),5.756776856154114,-0.282636688287391,-21.21137635990336,0.004662802974037059,0.0,6469,8692
Epidermal progenitor (posterior),Spinal cord (lumbar),5.731324597159355,-0.0870874200396307,-4.511785775669396,0.001055061991616097,0.18,6469,3152
Epidermal progenitor (posterior),Spinal cord (thoracic),5.859151894307376,-0.20045447178964704,-16.210319173004496,0.004818460657096635,0.0,6469,12419
Epidermal progenitor (posterior),Spinal cord interneuron progenitor,4.717766019556106,-0.234798252912773,-2.322293024621612,0.004993498500792334,0.5,6469,65
Epidermal progenitor (posterior),Splanchnic mesoderm,6.474214842585048,0.3293586299072621,27.1718194028448,0.0031764204380434545,0.0,6469,15340
Epidermal progenitor (posterior),Splanchnic mesoderm (cardiopulmonary),5.7039291413421696,0.149994426084187,5.468701200036204,0.0004223690711597177,0.0,6469,893
Epidermal progenitor (posterior),Splanchnic mesoderm (septum transversum),5.624603057722226,0.0647151935048574,2.0988543540642755,0.0067042936595397415,0.65,6469,701
Epidermal progenitor (posterior),Surface ectoderm (anterior),6.486041252325864,0.8578567853542349,41.33957713261224,0.01449081968910795,0.0,6469,2325
Epidermal progenitor (posterior),Surface ectoderm (posterior),6.4634519087950055,1.1391807172819304,21.21742980358213,0.008763141016921645,0.0,6469,224
Epidermal progenitor (posterior),Telencephalon (dorsal),5.80503625176561,-0.13209423451747396,-10.602018641785477,0.0036400168495778263,0.0,6469,9362
Epidermal progenitor (posterior),Trigeminal branchiomotor neuron,4.177032962732747,-0.2999653511782235,-1.3531356251057678,0.03816420325664974,0.29,6469,27
Epidermal progenitor (posterior),Trigeminal placode,6.330214568920856,0.6280203887948321,26.507468821058357,0.010401811775021691,0.0,6469,1875
Epidermal progenitor (posterior),Trigeminal sensory neuron,5.92317379116102,0.6516063246750115,11.900631936839915,0.015390895118821498,0.0,6469,268
Epidermal progenitor (posterior),Trunk neural crest,5.971572497190568,0.4149702831894224,12.49371867810615,0.030477445029470546,0.0,6469,917
Epidermal progenitor (posterior),Vagal neural crest,6.142743573483668,0.42022922396555834,18.256412208472145,0.007850870039277674,0.0,6469,1902
Epidermal progenitor (posterior),Visceral motor neuron,4.7782096456422565,-0.2902702996387587,-4.113195660961127,0.009295082676719357,0.67,6469,140
Epidermal progenitor (posterior),Yolk sac endothelial cell,5.148966731517632,0.16943442684601293,1.5087758152589819,0.012640465317154664,0.66,6469,60
Extraembryonic mesoderm,Extraembryonic mesoderm,8.999999999982128,-1.2434497875801753e-14,-0.00012432510314506028,6.626431603856499e-29,1.0,4702,4702
Extraembryonic mesoderm,Eye field,5.191568125500996,-0.4128732560856149,-20.601087656984486,0.008296887758461597,0.0,4702,2922
Extraembryonic mesoderm,Facial branchiomotor neuron,4.408653923767815,-0.2647529830322535,-2.864227361843668,0.0017046900552061682,0.01,2855,43
Extraembryonic mesoderm,Floor plate (anterior),5.24117144163982,-0.16743103842536447,-7.563117629807091,0.005939883415256393,0.0,4702,1537
Extraembryonic mesoderm,Floor plate (posterior),5.280084478902588,-0.1378563353253511,-6.336779324623258,0.0005020883139390867,0.0,4702,1929
Extraembryonic mesoderm,Foregut,5.1477846299520875,0.05664953190189337,1.7429920264891183,0.012612085825590412,0.34,4702,977
Extraembryonic mesoderm,Frontonasal mesenchyme,5.256222581606498,-0.3593835715863604,-20.08802333384295,0.001417337801223555,0.0,4702,4202
Extraembryonic mesoderm,Head paraxial mesoderm,5.589013333895326,-0.049914356273013695,-3.7472525780758272,0.0005715534872786177,0.03,4702,10089
Extraembryonic mesoderm,Hemogenic endothelium,4.90108595187489,0.01673855912516912,-0.004883204628251055,0.0687093310265431,0.32,4702,73
Extraembryonic mesoderm,Hindbrain (isthmic organizer),5.277889064030116,-0.42707665152438273,-23.009911735428563,0.00239786589558657,0.0,4702,2376
Extraembryonic mesoderm,Hindbrain (r1),5.335111264166123,-0.4583889835291532,-28.765728406074313,0.004415193521233679,0.0,4702,6335
Extraembryonic mesoderm,Hindbrain (r2-r4),5.374868645765461,-0.47644468232469556,-32.17704935943761,0.008546743698792537,0.0,4702,7748
Extraembryonic mesoderm,Hindbrain (r5-r8),5.369850670697345,-0.49482733301703874,-29.97188964416215,0.003811008951458298,0.0,4702,5781
Extraembryonic mesoderm,Hindgut,5.161108868881427,0.005719370263327288,0.28331115220347547,0.0004842172280549195,0.97,4702,1110
Extraembryonic mesoderm,Hypaxial myogenic progenitor,4.327990477355381,-0.10089431387772807,-0.2006545708404497,0.050445263492904194,0.66,2855,23
Extraembryonic mesoderm,Hypothalamus,5.196124918836105,-0.36144157773471647,-20.066802239014944,0.0015191625697809174,0.0,4702,2956
Extraembryonic mesoderm,Inflow tract,5.854372900081953,0.36721019761321977,17.23701635446405,0.03752486831094796,0.0,4702,1444
Extraembryonic mesoderm,Intermediate mesoderm (nephrogenic),5.382357518194264,-0.339737613053454,-20.30867269830925,0.000943735638420875,0.0,4702,2580
Extraembryonic mesoderm,Juxtacardiac field,5.63765933984035,0.25098659841476856,10.987693512978522,0.007592889818036588,0.0,4702,965
Extraembryonic mesoderm,Left ventricle,5.742306703417445,0.32568380341376696,14.776292087576955,0.019888622758141846,0.0,4702,1359
Extraembryonic mesoderm,Megakaryocyte,5.1688972569922695,0.5275319542552325,5.148133689114411,0.04277417433600487,0.0,4702,58
Extraembryonic mesoderm,Midbrain,5.305168064949361,-0.45729184991001137,-30.510197229918077,0.004816491442587654,0.0,4702,7099
Extraembryonic mesoderm,Midbrain neuron,4.965987416034552,-0.2816722971334782,-6.573419830001348,0.003180666958162027,0.0,4702,353
Extraembryonic mesoderm,Midgut,5.300469267719796,0.10049384608130858,4.753961221189948,0.005306397887124784,0.0,4702,2242
Extraembryonic mesoderm,Myotome,4.690642320174219,0.029021307830713994,0.226982362845653,0.0200094444568623,0.72,4702,65
Extraembryonic mesoderm,Nascent somite,5.358957093777953,-0.2951513727341988,-15.252317704402879,0.0009971830257377338,0.0,4702,2502
Extraembryonic mesoderm,Notochord,5.302671202814838,0.08400664447637467,2.687954106743193,0.007196369040277653,0.6,4702,749
Extraembryonic mesoderm,Olfactory placode,5.256536946051426,-0.1868674185339773,-8.496376184056444,0.001557757015012862,0.0,4702,1680
Extraembryonic mesoderm,Otic placode,5.281909609384329,-0.15489920765979073,-6.435956874668139,0.00021020924146253263,0.0,4702,1357
Extraembryonic mesoderm,Outflow tract,5.474882123903572,0.11609911219497289,3.807741325812705,0.0067354420108390305,0.47,4702,586
Extraembryonic mesoderm,Periocular mesoderm,5.2141594506779,0.10518116907256392,3.64030115554876,0.008588644593794973,0.96,4702,798
Extraembryonic mesoderm,Pharyngeal arch mesenchyme,5.280366091674168,-0.33423795024229036,-19.57491338214432,0.006057835652496342,0.0,4702,4598
Extraembryonic mesoderm,Pharyngeal endoderm,5.362398708292216,0.051270654570746345,2.4365606516396388,0.013333636676493645,0.74,4702,2292
Extraembryonic mesoderm,Pharyngeal mesoderm,5.623535083774908,0.04166771907994615,1.9098247254027807,0.011995413656764608,0.0,4702,2901
Extraembryonic mesoderm,Pre-placodal ectoderm,5.349426618546054,-0.18689333059033833,-11.052802278786553,0.002334383229852358,0.0,4702,3388
Extraembryonic mesoderm,Prechordal plate,4.4216940532813584,0.010204176064751694,0.3389359086372597,0.026332640687312753,0.64,4702,38
Extraembryonic mesoderm,Presomitic mesoderm,5.4333721152578285,-0.46342896184316107,-35.478203014485494,0.0037835868644321507,0.0,4702,9179
Extraembryonic mesoderm,Primordial germ cell,4.773090805556764,0.11614490919476061,1.9179023479095096,0.05659493392858668,0.01,4702,141
Extraembryonic mesoderm,Respiratory progenitor,5.236314837936268,0.10235075959525612,3.3266130355971124,0.0022508980638352564,0.04,4702,531
Extraembryonic mesoderm,Right ventricle,5.630616517379181,0.20121151466840606,8.0084881706485,0.010485035935611868,0.0,4702,991
Extraembryonic mesoderm,Roof plate (anterior),5.02930946267233,-0.27365399341253926,-6.105688882217726,0.00113159936422788,0.0,4702,384
Extraembryonic mesoderm,Roof plate (posterior),5.267136563544167,-0.3894462315866791,-17.857342556656388,0.0036918548214875052,0.0,4702,1395
Extraembryonic mesoderm,Sclerotome,5.5152912041715,-0.22343457455328508,-17.39686616630443,0.0046241878954239885,0.0,4702,8569
Extraembryonic mesoderm,Second heart field (anterior),5.46411428544024,0.1834451831085279,4.656466291621467,0.01750548935890804,0.01,4702,420
Extraembryonic mesoderm,Second heart field (posterior),5.540494486404305,0.07844458007543793,3.270111428987944,0.010300116104287351,0.83,4702,984
Extraembryonic mesoderm,Somatic mesoderm,5.846789180035546,-0.083292227348295,-7.269184895356067,0.007957328626605777,0.07,4702,16744
Extraembryonic mesoderm,Somatic mesoderm (anterior),5.137816243607295,-0.11953548745389557,-2.658244623310682,0.010412985934884152,0.77,4702,274
Extraembryonic mesoderm,Somatic mesoderm (tailbud),4.429863555856588,-0.04932089685109039,-0.2405078311225579,0.045576563916005924,0.29,4702,23
Extraembryonic mesoderm,Somatic motor neuron,4.754739658548488,-0.07904297028310243,-1.5261000683060908,0.008368148490586643,0.95,4702,134
Extraembryonic mesoderm,Spinal cord (cervical),5.376383806475559,-0.4938150375052495,-34.73158003319224,0.0057266578499156305,0.0,4702,8692
Extraembryonic mesoderm,Spinal cord (lumbar),5.253001586357137,-0.39921866177086773,-19.327048845775277,0.01231485540086348,0.0,4702,3152
Extraembryonic mesoderm,Spinal cord (thoracic),5.417326413945484,-0.47337554889136274,-37.11601443350801,0.006956720085134513,0.0,4702,12419
Extraembryonic mesoderm,Spinal cord interneuron progenitor,4.6245817650000065,-0.16481745033686845,-1.1127431653150837,0.027462875630374244,0.92,4702,65
Extraembryonic mesoderm,Splanchnic mesoderm,5.747246404046859,-0.22800968492752935,-17.180739434735443,0.01717049930339743,0.0,4702,15340
Extraembryonic mesoderm,Splanchnic mesoderm (cardiopulmonary),5.32672699098805,-0.056867141504828744,-1.8134588108291438,0.019536507877334262,0.61,4702,893
Extraembryonic mesoderm,Splanchnic mesoderm (septum transversum),5.749519380679022,0.3576448977394646,10.987133378540355,0.05865763808773583,0.0,4702,701
Extraembryonic mesoderm,Surface ectoderm (anterior),5.451747713892182,-0.010706193704489664,-0.6014757110073408,0.002628567215574469,0.13,4702,2325
Extraembryonic mesoderm,Surface ectoderm (posterior),5.23107987066346,0.0834919858863105,1.8382868778522816,0.0013118171142077835,0.4,4702,224
Extraembryonic mesoderm,Telencephalon (dorsal),5.308588269407312,-0.45864374611042685,-33.115879558440994,0.006119873973298521,0.0,4702,9362
Extraembryonic mesoderm,Trigeminal branchiomotor neuron,4.105914874929826,-0.20500032033472784,-1.715870849616495,0.1026717640565075,0.85,4702,27
Extraembryonic mesoderm,Trigeminal placode,5.310920559414883,-0.22431143269135076,-10.897618049543148,0.0015377612205470074,0.0,4702,1875
Extraembryonic mesoderm,Trigeminal sensory neuron,5.092365105881058,-0.01087956267516906,-1.1539641465007364,0.02840542568479724,0.54,4702,268
Extraembryonic mesoderm,Trunk neural crest,5.149461592327135,-0.23776894490452824,-8.394985154384544,0.010177615197369863,0.02,4702,917
Extraembryonic mesoderm,Vagal neural crest,5.2433733275101995,-0.31169854124267476,-14.373189321923428,0.0012755384812377416,0.0,4702,1902
Extraembryonic mesoderm,Visceral motor neuron,4.792144772266493,-0.0989379687022615,-2.0642627190820733,0.0172994132414061,0.88,4702,140
Extraembryonic mesoderm,Yolk sac endothelial cell,4.920607760584527,0.11246312874305324,0.9628889716084389,0.006181953735444959,0.65,4702,60
Eye field,Eye field,8.999999999915834,-1.7171449447535753e-14,-0.00017168136914111578,5.469435609532349e-29,1.0,2922,2922
Eye field,Facial branchiomotor neuron,4.873830733057158,-0.013105352610124577,-0.100600650401092,0.023674228471729765,0.34,2683,43
Eye field,Floor plate (anterior),5.779536757188285,0.2164096591070607,7.327745387207386,0.0051114806956829885,0.0,2922,1537
Eye field,Floor plate (posterior),5.561969513263072,-0.005408166549655924,-0.8400947511438529,0.011197060507090247,0.0,2922,1929
Eye field,Foregut,5.015211739191046,-0.22840649292446238,-6.823768285939896,0.014876696213076523,0.0,2922,977
Eye field,Frontonasal mesenchyme,6.137826149358371,0.36743023412990833,16.003494216780222,0.02706526102068116,0.0,2922,4202
Eye field,Head paraxial mesoderm,5.5119403693024855,-0.27992451359614573,-18.976262043002915,0.00534117164681863,0.0,2922,10089
Eye field,Hemogenic endothelium,4.776333631334476,-0.25899667594030173,-2.41779814177997,0.008528565888516231,0.06,2922,73
Eye field,Hindbrain (isthmic organizer),6.493184241435176,0.6367820000019616,26.50638601006804,0.0057829063424522055,0.0,2922,2376
Eye field,Hindbrain (r1),6.516247597655103,0.5705685485633275,29.635396149954868,0.0049899793284523585,0.0,2922,6335
Eye field,Hindbrain (r2-r4),6.385521435855542,0.37943178252102844,18.394056379016334,0.011403732994542646,0.0,2922,7748
Eye field,Hindbrain (r5-r8),6.269460826824253,0.25061866869596133,11.810464921846537,0.012477211457807546,0.0,2922,5781
Eye field,Hindgut,5.0273782552415875,-0.28155307938181046,-9.59702215918916,0.006726716926113662,0.0,2922,1110
Eye field,Hypaxial myogenic progenitor,4.3918447009734525,-0.224872144407529,-1.3390406007871885,1.0656539964675055e-05,0.51,2683,23
Eye field,Hypothalamus,6.924679056997232,1.2124418589726498,51.73987613880354,0.016954811840496294,0.0,2922,2956
Eye field,Inflow tract,5.271569174867426,-0.3692501925946606,-13.641703812078964,0.00778749736245378,0.0,2922,1444
Eye field,Intermediate mesoderm (nephrogenic),5.7964578200412085,-0.08005247473145438,-4.569979069378015,0.016379736065947975,0.13,2922,2580
Eye field,Juxtacardiac field,5.174660672840532,-0.3694273557367313,-10.944638970301327,0.002429600765269319,0.0,2922,965
Eye field,Left ventricle,5.180561422025449,-0.38905541324500287,-13.924764099810295,0.004765787268811737,0.0,2922,1359
Eye field,Megakaryocyte,4.45434226910377,-0.355012923164107,-2.750415313444341,0.02216441544945197,0.12,2922,58
Eye field,Midbrain,6.800154005926543,0.885252581909136,43.35751610524076,0.00405292795359895,0.0,2922,7099
Eye field,Midbrain neuron,6.0907448907448725,0.6907354047261288,14.218842751333574,0.003970514441202399,0.0,2922,353
Eye field,Midgut,5.046687664067556,-0.31038845252747355,-13.213337883642993,0.023797594812027402,0.0,2922,2242
Eye field,Myotome,4.641634952755138,-0.19204966709825566,-1.7352423313792598,0.0025724429775493217,0.53,2922,65
Eye field,Nascent somite,5.833782284779083,0.026399499262380388,-0.1306404758206939,0.025855593483080353,0.0,2922,2502
Eye field,Notochord,5.168216328010158,-0.20529167697916714,-6.501870713774744,0.009909957695983351,0.02,2922,749
Eye field,Olfactory placode,5.568244831644712,-0.031743090457360935,-1.3508673002352733,0.010986240224793066,0.86,2922,1680
Eye field,Otic placode,5.463749366096749,-0.1269704451816498,-5.2769983684603785,0.0285082194089809,0.12,2922,1357
Eye field,Outflow tract,5.140080233324334,-0.3706147077190778,-10.33421029806864,0.002916888370062288,0.0,2922,586
Eye field,Periocular mesoderm,4.935308507485263,-0.32739917299922094,-10.068192575747107,0.012839389938602454,0.0,2922,798
Eye field,Pharyngeal arch mesenchyme,6.021673120918714,0.2531221869915769,9.593615597868899,0.04168143379652789,0.0,2922,4598
Eye field,Pharyngeal endoderm,5.217704027867986,-0.24576376510552667,-10.357266446045255,0.015064727760499315,0.0,2922,2292
Eye field,Pharyngeal mesoderm,5.389068176411869,-0.34964438918516044,-16.121548079489937,0.0029783197912257803,0.0,2922,2901
Eye field,Pre-placodal ectoderm,5.535264934321947,-0.1516747405760682,-7.4385646988982685,0.02430435544484286,0.04,2922,3388
Eye field,Prechordal plate,4.409701417066736,-0.16023179704267232,-0.9918371956103234,0.04630509115619991,0.61,2922,38
Eye field,Presomitic mesoderm,6.017810776416485,-0.03328201596730551,-3.3815776971334195,0.011937641669894248,0.0,2922,9179
Eye field,Primordial germ cell,4.342581781015021,-0.46226782116144055,-6.571841454431662,0.026673002644810415,0.0,2922,141
Eye field,Respiratory progenitor,5.048516775538556,-0.24156018285725858,-6.400227456562732,0.016071077536663668,0.0,2922,531
Eye field,Right ventricle,5.2386372782092865,-0.34453160777210606,-11.261514878666333,0.0006828246372850363,0.0,2922,991
Eye field,Roof plate (anterior),5.646978302172536,0.19010156587744861,3.1026229431920918,0.015157648129242645,0.01,2922,384
Eye field,Roof plate (posterior),5.923691562087195,0.11561770084608576,3.681398513745631,0.012601007848143487,0.92,2922,1395
Eye field,Sclerotome,5.7269954230249995,-0.1687737329277065,-10.88116619732253,0.007163035481888281,0.01,2922,8569
Eye field,Second heart field (anterior),5.117125183440913,-0.3088510813548038,-6.612547588206998,0.01102079103131307,0.0,2922,420
Eye field,Second heart field (posterior),5.30202119655376,-0.31183867665023374,-9.832241283463965,0.00045350743746669445,0.0,2922,984
Eye field,Somatic mesoderm,5.721632086684693,-0.362869360427356,-23.045109186040264,0.005897377992817617,0.0,2922,16744
Eye field,Somatic mesoderm (anterior),5.262203230428693,-0.14374437176332813,-3.04835622026634,0.021657504323576753,0.77,2922,274
Eye field,Somatic mesoderm (tailbud),4.79535484872653,0.16231007577631798,0.8272376204027682,0.016394749187119265,0.79,2922,23
Eye field,Somatic motor neuron,5.108696006631319,0.13317650419754598,-0.6366119989991101,0.1615004247724842,0.27,2922,134
Eye field,Spinal cord (cervical),6.242271880157524,0.21697545559165446,9.896984045219297,0.011293111570079655,0.0,2922,8692
Eye field,Spinal cord (lumbar),5.8375172872375645,0.031691326641729134,1.4206981102376162,0.0015021163057396553,0.67,2922,3152
Eye field,Spinal cord (thoracic),6.165010945384957,0.12158341086518003,5.9538413099078324,0.008229951394758505,0.01,2922,12419
Eye field,Spinal cord interneuron progenitor,5.0719301846447316,0.13569501834747508,0.7942726399905297,0.015219832025005273,0.53,2922,65
Eye field,Splanchnic mesoderm,5.7747371350537575,-0.3545458476758509,-19.234927713249704,0.002985912733876151,0.0,2922,15340
Eye field,Splanchnic mesoderm (cardiopulmonary),5.3239701224400555,-0.21441390488615783,-6.536856487986847,0.014680719198618167,0.0,2922,893
Eye field,Splanchnic mesoderm (septum transversum),5.229775039975974,-0.3179447383125928,-8.796142261152523,0.009114230123792325,0.0,2922,701
Eye field,Surface ectoderm (anterior),5.366270562756642,-0.24623396970903055,-9.848849048698298,0.02347887798187568,0.0,2922,2325
Eye field,Surface ectoderm (posterior),5.0464792139322405,-0.25478070868450065,-4.311892433685894,0.0006530804099950906,0.0,2922,224
Eye field,Telencephalon (dorsal),7.540522534255412,1.6202569322978067,84.03093954265306,0.015385147605606657,0.0,2922,9362
Eye field,Trigeminal branchiomotor neuron,4.739322292911319,0.28405991015614723,0.7466868119690417,0.15285245818163484,1.0,2922,27
Eye field,Trigeminal placode,5.64150550005446,-0.04397372028222405,-2.7268465030174767,0.06376158901823961,0.91,2922,1875
Eye field,Trigeminal sensory neuron,5.171799537245926,-0.08533868952593604,-2.544784224351545,0.046171794110381754,0.33,2922,268
Eye field,Trunk neural crest,5.515314233124722,-0.02558803521183073,-1.7468916891714805,0.015632552005615745,0.39,2922,917
Eye field,Vagal neural crest,5.765759283025727,0.05798016151278181,1.8905069560225414,0.0031829902338698112,0.91,2922,1902
Eye field,Visceral motor neuron,5.018449809517494,-0.0028495561801934834,-0.712432801791227,0.03534749179272133,0.91,2922,140
Eye field,Yolk sac endothelial cell,4.956836655054388,-0.018264761570335963,-0.21404385603308862,0.027379127841091862,0.48,2922,60
Facial branchiomotor neuron,Facial branchiomotor neuron,8.999999998976314,5.329070518200751e-15,5.327556243182634e-05,4.0389678347315804e-28,1.0,43,43
Facial branchiomotor neuron,Floor plate (anterior),5.482931664578074,0.8018939459891685,7.197037337911379,0.37854534465845335,0.0,43,1212
Facial branchiomotor neuron,Floor plate (posterior),5.665291787930942,0.9655916450058561,8.79313234728161,0.09485304057106628,0.0,43,1610
Facial branchiomotor neuron,Foregut,4.393958241958076,0.1007436956341814,1.06399205528166,0.029114463877750293,0.89,43,629
Facial branchiomotor neuron,Frontonasal mesenchyme,4.395402944897437,-0.46846318430359535,-4.203684575175501,0.004466097239365867,0.0,43,3494
Facial branchiomotor neuron,Head paraxial mesoderm,4.770680499634402,-0.09415958367770871,-0.9252721405077631,0.060795827534270604,0.43,43,7667
Facial branchiomotor neuron,Hemogenic endothelium,4.070626686436311,-0.11313958279687686,-0.6376618119975861,0.0010545767140834564,0.53,43,58
Facial branchiomotor neuron,Hindbrain (isthmic organizer),5.156468628357509,0.20739018933343312,1.904718430503189,0.01121948827255325,0.24,43,1627
Facial branchiomotor neuron,Hindbrain (r1),5.407307167373,0.367410104585304,3.494710516376106,0.029872497471453166,0.03,43,4838
Facial branchiomotor neuron,Hindbrain (r2-r4),5.8650714009676355,0.7632345580359119,7.550514132865095,0.022487144466270217,0.0,43,6035
Facial branchiomotor neuron,Hindbrain (r5-r8),5.764651563986969,0.6157880412757728,6.314515603949477,0.026110344522359514,0.0,43,4922
Facial branchiomotor neuron,Hindgut,4.273215189610939,-0.11290666161707463,-1.0709256581851272,0.15357279768818927,0.12,43,819
Facial branchiomotor neuron,Hypaxial myogenic progenitor,3.2952387897754596,-0.44746886225217275,-1.6267780152092213,0.033589238727015594,0.29,43,23
Facial branchiomotor neuron,Hypothalamus,5.186098722451474,0.3720610767187651,3.500452625743908,0.005088896885763698,0.01,43,2366
Facial branchiomotor neuron,Inflow tract,4.545789915813495,-0.17823435991004066,-1.7667134370307935,0.0026817232988557934,0.18,43,988
Facial branchiomotor neuron,Intermediate mesoderm (nephrogenic),4.682496604386216,-0.2887410622393132,-2.8311735059114866,0.0055292489061343235,0.03,43,1917
Facial branchiomotor neuron,Juxtacardiac field,4.3454658775669985,-0.2603168040277084,-2.271225179095856,0.02078977612861582,0.12,43,533
Facial branchiomotor neuron,Left ventricle,4.389144426491714,-0.23345479243162037,-2.3190746478065423,0.00012443633735267096,0.02,43,723
Facial branchiomotor neuron,Megakaryocyte,3.7229584159505027,-0.16882088295295095,-1.049286114926831,0.00033709888901906076,0.55,43,52
Facial branchiomotor neuron,Midbrain,5.176093814840762,0.14873695948154264,1.3858166307323647,0.005676776722289136,0.39,43,5446
Facial branchiomotor neuron,Midbrain neuron,4.5052101307258585,-0.1533636859517249,-1.2928937655956507,0.026812497275272327,0.82,43,331
Facial branchiomotor neuron,Midgut,4.173921573639853,-0.2631492651085652,-2.2896901751897305,0.06918298661660209,0.49,43,1587
Facial branchiomotor neuron,Myotome,3.72956162754301,-0.2606347857444149,-1.4911566545856547,0.006110220257055314,0.21,43,60
Facial branchiomotor neuron,Nascent somite,4.784617752344685,-0.14123652442346923,-1.3001693585119005,0.026668963825782422,0.85,43,1828
Facial branchiomotor neuron,Notochord,4.490209269695567,0.06751010060273765,0.9138034024935312,0.0396971125476548,0.62,43,550
Facial branchiomotor neuron,Olfactory placode,4.198463556784131,-0.527843888181287,-4.108700508912278,0.001604138777185713,0.0,43,1394
Facial branchiomotor neuron,Otic placode,4.32015595318867,-0.3222183101156624,-2.6083413862755926,0.003734051350769789,0.06,43,1043
Facial branchiomotor neuron,Outflow tract,4.5123451161156085,-0.0935463239583898,-0.7601654910712544,0.013911219685116062,0.84,43,434
Facial branchiomotor neuron,Periocular mesoderm,4.1337970963905235,-0.1566368146581958,-0.42726411446198354,0.16271956986155875,0.12,43,618
Facial branchiomotor neuron,Pharyngeal arch mesenchyme,4.591258981648247,-0.30450204614591714,-2.6362588878467443,0.04662855106217459,0.2,43,4205
Facial branchiomotor neuron,Pharyngeal endoderm,4.611250308932428,0.052595895458797504,0.5543438210286393,0.04094858333910263,0.35,43,1867
Facial branchiomotor neuron,Pharyngeal mesoderm,4.627442571589468,-0.1837054107128493,-2.005835289778706,0.04500377176948062,0.72,43,2200
Facial branchiomotor neuron,Pre-placodal ectoderm,4.2790153232891495,-0.4896773482191388,-4.225837865317206,0.041791587924192526,0.0,43,2682
Facial branchiomotor neuron,Prechordal plate,3.1533002916462185,-0.36438272083156154,-0.7561658716484172,0.37619432456321167,0.6,43,19
Facial branchiomotor neuron,Presomitic mesoderm,5.13298985020098,0.00546315343360515,-0.010649324654904424,0.034234605761471894,0.19,43,6352
Facial branchiomotor neuron,Primordial germ cell,3.956686133437326,0.05297566676503229,0.2761641579105548,0.005221107126487508,0.98,43,89
Facial branchiomotor neuron,Respiratory progenitor,4.438177901770648,0.06902029708451662,0.7031179745371816,0.011494580919623538,0.98,43,403
Facial branchiomotor neuron,Right ventricle,4.520175618948663,-0.13713517425685984,-1.4662471533405534,0.04981236780033713,0.78,43,672
Facial branchiomotor neuron,Roof plate (anterior),4.382973413735241,-0.29363444652632475,-2.2604606287808213,0.00012319626169240272,0.01,43,362
Facial branchiomotor neuron,Roof plate (posterior),4.472479729011483,-0.41957078612516874,-3.7469768638293113,0.0038510969989568053,0.0,43,951
Facial branchiomotor neuron,Sclerotome,5.094016656460537,0.1080701679150966,1.0036809175800152,0.016924219132466386,0.91,43,6807
Facial branchiomotor neuron,Second heart field (anterior),4.414148856477147,-0.11439307879002536,-1.0317918796465162,0.02556944061197059,0.99,43,293
Facial branchiomotor neuron,Second heart field (posterior),4.2775274473602884,-0.35754937963711564,-3.228243377273782,0.10446873929334204,0.22,43,537
Facial branchiomotor neuron,Somatic mesoderm,4.742027100175937,-0.44545532361907725,-4.3231701135910034,4.704633404429168e-05,0.0,43,13088
Facial branchiomotor neuron,Somatic mesoderm (anterior),4.4540208209160825,-0.09316384535894917,-0.967943694732552,0.027642060787678637,0.91,43,242
Facial branchiomotor neuron,Somatic mesoderm (tailbud),3.227459045569021,-0.5446576751487988,-1.3647188857958599,0.9846999012070949,0.36,43,18
Facial branchiomotor neuron,Somatic motor neuron,4.4249669821465805,-0.0010263197671434021,0.40152455701905265,0.2342550436224887,0.07,43,133
Facial branchiomotor neuron,Spinal cord (cervical),5.498277024152625,0.3893262553021186,3.814011264592999,0.0014558860942802607,0.0,43,6443
Facial branchiomotor neuron,Spinal cord (lumbar),5.158399147815633,0.10226484654813728,0.8616186306529054,0.036766976805725736,0.75,43,3092
Facial branchiomotor neuron,Spinal cord (thoracic),5.292738526771392,0.16850345009884293,1.5946185715811292,0.024297210150160054,0.51,43,8940
Facial branchiomotor neuron,Spinal cord interneuron progenitor,4.422095063970518,0.2264735905051598,1.9849767267583711,0.12826139039742954,0.88,43,62
Facial branchiomotor neuron,Splanchnic mesoderm,4.7574592787246575,-0.43722577586850875,-4.1645556990109265,5.907426955636342e-05,0.0,43,10564
Facial branchiomotor neuron,Splanchnic mesoderm (cardiopulmonary),4.312899454947214,-0.29943724832418717,-2.222775921946997,0.07872484616419383,0.34,43,725
Facial branchiomotor neuron,Splanchnic mesoderm (septum transversum),4.250394759135888,-0.3660239883621559,-3.399680721068603,0.05006296845694164,0.02,43,538
Facial branchiomotor neuron,Surface ectoderm (anterior),4.545084113344775,-0.16557620044869115,-1.4879149241845442,0.024067781763699506,0.64,43,1929
Facial branchiomotor neuron,Surface ectoderm (posterior),4.142265845566598,-0.19526603400110254,-1.3927772691021982,0.0029552773956402936,0.36,43,127
Facial branchiomotor neuron,Telencephalon (dorsal),4.993946058885266,-0.0253338730247874,-0.231012450055327,0.0008563964045783022,0.95,43,6711
Facial branchiomotor neuron,Trigeminal branchiomotor neuron,4.816501995980426,1.0579228813993082,4.615596158054309,0.10307176261080711,0.0,43,26
Facial branchiomotor neuron,Trigeminal placode,4.2658337200057534,-0.500046234526907,-4.027658949341946,0.0061930000678804345,0.0,43,1509
Facial branchiomotor neuron,Trigeminal sensory neuron,4.208174018507876,-0.3214561905329085,-2.609093351277081,0.0032449837389351313,0.02,43,252
Facial branchiomotor neuron,Trunk neural crest,4.558066767248599,-0.18820645040405815,-1.6895682572079527,0.041129734224240246,0.72,43,859
Facial branchiomotor neuron,Vagal neural crest,4.464513330351585,-0.3556789907263145,-2.935529129967059,0.011288825197471162,0.03,43,1588
Facial branchiomotor neuron,Visceral motor neuron,5.300884098363502,0.9635763418394601,7.173524143694086,0.29815887686236026,0.0,43,138
Facial branchiomotor neuron,Yolk sac endothelial cell,3.994576506838537,-0.09856008094516477,-0.5438121556505157,0.0009116398555524342,0.7,43,45
Floor plate (anterior),Floor plate (anterior),9.000000000249441,-9.473903143468002e-15,-9.472956609769027e-05,7.362701782062776e-30,1.0,1537,1537
Floor plate (anterior),Floor plate (posterior),6.76364377787097,1.3883531380158034,46.082190273052426,0.05486221537058436,0.0,1537,1929
Floor plate (anterior),Foregut,5.277221848237933,0.22761480287491112,5.7587544939933935,0.0066533604619073965,0.0,1537,977
Floor plate (anterior),Frontonasal mesenchyme,5.222737020417157,-0.3517471731526616,-12.859251469884077,0.01436623687246054,0.0,1537,4202
Floor plate (anterior),Head paraxial mesoderm,5.464956240896794,-0.13171475555732778,-6.0120311057919595,0.0044699102762761735,0.0,1537,10089
Floor plate (anterior),Hemogenic endothelium,4.619344476115323,-0.21227348961212802,-2.2404564682803674,0.011838386479230332,0.48,1537,73
Floor plate (anterior),Hindbrain (isthmic organizer),6.3823268261955475,0.7208924230608066,24.476286216545827,0.051378244544355835,0.0,1537,2376
Floor plate (anterior),Hindbrain (r1),6.581489333761856,0.8313906348801362,34.80093998961963,0.02764878661134337,0.0,1537,6335
Floor plate (anterior),Hindbrain (r2-r4),6.5240000610153706,0.7135735501587032,31.851363698487223,0.007942757025636096,0.0,1537,7748
Floor plate (anterior),Hindbrain (r5-r8),6.36621423097266,0.5399882181231955,21.982458535331684,0.01726274933910378,0.0,1537,5781
Floor plate (anterior),Hindgut,5.118485482642054,0.003711206642385889,-0.20784309880066024,0.03579457257839456,0.22,1537,1110
Floor plate (anterior),Hypaxial myogenic progenitor,4.112786197090521,-0.30528606102112965,-1.9361277227165805,0.004824505505229962,0.44,1212,23
Floor plate (anterior),Hypothalamus,6.759435216068186,1.2442507255321518,42.802896714914255,0.032028633802347904,0.0,1537,2956
Floor plate (anterior),Inflow tract,5.15815871427447,-0.2883947809148957,-9.688331116028644,0.0009121775083294424,0.0,1537,1444
Floor plate (anterior),Intermediate mesoderm (nephrogenic),5.579822683996789,-0.09755356161273394,-3.6279678696347766,0.004121767178901653,0.48,1537,2580
Floor plate (anterior),Juxtacardiac field,5.169314403953749,-0.17557582319539064,-4.649590544081006,0.005753348765919904,0.0,1537,965
Floor plate (anterior),Left ventricle,5.285569961929194,-0.08801825667706087,-2.7322609082865927,0.007226795408148344,0.77,1537,1359
Floor plate (anterior),Megakaryocyte,4.439746161260229,-0.1767413382710711,-1.3150463544791562,0.005263285070902906,0.4,1537,58
Floor plate (anterior),Midbrain,6.46708961311003,0.7512190315237482,30.963034773332794,0.01687785729047005,0.0,1537,7099
Floor plate (anterior),Midbrain neuron,5.096126435292288,-0.1126024217606707,-1.7256015519120245,0.014991065124550942,0.56,1537,353
Floor plate (anterior),Midgut,5.23197793513382,0.0759935583445639,2.468012924274411,0.01986272325123958,0.76,1537,2242
Floor plate (anterior),Myotome,4.608767687540369,-0.008165296495354765,-0.2170824271621653,0.023349111452275848,0.95,1537,65
Floor plate (anterior),Nascent somite,5.9043418324252785,0.2916677460817221,10.656552419166546,0.013676794529042477,0.0,1537,2502
Floor plate (anterior),Notochord,5.34530454607187,0.1659616079067033,4.451499609973994,0.008217071393246914,0.11,1537,749
Floor plate (anterior),Olfactory placode,5.027677082590023,-0.3751029594582042,-11.828107357903088,0.013871925595808375,0.0,1537,1680
Floor plate (anterior),Otic placode,5.016107224078091,-0.37914177972412827,-12.228853610276685,1.4429792840235677e-05,0.0,1537,1357
Floor plate (anterior),Outflow tract,5.125496765983033,-0.19067336639501034,-4.782418149298622,0.006746283475078814,0.03,1537,586
Floor plate (anterior),Periocular mesoderm,5.06911295197444,-0.00017486747220167112,0.40612945561225633,0.037473651518281574,0.83,1537,798
Floor plate (anterior),Pharyngeal arch mesenchyme,5.260841781729366,-0.3133782178936751,-12.887999984265804,0.051918188263346404,0.03,1537,4598
Floor plate (anterior),Pharyngeal endoderm,5.482994201652576,0.21384439554282064,7.2194475059206695,0.01711025800489949,0.01,1537,2292
Floor plate (anterior),Pharyngeal mesoderm,5.309020935655869,-0.2279470408004419,-8.998945078497409,0.000820092839287463,0.0,1537,2901
Floor plate (anterior),Pre-placodal ectoderm,5.086379581826184,-0.40958929657438087,-16.163241047592994,0.005296891333122541,0.0,1537,3388
Floor plate (anterior),Prechordal plate,4.597588120504522,0.21924151669443592,1.7418134725398502,0.047965646494275156,0.91,1537,38
Floor plate (anterior),Presomitic mesoderm,5.951260943005027,0.09946056247939457,4.093109991162763,0.015290390742185453,0.32,1537,9179
Floor plate (anterior),Primordial germ cell,4.275168506300562,-0.33446600294033946,-4.291880187742639,0.014106746907429819,0.01,1537,141
Floor plate (anterior),Respiratory progenitor,5.2619626001698725,0.17020384080934145,4.07294839622007,0.002621244756927279,0.01,1537,531
Floor plate (anterior),Right ventricle,5.1995893775494535,-0.1893076099832897,-5.631980569340538,0.0016586509624809582,0.0,1537,991
Floor plate (anterior),Roof plate (anterior),5.057648860962466,-0.20210970843141732,-4.45748057859836,0.021625476830056955,0.75,1537,384
Floor plate (anterior),Roof plate (posterior),5.289371358684346,-0.32457611653317464,-10.4851499118863,0.009216649962047064,0.0,1537,1395
Floor plate (anterior),Sclerotome,5.856565595461386,0.15894522375924533,6.561454433493977,0.015409048799648323,0.08,1537,8569
Floor plate (anterior),Second heart field (anterior),5.068427800919506,-0.16535362077918148,-3.6581355700716145,0.006994778781194297,0.09,1537,420
Floor plate (anterior),Second heart field (posterior),5.123074600979602,-0.29565215355076874,-8.725655633446923,0.0038990061950014833,0.0,1537,984
Floor plate (anterior),Somatic mesoderm,5.415711810143428,-0.47198626154036205,-20.53288331508666,0.0028479069475039146,0.0,1537,16744
Floor plate (anterior),Somatic mesoderm (anterior),4.971441858151226,-0.2445903623158161,-4.42594131611271,0.008863006837475429,0.0,1537,274
Floor plate (anterior),Somatic mesoderm (tailbud),4.598948750337574,0.14463643878010193,0.8442091429414225,0.051391412613526595,0.59,1537,23
Floor plate (anterior),Somatic motor neuron,5.575671181052164,0.7595162899049436,8.601089398029677,0.032135620753501036,0.21,1537,134
Floor plate (anterior),Spinal cord (cervical),6.303507577686336,0.47298194167663493,19.25100616453253,0.03745612815167901,0.0,1537,8692
Floor plate (anterior),Spinal cord (lumbar),5.787436417631771,0.17923816220659106,6.503835982465156,0.0018283390817395344,0.0,1537,3152
Floor plate (anterior),Spinal cord (thoracic),6.177025753475468,0.3270795132831313,13.960269300952357,0.0030834488450454745,0.0,1537,12419
Floor plate (anterior),Spinal cord interneuron progenitor,5.230766610435238,0.47296257909257405,4.496887452893147,0.04506603550006248,0.1,1537,65
Floor plate (anterior),Splanchnic mesoderm,5.431719726657783,-0.5006328881999152,-24.33968732766928,0.003439064973492163,0.0,1537,15340
Floor plate (anterior),Splanchnic mesoderm (cardiopulmonary),5.063749428927004,-0.27830305773900904,-7.284785429660489,0.001169903078756238,0.0,1537,893
Floor plate (anterior),Splanchnic mesoderm (septum transversum),5.094794506619,-0.2542235490692513,-6.147354240382331,0.0014445456813740615,0.0,1537,701
Floor plate (anterior),Surface ectoderm (anterior),5.092420263144178,-0.3258068780484245,-11.033565144263292,0.006194734548801371,0.0,1537,2325
Floor plate (anterior),Surface ectoderm (posterior),4.864619371858397,-0.24792850595591856,-4.274955708860975,0.004200203333349591,0.0,1537,224
Floor plate (anterior),Telencephalon (dorsal),5.925037764082088,0.19818624468072107,7.994919209812813,0.006902905971515117,0.0,1537,9362
Floor plate (anterior),Trigeminal branchiomotor neuron,5.108207245263614,0.8584055499479061,4.210844591462377,0.18823297848832748,0.04,1537,27
Floor plate (anterior),Trigeminal placode,5.083106922983391,-0.4091213993104281,-12.593066589461957,0.0036337954878202013,0.0,1537,1875
Floor plate (anterior),Trigeminal sensory neuron,4.856933537561036,-0.20218433019801582,-3.945197963945079,0.024739792643959396,0.5,1537,268
Floor plate (anterior),Trunk neural crest,5.049564209760207,-0.2947762514740638,-7.345849547937358,0.002750015960036452,0.01,1537,917
Floor plate (anterior),Vagal neural crest,5.169553724807501,-0.34235185589757844,-10.78255229363162,0.0032592079763679688,0.0,1537,1902
Floor plate (anterior),Visceral motor neuron,5.59808969832288,0.782298003430617,12.721300931074298,0.43656444960701263,0.84,1537,140
Floor plate (anterior),Yolk sac endothelial cell,4.586395712565718,-0.1791852273055715,-1.5904932293026064,0.009641826849602965,0.51,1537,60
Floor plate (posterior),Floor plate (posterior),8.999999999994104,-1.5395092608135503e-14,-0.00015392526639443333,2.9450807128251115e-29,1.0,1929,1929
Floor plate (posterior),Foregut,5.341665732529528,0.2849063768495652,8.218659101040599,0.006615992684878603,0.0,1929,977
Floor plate (posterior),Frontonasal mesenchyme,5.166181790822643,-0.41300534479192813,-18.49066519780162,0.0060119218582649295,0.0,1929,4202
Floor plate (posterior),Head paraxial mesoderm,5.5376141205694225,-0.06975016154798534,-3.0962942279701386,0.0031464563717160873,0.54,1929,10089
Floor plate (posterior),Hemogenic endothelium,4.64832322293259,-0.202385749200217,-1.9801842927875042,0.00893350859488274,0.43,1929,73
Floor plate (posterior),Hindbrain (isthmic organizer),5.874618281791158,0.20525702516414532,7.775574211736914,0.008071599550679135,0.0,1929,2376
Floor plate (posterior),Hindbrain (r1),6.0121152612047055,0.25539245952674516,10.705901575107054,0.010787445322507454,0.0,1929,6335
Floor plate (posterior),Hindbrain (r2-r4),6.222691439526987,0.40448891313309066,20.801132892881842,0.003375091336594196,0.0,1929,7748
Floor plate (posterior),Hindbrain (r5-r8),6.3687224523458825,0.5377329827991115,24.738883122445703,0.030212925853218418,0.0,1929,5781
Floor plate (posterior),Hindgut,5.170448007258212,0.051023674536264586,1.078402063238566,0.07045790821358552,0.0,1929,1110
Floor plate (posterior),Hypaxial myogenic progenitor,4.21730998504654,-0.21168134705512776,-1.1916900589651034,0.001169691283634251,0.44,1610,23
Floor plate (posterior),Hypothalamus,6.054800260418833,0.5303494342585505,20.878343266798638,0.01866925208556226,0.0,1929,2956
Floor plate (posterior),Inflow tract,5.200602167273547,-0.2557149736362658,-10.19524520250775,0.00390838610701509,0.0,1929,1444
Floor plate (posterior),Intermediate mesoderm (nephrogenic),5.5549504982017694,-0.13279332806365454,-5.655068812518334,0.008881414939803836,0.35,1929,2580
Floor plate (posterior),Juxtacardiac field,5.1952400593065216,-0.1633097231020099,-4.638615111477706,0.008880222082226665,0.14,1929,965
Floor plate (posterior),Left ventricle,5.289527383141887,-0.09302600545756186,-2.8351598847641193,0.031651364275737885,0.08,1929,1359
Floor plate (posterior),Megakaryocyte,4.525440064716856,-0.08648418352676608,-0.699701792271061,0.005053944446646352,0.9,1929,58
Floor plate (posterior),Midbrain,5.850940125511898,0.12382008822949597,5.3128048895618525,0.01267068017025065,0.76,1929,7099
Floor plate (posterior),Midbrain neuron,5.000319383064537,-0.2129040608634334,-4.290454695197608,0.0012695966566855796,0.07,1929,353
Floor plate (posterior),Midgut,5.276159050043241,0.1110674606506749,4.347496235260855,0.03799109589959912,0.06,1929,2242
Floor plate (posterior),Myotome,4.587766628400124,-0.04943466016051801,-0.27287649160666305,0.010996708916572048,0.75,1929,65
Floor plate (posterior),Nascent somite,6.055767177288888,0.4379271017880342,16.32653176071783,0.04139620176135954,0.0,1929,2502
Floor plate (posterior),Notochord,5.496374365852032,0.3150643069357928,8.675866690714301,0.0005573597795603242,0.0,1929,749
Floor plate (posterior),Olfactory placode,5.008479926052993,-0.40556096392027463,-13.797105441750725,0.011553510941094034,0.0,1929,1680
Floor plate (posterior),Otic placode,5.02618613659112,-0.37976413219026,-11.202004195338032,0.00338487604240142,0.0,1929,1357
Floor plate (posterior),Outflow tract,5.149822012184853,-0.1789495035954666,-4.816100223202663,0.0015547573941973104,0.0,1929,586
Floor plate (posterior),Periocular mesoderm,5.088068163210177,0.010353671439432036,0.7376884035562128,0.049160736404533334,0.26,1929,798
Floor plate (posterior),Pharyngeal arch mesenchyme,5.208564263515503,-0.3743893988102531,-16.94820316883578,0.04095233165120434,0.0,1929,4598
Floor plate (posterior),Pharyngeal endoderm,5.584449181717699,0.3030114558381811,11.523232539859317,0.012614241734752167,0.0,1929,2292
Floor plate (posterior),Pharyngeal mesoderm,5.36504387403281,-0.18685507584359348,-6.941126345163752,0.0007768460410690955,0.0,1929,2901
Floor plate (posterior),Pre-placodal ectoderm,5.050628541377236,-0.45668339476810854,-16.976469757366555,0.006206796972434182,0.0,1929,3388
Floor plate (posterior),Prechordal plate,4.557449291837756,0.17555910820391882,1.2218561847239575,0.06586572877841655,0.56,1929,38
Floor plate (posterior),Presomitic mesoderm,6.087889256478679,0.22586548159480113,11.479414386455792,0.02282406961612863,0.0,1929,9179
Floor plate (posterior),Primordial germ cell,4.307454674110775,-0.3159602481212825,-4.473975128789385,0.00034175484825757605,0.0,1929,141
Floor plate (posterior),Respiratory progenitor,5.373623355182467,0.2701208729519709,6.325831355271887,0.01593846213354051,0.0,1929,531
Floor plate (posterior),Right ventricle,5.232702454047977,-0.1596555610334859,-4.842760608063627,0.002866998202018105,0.0,1929,991
Floor plate (posterior),Roof plate (anterior),4.991525831647922,-0.28176461328466446,-6.132649483488467,0.0036253004868621406,0.02,1929,384
Floor plate (posterior),Roof plate (posterior),5.259723377892031,-0.3596948880347209,-11.16370180697992,0.0014602091517003663,0.0,1929,1395
Floor plate (posterior),Sclerotome,5.936826845896465,0.2310733336931389,11.382623649217386,0.01324482285994224,0.0,1929,8569
Floor plate (posterior),Second heart field (anterior),5.073333713091501,-0.16683232902435,-3.731090727613527,0.0004460217711634853,0.0,1929,420
Floor plate (posterior),Second heart field (posterior),5.143528107323042,-0.2898367742220816,-8.11996617672466,2.5213506794117974e-05,0.0,1929,984
Floor plate (posterior),Somatic mesoderm,5.424619133224641,-0.4723003790100678,-24.64452319300607,0.005210407144402686,0.0,1929,16744
Floor plate (posterior),Somatic mesoderm (anterior),4.972108032432282,-0.2374046035181688,-4.170999431718758,0.0021156719177508,0.0,1929,274
Floor plate (posterior),Somatic mesoderm (tailbud),4.559821220405833,0.10548330913065722,0.5569639311619655,0.03461655367313391,0.6,1929,23
Floor plate (posterior),Somatic motor neuron,5.924323536768242,1.1238804740059585,13.54265071755234,0.11427042245062694,0.06,1929,134
Floor plate (posterior),Spinal cord (cervical),6.443105209324159,0.6049361917825706,30.689878141037383,0.05286685921114544,0.0,1929,8692
Floor plate (posterior),Spinal cord (lumbar),5.790236378809721,0.1761958373972877,8.063261483663831,0.034689586752674,0.81,1929,3152
Floor plate (posterior),Spinal cord (thoracic),6.557316330689214,0.7010167642405932,36.108442050650105,0.018420985818918018,0.0,1929,12419
Floor plate (posterior),Spinal cord interneuron progenitor,5.565392875052844,0.7947759777069331,5.901212064931656,0.06420448364019424,0.0,1929,65
Floor plate (posterior),Splanchnic mesoderm,5.440091968006777,-0.5014276997112894,-26.474110979098537,0.0029471969891430097,0.0,1929,15340
Floor plate (posterior),Splanchnic mesoderm (cardiopulmonary),5.093503307263675,-0.26026194368425265,-7.732591099203621,0.0017258733110263912,0.0,1929,893
Floor plate (posterior),Splanchnic mesoderm (septum transversum),5.180382955801924,-0.17809882126469123,-4.952360972607168,0.0003638687282340127,0.0,1929,701
Floor plate (posterior),Surface ectoderm (anterior),5.089362314823183,-0.33798012778349334,-11.798011547832106,0.001143208012382362,0.0,1929,2325
Floor plate (posterior),Surface ectoderm (posterior),4.906069674361795,-0.21715687992173502,-3.5978180423347728,0.0035993418015838443,0.01,1929,224
Floor plate (posterior),Telencephalon (dorsal),5.601700091955713,-0.12964367937606683,-6.713094703400128,0.003796936557082223,0.06,1929,9362
Floor plate (posterior),Trigeminal branchiomotor neuron,5.351587182467161,1.0443053148495407,5.167823780799722,0.0900451609683796,0.01,1929,27
Floor plate (posterior),Trigeminal placode,5.057877183548295,-0.43896638860960885,-17.357194033981937,0.007850348683586476,0.0,1929,1875
Floor plate (posterior),Trigeminal sensory neuron,4.892905949567685,-0.1800739741323,-3.911594894850211,0.05999765230927971,0.8,1929,268
Floor plate (posterior),Trunk neural crest,5.009991073703946,-0.34090046724253636,-9.367311604750194,0.0015526475089711208,0.0,1929,917
Floor plate (posterior),Vagal neural crest,5.098830841652519,-0.42381059183514963,-15.52976518458498,0.0058175645698568205,0.0,1929,1902
Floor plate (posterior),Visceral motor neuron,6.3411520336979805,1.4929735071753318,19.685345431504466,0.07845621202114134,0.0,1929,140
Floor plate (posterior),Yolk sac endothelial cell,4.727907664666447,-0.041272844125246046,-0.42598537171791984,0.02623712676274762,0.55,1929,60
Foregut,Foregut,9.000000000062238,2.960594732333751e-15,2.959806034881756e-05,1.840675445515694e-28,1.0,977,977
Foregut,Frontonasal mesenchyme,4.918921286597312,-0.341175402149308,-10.492486067137937,0.009655535618354022,0.0,977,4202
Foregut,Head paraxial mesoderm,5.220162432208878,-0.05506433181109364,-2.1721939676503514,0.009114614726837507,0.01,977,10089
Foregut,Hemogenic endothelium,4.534137856385834,0.020560244684231677,0.18516727749388148,0.0006433135824019771,0.94,977,73
Foregut,Hindbrain (isthmic organizer),5.112232435578091,-0.23021396376054248,-7.46166008179869,0.0006376556425566398,0.0,977,2376
Foregut,Hindbrain (r1),5.201326956782708,-0.23102341608370894,-8.144300568733557,0.0031204613829992132,0.0,977,6335
Foregut,Hindbrain (r2-r4),5.229227164539204,-0.26370897906468116,-9.305297029196884,0.0009260467991632606,0.0,977,7748
Foregut,Hindbrain (r5-r8),5.1880859726389925,-0.3179078449858371,-10.852821808153825,9.88404247025193e-05,0.0,977,5781
Foregut,Hindgut,5.621499341221354,0.8273595417584758,22.659325975855847,0.01631064986189939,0.0,977,1110
Foregut,Hypaxial myogenic progenitor,3.6359812795913315,-0.3893806230060317,-1.3661334647462997,0.11354148769794895,0.23,629,23
Foregut,Hypothalamus,5.106887518248018,-0.09492865729739108,-2.922381059629835,0.00018207158081597546,0.02,977,2956
Foregut,Inflow tract,5.0584165036916255,-0.07006184526691595,-1.9337331485363756,0.0004878302271849271,0.08,977,1444
Foregut,Intermediate mesoderm (nephrogenic),5.135294159565827,-0.22527186035159286,-7.145428989093617,0.017624355569429095,0.02,977,2580
Foregut,Juxtacardiac field,5.024659181380743,-0.004288182984800788,0.7217940038429607,0.020332534970682936,0.22,977,965
Foregut,Left ventricle,5.160648327296144,0.10721862587746116,3.4234381194623675,0.0040782544030111695,0.29,977,1359
Foregut,Megakaryocyte,4.279098460193637,3.327114514117824e-05,0.16716463735352316,0.013995400065808981,0.77,977,58
Foregut,Midbrain,5.13902875050121,-0.2613993618724348,-9.022252462793917,0.010222354298738648,0.0,977,7099
Foregut,Midbrain neuron,4.721103030165103,-0.16309694066653702,-2.946470439725814,0.003869385598839472,0.24,977,353
Foregut,Midgut,5.985364939002889,1.1430862512165179,37.976942630585086,0.06688398741033175,0.0,977,2242
Foregut,Myotome,4.423962339256231,0.12066899575297067,0.8118187701720506,0.005532919731902476,0.58,977,65
Foregut,Nascent somite,5.250362749773622,-0.04328828855418099,-0.9327068005240763,0.00653763089479806,0.04,977,2502
Foregut,Notochord,5.248427554304673,0.3905967554101422,10.978982709402372,0.06602759880746265,0.0,977,749
Foregut,Olfactory placode,4.819405682724242,-0.261161301131884,-6.748112776039843,0.0012444301581769647,0.0,977,1680
Foregut,Otic placode,4.835902746840688,-0.24582184958050077,-6.736334703617288,0.01095945457302047,0.0,977,1357
Foregut,Outflow tract,4.999991156404859,0.00035943624268686136,0.16277623400214333,0.01981500574575304,0.82,977,586
Foregut,Periocular mesoderm,5.1056855449294,0.35483392746818304,7.761643016547297,0.00855128112074407,0.0,977,798
Foregut,Pharyngeal arch mesenchyme,4.912333099741264,-0.3454346182283003,-11.185887193702763,0.016786357725132938,0.0,977,4598
Foregut,Pharyngeal endoderm,6.466314772452051,1.5141409433732465,45.30139560354803,0.05875082725131975,0.0,977,2292
Foregut,Pharyngeal mesoderm,5.108304560857916,-0.11499323036597175,-3.6048809819768746,0.009854530985926698,0.95,977,2901
Foregut,Pre-placodal ectoderm,4.870260698551267,-0.30514687507315824,-8.741563361450359,0.012326148559953192,0.0,977,3388
Foregut,Prechordal plate,4.176622067975679,0.11975134280085224,1.631698901255037,0.12190549565206965,0.31,977,38
Foregut,Presomitic mesoderm,5.248072505614602,-0.28646473831160585,-11.139827637272903,0.001718207377493948,0.0,977,9179
Foregut,Primordial germ cell,4.287220119945168,-0.00102410936150014,-0.1435187312437406,0.008652589215837574,0.66,977,141
Foregut,Respiratory progenitor,6.580452716487645,1.80351827065027,39.25034010612206,0.038199873514720456,0.0,977,531
Foregut,Right ventricle,5.011084890193679,-0.05877819694059472,-1.1156245943716383,0.014538775124042273,0.48,977,991
Foregut,Roof plate (anterior),4.783875116386127,-0.16357623962472,-2.772772055606518,0.001960193067247061,0.05,977,384
Foregut,Roof plate (posterior),4.9571585410195524,-0.33719201077519373,-9.089027327048582,0.0013414837253367933,0.0,977,1395
Foregut,Sclerotome,5.254168473743043,-0.12829530174114842,-4.441172985028342,0.00619154337510776,0.15,977,8569
Foregut,Second heart field (anterior),4.937125819456759,0.01676796000567234,0.2820582472795265,0.0016179368410796941,0.62,977,420
Foregut,Second heart field (posterior),4.95576840660447,-0.14145857099729842,-4.106509894217795,0.005166861836045519,0.05,977,984
Foregut,Somatic mesoderm,5.161947807332468,-0.4055051363226614,-15.167839977167418,0.01457489252829503,0.0,977,16744
Foregut,Somatic mesoderm (anterior),4.78624458504362,-0.10512816745591931,-2.18268025746534,0.008364141244804982,0.53,977,274
Foregut,Somatic mesoderm (tailbud),4.159039839250813,0.038752090267378435,0.08926880555743377,0.06687573571947948,0.35,977,23
Foregut,Somatic motor neuron,4.516842490566556,0.0511645311274469,0.5922255856791331,0.0987906152674766,0.55,977,134
Foregut,Spinal cord (cervical),5.214668005764192,-0.29604067452488064,-11.456576377171777,0.0007115395442676747,0.0,977,8692
Foregut,Spinal cord (lumbar),5.069075123898858,-0.21861016926253166,-6.058713005797923,0.014083137873566135,0.01,977,3152
Foregut,Spinal cord (thoracic),5.286805836756289,-0.2469984346644122,-8.883573373412773,0.01494036446671013,0.0,977,12419
Foregut,Spinal cord interneuron progenitor,4.3606885233826524,-0.08637706085209877,0.4206147239584812,0.24166603870468847,0.84,977,65
Foregut,Splanchnic mesoderm,5.168584740765454,-0.4471390474961347,-14.99110396688917,0.016345722215410072,0.0,977,15340
Foregut,Splanchnic mesoderm (cardiopulmonary),4.836523480168959,-0.18933209727131217,-4.733057559336907,0.01978504881146375,0.64,977,893
Foregut,Splanchnic mesoderm (septum transversum),5.001644224286919,-0.02433962788460479,-0.5904067601759767,0.0038414195729175476,0.92,977,701
Foregut,Surface ectoderm (anterior),5.000614183647065,-0.10368400893001646,-3.5838932359101903,0.00649112133801079,0.17,977,2325
Foregut,Surface ectoderm (posterior),4.752812867228195,-0.04221104043895263,-1.353653626582285,0.03842034441968395,0.41,977,224
Foregut,Telencephalon (dorsal),5.105896065131398,-0.30060822122882885,-11.155838032113843,0.02755160290649416,0.0,977,9362
Foregut,Trigeminal branchiomotor neuron,4.0628901447451495,0.06956358405294767,0.3512289425673365,0.07408216326229641,0.29,977,27
Foregut,Trigeminal placode,4.84093403682722,-0.3288451928196494,-9.049519882968498,0.01409170386307903,0.0,977,1875
Foregut,Trigeminal sensory neuron,4.626694109583341,-0.11019847089435626,-2.166211377424825,0.04693810018121884,0.69,977,268
Foregut,Trunk neural crest,4.825069033424987,-0.20227022529478914,-4.25281980982134,0.007750791700305671,0.01,977,917
Foregut,Vagal neural crest,4.918960415174709,-0.277477125343224,-7.788407526409752,0.0020516177703594155,0.0,977,1902
Foregut,Visceral motor neuron,4.734065390144239,0.21192168430990618,1.989549789660483,0.007786000572544305,0.2,977,140
Foregut,Yolk sac endothelial cell,4.405393066585932,-0.048999713931690746,-0.3568595919812827,0.05658577170996379,0.5,977,60
Frontonasal mesenchyme,Frontonasal mesenchyme,8.999999999991411,4.736951571734001e-15,4.736278506073333e-05,3.8286049266726443e-28,1.0,4202,4202
Frontonasal mesenchyme,Head paraxial mesoderm,5.490505578820642,-0.3125501907685309,-22.581938098625667,0.005735099978395917,0.0,4202,10089
Frontonasal mesenchyme,Hemogenic endothelium,5.073936498456742,0.025262005257699133,0.19009770534514484,0.13417264775737256,0.22,4202,73
Frontonasal mesenchyme,Hindbrain (isthmic organizer),6.088316130087574,0.2200360607596726,9.71861039636943,0.010906551587316347,0.0,4202,2376
Frontonasal mesenchyme,Hindbrain (r1),6.17746362760078,0.21922073572527592,11.260119459416009,0.010206844346561647,0.0,4202,6335
Frontonasal mesenchyme,Hindbrain (r2-r4),6.143246083910152,0.12811198616264807,6.630953197127691,0.01895989557884825,0.23,4202,7748
Frontonasal mesenchyme,Hindbrain (r5-r8),6.033436500505144,0.0033007601640096715,-0.9748568592558874,0.01573989557327377,0.02,4202,5781
Frontonasal mesenchyme,Hindgut,4.968672833935337,-0.34938980195396585,-12.118376712121375,0.03692039439418912,0.0,4202,1110
Frontonasal mesenchyme,Hypaxial myogenic progenitor,4.507029657857184,-0.14667618304673447,-0.430873308264404,0.03947532373582354,0.97,3494,23
Frontonasal mesenchyme,Hypothalamus,5.610654675815323,-0.11269829245172473,-5.751377135050331,0.021130427067413103,0.39,4202,2956
Frontonasal mesenchyme,Inflow tract,5.443691437008099,-0.20722948085660628,-7.916803767101723,0.005092123455464225,0.0,4202,1444
Frontonasal mesenchyme,Intermediate mesoderm (nephrogenic),5.851632074591808,-0.03560648755194803,-2.0739887265598127,0.005700868633124501,0.84,4202,2580
Frontonasal mesenchyme,Juxtacardiac field,5.260710427400077,-0.29194760389889485,-9.328040026284308,0.005305517873931578,0.0,4202,965
Frontonasal mesenchyme,Left ventricle,5.226176318377455,-0.35376565835929846,-13.260515976328028,0.005607238067560989,0.0,4202,1359
Frontonasal mesenchyme,Megakaryocyte,4.424408161775669,-0.38623416452932763,-2.991649997157424,0.01774362092100403,0.02,4202,58
Frontonasal mesenchyme,Midbrain,6.259788467255596,0.33518307987541096,19.76976884285777,0.015579210692691053,0.0,4202,7099
Frontonasal mesenchyme,Midbrain neuron,5.979309677705285,0.5701564368100488,10.403307540701668,0.0038905775899913527,0.0,4202,353
Frontonasal mesenchyme,Midgut,4.976983627035104,-0.38782676453779885,-17.02434301709518,0.02199703307872166,0.0,4202,2242
Frontonasal mesenchyme,Myotome,4.712753104271413,-0.12174169269630812,-1.4957046975754686,0.1183801542413541,0.27,4202,65
Frontonasal mesenchyme,Nascent somite,5.6911609544907265,-0.1266298622560781,-6.002373390532836,0.001724842388129867,0.0,4202,2502
Frontonasal mesenchyme,Notochord,5.028335907503801,-0.3548703859870231,-10.191222168886096,0.006475589969929323,0.0,4202,749
Frontonasal mesenchyme,Olfactory placode,6.491905937318637,0.8834628187257811,33.099719611070476,0.008671496756096922,0.0,4202,1680
Frontonasal mesenchyme,Otic placode,6.148773787724934,0.5455835030649133,19.76927422305786,0.0125121085968625,0.0,4202,1357
Frontonasal mesenchyme,Outflow tract,5.259557186203695,-0.26574009866196313,-6.727091963144988,0.0035181659443850287,0.0,4202,586
Frontonasal mesenchyme,Periocular mesoderm,4.992262453927137,-0.2791190419514337,-7.793313393922855,0.008948228134261361,0.0,4202,798
Frontonasal mesenchyme,Pharyngeal arch mesenchyme,7.069009003915595,1.2881233562647052,70.20736868676529,0.008469316049566826,0.0,4202,4598
Frontonasal mesenchyme,Pharyngeal endoderm,5.151611878883391,-0.327147500131631,-15.54013180085918,0.008538190900246847,0.0,4202,2292
Frontonasal mesenchyme,Pharyngeal mesoderm,5.483080134338121,-0.2616767973507314,-13.812283080292772,0.0023617869201825103,0.0,4202,2901
Frontonasal mesenchyme,Pre-placodal ectoderm,6.517572974377766,0.8163169472718307,39.66040463326765,0.0014271680029293225,0.0,4202,3388
Frontonasal mesenchyme,Prechordal plate,4.091945459035146,-0.5023814600026065,-3.2019584826843146,0.12177916314421064,0.04,4202,38
Frontonasal mesenchyme,Presomitic mesoderm,6.061252408984089,0.0006469482486831287,-0.2931782281453934,0.0018096988355033941,0.13,4202,9179
Frontonasal mesenchyme,Primordial germ cell,4.411662528402284,-0.41663172478979504,-5.78462108699507,0.04654141032779636,0.0,4202,141
Frontonasal mesenchyme,Respiratory progenitor,4.965433761302406,-0.33607699750433095,-8.563704873369714,0.004776039418129758,0.0,4202,531
Frontonasal mesenchyme,Right ventricle,5.355497568978861,-0.23934428134848376,-7.783828919703598,0.006154355587901637,0.0,4202,991
Frontonasal mesenchyme,Roof plate (anterior),6.111134853283697,0.6439722005631902,11.886185910479263,0.012519134368848587,0.0,4202,384
Frontonasal mesenchyme,Roof plate (posterior),6.235910324526043,0.4167185888316345,16.283826251870476,0.006123862894935839,0.0,4202,1395
Frontonasal mesenchyme,Sclerotome,5.593807022707668,-0.308130855471133,-19.899920630827044,0.00607917328955321,0.0,4202,8569
Frontonasal mesenchyme,Second heart field (anterior),5.285933082054545,-0.1563368992820721,-3.6046348152982843,0.011598166019298195,0.33,4202,420
Frontonasal mesenchyme,Second heart field (posterior),5.527549567006106,-0.09900178368157864,-2.722888986299504,0.0058745903474904625,0.38,4202,984
Frontonasal mesenchyme,Somatic mesoderm,5.96141719005312,-0.13376981175236372,-8.91326640465378,0.0021229915750022813,0.0,4202,16744
Frontonasal mesenchyme,Somatic mesoderm (anterior),5.42218014259877,0.0025615185041605315,-0.12204103157567525,0.0061624800705550285,0.5,4202,274
Frontonasal mesenchyme,Somatic mesoderm (tailbud),4.728479960855284,0.08077901886350336,0.4759956222888124,0.022585254587301925,0.78,4202,23
Frontonasal mesenchyme,Somatic motor neuron,4.727923778306024,-0.2620707626170402,-3.9029257266224646,0.03656888201314914,0.94,4202,134
Frontonasal mesenchyme,Spinal cord (cervical),6.0101623161040365,-0.02506003108485307,-1.7436613728201802,0.00830895376799181,0.88,4202,8692
Frontonasal mesenchyme,Spinal cord (lumbar),5.786918319324961,-0.028441762279985145,-2.285175696373935,0.004573625642419721,0.45,4202,3152
Frontonasal mesenchyme,Spinal cord (thoracic),6.01038483103017,-0.04544486682584795,-3.180791477407883,0.006093597064638651,0.2,4202,12419
Frontonasal mesenchyme,Spinal cord interneuron progenitor,4.745883649731488,-0.22092893483408668,-1.6933324711262427,0.000680545518896699,0.38,4202,65
Frontonasal mesenchyme,Splanchnic mesoderm,6.096682421237141,-0.04175458722280734,-2.8458504406795626,0.0008350661521581536,0.31,4202,15340
Frontonasal mesenchyme,Splanchnic mesoderm (cardiopulmonary),5.533317861168818,-0.015880318179315605,-0.8075272642988542,0.006372047825718131,0.68,4202,893
Frontonasal mesenchyme,Splanchnic mesoderm (septum transversum),5.348162635807394,-0.2058392414995689,-5.852780284402182,0.006383655522166775,0.0,4202,701
Frontonasal mesenchyme,Surface ectoderm (anterior),5.964510055362652,0.3414918966005625,14.959762011434885,0.0003869220055134647,0.0,4202,2325
Frontonasal mesenchyme,Surface ectoderm (posterior),5.319987338170827,-0.0027886958670209814,-0.46809330884666345,0.038545547649583435,0.11,4202,224
Frontonasal mesenchyme,Telencephalon (dorsal),6.757066391597245,0.8259270302433155,51.790074905801525,0.008777671204618155,0.0,4202,9362
Frontonasal mesenchyme,Trigeminal branchiomotor neuron,4.158043520274432,-0.3279841923692602,-1.5945448683145276,0.019888422022351356,0.25,4202,27
Frontonasal mesenchyme,Trigeminal placode,6.65181794685638,0.9555543130145558,39.87718472468345,0.011987848780583414,0.0,4202,1875
Frontonasal mesenchyme,Trigeminal sensory neuron,5.768292555179554,0.4995021061628882,7.880874238674177,0.003051436883656048,0.0,4202,268
Frontonasal mesenchyme,Trunk neural crest,5.910799353828849,0.3610911976644289,10.32804010046741,0.0052647088706854785,0.0,4202,917
Frontonasal mesenchyme,Vagal neural crest,6.150630811940755,0.43348297821168824,17.33517476495855,0.006006245701727586,0.0,4202,1902
Frontonasal mesenchyme,Visceral motor neuron,4.768870246618029,-0.29177639737396505,-4.012275612334283,0.015529834718609772,0.77,4202,140
Frontonasal mesenchyme,Yolk sac endothelial cell,4.9080155342269665,-0.07183710679722595,-0.7298334590181427,0.04795175299222015,0.78,4202,60
Head paraxial mesoderm,Head paraxial mesoderm,9.000000000001863,1.5987211554602254e-14,0.00015984214514718246,6.626431603856499e-29,1.0,10089,10089
Head paraxial mesoderm,Hemogenic endothelium,4.790355632333621,-0.27478355677240646,-3.2639020828460303,0.006790584572446428,0.07,10089,73
Head paraxial mesoderm,Hindbrain (isthmic organizer),5.660963229107637,-0.22911506483139732,-11.96272009410446,0.000284599473076811,0.0,10089,2376
Head paraxial mesoderm,Hindbrain (r1),5.705920485594457,-0.2735096024909825,-22.683513521094643,4.786132543622694e-05,0.0,10089,6335
Head paraxial mesoderm,Hindbrain (r2-r4),5.7614403466785715,-0.2779716248731911,-24.21962351023859,0.0013557929272555763,0.0,10089,7748
Head paraxial mesoderm,Hindbrain (r5-r8),5.783534271599252,-0.26873944983046955,-21.07297910368384,0.0006690420341941604,0.0,10089,5781
Head paraxial mesoderm,Hindgut,5.2033829665710565,-0.13723641767450712,-5.702631227741516,0.0016711743968458458,0.0,10089,1110
Head paraxial mesoderm,Hypaxial myogenic progenitor,4.506229957607971,-0.08537005211365223,0.11298753863294025,0.07889796394420641,0.39,7667,23
Head paraxial mesoderm,Hypothalamus,5.5274932113857815,-0.2199686533992032,-13.33892173280791,0.0011010635398069678,0.0,10089,2956
Head paraxial mesoderm,Inflow tract,5.785821062615992,0.11026657407433287,5.273302097535819,0.0013955888607270674,0.0,10089,1444
Head paraxial mesoderm,Intermediate mesoderm (nephrogenic),5.904377956561015,-0.005573281205271267,-0.39835599535726846,0.00046506492324702213,0.46,10089,2580
Head paraxial mesoderm,Juxtacardiac field,5.900445800057629,0.3235882330954413,12.159143563078777,0.008908717717894733,0.0,10089,965
Head paraxial mesoderm,Left ventricle,5.788966193498531,0.18532792036882917,8.29386893534564,0.0014130791869525735,0.0,10089,1359
Head paraxial mesoderm,Megakaryocyte,4.608038464193495,-0.2135471824182377,-1.817171923638025,0.010153277577744684,0.08,10089,58
Head paraxial mesoderm,Midbrain,5.643050266190379,-0.303170895419204,-23.946656210941757,0.003487245552554248,0.0,10089,7099
Head paraxial mesoderm,Midbrain neuron,5.221528759695199,-0.2109437417001585,-6.029877696736279,0.004619232339266647,0.08,10089,353
Head paraxial mesoderm,Midgut,5.305068335842678,-0.08247705219206303,-4.4643836627610485,0.002092733025833087,0.05,10089,2242
Head paraxial mesoderm,Myotome,5.415338324550251,0.5603621801513295,5.551829221855147,0.016287936967544447,0.0,10089,65
Head paraxial mesoderm,Nascent somite,5.799880657057685,-0.040760674336400626,-2.8144238240210595,0.0009691540160083562,0.82,10089,2502
Head paraxial mesoderm,Notochord,5.641684381647791,0.23265104640318057,7.6851160975578,0.007225679330603171,0.0,10089,749
Head paraxial mesoderm,Olfactory placode,5.355862227928686,-0.2760622314481334,-13.240142153224218,0.003953242070727341,0.0,10089,1680
Head paraxial mesoderm,Otic placode,5.368255731011622,-0.25972285156056013,-11.288021497279383,0.0027754998455668516,0.0,10089,1357
Head paraxial mesoderm,Outflow tract,6.066363983142686,0.5218253563301779,16.938603932465664,0.019160091466388765,0.0,10089,586
Head paraxial mesoderm,Periocular mesoderm,6.313247699682947,1.0172337984662443,33.92290968046262,0.006732210723533595,0.0,10089,798
Head paraxial mesoderm,Pharyngeal arch mesenchyme,5.478109702664038,-0.3254731205490282,-21.251390511709353,0.0024583130711861175,0.0,10089,4598
Head paraxial mesoderm,Pharyngeal endoderm,5.543648844901186,0.04293242546334793,1.9319975048181302,0.015551008450636937,0.38,10089,2292
Head paraxial mesoderm,Pharyngeal mesoderm,6.717376936814431,0.94600322432636,61.79827892034327,0.008566919728362293,0.0,10089,2901
Head paraxial mesoderm,Pre-placodal ectoderm,5.441261815650574,-0.28203643554392244,-16.906902735462797,0.00621349452274458,0.0,10089,3388
Head paraxial mesoderm,Prechordal plate,4.63917204644149,0.039832405127962524,0.3184072190200079,0.07359163048812989,0.41,10089,38
Head paraxial mesoderm,Presomitic mesoderm,5.911649787340352,-0.17335423125287797,-15.403495032404521,0.00022539849457635543,0.0,10089,9179
Head paraxial mesoderm,Primordial germ cell,4.537845965442184,-0.2993201568473953,-4.667904459747853,0.016088874400820897,0.04,10089,141
Head paraxial mesoderm,Respiratory progenitor,5.266019161288246,-0.05930910505680279,-1.7515695639154298,0.0016959075254743311,0.38,10089,531
Head paraxial mesoderm,Right ventricle,6.112162721910889,0.4948878432363782,18.31317775134738,0.019315422599457694,0.0,10089,991
Head paraxial mesoderm,Roof plate (anterior),5.295746247723876,-0.19209485101383272,-4.235272175183495,0.0010823274221582705,0.02,10089,384
Head paraxial mesoderm,Roof plate (posterior),5.567415256448576,-0.276396093016183,-12.56233535650252,0.003303188922817391,0.0,10089,1395
Head paraxial mesoderm,Sclerotome,6.640464576731251,0.714022951212001,60.51163828139215,0.037814384022798575,0.0,10089,8569
Head paraxial mesoderm,Second heart field (anterior),5.853511785296426,0.3904372784056728,10.161530616855053,0.002345401339554224,0.0,10089,420
Head paraxial mesoderm,Second heart field (posterior),5.834830949486784,0.18788411379603284,7.237449845563762,0.0017287369397378726,0.0,10089,984
Head paraxial mesoderm,Somatic mesoderm,6.083006062977721,-0.03454305415282022,-4.6053637427760465,0.007158309955629039,0.0,10089,16744
Head paraxial mesoderm,Somatic mesoderm (anterior),5.8134909448714405,0.3744916360008279,7.360827578022785,0.010841252193567488,0.0,10089,274
Head paraxial mesoderm,Somatic mesoderm (tailbud),4.667712608617726,-0.004416715340844905,-0.11527526125780875,0.05579161652747769,0.87,10089,23
Head paraxial mesoderm,Somatic motor neuron,4.889107744517644,-0.12052431134418917,-1.3080397021508878,0.0009401575333729898,0.75,10089,134
Head paraxial mesoderm,Spinal cord (cervical),5.806840725084033,-0.2511608293194107,-22.518270498491905,0.00014820514798679084,0.0,10089,8692
Head paraxial mesoderm,Spinal cord (lumbar),5.723974848761202,-0.11473866441622338,-7.792844330782568,0.010488944247072099,0.97,10089,3152
Head paraxial mesoderm,Spinal cord (thoracic),5.870608364850464,-0.20697520175602602,-20.570818009900687,0.0013449457174677126,0.0,10089,12419
Head paraxial mesoderm,Spinal cord interneuron progenitor,4.917191189470785,-0.05786822061720098,-0.42936134054015135,0.001876916455084636,0.94,10089,65
Head paraxial mesoderm,Splanchnic mesoderm,5.981067228184602,-0.18182624106477382,-18.38903288704469,0.005783073893005489,0.0,10089,15340
Head paraxial mesoderm,Splanchnic mesoderm (cardiopulmonary),5.764940860061752,0.19071526372474068,6.916217112605289,0.0008751632569461001,0.0,10089,893
Head paraxial mesoderm,Splanchnic mesoderm (septum transversum),5.634636082884021,0.059045278113486845,2.2340388018638326,0.005668291587710849,0.9,10089,701
Head paraxial mesoderm,Surface ectoderm (anterior),5.43341336657885,-0.21416108826413774,-13.110096158109796,0.0011238652424771245,0.0,10089,2325
Head paraxial mesoderm,Surface ectoderm (posterior),5.171113129120072,-0.17627125345404573,-3.623888410130976,0.0039281873656039305,0.13,10089,224
Head paraxial mesoderm,Telencephalon (dorsal),5.626278554202568,-0.3283330768429448,-27.98894940904212,0.006028499997747257,0.0,10089,9362
Head paraxial mesoderm,Trigeminal branchiomotor neuron,4.43622975286143,-0.048114325891499256,-0.5966586383471111,0.16777226390636085,0.5,10089,27
Head paraxial mesoderm,Trigeminal placode,5.401206422107838,-0.322655872846104,-15.0985236747411,0.00887000653843426,0.0,10089,1875
Head paraxial mesoderm,Trigeminal sensory neuron,5.1417306882127916,-0.15195011704271,-3.8312362950810717,0.01919935153326087,0.85,10089,268
Head paraxial mesoderm,Trunk neural crest,5.392732332779271,-0.18260802733025105,-7.6387299499643575,0.013590824633715014,0.35,10089,917
Head paraxial mesoderm,Vagal neural crest,5.524588711823583,-0.21625998387718207,-11.659755186684288,0.003562130297182645,0.0,10089,1902
Head paraxial mesoderm,Visceral motor neuron,5.093739840566854,0.022879012028984864,0.2924613668459414,0.0028908300837230012,0.95,10089,140
Head paraxial mesoderm,Yolk sac endothelial cell,5.231106627956331,0.22919861374719405,2.139533449586288,0.040616425429252374,0.95,10089,60
Hemogenic endothelium,Hemogenic endothelium,8.999999999185016,-5.921189464667501e-16,-5.917509023518167e-06,2.5979819145278654e-28,1.0,73,73
Hemogenic endothelium,Hindbrain (isthmic organizer),4.80273600100753,-0.30649497153220445,-2.9464959927878365,0.01325039134425603,0.17,73,2376
Hemogenic endothelium,Hindbrain (r1),4.924488250325755,-0.2990459812570663,-2.8003913994908096,0.039112711794535585,0.1,73,6335
Hemogenic endothelium,Hindbrain (r2-r4),4.915750349904189,-0.3591754154767856,-3.7587604691894385,0.02343268342477773,0.06,73,7748
Hemogenic endothelium,Hindbrain (r5-r8),4.962547468462163,-0.33374259771279097,-3.2801212798124255,0.05560050585178045,0.5,73,5781
Hemogenic endothelium,Hindgut,4.514226242893673,-0.06305155728634364,-0.7019806236675694,0.03392064855623491,0.23,73,1110
Hemogenic endothelium,Hypaxial myogenic progenitor,3.786261244515181,-0.15860769855339862,-0.6137726721103429,0.0008624702815298527,0.69,58,23
Hemogenic endothelium,Hypothalamus,4.699551879155012,-0.28011381626212845,-2.6154491828120956,0.0074564484613462165,0.03,73,2956
Hemogenic endothelium,Inflow tract,4.958941708682469,0.04583411504806604,0.4398121338830337,0.006011544667361387,0.78,73,1444
Hemogenic endothelium,Intermediate mesoderm (nephrogenic),5.045391480290928,-0.10543807564011942,-1.0324619521572223,0.003246464797223482,0.41,73,2580
Hemogenic endothelium,Juxtacardiac field,4.769824670713449,-0.05130871763588581,-0.625291411905426,0.04434942013699041,0.21,73,965
Hemogenic endothelium,Left ventricle,4.675106333012027,-0.16045766257958358,-1.6444429153366869,0.02742829456379626,0.92,73,1359
Hemogenic endothelium,Megakaryocyte,4.042533286078593,-0.044205978353829924,-0.2324838956822802,0.01336251680012892,0.88,73,58
Hemogenic endothelium,Midbrain,4.855715035059387,-0.3353694883664682,-3.0510834023092386,0.03754839106614395,0.22,73,7099
Hemogenic endothelium,Midbrain neuron,4.688992939005257,0.01184350707874445,-0.023254478369463854,0.01665908873594852,0.74,73,353
Hemogenic endothelium,Midgut,4.594774216098087,-0.030933899485861893,-0.3107168257449324,0.003014625937761489,0.84,73,2242
Hemogenic endothelium,Myotome,3.863327214421327,-0.23993444642576955,-0.9377762725823593,0.09166287122171934,1.0,73,65
Hemogenic endothelium,Nascent somite,4.96859033513632,-0.11266384453005222,-1.3187041221313505,0.04399480068616024,0.68,73,2502
Hemogenic endothelium,Notochord,4.530352984186577,-0.11398462992406107,-1.3001020776230263,0.06203459101932991,0.93,73,749
Hemogenic endothelium,Olfactory placode,4.971979780390829,0.10491748424294005,0.8737009600872786,0.0502163433926788,0.44,73,1680
Hemogenic endothelium,Otic placode,5.033139606669289,0.17420386042511402,1.5704760055805256,0.2811607877590779,0.01,73,1357
Hemogenic endothelium,Outflow tract,4.7548061281484735,-0.023304705510650336,-0.33284175775959673,0.06787467911429895,0.34,73,586
Hemogenic endothelium,Periocular mesoderm,4.493159234698951,-0.04377969001152563,-0.2309988111130492,0.07901375395461958,0.33,73,798
Hemogenic endothelium,Pharyngeal arch mesenchyme,5.020425590208961,-0.012969916738838924,-0.01315198670374699,0.16365673810899298,0.48,73,4598
Hemogenic endothelium,Pharyngeal endoderm,4.704626569567918,-0.04562851736286019,-0.6907691987391709,0.009599976902022753,0.92,73,2292
Hemogenic endothelium,Pharyngeal mesoderm,4.879174551623891,-0.13738173321856273,-1.7098845631027266,0.017676451782751467,0.93,73,2901
Hemogenic endothelium,Pre-placodal ectoderm,5.190317241601524,0.23246463776980844,2.0023101642722008,0.11149111109151547,0.83,73,3388
Hemogenic endothelium,Prechordal plate,3.4360319389824845,-0.41820872304096834,-1.3465176106649235,0.40632847936422095,0.48,73,38
Hemogenic endothelium,Presomitic mesoderm,5.070656411955265,-0.2539741374702095,-2.5733235363395446,0.06685341826308436,0.81,73,9179
Hemogenic endothelium,Primordial germ cell,4.339289921093988,0.2554389312421379,1.8511685974505114,0.10695062771273658,0.95,73,141
Hemogenic endothelium,Respiratory progenitor,4.61588191631301,0.05513806085372656,0.5812740226389016,0.0021981216643854173,0.87,73,531
Hemogenic endothelium,Right ventricle,4.775663486725499,-0.08195921977921354,-0.6913026144886576,0.04769410371097862,0.16,73,991
Hemogenic endothelium,Roof plate (anterior),4.678441199670558,-0.049377640406544764,-0.24306764007537107,0.07676560474601364,0.43,73,384
Hemogenic endothelium,Roof plate (posterior),4.838664101679118,-0.24779256154360377,-2.338141324676125,0.11422696203030579,0.28,73,1395
Hemogenic endothelium,Sclerotome,4.826216492012533,-0.33140590460121305,-3.2708076696440416,0.0012843809495014782,0.02,73,8569
Hemogenic endothelium,Second heart field (anterior),4.745450896524784,0.040466781258905904,0.46297524642095134,0.009378488504832999,0.98,73,420
Hemogenic endothelium,Second heart field (posterior),4.971355768273365,0.07147514055339717,0.686321094741183,0.004331589291463732,0.93,73,984
Hemogenic endothelium,Somatic mesoderm,5.910802111510642,0.5473399909360692,5.533332486968605,0.06346294806353125,0.01,73,16744
Hemogenic endothelium,Somatic mesoderm (anterior),4.509120662698515,-0.1784401514284563,-1.3940577910348038,0.02968338442443992,0.98,73,274
Hemogenic endothelium,Somatic mesoderm (tailbud),3.946140966774394,0.004545646983070473,0.07808454277205985,0.0215537696381103,0.84,73,23
Hemogenic endothelium,Somatic motor neuron,4.456900979084823,0.2070227695116058,-0.10108261692553071,0.3308475759215878,0.76,73,134
Hemogenic endothelium,Spinal cord (cervical),4.982066610356927,-0.3174234416917778,-3.3446137901341793,0.062037011942742575,0.62,73,8692
Hemogenic endothelium,Spinal cord (lumbar),4.761002974271758,-0.32211280792994285,-3.220884057482658,0.035868066477656724,0.26,73,3152
Hemogenic endothelium,Spinal cord (thoracic),4.992306178505743,-0.3316233775588155,-3.6770743321352675,0.06851819975153853,0.52,73,12419
Hemogenic endothelium,Spinal cord interneuron progenitor,3.9407397650798437,-0.3067872977572044,-1.77809368958309,0.008270841827271554,0.42,73,65
Hemogenic endothelium,Splanchnic mesoderm,5.913137664977337,0.5120646530165865,5.193524683367239,0.06040827188383026,0.05,73,15340
Hemogenic endothelium,Splanchnic mesoderm (cardiopulmonary),4.938990868626716,0.128509205081721,1.112520918668799,0.02003072832029927,0.73,73,893
Hemogenic endothelium,Splanchnic mesoderm (septum transversum),4.926829100697719,0.1060205336521151,0.9952598206943151,0.012521758466839573,0.75,73,701
Hemogenic endothelium,Surface ectoderm (anterior),5.206734281717361,0.31083570667485666,2.9748617562727104,0.008288863392364574,0.03,73,2325
Hemogenic endothelium,Surface ectoderm (posterior),4.8019336955650145,0.21964508848077072,2.0050051427522995,0.022984449839530772,0.35,73,224
Hemogenic endothelium,Telencephalon (dorsal),4.989045752443908,-0.20402140877427696,-1.9117137982215135,0.05089180208802186,0.83,73,9362
Hemogenic endothelium,Trigeminal branchiomotor neuron,3.560203024027904,-0.1462071954156078,-0.08462297681603544,0.33152974795575685,0.85,73,27
Hemogenic endothelium,Trigeminal placode,5.0889939828036175,0.12304781861808323,1.1626724057919715,0.1347388524860037,0.03,73,1875
Hemogenic endothelium,Trigeminal sensory neuron,4.570491718190891,0.035121392687412246,0.5983260366582895,0.20582362242860214,0.56,73,268
Hemogenic endothelium,Trunk neural crest,4.899268313537484,0.07935606504437824,0.5356645546956857,0.08884765999601356,0.48,73,917
Hemogenic endothelium,Vagal neural crest,4.904319111975241,-0.06715252370441178,-0.6456420326365786,0.1098046361779417,0.84,73,1902
Hemogenic endothelium,Visceral motor neuron,4.218556784591498,-0.08991355559477536,-0.9946201689315041,0.12885259665551013,1.0,73,140
Hemogenic endothelium,Yolk sac endothelial cell,4.650322547094247,0.4284704239807183,2.107181732371931,0.08047586584801215,0.2,73,60
Hindbrain (isthmic organizer),Hindbrain (isthmic organizer),9.000000000018709,7.697546304067751e-15,7.696757530779761e-05,2.945080712825111e-29,1.0,2376,2376
Hindbrain (isthmic organizer),Hindbrain (r1),7.393588565511238,1.3484137328123769,72.40155364038121,0.016549042429100068,0.0,2376,6335
Hindbrain (isthmic organizer),Hindbrain (r2-r4),6.787737611713424,0.6817705344951616,34.88035015843919,0.02654104891464503,0.0,2376,7748
Hindbrain (isthmic organizer),Hindbrain (r5-r8),6.54182497585149,0.4225900640167435,20.61431603045829,0.027742058091180664,0.0,2376,5781
Hindbrain (isthmic organizer),Hindgut,5.059927488652964,-0.3487127212904391,-12.34953105952715,0.010526892675871001,0.0,2376,1110
Hindbrain (isthmic organizer),Hypaxial myogenic progenitor,4.343637779589659,-0.3486388727717955,-1.807254860452054,0.018508602285704025,0.19,1627,23
Hindbrain (isthmic organizer),Hypothalamus,6.583303278996318,0.7718793176018401,33.506426933265324,0.018609284439581295,0.0,2376,2956
Hindbrain (isthmic organizer),Inflow tract,5.378092604817273,-0.36256628687314674,-13.626192057394443,0.005158697451983702,0.0,2376,1444
Hindbrain (isthmic organizer),Intermediate mesoderm (nephrogenic),5.9398193005846265,-0.03532206982655565,-1.6659302860443377,0.009347380934475354,0.02,2376,2580
Hindbrain (isthmic organizer),Juxtacardiac field,5.315197215961046,-0.32918618457030185,-10.849566089360446,0.0003003689353553691,0.0,2376,965
Hindbrain (isthmic organizer),Left ventricle,5.313351460494666,-0.35576481592833975,-13.339333344158092,0.004821041367725183,0.0,2376,1359
Hindbrain (isthmic organizer),Megakaryocyte,4.53823887049646,-0.36605053199104276,-3.0806900900121192,0.0026431582788285788,0.14,2376,58
Hindbrain (isthmic organizer),Midbrain,7.366457795035572,1.3539243593063641,68.22972279237582,0.020381590257660905,0.0,2376,7099
Hindbrain (isthmic organizer),Midbrain neuron,6.088407313191162,0.5916364428033818,10.984017632505962,0.03124060739597045,0.0,2376,353
Hindbrain (isthmic organizer),Midgut,5.124180707834182,-0.3304682879411643,-13.056321977835289,0.007070613593494931,0.0,2376,2242
Hindbrain (isthmic organizer),Myotome,4.76666438758991,-0.15622173282875274,-1.5976240610610748,0.001977591192915324,0.61,2376,65
Hindbrain (isthmic organizer),Nascent somite,5.979009447407427,0.07392150250193463,3.048345009955794,0.00413271120647217,0.83,2376,2502
Hindbrain (isthmic organizer),Notochord,5.306736150085966,-0.16993789894360609,-5.005387177301572,0.008969058016929434,0.03,2376,749
Hindbrain (isthmic organizer),Olfactory placode,5.5873326744916545,-0.10954660189918819,-4.098603789647117,0.01372667143509775,0.18,2376,1680
Hindbrain (isthmic organizer),Otic placode,5.517251351008433,-0.17292360375546068,-6.365275068343102,0.00674733245199114,0.01,2376,1357
Hindbrain (isthmic organizer),Outflow tract,5.298367551343622,-0.3138250888189787,-8.776060071309265,0.005789568869024471,0.0,2376,586
Hindbrain (isthmic organizer),Periocular mesoderm,5.1392181352197595,-0.22475133380292642,-6.1490738639082565,0.020805340687307022,0.01,2376,798
Hindbrain (isthmic organizer),Pharyngeal arch mesenchyme,6.087458994988456,0.2207680409178098,9.49664495048628,0.016331962125668495,0.0,2376,4598
Hindbrain (isthmic organizer),Pharyngeal endoderm,5.2900338910995215,-0.27622489503172315,-11.797081468081034,0.0013105250946650437,0.0,2376,2292
Hindbrain (isthmic organizer),Pharyngeal mesoderm,5.561273033463853,-0.2745353028382187,-13.99265594091248,0.003494458092954681,0.0,2376,2901
Hindbrain (isthmic organizer),Pre-placodal ectoderm,5.579030107198924,-0.20899070354191984,-9.185595409380115,0.01744957623539193,0.0,2376,3388
Hindbrain (isthmic organizer),Prechordal plate,4.522752059946321,-0.1458369957610864,-0.7013392894652734,0.08275867159539638,0.31,2376,38
Hindbrain (isthmic organizer),Presomitic mesoderm,6.195133356677495,0.04594889084352616,2.6511206017152307,0.0017819343722808281,0.6,2376,9179
Hindbrain (isthmic organizer),Primordial germ cell,4.403933900615972,-0.49760159478019855,-6.508105090448787,0.0009807918464232153,0.0,2376,141
Hindbrain (isthmic organizer),Respiratory progenitor,5.1675155962659085,-0.21818916158260895,-5.667254206415511,0.005771340052046509,0.01,2376,531
Hindbrain (isthmic organizer),Right ventricle,5.389270638433199,-0.2919095707612313,-10.230769232877359,0.002796992482018679,0.0,2376,991
Hindbrain (isthmic organizer),Roof plate (anterior),5.946076913948349,0.3879978268981021,7.580644291375061,0.0016115279500857915,0.0,2376,384
Hindbrain (isthmic organizer),Roof plate (posterior),6.005017013918677,0.09822986398122661,3.8752146677274126,0.018688542196873638,0.06,2376,1395
Hindbrain (isthmic organizer),Sclerotome,5.850556727246595,-0.1402705094501376,-7.864757744906906,8.382474176203792e-05,0.0,2376,8569
Hindbrain (isthmic organizer),Second heart field (anterior),5.290984556210015,-0.23631776295618886,-5.532895975614667,0.00592970739562457,0.0,2376,420
Hindbrain (isthmic organizer),Second heart field (posterior),5.321356561159521,-0.3934921896486487,-12.749142292259199,0.009234285366567672,0.0,2376,984
Hindbrain (isthmic organizer),Somatic mesoderm,5.823214883914861,-0.3597155735179796,-20.005989542983126,0.004491538626720333,0.0,2376,16744
Hindbrain (isthmic organizer),Somatic mesoderm (anterior),5.290200509175669,-0.2090712528993217,-3.862126002906114,0.015046085456755329,0.08,2376,274
Hindbrain (isthmic organizer),Somatic mesoderm (tailbud),4.913073764836003,0.1564913433840586,0.9033557217225394,0.006748720891798385,0.63,2376,23
Hindbrain (isthmic organizer),Somatic motor neuron,5.353901938275258,0.23881468345522125,1.7844238757024373,0.03075178514730722,0.44,2376,134
Hindbrain (isthmic organizer),Spinal cord (cervical),6.513839217549354,0.3911840070544444,20.64005642308455,0.020104643976298908,0.0,2376,8692
Hindbrain (isthmic organizer),Spinal cord (lumbar),6.040655734729697,0.1400012005527973,4.774390241706392,0.0038715642910881858,0.0,2376,3152
Hindbrain (isthmic organizer),Spinal cord (thoracic),6.373899049147719,0.23126444725272086,13.073916451803486,0.0099856327069497,0.0,2376,12419
Hindbrain (isthmic organizer),Spinal cord interneuron progenitor,5.367260072819981,0.333651578942096,2.8697199452793085,0.017894491173784107,0.13,2376,65
Hindbrain (isthmic organizer),Splanchnic mesoderm,5.871309005248453,-0.355775458549583,-20.481665420568405,0.003125372934357039,0.0,2376,15340
Hindbrain (isthmic organizer),Splanchnic mesoderm (cardiopulmonary),5.344950902570048,-0.29213833714065657,-9.47430587639735,0.017644624911140307,0.0,2376,893
Hindbrain (isthmic organizer),Splanchnic mesoderm (septum transversum),5.294117127266458,-0.34818033115501795,-8.816502638791683,0.005994097093497242,0.0,2376,701
Hindbrain (isthmic organizer),Surface ectoderm (anterior),5.436176981926562,-0.27603863343040363,-10.776417546825035,0.017131395076423684,0.0,2376,2325
Hindbrain (isthmic organizer),Surface ectoderm (posterior),5.025773729440345,-0.38020464483866395,-6.183478312102539,0.0020880053727319594,0.0,2376,224
Hindbrain (isthmic organizer),Telencephalon (dorsal),6.693037481002023,0.6740132372859078,34.40159455741192,0.02247661818148854,0.0,2376,9362
Hindbrain (isthmic organizer),Trigeminal branchiomotor neuron,4.79665445120608,0.20168148616619122,0.745058863092645,0.05650959499754187,0.84,2376,27
Hindbrain (isthmic organizer),Trigeminal placode,5.6492264312862694,-0.13530143246499518,-5.880438345589558,0.019825442000246985,0.62,2376,1875
Hindbrain (isthmic organizer),Trigeminal sensory neuron,5.225828717747231,-0.12905154446072586,-3.7129307552287862,0.0635156744776031,0.27,2376,268
Hindbrain (isthmic organizer),Trunk neural crest,5.605590384655986,-0.03510636955414714,-1.349874577186718,0.003792453781858062,0.67,2376,917
Hindbrain (isthmic organizer),Vagal neural crest,5.833337743482683,0.025556403312076686,0.972056642242879,0.0008166488096536603,0.95,2376,1902
Hindbrain (isthmic organizer),Visceral motor neuron,5.186689617719312,0.03526211607857821,0.89100623638587,0.011109571318850335,0.79,2376,140
Hindbrain (isthmic organizer),Yolk sac endothelial cell,4.836456705031115,-0.22640337583471806,-1.8342329604575998,0.04477510875864554,0.94,2376,60
Hindbrain (r1),Hindbrain (r1),8.99999999998507,0.0,0.0,1.135959703518257e-28,1.0,6335,6335
Hindbrain (r1),Hindbrain (r2-r4),7.183711481792983,0.9888419171430177,72.82560657454913,0.02034980148329643,0.0,6335,7748
Hindbrain (r1),Hindbrain (r5-r8),6.740154287261743,0.5332433441993351,35.240540914777455,0.021720206819460273,0.0,6335,5781
Hindbrain (r1),Hindgut,5.157695010104862,-0.3422526280369951,-12.275591831956485,0.014631943781018326,0.0,6335,1110
Hindbrain (r1),Hypaxial myogenic progenitor,4.376956821733456,-0.4356683129963024,-2.2912974536880144,0.035335089576111554,0.07,4838,23
Hindbrain (r1),Hypothalamus,6.657382353638288,0.7568767447444186,40.49174630468991,0.017356128818063133,0.0,6335,2956
Hindbrain (r1),Inflow tract,5.429657362147739,-0.4010620399359137,-17.16912636008686,0.0072339403704212695,0.0,6335,1444
Hindbrain (r1),Intermediate mesoderm (nephrogenic),6.02314907305139,-0.042090477316996854,-2.487777906306114,0.0086801896916509,0.01,6335,2580
Hindbrain (r1),Juxtacardiac field,5.357950988356847,-0.3732877763328579,-13.16817778797585,5.861774516760105e-05,0.0,6335,965
Hindbrain (r1),Left ventricle,5.398876019104937,-0.3590626278058882,-14.020537992055688,0.015625609714188034,0.0,6335,1359
Hindbrain (r1),Megakaryocyte,4.579963422549032,-0.4268009261475549,-3.816145649916217,0.007849946203918053,0.0,6335,58
Hindbrain (r1),Midbrain,7.087388520065996,0.9871972698464443,68.02551199863906,0.01292606120675047,0.0,6335,7099
Hindbrain (r1),Midbrain neuron,6.04429114993076,0.44918522121641047,9.114905421716967,0.006003899196106024,0.0,6335,353
Hindbrain (r1),Midgut,5.202871234388151,-0.33800848684844365,-16.340868404444674,0.021869294402525982,0.0,6335,2242
Hindbrain (r1),Myotome,4.916784793231531,-0.10514951260550554,-1.2963578713287236,0.017520628915548266,0.82,6335,65
Hindbrain (r1),Nascent somite,6.092593084296546,0.09755651545780708,4.656527376441745,0.019049686704471658,0.41,6335,2502
Hindbrain (r1),Notochord,5.350302606775538,-0.21185420569937227,-7.03437893106307,0.02135764911969485,0.17,6335,749
Hindbrain (r1),Olfactory placode,5.690234426044072,-0.09870071644769673,-4.335826595502359,0.013219543300514051,0.62,6335,1680
Hindbrain (r1),Otic placode,5.6246283208752414,-0.1541802634711109,-6.081965148286566,0.008579295813474712,0.08,6335,1357
Hindbrain (r1),Outflow tract,5.35800355602332,-0.34127558056407903,-9.342854762519446,0.008609966498641292,0.0,6335,586
Hindbrain (r1),Periocular mesoderm,5.182862647879027,-0.26733833389970424,-8.895972316268141,0.014308447504292403,0.0,6335,798
Hindbrain (r1),Pharyngeal arch mesenchyme,6.244397900004898,0.2873392909657915,14.740261881654362,0.015767800483295753,0.0,6335,4598
Hindbrain (r1),Pharyngeal endoderm,5.400890523679974,-0.2542106380467164,-13.813089417423496,0.003989446735569029,0.0,6335,2292
Hindbrain (r1),Pharyngeal mesoderm,5.606878387394594,-0.3191150243671264,-18.334665671531894,0.0011211876941457824,0.0,6335,2901
Hindbrain (r1),Pre-placodal ectoderm,5.70604840762176,-0.1719250944932016,-9.052899359021099,0.015987980966418052,0.0,6335,3388
Hindbrain (r1),Prechordal plate,4.568640857549532,-0.19704763668630618,-1.3198451901966828,0.03402971038623756,0.9,6335,38
Hindbrain (r1),Presomitic mesoderm,6.295592651036643,0.057222608755614836,4.433342039386594,0.008064716014350978,0.09,6335,9179
Hindbrain (r1),Primordial germ cell,4.4567034166631805,-0.5351121095429532,-7.655562205553825,0.0006219683270849947,0.0,6335,141
Hindbrain (r1),Respiratory progenitor,5.24627116484846,-0.23444941222001278,-6.551789164881511,0.0035019418753153377,0.0,6335,531
Hindbrain (r1),Right ventricle,5.412128981773747,-0.3579189090321657,-12.114917524893409,0.006662416617418514,0.0,6335,991
Hindbrain (r1),Roof plate (anterior),6.236729992766435,0.5955673812258565,12.420784673787765,0.0014539649171536274,0.0,6335,384
Hindbrain (r1),Roof plate (posterior),6.167004848497171,0.16757432079043047,6.80715059277717,0.003373401903960464,0.0,6335,1395
Hindbrain (r1),Sclerotome,5.964796380908321,-0.11617268617505634,-9.229124015097193,0.00025946617595602197,0.0,6335,8569
Hindbrain (r1),Second heart field (anterior),5.3297954242000865,-0.29119036195681147,-6.7724515467325155,0.009212627672951106,0.0,6335,420
Hindbrain (r1),Second heart field (posterior),5.4388209606429525,-0.36359570675528136,-12.185310841549844,0.004102612120796793,0.0,6335,984
Hindbrain (r1),Somatic mesoderm,5.8957662939147255,-0.37633333783404527,-34.47478178910738,0.00838305174928094,0.0,6335,16744
Hindbrain (r1),Somatic mesoderm (anterior),5.3759808942817875,-0.21777014439880085,-4.011862650407557,0.02328358633442089,0.08,6335,274
Hindbrain (r1),Somatic mesoderm (tailbud),5.0113268387607866,0.1898909946435158,1.1181848735863404,0.021554278018252857,0.88,6335,23
Hindbrain (r1),Somatic motor neuron,5.494075575193072,0.32482024750628824,3.4066492864853752,0.008882062130612656,0.39,6335,134
Hindbrain (r1),Spinal cord (cervical),6.68801873948485,0.4751598246782196,35.50246041434959,0.00773844781285875,0.0,6335,8692
Hindbrain (r1),Spinal cord (lumbar),6.127859163672845,0.13697058785631278,6.560074172470244,0.0005517651144865926,0.01,6335,3152
Hindbrain (r1),Spinal cord (thoracic),6.522259150841866,0.2900357314031468,24.560283888143204,0.005173100379059093,0.0,6335,12419
Hindbrain (r1),Spinal cord interneuron progenitor,5.537660506311177,0.41323459368261667,3.821526528141811,0.017009656410804243,0.19,6335,65
Hindbrain (r1),Splanchnic mesoderm,5.941863801469338,-0.37522806165951295,-31.558142556811756,0.0060128586580112785,0.0,6335,15340
Hindbrain (r1),Splanchnic mesoderm (cardiopulmonary),5.461810878975669,-0.2647071994776269,-9.462082414102518,0.00817611317430758,0.0,6335,893
Hindbrain (r1),Splanchnic mesoderm (septum transversum),5.380591085664942,-0.3483282780903047,-9.919976996482367,0.012179003933891343,0.0,6335,701
Hindbrain (r1),Surface ectoderm (anterior),5.548763282345476,-0.2530091887170182,-11.965005707314242,0.02585511150557378,0.0,6335,2325
Hindbrain (r1),Surface ectoderm (posterior),5.214703298365301,-0.286998538951502,-5.815979424931942,0.008186985303302138,0.0,6335,224
Hindbrain (r1),Telencephalon (dorsal),6.675459339450818,0.5668090963656525,41.303347005037224,0.010399089824738082,0.0,6335,9362
Hindbrain (r1),Trigeminal branchiomotor neuron,5.265784667380598,0.5891436880002617,3.472878628867622,0.1109462221152607,0.17,6335,27
Hindbrain (r1),Trigeminal placode,5.781582285409658,-0.09462597928659555,-4.640802769592817,0.015995884561590963,0.4,6335,1875
Hindbrain (r1),Trigeminal sensory neuron,5.270339021051107,-0.17667341071581313,-3.82435996113577,0.00991138158827905,0.62,6335,268
Hindbrain (r1),Trunk neural crest,5.7399394219119495,0.01179142210483608,-0.1375201500568779,0.00368475872908497,0.48,6335,917
Hindbrain (r1),Vagal neural crest,6.000714871723744,0.1039830472602669,4.902022025922022,0.0014275601616345484,0.0,6335,1902
Hindbrain (r1),Visceral motor neuron,5.3537259902477805,0.1455997459339189,2.5136234785202567,0.04901184905303739,0.95,6335,140
Hindbrain (r1),Yolk sac endothelial cell,4.936615798229125,-0.20883613690280978,-1.8123904343142028,0.010582926087179062,0.48,6335,60
Hindbrain (r2-r4),Hindbrain (r2-r4),8.999999999998424,5.921189464667502e-15,5.920137836933333e-05,2.1877742438129393e-28,1.0,7748,7748
Hindbrain (r2-r4),Hindbrain (r5-r8),7.20715232568179,0.939722193169283,65.16219453057404,0.016317013849288062,0.0,7748,5781
Hindbrain (r2-r4),Hindgut,5.2314384709655535,-0.32503160468877024,-13.300860671972522,0.0130565768252219,0.0,7748,1110
Hindbrain (r2-r4),Hypaxial myogenic progenitor,4.404558317951272,-0.4395378310114615,-2.942335932158967,0.0019591957283794626,0.15,6035,23
Hindbrain (r2-r4),Hypothalamus,6.490010364272666,0.5306809867397408,29.48473450827606,0.013737173875230697,0.0,7748,2956
Hindbrain (r2-r4),Inflow tract,5.469188029811474,-0.4195300045840951,-17.230287220432803,0.008569041224802577,0.0,7748,1444
Hindbrain (r2-r4),Intermediate mesoderm (nephrogenic),6.124142010605368,0.0014228541361796705,-0.22535985157455615,0.006838478966524211,0.22,7748,2580
Hindbrain (r2-r4),Juxtacardiac field,5.422133502246797,-0.36641452691837184,-12.738274616514927,0.0035776502514738772,0.0,7748,965
Hindbrain (r2-r4),Left ventricle,5.447946157342243,-0.37161848240632595,-16.054164392441955,0.009083021364623467,0.0,7748,1359
Hindbrain (r2-r4),Megakaryocyte,4.6041111869622044,-0.43300807548621173,-3.514455784802717,0.010102971063030404,0.03,7748,58
Hindbrain (r2-r4),Midbrain,6.771280473003727,0.6099397734796321,45.78805721981073,0.030694499829114597,0.0,7748,7099
Hindbrain (r2-r4),Midbrain neuron,6.004157378393363,0.3610983809599902,7.0183161076067515,0.014301756420439547,0.0,7748,353
Hindbrain (r2-r4),Midgut,5.247117775477505,-0.35584258291511794,-16.377079979523426,0.019359140656279084,0.0,7748,2242
Hindbrain (r2-r4),Myotome,4.920057150963632,-0.14710022703367334,-1.7374342572709354,0.01691682118713833,1.0,7748,65
Hindbrain (r2-r4),Nascent somite,6.216264700769378,0.16066839207195768,8.30848521828544,0.005138453199455685,0.0,7748,2502
Hindbrain (r2-r4),Notochord,5.394725428415488,-0.2250295769077096,-7.284783575968514,0.010802876189067851,0.0,7748,749
Hindbrain (r2-r4),Olfactory placode,5.726317198254591,-0.11916238661419569,-5.584235623034051,0.008124697195730158,0.08,7748,1680
Hindbrain (r2-r4),Otic placode,5.716394741501833,-0.12388773555392636,-5.20600163107899,0.017277274636649458,0.35,7748,1357
Hindbrain (r2-r4),Outflow tract,5.443994121245731,-0.3156906651065065,-9.549512606213428,0.011315369396389642,0.0,7748,586
Hindbrain (r2-r4),Periocular mesoderm,5.23050946319561,-0.28272806784757254,-8.140178568379588,0.01005466365399085,0.0,7748,798
Hindbrain (r2-r4),Pharyngeal arch mesenchyme,6.218285814617933,0.19996873476891017,11.34337980964415,0.015622917178131523,0.0,7748,4598
Hindbrain (r2-r4),Pharyngeal endoderm,5.468253819825691,-0.2450387250572721,-13.720221842689059,0.0018535638629328006,0.0,7748,2292
Hindbrain (r2-r4),Pharyngeal mesoderm,5.654755802612726,-0.3302779033198246,-19.08884894606463,0.0010646493226637494,0.0,7748,2901
Hindbrain (r2-r4),Pre-placodal ectoderm,5.7477311964881155,-0.19103233368790326,-10.62012120765586,0.007596366670629205,0.0,7748,3388
Hindbrain (r2-r4),Prechordal plate,4.667351126466034,-0.15828735005997205,-1.0428893013144869,0.060541385564062966,0.4,7748,38
Hindbrain (r2-r4),Presomitic mesoderm,6.4263556831658235,0.12931532594705195,9.928554609955661,0.002866438207932327,0.0,7748,9179
Hindbrain (r2-r4),Primordial germ cell,4.458931242748854,-0.6032800516572019,-8.740503444971667,0.003116003982343991,0.0,7748,141
Hindbrain (r2-r4),Respiratory progenitor,5.289262824744946,-0.2517337509484688,-7.054594927703339,0.0008544970840320355,0.0,7748,531
Hindbrain (r2-r4),Right ventricle,5.483719039334499,-0.3487715758318064,-12.920043059849762,0.00559283865363833,0.0,7748,991
Hindbrain (r2-r4),Roof plate (anterior),6.121213781895097,0.42215547224170474,8.901470224388822,0.0027009909825450227,0.0,7748,384
Hindbrain (r2-r4),Roof plate (posterior),6.512589036313396,0.45276333308244315,19.176754966998853,0.0128894327276038,0.0,7748,1395
Hindbrain (r2-r4),Sclerotome,6.039134457851318,-0.10064219738869618,-8.558958725489461,0.0006574546750113838,0.0,7748,8569
Hindbrain (r2-r4),Second heart field (anterior),5.389475038567013,-0.28930035866878406,-7.1332003439601905,0.00908473597749667,0.0,7748,420
Hindbrain (r2-r4),Second heart field (posterior),5.480249620782093,-0.38322623661577726,-14.19933718250173,0.006257202655008706,0.0,7748,984
Hindbrain (r2-r4),Somatic mesoderm,5.962416427622295,-0.3692150088151722,-32.434750619231146,0.00847822804266008,0.0,7748,16744
Hindbrain (r2-r4),Somatic mesoderm (anterior),5.434347346915485,-0.21234346651330416,-4.46850549884524,0.023133626911746908,0.04,7748,274
Hindbrain (r2-r4),Somatic mesoderm (tailbud),5.11210645753464,0.22461270802669966,1.3423405701205038,0.012131775282033595,0.56,7748,23
Hindbrain (r2-r4),Somatic motor neuron,5.608922685448533,0.4066778012482217,4.889070681749785,0.0160566342956386,0.35,7748,134
Hindbrain (r2-r4),Spinal cord (cervical),7.004950816594916,0.7323577638818296,60.09957091370848,0.01023849136516734,0.0,7748,8692
Hindbrain (r2-r4),Spinal cord (lumbar),6.253487964088037,0.2039805686902,10.766189756752496,0.0002965472124333693,0.0,7748,3152
Hindbrain (r2-r4),Spinal cord (thoracic),6.6902832064996645,0.39857979631335755,35.69655624079357,0.003720473397237851,0.0,7748,12419
Hindbrain (r2-r4),Spinal cord interneuron progenitor,5.986651856714341,0.7910936240963021,7.550023075981325,0.027177798297558696,0.0,7748,65
Hindbrain (r2-r4),Splanchnic mesoderm,6.025476188584581,-0.3511617235418652,-33.127229031060445,0.005758444098012485,0.0,7748,15340
Hindbrain (r2-r4),Splanchnic mesoderm (cardiopulmonary),5.483503623901977,-0.30270079065761024,-10.286684528940249,0.012752660106629649,0.0,7748,893
Hindbrain (r2-r4),Splanchnic mesoderm (septum transversum),5.413517689705002,-0.3790873734166791,-12.067855122854581,0.01229790600015531,0.0,7748,701
Hindbrain (r2-r4),Surface ectoderm (anterior),5.592363042994379,-0.2709014871149356,-12.736841092429202,0.01555097527028705,0.0,7748,2325
Hindbrain (r2-r4),Surface ectoderm (posterior),5.214029157347546,-0.3415876639993103,-6.207688244048494,0.00838873710080882,0.0,7748,224
Hindbrain (r2-r4),Telencephalon (dorsal),6.544600695091155,0.37716707401710625,29.572759229433345,0.014968487905365027,0.0,7748,9362
Hindbrain (r2-r4),Trigeminal branchiomotor neuron,5.5921589182753335,0.854632615091608,5.6591851003772105,0.05234844821812154,0.24,7748,27
Hindbrain (r2-r4),Trigeminal placode,5.854649203479369,-0.0795662801330943,-4.11633418581671,0.008127729104941209,0.82,7748,1875
Hindbrain (r2-r4),Trigeminal sensory neuron,5.383627723292993,-0.11341517015408294,-2.3879912500313103,0.0018477837990544409,0.46,7748,268
Hindbrain (r2-r4),Trunk neural crest,5.827024450504088,0.038708862620213814,1.9889746767605134,0.007005607210471188,0.48,7748,917
Hindbrain (r2-r4),Vagal neural crest,6.256189644881332,0.30306957054338596,15.02444955060203,0.007132092266035489,0.0,7748,1902
Hindbrain (r2-r4),Visceral motor neuron,5.5968318463146085,0.33315119646099295,5.19540710340181,0.03596349820670844,0.69,7748,140
Hindbrain (r2-r4),Yolk sac endothelial cell,4.946379074620079,-0.2757555077804425,-2.6658773268467777,0.0011493736560704737,0.07,7748,60
Hindbrain (r5-r8),Hindbrain (r5-r8),8.99999999999435,-4.736951571734001e-15,-4.736236450303334e-05,2.2824375524394607e-28,1.0,5781,5781
Hindbrain (r5-r8),Hindgut,5.193588718996625,-0.37476256986054296,-15.09129487299735,0.01043497591656705,0.0,5781,1110
Hindbrain (r5-r8),Hypaxial myogenic progenitor,4.410195660332953,-0.45572006227959516,-2.621525867366058,0.0029394558631378616,0.09,4922,23
Hindbrain (r5-r8),Hypothalamus,6.323238547400691,0.3501847903193962,17.082012404675794,0.008185131418267988,0.0,5781,2956
Hindbrain (r5-r8),Inflow tract,5.502623620312183,-0.39931315193531464,-16.60015579672807,0.007232046980949009,0.0,5781,1444
Hindbrain (r5-r8),Intermediate mesoderm (nephrogenic),6.159313218805278,0.022372719963579257,0.9990811528867286,0.0013115772698411013,0.69,5781,2580
Hindbrain (r5-r8),Juxtacardiac field,5.407733843607166,-0.39292055615401544,-13.420254750535348,0.0013992044017519954,0.0,5781,965
Hindbrain (r5-r8),Left ventricle,5.447524508275144,-0.3840530021492654,-15.922864870920998,0.019949228435393943,0.0,5781,1359
Hindbrain (r5-r8),Megakaryocyte,4.530156275008875,-0.5263087409354249,-4.354360391370224,0.026601564195845695,0.0,5781,58
Hindbrain (r5-r8),Midbrain,6.575198632365669,0.40080339969421647,24.26901934509489,0.014429766889977519,0.0,5781,7099
Hindbrain (r5-r8),Midbrain neuron,5.895038607031772,0.23317530826676455,4.2260026268062125,0.019790806939958553,0.0,5781,353
Hindbrain (r5-r8),Midgut,5.212093606052967,-0.4043616219640865,-18.84946069409591,0.020917068275986182,0.0,5781,2242
Hindbrain (r5-r8),Myotome,4.814607663702877,-0.26774822004162474,-2.5971988431747173,0.014677010727107235,0.38,5781,65
Hindbrain (r5-r8),Nascent somite,6.259964361783321,0.19017043620811722,9.307534957656907,0.0057893453404553345,0.0,5781,2502
Hindbrain (r5-r8),Notochord,5.386648955700028,-0.2503919535622859,-7.807859983933404,0.005606125841353979,0.0,5781,749
Hindbrain (r5-r8),Olfactory placode,5.713596485433414,-0.1476662582123082,-6.517221663137544,0.01244072869346501,0.01,5781,1680
Hindbrain (r5-r8),Otic placode,5.669314889680916,-0.18310035714581238,-7.907253832961488,0.011089484210599259,0.01,5781,1357
Hindbrain (r5-r8),Outflow tract,5.428836668261283,-0.34413052352904394,-10.747423554801587,0.00729283882717528,0.0,5781,586
Hindbrain (r5-r8),Periocular mesoderm,5.188561404774622,-0.3346411168366732,-10.719242429543703,0.026230225703526795,0.0,5781,798
Hindbrain (r5-r8),Pharyngeal arch mesenchyme,6.058283102319332,0.026613375416311886,-0.647003885882507,0.027727615607370245,0.0,5781,4598
Hindbrain (r5-r8),Pharyngeal endoderm,5.442430518783451,-0.2874304915413986,-14.947172914297711,0.003171583134020923,0.0,5781,2292
Hindbrain (r5-r8),Pharyngeal mesoderm,5.641727694010528,-0.3556052016696354,-20.340151446642658,0.0018731468479475908,0.0,5781,2901
Hindbrain (r5-r8),Pre-placodal ectoderm,5.7068770869844885,-0.24512454332377795,-13.249300698179281,0.01749771580152543,0.0,5781,3388
Hindbrain (r5-r8),Prechordal plate,4.673708214860347,-0.1492536615517682,-0.7998571490361943,0.09020941639867736,0.38,5781,38
Hindbrain (r5-r8),Presomitic mesoderm,6.506251466826373,0.19569232366577705,15.906843994674398,0.0025862692802873333,0.0,5781,9179
Hindbrain (r5-r8),Primordial germ cell,4.466233353765035,-0.6022139798030132,-9.433764537364603,0.010330370405699802,0.0,5781,141
Hindbrain (r5-r8),Respiratory progenitor,5.257510525665087,-0.2942110681980443,-8.066344589095095,0.0011865286703848289,0.0,5781,531
Hindbrain (r5-r8),Right ventricle,5.487101020781651,-0.35537554350823414,-12.62206844499543,0.0025708111145399323,0.0,5781,991
Hindbrain (r5-r8),Roof plate (anterior),5.829524455350192,0.11411168220689956,2.078940699841119,0.00908067652093143,0.79,5781,384
Hindbrain (r5-r8),Roof plate (posterior),6.689013042621859,0.6192992779711656,24.680552757856546,0.013791552240095211,0.0,5781,1395
Hindbrain (r5-r8),Sclerotome,6.090189904099476,-0.06352757095544052,-5.099369733675779,0.0016558980618999303,0.37,5781,8569
Hindbrain (r5-r8),Second heart field (anterior),5.362505046637047,-0.33016747971919447,-7.475757474103692,0.00833321730354553,0.0,5781,420
Hindbrain (r5-r8),Second heart field (posterior),5.487613990885346,-0.3884098254800333,-13.465791475033791,0.000512122842307341,0.0,5781,984
Hindbrain (r5-r8),Somatic mesoderm,5.987863585781788,-0.3583183933958658,-32.01027224320867,0.005238346264399105,0.0,5781,16744
Hindbrain (r5-r8),Somatic mesoderm (anterior),5.44830104941854,-0.21876982603169845,-4.135129408788825,0.013424812900998725,0.06,5781,274
Hindbrain (r5-r8),Somatic mesoderm (tailbud),5.070067833477606,0.1577547565054124,0.9895277322627387,0.006523559908904323,0.61,5781,23
Hindbrain (r5-r8),Somatic motor neuron,5.810902790712547,0.5819616993454254,9.19123696058561,0.10128621632024873,0.55,5781,134
Hindbrain (r5-r8),Spinal cord (cervical),7.7479197930350026,1.46308641825683,100.08695658633634,0.03531645364474146,0.0,5781,8692
Hindbrain (r5-r8),Spinal cord (lumbar),6.373838864663036,0.30722555425408693,16.85046224138232,0.005996175212002892,0.0,5781,3152
Hindbrain (r5-r8),Spinal cord (thoracic),6.950800666413859,0.6453789187760073,50.60593415282937,0.011529062644965433,0.0,5781,12419
Hindbrain (r5-r8),Spinal cord interneuron progenitor,5.962633692775424,0.7667778644915414,7.285506183746082,0.00508941476491871,0.01,5781,65
Hindbrain (r5-r8),Splanchnic mesoderm,6.073480597681265,-0.31699752242627116,-23.85542493897698,0.0020615417799682433,0.0,5781,15340
Hindbrain (r5-r8),Splanchnic mesoderm (cardiopulmonary),5.500866533963893,-0.29958756744208276,-11.36866043663599,0.009582647267143968,0.0,5781,893
Hindbrain (r5-r8),Splanchnic mesoderm (septum transversum),5.433377161809179,-0.37079761712585074,-11.207356537820301,0.01316710402725593,0.0,5781,701
Hindbrain (r5-r8),Surface ectoderm (anterior),5.545836678390199,-0.32994170803887,-17.0363451515672,0.011917307270018471,0.0,5781,2325
Hindbrain (r5-r8),Surface ectoderm (posterior),5.216235994763177,-0.3483088333096189,-6.342468096724666,0.007582515427780413,0.0,5781,224
Hindbrain (r5-r8),Telencephalon (dorsal),6.403572451491141,0.22183084622512292,14.94328730797372,0.015261197799580755,0.0,5781,9362
Hindbrain (r5-r8),Trigeminal branchiomotor neuron,5.431765830315251,0.6531004378389141,3.3313618749124516,0.19241509484948538,0.14,5781,27
Hindbrain (r5-r8),Trigeminal placode,5.805279432462782,-0.14266861721519053,-5.980361373405345,0.015889021165279155,0.39,5781,1875
Hindbrain (r5-r8),Trigeminal sensory neuron,5.358399147697255,-0.15932259771098956,-4.561191381414512,0.03814419697746529,0.7,5781,268
Hindbrain (r5-r8),Trunk neural crest,6.052669759623339,0.2514491497351716,8.467205053482756,0.004035570005287059,0.0,5781,917
Hindbrain (r5-r8),Vagal neural crest,6.5581562371386495,0.5891354262941372,27.499357686803506,0.008421127563806818,0.0,5781,1902
Hindbrain (r5-r8),Visceral motor neuron,6.117984583364557,0.8220913760317051,11.299195959995972,0.01287392855465716,0.01,5781,140
Hindbrain (r5-r8),Yolk sac endothelial cell,4.945165061104729,-0.28563661662740625,-2.7356525907646616,0.01634979258590475,0.52,5781,60
Hindgut,Hindgut,8.999999999990493,4.144832625267251e-15,4.1432869063733344e-05,3.607723873210761e-28,1.0,1110,1110
Hindgut,Hypaxial myogenic progenitor,3.6296275523470825,-0.48703978421642136,-2.6581098137736134,0.011506185483967594,0.08,819,23
Hindgut,Hypothalamus,5.088807152642615,-0.17233366583359042,-6.212576014788116,0.014848859040591068,0.0,1110,2956
Hindgut,Inflow tract,5.1106292171617005,-0.08224190146047199,-2.812479488570473,0.0014320890188733578,0.14,1110,1444
Hindgut,Intermediate mesoderm (nephrogenic),5.1068579886907015,-0.316631907139094,-10.66063057303637,0.007022525002165646,0.0,1110,2580
Hindgut,Juxtacardiac field,5.075146839942152,-0.014429330272585675,-0.46070469630801253,0.02317257903134725,0.83,1110,965
Hindgut,Left ventricle,5.249478500283064,0.13081172012216058,4.924888565289052,0.013825939562014122,0.93,1110,1359
Hindgut,Megakaryocyte,4.3313656470119675,-0.0399307168573421,-0.5721096815714927,0.004682548139419051,0.81,1110,58
Hindgut,Midbrain,5.134429058121383,-0.3272930403923147,-13.207933653039445,0.00929917978147662,0.0,1110,7099
Hindgut,Midbrain neuron,4.798038005067919,-0.14039307973968493,-3.4939078511007398,0.03221030670237939,0.84,1110,353
Hindgut,Midgut,6.502186309225198,1.5989068050258515,52.148315119944755,7.825137978715948e-05,0.0,1110,2242
Hindgut,Myotome,4.48304205576487,0.10767742079634424,0.28469950387097737,0.07864119966393933,0.62,1110,65
Hindgut,Nascent somite,5.191417057488944,-0.16232131638046354,-5.567317840371747,0.013559464887684674,0.19,1110,2502
Hindgut,Notochord,5.0766251648508245,0.15239506506877998,4.239907710828081,0.033876536543756594,0.37,1110,749
Hindgut,Olfactory placode,4.934865963507076,-0.21334900165199736,-6.695523744156046,0.0138563879770007,0.0,1110,1680
Hindgut,Otic placode,4.863909383373396,-0.2777292006097172,-8.420561751708401,0.007774268951609983,0.0,1110,1357
Hindgut,Outflow tract,5.023647199918808,-0.03718268131044707,-1.1032365152140822,0.017932513033562445,0.01,1110,586
Hindgut,Periocular mesoderm,5.107872280058451,0.30287028452913517,7.810425951278046,0.005891639755104517,0.0,1110,798
Hindgut,Pharyngeal arch mesenchyme,4.940030546781147,-0.37830025283551755,-13.36721472407976,0.02076482269815782,0.0,1110,4598
Hindgut,Pharyngeal endoderm,5.583686634336844,0.5646987103820109,17.85797646907227,0.05513763841234943,0.0,1110,2292
Hindgut,Pharyngeal mesoderm,5.190873605032322,-0.0948215628014859,-3.4105975490556237,0.006853685234805578,0.97,1110,2901
Hindgut,Pre-placodal ectoderm,4.939690545437711,-0.2982008763143688,-9.919099467470913,0.013187723055900512,0.0,1110,3388
Hindgut,Prechordal plate,4.148806324305432,0.01586600657596504,0.9200368739795645,0.2027849917505115,0.36,1110,38
Hindgut,Presomitic mesoderm,5.3354663597587715,-0.2647555105622992,-11.139206172536817,0.0004950459524775096,0.0,1110,9179
Hindgut,Primordial germ cell,4.356556051223652,-0.0045814255288445516,-0.08570567132650249,0.02875510176355607,0.37,1110,141
Hindgut,Respiratory progenitor,5.624847250806454,0.7824543898773338,20.13273510501143,0.008130657279880063,0.0,1110,531
Hindgut,Right ventricle,5.023774934827309,-0.10943596631601664,-3.3080623628793226,0.03130892545568389,0.0,1110,991
Hindgut,Roof plate (anterior),4.8029819915212375,-0.1968883177437585,-4.446354185852967,0.03278465712830947,0.57,1110,384
Hindgut,Roof plate (posterior),5.019988455214175,-0.3396550890165709,-10.541088107425672,0.003770579043956624,0.0,1110,1395
Hindgut,Sclerotome,5.258707684021086,-0.18295265590413715,-8.210729056558652,0.0056511708196829965,0.0,1110,8569
Hindgut,Second heart field (anterior),4.927771626653871,-0.05368384828818288,-1.0598810396796325,0.016382868636116182,0.91,1110,420
Hindgut,Second heart field (posterior),4.997063490925647,-0.16493996715829726,-4.382337234251273,0.00022853073515773193,0.0,1110,984
Hindgut,Somatic mesoderm,5.139869000371957,-0.4956987771699251,-18.97851085925899,0.01896911685906271,0.0,1110,16744
Hindgut,Somatic mesoderm (anterior),4.758804415872151,-0.1913764113599683,-4.3541487275052,0.044949608712989246,0.57,1110,274
Hindgut,Somatic mesoderm (tailbud),4.116263559384628,-0.08547772395443982,-0.5148321475166372,0.07666036508350849,0.41,1110,23
Hindgut,Somatic motor neuron,4.516939170945892,-0.011992856572730304,-0.6234277571790444,0.015514429959232494,0.88,1110,134
Hindgut,Spinal cord (cervical),5.2066117051055985,-0.3675359464131806,-14.819085141307001,0.009534571812966535,0.0,1110,8692
Hindgut,Spinal cord (lumbar),5.040550254404429,-0.31326283778710035,-11.001873122010785,0.02412759696693212,0.0,1110,3152
Hindgut,Spinal cord (thoracic),5.2385932478546495,-0.3566053222343273,-14.382660688033042,0.011579266356072416,0.0,1110,12419
Hindgut,Spinal cord interneuron progenitor,4.3842061462765285,-0.11118853767316421,0.2652746294166663,0.1791414505174856,0.33,1110,65
Hindgut,Splanchnic mesoderm,5.258220194010003,-0.41897889446216724,-16.569379816441185,0.002991869140245871,0.0,1110,15340
Hindgut,Splanchnic mesoderm (cardiopulmonary),4.874697571980966,-0.2138559266431225,-5.83092903801769,0.016078411703667955,0.0,1110,893
Hindgut,Splanchnic mesoderm (septum transversum),4.989423863706505,-0.1029599222838599,-2.7192120653570044,0.008962086626585597,0.36,1110,701
Hindgut,Surface ectoderm (anterior),4.980640616241146,-0.18241378872638028,-6.12149935259849,0.010952534412543789,0.0,1110,2325
Hindgut,Surface ectoderm (posterior),4.766638044942309,-0.09529739649009272,-2.1598319100987466,0.01665820337965479,0.52,1110,224
Hindgut,Telencephalon (dorsal),5.10949583478549,-0.3585820188223498,-13.322501807315662,0.0028849321919223424,0.0,1110,9362
Hindgut,Trigeminal branchiomotor neuron,3.7219932359610497,-0.31061674140140666,-1.304288852763906,0.07349820159816478,0.84,1110,27
Hindgut,Trigeminal placode,4.93939953117483,-0.29588281109190034,-9.660057877787246,0.011704082464680637,0.0,1110,1875
Hindgut,Trigeminal sensory neuron,4.579369980639926,-0.2315541591385871,-3.523587844137961,0.032360792936318314,0.54,1110,268
Hindgut,Trunk neural crest,4.804476180455668,-0.28217561617920683,-7.811148111905033,0.018230262088257204,0.0,1110,917
Hindgut,Vagal neural crest,4.945750256061648,-0.3138158327444591,-9.867235885604847,0.006478855045573606,0.0,1110,1902
Hindgut,Visceral motor neuron,4.64884601301572,0.06826287441580951,-0.18317994549204544,0.057802788304647315,0.31,1110,140
Hindgut,Yolk sac endothelial cell,4.500703569004357,-0.01843687770282883,-0.34111556795912534,0.018040826610994303,0.88,1110,60
Hypaxial myogenic progenitor,Hypaxial myogenic progenitor,9.00000000009116,-1.1546319456101628e-14,-0.00011544600027104044,7.730836871165916e-29,1.0,23,23
Hypaxial myogenic progenitor,Hypothalamus,4.210509674778626,-0.36113840364898886,-2.144497615430334,0.00010368587020745839,0.27,23,2366
Hypaxial myogenic progenitor,Inflow tract,4.400581253801654,-0.09227359648629907,0.024194698526122993,0.07046713902692102,0.41,23,988
Hypaxial myogenic progenitor,Intermediate mesoderm (nephrogenic),4.560197202792404,-0.14753624844911606,-0.039472792852214056,0.16344818216379697,0.23,23,1917
Hypaxial myogenic progenitor,Juxtacardiac field,4.386293887817546,0.046559320922122005,0.22654410772644107,0.0007740831148583552,0.79,23,533
Hypaxial myogenic progenitor,Left ventricle,4.214269696502011,-0.17598934982068482,-1.5120642338778125,0.024180316086058477,0.75,23,723
Hypaxial myogenic progenitor,Megakaryocyte,4.183774772788201,0.4970910353535911,0.032894621974603244,1.08392661183454,0.08,23,52
Hypaxial myogenic progenitor,Midbrain,4.3772183270994125,-0.40080401114459585,-2.4622927716516623,0.0034374794168765543,0.22,23,5446
Hypaxial myogenic progenitor,Midbrain neuron,4.434769314586013,0.017941780802171348,-0.18900746420564815,0.019405038189642194,0.77,23,331
Hypaxial myogenic progenitor,Midgut,4.159947465062401,-0.039875890490929766,-0.11943141918629649,0.003108559195085924,0.99,23,1587
Hypaxial myogenic progenitor,Myotome,4.055524418233123,0.25512284761215187,1.0245100468049078,0.002732973316517484,0.59,23,60
Hypaxial myogenic progenitor,Nascent somite,4.548141700822992,-0.11940822495698589,-0.8576427953263003,0.00961191804667663,0.86,23,1828
Hypaxial myogenic progenitor,Notochord,4.1062532532277105,-0.07081381694379996,-0.3318380433340633,0.002281563667929958,0.75,23,550
Hypaxial myogenic progenitor,Olfactory placode,4.555542060367151,0.13228800857516454,0.5594747381638385,0.004711621525674877,0.69,23,1394
Hypaxial myogenic progenitor,Otic placode,4.302875515644489,-0.1041830241850965,-0.7026426792751925,0.012505520174594394,0.98,23,1043
Hypaxial myogenic progenitor,Outflow tract,4.409427645666682,0.06710679599657654,0.802935271092057,0.05076541218608335,0.88,23,434
Hypaxial myogenic progenitor,Periocular mesoderm,4.042049750061695,-0.018415115693628525,0.010494840143854704,0.0017849192323388628,0.93,23,618
Hypaxial myogenic progenitor,Pharyngeal arch mesenchyme,4.468303454257793,-0.1900840404703099,-0.8399218644115148,0.01583710078316366,0.48,23,4205
Hypaxial myogenic progenitor,Pharyngeal endoderm,4.150994344664049,-0.15757316457790438,-1.0907002969773063,1.9014395755020614e-06,0.64,23,1867
Hypaxial myogenic progenitor,Pharyngeal mesoderm,4.561350064401593,0.013356394371183189,0.8499315809105383,0.10976186909132293,0.43,23,2200
Hypaxial myogenic progenitor,Pre-placodal ectoderm,4.541106992796477,0.03965284732320562,0.42680840518871005,0.010900203653738602,0.97,23,2682
Hypaxial myogenic progenitor,Prechordal plate,2.6805220974364543,-0.5653770394746673,0.2052266259142581,1.9373329444555671,0.05,23,19
Hypaxial myogenic progenitor,Presomitic mesoderm,4.6806938463072765,-0.22091102417979203,-1.4045315583951679,0.00035003076468973664,0.4,23,6352
Hypaxial myogenic progenitor,Primordial germ cell,3.558798193023389,-0.14452202566703454,-0.8537810900337338,0.0018213641062110888,0.73,23,89
Hypaxial myogenic progenitor,Respiratory progenitor,3.655401267882257,-0.4467601138623727,-2.244440623108053,0.058190888556357845,0.03,23,403
Hypaxial myogenic progenitor,Right ventricle,4.417339576399218,-0.006125995450454891,0.5244912233964547,0.056876544984930444,0.64,23,672
Hypaxial myogenic progenitor,Roof plate (anterior),4.427417375340092,-0.014224519649894685,-0.016210267114460747,0.0009508937469990094,0.95,23,362
Hypaxial myogenic progenitor,Roof plate (posterior),4.425516271046035,-0.22874278397064263,-1.3800856772485963,0.0012036848736770055,0.45,23,951
Hypaxial myogenic progenitor,Sclerotome,5.556023122921725,0.8293579529296382,5.879461150968508,0.013724323373468598,0.0,23,6807
Hypaxial myogenic progenitor,Second heart field (anterior),4.041783565169212,-0.25235721118298926,-0.7672768684003983,0.12572354501522012,1.0,23,293
Hypaxial myogenic progenitor,Second heart field (posterior),4.505623687390481,0.10172233473075964,1.1667776114630262,0.08418182204219594,0.8,23,537
Hypaxial myogenic progenitor,Somatic mesoderm,5.398593763791588,0.51154001528305,3.4737831709202007,0.003991004433457956,0.13,23,13088
Hypaxial myogenic progenitor,Somatic mesoderm (anterior),4.725992791180204,0.45354310619883265,3.3718881185020093,0.16775653981310568,0.68,23,242
Hypaxial myogenic progenitor,Somatic mesoderm (tailbud),3.5836938199482,0.10477344360323748,0.2455198679989427,0.005306052260883582,0.8,23,18
Hypaxial myogenic progenitor,Somatic motor neuron,3.7195775502008273,-0.4263665311923919,-2.0220515610502554,0.04221848094038556,0.1,23,133
Hypaxial myogenic progenitor,Spinal cord (cervical),4.3553919316862295,-0.507592101043485,-3.0602158276277738,0.013362603950336829,0.04,23,6443
Hypaxial myogenic progenitor,Spinal cord (lumbar),4.594385112355086,-0.18632125776247266,-1.2844005136327379,0.011668404325399217,0.73,23,3092
Hypaxial myogenic progenitor,Spinal cord (thoracic),4.588048406479533,-0.2954263641920254,-1.949526346506575,0.009820884750195439,0.42,23,8940
Hypaxial myogenic progenitor,Spinal cord interneuron progenitor,3.5507330294581045,-0.3956402471416509,-1.7542845707519572,0.020507960155600954,0.26,23,62
Hypaxial myogenic progenitor,Splanchnic mesoderm,5.359815300258077,0.3751440704501299,2.8017626363246912,0.032228108804851614,0.36,23,10564
Hypaxial myogenic progenitor,Splanchnic mesoderm (cardiopulmonary),4.555945876929993,0.17302099654501157,1.712849270349994,0.09654617155019153,0.96,23,725
Hypaxial myogenic progenitor,Splanchnic mesoderm (septum transversum),4.453041114662414,0.10466069148970725,1.3159829632196627,0.10826684692844654,0.7,23,538
Hypaxial myogenic progenitor,Surface ectoderm (anterior),4.358189112993577,-0.09676755646818958,-0.5246741697251269,0.0009777030359611695,0.72,23,1929
Hypaxial myogenic progenitor,Surface ectoderm (posterior),4.0693824923522355,-0.025299695169054948,0.3424661002174159,0.05298949702590256,0.63,23,127
Hypaxial myogenic progenitor,Telencephalon (dorsal),4.502709501738871,-0.28015301072686327,-1.4973698371786666,0.001824260684111061,0.46,23,6711
Hypaxial myogenic progenitor,Trigeminal branchiomotor neuron,3.3315692578022382,-0.12894412997554938,-0.43298344321366733,0.0007356956304854288,0.75,23,26
Hypaxial myogenic progenitor,Trigeminal placode,4.457957166860677,-0.0766866921470708,-0.049641153997004084,0.028181813965049558,0.69,23,1509
Hypaxial myogenic progenitor,Trigeminal sensory neuron,4.285435973175992,0.012522530449340152,-0.09179688292490769,0.0063351031188696874,0.83,23,252
Hypaxial myogenic progenitor,Trunk neural crest,4.584221752666015,0.10000021793084457,0.41375383716222375,0.0037097570739345084,0.69,23,859
Hypaxial myogenic progenitor,Vagal neural crest,4.458050647565941,-0.12100034010762917,-0.5015042993156856,0.010677592906691829,0.7,23,1588
Hypaxial myogenic progenitor,Visceral motor neuron,4.017272782202392,-0.1010368662716663,-1.065039926321461,0.060941943737007516,0.87,23,138
Hypaxial myogenic progenitor,Yolk sac endothelial cell,3.667264034521239,-0.18778741757433948,-0.7920614994420608,0.035845656926785166,0.93,23,45
Hypothalamus,Hypothalamus,8.999999999961553,2.960594732333751e-15,2.960289741800784e-05,1.4620222110096086e-28,1.0,2956,2956
Hypothalamus,Inflow tract,5.233485763747702,-0.36128249888148883,-14.236340740110487,0.0030533464716465974,0.0,2956,1444
Hypothalamus,Intermediate mesoderm (nephrogenic),5.727668349535329,-0.1025630808967426,-4.688121461049772,0.004426404938172937,0.08,2956,2580
Hypothalamus,Juxtacardiac field,5.223852309112874,-0.2753185042859103,-8.587355340523036,0.002315041664557673,0.0,2956,965
Hypothalamus,Left ventricle,5.244512855982763,-0.2796666519100552,-10.197579122639143,0.0004433200959199186,0.0,2956,1359
Hypothalamus,Megakaryocyte,4.53597579540125,-0.21287665209262277,-2.186983279748934,0.01619512943053352,0.46,2956,58
Hypothalamus,Midbrain,6.921451035093284,1.0550190221083158,55.52079652684974,0.04698752562722123,0.0,2956,7099
Hypothalamus,Midbrain neuron,5.6384029048929,0.2873186421524026,6.090732889509208,0.00575810710515921,0.01,2956,353
Hypothalamus,Midgut,5.14816679003679,-0.16124240345886096,-7.367533442062105,0.013801252032632374,0.3,2956,2242
Hypothalamus,Myotome,4.569000042523633,-0.210682658567392,-1.8434465179091537,0.00136078000630146,0.41,2956,65
Hypothalamus,Nascent somite,5.853900162502306,0.09327744996509087,3.611861810543719,0.00988238413839768,0.7,2956,2502
Hypothalamus,Notochord,5.317773598376795,-0.010058034788387479,-0.4129219135746471,0.013809021293869185,0.1,2956,749
Hypothalamus,Olfactory placode,5.270721039885328,-0.28196129545973775,-10.476803582808154,0.02210440676332443,0.0,2956,1680
Hypothalamus,Otic placode,5.237318087223503,-0.30741358403564895,-11.473278545967238,0.008701770748099307,0.0,2956,1357
Hypothalamus,Outflow tract,5.188189755932114,-0.2794710048004581,-6.993224605429383,0.0012944756720848342,0.0,2956,586
Hypothalamus,Periocular mesoderm,5.015101241805393,-0.20114114319168408,-5.800135226725445,0.020282424668640338,0.08,2956,798
Hypothalamus,Pharyngeal arch mesenchyme,5.578022133599366,-0.14505049831944264,-8.540088166943915,0.03634599165213051,0.21,2956,4598
Hypothalamus,Pharyngeal endoderm,5.337925429137357,-0.08495399232870504,-3.811430916292588,0.0032748557623280597,0.22,2956,2292
Hypothalamus,Pharyngeal mesoderm,5.410879442578907,-0.2802716486873707,-12.341651042018166,0.0003309708591868076,0.0,2956,2901
Hypothalamus,Pre-placodal ectoderm,5.284768296020663,-0.35893374975830533,-15.534948495295332,0.007280399644634547,0.0,2956,3388
Hypothalamus,Prechordal plate,4.5160684764528645,-0.014572690629756893,0.01367867457794536,0.0619846190270298,1.0,2956,38
Hypothalamus,Presomitic mesoderm,5.937525202799648,-0.06599094938478227,-4.608544319758692,0.0058073394765861255,0.29,2956,9179
Hypothalamus,Primordial germ cell,4.369878868963582,-0.3929292970394623,-5.394268522627276,0.02016867721190805,0.0,2956,141
Hypothalamus,Respiratory progenitor,5.18224067103552,-0.06183134458479689,-1.8093402808275012,0.003730274285488188,0.89,2956,531
Hypothalamus,Right ventricle,5.263955550505355,-0.2707551667172865,-8.712105094270717,0.0021466136982151197,0.0,2956,991
Hypothalamus,Roof plate (anterior),5.3690798221539,-0.041782946499722286,-1.4388627542358998,0.010471786028820963,0.57,2956,384
Hypothalamus,Roof plate (posterior),5.61822486532514,-0.14383302108470186,-5.321176479439397,0.0029006344506989955,0.0,2956,1395
Hypothalamus,Sclerotome,5.803135418376101,-0.0452685369575887,-2.497204513992272,0.003782102067203694,0.36,2956,8569
Hypothalamus,Second heart field (anterior),5.1607597002644034,-0.22434552520818318,-5.467594571145639,0.0030778593772455886,0.0,2956,420
Hypothalamus,Second heart field (posterior),5.2380886075964534,-0.3324968557214554,-10.657631583746312,0.004290058608906598,0.0,2956,984
Hypothalamus,Somatic mesoderm,5.589387332808193,-0.44813195445161674,-30.905387727382063,0.0017287454280707423,0.0,2956,16744
Hypothalamus,Somatic mesoderm (anterior),5.143657058919682,-0.20825221219304316,-3.5745776552014195,0.010118634155911691,0.04,2956,274
Hypothalamus,Somatic mesoderm (tailbud),4.872286591654802,0.280167290857183,1.450213396698505,0.0569127836510525,0.62,2956,23
Hypothalamus,Somatic motor neuron,5.367957169696024,0.4361996748088526,3.6746317511424444,0.06792919026991417,0.12,2956,134
Hypothalamus,Spinal cord (cervical),6.325696668514662,0.3443044082870855,20.332953582306764,0.007693401655691678,0.0,2956,8692
Hypothalamus,Spinal cord (lumbar),5.8017009342987045,0.04305107376700127,2.3911907794593636,0.0016910291365403946,1.0,2956,3152
Hypothalamus,Spinal cord (thoracic),6.1533772599072565,0.15462459256726438,8.909689715310089,0.002330140034321914,0.0,2956,12419
Hypothalamus,Spinal cord interneuron progenitor,5.169809757828218,0.2576289177533659,1.9599944027943155,0.005353704176024103,0.28,2956,65
Hypothalamus,Splanchnic mesoderm,5.606494194086735,-0.47549684486520327,-28.70641509175576,0.0018546840292381613,0.0,2956,15340
Hypothalamus,Splanchnic mesoderm (cardiopulmonary),5.232463762234004,-0.2614416818408645,-8.79185670006977,0.002333241595578136,0.0,2956,893
Hypothalamus,Splanchnic mesoderm (septum transversum),5.201829196317077,-0.2957181914460791,-8.506773743435625,0.0014848694099427234,0.0,2956,701
Hypothalamus,Surface ectoderm (anterior),5.233584200994033,-0.3336762337072822,-13.03276564427413,0.004052569026880233,0.0,2956,2325
Hypothalamus,Surface ectoderm (posterior),5.013720201399868,-0.2495960090618571,-4.283215488956513,0.0024354357422695203,0.0,2956,224
Hypothalamus,Telencephalon (dorsal),7.024239910478873,1.1512108058822672,63.02241061079557,0.030859271366644934,0.0,2956,9362
Hypothalamus,Trigeminal branchiomotor neuron,4.844801213556867,0.4130404291103937,2.1789621799030088,0.04956500067934248,0.24,2956,27
Hypothalamus,Trigeminal placode,5.304923655246346,-0.3364966637847194,-13.30913811815325,0.0273260227750933,0.0,2956,1875
Hypothalamus,Trigeminal sensory neuron,4.929371541351686,-0.2848567889939397,-5.1388732499138845,0.00864567408941306,0.0,2956,268
Hypothalamus,Trunk neural crest,5.343395109510456,-0.15211880277946044,-5.080886821671465,0.005539919413212025,0.32,2956,917
Hypothalamus,Vagal neural crest,5.473825619690989,-0.1902420049135453,-7.525399199887331,0.0030904850581773154,0.0,2956,1902
Hypothalamus,Visceral motor neuron,5.429604532444007,0.44167664532503653,5.214666126903796,0.016874851599143523,0.11,2956,140
Hypothalamus,Yolk sac endothelial cell,4.845220746522904,-0.08524686276154607,-0.9203079859285457,0.03580193536154945,0.29,2956,60
Inflow tract,Inflow tract,8.999999999961581,-1.5987211554602254e-14,-0.00015984382719876666,4.1020767071492614e-29,1.0,1444,1444
Inflow tract,Intermediate mesoderm (nephrogenic),5.516473302523143,-0.24392632877676204,-9.998942366193434,0.012653189791745414,0.0,1444,2580
Inflow tract,Juxtacardiac field,6.010655017671425,0.5843175312796841,19.015617441893685,0.02842975829315057,0.0,1444,965
Inflow tract,Left ventricle,6.063855231467943,0.6117160172190322,22.48191019426932,0.037753838879189636,0.0,1444,1359
Inflow tract,Megakaryocyte,4.560952831633074,-0.11389132906638604,-0.666771787956713,0.0732642686617219,0.16,1444,58
Inflow tract,Midbrain,5.370834818283438,-0.42533241866646093,-18.938095550600806,0.008932073416042829,0.0,1444,7099
Inflow tract,Midbrain neuron,5.050043315663267,-0.23316703211606526,-4.3888349993107365,0.014280978007066538,0.02,1444,353
Inflow tract,Midgut,5.1875338950020815,-0.05367022809018529,-2.2128629409452807,0.005708401792421628,0.47,1444,2242
Inflow tract,Myotome,4.715266257640129,0.0035972906100125712,0.0644945498116251,0.0010397125909875156,0.94,1444,65
Inflow tract,Nascent somite,5.499408640207471,-0.18964302377409403,-6.887556752178244,0.0069621669010193135,0.0,1444,2502
Inflow tract,Notochord,5.228930483629382,-0.028161566967318603,-0.7644138488301034,0.002553607584755305,0.54,1444,749
Inflow tract,Olfactory placode,5.440453918370678,-0.04344067628115796,-1.4251340874768603,0.0010172919869575003,0.61,1444,1680
Inflow tract,Otic placode,5.387903157072924,-0.08634084502961326,-2.6779690519445865,0.0026223405498541448,0.35,1444,1357
Inflow tract,Outflow tract,5.735870505744546,0.34241720146036175,9.21173859663302,0.012490144830069848,0.0,1444,586
Inflow tract,Periocular mesoderm,5.173692220259558,0.02822399744599302,0.9549572430237467,0.010068906108809558,0.4,1444,798
Inflow tract,Pharyngeal arch mesenchyme,5.412363473354225,-0.24087148737654948,-9.632098637920764,0.0023388180483526195,0.0,1444,4598
Inflow tract,Pharyngeal endoderm,5.264601324549424,-0.08621797891294165,-3.309933018264328,0.001492716332079729,0.09,1444,2292
Inflow tract,Pharyngeal mesoderm,5.93241739324619,0.3135711822753435,12.24794732384006,0.012181573831229246,0.0,1444,2901
Inflow tract,Pre-placodal ectoderm,5.489319316667642,-0.08408177774868146,-3.084502995499219,0.003666407425878616,0.42,1444,3388
Inflow tract,Prechordal plate,4.320687238475498,-0.14707927414821556,-1.069521020937623,0.05566993886721558,0.85,1444,38
Inflow tract,Presomitic mesoderm,5.608798023254046,-0.32451475389512235,-14.999935398700137,0.006230055010068211,0.0,1444,9179
Inflow tract,Primordial germ cell,4.624094568589322,-0.06800237416080268,-1.0625115837149748,0.0013010172935014027,0.45,1444,141
Inflow tract,Respiratory progenitor,5.054288395461142,-0.11693238278429578,-2.9240802233155576,0.004622154227918746,0.26,1444,531
Inflow tract,Right ventricle,5.968615921970745,0.4997172415390259,15.394979929180737,0.029686568688436187,0.0,1444,991
Inflow tract,Roof plate (anterior),5.123745885526469,-0.20893128988762535,-3.7118643313231776,0.004823977816105141,0.0,1444,384
Inflow tract,Roof plate (posterior),5.444149364672664,-0.24671239506459752,-9.046199498622808,0.009206184775262015,0.0,1444,1395
Inflow tract,Sclerotome,5.65088829460554,-0.1230707513219409,-5.832227328088304,0.002684757498948847,0.0,1444,8569
Inflow tract,Second heart field (anterior),5.74156734558282,0.42712428901672944,10.388319374786873,0.04742339308178488,0.0,1444,420
Inflow tract,Second heart field (posterior),6.71319556060812,1.20914116593085,38.46831148724177,0.0017869755043039678,0.0,1444,984
Inflow tract,Somatic mesoderm,6.346017675199817,0.37757254583003724,17.339562908021993,0.006618309056273799,0.0,1444,16744
Inflow tract,Somatic mesoderm (anterior),5.525134003028721,0.23651841860172182,4.728367290230093,0.03216375323114432,0.26,1444,274
Inflow tract,Somatic mesoderm (tailbud),4.316216552925609,-0.21958695189410063,-1.3532591975070438,0.010300333799432628,0.51,1444,23
Inflow tract,Somatic motor neuron,4.761390353935824,-0.09131957636282806,-1.9322755373120302,0.0240599616708349,0.76,1444,134
Inflow tract,Spinal cord (cervical),5.5012909133349135,-0.4070456675270222,-18.140729076967673,0.009809771138136116,0.0,1444,8692
Inflow tract,Spinal cord (lumbar),5.392997666816389,-0.29544398090813545,-9.829349565104728,0.008498441489709931,0.0,1444,3152
Inflow tract,Spinal cord (thoracic),5.546443696765234,-0.3800029439474028,-16.952588907117427,0.015568652736136472,0.0,1444,12419
Inflow tract,Spinal cord interneuron progenitor,4.7147682386660295,-0.10658295251762902,-0.841106272693232,0.022327054052033307,0.45,1444,65
Inflow tract,Splanchnic mesoderm,6.101975518149806,0.08807811953192453,4.331048441787008,0.002486474962005645,0.15,1444,15340
Inflow tract,Splanchnic mesoderm (cardiopulmonary),5.840044443173116,0.42150765578604804,13.089089437312651,0.03266428486584981,0.0,1444,893
Inflow tract,Splanchnic mesoderm (septum transversum),6.506447608435528,1.0795640185360595,30.779699896169106,0.004249737566061497,0.0,1444,701
Inflow tract,Surface ectoderm (anterior),5.508945663753438,0.009938772072741445,0.28438787754868233,0.009057026902923496,0.18,1444,2325
Inflow tract,Surface ectoderm (posterior),5.261130470008493,0.07041702927737603,1.4134682854016105,0.010604200963236377,0.56,1444,224
Inflow tract,Telencephalon (dorsal),5.442446182123081,-0.36362714434392274,-15.405801778603442,0.01051015809223994,0.0,1444,9362
Inflow tract,Trigeminal branchiomotor neuron,4.235470415364666,-0.14122537329677712,-0.7816507161528982,0.010491223973590754,0.74,1444,27
Inflow tract,Trigeminal placode,5.493626284913719,-0.0714951606173478,-2.661152117212602,0.0043813396207446524,0.9,1444,1875
Inflow tract,Trigeminal sensory neuron,5.031040166426568,-0.10577385042130445,-1.4918899605673694,0.04284639783502536,0.01,1444,268
Inflow tract,Trunk neural crest,5.291348700555358,-0.13874109995695574,-3.5626951794420223,0.005437222331003702,0.08,1444,917
Inflow tract,Vagal neural crest,5.420268830272033,-0.17069301721969707,-6.119015274511611,0.008114552004553438,0.01,1444,1902
Inflow tract,Visceral motor neuron,4.758160109395957,-0.17320014331450176,-2.8587296247792255,0.016183663443894644,0.88,1444,140
Inflow tract,Yolk sac endothelial cell,5.115849805193488,0.2651716389470507,2.4836942727047897,0.02520706931940948,0.46,1444,60
Intermediate mesoderm (nephrogenic),Intermediate mesoderm (nephrogenic),9.000000000058522,-7.697546304067751e-15,-7.695769147886667e-05,6.3214053871710425e-28,1.0,2580,2580
Intermediate mesoderm (nephrogenic),Juxtacardiac field,5.439839756824466,-0.22006041229112347,-8.244515192048512,0.007727241665920437,0.0,2580,965
Intermediate mesoderm (nephrogenic),Left ventricle,5.4131997965115906,-0.2738144633777546,-10.958997085324441,0.007854781761810295,0.0,2580,1359
Intermediate mesoderm (nephrogenic),Megakaryocyte,4.634657735585013,-0.2711872357246244,-2.3499019036913538,0.030246244917831837,0.36,2580,58
Intermediate mesoderm (nephrogenic),Midbrain,5.968476639480184,-0.0620194548860414,-3.2861782717434824,0.008902964675204045,0.75,2580,7099
Intermediate mesoderm (nephrogenic),Midbrain neuron,5.520428995982481,0.007389399812040824,0.1736914007934032,0.0016829018414866025,0.93,2580,353
Intermediate mesoderm (nephrogenic),Midgut,5.1394263925508845,-0.3328464222707505,-13.773567639226497,0.022349291924276364,0.0,2580,2242
Intermediate mesoderm (nephrogenic),Myotome,4.996614098640971,0.0687473515246954,0.8312673375033075,0.020931811119942578,0.46,2580,65
Intermediate mesoderm (nephrogenic),Nascent somite,6.510599542918308,0.5845556886265818,27.873637207401202,0.005065889991408664,0.0,2580,2502
Intermediate mesoderm (nephrogenic),Notochord,5.3183068015715245,-0.17315936084315364,-5.530861910477121,0.008941159928358833,0.01,2580,749
Intermediate mesoderm (nephrogenic),Olfactory placode,5.642825751123169,-0.07227056857032348,-2.701509361124781,0.009615534812754645,0.72,2580,1680
Intermediate mesoderm (nephrogenic),Otic placode,5.555110677963256,-0.15715528551522398,-5.925146986000598,0.0023901231813712397,0.0,2580,1357
Intermediate mesoderm (nephrogenic),Outflow tract,5.492445241529661,-0.13848831701480643,-4.015970744253672,0.013024079844679617,0.18,2580,586
Intermediate mesoderm (nephrogenic),Periocular mesoderm,5.264225924961443,-0.11474034775778819,-3.3351231991085206,7.505593111595005e-05,0.01,2580,798
Intermediate mesoderm (nephrogenic),Pharyngeal arch mesenchyme,5.834911112937564,-0.05357775604523951,-3.0977933890855467,0.010092679340515602,0.02,2580,4598
Intermediate mesoderm (nephrogenic),Pharyngeal endoderm,5.350854323357077,-0.23257089774012277,-11.018932815219658,0.018988732672292022,0.0,2580,2292
Intermediate mesoderm (nephrogenic),Pharyngeal mesoderm,5.7576935666826765,-0.09778283724987968,-4.8977100421082325,0.0007084013030282002,0.0,2580,2901
Intermediate mesoderm (nephrogenic),Pre-placodal ectoderm,5.637107133790736,-0.17041197906910513,-8.056081292223068,0.0038680960203357597,0.0,2580,3388
Intermediate mesoderm (nephrogenic),Prechordal plate,4.41682870119218,-0.276869856060076,-1.852852224878238,0.03534405147185205,0.58,2580,38
Intermediate mesoderm (nephrogenic),Presomitic mesoderm,6.539443670272964,0.37212654472500883,23.307681505020863,0.0027622753750535284,0.0,2580,9179
Intermediate mesoderm (nephrogenic),Primordial germ cell,4.498788290297606,-0.4290362932291787,-6.09205022803096,0.009472428163312075,0.0,2580,141
Intermediate mesoderm (nephrogenic),Respiratory progenitor,5.143831315040649,-0.2691357119730518,-7.181677183789247,0.01562762158841003,0.0,2580,531
Intermediate mesoderm (nephrogenic),Right ventricle,5.536337002618292,-0.16501536775938064,-5.468596314965723,0.022326228267624232,0.08,2580,991
Intermediate mesoderm (nephrogenic),Roof plate (anterior),5.566942971025675,-0.003927812105176898,-0.10136238224925859,0.0031598038668480192,0.89,2580,384
Intermediate mesoderm (nephrogenic),Roof plate (posterior),5.966191571503365,0.03668607819324965,1.5689511296549832,0.001101254646310016,0.97,2580,1395
Intermediate mesoderm (nephrogenic),Sclerotome,6.333423914263051,0.32310661279501635,18.373449989326303,0.0026990038989191476,0.0,2580,8569
Intermediate mesoderm (nephrogenic),Second heart field (anterior),5.441464087319197,-0.10774549852265795,-2.5762678039106652,0.02497896039549873,0.17,2580,420
Intermediate mesoderm (nephrogenic),Second heart field (posterior),5.63487356689459,-0.09826586355052846,-3.5494992744009806,0.009576360898140204,0.88,2580,984
Intermediate mesoderm (nephrogenic),Somatic mesoderm,6.865988983162276,0.6639767845422183,40.44903487034135,0.003962500068281139,0.0,2580,16744
Intermediate mesoderm (nephrogenic),Somatic mesoderm (anterior),5.66352549226387,0.1411186141315858,3.088827711406832,0.015285664700417192,0.9,2580,274
Intermediate mesoderm (nephrogenic),Somatic mesoderm (tailbud),5.595200869748819,0.8309277148363948,4.9121526289364565,0.03395475572752809,0.0,2580,23
Intermediate mesoderm (nephrogenic),Somatic motor neuron,5.2008126494614695,0.09297618853629193,-0.037742121898754144,0.04295847518257048,0.77,2580,134
Intermediate mesoderm (nephrogenic),Spinal cord (cervical),6.200944528121009,0.05891737332518746,3.2044303707302784,0.002318664191680099,0.41,2580,8692
Intermediate mesoderm (nephrogenic),Spinal cord (lumbar),6.0889893150587,0.16708415661079692,6.816644230146843,0.000504956261697199,0.0,2580,3152
Intermediate mesoderm (nephrogenic),Spinal cord (thoracic),6.314064354843336,0.1515956178389756,8.662551278027296,0.006531629672396812,0.0,2580,12419
Intermediate mesoderm (nephrogenic),Spinal cord interneuron progenitor,5.161526657369033,0.0988164078752763,0.4528561421470845,0.03301503951291704,0.3,2580,65
Intermediate mesoderm (nephrogenic),Splanchnic mesoderm,6.807103590306654,0.560318432794865,30.87106929528045,0.004345550249658831,0.0,2580,15340
Intermediate mesoderm (nephrogenic),Splanchnic mesoderm (cardiopulmonary),5.669459453716146,0.009880484314917837,0.08474661332929845,0.008722778301846368,0.27,2580,893
Intermediate mesoderm (nephrogenic),Splanchnic mesoderm (septum transversum),5.465686854350554,-0.1976603126077864,-5.945020362366879,0.003987155521777592,0.0,2580,701
Intermediate mesoderm (nephrogenic),Surface ectoderm (anterior),5.53262172283766,-0.1964914272267085,-8.423408787727269,0.0022947284815883723,0.0,2580,2325
Intermediate mesoderm (nephrogenic),Surface ectoderm (posterior),5.212824928074682,-0.2124133879991549,-3.916121821529775,0.017426144085100792,0.13,2580,224
Intermediate mesoderm (nephrogenic),Telencephalon (dorsal),5.949209471473192,-0.0879642978224983,-5.41402570035578,0.014404250934126735,0.51,2580,9362
Intermediate mesoderm (nephrogenic),Trigeminal branchiomotor neuron,4.267293334004838,-0.2919968475587096,-1.8735693214411862,0.011554395489106691,0.76,2580,27
Intermediate mesoderm (nephrogenic),Trigeminal placode,5.707984173916329,-0.09809861242847233,-3.6496870748836447,0.0024507625087015856,0.03,2580,1875
Intermediate mesoderm (nephrogenic),Trigeminal sensory neuron,5.212425339289638,-0.16264283024504986,-2.804969617987714,0.0025605615670013944,0.08,2580,268
Intermediate mesoderm (nephrogenic),Trunk neural crest,5.68713941077215,0.028003892959491534,1.475522563926339,0.009238753192453528,0.13,2580,917
Intermediate mesoderm (nephrogenic),Vagal neural crest,5.846027494424732,0.019949309084918987,0.9859688559826303,0.0027713260476475167,0.22,2580,1902
Intermediate mesoderm (nephrogenic),Visceral motor neuron,4.985147140522067,-0.1600754025064468,-2.001101813260999,0.00456882039509166,0.69,2580,140
Intermediate mesoderm (nephrogenic),Yolk sac endothelial cell,5.069548160526343,-0.011494271303690814,-0.5741438422911768,0.04852190915565037,0.99,2580,60
Juxtacardiac field,Juxtacardiac field,9.000000000140524,2.1316282072803006e-14,0.0002131171817951333,3.1554436208840472e-30,1.0,965,965
Juxtacardiac field,Left ventricle,6.417791418296897,1.0635690914343991,37.22476203970436,0.025840470383863827,0.0,965,1359
Juxtacardiac field,Megakaryocyte,4.4855413485375415,-0.09313265717456994,-0.7811130694948877,0.025371357726604676,0.56,965,58
Juxtacardiac field,Midbrain,5.313152842837218,-0.38196273320422325,-13.377693519504534,0.001267775350519521,0.0,965,7099
Juxtacardiac field,Midbrain neuron,4.926974192766052,-0.2570844213182604,-4.543870433900298,0.006527270963416052,0.01,965,353
Juxtacardiac field,Midgut,5.238895864984186,0.10488166612606875,3.6611521680782424,0.02236750756957983,0.04,965,2242
Juxtacardiac field,Myotome,4.750544128445021,0.1523343684835418,1.319306008806142,0.0007780477017313857,0.31,965,65
Juxtacardiac field,Nascent somite,5.440626021991421,-0.14967016834370592,-4.80681396367694,0.0037237032498804584,0.02,965,2502
Juxtacardiac field,Notochord,5.201523147439034,0.0466094102647728,1.22513700931463,0.001771997749330336,0.77,965,749
Juxtacardiac field,Olfactory placode,5.198766482122693,-0.18377079898774737,-5.017421190773006,0.007163203395308853,0.0,965,1680
Juxtacardiac field,Otic placode,5.21783172244652,-0.1562745987195937,-4.581957994437601,0.007193605613600695,0.12,965,1357
Juxtacardiac field,Outflow tract,6.266978447061747,0.9700162292703579,23.94813308794348,0.07671416586006619,0.0,965,586
Juxtacardiac field,Periocular mesoderm,5.375459600802991,0.33191037898614795,8.399392886798985,0.02719428818917937,0.01,965,798
Juxtacardiac field,Pharyngeal arch mesenchyme,5.199245079916342,-0.3564872110348902,-10.552209509745367,0.0010458586134982988,0.0,965,4598
Juxtacardiac field,Pharyngeal endoderm,5.283770527186047,0.03441868309614874,1.09307241903689,0.0004430583762963595,0.74,965,2292
Juxtacardiac field,Pharyngeal mesoderm,6.176005051897424,0.6508911613788841,24.719436462497626,0.014825066596344708,0.0,965,2901
Juxtacardiac field,Pre-placodal ectoderm,5.276073894328383,-0.1959166581256362,-5.76428544104012,0.001549869032661443,0.0,965,3388
Juxtacardiac field,Prechordal plate,4.426522506896689,0.07214138139563812,1.1180455025436444,0.10885488855974573,0.99,965,38
Juxtacardiac field,Presomitic mesoderm,5.5358289054228536,-0.2981407182762033,-12.945176508871745,0.004809544441645774,0.0,965,9179
Juxtacardiac field,Primordial germ cell,4.368022561480982,-0.22226043674185605,-3.374380946288681,0.024346803057438023,0.61,965,141
Juxtacardiac field,Respiratory progenitor,5.112216320095205,0.03763209330484359,0.840306183183046,0.01002181675458258,0.04,965,531
Juxtacardiac field,Right ventricle,6.549351682457079,1.1778268308115678,34.46436597358717,0.1216545682507493,0.0,965,991
Juxtacardiac field,Roof plate (anterior),5.026850891007878,-0.20926917753421867,-4.283640937061299,0.012415946322367751,0.37,965,384
Juxtacardiac field,Roof plate (posterior),5.2709762591552405,-0.32311971800564204,-9.691689479933425,0.0050664643960611905,0.0,965,1395
Juxtacardiac field,Sclerotome,5.6016661243180765,-0.07571522994264097,-3.3286434293837743,0.004199641164591321,0.25,965,8569
Juxtacardiac field,Second heart field (anterior),6.0963861422873125,0.8851474188201459,19.92894959190451,0.2740697193924327,0.0,965,420
Juxtacardiac field,Second heart field (posterior),5.916589064775981,0.5173421261161595,14.321542221551553,0.00612665812530653,0.0,965,984
Juxtacardiac field,Somatic mesoderm,5.997962242441293,0.12883752361429637,4.884482266623597,0.012185151776749743,0.1,965,16744
Juxtacardiac field,Somatic mesoderm (anterior),5.113314969399096,-0.08282389940518649,-1.2395090867377154,0.008203499994520715,0.8,965,274
Juxtacardiac field,Somatic mesoderm (tailbud),4.3755256234502165,-0.050400179315786,-0.3277780719239045,0.08159462028382994,0.25,965,23
Juxtacardiac field,Somatic motor neuron,4.698692055224973,-0.08028314927538993,-1.7918090377665743,0.027412830737301254,0.8,965,134
Juxtacardiac field,Spinal cord (cervical),5.418784329422059,-0.3930808696660287,-15.219741701401245,0.0001096327579055606,0.0,965,8692
Juxtacardiac field,Spinal cord (lumbar),5.300443613849367,-0.28529644027741846,-8.062702427189453,0.0011709974064904997,0.0,965,3152
Juxtacardiac field,Spinal cord (thoracic),5.468793098962794,-0.3597291361567863,-13.537247861993487,0.002199762127616611,0.0,965,12419
Juxtacardiac field,Spinal cord interneuron progenitor,4.64469782575386,-0.09513443185725438,-0.8603976272724988,0.007174975654377009,0.96,965,65
Juxtacardiac field,Splanchnic mesoderm,5.7579756188115105,-0.1570324099403327,-5.854278403371214,1.1895391935411193e-05,0.0,965,15340
Juxtacardiac field,Splanchnic mesoderm (cardiopulmonary),5.432541458148093,0.11341733590085094,2.8732072556312676,0.06410084564240418,0.52,965,893
Juxtacardiac field,Splanchnic mesoderm (septum transversum),5.696793833374606,0.36714011185423995,8.723362721174114,0.014694357513713976,0.0,965,701
Juxtacardiac field,Surface ectoderm (anterior),5.306981793116027,-0.08995713290994771,-2.7232279045813286,0.0006673632142937789,0.07,965,2325
Juxtacardiac field,Surface ectoderm (posterior),5.036330001859642,-0.059735337474317696,-1.121917231030339,0.004245206829661051,1.0,965,224
Juxtacardiac field,Telencephalon (dorsal),5.332210141802235,-0.37393535736163247,-13.048496431307024,8.67180778365298e-06,0.0,965,9362
Juxtacardiac field,Trigeminal branchiomotor neuron,4.179877954285437,-0.0749575388349674,-0.4989584225886296,0.08779092555883541,0.93,965,27
Juxtacardiac field,Trigeminal placode,5.230767259077234,-0.24177381782547128,-6.639305691413255,0.004982279928129234,0.0,965,1875
Juxtacardiac field,Trigeminal sensory neuron,4.903472549665924,-0.13296495109448792,-2.268289543452067,0.006140712905579292,0.52,965,268
Juxtacardiac field,Trunk neural crest,5.095811971250207,-0.23169415117106476,-5.285733303049803,0.022016623305170718,0.03,965,917
Juxtacardiac field,Vagal neural crest,5.236537572384434,-0.25538664390958604,-7.067300380438172,0.0032586403573431773,0.0,965,1902
Juxtacardiac field,Visceral motor neuron,4.762481376356093,-0.04382546056950757,-1.2223187860615392,0.03180145674079336,0.55,965,140
Juxtacardiac field,Yolk sac endothelial cell,4.9224679691554245,0.16534294699622443,1.522493485874674,0.017292928724050704,0.9,965,60
Left ventricle,Left ventricle,8.999999999881801,-7.105427357601002e-15,-7.104018198476666e-05,2.4928004604983973e-28,1.0,1359,1359
Left ventricle,Megakaryocyte,4.6298574347280255,0.0329025182353598,0.49018371556196794,0.010021518209943906,0.59,1359,58
Left ventricle,Midbrain,5.338624710736813,-0.3859279014650096,-14.402605813953064,0.009918751742216564,0.0,1359,7099
Left ventricle,Midbrain neuron,4.972724288136951,-0.23962048849637854,-4.441713932831221,0.002308565623127826,0.0,1359,353
Left ventricle,Midgut,5.382091636709955,0.21295132605875366,7.636820291341309,0.01003634153291758,0.0,1359,2242
Left ventricle,Myotome,4.7053275042076885,0.07347697662142139,0.5490331808048045,0.009928175026628938,0.8,1359,65
Left ventricle,Nascent somite,5.418477530146801,-0.19918131532010394,-6.773961223149311,0.015762684198490372,0.0,1359,2502
Left ventricle,Notochord,5.306089269079619,0.12133646908550233,3.2626616959759738,0.006720373496702248,0.31,1359,749
Left ventricle,Olfactory placode,5.187656301847642,-0.2203837488483081,-6.529072865246593,0.0007521954800523788,0.0,1359,1680
Left ventricle,Otic placode,5.154549025154363,-0.2512811093630578,-7.808155709837695,4.1967120105275273e-05,0.0,1359,1357
Left ventricle,Outflow tract,5.8792837103973845,0.5570956274968525,15.521019962061146,0.01172766411973785,0.0,1359,586
Left ventricle,Periocular mesoderm,5.489421109682016,0.41479482634546255,11.209581556494863,0.0018582928401550155,0.0,1359,798
Left ventricle,Pharyngeal arch mesenchyme,5.239004501202655,-0.34311659405201816,-13.175972333368948,0.009095057914460074,0.0,1359,4598
Left ventricle,Pharyngeal endoderm,5.410397077873398,0.13083091177460351,4.931574296251887,0.0003842336869043373,0.0,1359,2292
Left ventricle,Pharyngeal mesoderm,5.931493268885688,0.37972549223101026,15.776054438198154,0.007950558794244136,0.0,1359,2901
Left ventricle,Pre-placodal ectoderm,5.264681438131451,-0.23669057596267962,-7.87800996546639,0.0018672878252881985,0.0,1359,3388
Left ventricle,Prechordal plate,4.399244701454696,0.02205403685753134,0.6901916261785388,0.1066698216616323,0.33,1359,38
Left ventricle,Presomitic mesoderm,5.495525691830498,-0.3654384145435359,-17.031941709332237,0.0018092308882681962,0.0,1359,9179
Left ventricle,Primordial germ cell,4.522401106312849,-0.09770907589367568,-1.4511786906334139,0.01528797368210863,0.51,1359,141
Left ventricle,Respiratory progenitor,5.228208612598984,0.12598615378449077,3.537329924921577,0.011626816091924366,0.58,1359,531
Left ventricle,Right ventricle,6.1134689695620805,0.7194911826328667,23.217180175339294,0.036800778741503753,0.0,1359,991
Left ventricle,Roof plate (anterior),4.97665866534804,-0.29512462277026863,-6.407357646790442,0.023316944141184674,0.08,1359,384
Left ventricle,Roof plate (posterior),5.26853403490126,-0.35129342770700916,-11.778991266926402,0.007583343942681454,0.0,1359,1395
Left ventricle,Sclerotome,5.553399948144712,-0.15187116400625703,-6.184101774420536,0.022623373157399564,0.44,1359,8569
Left ventricle,Second heart field (anterior),5.658308463162108,0.41446366880768853,10.412651242212425,0.023395684075405696,0.0,1359,420
Left ventricle,Second heart field (posterior),5.714306045926861,0.2853280922636259,10.107259069750372,0.034490995962988526,0.11,1359,984
Left ventricle,Somatic mesoderm,5.747668617119641,-0.1467717344865287,-7.241099049571371,0.002532038668967256,0.0,1359,16744
Left ventricle,Somatic mesoderm (anterior),5.103912096773636,-0.11145219419937973,-2.2266613032342035,0.00048576029336644584,0.14,1359,274
Left ventricle,Somatic mesoderm (tailbud),4.35998805163979,-0.10197307685030577,-0.6703776206006697,0.08295477597922851,0.15,1359,23
Left ventricle,Somatic motor neuron,4.6454680954328325,-0.15877938695333307,-2.1025773190096166,0.006295480438025339,0.75,1359,134
Left ventricle,Spinal cord (cervical),5.43285651061382,-0.4010929018654273,-16.44076562206374,0.020772394045562997,0.0,1359,8692
Left ventricle,Spinal cord (lumbar),5.276965243589376,-0.3407995303367368,-12.371413541784555,0.028393792424231568,0.0,1359,3152
Left ventricle,Spinal cord (thoracic),5.46797092308127,-0.3866856685416356,-16.302468525388417,0.021709872802758965,0.0,1359,12419
Left ventricle,Spinal cord interneuron progenitor,4.660251302347484,-0.10837769628981005,-0.8205613091380511,0.009387788101809194,0.97,1359,65
Left ventricle,Splanchnic mesoderm,5.637646957547776,-0.30234156196760065,-13.584518124152856,0.004655996753335665,0.0,1359,15340
Left ventricle,Splanchnic mesoderm (cardiopulmonary),5.281565271146648,-0.06940459360606759,-2.0294153066192586,0.007787737019620548,0.78,1359,893
Left ventricle,Splanchnic mesoderm (septum transversum),5.6695588775190116,0.3162582961818101,8.507804758901985,0.0038560354303464875,0.0,1359,701
Left ventricle,Surface ectoderm (anterior),5.243247926340637,-0.18477972928679698,-6.14359463610987,0.0033679437227767915,0.0,1359,2325
Left ventricle,Surface ectoderm (posterior),5.0006323803670965,-0.11700796564207305,-2.169646368737684,0.00044939216389111423,0.13,1359,224
Left ventricle,Telencephalon (dorsal),5.313789687206929,-0.4168552488439567,-18.315445487967263,0.005816734919784159,0.0,1359,9362
Left ventricle,Trigeminal branchiomotor neuron,4.155136383842216,-0.12238052037770493,-0.9714965127058205,0.052210451525186,0.84,1359,27
Left ventricle,Trigeminal placode,5.204911972887624,-0.2956833484570642,-9.564883754807235,0.0020616704504749124,0.0,1359,1875
Left ventricle,Trigeminal sensory neuron,4.8747641864162565,-0.1904176370352042,-3.523778414617549,0.014320679114856514,0.15,1359,268
Left ventricle,Trunk neural crest,5.075391212246586,-0.272015469122592,-7.185884204485383,0.0016618355581436706,0.0,1359,917
Left ventricle,Vagal neural crest,5.230435199092302,-0.2874356002099458,-9.618008424429782,0.0023753458429011387,0.0,1359,1902
Left ventricle,Visceral motor neuron,4.678843922728895,-0.16586472613869083,-1.8557231172509605,0.02493537205392579,0.64,1359,140
Left ventricle,Yolk sac endothelial cell,4.737627880463986,-0.04845683952215,-0.4100561462486065,0.007471866838434453,0.73,1359,60
Megakaryocyte,Megakaryocyte,9.000000000377247,5.921189464667501e-16,5.922766829676067e-06,1.304250029965406e-28,1.0,58,58
Megakaryocyte,Midbrain,4.580695256731304,-0.36063920484711137,-2.959419905324457,0.005614927583997585,0.08,58,7099
Megakaryocyte,Midbrain neuron,4.291090395182015,-0.15666274111003484,-1.5314951523887386,0.037204847320883506,0.71,58,353
Megakaryocyte,Midgut,4.486100782832588,0.07949198910127227,0.6228083947858956,0.02575007682210825,0.95,58,2242
Megakaryocyte,Myotome,3.4708062511639697,-0.38816396428594696,-1.5406466069690492,0.07961548677799238,0.52,58,65
Megakaryocyte,Nascent somite,4.53677078857137,-0.3168118328082959,-2.523417569182144,0.013516149248214947,0.02,58,2502
Megakaryocyte,Notochord,4.417788468566978,0.00394577145463811,0.3716008833401019,0.07278549029883404,0.18,58,749
Megakaryocyte,Olfactory placode,4.347091503904665,-0.2842886711182195,-2.1558815744646918,0.0299216972873204,0.56,58,1680
Megakaryocyte,Otic placode,4.412636048948219,-0.2241068084588441,-1.5521670317023941,0.04073541815406057,0.33,58,1357
Megakaryocyte,Outflow tract,4.497588974132185,-0.05076081669536503,-0.3974332155869031,0.0045208046850209755,0.96,58,586
Megakaryocyte,Periocular mesoderm,4.490053969576763,0.19279612367895696,1.4611974224667923,0.05208927645233841,0.98,58,798
Megakaryocyte,Pharyngeal arch mesenchyme,4.416948420607782,-0.3909254837384409,-3.195548074968036,0.0012808610174762864,0.01,58,4598
Megakaryocyte,Pharyngeal endoderm,4.612532081142825,0.10562288851667419,1.1351691706172915,0.014354043892001785,0.96,58,2292
Megakaryocyte,Pharyngeal mesoderm,4.559913716839561,-0.2059020923361882,-1.8161158940420936,0.006212967653231056,0.13,58,2901
Megakaryocyte,Pre-placodal ectoderm,4.372431813444818,-0.35948116611622954,-2.71821857798172,0.0037705998088248334,0.03,58,3388
Megakaryocyte,Prechordal plate,3.007773187570697,-0.5934471127983291,-1.239978264630721,1.3675342384204021,0.94,58,38
Megakaryocyte,Presomitic mesoderm,4.646077723607785,-0.44410203179853863,-3.768114984864214,0.02189803158006061,0.0,58,9179
Megakaryocyte,Primordial germ cell,4.150499859820946,0.3084578969623168,2.020090648204142,0.07703561160384206,0.34,58,141
Megakaryocyte,Respiratory progenitor,4.438714773196443,0.10527611209771592,0.6520765454786553,0.02640613000259707,0.99,58,531
Megakaryocyte,Right ventricle,4.521138818630728,-0.10316023582209184,-0.7216245778246,0.02920942230879544,0.54,58,991
Megakaryocyte,Roof plate (anterior),4.33394593798394,-0.1497329444345601,-1.2243603512505692,0.012286378463140688,0.63,58,384
Megakaryocyte,Roof plate (posterior),4.53233384191702,-0.32295502702300666,-2.646908272005129,0.016002454336346606,0.04,58,1395
Megakaryocyte,Sclerotome,4.555754128851178,-0.378454186998316,-3.3205211655381484,0.0019743567990609195,0.02,58,8569
Megakaryocyte,Second heart field (anterior),4.48840103497407,0.01312805239782063,0.1856223470881226,0.0020875002724878257,0.97,58,420
Megakaryocyte,Second heart field (posterior),4.475431984602733,-0.18658366027504472,-1.2495252003484776,0.03882580914234496,0.77,58,984
Megakaryocyte,Somatic mesoderm,4.870407113034019,-0.2471069974265987,-2.056418117257648,0.02197474809415207,0.34,58,16744
Megakaryocyte,Somatic mesoderm (anterior),4.347220698698433,-0.10373362893198212,-0.7068562347606568,0.013647856914544034,0.83,58,274
Megakaryocyte,Somatic mesoderm (tailbud),3.8584280460818463,0.1920467727260576,0.19779474177869663,0.1886234268050702,0.27,58,23
Megakaryocyte,Somatic motor neuron,4.146718005023155,0.12642745107236072,-0.39406268992307236,0.31323102414549475,0.2,58,134
Megakaryocyte,Spinal cord (cervical),4.569328797905546,-0.49513654243683486,-4.071880829073621,0.003448052379249609,0.0,58,8692
Megakaryocyte,Spinal cord (lumbar),4.546736119419737,-0.3058353408317365,-2.964063454631822,0.019230489356442344,0.35,58,3152
Megakaryocyte,Spinal cord (thoracic),4.618339468815071,-0.46279948445303926,-4.318388506636795,0.01605855981017223,0.0,58,12419
Megakaryocyte,Spinal cord interneuron progenitor,3.848565421342567,-0.15586729379076095,-0.8069919662338241,0.09518988508979864,0.83,58,65
Megakaryocyte,Splanchnic mesoderm,4.896205556132022,-0.2746366150391877,-2.5735887191912323,0.005452536609787615,0.2,58,15340
Megakaryocyte,Splanchnic mesoderm (cardiopulmonary),4.382471212102518,-0.20736782525553613,-1.5051804359604306,0.009820327270141248,0.36,58,893
Megakaryocyte,Splanchnic mesoderm (septum transversum),4.492752163604982,-0.08826424773914414,-0.5138505166781955,0.11306144025062581,0.83,58,701
Megakaryocyte,Surface ectoderm (anterior),4.407157276322136,-0.24158594408223966,-2.0643871737578103,0.0032270452052023764,0.11,58,2325
Megakaryocyte,Surface ectoderm (posterior),4.404447608836363,0.046947393594335494,0.3208577137080633,0.006830938906010372,0.83,58,224
Megakaryocyte,Telencephalon (dorsal),4.608703276101195,-0.3531041396391797,-2.8189048472216456,0.020683946718270403,0.1,58,9362
Megakaryocyte,Trigeminal branchiomotor neuron,3.296618190729408,-0.23328123664439282,-0.6599445437864434,0.16996864809453718,0.84,58,27
Megakaryocyte,Trigeminal placode,4.400448133421873,-0.3268284083496977,-2.4472500476762638,0.011708415798597431,0.03,58,1875
Megakaryocyte,Trigeminal sensory neuron,4.161586777118961,-0.1487168468554748,-0.9401344156420796,0.032067577128601144,0.92,58,268
Megakaryocyte,Trunk neural crest,4.454375403529239,-0.13879261807107449,-0.9829560311230418,0.027507417374838188,0.63,58,917
Megakaryocyte,Vagal neural crest,4.411315820549045,-0.34366348925039514,-2.538297159767936,0.022707497441041526,0.08,58,1902
Megakaryocyte,Visceral motor neuron,3.978440516621213,-0.10322607378605086,-0.8914056307521343,0.010713176142741896,0.92,58,140
Megakaryocyte,Yolk sac endothelial cell,4.041551508253622,0.027392830975885445,0.11369453406990315,0.08394732276672803,0.37,58,60
Midbrain,Midbrain,9.00000000000299,1.7763568394002505e-15,1.7762621811360293e-05,2.1141472259923116e-28,1.0,7099,7099
Midbrain,Midbrain neuron,6.76131634934977,1.2014879059975552,26.100221587156465,0.005914244921017275,0.0,7099,353
Midbrain,Midgut,5.166854475959741,-0.3421050141325071,-14.769861137284478,0.02215466462645231,0.0,7099,2242
Midbrain,Myotome,4.804464004026534,-0.16841575050655244,-1.6282818994699724,0.0012771415638710096,0.4,7099,65
Midbrain,Nascent somite,5.986197598668745,0.026150457473540573,1.3014331135399362,0.0015621287256910332,0.44,7099,2502
Midbrain,Notochord,5.312714139892218,-0.2165728316373293,-6.772909898518489,0.01410031421630862,0.02,7099,749
Midbrain,Olfactory placode,5.6653453394881685,-0.08760665153245976,-4.017423686333408,0.007680831603486864,0.29,7099,1680
Midbrain,Otic placode,5.555979513593866,-0.1885793960686062,-8.247029938849595,0.006228195882113778,0.0,7099,1357
Midbrain,Outflow tract,5.291201890578619,-0.37673813536048656,-10.085414303384935,0.005603239371637161,0.0,7099,586
Midbrain,Periocular mesoderm,5.144408544719447,-0.2736461490790812,-8.36609445119007,0.004652945234326229,0.0,7099,798
Midbrain,Pharyngeal arch mesenchyme,6.179889884905805,0.25359558035299273,13.104796542832766,0.01926571174882848,0.0,7099,4598
Midbrain,Pharyngeal endoderm,5.339472843071629,-0.28271992992237305,-14.15882366460243,0.006100260276422935,0.0,7099,2292
Midbrain,Pharyngeal mesoderm,5.547397992428839,-0.34502011674729793,-19.48195292429209,0.0029384062099748706,0.0,7099,2901
Midbrain,Pre-placodal ectoderm,5.622281822985336,-0.22186292780547134,-13.407090766327565,0.014640445261018677,0.0,7099,3388
Midbrain,Prechordal plate,4.591500612513401,-0.13010329279347518,-0.5197298216870886,0.11489286654984804,0.06,7099,38
Midbrain,Presomitic mesoderm,6.200659656534831,-0.003384433542531262,-0.5285519892797622,0.0017610001737638722,0.05,7099,9179
Midbrain,Primordial germ cell,4.3609753507494515,-0.5981988537723075,-7.694938845765525,0.019832301819210932,0.0,7099,141
Midbrain,Respiratory progenitor,5.196315794430123,-0.2461589257402649,-6.808270669575298,0.014922569942790096,0.0,7099,531
Midbrain,Right ventricle,5.369353904088128,-0.36788904715506376,-12.790165709189873,0.0034686607236422834,0.0,7099,991
Midbrain,Roof plate (anterior),5.94879328761266,0.336778946877162,6.319274132154535,0.013928367649441099,0.01,7099,384
Midbrain,Roof plate (posterior),6.03520825122886,0.07016402550081136,2.710936230409967,0.011028258830929118,0.04,7099,1395
Midbrain,Sclerotome,5.896584096776351,-0.1522862872953669,-11.862628341224237,0.0003003618061994643,0.0,7099,8569
Midbrain,Second heart field (anterior),5.272381319746594,-0.3171002945375199,-7.53579577794649,0.01489902579874132,0.0,7099,420
Midbrain,Second heart field (posterior),5.3959648238264455,-0.37475762259279194,-12.702696918106492,0.004278273463653329,0.0,7099,984
Midbrain,Somatic mesoderm,5.830384895269442,-0.40882559010963543,-37.94985053327826,0.005506403244349186,0.0,7099,16744
Midbrain,Somatic mesoderm (anterior),5.352834320669815,-0.20123901376402298,-4.070744750517005,0.02309933723792782,0.31,7099,274
Midbrain,Somatic mesoderm (tailbud),5.002622109921062,0.20032444135966485,1.026655260842521,0.04192119569372884,0.89,7099,23
Midbrain,Somatic motor neuron,5.368420239381538,0.2384814412732652,1.5292178826871634,0.044182051118407194,0.31,7099,134
Midbrain,Spinal cord (cervical),6.535525896895599,0.3567202198489481,25.857172827624435,0.009957485291186749,0.0,7099,8692
Midbrain,Spinal cord (lumbar),6.059994292044439,0.1005503166777224,4.5076305923140145,0.0032044107113648013,0.04,7099,3152
Midbrain,Spinal cord (thoracic),6.390634375695065,0.18913588770489506,15.896369614014858,0.007506366770373758,0.0,7099,12419
Midbrain,Spinal cord interneuron progenitor,5.43332712295517,0.3303583876214227,2.3551343753700014,0.02981641519964599,0.08,7099,65
Midbrain,Splanchnic mesoderm,5.889058377027758,-0.39573232226638133,-35.1686636050825,0.0027127090813156966,0.0,7099,15340
Midbrain,Splanchnic mesoderm (cardiopulmonary),5.438637816346758,-0.2580904848476804,-8.565690060962103,0.008620384570609816,0.0,7099,893
Midbrain,Splanchnic mesoderm (septum transversum),5.345327713564122,-0.35524175079334813,-10.317995484421692,0.010704208934078533,0.0,7099,701
Midbrain,Surface ectoderm (anterior),5.463061658322779,-0.3061928138255485,-16.326899364594656,0.012822543831216691,0.0,7099,2325
Midbrain,Surface ectoderm (posterior),5.14206287969047,-0.31889596444433604,-5.251832120344943,0.011912578444722764,0.0,7099,224
Midbrain,Telencephalon (dorsal),7.047149920630704,0.9716089066041235,69.08607244466869,0.03214458828497302,0.0,7099,9362
Midbrain,Trigeminal branchiomotor neuron,4.822347974096368,0.2073554548011239,0.6496261394396279,0.06297002060325724,0.99,7099,27
Midbrain,Trigeminal placode,5.726627415346869,-0.11402110726849675,-5.4207865975994025,0.017762397861150598,0.31,7099,1875
Midbrain,Trigeminal sensory neuron,5.218459025593716,-0.19836525505952984,-4.389698256053044,0.021690375651012353,0.64,7099,268
Midbrain,Trunk neural crest,5.66070276240567,-0.0348217561049502,-1.1492950019425898,8.148951862877788e-05,0.53,7099,917
Midbrain,Vagal neural crest,5.912030170347141,0.0505611864775215,2.195571855314327,0.007204841625535359,0.02,7099,1902
Midbrain,Visceral motor neuron,5.276053740156532,0.07773684330778045,0.5244140395924689,0.03157523762798069,0.53,7099,140
Midbrain,Yolk sac endothelial cell,4.890027530719505,-0.24278543562268803,-2.1870205183020173,0.011870906985821082,0.26,7099,60
Midbrain neuron,Midbrain neuron,8.999999999655524,-2.960594732333751e-15,-2.9603318020515772e-05,7.678246144151181e-29,1.0,353,353
Midbrain neuron,Midgut,4.77969229073528,-0.21419515507554662,-4.752538991209007,0.02520246498921622,0.21,353,2242
Midbrain neuron,Myotome,4.296576773555439,-0.15564177074697497,-0.7725719480263477,0.04818297820600553,0.85,353,65
Midbrain neuron,Nascent somite,5.368580257212959,-0.0739775090113346,-1.1865071975588886,0.006835570962792717,0.69,353,2502
Midbrain neuron,Notochord,4.782249661717851,-0.22843048855506135,-3.6746553914784297,0.004217802571574054,0.0,353,749
Midbrain neuron,Olfactory placode,5.273709405459036,0.03813520482127567,1.2852466467158494,0.04336983314557011,0.61,353,1680
Midbrain neuron,Otic placode,5.212268595141617,-0.019250438174894136,-0.2654106302085555,0.014025924620365891,0.82,353,1357
Midbrain neuron,Outflow tract,4.923071713116859,-0.23171476182462847,-4.042435573484882,0.00035689779714515236,0.02,353,586
Midbrain neuron,Periocular mesoderm,4.65810406960641,-0.23853936923005303,-4.093153208747091,0.004602779227957763,0.03,353,798
Midbrain neuron,Pharyngeal arch mesenchyme,5.7451321475971895,0.3350793624098696,7.3968608072809054,0.01606971452698907,0.07,353,4598
Midbrain neuron,Pharyngeal endoderm,4.904578397237682,-0.20693510643237603,-4.759466205540769,0.0019660093647185226,0.11,353,2292
Midbrain neuron,Pharyngeal mesoderm,5.179435455946326,-0.20389238088806985,-4.642255484939857,0.006071161327016415,0.2,353,2901
Midbrain neuron,Pre-placodal ectoderm,5.350383096348325,0.021846271143048195,0.5147857726879629,0.025686921525080966,0.72,353,3388
Midbrain neuron,Prechordal plate,3.9902383340587395,-0.23245979194918012,-0.9006114416112613,0.22514499205966476,0.16,353,38
Midbrain neuron,Presomitic mesoderm,5.62982418820635,-0.06584455867223464,-1.9185497601873591,0.0025389039358922234,0.84,353,9179
Midbrain neuron,Primordial germ cell,4.247266649570939,-0.20299681307151088,-2.7734956347655566,0.056987436030756504,0.96,353,141
Midbrain neuron,Respiratory progenitor,4.770269975491584,-0.16230976049493595,-2.7530820379648855,0.012305100789056857,0.42,353,531
Midbrain neuron,Right ventricle,5.007325789618231,-0.21693758881662153,-4.05762332887915,0.003569315163454553,0.01,353,991
Midbrain neuron,Roof plate (anterior),5.51206455248208,0.42714716619864274,5.604659995197603,0.02361898879574533,0.0,353,384
Midbrain neuron,Roof plate (posterior),5.642058689601012,0.19216590366371764,3.221630837617141,0.013400661865215964,0.19,353,1395
Midbrain neuron,Sclerotome,5.407276338069863,-0.12728989540090296,-3.7224341830314565,0.004632942245883406,0.59,353,8569
Midbrain neuron,Second heart field (anterior),4.9161098840716955,-0.15791924039234898,-2.026507378185316,0.0241926139735634,0.8,353,420
Midbrain neuron,Second heart field (posterior),5.041419687208954,-0.2111802843572228,-3.218434516499101,0.01945517867950742,0.03,353,984
Midbrain neuron,Somatic mesoderm,5.479714493874087,-0.2448859823128021,-4.727503655180354,0.00533839719574535,0.0,353,16744
Midbrain neuron,Somatic mesoderm (anterior),4.9445459581230535,-0.09371491292047462,-1.2863042618402507,0.020608545493574795,0.35,353,274
Midbrain neuron,Somatic mesoderm (tailbud),4.366133108608852,0.09123215948158044,0.5408074893047351,0.014872626972306045,0.85,353,23
Midbrain neuron,Somatic motor neuron,4.7840189323782525,0.14694661402995926,-0.6642933307810426,0.1884500547212928,0.58,353,134
Midbrain neuron,Spinal cord (cervical),5.840472945765369,0.17923796521052804,2.729311996026215,0.024566682435008782,0.08,353,8692
Midbrain neuron,Spinal cord (lumbar),5.455179719192877,0.011022200143046371,-0.7037134207946805,0.018593340931756706,0.67,353,3152
Midbrain neuron,Spinal cord (thoracic),5.784183036694684,0.09364559476095409,1.5399463449456714,0.01063020762564411,0.87,353,12419
Midbrain neuron,Spinal cord interneuron progenitor,4.498334386150042,-0.0812609501265255,-0.5867333886139819,0.020804446125451317,0.93,353,65
Midbrain neuron,Splanchnic mesoderm,5.5905812438386375,-0.17705369537721882,-3.7842969607477994,0.0019263922838623833,0.12,353,15340
Midbrain neuron,Splanchnic mesoderm (cardiopulmonary),5.037722610615378,-0.13680776182578183,-2.458464886737231,0.024277665558074105,0.46,353,893
Midbrain neuron,Splanchnic mesoderm (septum transversum),4.977919040448744,-0.2091795235874061,-2.950138629002146,0.021920297648121333,0.44,353,701
Midbrain neuron,Surface ectoderm (anterior),5.1116353609561,-0.14648931547095737,-2.3524958066583523,0.05408074428296278,0.0,353,2325
Midbrain neuron,Surface ectoderm (posterior),4.757151587960414,-0.19539001441314893,-2.492093859729333,0.010690683030173455,0.23,353,224
Midbrain neuron,Telencephalon (dorsal),6.31666317022399,0.7572522699665875,16.758001630278862,0.009098829160944207,0.0,353,9362
Midbrain neuron,Trigeminal branchiomotor neuron,3.8810738775745364,-0.2418279014310006,-0.8198453080224865,0.1248331374464265,0.66,353,27
Midbrain neuron,Trigeminal placode,5.405939384434831,0.07567173173496577,1.2116793737980027,0.02916461203604928,0.35,353,1875
Midbrain neuron,Trigeminal sensory neuron,4.799503393109707,-0.09361138160934039,-0.7966598997401393,0.029678897646942284,0.2,353,268
Midbrain neuron,Trunk neural crest,5.296939793136116,0.1112091958033193,1.7154506886152505,0.001141591725762126,0.24,353,917
Midbrain neuron,Vagal neural crest,5.496836593255271,0.1486744987317715,3.265352869698662,0.016811195945753112,0.81,353,1902
Midbrain neuron,Visceral motor neuron,4.555902765657783,-0.12785266067151513,-1.719111556294808,0.007363718356119148,0.9,353,140
Midbrain neuron,Yolk sac endothelial cell,4.633083731616462,0.018639676624062258,0.10382337524922673,0.042636993347957966,0.95,353,60
Midgut,Midgut,8.999999999965423,-5.921189464667502e-15,-5.920137836933333e-05,1.8406754455156943e-28,1.0,2242,2242
Midgut,Myotome,4.493485850694142,0.07372976476636921,0.3090111241155254,0.02136726556199625,0.81,2242,65
Midgut,Nascent somite,5.2635261059029625,-0.1370265602458621,-5.088838609990549,0.023613693925119923,0.32,2242,2502
Midgut,Notochord,5.294581887426145,0.3276417555322014,9.830375913869508,0.01069859161730603,0.0,2242,749
Midgut,Olfactory placode,4.949823157298451,-0.24387168758783803,-8.651314270756325,0.013235229238187679,0.0,2242,1680
Midgut,Otic placode,4.946005562474002,-0.24275122929980805,-8.214658950498015,0.007279481012661399,0.0,2242,1357
Midgut,Outflow tract,5.118364985673792,0.010677607437523958,0.22922055431838353,0.023815006292863376,0.65,2242,586
Midgut,Periocular mesoderm,5.229187696485713,0.3678056966400316,10.344906623250793,0.0017099266223918304,0.0,2242,798
Midgut,Pharyngeal arch mesenchyme,4.9496090096089675,-0.41684269251926764,-16.779856028566954,0.02736642985870663,0.0,2242,4598
Midgut,Pharyngeal endoderm,5.970223204481701,0.9065210339574395,36.19654697925464,0.06370113011877349,0.0,2242,2292
Midgut,Pharyngeal mesoderm,5.274191497969938,-0.059266073946755427,-2.877733410489134,0.016694529799102662,0.0,2242,2901
Midgut,Pre-placodal ectoderm,4.979395008132369,-0.30505756923395505,-12.041665385814538,0.02223707607356484,0.0,2242,3388
Midgut,Prechordal plate,4.295138034954974,0.13640581177436525,1.8483137262262863,0.2618512189369613,0.42,2242,38
Midgut,Presomitic mesoderm,5.2939956877394065,-0.3518965603305085,-17.94504840234238,0.0033693176488371686,0.0,2242,9179
Midgut,Primordial germ cell,4.359785591080718,-0.03860080681975964,-0.7162024768003926,0.008484825170095084,0.49,2242,141
Midgut,Respiratory progenitor,6.333444341907182,1.4472458141241136,39.50552327655764,0.05922098571277671,0.0,2242,531
Midgut,Right ventricle,5.1727581809332195,-0.008506543153295945,-0.041261929169102984,0.024673649817810363,0.89,2242,991
Midgut,Roof plate (anterior),4.877992309430465,-0.16608413471427821,-3.929115262512823,0.030434083310932267,0.87,2242,384
Midgut,Roof plate (posterior),4.997661413172182,-0.4077403564605377,-14.939324666146078,0.010236845133455517,0.0,2242,1395
Midgut,Sclerotome,5.295646584215944,-0.19273346989035792,-10.318954786741372,0.01301736327952464,0.0,2242,8569
Midgut,Second heart field (anterior),5.07201709022507,0.047687308199769816,1.2162472350527371,0.0016500158736035468,0.75,2242,420
Midgut,Second heart field (posterior),5.108662668252802,-0.10258814241534076,-3.449700823652829,0.000666187001259404,0.01,2242,984
Midgut,Somatic mesoderm,5.215453960677767,-0.464600468228402,-24.33539902450598,0.018642051507174073,0.0,2242,16744
Midgut,Somatic mesoderm (anterior),4.866992250782649,-0.13517302679695367,-3.003922095579634,0.025434459649090743,0.49,2242,274
Midgut,Somatic mesoderm (tailbud),4.303492738712918,0.049600641274836064,0.34758641991123657,0.18604740177888723,0.57,2242,23
Midgut,Somatic motor neuron,4.583363106143185,-0.013587575826980114,-1.0724445974745653,0.02665766161838445,0.74,2242,134
Midgut,Spinal cord (cervical),5.194836637516878,-0.4264340552125863,-21.626940002729942,0.015190072430476712,0.0,2242,8692
Midgut,Spinal cord (lumbar),5.027828932081129,-0.37240734173144396,-13.867330363695515,0.03398649912930124,0.0,2242,3152
Midgut,Spinal cord (thoracic),5.244872804178628,-0.39536724676630985,-21.18648496082839,0.022543456313619294,0.0,2242,12419
Midgut,Spinal cord interneuron progenitor,4.386899817476325,-0.14443338990893947,-0.5170183974226522,0.06132356614318416,0.23,2242,65
Midgut,Splanchnic mesoderm,5.2244381876721855,-0.5014761679043053,-25.653999321828483,0.024724412352416982,0.0,2242,15340
Midgut,Splanchnic mesoderm (cardiopulmonary),4.950832462303274,-0.18417481557590273,-5.193520938069981,0.008903376825329122,0.0,2242,893
Midgut,Splanchnic mesoderm (septum transversum),5.1148166900415415,-0.02646327574160227,-0.6964498608638529,0.004169154754168408,0.17,2242,701
Midgut,Surface ectoderm (anterior),5.065004530543267,-0.1441800573819417,-5.404262607827654,0.004037471285526273,0.0,2242,2325
Midgut,Surface ectoderm (posterior),4.8556953512770225,-0.04497830490625324,-0.9021618983930328,0.026386708597058474,0.2,2242,224
Midgut,Telencephalon (dorsal),5.14661497025601,-0.3692698987600407,-15.700271281377605,0.01830152489475715,0.0,2242,9362
Midgut,Trigeminal branchiomotor neuron,4.153108918926069,0.07250223263124027,0.4741384358825738,0.04257205665230865,0.71,2242,27
Midgut,Trigeminal placode,4.939269847219145,-0.3421971823867936,-12.066826282321257,0.012409584749632333,0.0,2242,1875
Midgut,Trigeminal sensory neuron,4.695094431791769,-0.16523240684557225,-3.1279882876271112,0.09255690714843764,0.02,2242,268
Midgut,Trunk neural crest,4.823206647606885,-0.31265911205346725,-8.182507688201996,0.0075021000536426045,0.0,2242,917
Midgut,Vagal neural crest,4.914221445200003,-0.39219944037295235,-14.079695507741192,0.007464865255796313,0.0,2242,1902
Midgut,Visceral motor neuron,4.692334048068367,0.0580044817364902,-0.34637995108307407,0.04451596432974634,0.31,2242,140
Midgut,Yolk sac endothelial cell,4.507856872119237,-0.05438927664535006,-0.5203125256700049,0.0391039646990084,0.42,2242,60
Myotome,Myotome,8.999999999703142,-7.697546304067751e-15,-7.696084540955089e-05,2.093110935186418e-28,1.0,65,65
Myotome,Nascent somite,5.012238275696356,0.13488045093967424,0.6184269187423657,0.07205394615022445,0.94,65,2502
Myotome,Notochord,4.653078045484097,0.23437789047664678,1.352912405892271,0.0804477593584913,0.22,65,749
Myotome,Olfactory placode,4.4203021426004465,-0.2500195876677278,-1.7714740593184235,0.13967223639923768,0.87,65,1680
Myotome,Otic placode,4.468310959376091,-0.1805588119958698,-1.3345888570179334,0.11710104642834732,0.91,65,1357
Myotome,Outflow tract,4.553972568000634,-0.01929557661584358,-0.13882470200548735,0.09057856104522749,0.31,65,586
Myotome,Periocular mesoderm,4.4876216894481935,0.1501206576535624,1.1720635851397796,0.021603681407233483,0.95,65,798
Myotome,Pharyngeal arch mesenchyme,4.758196282981661,-0.08377653475881708,-1.1080487356876416,0.045457813195253036,0.52,65,4598
Myotome,Pharyngeal endoderm,4.644194204897747,0.11783208702398203,1.0149881772386307,0.0022496911586198758,0.37,65,2292
Myotome,Pharyngeal mesoderm,5.149338697886606,0.35244824024171056,3.1131644982433606,0.027004659044196442,0.1,65,2901
Myotome,Pre-placodal ectoderm,4.606604260111112,-0.14637929800318852,-1.3753220590477744,0.12173506098900351,0.32,65,3388
Myotome,Prechordal plate,3.876183534409647,0.2395715832124763,0.5032175622139318,0.2955704578714951,0.85,65,38
Myotome,Presomitic mesoderm,5.167618791884498,0.05618504306668518,0.12085096134618878,0.04345337141646936,0.74,65,9179
Myotome,Primordial germ cell,3.754338529751682,-0.10451241713652948,-0.6456318351392044,0.39430233259297204,0.27,65,141
Myotome,Respiratory progenitor,4.355516772988616,-0.008305673411172757,-0.02033003208471289,0.003956153417730798,0.88,65,531
Myotome,Right ventricle,4.71682853066865,0.06652821503060687,0.6640372424608275,0.02655542796299579,0.29,65,991
Myotome,Roof plate (anterior),4.279300272077619,-0.22662213687108101,-1.3590140623746183,0.05809154808102437,0.87,65,384
Myotome,Roof plate (posterior),4.629021485829678,-0.24502712019432535,-1.924285780981224,0.03179810273359099,0.43,65,1395
Myotome,Sclerotome,6.003519885553451,1.0428617500492032,10.416311714677272,0.05068719683694293,0.0,65,8569
Myotome,Second heart field (anterior),4.506884254292417,0.015205276644678042,-0.06345789224518716,0.12460706478564555,0.62,65,420
Myotome,Second heart field (posterior),4.793661052928206,0.11312044570113618,0.9359884684951462,0.00909983400824885,0.99,65,984
Myotome,Somatic mesoderm,5.190271760120607,0.04380631605960428,0.4496082176994174,0.018060391314469137,0.61,65,16744
Myotome,Somatic mesoderm (anterior),4.602744719628125,0.13846842118824623,1.317933226887298,0.11583199458455368,0.16,65,274
Myotome,Somatic mesoderm (tailbud),3.1747113576037145,-0.5310593980218051,-1.7672663620768496,0.07168758941520835,0.19,65,23
Myotome,Somatic motor neuron,3.8270680306971276,-0.2614368567663308,-0.7406225767900022,0.07814480065644641,0.96,65,134
Myotome,Spinal cord (cervical),4.881386903877509,-0.2044414321754413,-1.8713639391346977,0.00913210032550767,0.51,65,8692
Myotome,Spinal cord (lumbar),4.891208609768579,0.01736685493186189,-0.16523350166009543,0.03243886575376145,0.77,65,3152
Myotome,Spinal cord (thoracic),5.07261403536737,-0.0327223221068896,-0.6943666389244177,0.025781043772890748,0.47,65,12419
Myotome,Spinal cord interneuron progenitor,3.61675239289819,-0.3970060718230604,-1.6474939357817517,0.09513950929433602,0.45,65,65
Myotome,Splanchnic mesoderm,5.1153810198131655,-0.08882166246091779,-0.6717300941243317,0.005507177918522255,0.94,65,15340
Myotome,Splanchnic mesoderm (cardiopulmonary),4.668330538657808,0.06465870825399674,0.7235263148088326,0.05787622645325629,0.22,65,893
Myotome,Splanchnic mesoderm (septum transversum),4.6216701658596095,0.03299671501747555,0.6627352304008565,0.023917030065190185,0.44,65,701
Myotome,Surface ectoderm (anterior),4.582692598855093,-0.10033729972475491,-0.9692356953347817,0.044703450761853496,0.47,65,2325
Myotome,Surface ectoderm (posterior),4.147845719845749,-0.21419426640915962,-0.9037678713058194,0.24460424453211854,0.6,65,224
Myotome,Telencephalon (dorsal),4.775894070488781,-0.2185218283154926,-1.6062201503847595,0.010191190966694404,0.22,65,9362
Myotome,Trigeminal branchiomotor neuron,3.2007754015115832,-0.34947551141805827,-0.716267233435572,0.12093156676792771,0.97,65,27
Myotome,Trigeminal placode,4.471009247209034,-0.28605601326654134,-2.4697569487312836,0.15167093853722835,0.9,65,1875
Myotome,Trigeminal sensory neuron,4.076283404980299,-0.24888455573072013,-1.53131736123244,0.06912086345071544,0.63,65,268
Myotome,Trunk neural crest,4.508116430979008,-0.10688859045807912,-0.9741142239113239,0.159446921706174,0.75,65,917
Myotome,Vagal neural crest,4.62579843395432,-0.1350424336040111,-0.9893793364218149,0.05279582696694467,0.95,65,1902
Myotome,Visceral motor neuron,3.9384276660341477,-0.1797144015160589,-0.5745958675868814,0.04769146710432139,0.68,65,140
Myotome,Yolk sac endothelial cell,4.0270733569867625,0.005057962096754724,0.3351180623677907,0.3154193809950935,0.37,65,60
Nascent somite,Nascent somite,9.00000000000639,-5.329070518200751e-15,-5.328155609353333e-05,4.764719867534911e-28,1.0,2502,2502
Nascent somite,Notochord,5.476210935337465,0.05720481453208789,1.6285703213631086,0.016505498585790885,0.25,2502,749
Nascent somite,Olfactory placode,5.4564714159279575,-0.19164082390374215,-6.976322765706418,0.00716189915249159,0.0,2502,1680
Nascent somite,Otic placode,5.438349655288889,-0.20098317141101743,-7.363477598867397,0.004462687748646108,0.0,2502,1357
Nascent somite,Outflow tract,5.438005689771916,-0.12088770306775103,-3.362254730370751,0.0017880314239901776,0.07,2502,586
Nascent somite,Periocular mesoderm,5.308577426679142,-0.004305583016185406,-0.09462414645634458,0.02031407653479283,0.87,2502,798
Nascent somite,Pharyngeal arch mesenchyme,5.71243117083052,-0.1075406239873189,-5.849618749039922,0.004350566335675167,0.1,2502,4598
Nascent somite,Pharyngeal endoderm,5.505469719918018,-0.010602840580413128,-0.7275417679273276,0.005948103712556441,0.38,2502,2292
Nascent somite,Pharyngeal mesoderm,5.6469318281623275,-0.1398874918081452,-6.506143177306474,0.0003393704352758395,0.0,2502,2901
Nascent somite,Pre-placodal ectoderm,5.498107349807822,-0.2400886893363395,-11.215693709719105,0.005527011276262345,0.0,2502,3388
Nascent somite,Prechordal plate,4.63245962972854,0.026638066360427242,0.3895798964926411,0.052078838205310035,0.43,2502,38
Nascent somite,Presomitic mesoderm,7.069237352280496,0.9710053812723635,55.24152530361903,0.030708983242064877,0.0,2502,9179
Nascent somite,Primordial germ cell,4.483246220929961,-0.37702336097620126,-5.069516645829229,0.020996758676128026,0.02,2502,141
Nascent somite,Respiratory progenitor,5.314119784001265,-0.024017718767797902,-0.6976677032226682,0.0009661119604525634,1.0,2502,531
Nascent somite,Right ventricle,5.4766149246185405,-0.1519999023533917,-5.108314589488528,0.013063371101334889,0.01,2502,991
Nascent somite,Roof plate (anterior),5.490171282499475,-0.01446517275566824,-0.4539358551720624,0.007828711612999367,0.71,2502,384
Nascent somite,Roof plate (posterior),5.8256826350807875,-0.0321329343900949,-1.0644189380873843,0.016694461385862485,0.0,2502,1395
Nascent somite,Sclerotome,6.103181007164498,0.16333494317962435,9.64295866590185,0.0067793551864029356,0.0,2502,8569
Nascent somite,Second heart field (anterior),5.3257747898805725,-0.15692106136819164,-3.806706695407957,0.009810990681334156,0.23,2502,420
Nascent somite,Second heart field (posterior),5.502072418789505,-0.15941035804009593,-5.591185211527782,0.005036047704839451,0.0,2502,984
Nascent somite,Somatic mesoderm,6.079873990404013,-0.054300256708322024,-2.6583775070220876,0.01624402761717407,0.0,2502,16744
Nascent somite,Somatic mesoderm (anterior),5.348197759440787,-0.10535441662710543,-1.8056092723264003,0.013190561538397254,0.61,2502,274
Nascent somite,Somatic mesoderm (tailbud),5.654848562685494,0.9502703561133371,5.6343076279707285,0.048062181571355785,0.0,2502,23
Nascent somite,Somatic motor neuron,5.328429934027178,0.28875043538331546,2.62391683002647,0.008300750664305514,0.48,2502,134
Nascent somite,Spinal cord (cervical),6.288651889982667,0.21383697471489574,10.943683002286505,0.012799410150430492,0.0,2502,8692
Nascent somite,Spinal cord (lumbar),6.244417845611973,0.39582311650723795,17.23734087635287,0.028624179251860053,0.0,2502,3152
Nascent somite,Spinal cord (thoracic),6.5068560624620835,0.4152030661121235,21.84512932100252,0.006455398377822313,0.0,2502,12419
Nascent somite,Spinal cord interneuron progenitor,5.104141460237042,0.11005179860048475,1.305629818896047,0.016320250132538787,0.85,2502,65
Nascent somite,Splanchnic mesoderm,6.248651991275523,0.07112693677859709,4.538836988773248,0.022671026574361364,0.0,2502,15340
Nascent somite,Splanchnic mesoderm (cardiopulmonary),5.467727877857814,-0.11923678450256325,-3.7706502130941746,0.005869512645103268,0.3,2502,893
Nascent somite,Splanchnic mesoderm (septum transversum),5.442902626277294,-0.1479226582428733,-3.8298186988491714,0.01646185644287329,0.29,2502,701
Nascent somite,Surface ectoderm (anterior),5.442982008428911,-0.21867520625202364,-8.336413814055835,0.02028277720825842,0.0,2502,2325
Nascent somite,Surface ectoderm (posterior),5.138194304515714,-0.217494040798296,-4.050391313486583,0.05188736000872279,0.38,2502,224
Nascent somite,Telencephalon (dorsal),5.908301938495221,-0.06217068100234021,-3.3843371793021664,0.003881418907037228,0.85,2502,9362
Nascent somite,Trigeminal branchiomotor neuron,4.710189830329494,0.17892861117692238,0.40596650559995545,0.09788615862077375,1.0,2502,27
Nascent somite,Trigeminal placode,5.5693107313318935,-0.16435588019192662,-6.501842611271619,0.006650341786935879,0.0,2502,1875
Nascent somite,Trigeminal sensory neuron,5.179929162482768,-0.131666937496826,-2.3020698709931935,0.002126446140491742,0.43,2502,268
Nascent somite,Trunk neural crest,5.547557468894911,-0.04084713156380785,-0.4774938682698329,0.008720195756826426,0.27,2502,917
Nascent somite,Vagal neural crest,5.6746715230266895,-0.08318445195474933,-2.4424394549872273,0.018358375019619653,0.0,2502,1902
Nascent somite,Visceral motor neuron,5.418167151688539,0.35123009756116197,2.1293978645278537,0.18458658711161893,0.86,2502,140
Nascent somite,Yolk sac endothelial cell,4.864090432920686,-0.15054532322058142,-1.6192440612964756,0.01625336625167129,0.96,2502,60
Notochord,Notochord,8.999999999921874,-1.2434497875801753e-14,-0.0001243295190066,0.0,1.0,749,749
Notochord,Olfactory placode,4.903601453971185,-0.31215876181425656,-8.119145513214237,0.016583911998548015,0.0,749,1680
Notochord,Otic placode,4.940986343729176,-0.2659169325521997,-6.7230573464592425,0.007160895515708949,0.0,749,1357
Notochord,Outflow tract,5.14526260052189,0.011346254755764859,0.2930481053437763,0.022167701712464388,0.13,749,586
Notochord,Periocular mesoderm,5.244600313157015,0.37095171378864694,8.723541431466762,0.00021782657912460513,0.0,749,798
Notochord,Pharyngeal arch mesenchyme,5.015392035031545,-0.36840315114134664,-11.71173518947021,0.007803681418197167,0.0,749,4598
Notochord,Pharyngeal endoderm,5.576845130770631,0.4928344262642721,15.15961659932006,0.013684689727325311,0.0,749,2292
Notochord,Pharyngeal mesoderm,5.389075270457744,0.035883387735603144,1.0612041788774629,0.013060091735611316,0.45,749,2901
Notochord,Pre-placodal ectoderm,4.982898765521109,-0.3264110039046253,-9.482047893851107,0.010884738061161003,0.0,749,3388
Notochord,Prechordal plate,5.388316961041622,1.1930409770366863,9.666482308567058,0.19694599795546064,0.0,749,38
Notochord,Presomitic mesoderm,5.512147366025935,-0.15309758144862715,-5.164386967976912,0.001842069728429344,0.02,749,9179
Notochord,Primordial germ cell,4.323761611043857,-0.10447089262194176,-1.3872949785715634,0.0036233751328323635,0.37,749,141
Notochord,Respiratory progenitor,5.258412048343427,0.3509705102152714,8.473285446595945,0.055812327564317386,0.0,749,531
Notochord,Right ventricle,5.142649229552323,-0.0599115693611898,-1.4035019380398672,0.015054998108984027,0.49,749,991
Notochord,Roof plate (anterior),4.8504859011785575,-0.22337771675339932,-3.808722163530519,0.003989894174499326,0.04,749,384
Notochord,Roof plate (posterior),5.097938528024665,-0.32696330683713476,-8.575750003587272,0.0032928953010087176,0.0,749,1395
Notochord,Sclerotome,5.606936610978619,0.10090977600796129,3.196621811503832,0.02175829535929149,0.05,749,8569
Notochord,Second heart field (anterior),5.044442314139096,0.0016812865064791775,0.015844395957535912,0.021042887890806966,0.75,749,420
Notochord,Second heart field (posterior),5.139689559595751,-0.09269100922839169,-2.579681785845496,0.0023891949229913685,0.16,749,984
Notochord,Somatic mesoderm,5.366367306601213,-0.3313315397040479,-10.52930701820396,0.0058871393690457146,0.0,749,16744
Notochord,Somatic mesoderm (anterior),4.816993229946463,-0.19843881567608937,-3.222298594448734,0.016008209196613162,0.31,749,274
Notochord,Somatic mesoderm (tailbud),4.334681040211692,0.07387307315664267,0.6753745734124874,0.07267960616330939,0.92,749,23
Notochord,Somatic motor neuron,4.6954804180639265,0.07883564473714522,0.5895367830837054,0.008708753193740934,0.81,749,134
Notochord,Spinal cord (cervical),5.423823248224568,-0.21484449595261582,-7.49939326126571,0.0035670311947702416,0.0,749,8692
Notochord,Spinal cord (lumbar),5.149936675758885,-0.2647474617272782,-7.327656499287035,0.0038187813571344724,0.0,749,3152
Notochord,Spinal cord (thoracic),5.482808588782479,-0.1765030992695514,-6.001679860781187,0.0077903827279003825,0.01,749,12419
Notochord,Spinal cord interneuron progenitor,4.5080848388680534,-0.05444114871820135,0.03814725169057712,0.0507263075227347,0.32,749,65
Notochord,Splanchnic mesoderm,5.321323076233419,-0.4236667435117318,-14.175310600601746,0.0050408546735717505,0.0,749,15340
Notochord,Splanchnic mesoderm (cardiopulmonary),4.987635780921889,-0.16843719376075791,-3.9900960662984972,0.01040501121940472,0.0,749,893
Notochord,Splanchnic mesoderm (septum transversum),5.115519555596164,-0.049055286198309865,-1.3625818230826272,0.0075477129331860595,0.3,749,701
Notochord,Surface ectoderm (anterior),5.034374573190141,-0.19776850798521325,-5.727254354684739,0.007634104496836969,0.0,749,2325
Notochord,Surface ectoderm (posterior),4.737302608882863,-0.1877138867853724,-3.228660879095706,0.002659952512449014,0.01,749,224
Notochord,Telencephalon (dorsal),5.252126410821585,-0.2845919148483569,-9.387485012291537,0.006817460372816878,0.0,749,9362
Notochord,Trigeminal branchiomotor neuron,4.102705720198526,0.00895434116461328,0.6532988932445741,0.1067386595462044,0.54,749,27
Notochord,Trigeminal placode,4.91432156307628,-0.38786356360044455,-9.900205262924088,0.015497833382255662,0.0,749,1875
Notochord,Trigeminal sensory neuron,4.750958154365077,-0.1218933258089286,-2.412196091959966,0.01414010861061337,0.56,749,268
Notochord,Trunk neural crest,4.895307436563775,-0.26232863351090313,-5.53712742897797,0.0033782188890026316,0.0,749,917
Notochord,Vagal neural crest,5.0237916797514055,-0.29909768682454513,-8.625814041072315,0.0028878043969563193,0.0,749,1902
Notochord,Visceral motor neuron,5.009690598910551,0.3614580596299308,3.8732600840380123,0.012922061110325544,0.03,749,140
Notochord,Yolk sac endothelial cell,4.567682336041492,-0.010824053021141644,-0.2747979813070783,0.03910648144193859,0.95,749,60
Olfactory placode,Olfactory placode,8.99999999997243,7.105427357601002e-15,7.104838395260672e-05,1.262177448353619e-29,1.0,1680,1680
Olfactory placode,Otic placode,6.042908362705366,0.61034512901192,17.495367322453262,0.03377955441206052,0.0,1680,1357
Olfactory placode,Outflow tract,5.153829026642633,-0.19920396377022462,-4.737889263739512,0.001231492805896378,0.0,1680,586
Olfactory placode,Periocular mesoderm,4.880157438536849,-0.22081902145351626,-5.837858964900537,0.026689174669459276,0.37,1680,798
Olfactory placode,Pharyngeal arch mesenchyme,6.288406504304475,0.6792655681299822,26.090599829632293,0.029634894785781143,0.0,1680,4598
Olfactory placode,Pharyngeal endoderm,5.058726309615037,-0.24671898691746877,-8.672515687692242,0.005027432064736638,0.0,1680,2292
Olfactory placode,Pharyngeal mesoderm,5.3579391681413595,-0.22202477220578545,-8.783742299605406,0.003402124920576851,0.0,1680,2901
Olfactory placode,Pre-placodal ectoderm,7.204569111964434,1.6748201299381302,62.00816990058589,0.031401857514368504,0.0,1680,3388
Olfactory placode,Prechordal plate,4.074666909258607,-0.34712509020306676,-1.9280778640686467,0.20018882736994761,1.0,1680,38
Olfactory placode,Presomitic mesoderm,5.867477947585573,-0.02357710402159589,-0.9980768574698576,0.0006353365957635045,0.82,1680,9179
Olfactory placode,Primordial germ cell,4.450747471332789,-0.20031229692371108,-2.4206271259362846,0.021096908373271144,0.66,1680,141
Olfactory placode,Respiratory progenitor,4.908395101069048,-0.21651471531920366,-4.72331585632313,0.005910705948401954,0.0,1680,531
Olfactory placode,Right ventricle,5.285405067954301,-0.13990635029382492,-3.688149424152602,0.0005908384575725583,0.0,1680,991
Olfactory placode,Roof plate (anterior),5.656637903676665,0.3591714975801092,6.477646113536353,0.007964333107533066,0.03,1680,384
Olfactory placode,Roof plate (posterior),5.910916526637684,0.2599772835904692,7.076775239106735,0.003419304407197822,0.0,1680,1395
Olfactory placode,Sclerotome,5.392096150233201,-0.3421396517950364,-15.24851329536583,0.004846297186610908,0.0,1680,8569
Olfactory placode,Second heart field (anterior),5.208688028703488,-0.06382853664194776,-1.2609618328499603,0.00432601463163825,0.86,1680,420
Olfactory placode,Second heart field (posterior),5.419282143055973,-0.037657786544227655,-1.0249841294305218,0.0001596833150730031,0.51,1680,984
Olfactory placode,Somatic mesoderm,5.897525529915043,-0.02517166986739087,-1.0728502608138466,0.0003034985140761595,0.73,1680,16744
Olfactory placode,Somatic mesoderm (anterior),5.2332813038125146,-0.008957197685646475,0.0034760798196605456,0.0010410663061480893,0.81,1680,274
Olfactory placode,Somatic mesoderm (tailbud),4.454668879116391,-0.0020780487643747847,0.01636567503272468,0.03907868099129957,0.94,1680,23
Olfactory placode,Somatic motor neuron,4.60983296861447,-0.21746865366450052,-3.8162058442453706,0.1051042261668367,0.72,1680,134
Olfactory placode,Spinal cord (cervical),5.692769275600129,-0.1724492364154925,-7.336240295084182,0.006032842454816903,0.0,1680,8692
Olfactory placode,Spinal cord (lumbar),5.517473871143854,-0.13017391953190968,-4.009691736146975,0.0015178074839227462,0.04,1680,3152
Olfactory placode,Spinal cord (thoracic),5.732034374450952,-0.150596060055087,-7.075436781712125,0.006238318345151372,0.0,1680,12419
Olfactory placode,Spinal cord interneuron progenitor,4.410042541476606,-0.37608165083944395,-2.337752728986933,0.05733742421308877,0.08,1680,65
Olfactory placode,Splanchnic mesoderm,6.042798932895857,0.07517134430407395,3.8604401807654134,0.0051612747257876335,0.2,1680,15340
Olfactory placode,Splanchnic mesoderm (cardiopulmonary),5.367247339157244,-0.01068999788528687,-0.465465891698534,0.007760211310122492,0.11,1680,893
Olfactory placode,Splanchnic mesoderm (septum transversum),5.290828047975302,-0.09422393135699576,-2.3312179427603343,0.0025088883248901095,0.27,1680,701
Olfactory placode,Surface ectoderm (anterior),6.370411042273832,0.914833275344221,32.34526640087708,0.012115801118877372,0.0,1680,2325
Olfactory placode,Surface ectoderm (posterior),5.465730890680937,0.3175251446838863,5.333876563051153,0.07216162608304003,0.19,1680,224
Olfactory placode,Telencephalon (dorsal),6.274925610050798,0.5141076980361289,21.727633089202328,0.003108014146570945,0.0,1680,9362
Olfactory placode,Trigeminal branchiomotor neuron,4.044512111168715,-0.2712935508789058,-1.2553910190137798,0.010016639466029044,0.48,1680,27
Olfactory placode,Trigeminal placode,6.674282203938101,1.1482675456479212,40.08660225239192,0.044798145496038944,0.0,1680,1875
Olfactory placode,Trigeminal sensory neuron,5.7932893596431505,0.7012231158137773,10.736461501408314,0.024329461631482193,0.0,1680,268
Olfactory placode,Trunk neural crest,5.712286665728925,0.3304564740958978,7.5087867146950815,0.0048237374869647635,0.0,1680,917
Olfactory placode,Vagal neural crest,5.918253121817002,0.3697254536124266,12.21544283552295,0.00046374409240834165,0.0,1680,1902
Olfactory placode,Visceral motor neuron,4.772006043853463,-0.09248607050510049,-2.530625153604141,0.11713791374665004,0.43,1680,140
Olfactory placode,Yolk sac endothelial cell,4.999655231103439,0.18834762231157853,1.2737135702110862,0.014767507355043456,0.48,1680,60
Otic placode,Otic placode,8.99999999995138,-1.5987211554602254e-14,-0.00015984382719876666,4.1020767071492614e-29,1.0,1357,1357
Otic placode,Outflow tract,5.165189336241807,-0.1830051831516147,-4.8488117539130045,0.0018084240620219747,0.0,1357,586
Otic placode,Periocular mesoderm,4.84725033673213,-0.2473768261960121,-6.2306133317137276,0.009246824185301296,0.0,1357,798
Otic placode,Pharyngeal arch mesenchyme,6.28188656281247,0.6768495774020007,25.011774648845662,0.040438903368983925,0.0,1357,4598
Otic placode,Pharyngeal endoderm,5.058832901356474,-0.24229875644640556,-8.726466157154203,0.0006934065957883669,0.0,1357,2292
Otic placode,Pharyngeal mesoderm,5.3401561720935815,-0.22938361590405906,-8.678389397256492,0.0016363275242163317,0.0,1357,2901
Otic placode,Pre-placodal ectoderm,6.4944875380686495,0.9709144792911495,33.591054319798644,0.020613124780070963,0.0,1357,3388
Otic placode,Prechordal plate,4.135677006164468,-0.2913193723356032,-1.8743910886563124,0.06382885032469798,0.38,1357,38
Otic placode,Presomitic mesoderm,5.89912021599678,0.015315551848357423,0.6833952600106951,0.001451881578462843,0.17,1357,9179
Otic placode,Primordial germ cell,4.351414741953085,-0.28654128390838424,-3.830432597415514,0.09205474011297736,0.54,1357,141
Otic placode,Respiratory progenitor,4.920119411795824,-0.20593698747679698,-4.609230558736106,0.002308440453045062,0.0,1357,531
Otic placode,Right ventricle,5.261955524771544,-0.15471834445686325,-4.5205803176448685,0.001829792388375785,0.0,1357,991
Otic placode,Roof plate (anterior),5.648040507884539,0.36427598158964525,6.124630015281436,0.009638893498240195,0.0,1357,384
Otic placode,Roof plate (posterior),5.947148406180571,0.3045650024943898,9.33661313356231,0.02103121787541346,0.0,1357,1395
Otic placode,Sclerotome,5.397164937732199,-0.3286657319566529,-14.865171272724714,0.001904887433125625,0.0,1357,8569
Otic placode,Second heart field (anterior),5.265062271986362,0.001097808168813626,0.13518629202181728,0.010204531378933644,0.5,1357,420
Otic placode,Second heart field (posterior),5.43096779424812,-0.013661751720636772,-0.3652191265799691,0.001358578372262298,0.68,1357,984
Otic placode,Somatic mesoderm,5.905205548972486,-0.013139066149535713,-0.6819713005212339,0.001730557620193448,0.75,1357,16744
Otic placode,Somatic mesoderm (anterior),5.217788453533338,-0.018209102166284907,-0.23139785747752792,0.0019062361154833498,0.63,1357,274
Otic placode,Somatic mesoderm (tailbud),4.611510812042694,0.14726993821504722,0.8470559284114415,0.0016175530378055366,0.56,1357,23
Otic placode,Somatic motor neuron,4.633242765477722,-0.17609951737840213,-3.8018517909153204,0.14687435718468683,0.52,1357,134
Otic placode,Spinal cord (cervical),5.635620035237589,-0.2223636246248842,-8.945130375008686,0.010213643553410461,0.0,1357,8692
Otic placode,Spinal cord (lumbar),5.504852522628305,-0.13054370471318202,-4.044868930550092,0.00036972486228695976,0.01,1357,3152
Otic placode,Spinal cord (thoracic),5.701855520153342,-0.1776386585510569,-7.848243864099497,0.005980206165106326,0.0,1357,12419
Otic placode,Spinal cord interneuron progenitor,4.680714172258334,-0.09143948372612105,-0.7958896177670206,0.004561235306478178,0.82,1357,65
Otic placode,Splanchnic mesoderm,6.060286737855151,0.09872487999127137,4.378145077597645,0.004596735451627483,0.23,1357,15340
Otic placode,Splanchnic mesoderm (cardiopulmonary),5.419093920633624,0.04882297967353999,1.3037977039929287,0.0018308796121382037,0.98,1357,893
Otic placode,Splanchnic mesoderm (septum transversum),5.337925167628124,-0.04235234124546109,-1.00084756521018,0.0019463983610810915,0.92,1357,701
Otic placode,Surface ectoderm (anterior),6.329193420909033,0.8796675416798868,29.14833155137464,0.009653478752161698,0.0,1357,2325
Otic placode,Surface ectoderm (posterior),5.508430367022584,0.36533773823017945,5.297354327563792,0.14480764126976567,0.01,1357,224
Otic placode,Telencephalon (dorsal),5.7744452786941,0.01996604998460505,0.4249888963537387,0.014243009449296724,0.04,1357,9362
Otic placode,Trigeminal branchiomotor neuron,4.071009159755127,-0.2511376740582909,-1.0179711969652585,0.07671429686866378,0.72,1357,27
Otic placode,Trigeminal placode,6.571860627207337,1.0519563987595761,33.09057266016692,0.0037561179273954476,0.0,1357,1875
Otic placode,Trigeminal sensory neuron,5.833712539645702,0.7346027377605665,12.009310122944186,0.025058579044244994,0.0,1357,268
Otic placode,Trunk neural crest,5.715908141504961,0.3391277489103697,8.552324232713458,0.013166888743127617,0.0,1357,917
Otic placode,Vagal neural crest,5.98695712315492,0.44603008560175716,13.74545376029599,0.004806051450272073,0.0,1357,1902
Otic placode,Visceral motor neuron,4.709167020581382,-0.16564041343327407,-2.8855926699343333,0.04602274699915506,0.89,1357,140
Otic placode,Yolk sac endothelial cell,4.95567873040321,0.17227303259491636,1.0059807326215935,0.12977081161274706,0.41,1357,60
Outflow tract,Outflow tract,8.999999999885764,-1.4210854715202004e-14,-0.0001420868833031,2.208810534618833e-29,1.0,586,586
Outflow tract,Periocular mesoderm,5.350026503037777,0.32556042021950304,6.7821754593224055,0.02055377705119582,0.0,586,798
Outflow tract,Pharyngeal arch mesenchyme,5.2216450227996445,-0.3046032689258273,-8.75951976602358,0.00121803886576637,0.0,586,4598
Outflow tract,Pharyngeal endoderm,5.184192730906541,-0.03700436753076897,-1.2982058133059804,0.018691909743175673,0.32,586,2292
Outflow tract,Pharyngeal mesoderm,6.69448608260321,1.2023926522729536,34.74383725016267,0.030896546495323376,0.0,586,2901
Outflow tract,Pre-placodal ectoderm,5.282055978875557,-0.16607529573837057,-4.266362739787013,0.00012874783548717764,0.0,586,3388
Outflow tract,Prechordal plate,4.249999171979471,-0.07859559797418451,-0.5872329812118767,4.920548157386154e-05,0.69,586,38
Outflow tract,Presomitic mesoderm,5.548106512971401,-0.25617004085833744,-7.682442476184433,0.003616771218993991,0.0,586,9179
Outflow tract,Primordial germ cell,4.4140004564302915,-0.13917335220919114,-1.7732852233347864,0.012943720140521505,0.47,586,141
Outflow tract,Respiratory progenitor,5.019125932406023,-0.022495021674892257,-0.6624163671567938,0.014544534327149803,0.61,586,531
Outflow tract,Right ventricle,6.8129591649606125,1.4768329252104972,39.329394522436985,0.09603462714588028,0.0,586,991
Outflow tract,Roof plate (anterior),5.049622332371669,-0.16261120877104643,-2.691946171774075,0.004480567631133541,0.08,586,384
Outflow tract,Roof plate (posterior),5.279488219422599,-0.2835151451690872,-7.357573602417226,0.00579479412055057,0.0,586,1395
Outflow tract,Sclerotome,5.661352710810959,0.01400090025086076,0.3922357026084846,0.000448372113604101,0.96,586,8569
Outflow tract,Second heart field (anterior),6.5639316994491805,1.3825263051209504,27.308490131575866,0.15243436817985817,0.0,586,420
Outflow tract,Second heart field (posterior),5.755260572571178,0.3829683130384831,9.358914561635272,0.016495529556947316,0.0,586,984
Outflow tract,Somatic mesoderm,6.0437674627386615,0.20390185908866965,6.500394883377254,0.005579889963899571,0.0,586,16744
Outflow tract,Somatic mesoderm (anterior),5.25415137731104,0.09258009212242573,1.5569392447439958,0.008200670761666765,0.92,586,274
Outflow tract,Somatic mesoderm (tailbud),4.489679336104051,0.08113618535413607,0.3299700167022958,0.06333848496298015,0.72,586,23
Outflow tract,Somatic motor neuron,4.695639447699942,-0.04082837746791116,-1.5000793925748273,0.04552467198901121,0.63,586,134
Outflow tract,Spinal cord (cervical),5.41716979972999,-0.36339550822922345,-10.445470774826639,0.0015831557262324075,0.0,586,8692
Outflow tract,Spinal cord (lumbar),5.349509599319688,-0.20891207291873393,-5.896490748490155,0.018854140546146005,0.14,586,3152
Outflow tract,Spinal cord (thoracic),5.483347081342221,-0.3153045705692194,-9.368438845649274,0.007308817407970915,0.0,586,12419
Outflow tract,Spinal cord interneuron progenitor,4.571388465882599,-0.11921344145879154,-0.4298954782101921,0.055182565776611445,0.59,586,65
Outflow tract,Splanchnic mesoderm,5.782042949285715,-0.10150247790373197,-2.8578871228012974,0.003893136085714473,0.35,586,15340
Outflow tract,Splanchnic mesoderm (cardiopulmonary),5.565620138014417,0.2721640573506591,6.593338932081967,0.0978764941280969,0.11,586,893
Outflow tract,Splanchnic mesoderm (septum transversum),5.4973020899215,0.19729361198602055,4.221714113710518,0.012604408506100076,0.14,586,701
Outflow tract,Surface ectoderm (anterior),5.305735410953929,-0.06497017528371589,-1.75721123285466,4.70437121708235e-05,0.15,586,2325
Outflow tract,Surface ectoderm (posterior),4.954708430989521,-0.10621675682195786,-1.6794717792183915,0.011102496065409298,0.69,586,224
Outflow tract,Telencephalon (dorsal),5.307186130361085,-0.3665361916803125,-10.988151143096951,0.004889855606342286,0.0,586,9362
Outflow tract,Trigeminal branchiomotor neuron,3.9961076738106107,-0.2278367914851024,-1.4126167833147933,0.005201694085200068,0.66,586,27
Outflow tract,Trigeminal placode,5.215412157640178,-0.22351522684046218,-5.134001199184645,0.0036866490891598208,0.0,586,1875
Outflow tract,Trigeminal sensory neuron,4.939091636455493,-0.06520991835831384,-1.3234099621266904,0.009954057674368124,0.83,586,268
Outflow tract,Trunk neural crest,5.13367615010448,-0.16448239040207557,-3.4699657521382883,0.000290857661814283,0.0,586,917
Outflow tract,Vagal neural crest,5.247651594293436,-0.2160006223107791,-5.565561711080833,0.0020237996694735,0.0,586,1902
Outflow tract,Visceral motor neuron,4.697191827654504,-0.09719121026174656,-1.214492918231029,0.008515405614910555,0.89,586,140
Outflow tract,Yolk sac endothelial cell,4.886353081203064,0.163599745645269,1.258505397542473,0.028154788933164233,0.54,586,60
Periocular mesoderm,Periocular mesoderm,9.00000000016866,-3.552713678800501e-15,-3.552208905331577e-05,4.386066633028826e-28,1.0,798,798
Periocular mesoderm,Pharyngeal arch mesenchyme,4.909726226865051,-0.362131018325987,-11.55153945116937,0.004292234282605291,0.0,798,4598
Periocular mesoderm,Pharyngeal endoderm,5.436366400228626,0.4685760463000494,14.48495516112517,0.00310547907189643,0.0,798,2292
Periocular mesoderm,Pharyngeal mesoderm,6.093277193294102,0.8493893931228982,24.11792683878247,0.06751948942437552,0.0,798,2901
Periocular mesoderm,Pre-placodal ectoderm,4.933458292881093,-0.25796531203200185,-7.17250022793167,0.0197560832182887,0.0,798,3388
Periocular mesoderm,Prechordal plate,4.008860447307868,-0.05758752388348087,-0.03889832824969101,0.03599470878752858,0.63,798,38
Periocular mesoderm,Presomitic mesoderm,5.341830968233507,-0.21068575836443296,-7.067329078957059,0.020911736147719493,0.08,798,9179
Periocular mesoderm,Primordial germ cell,4.2647502166520415,-0.045216546959198446,-0.5900659740166757,0.00011493848582351884,0.77,798,141
Periocular mesoderm,Respiratory progenitor,5.13966938733853,0.3486022402078672,7.354669371543127,0.0006628131402107828,0.0,798,531
Periocular mesoderm,Right ventricle,5.309726294665438,0.2234938043882376,5.9483779421556155,0.04380295241661597,0.8,798,991
Periocular mesoderm,Roof plate (anterior),4.767548717076752,-0.1911348404420193,-3.6445727601656457,0.011931210861900327,0.53,798,384
Periocular mesoderm,Roof plate (posterior),5.016599744737953,-0.2987048745726071,-7.373019806284373,0.004982351526228731,0.0,798,1395
Periocular mesoderm,Sclerotome,5.433190845655315,0.03648699033082329,1.244965750628706,0.0009780255088236319,0.93,798,8569
Periocular mesoderm,Second heart field (anterior),5.112393174869021,0.18402188739334058,3.7020410554451364,0.017300632898867414,0.63,798,420
Periocular mesoderm,Second heart field (posterior),5.101423867799979,-0.019317446523730908,-0.45576786716822326,0.006961810663632158,0.81,798,984
Periocular mesoderm,Somatic mesoderm,5.318956094490955,-0.2687667036834265,-9.346200566849893,0.002427195014661934,0.0,798,16744
Periocular mesoderm,Somatic mesoderm (anterior),4.712519957429575,-0.1910175018734203,-2.88895855479798,0.0003316654313271831,0.04,798,274
Periocular mesoderm,Somatic mesoderm (tailbud),4.231336172933028,0.08801530564588116,0.15973802403930537,0.14911235940639078,0.89,798,23
Periocular mesoderm,Somatic motor neuron,4.470859331680891,-0.025584577189951514,0.029064164800355615,0.011281342928950418,0.98,798,134
Periocular mesoderm,Spinal cord (cervical),5.211293424796158,-0.3195185947331476,-10.374709588950434,0.020059239335437847,0.0,798,8692
Periocular mesoderm,Spinal cord (lumbar),5.1012885163626605,-0.20861435223271693,-5.24615476071538,0.0048738251867773575,0.0,798,3152
Periocular mesoderm,Spinal cord (thoracic),5.297122241439012,-0.2519033509899649,-8.45936080427097,0.0030645474930567776,0.0,798,12419
Periocular mesoderm,Spinal cord interneuron progenitor,4.452766465161725,0.008562149060698262,1.065611610048399,0.16207193840435846,0.78,798,65
Periocular mesoderm,Splanchnic mesoderm,5.33017650589004,-0.30450793767103274,-10.118120144160216,0.0002098621304031998,0.0,798,15340
Periocular mesoderm,Splanchnic mesoderm (cardiopulmonary),4.928443140598775,-0.11279429839594239,-2.7151954627389365,0.004007261279407092,0.45,798,893
Periocular mesoderm,Splanchnic mesoderm (septum transversum),5.079011860224501,0.03135312452112545,0.7435055399867744,0.010592438059242733,0.8,798,701
Periocular mesoderm,Surface ectoderm (anterior),4.871136876660354,-0.24810488742888884,-7.1450953033862,0.01760416851752957,0.01,798,2325
Periocular mesoderm,Surface ectoderm (posterior),4.6951669814808,-0.10873430730752442,-1.9672117373648828,0.009363139672182039,1.0,798,224
Periocular mesoderm,Telencephalon (dorsal),5.089756481424924,-0.3303807626946392,-10.746424599820472,0.00200354857415378,0.0,798,9362
Periocular mesoderm,Trigeminal branchiomotor neuron,3.7647540417775094,-0.20671713646477827,-0.6516053356031913,0.26451767731055303,0.92,798,27
Periocular mesoderm,Trigeminal placode,4.91851844528917,-0.26793353445769225,-6.828660544184134,0.015789588021513392,0.0,798,1875
Periocular mesoderm,Trigeminal sensory neuron,4.660591546502534,-0.09523791477703458,-2.171659817832442,0.03635011347746771,0.88,798,268
Periocular mesoderm,Trunk neural crest,4.834473903161036,-0.2092671171572862,-4.570060508224329,0.0181409589400756,0.26,798,917
Periocular mesoderm,Vagal neural crest,4.970210676805687,-0.24128751060055867,-6.275336246567588,0.0038119687975401006,0.0,798,1902
Periocular mesoderm,Visceral motor neuron,4.586343159277952,0.05595297013404821,1.6590083874512231,0.07041269671627065,0.88,798,140
Periocular mesoderm,Yolk sac endothelial cell,4.420767693253338,-0.050153836061532786,-0.3964649730560894,0.006683285402679872,0.87,798,60
Pharyngeal arch mesenchyme,Pharyngeal arch mesenchyme,9.000000000075984,-1.3026616822268503e-14,-0.0001302491310651333,1.0518145402946822e-30,1.0,4598,4598
Pharyngeal arch mesenchyme,Pharyngeal endoderm,5.131610053625983,-0.3461941768057531,-14.94331663128555,0.00987259196405406,0.0,4598,2292
Pharyngeal arch mesenchyme,Pharyngeal mesoderm,5.40690087596838,-0.34163257210290254,-17.172174675011966,0.00024071354222567485,0.0,4598,2901
Pharyngeal arch mesenchyme,Pre-placodal ectoderm,6.436253062210984,0.7349400787053275,36.69862147409349,0.01409664441603341,0.0,4598,3388
Pharyngeal arch mesenchyme,Prechordal plate,4.238805596835051,-0.3486190018373095,-2.313530834320441,0.03786716798188855,0.1,4598,38
Pharyngeal arch mesenchyme,Presomitic mesoderm,6.074263857199977,0.012953665536183934,0.2054633917868416,0.0035566048676046553,0.07,4598,9179
Pharyngeal arch mesenchyme,Primordial germ cell,4.350908116550257,-0.47119213949640476,-6.5130965486632135,0.016088050351677208,0.0,4598,141
Pharyngeal arch mesenchyme,Respiratory progenitor,4.923813147875222,-0.3778450158998246,-9.845046274866034,0.01585310498502195,0.0,4598,531
Pharyngeal arch mesenchyme,Right ventricle,5.310801257253565,-0.28445341670364144,-9.703102245777929,0.006988573324635541,0.0,4598,991
Pharyngeal arch mesenchyme,Roof plate (anterior),6.230431679399182,0.7621528748094931,16.898714481888437,0.047688129895102835,0.0,4598,384
Pharyngeal arch mesenchyme,Roof plate (posterior),6.293164903029337,0.4716241066653805,16.87055753560101,0.02244451491646906,0.0,4598,1395
Pharyngeal arch mesenchyme,Sclerotome,5.579011297080285,-0.32360293283306696,-20.623364305447748,0.008075101543058478,0.0,4598,8569
Pharyngeal arch mesenchyme,Second heart field (anterior),5.217245900029563,-0.22443595499775792,-4.940246025754672,0.02091879079419243,0.09,4598,420
Pharyngeal arch mesenchyme,Second heart field (posterior),5.434909238322241,-0.1952197741534795,-6.224773470533524,0.004678568355066826,0.0,4598,984
Pharyngeal arch mesenchyme,Somatic mesoderm,5.962807388883003,-0.13397795922208497,-8.753391366882942,0.002134863224258411,0.0,4598,16744
Pharyngeal arch mesenchyme,Somatic mesoderm (anterior),5.380915786077587,-0.03309586460370421,-0.9003527620200299,0.006257860971062575,0.96,4598,274
Pharyngeal arch mesenchyme,Somatic mesoderm (tailbud),4.728587448932505,0.08689053300089593,0.48595019909851245,0.009567550284692198,0.9,4598,23
Pharyngeal arch mesenchyme,Somatic motor neuron,4.687622493279297,-0.313635032815528,-4.594911466012002,0.03101225787585848,0.73,4598,134
Pharyngeal arch mesenchyme,Spinal cord (cervical),6.036697448493974,0.0018400452923644413,-1.2215170129689843,0.010983007018179124,0.08,4598,8692
Pharyngeal arch mesenchyme,Spinal cord (lumbar),5.854848213677954,0.038226048930167345,0.19539046216709108,0.009012644434209429,0.78,4598,3152
Pharyngeal arch mesenchyme,Spinal cord (thoracic),6.044723838797419,-0.012129016436274695,-1.831134926979235,0.00597578001264292,0.0,4598,12419
Pharyngeal arch mesenchyme,Spinal cord interneuron progenitor,4.768537585795231,-0.20850421790319432,-1.6141050237148076,0.0033697734123336025,0.4,4598,65
Pharyngeal arch mesenchyme,Splanchnic mesoderm,6.117994366186131,-0.023098636412704526,-1.3556501672052785,0.005864226857782865,0.01,4598,15340
Pharyngeal arch mesenchyme,Splanchnic mesoderm (cardiopulmonary),5.439734002785904,-0.10925009774810768,-4.09284875629188,0.00888658210509762,0.75,4598,893
Pharyngeal arch mesenchyme,Splanchnic mesoderm (septum transversum),5.315326985881191,-0.23972494261108798,-6.9479882849247865,0.003633999798040104,0.0,4598,701
Pharyngeal arch mesenchyme,Surface ectoderm (anterior),5.977861475516826,0.3528477610029667,17.159023012317764,0.0025825844166359156,0.0,4598,2325
Pharyngeal arch mesenchyme,Surface ectoderm (posterior),5.285706094501305,-0.02896443250472173,-0.9765156614007786,0.04368356148534973,0.04,4598,224
Pharyngeal arch mesenchyme,Telencephalon (dorsal),6.453884959076171,0.5238207473106407,29.659205966947194,0.0033701770082893916,0.0,4598,9362
Pharyngeal arch mesenchyme,Trigeminal branchiomotor neuron,4.282444142155851,-0.2223562402930607,-1.3855095091463208,0.019694101168795393,0.91,4598,27
Pharyngeal arch mesenchyme,Trigeminal placode,6.613008064238676,0.914649579708923,37.907601931983976,0.021677159439054385,0.0,4598,1875
Pharyngeal arch mesenchyme,Trigeminal sensory neuron,5.760176404968459,0.495048093620485,8.549454674006903,0.03951116488307676,0.0,4598,268
Pharyngeal arch mesenchyme,Trunk neural crest,5.84006860963985,0.29138458232156506,9.224885659048395,0.012881128898818397,0.0,4598,917
Pharyngeal arch mesenchyme,Vagal neural crest,6.215856938867577,0.4971602445331677,20.86523219007825,0.02257711395358856,0.0,4598,1902
Pharyngeal arch mesenchyme,Visceral motor neuron,4.807660307305202,-0.2722853757226635,-4.180436770261577,0.03229847246550244,0.87,4598,140
Pharyngeal arch mesenchyme,Yolk sac endothelial cell,4.919128524982194,-0.06574506292166434,-0.697605525840674,0.036764932968802844,0.69,4598,60
Pharyngeal endoderm,Pharyngeal endoderm,8.99999999995882,-1.3026616822268503e-14,-0.00013024492548809364,6.416068695797562e-29,1.0,2292,2292
Pharyngeal endoderm,Pharyngeal mesoderm,5.423492342739299,-0.022459220361808658,-1.3087225193749148,0.0030366907742327143,0.15,2292,2901
Pharyngeal endoderm,Pre-placodal ectoderm,5.128986395249291,-0.26864537292538593,-11.720630442958642,0.005653078289088462,0.0,2292,3388
Pharyngeal endoderm,Prechordal plate,4.8790830919142865,0.5965829747697322,4.929876847214612,0.05032743173311399,0.02,2292,38
Pharyngeal endoderm,Presomitic mesoderm,5.502230698233007,-0.25792927566915164,-13.677622161060611,0.0005571981583698402,0.0,2292,9179
Pharyngeal endoderm,Primordial germ cell,4.354204671028653,-0.17002551250919792,-2.6705521283523184,0.003891172472237964,0.22,2292,141
Pharyngeal endoderm,Respiratory progenitor,6.443042535410558,1.4441466786813564,38.32050122363053,0.16986283210980235,0.0,2292,531
Pharyngeal endoderm,Right ventricle,5.266360035037187,-0.026337486902208163,-1.0040162814399594,0.0019196623053987436,0.6,2292,991
Pharyngeal endoderm,Roof plate (anterior),4.919772222942132,-0.241671258104315,-5.469016574109503,0.0016874769798355831,0.02,2292,384
Pharyngeal endoderm,Roof plate (posterior),5.143980547733722,-0.3708648209583494,-13.202325565942518,0.002830005762893167,0.0,2292,1395
Pharyngeal endoderm,Sclerotome,5.5711286783844605,-0.0294604527189198,-2.4579743398899465,0.01161016130220293,0.0,2292,8569
Pharyngeal endoderm,Second heart field (anterior),5.086951882718986,-0.053711726372608425,-1.3779581455418723,0.0031696597628835805,1.0,2292,420
Pharyngeal endoderm,Second heart field (posterior),5.162535427037097,-0.1586100332085465,-5.305386160634077,0.0005544315054195439,0.0,2292,984
Pharyngeal endoderm,Somatic mesoderm,5.4055759918814985,-0.38796419052620507,-20.78786571145471,0.005744444337979137,0.0,2292,16744
Pharyngeal endoderm,Somatic mesoderm (anterior),4.936672350025467,-0.17340514916108715,-3.2972936548890153,0.006822511619166643,0.27,2292,274
Pharyngeal endoderm,Somatic mesoderm (tailbud),4.331600717447452,-0.026776542575513023,-0.0797728853995235,0.10376211792672196,0.35,2292,23
Pharyngeal endoderm,Somatic motor neuron,4.774662291645349,0.08489328215278762,0.7560474617337559,0.032912209261969624,0.64,2292,134
Pharyngeal endoderm,Spinal cord (cervical),5.4490681492837325,-0.28499376525711134,-16.19540854244706,0.004202096460640751,0.0,2292,8692
Pharyngeal endoderm,Spinal cord (lumbar),5.282839847465984,-0.23099408683050213,-10.323390162812684,0.003760176445974859,0.0,2292,3152
Pharyngeal endoderm,Spinal cord (thoracic),5.509527969444355,-0.24323390081123483,-13.675485563797118,0.003239399542114268,0.0,2292,12419
Pharyngeal endoderm,Spinal cord interneuron progenitor,4.654635906251867,0.00873794318567415,0.5012616832368845,0.034225209018881195,0.84,2292,65
Pharyngeal endoderm,Splanchnic mesoderm,5.4234842704764,-0.41453705984275463,-21.007597340843557,0.009187122515222178,0.0,2292,15340
Pharyngeal endoderm,Splanchnic mesoderm (cardiopulmonary),5.018003740454739,-0.22888089038804496,-6.745996424088337,0.0012154266035913235,0.0,2292,893
Pharyngeal endoderm,Splanchnic mesoderm (septum transversum),5.147537591744371,-0.10679643908724461,-3.2489975603505896,0.0015066486723243865,0.03,2292,701
Pharyngeal endoderm,Surface ectoderm (anterior),5.33736010409783,0.01676704523305202,1.305422841167022,0.005278511193107905,0.26,2292,2325
Pharyngeal endoderm,Surface ectoderm (posterior),4.9269915047208395,-0.09173047127140925,-1.7481143454492918,0.00260116648573591,0.37,2292,224
Pharyngeal endoderm,Telencephalon (dorsal),5.297153352874746,-0.3322602953362231,-15.654179326379435,0.007458658989034437,0.0,2292,9362
Pharyngeal endoderm,Trigeminal branchiomotor neuron,4.276978754805394,0.05679326547593799,0.34663134962435427,0.0805496853348049,0.71,2292,27
Pharyngeal endoderm,Trigeminal placode,5.086155288185179,-0.3100463104567594,-11.12408900069156,0.0030736955266073658,0.0,2292,1875
Pharyngeal endoderm,Trigeminal sensory neuron,4.833116867348874,-0.12629400722007786,-2.2056465834248176,0.020835784963854975,0.56,2292,268
Pharyngeal endoderm,Trunk neural crest,5.035724496189678,-0.21484232356918417,-6.990596767659732,0.015547927275610949,0.16,2292,917
Pharyngeal endoderm,Vagal neural crest,5.123644982804045,-0.29254845716405153,-10.84367170034705,0.0037229345703007955,0.0,2292,1902
Pharyngeal endoderm,Visceral motor neuron,4.897282418328273,0.1628697356539114,1.8827264193270474,0.004058616578293727,0.54,2292,140
Pharyngeal endoderm,Yolk sac endothelial cell,4.597547103235539,-0.07201997415102805,-0.8649871329973582,0.013096447988199197,0.99,2292,60
Pharyngeal mesoderm,Pharyngeal mesoderm,8.999999999973234,-2.960594732333751e-15,-2.9600163249373036e-05,1.020260104085842e-28,1.0,2901,2901
Pharyngeal mesoderm,Pre-placodal ectoderm,5.438284763270772,-0.22792712068526141,-10.576137901690835,0.003069444357263417,0.0,2901,3388
Pharyngeal mesoderm,Prechordal plate,4.531809466214434,-0.0033079432838665213,0.25850786211844906,0.034497197068848906,0.85,2901,38
Pharyngeal mesoderm,Presomitic mesoderm,5.784651845677204,-0.2443650059588641,-15.61889768630227,0.00013058287286061895,0.0,2901,9179
Pharyngeal mesoderm,Primordial germ cell,4.550555679997111,-0.23372642357554638,-3.3595923542444712,0.006380231313952413,0.08,2901,141
Pharyngeal mesoderm,Respiratory progenitor,5.227670431081928,-0.04288218633220916,-1.333543474916466,0.003985885002407078,0.53,2901,531
Pharyngeal mesoderm,Right ventricle,6.511060038690658,0.9489909031314232,34.140234264775636,0.04835087592742283,0.0,2901,991
Pharyngeal mesoderm,Roof plate (anterior),5.29697976998964,-0.13301378637681882,-3.3843555489853117,0.0031697796793423634,0.55,2901,384
Pharyngeal mesoderm,Roof plate (posterior),5.49816340652987,-0.2891300988942603,-10.833346423441055,0.002108628359191948,0.0,2901,1395
Pharyngeal mesoderm,Sclerotome,6.113318727187342,0.2419027949425351,15.639773229980696,0.0009257859735845931,0.0,2901,8569
Pharyngeal mesoderm,Second heart field (anterior),6.378077075165135,0.9682174193788068,23.629881998019442,0.01024644811602595,0.0,2901,420
Pharyngeal mesoderm,Second heart field (posterior),6.177307286210781,0.5830831661891764,19.771757002649483,0.03370091786155617,0.0,2901,984
Pharyngeal mesoderm,Somatic mesoderm,6.243838805754758,0.18031365708524896,11.421468937858029,0.004642930729585245,0.0,2901,16744
Pharyngeal mesoderm,Somatic mesoderm (anterior),5.8605251476658085,0.4776536511908362,8.668485665593694,0.015276407485021412,0.0,2901,274
Pharyngeal mesoderm,Somatic mesoderm (tailbud),4.605219411701294,-0.017250363674486735,-0.090104368452617,0.0339432893199618,0.53,2901,23
Pharyngeal mesoderm,Somatic motor neuron,4.786628761105079,-0.19000529623442297,-2.550611090427029,0.006949641123233565,0.81,2901,134
Pharyngeal mesoderm,Spinal cord (cervical),5.632242744545404,-0.3723545989291524,-21.113706462166476,0.0008695856163472278,0.0,2901,8692
Pharyngeal mesoderm,Spinal cord (lumbar),5.551626168637411,-0.227741406074764,-10.993620312102545,0.019787263828201736,0.22,2901,3152
Pharyngeal mesoderm,Spinal cord (thoracic),5.711631056938578,-0.31180866461400153,-19.626602269911242,0.004503264829516826,0.0,2901,12419
Pharyngeal mesoderm,Spinal cord interneuron progenitor,4.825977667967385,-0.08948761150269628,-0.49292819679057076,0.01366450979872899,0.99,2901,65
Pharyngeal mesoderm,Splanchnic mesoderm,6.056710631425692,-0.05112487024405521,-3.2205286457183377,1.8013057422296456e-05,0.0,2901,15340
Pharyngeal mesoderm,Splanchnic mesoderm (cardiopulmonary),6.10092610082257,0.584466573586921,18.355716982094453,0.09707273839185224,0.0,2901,893
Pharyngeal mesoderm,Splanchnic mesoderm (septum transversum),5.650435183185961,0.12979677191018002,4.13049657760699,0.01759414224404107,0.84,2901,701
Pharyngeal mesoderm,Surface ectoderm (anterior),5.407977289784246,-0.18639242309153659,-8.519659330668343,0.002256029847709351,0.0,2901,2325
Pharyngeal mesoderm,Surface ectoderm (posterior),5.113209593292166,-0.17254442387851862,-3.3807933994881645,0.004649825141528009,0.1,2901,224
Pharyngeal mesoderm,Telencephalon (dorsal),5.5481768165604874,-0.3482880678963503,-19.959057672463004,0.0016302669075643733,0.0,2901,9362
Pharyngeal mesoderm,Trigeminal branchiomotor neuron,4.144258471405838,-0.2893221453126231,-1.631524649725583,0.023835225237443948,0.34,2901,27
Pharyngeal mesoderm,Trigeminal placode,5.393377301696396,-0.27299938728625506,-10.880910197961038,0.0011274426777198566,0.0,2901,1875
Pharyngeal mesoderm,Trigeminal sensory neuron,5.050395642098011,-0.1865410314829171,-3.5123274917687115,0.001341267733511784,0.12,2901,268
Pharyngeal mesoderm,Trunk neural crest,5.330941388663501,-0.18600284863981909,-6.70901108387816,0.010676485440083957,0.27,2901,917
Pharyngeal mesoderm,Vagal neural crest,5.477002270311566,-0.20975030585920015,-8.858383155953817,0.0019563812419217614,0.0,2901,1902
Pharyngeal mesoderm,Visceral motor neuron,4.956850923961036,-0.05863537152482934,-1.4446318363042572,0.012668676053201322,0.88,2901,140
Pharyngeal mesoderm,Yolk sac endothelial cell,5.2744806325859805,0.34053164387535045,3.391811899005459,0.010569197641966198,0.0,2901,60
Pre-placodal ectoderm,Pre-placodal ectoderm,8.999999999915463,1.1842378929335002e-15,1.184069634361517e-05,1.7775665730980133e-28,1.0,3388,3388
Pre-placodal ectoderm,Prechordal plate,4.250514506636211,-0.2675255910575525,-1.8033771538524916,0.022604556690699804,0.15,3388,38
Pre-placodal ectoderm,Presomitic mesoderm,5.889440837419198,-0.09115795352411678,-5.6248137298080545,0.00010445380255834066,0.0,3388,9179
Pre-placodal ectoderm,Primordial germ cell,4.456452600634273,-0.27799633613287406,-4.00531701948131,0.005586823690566307,0.01,3388,141
Pre-placodal ectoderm,Respiratory progenitor,4.920778521272157,-0.29832028175337566,-6.940326888237448,0.0037402055822609004,0.0,3388,531
Pre-placodal ectoderm,Right ventricle,5.355356441179311,-0.16147355355191806,-5.308790238005013,0.003603551149997197,0.0,3388,991
Pre-placodal ectoderm,Roof plate (anterior),5.714638493897394,0.33489939894730164,7.302715800031244,0.01603823952534886,0.06,3388,384
Pre-placodal ectoderm,Roof plate (posterior),5.956430658387915,0.21415867792278487,7.455421980380034,0.007195446535653529,0.0,3388,1395
Pre-placodal ectoderm,Sclerotome,5.43299181429341,-0.3909753955026911,-22.4390228826089,0.010725204861552366,0.0,3388,8569
Pre-placodal ectoderm,Second heart field (anterior),5.315819741893459,-0.043326048478325774,-0.8719264588734544,0.004932589497376444,0.56,3388,420
Pre-placodal ectoderm,Second heart field (posterior),5.540612077009201,-0.007190951669466668,-0.15012779745441915,0.00072306431193977,0.99,3388,984
Pre-placodal ectoderm,Somatic mesoderm,6.012426396796356,-0.003364365015084599,-0.21747850851794973,0.001616216775379189,0.24,3388,16744
Pre-placodal ectoderm,Somatic mesoderm (anterior),5.280371624944698,-0.05381070351744258,-1.0755464953056562,0.007414368672775876,0.97,3388,274
Pre-placodal ectoderm,Somatic mesoderm (tailbud),4.505628783589831,-0.06440945755898397,-0.28876319239669207,0.06217104629122747,0.81,3388,23
Pre-placodal ectoderm,Somatic motor neuron,4.682170562990585,-0.23054409721760472,-4.037027900216138,0.09261194205260559,0.8,3388,134
Pre-placodal ectoderm,Spinal cord (cervical),5.720844224941987,-0.23513097901523464,-13.10416826916826,0.01185133420208063,0.0,3388,8692
Pre-placodal ectoderm,Spinal cord (lumbar),5.5896172917517335,-0.14855674347925074,-5.978767377996854,0.0008729998197118928,0.02,3388,3152
Pre-placodal ectoderm,Spinal cord (thoracic),5.758117366737859,-0.2166497269524991,-15.31174336069214,0.005109641041356866,0.0,3388,12419
Pre-placodal ectoderm,Spinal cord interneuron progenitor,4.536841974012666,-0.329933675034282,-2.3114925559549957,0.010981865112706168,0.13,3388,65
Pre-placodal ectoderm,Splanchnic mesoderm,6.165419977959181,0.10599814627335598,7.010243383145537,0.0036446218802312067,0.0,3388,15340
Pre-placodal ectoderm,Splanchnic mesoderm (cardiopulmonary),5.465219390578084,-0.0035392883245582616,-0.3463511557573731,0.007670993951817993,0.12,3388,893
Pre-placodal ectoderm,Splanchnic mesoderm (septum transversum),5.416507650897785,-0.05681928535912443,-1.4521600817446532,0.001973712146163012,0.4,3388,701
Pre-placodal ectoderm,Surface ectoderm (anterior),7.035489738868428,1.4909523305665673,59.59132344296419,0.024625562176017017,0.0,3388,2325
Pre-placodal ectoderm,Surface ectoderm (posterior),5.7125824885219805,0.4817895473750499,7.4931827950229675,0.08971677694886182,0.01,3388,224
Pre-placodal ectoderm,Telencephalon (dorsal),6.02875486062059,0.17808595048322662,10.155485749380086,0.0037098058477321666,0.0,3388,9362
Pre-placodal ectoderm,Trigeminal branchiomotor neuron,4.055630331569483,-0.3618315034650405,-1.6006493245835143,0.03238326051790458,0.3,3388,27
Pre-placodal ectoderm,Trigeminal placode,7.166322787180216,1.5496708139799225,57.576902681604,0.04607942403239302,0.0,3388,1875
Pre-placodal ectoderm,Trigeminal sensory neuron,6.797426951059989,1.6194046582186046,26.506769382261595,0.16031671997756866,0.0,3388,268
Pre-placodal ectoderm,Trunk neural crest,5.7360249343106515,0.26662871355290935,7.228036292475117,0.010545809612936385,0.0,3388,917
Pre-placodal ectoderm,Vagal neural crest,6.027988565194616,0.3866461343057385,14.479628106966478,0.0015693914715671717,0.0,3388,1902
Pre-placodal ectoderm,Visceral motor neuron,4.7931682340658055,-0.19355240209741176,-2.7328374505413238,0.024892058276384858,0.99,3388,140
Pre-placodal ectoderm,Yolk sac endothelial cell,5.042685310928923,0.1396815056335313,0.9353363560712099,0.023256905662729678,0.7,3388,60
Prechordal plate,Prechordal plate,8.999999999585096,4.736951571734001e-15,4.7363626064133336e-05,5.090782375026263e-28,1.0,38,38
Prechordal plate,Presomitic mesoderm,4.633055902654659,-0.22252089019234736,-1.4856973385323602,0.04015263932022307,0.52,38,9179
Prechordal plate,Primordial germ cell,3.1838814093170735,-0.4362100911687859,-1.4548379771478857,0.8554998659839372,0.82,38,141
Prechordal plate,Respiratory progenitor,4.373153986456575,0.27954323152405786,2.3604654605871658,0.04627323515606191,0.41,38,531
Prechordal plate,Right ventricle,4.352601733888405,-0.041090488211730225,0.26725652705829556,0.07624312353016158,0.42,38,991
Prechordal plate,Roof plate (anterior),4.021227150541573,-0.24518424366725208,-1.2543117011741662,0.22403338001635725,0.41,38,384
Prechordal plate,Roof plate (posterior),4.194538911360962,-0.4392676511611417,-2.795407366518415,0.03966675813497155,0.03,38,1395
Prechordal plate,Sclerotome,4.640534226594499,-0.07159784556944615,-0.6313411985331066,0.025708022820427466,0.44,38,8569
Prechordal plate,Second heart field (anterior),4.168597821431231,-0.07875715259588893,-0.47231388375164046,0.03278265074858344,0.52,38,420
Prechordal plate,Second heart field (posterior),4.240282664576337,-0.19453001175215676,-1.2577294407300064,0.02203256192949896,0.57,38,984
Prechordal plate,Somatic mesoderm,4.472687496148242,-0.43475601542933456,-2.9961262260140717,0.05065282525249719,0.06,38,16744
Prechordal plate,Somatic mesoderm (anterior),3.7820749617983247,-0.44032104884495366,-2.0030916559511005,0.4150245870825505,0.88,38,274
Prechordal plate,Somatic mesoderm (tailbud),3.5157684740908235,0.004334968804824276,0.09111014381834966,0.006994393233271549,0.94,38,23
Prechordal plate,Somatic motor neuron,4.151373541806222,0.332943008368668,0.42955253180560987,0.404204756931823,0.27,38,134
Prechordal plate,Spinal cord (cervical),4.671707592584569,-0.17777125270562757,-1.1330818087230072,0.059688150187736225,0.47,38,8692
Prechordal plate,Spinal cord (lumbar),4.2622024673282795,-0.3721405073573581,-2.7524652136247254,0.02270150966109918,0.19,38,3152
Prechordal plate,Spinal cord (thoracic),4.668761992384524,-0.1923148194564591,-1.1574958963207276,0.053643425922931365,0.97,38,12419
Prechordal plate,Spinal cord interneuron progenitor,3.9135433008816594,0.15985582074077978,0.7098897595684743,0.10781801249681924,0.42,38,65
Prechordal plate,Splanchnic mesoderm,4.4574467809739025,-0.48089599750366724,-3.6543400728626403,0.0029149529135992077,0.0,38,15340
Prechordal plate,Splanchnic mesoderm (cardiopulmonary),4.025758502830714,-0.3338671707339711,-1.8485631019648443,0.15961860461000396,0.83,38,893
Prechordal plate,Splanchnic mesoderm (septum transversum),4.341121970588226,-0.02728209926469501,-0.07390756393648557,0.01585839515360157,0.98,38,701
Prechordal plate,Surface ectoderm (anterior),4.36461627185497,-0.08316609427888573,-0.5142004368623864,0.012795123569686855,0.93,38,2325
Prechordal plate,Surface ectoderm (posterior),3.945370720966802,-0.1746728482964953,-0.6561090116934788,0.18562569858985076,0.81,38,224
Prechordal plate,Telencephalon (dorsal),4.429714036928313,-0.293469836208424,-1.9122119650336418,0.03560994301058048,0.49,38,9362
Prechordal plate,Trigeminal branchiomotor neuron,2.9376385354068937,-0.36573312604108404,-0.5691323551027758,0.36523718938681415,0.36,38,27
Prechordal plate,Trigeminal placode,4.145545402639827,-0.3588416670820645,-2.3332363834292633,0.07284389026068899,0.21,38,1875
Prechordal plate,Trigeminal sensory neuron,3.8458390473571775,-0.22934064818377742,-1.115141687821793,0.056455777447255835,0.84,38,268
Prechordal plate,Trunk neural crest,3.9532760495023886,-0.41508616600203246,-2.315365798931452,0.1690266283593405,1.0,38,917
Prechordal plate,Vagal neural crest,4.0594570386207005,-0.46739112606401195,-3.016869838383498,0.03895954054780512,0.01,38,1902
Prechordal plate,Visceral motor neuron,4.064927873941594,0.22424247943385764,0.8149956616048256,0.035938356657024814,0.99,38,140
Prechordal plate,Yolk sac endothelial cell,3.732107019351448,-0.05188341964248474,0.09038418831634469,0.2943672510723868,0.69,38,60
Presomitic mesoderm,Presomitic mesoderm,8.999999999998808,-5.921189464667502e-15,-5.92020091891e-05,2.093110935186418e-28,1.0,9179,9179
Presomitic mesoderm,Primordial germ cell,4.492928702281978,-0.6085669130923019,-9.82495147941744,0.035366673890799616,0.0,9179,141
Presomitic mesoderm,Respiratory progenitor,5.317549379518887,-0.2629632761941127,-7.922923617314257,0.004850316206698565,0.0,9179,531
Presomitic mesoderm,Right ventricle,5.602875195560988,-0.2732149679108593,-10.746495537560742,0.00554428526412628,0.0,9179,991
Presomitic mesoderm,Roof plate (anterior),5.827200268535773,0.08759904043159701,1.3196758570377456,0.00876962674734006,0.67,9179,384
Presomitic mesoderm,Roof plate (posterior),6.349776099680823,0.24729157724048592,11.501993989057105,0.003917680683135742,0.0,9179,1395
Presomitic mesoderm,Sclerotome,6.154053446247274,-0.030333936467099736,-2.8114973409609156,0.001619780126730834,0.22,9179,8569
Presomitic mesoderm,Second heart field (anterior),5.488089366406375,-0.23327652226589665,-6.276161487441979,0.004115357892815809,0.0,9179,420
Presomitic mesoderm,Second heart field (posterior),5.6779806261829755,-0.2247804588773441,-9.812878344223263,0.0012115778224351616,0.0,9179,984
Presomitic mesoderm,Somatic mesoderm,6.338502050157911,-0.036747466809767516,-3.5647564932322395,0.0054874729608751175,0.0,9179,16744
Presomitic mesoderm,Somatic mesoderm (anterior),5.579068012496571,-0.11237516708646804,-2.3642946330028556,0.004622943063603996,0.23,9179,274
Presomitic mesoderm,Somatic mesoderm (tailbud),5.515888543707745,0.57546489215165,3.4847120153120965,0.014885429018324372,0.02,9179,23
Presomitic mesoderm,Somatic motor neuron,5.450126361408574,0.15768273832660876,2.868471037239709,0.017341640726724256,0.93,9179,134
Presomitic mesoderm,Spinal cord (cervical),6.596120930811686,0.279891550863866,24.393416613487037,0.005449684915888877,0.0,9179,8692
Presomitic mesoderm,Spinal cord (lumbar),6.925433407367827,0.8354008206996628,51.28986880333169,0.0465149174201392,0.0,9179,3152
Presomitic mesoderm,Spinal cord (thoracic),6.9484638808306265,0.6115063632411358,57.99730035951243,0.012075034352849703,0.0,9179,12419
Presomitic mesoderm,Spinal cord interneuron progenitor,5.478099679377753,0.23061478116253772,1.7181037429969448,0.020280389503032237,0.16,9179,65
Presomitic mesoderm,Splanchnic mesoderm,6.7288252589609305,0.3079492152041234,32.36917821869813,0.003011698385611667,0.0,9179,15340
Presomitic mesoderm,Splanchnic mesoderm (cardiopulmonary),5.654193642563734,-0.17775091062191142,-6.6461323474123,0.0030463116572062828,0.0,9179,893
Presomitic mesoderm,Splanchnic mesoderm (septum transversum),5.541932286542853,-0.29297641375837874,-9.384579422853852,0.00703782779015917,0.0,9179,701
Presomitic mesoderm,Surface ectoderm (anterior),5.746244514745061,-0.15871635634127448,-8.11588906450369,0.002543559061444695,0.0,9179,2325
Presomitic mesoderm,Surface ectoderm (posterior),5.442881944593413,-0.15527299157954655,-3.573175425734449,0.017353481063962214,0.61,9179,224
Presomitic mesoderm,Telencephalon (dorsal),6.197092666751139,-0.01511214140289674,-1.2865131189706718,0.001781506897486211,0.07,9179,9362
Presomitic mesoderm,Trigeminal branchiomotor neuron,4.812966422775599,0.041111732427250004,-0.20700719444941632,0.049845617752557074,0.66,9179,27
Presomitic mesoderm,Trigeminal placode,5.96208948902652,-0.015274434189470831,-0.8260400304754135,0.0008510075620697488,0.36,9179,1875
Presomitic mesoderm,Trigeminal sensory neuron,5.470700846440899,-0.07990936566354752,-1.589418938736328,1.6068053445796047e-05,0.46,9179,268
Presomitic mesoderm,Trunk neural crest,6.026821682046372,0.19372163317897564,7.130748004124907,0.006843191456022284,0.03,9179,917
Presomitic mesoderm,Vagal neural crest,6.1639224203353296,0.16333433455812507,8.481047671877112,0.0027230689310843094,0.0,9179,1902
Presomitic mesoderm,Visceral motor neuron,5.499549116697589,0.17872100531875498,0.9376736138264322,0.0960001809976144,0.05,9179,140
Presomitic mesoderm,Yolk sac endothelial cell,5.128023388253927,-0.12874181616179156,-1.5578550507870972,0.011146977230141387,0.94,9179,60
Primordial germ cell,Primordial germ cell,9.000000000129196,1.1842378929335002e-15,1.1841958218465536e-05,5.469435609532348e-29,1.0,141,141
Primordial germ cell,Respiratory progenitor,4.322477887156364,-0.02359176619127945,-0.15286574029371333,0.012351745960880837,0.84,141,531
Primordial germ cell,Right ventricle,4.485450653089697,-0.14637640275775135,-2.266332960348011,0.03975912583494374,0.44,141,991
Primordial germ cell,Roof plate (anterior),4.177320685138985,-0.3307023019265702,-3.6877072809718476,0.013584723406110649,0.01,141,384
Primordial germ cell,Roof plate (posterior),4.480794947062207,-0.37948895302464375,-5.052246439310816,0.027140034829745266,0.0,141,1395
Primordial germ cell,Sclerotome,4.463396293882553,-0.4843967318724311,-7.565475966217426,0.005537664958998257,0.0,141,8569
Primordial germ cell,Second heart field (anterior),4.501791480199937,0.010043141157554262,0.14661453606776195,0.0042495807095055795,0.85,141,420
Primordial germ cell,Second heart field (posterior),4.496854441477455,-0.17043023510504143,-2.5149970494111122,0.02723485488629242,0.66,141,984
Primordial germ cell,Somatic mesoderm,4.795219287480482,-0.3302251123608076,-5.02115123219434,0.022821070023579644,0.02,141,16744
Primordial germ cell,Somatic mesoderm (anterior),4.354381495411784,-0.09793834899823128,-0.8606552442725249,0.03724554578015677,0.51,141,274
Primordial germ cell,Somatic mesoderm (tailbud),3.4724876826367854,-0.21569427228556157,-1.0001214756966723,0.01774667276136134,0.62,141,23
Primordial germ cell,Somatic motor neuron,4.097570629165147,0.07624649067695251,-1.0650946850505691,0.3235245033183272,0.07,141,134
Primordial germ cell,Spinal cord (cervical),4.447138194988355,-0.6233809374587894,-9.139168256225416,0.020613282586120496,0.0,141,8692
Primordial germ cell,Spinal cord (lumbar),4.451235902500233,-0.39107966993950455,-5.374831132685834,0.002422156266598385,0.0,141,3152
Primordial germ cell,Spinal cord (thoracic),4.499322667906458,-0.5910060741680491,-8.964851737132792,0.02778128366132069,0.0,141,12419
Primordial germ cell,Spinal cord interneuron progenitor,3.7672292138869907,-0.22764613149822535,-1.0050879576677425,0.10258778275024186,0.94,141,65
Primordial germ cell,Splanchnic mesoderm,4.868326550234898,-0.3110078961964975,-5.192811738042384,0.02234274463539764,0.07,141,15340
Primordial germ cell,Splanchnic mesoderm (cardiopulmonary),4.4445337627072945,-0.13659427657113424,-1.8610876250300612,0.013203344303909318,0.65,141,893
Primordial germ cell,Splanchnic mesoderm (septum transversum),4.444560347465198,-0.15332221270839477,-1.9342568490999146,0.005651715831794329,0.32,141,701
Primordial germ cell,Surface ectoderm (anterior),4.581206373862869,-0.08682859071706932,-1.4853798440052082,0.019943511497810602,0.36,141,2325
Primordial germ cell,Surface ectoderm (posterior),4.434913168015307,0.07932716652101757,0.68571362188964,0.012241441007301597,0.88,141,224
Primordial germ cell,Telencephalon (dorsal),4.393610037726355,-0.5723075057736006,-7.9716467336161045,0.03440382665597368,0.0,141,9362
Primordial germ cell,Trigeminal branchiomotor neuron,3.412798258510883,-0.11681244051849819,0.1732498537077146,0.27271730085589013,0.51,141,27
Primordial germ cell,Trigeminal placode,4.399750436028939,-0.32421544724915013,-4.274788517851533,0.02074137679678788,0.07,141,1875
Primordial germ cell,Trigeminal sensory neuron,4.092278759063737,-0.206270536319749,-2.059255282052521,0.05521480164036448,0.77,141,268
Primordial germ cell,Trunk neural crest,4.4599141690648345,-0.13622255626629384,-1.5282571927701423,0.0033488329659146767,0.35,141,917
Primordial germ cell,Vagal neural crest,4.397352827688732,-0.35200602855305707,-5.040358987668983,0.0053862622193835835,0.0,141,1902
Primordial germ cell,Visceral motor neuron,3.883507216913431,-0.1977547608768182,-1.3516780876723284,0.010373785095244559,0.49,141,140
Primordial germ cell,Yolk sac endothelial cell,4.156733259687035,0.15649507925807837,1.1617713833778593,0.027103899388094245,1.0,141,60
Respiratory progenitor,Respiratory progenitor,8.99999999983697,-2.960594732333751e-15,-2.960163565522696e-05,2.0615564989775774e-28,1.0,531,531
Respiratory progenitor,Right ventricle,5.050534004030595,-0.06840914719535718,-1.5902300019746176,0.008338317154128925,0.38,531,991
Respiratory progenitor,Roof plate (anterior),4.849596671496293,-0.13096124780203441,-2.4803914818589283,0.014236618091029645,0.93,531,384
Respiratory progenitor,Roof plate (posterior),4.984292910473652,-0.36022215387702783,-8.362251156521602,0.006543464974326756,0.0,531,1395
Respiratory progenitor,Sclerotome,5.302220801740954,-0.12441440477712984,-3.104339689050254,0.007606836221315912,0.44,531,8569
Respiratory progenitor,Second heart field (anterior),5.0251041856395275,0.06524167751688914,1.2333897376830414,0.002954913763619048,0.64,531,420
Respiratory progenitor,Second heart field (posterior),5.023763156827584,-0.12094476472529703,-2.5595194888240735,0.005313849032938964,0.35,531,984
Respiratory progenitor,Somatic mesoderm,5.203667913132828,-0.4133508349839958,-11.256305654861663,0.019559001163509573,0.0,531,16744
Respiratory progenitor,Somatic mesoderm (anterior),4.745772062613529,-0.19193878496788397,-3.4895566990043654,0.016897010228445634,0.55,531,274
Respiratory progenitor,Somatic mesoderm (tailbud),4.296057425913582,0.11415599334993203,0.6587465081291745,0.09849846362724889,0.45,531,23
Respiratory progenitor,Somatic motor neuron,4.692072385909369,0.17832519198883467,1.09092247695722,0.056207572220287695,0.42,531,134
Respiratory progenitor,Spinal cord (cervical),5.254581028142327,-0.30108562066090183,-8.208601573851,7.153531128386924e-05,0.0,531,8692
Respiratory progenitor,Spinal cord (lumbar),5.091578436302726,-0.2468442137660114,-6.581436355303306,0.01323206002602081,0.02,531,3152
Respiratory progenitor,Spinal cord (thoracic),5.291860678665699,-0.2825538411608021,-7.82800265320951,0.004033796039116561,0.0,531,12419
Respiratory progenitor,Spinal cord interneuron progenitor,4.396972208676339,-0.08433247052388015,0.16214274345026217,0.10449725119559691,0.88,531,65
Respiratory progenitor,Splanchnic mesoderm,5.223162747797283,-0.43620107641225686,-12.166532006259501,0.018725543718851292,0.0,531,15340
Respiratory progenitor,Splanchnic mesoderm (cardiopulmonary),4.866444388126156,-0.20425462975851172,-4.576218508629926,0.013302878251549875,0.06,531,893
Respiratory progenitor,Splanchnic mesoderm (septum transversum),5.048842545382296,-0.02691140707999266,-0.6174460935666307,0.014141139783856877,0.98,531,701
Respiratory progenitor,Surface ectoderm (anterior),5.06717819483896,-0.07607576166124967,-2.098425654279752,0.000770447908305007,0.15,531,2325
Respiratory progenitor,Surface ectoderm (posterior),4.815264588931616,-0.025676909665447372,-0.5381311265409034,0.006238192511235955,0.89,531,224
Respiratory progenitor,Telencephalon (dorsal),5.124384195912833,-0.3257102051691672,-8.636564898449778,0.008249665156177201,0.0,531,9362
Respiratory progenitor,Trigeminal branchiomotor neuron,4.211981036949723,0.17473821749331883,1.0193166030914504,0.0027084521671325505,0.56,531,27
Respiratory progenitor,Trigeminal placode,4.880410178811132,-0.33900048352408163,-7.886573263638154,0.007123670014846874,0.0,531,1875
Respiratory progenitor,Trigeminal sensory neuron,4.615442215602652,-0.16822175903375639,-2.511089310584554,0.035110420536189284,0.58,531,268
Respiratory progenitor,Trunk neural crest,4.833759130052756,-0.2317490857926865,-4.8395274890786375,0.00528834583250248,0.01,531,917
Respiratory progenitor,Vagal neural crest,4.914202696088416,-0.32481741648841594,-7.8822334292309755,0.003917615866926322,0.0,531,1902
Respiratory progenitor,Visceral motor neuron,4.761718060086616,0.18584879004315832,1.9327502717293832,0.004042334139871255,0.39,531,140
Respiratory progenitor,Yolk sac endothelial cell,4.439860604021075,-0.05750842779087728,-0.9669925493074074,0.06667422989061807,0.82,531,60
Right ventricle,Right ventricle,8.999999999962341,6.5133084111342514e-15,6.512035964173333e-05,1.7775665730980133e-28,1.0,991,991
Right ventricle,Roof plate (anterior),5.13569709916832,-0.14636993119756495,-2.802621497754472,0.000975825976764789,0.21,991,384
Right ventricle,Roof plate (posterior),5.3356834940674,-0.2944674451095895,-8.701823863808537,0.009626995019270602,0.0,991,1395
Right ventricle,Sclerotome,5.740222105585544,0.021784322597594812,0.8473039231673151,0.0012165721972686658,0.44,991,8569
Right ventricle,Second heart field (anterior),6.389524833556879,1.135896281368067,26.828631866411104,0.09176521565619128,0.0,991,420
Right ventricle,Second heart field (posterior),5.849457163503764,0.4125432347622846,12.806022463579387,0.008574640530576983,0.0,991,984
Right ventricle,Somatic mesoderm,6.033319243778212,0.12298527154100469,4.787352534592063,0.0018325243368879647,0.0,991,16744
Right ventricle,Somatic mesoderm (anterior),5.369152760219317,0.1378902348714369,2.8354315269689305,0.011401303366633407,0.59,991,274
Right ventricle,Somatic mesoderm (tailbud),4.404720117272462,-0.07176456947297183,-0.5377620687282324,0.08119743518631722,0.22,991,23
Right ventricle,Somatic motor neuron,4.739121095901601,-0.08355750740110886,-1.5698754483074089,0.029287921459888636,0.85,991,134
Right ventricle,Spinal cord (cervical),5.475970438407508,-0.3739722596085855,-12.525267240464805,0.005908561749871779,0.0,991,8692
Right ventricle,Spinal cord (lumbar),5.361496886741636,-0.2685592790943779,-8.032177949511615,0.007115266841991624,0.0,991,3152
Right ventricle,Spinal cord (thoracic),5.544926305458687,-0.3232824451400873,-12.003760742781528,0.009908944771889213,0.0,991,12419
Right ventricle,Spinal cord interneuron progenitor,4.607422405655505,-0.16037918174390686,-0.8657821001940599,0.05639939964599258,0.89,991,65
Right ventricle,Splanchnic mesoderm,5.852433537082121,-0.10057930132228658,-4.0113282121384595,0.008361794540965521,0.99,991,15340
Right ventricle,Splanchnic mesoderm (cardiopulmonary),5.52139105756122,0.15952848250335064,4.272302256705097,0.02368737883664569,0.25,991,893
Right ventricle,Splanchnic mesoderm (septum transversum),5.669565988786501,0.3020149359770444,7.654723087879731,0.01410307438356123,0.0,991,701
Right ventricle,Surface ectoderm (anterior),5.382796216218928,-0.05733636803549658,-1.7541278642349958,0.003305776821761014,0.69,991,2325
Right ventricle,Surface ectoderm (posterior),5.053136087605467,-0.08455397886842331,-1.5280810710602062,0.0031672394244611525,0.4,991,224
Right ventricle,Telencephalon (dorsal),5.415216663497955,-0.32766532474532867,-11.26097572592287,0.0041018558648075725,0.0,991,9362
Right ventricle,Trigeminal branchiomotor neuron,4.038122123953964,-0.27121400995778977,-1.4232089576385623,0.03948097736912304,0.72,991,27
Right ventricle,Trigeminal placode,5.328946064816946,-0.1840355181628516,-5.938421641192083,0.0007015295670802027,0.0,991,1875
Right ventricle,Trigeminal sensory neuron,4.989470198740992,-0.08632657228877368,-1.7526469815792114,0.012806945283926214,0.83,991,268
Right ventricle,Trunk neural crest,5.188488140692883,-0.17788934789880204,-4.11464859600303,0.003856388016409356,0.0,991,917
Right ventricle,Vagal neural crest,5.291894552603002,-0.23951181030240468,-7.445532886449786,0.006809135215077153,0.0,991,1902
Right ventricle,Visceral motor neuron,4.744412600217828,-0.10786403141370234,-1.250613749030231,0.0065643772100757595,0.85,991,140
Right ventricle,Yolk sac endothelial cell,5.046755451407269,0.2527699977134743,2.1313309160145106,0.030939064800618997,0.17,991,60
Roof plate (anterior),Roof plate (anterior),8.999999999814221,7.105427357601002e-15,7.103786913583334e-05,3.2501069295105686e-28,1.0,384,384
Roof plate (anterior),Roof plate (posterior),6.082249106697887,0.5735977395785378,11.328964438529932,0.00044907931765843245,0.0,384,1395
Roof plate (anterior),Sclerotome,5.393400041717823,-0.19599911233613052,-4.966940776029241,0.003900628743968481,0.25,384,8569
Roof plate (anterior),Second heart field (anterior),5.062463693753135,-0.0626911305109239,-1.0863563415483304,0.003688564298898397,0.82,384,420
Roof plate (anterior),Second heart field (posterior),5.14819984592436,-0.16079571636767623,-2.6475080284629824,0.004161805927097746,0.02,384,984
Roof plate (anterior),Somatic mesoderm,5.70575121895094,-0.07971706677318362,-1.4305590704891802,0.0031918711661946863,0.53,384,16744
Roof plate (anterior),Somatic mesoderm (anterior),5.0831375641629375,-0.02075875388492972,-0.2567954305224485,0.00010047188346225987,0.89,384,274
Roof plate (anterior),Somatic mesoderm (tailbud),4.455920574951166,0.10558545894475173,0.5988531237538123,0.014733908003755666,0.9,384,23
Roof plate (anterior),Somatic motor neuron,4.536241116776954,-0.17413492124605323,-2.8810144600230454,0.06438438888878738,0.88,384,134
Roof plate (anterior),Spinal cord (cervical),5.776629563514059,0.05401566923066792,1.0644886878794098,0.0006032695738234892,0.42,384,8692
Roof plate (anterior),Spinal cord (lumbar),5.560198640987861,0.07141227798087317,1.044590469310941,0.004006295101700478,0.52,384,3152
Roof plate (anterior),Spinal cord (thoracic),5.8202056592504094,0.07444470510735653,1.3611133619538756,0.00262691924496002,0.53,384,12419
Roof plate (anterior),Spinal cord interneuron progenitor,4.5241567572323484,-0.12358911127976935,-0.9885377756143178,0.0009709423616386938,0.67,384,65
Roof plate (anterior),Splanchnic mesoderm,5.814310365156917,-0.010624524454723764,-0.010982693042736654,0.0014206559037687671,0.83,384,15340
Roof plate (anterior),Splanchnic mesoderm (cardiopulmonary),5.213508522416689,-0.02814277444628595,-0.4765969086973641,0.00012864025179952612,0.76,384,893
Roof plate (anterior),Splanchnic mesoderm (septum transversum),5.110678672195948,-0.13118271424939998,-1.8945404571168014,0.008741847857023642,0.22,384,701
Roof plate (anterior),Surface ectoderm (anterior),5.389974168483082,0.07984456949968492,2.1811727117459467,0.020763014023521043,0.75,384,2325
Roof plate (anterior),Surface ectoderm (posterior),4.936320709061224,-0.06582161518737983,-0.7175076522320875,0.020553907761049154,0.36,384,224
Roof plate (anterior),Telencephalon (dorsal),5.9506274211735475,0.32989801956760595,6.773871407623215,0.00032555879919555526,0.0,384,9362
Roof plate (anterior),Trigeminal branchiomotor neuron,4.0118664236148875,-0.1668135572100756,-0.8347840672233194,0.0013452344371879155,0.64,384,27
Roof plate (anterior),Trigeminal placode,5.8524236296930985,0.46804170783841226,8.515119528673775,0.011871201477196176,0.0,384,1875
Roof plate (anterior),Trigeminal sensory neuron,5.04201991185485,0.0937653721597395,2.0834279954208905,0.07971402280711476,0.95,384,268
Roof plate (anterior),Trunk neural crest,5.477355242954709,0.2388881626524834,5.2365189311883755,0.026436424527919007,0.59,384,917
Roof plate (anterior),Vagal neural crest,5.922280500049393,0.5196961204186522,10.106616003509659,0.03895169303220315,0.0,384,1902
Roof plate (anterior),Visceral motor neuron,4.566871950874289,-0.1434204739100169,-2.2592287705108802,0.04883606051768116,0.78,384,140
Roof plate (anterior),Yolk sac endothelial cell,4.668019562300995,0.006200251313122666,0.006821693700427095,0.0006873913626633454,0.99,384,60
Roof plate (posterior),Roof plate (posterior),8.99999999995916,7.697546304067751e-15,7.695916331318423e-05,2.3455464248571416e-28,1.0,1395,1395
Roof plate (posterior),Sclerotome,5.71835626476967,-0.2243953454011732,-10.251615800517177,0.005480783641508436,0.0,1395,8569
Roof plate (posterior),Second heart field (anterior),5.248593346213142,-0.23163824895867582,-4.6125176858298715,0.011880317664271455,0.01,1395,420
Roof plate (posterior),Second heart field (posterior),5.52188799449002,-0.14723096652414913,-3.986968603054193,0.007086867109665907,0.03,1395,984
Roof plate (posterior),Somatic mesoderm,6.063887748374959,-0.06988969199212836,-3.1152594825289035,0.00010048213243732812,0.02,1395,16744
Roof plate (posterior),Somatic mesoderm (anterior),5.481300415561254,0.025281590368367784,0.10437252221428639,0.013868227147318652,0.3,1395,274
Roof plate (posterior),Somatic mesoderm (tailbud),4.780262255840191,0.06962054905942772,0.40795201501218387,0.01822579067431991,0.94,1395,23
Roof plate (posterior),Somatic motor neuron,4.921292359120348,-0.15017328663518162,-2.241725733065221,0.013094516715814047,0.96,1395,134
Roof plate (posterior),Spinal cord (cervical),6.75765263518882,0.6825743561883337,29.475763381754987,0.006359329972191188,0.0,1395,8692
Roof plate (posterior),Spinal cord (lumbar),6.176695958396867,0.3220130616190004,11.141366754808375,0.010696802063549699,0.0,1395,3152
Roof plate (posterior),Spinal cord (thoracic),6.754993114333675,0.6594778209548267,32.67356133075577,0.015404303441053478,0.0,1395,12419
Roof plate (posterior),Spinal cord interneuron progenitor,5.005717398465788,0.0184205796176089,-0.06175310906604229,0.03330615157311358,0.91,1395,65
Roof plate (posterior),Splanchnic mesoderm,6.228840298338146,0.048684267079109965,2.281791609016782,0.002112323677511095,0.81,1395,15340
Roof plate (posterior),Splanchnic mesoderm (cardiopulmonary),5.537975004169883,-0.05078700774013534,-1.8164419184330445,0.020378762703656655,0.02,1395,893
Roof plate (posterior),Splanchnic mesoderm (septum transversum),5.362315384906782,-0.23511179314540817,-6.073605029519848,0.002019151580007877,0.0,1395,701
Roof plate (posterior),Surface ectoderm (anterior),5.673411447521825,0.008442792430028767,0.2380304385344735,0.005453536988153406,0.07,1395,2325
Roof plate (posterior),Surface ectoderm (posterior),5.20435724290705,-0.15249335840186262,-2.447090093494183,0.00020594900980523491,0.02,1395,224
Roof plate (posterior),Telencephalon (dorsal),6.178492391672591,0.20915772190965085,8.653796723171276,0.00527786518591385,0.0,1395,9362
Roof plate (posterior),Trigeminal branchiomotor neuron,4.233089363527095,-0.2860463882847464,-1.3709866028205855,0.020677774014668013,0.44,1395,27
Roof plate (posterior),Trigeminal placode,6.1156166851331735,0.3783862720791709,12.1713111620019,0.007405270070717595,0.0,1395,1875
Roof plate (posterior),Trigeminal sensory neuron,5.556448600374609,0.2474454926321276,3.5524655877703046,0.01831428141515981,0.0,1395,268
Roof plate (posterior),Trunk neural crest,6.739599959531133,1.1534775393997363,28.952163044812504,0.04055286633265378,0.0,1395,917
Roof plate (posterior),Vagal neural crest,7.042542464733661,1.286899682381824,39.24062940810612,0.07963936354796228,0.0,1395,1902
Roof plate (posterior),Visceral motor neuron,4.763650235177884,-0.31452364794446197,-2.877045858013245,0.007519088264158282,0.23,1395,140
Roof plate (posterior),Yolk sac endothelial cell,4.915779811841773,-0.10321113892161964,-0.851568213393148,0.03701110248223542,0.79,1395,60
Sclerotome,Sclerotome,8.999999999969852,-1.0066022089934753e-14,-0.00010064307914498483,1.0833689765035227e-28,1.0,8569,8569
Sclerotome,Second heart field (anterior),5.583737647736016,0.017699526607160305,0.5195373005598777,0.016999764723311446,0.47,8569,420
Sclerotome,Second heart field (posterior),5.786862910609369,0.03444757097304496,1.2637648191183766,0.0001298880727618138,0.27,8569,984
Sclerotome,Somatic mesoderm,6.292758460403701,0.07449452564932664,6.542581592816885,0.007360746231774816,0.01,8569,16744
Sclerotome,Somatic mesoderm (anterior),6.158402006901196,0.6258465615143507,11.92830187062347,0.007448701589492638,0.0,8569,274
Sclerotome,Somatic mesoderm (tailbud),4.8604166321027416,0.08869533053103673,0.5443608150015401,0.008117827893509282,0.96,8569,23
Sclerotome,Somatic motor neuron,5.236873883071927,0.13454555522151304,1.6234023847017733,0.002487094007468857,0.77,8569,134
Sclerotome,Spinal cord (cervical),6.12883370212807,-0.029265953157106377,-3.043125373427095,0.002168310259735182,0.08,8569,8692
Sclerotome,Spinal cord (lumbar),5.958472813830698,0.024572479236860605,-0.06794012818278516,0.004121563897656325,0.4,8569,3152
Sclerotome,Spinal cord (thoracic),6.178206804438294,-0.0001306626794447633,0.017796214645796987,0.0018556679541017727,0.5,8569,12419
Sclerotome,Spinal cord interneuron progenitor,5.097251896636545,0.02690163974165749,0.01705423630913161,0.006088182616196589,0.96,8569,65
Sclerotome,Splanchnic mesoderm,6.150188230988332,-0.11299242103258973,-10.412195883963951,0.002007565257879898,0.0,8569,15340
Sclerotome,Splanchnic mesoderm (cardiopulmonary),5.922613966364523,0.24862438330756328,8.888149494963958,0.004251553452934423,0.0,8569,893
Sclerotome,Splanchnic mesoderm (septum transversum),5.630790195076149,-0.049549517500314444,-1.4868198287052214,0.00529127920047736,0.29,8569,701
Sclerotome,Surface ectoderm (anterior),5.4392948767755245,-0.3089161838608427,-17.791516234575543,0.014823441161915278,0.0,8569,2325
Sclerotome,Surface ectoderm (posterior),5.151716634990666,-0.28837616632801516,-5.5178757800306615,0.006080709665149139,0.01,8569,224
Sclerotome,Telencephalon (dorsal),5.8502859924492725,-0.20395568364505015,-16.876807475025796,0.0034792122114380704,0.0,8569,9362
Sclerotome,Trigeminal branchiomotor neuron,4.691199514651568,0.07478160704028299,0.3044252677431875,0.055823086767995224,0.7,8569,27
Sclerotome,Trigeminal placode,5.467412183884748,-0.35416227259724514,-17.70163087704239,0.013174204771512318,0.0,8569,1875
Sclerotome,Trigeminal sensory neuron,5.210956019453243,-0.1830738509598513,-4.500801313508694,0.04189059359643982,0.96,8569,268
Sclerotome,Trunk neural crest,5.537656226708538,-0.13825097705088427,-5.522035313629231,0.014037739603740128,0.92,8569,917
Sclerotome,Vagal neural crest,5.580544118189896,-0.26375122462566863,-14.028954168709996,0.007624822860262634,0.0,8569,1902
Sclerotome,Visceral motor neuron,5.387074649841853,0.23581102864862746,2.1584278130966923,0.05221189473908308,0.84,8569,140
Sclerotome,Yolk sac endothelial cell,5.176702801709802,0.06527211486739641,0.4161179937048216,0.022092233911749644,0.84,8569,60
Second heart field (anterior),Second heart field (anterior),9.000000000360457,-4.736951571734001e-15,-4.736278506073333e-05,2.21932868002178e-28,1.0,420,420
Second heart field (anterior),Second heart field (posterior),5.873795721477926,0.5893459582659085,13.451323685031378,0.015117300732668834,0.0,420,984
Second heart field (anterior),Somatic mesoderm,6.204763720947405,0.45105270353893473,11.084416372111349,0.0007049745004755522,0.0,420,16744
Second heart field (anterior),Somatic mesoderm (anterior),5.3142763989386195,0.239251195243404,3.7289902920256695,0.0018189126271146287,0.0,420,274
Second heart field (anterior),Somatic mesoderm (tailbud),4.406431220976093,0.09710863767372935,0.4678018693653104,0.041545739280248364,0.83,420,23
Second heart field (anterior),Somatic motor neuron,4.704479087459592,0.03766538010973471,-1.0424884676873154,0.09906188917205418,0.43,420,134
Second heart field (anterior),Spinal cord (cervical),5.354475509654018,-0.33780127413083516,-8.377258499974026,0.008785327063131591,0.0,420,8692
Second heart field (anterior),Spinal cord (lumbar),5.279291687450113,-0.1977769382925123,-4.6253145607357435,0.01396712744133968,0.13,420,3152
Second heart field (anterior),Spinal cord (thoracic),5.426987608486079,-0.28768746159502534,-7.3672788306725545,0.010867164550721831,0.0,420,12419
Second heart field (anterior),Spinal cord interneuron progenitor,4.485396643505552,-0.1338155542018781,-0.5471865092834823,0.05101827285243005,0.7,420,65
Second heart field (anterior),Splanchnic mesoderm,5.824037734786283,0.023214379284457465,0.7605317945340487,0.024850116118661766,0.69,420,15340
Second heart field (anterior),Splanchnic mesoderm (cardiopulmonary),5.842558302498688,0.6366806250637144,12.427472137115599,0.04325180076207545,0.0,420,893
Second heart field (anterior),Splanchnic mesoderm (septum transversum),5.4371111709029805,0.22075011640254574,4.325944548089711,0.0018225652190861853,0.0,420,701
Second heart field (anterior),Surface ectoderm (anterior),5.373289614174838,0.08849060530033122,1.9987834396573245,0.0004707767270986118,0.15,420,2325
Second heart field (anterior),Surface ectoderm (posterior),5.0101963843372515,0.0341363380205042,0.5952711675605254,0.007442697325193219,0.41,420,224
Second heart field (anterior),Telencephalon (dorsal),5.288309629349935,-0.30471268828453013,-6.913896025394322,0.016334074729578662,0.0,420,9362
Second heart field (anterior),Trigeminal branchiomotor neuron,3.94542518982808,-0.20395646592286262,-0.5212273950218084,0.11320933692496196,0.29,420,27
Second heart field (anterior),Trigeminal placode,5.343118212424328,-0.011109133999774498,-0.22425619029844301,0.005003256439894631,0.63,420,1875
Second heart field (anterior),Trigeminal sensory neuron,4.860743867397053,-0.06470918779498902,-0.4249032388353098,0.02130783448822485,0.65,420,268
Second heart field (anterior),Trunk neural crest,5.114309254779374,-0.09678329527195621,-1.680985954850909,0.010013055813914712,0.51,420,917
Second heart field (anterior),Vagal neural crest,5.274623402193007,-0.10767056931273888,-2.2630342817101705,0.004453919567558815,0.51,420,1902
Second heart field (anterior),Visceral motor neuron,4.480930249861701,-0.23606455921308736,-1.820863144065448,0.028010193480420706,0.16,420,140
Second heart field (anterior),Yolk sac endothelial cell,4.781913783377939,0.14205272450483175,0.8241879145557011,0.047726753484501346,0.87,420,60
Second heart field (posterior),Second heart field (posterior),8.999999999667828,1.0658141036401503e-14,0.0001065624813337,1.135959703518257e-28,1.0,984,984
Second heart field (posterior),Somatic mesoderm,6.6894281600374015,0.7496321382749969,28.345381090435428,0.0450289052445026,0.0,984,16744
Second heart field (posterior),Somatic mesoderm (anterior),5.797416111580577,0.5346877683536843,9.509339184105285,0.02112598362683392,0.0,984,274
Second heart field (posterior),Somatic mesoderm (tailbud),4.471802967191886,-0.03248729579017814,-0.15467867909318833,0.09350530081026401,0.33,984,23
Second heart field (posterior),Somatic motor neuron,4.673420505396776,-0.18494621197861102,-3.3177192870479164,0.0692496413926131,0.83,984,134
Second heart field (posterior),Spinal cord (cervical),5.495750701639108,-0.38747713184765775,-15.185317619236491,0.0006549593301667454,0.0,984,8692
Second heart field (posterior),Spinal cord (lumbar),5.403875890833199,-0.25675740862638846,-6.893059039131352,0.008662193252133845,0.0,984,3152
Second heart field (posterior),Spinal cord (thoracic),5.567650341501576,-0.33525576234404636,-13.039071321253822,0.002074775728428663,0.0,984,12419
Second heart field (posterior),Spinal cord interneuron progenitor,4.693715324873886,-0.1004361592618362,-0.8425795369402279,0.018747104062350164,0.63,984,65
Second heart field (posterior),Splanchnic mesoderm,6.307895945574702,0.3208737925454015,12.40971583762722,0.012130779410513281,0.0,984,15340
Second heart field (posterior),Splanchnic mesoderm (cardiopulmonary),6.707816210851001,1.3115298465835992,31.49420432886784,0.15319738940631142,0.0,984,893
Second heart field (posterior),Splanchnic mesoderm (septum transversum),6.104212754381223,0.7032609132323469,17.683281167251142,0.003914882722056189,0.0,984,701
Second heart field (posterior),Surface ectoderm (anterior),5.506187633702123,0.03690759517289551,1.2206440934283362,0.00033861019813601566,0.71,984,2325
Second heart field (posterior),Surface ectoderm (posterior),5.172014394023528,0.008249595963808254,0.33810166241755396,0.0084468395198969,0.42,984,224
Second heart field (posterior),Telencephalon (dorsal),5.466126365572144,-0.31250333671576236,-11.154192300033548,0.00035296774129199636,0.0,984,9362
Second heart field (posterior),Trigeminal branchiomotor neuron,4.072510724207249,-0.25215322247531163,-1.0883079902546462,0.03140033921642269,0.53,984,27
Second heart field (posterior),Trigeminal placode,5.50035592990264,-0.040082732282769186,-1.1579259246087206,7.727384296824629e-05,0.38,984,1875
Second heart field (posterior),Trigeminal sensory neuron,5.190142201792107,0.08030844617686927,1.1371303171978975,0.01000813696792469,0.54,984,268
Second heart field (posterior),Trunk neural crest,5.294449731712961,-0.10224109089132909,-2.379469030937144,0.0008196124098246411,0.08,984,917
Second heart field (posterior),Vagal neural crest,5.461482549274298,-0.10418165147333742,-2.9641587369339284,0.0037812761762808225,0.04,984,1902
Second heart field (posterior),Visceral motor neuron,4.800626293912334,-0.09494676658812236,-1.650771642983029,0.017295422667642512,0.82,984,140
Second heart field (posterior),Yolk sac endothelial cell,5.089170433994803,0.27362366881011635,2.201553884765526,0.07742784064887306,0.9,984,60
Somatic mesoderm,Somatic mesoderm,9.000000000015199,1.1842378929335002e-15,1.1843220093290283e-05,1.3989133385919277e-28,1.0,16744,16744
Somatic mesoderm,Somatic mesoderm (anterior),6.484338892910208,0.7594231633546688,15.103356328082656,0.017304941587735108,0.0,16744,274
Somatic mesoderm,Somatic mesoderm (tailbud),5.236174526320259,0.2595377411087189,1.420540285142373,0.07181312248707207,0.84,16744,23
Somatic mesoderm,Somatic motor neuron,5.139271773107769,-0.1857407593467085,-4.594059578996553,0.1102344837445591,0.63,16744,134
Somatic mesoderm,Spinal cord (cervical),6.007790362370629,-0.3425208761354259,-29.909529588522656,0.003907920580348824,0.0,16744,8692
Somatic mesoderm,Spinal cord (lumbar),6.010144040435525,-0.11957322168235744,-7.958669888678705,0.0015659415203089278,0.15,16744,3152
Somatic mesoderm,Spinal cord (thoracic),6.137822262188777,-0.2313873201446214,-24.57263395254667,0.0025420719266970333,0.0,16744,12419
Somatic mesoderm,Spinal cord interneuron progenitor,5.117648345283533,-0.14859046279112378,-1.9462683834492072,0.032936549891610004,0.89,16744,65
Somatic mesoderm,Splanchnic mesoderm,7.633935543213721,1.1798678574528993,133.41518032200676,0.021212783109105345,0.0,16744,15340
Somatic mesoderm,Splanchnic mesoderm (cardiopulmonary),6.711850314366096,0.8471323028830507,29.506868446353767,0.006449028191713629,0.0,16744,893
Somatic mesoderm,Splanchnic mesoderm (septum transversum),6.548689445610933,0.6784801874538573,21.517706743886887,0.0037123788283194856,0.0,16744,701
Somatic mesoderm,Surface ectoderm (anterior),5.99652351084072,0.0563873991019325,2.970755219008497,0.0004835488037507259,0.02,16744,2325
Somatic mesoderm,Surface ectoderm (posterior),5.66886931078601,0.043834837207362476,0.9628135265325524,0.004766610095668972,0.74,16744,224
Somatic mesoderm,Telencephalon (dorsal),5.917866903699299,-0.32699866357283075,-31.30115163469927,0.002841480078835382,0.0,16744,9362
Somatic mesoderm,Trigeminal branchiomotor neuron,4.298043924258266,-0.5285579215787708,-2.740101926770055,0.0023008548219816505,0.28,16744,27
Somatic mesoderm,Trigeminal placode,5.992174584032383,-0.017554529558037046,-0.6675289169491748,0.004813788528258939,0.08,16744,1875
Somatic mesoderm,Trigeminal sensory neuron,5.605604320993699,0.02163903848551148,0.7448458668915642,0.004876824620111004,0.85,16744,268
Somatic mesoderm,Trunk neural crest,5.846218427038249,-0.024983861323374452,-0.7458803198969579,0.0001638826805755926,0.62,16744,917
Somatic mesoderm,Vagal neural crest,6.019561884690721,-0.015356261901538678,-1.0105046929951211,0.0013077530644530478,0.51,16744,1902
Somatic mesoderm,Visceral motor neuron,4.9699646995810705,-0.39369596684477975,-5.656459974638463,0.0012358056024979784,0.33,16744,140
Somatic mesoderm,Yolk sac endothelial cell,5.562738979038401,0.2545127060361292,2.1940074494103903,0.012121676138657453,0.07,16744,60
Somatic mesoderm (anterior),Somatic mesoderm (anterior),9.000000000133065,8.881784197001252e-15,8.879943871815091e-05,2.3665827156630354e-28,1.0,274,274
Somatic mesoderm (anterior),Somatic mesoderm (tailbud),4.2545581890303685,-0.04582194167023405,-0.4422797477054827,0.04360113362231803,0.58,274,23
Somatic mesoderm (anterior),Somatic motor neuron,4.44706367374169,-0.19322916659504688,-2.6233296537905537,0.04214055340047933,0.93,274,134
Somatic mesoderm (anterior),Spinal cord (cervical),5.458730581639347,-0.20869934205995713,-3.6979054874656234,0.02040889961455937,0.23,274,8692
Somatic mesoderm (anterior),Spinal cord (lumbar),5.404402932890832,-0.045088638223980716,-1.3480122285812026,0.012258390570386439,0.47,274,3152
Somatic mesoderm (anterior),Spinal cord (thoracic),5.508291334169384,-0.177493490744137,-3.767755487618629,0.015637864608506396,0.21,274,12419
Somatic mesoderm (anterior),Spinal cord interneuron progenitor,4.521378554679463,-0.06145834712908312,-0.6887280564078929,0.015154558243727002,0.88,274,65
Somatic mesoderm (anterior),Splanchnic mesoderm,6.191023836271245,0.41296455925264947,9.529408551585906,0.019182945676455343,0.0,274,15340
Somatic mesoderm (anterior),Splanchnic mesoderm (cardiopulmonary),6.030943272064076,0.8421066793642881,13.92246954124925,0.02131863286033108,0.0,274,893
Somatic mesoderm (anterior),Splanchnic mesoderm (septum transversum),5.347699330964976,0.1578745002959557,3.2450820723746148,0.029303484118610754,0.71,274,701
Somatic mesoderm (anterior),Surface ectoderm (anterior),5.247002244288413,-0.018824887341197066,-0.5905415274062069,0.0032912949424059937,0.96,274,2325
Somatic mesoderm (anterior),Surface ectoderm (posterior),4.978048486573346,0.01793945294157151,0.19366102081927594,0.0015755144443103765,0.68,274,224
Somatic mesoderm (anterior),Telencephalon (dorsal),5.478663154586889,-0.08978302920170655,-1.8241043312859988,0.013092397179744409,1.0,274,9362
Somatic mesoderm (anterior),Trigeminal branchiomotor neuron,3.968302718936761,-0.14002188094505832,-0.5805395855630113,0.08541385148103937,0.5,274,27
Somatic mesoderm (anterior),Trigeminal placode,5.284396417466336,-0.04354131310732937,-0.7954594634411188,0.0028548219197726222,1.0,274,1875
Somatic mesoderm (anterior),Trigeminal sensory neuron,4.828088375858258,-0.0686236321851889,-0.5150751105419297,0.033915256675364734,0.36,274,268
Somatic mesoderm (anterior),Trunk neural crest,5.218261036364979,0.03186881669183469,0.46469283176719384,0.0014253999346827825,0.94,274,917
Somatic mesoderm (anterior),Vagal neural crest,5.341842495428548,-0.00832177401165731,-0.7408946309470578,0.0186883228166191,0.86,274,1902
Somatic mesoderm (anterior),Visceral motor neuron,4.563780843325989,-0.13009186086414104,-1.48159812142742,0.017243246791086436,0.94,274,140
Somatic mesoderm (anterior),Yolk sac endothelial cell,4.818278402743158,0.21295143162720778,1.169536276848809,0.32834848872764794,0.02,274,60
Somatic mesoderm (tailbud),Somatic mesoderm (tailbud),8.999999998631429,-1.1842378929335002e-15,-1.1839434401566664e-05,1.55668551963613e-28,1.0,23,23
Somatic mesoderm (tailbud),Somatic motor neuron,4.550261463753133,0.6773762930218233,1.1456068881520303,1.3008855561163015,0.69,23,134
Somatic mesoderm (tailbud),Spinal cord (cervical),5.0370667928817525,0.12590040178086484,0.6780738479739044,0.009286498524761393,0.91,23,8692
Somatic mesoderm (tailbud),Spinal cord (lumbar),5.024951289863865,0.35582011371031985,1.9862746542865188,0.012476200306385066,0.14,23,3152
Somatic mesoderm (tailbud),Spinal cord (thoracic),5.131984751890067,0.20353648563999105,1.156968768494458,0.011257250357551195,0.41,23,12419
Somatic mesoderm (tailbud),Spinal cord interneuron progenitor,4.041025158120734,0.2058515791179977,0.45692677275461935,0.3796571731825309,0.76,23,65
Somatic mesoderm (tailbud),Splanchnic mesoderm,5.600878529286248,0.574081188606292,3.11064675707969,0.002298556628691357,0.0,23,15340
Somatic mesoderm (tailbud),Splanchnic mesoderm (cardiopulmonary),4.526645005932321,0.11542352679515044,0.42645214583888374,0.09773655900110963,0.88,23,893
Somatic mesoderm (tailbud),Splanchnic mesoderm (septum transversum),4.470189361946387,0.04548808935534924,0.15517709871059837,0.013088692093224219,0.64,23,701
Somatic mesoderm (tailbud),Surface ectoderm (anterior),4.4845509974198405,-0.005220225762223585,0.02359485918936895,0.03739150960664238,0.75,23,2325
Somatic mesoderm (tailbud),Surface ectoderm (posterior),4.347848146300514,0.16158348023981292,0.7421091671750865,0.08351069793200465,0.93,23,224
Somatic mesoderm (tailbud),Telencephalon (dorsal),4.9914639305122845,0.1719173879277974,0.8512348318604669,0.027286736215850198,0.9,23,9362
Somatic mesoderm (tailbud),Trigeminal branchiomotor neuron,3.36035756501598,-0.03546240376923793,0.05074615383788856,0.1630290642601922,0.84,23,27
Somatic mesoderm (tailbud),Trigeminal placode,4.51635319478923,-0.057434876436851155,-0.30088960457766073,0.035046466255533607,0.53,23,1875
Somatic mesoderm (tailbud),Trigeminal sensory neuron,4.18058741211204,0.045470392268061786,0.32074339219067927,0.1035704565072783,0.4,23,268
Somatic mesoderm (tailbud),Trunk neural crest,4.4438644339822915,0.024896535697208694,0.1572860928188443,0.004241063425491788,0.97,23,917
Somatic mesoderm (tailbud),Vagal neural crest,4.804119839437762,0.19846573538511217,1.0343419312277016,0.016285505087771365,0.59,23,1902
Somatic mesoderm (tailbud),Visceral motor neuron,4.053778823592894,0.12976386605491555,0.9242004744080982,0.10500495070190341,0.63,23,140
Somatic mesoderm (tailbud),Yolk sac endothelial cell,3.8952090108991277,0.045716993983360155,0.1819443765865918,0.04150776095115001,0.74,23,60
Somatic motor neuron,Somatic motor neuron,9.000000000320542,-6.5133084111342514e-15,-6.512162124763334e-05,2.21932868002178e-28,1.0,134,134
Somatic motor neuron,Spinal cord (cervical),6.208749103816101,0.9528648932426783,9.775508949521319,0.06870723612660457,0.0,134,8692
Somatic motor neuron,Spinal cord (lumbar),5.326368971734515,0.29539951755943594,4.233621042605161,0.006707459188232439,0.52,134,3152
Somatic motor neuron,Spinal cord (thoracic),6.038871721158138,0.7573478796436932,10.927479686356273,0.028511456351549374,0.21,134,12419
Somatic motor neuron,Spinal cord interneuron progenitor,4.475839182954364,0.29856396676764235,2.3246179785864762,0.010488248425097022,0.6,134,65
Somatic motor neuron,Splanchnic mesoderm,5.120469375885704,-0.2246419392788693,-4.210081419201156,0.11203479679863491,0.71,134,15340
Somatic motor neuron,Splanchnic mesoderm (cardiopulmonary),4.709081496414856,-0.0547180415379982,-2.288058466795895,0.13080392678686725,0.47,134,893
Somatic motor neuron,Splanchnic mesoderm (septum transversum),4.747990398437999,-0.02460091677926446,-1.367626996030131,0.05038163076178786,0.57,134,701
Somatic motor neuron,Surface ectoderm (anterior),4.714519501624815,-0.1213844393212898,-3.601230602213821,0.1450416776232118,0.47,134,2325
Somatic motor neuron,Surface ectoderm (posterior),4.4344822288576315,-0.12155294767150782,-2.1792890713109254,0.1339243720512635,0.44,134,224
Somatic motor neuron,Telencephalon (dorsal),5.179175964625826,0.030501552648768637,-1.1907776948289117,0.08051101171504159,0.53,134,9362
Somatic motor neuron,Trigeminal branchiomotor neuron,3.54139734162874,-0.16800336866684873,0.16622061228370222,0.248585761907888,0.94,134,27
Somatic motor neuron,Trigeminal placode,4.684703795010852,-0.21132444437319928,-4.168239777628631,0.16215036860638676,0.56,134,1875
Somatic motor neuron,Trigeminal sensory neuron,4.060759200421557,-0.4189407944708045,-3.0557108382184324,0.06676112069616133,0.19,134,268
Somatic motor neuron,Trunk neural crest,4.643397917025993,-0.13262518357733674,-2.5725589746700934,0.08484120812629584,0.65,134,917
Somatic motor neuron,Vagal neural crest,4.769539401529012,-0.16093319484864596,-3.526049825963082,0.11821395140057378,0.6,134,1902
Somatic motor neuron,Visceral motor neuron,4.67704407584415,0.3915393511364946,5.168443975939591,0.3877572112372106,0.59,134,140
Somatic motor neuron,Yolk sac endothelial cell,4.35848087685565,0.2077438223362956,-0.2605417319123389,0.43422102853987204,0.25,134,60
Spinal cord (cervical),Spinal cord (cervical),8.999999999999625,-1.1842378929335002e-15,-1.1841958218465536e-05,8.309334868327991e-29,1.0,8692,8692
Spinal cord (cervical),Spinal cord (lumbar),6.477141498731886,0.40643255257352795,23.12963405216246,0.016799508618950864,0.0,8692,3152
Spinal cord (cervical),Spinal cord (thoracic),7.2041781479699525,0.8928336494464041,80.8224030271549,0.0191626790822827,0.0,8692,12419
Spinal cord (cervical),Spinal cord interneuron progenitor,6.105702761440114,0.8755686873437135,7.973711320084526,0.003950888189443033,0.0,8692,65
Spinal cord (cervical),Splanchnic mesoderm,6.098849230862414,-0.2955025873942345,-25.98906906818276,0.0013921846223954963,0.0,8692,15340
Spinal cord (cervical),Splanchnic mesoderm (cardiopulmonary),5.507091034819651,-0.2983304269163118,-10.370895528891516,0.0072270877770059,0.0,8692,893
Spinal cord (cervical),Splanchnic mesoderm (septum transversum),5.418846422867031,-0.3955564605201551,-12.328668127101627,0.015385690085954749,0.0,8692,701
Spinal cord (cervical),Surface ectoderm (anterior),5.569663442952421,-0.31261142177366796,-15.291379938971579,0.009788179848853858,0.0,8692,2325
Spinal cord (cervical),Surface ectoderm (posterior),5.209832106039353,-0.3637642024044168,-6.7851291556731566,0.010543570789375858,0.0,8692,224
Spinal cord (cervical),Telencephalon (dorsal),6.398475319583334,0.21205925677415868,17.587751487913724,0.005106471169553842,0.0,8692,9362
Spinal cord (cervical),Trigeminal branchiomotor neuron,5.1199433834572226,0.3531096676001623,2.3077533160764987,0.04279072692557253,0.56,8692,27
Spinal cord (cervical),Trigeminal placode,5.820301380054789,-0.13184113322878174,-6.40151476450898,0.008402164524848606,0.04,8692,1875
Spinal cord (cervical),Trigeminal sensory neuron,5.370019501271604,-0.1542695027467834,-3.579256898394832,0.020999034504184895,0.77,8692,268
Spinal cord (cervical),Trunk neural crest,6.196182252449373,0.3896700975155367,14.287262462361305,0.0312975113466871,0.0,8692,917
Spinal cord (cervical),Vagal neural crest,6.537246184977125,0.5610048173571812,27.081780628925646,0.0007755552386595446,0.0,8692,1902
Spinal cord (cervical),Visceral motor neuron,5.866518655757992,0.5749159157823209,7.873145227807581,0.03722806508819452,0.1,8692,140
Spinal cord (cervical),Yolk sac endothelial cell,4.983182929096235,-0.24942922290216205,-2.515156334058896,0.003494104873061659,0.24,8692,60
Spinal cord (lumbar),Spinal cord (lumbar),9.000000000009116,-1.1842378929335004e-14,-0.00011839855082540112,1.809121009306854e-28,1.0,3152,3152
Spinal cord (lumbar),Spinal cord (thoracic),7.1861853600289,1.0982232267182115,59.791741723765746,0.015345264153469046,0.0,3152,12419
Spinal cord (lumbar),Spinal cord interneuron progenitor,5.083516516148475,0.08233491605168049,1.272987700397996,0.025260142329990447,0.78,3152,65
Spinal cord (lumbar),Splanchnic mesoderm,6.159236851951373,-0.010737985329763037,-1.241988695076493,0.0007839793753271877,0.96,3152,15340
Spinal cord (lumbar),Splanchnic mesoderm (cardiopulmonary),5.430683881318053,-0.15598162311089267,-5.457351335300603,0.01882240877736401,0.99,3152,893
Spinal cord (lumbar),Splanchnic mesoderm (septum transversum),5.303299240398158,-0.2837790151159778,-7.9272299388381215,0.004094473117763824,0.0,3152,701
Spinal cord (lumbar),Surface ectoderm (anterior),5.45333089520663,-0.20521350705230793,-7.159848042000047,0.0060513525837194255,0.0,3152,2325
Spinal cord (lumbar),Surface ectoderm (posterior),5.128716825793284,-0.2225661475647911,-3.5453420213557503,0.008479731944092754,0.02,3152,224
Spinal cord (lumbar),Telencephalon (dorsal),6.02539756221046,0.059296879536318826,2.6797573036500655,0.004297977377178859,0.27,3152,9362
Spinal cord (lumbar),Trigeminal branchiomotor neuron,4.6165305077039696,0.09382292442556499,0.35209875883535596,0.018174474714091823,0.66,3152,27
Spinal cord (lumbar),Trigeminal placode,5.648550067294838,-0.08567921162852994,-3.4153762527870835,0.0007136243725750038,0.44,3152,1875
Spinal cord (lumbar),Trigeminal sensory neuron,5.342148092253308,0.041423260290264295,-0.4476778067667553,0.040025295421819,0.11,3152,268
Spinal cord (lumbar),Trunk neural crest,5.813420281553856,0.22874226241746362,7.943238284830824,0.05249178843568417,0.73,3152,917
Spinal cord (lumbar),Vagal neural crest,5.924475533790847,0.16857970871798264,6.00022282931172,0.004402567400193516,0.0,3152,1902
Spinal cord (lumbar),Visceral motor neuron,4.979359156524664,-0.10409062121123351,0.525581259012947,0.11710260848284468,0.26,3152,140
Spinal cord (lumbar),Yolk sac endothelial cell,4.763723531975579,-0.24447930785987695,-2.1296698102981018,0.04807515719392501,0.78,3152,60
Spinal cord (thoracic),Spinal cord (thoracic),9.000000000039435,-4.736951571734001e-15,-4.736278506073333e-05,2.21932868002178e-28,1.0,12419,12419
Spinal cord (thoracic),Spinal cord interneuron progenitor,5.670466566435586,0.44604664237693825,3.761006215126675,0.03313043324388486,0.0,12419,65
Spinal cord (thoracic),Splanchnic mesoderm,6.248438741390507,-0.1667475108447031,-18.339295185199365,0.00026902860825670465,0.0,12419,15340
Spinal cord (thoracic),Splanchnic mesoderm (cardiopulmonary),5.586225754874266,-0.23921733950876867,-8.921081065762417,0.00723640098855132,0.0,12419,893
Spinal cord (thoracic),Splanchnic mesoderm (septum transversum),5.511241111496905,-0.3215190313500041,-10.424487370163456,0.008704101271301586,0.0,12419,701
Spinal cord (thoracic),Surface ectoderm (anterior),5.619190891249146,-0.2798190155680338,-15.623700316387792,0.010752332062202283,0.0,12419,2325
Spinal cord (thoracic),Surface ectoderm (posterior),5.301860044543868,-0.2932687897614314,-6.110015142288617,0.006424670553704312,0.0,12419,224
Spinal cord (thoracic),Telencephalon (dorsal),6.287144975917818,0.08156124620662582,7.665168488461874,0.0067799033608168646,0.98,12419,9362
Spinal cord (thoracic),Trigeminal branchiomotor neuron,5.0186712091321874,0.2798092107132337,1.3931215322115404,0.008391334085889067,0.52,12419,27
Spinal cord (thoracic),Trigeminal placode,5.865265227198762,-0.10710347260153223,-5.760180549001327,0.0047697955181610205,0.05,12419,1875
Spinal cord (thoracic),Trigeminal sensory neuron,5.483436963155127,-0.056263362301531394,-1.7672795531749237,0.02446006792977968,0.44,12419,268
Spinal cord (thoracic),Trunk neural crest,6.481479339750341,0.6529144638449846,24.367137793265076,0.07745693810395604,0.0,12419,917
Spinal cord (thoracic),Vagal neural crest,6.252689752765047,0.25777694047517724,13.216778098156967,0.0105645099427037,0.0,12419,1902
Spinal cord (thoracic),Visceral motor neuron,5.573292992596609,0.2564497212331194,4.4903534378357355,0.05688458324613445,0.97,12419,140
Spinal cord (thoracic),Yolk sac endothelial cell,5.024899604137549,-0.22835580603477812,-2.1754922282147966,1.8177349314236095e-05,0.15,12419,60
Spinal cord interneuron progenitor,Spinal cord interneuron progenitor,8.999999999961142,-1.0066022089934753e-14,-0.0001006437103009,9.571512316681611e-29,1.0,65,65
Spinal cord interneuron progenitor,Splanchnic mesoderm,5.088876885605243,-0.23217955695069215,-2.1167318906972556,0.007760508985447977,0.39,65,15340
Spinal cord interneuron progenitor,Splanchnic mesoderm (cardiopulmonary),4.60770304209444,-0.12996421658244964,-1.0281756525639818,0.0012424443877939134,0.75,65,893
Spinal cord interneuron progenitor,Splanchnic mesoderm (septum transversum),4.69517732478901,-0.03337715782516278,0.10845639179499789,0.0367274483135203,0.61,65,701
Spinal cord interneuron progenitor,Surface ectoderm (anterior),4.539488279446144,-0.2577717961070354,-1.7967869732577393,0.02205337296011454,0.17,65,2325
Spinal cord interneuron progenitor,Surface ectoderm (posterior),4.381542164619771,-0.10999390034641454,-0.6390698499212194,0.01435098333363503,0.96,65,224
Spinal cord interneuron progenitor,Telencephalon (dorsal),5.190764374092471,0.0800139067869452,0.3510018871038269,0.013471246126809317,0.9,65,9362
Spinal cord interneuron progenitor,Trigeminal branchiomotor neuron,3.6087540374116664,-0.04272086855654248,0.1660656486183202,0.2793415892201093,0.92,65,27
Spinal cord interneuron progenitor,Trigeminal placode,4.657645735293285,-0.2135498590232352,-1.4978387045163182,0.0006485403270728533,0.45,65,1875
Spinal cord interneuron progenitor,Trigeminal sensory neuron,4.194342177164084,-0.2572096986857007,-1.541727736682149,0.05709799643390416,0.79,65,268
Spinal cord interneuron progenitor,Trunk neural crest,4.5219985103550675,-0.20598493107443394,-1.3459971110620605,0.0463249655990961,0.87,65,917
Spinal cord interneuron progenitor,Vagal neural crest,4.807286594922967,-0.09396835490635613,-0.8091673000927305,0.01035247696018025,0.99,65,1902
Spinal cord interneuron progenitor,Visceral motor neuron,4.4562674380025316,0.23270727592089072,3.0603460668256797,0.22051481037300663,0.37,65,140
Spinal cord interneuron progenitor,Yolk sac endothelial cell,3.9947432249028636,-0.17042747787810963,-0.5829175804474949,0.03931504694311132,0.89,65,60
Splanchnic mesoderm,Splanchnic mesoderm,9.000000000002597,9.473903143468002e-15,9.47234670864515e-05,1.020260104085842e-28,1.0,15340,15340
Splanchnic mesoderm,Splanchnic mesoderm (cardiopulmonary),6.478299663800299,0.5696715343087174,19.14233028807631,0.001447392853666219,0.0,15340,893
Splanchnic mesoderm,Splanchnic mesoderm (septum transversum),6.348064013491357,0.4324469804681262,13.88993516097905,0.009292982307526988,0.0,15340,701
Splanchnic mesoderm,Surface ectoderm (anterior),6.0957082916384335,0.11000450271485966,5.546698071211904,0.00021115911190708295,0.0,15340,2325
Splanchnic mesoderm,Surface ectoderm (posterior),5.755980853122693,0.07546089086148022,1.486060470310516,0.003196068942606649,0.88,15340,224
Splanchnic mesoderm,Telencephalon (dorsal),6.003605328953216,-0.28826789072731823,-26.915876533222573,0.0011636056502473623,0.0,15340,9362
Splanchnic mesoderm,Trigeminal branchiomotor neuron,4.291537538936475,-0.5722198161817841,-3.2017440176759906,0.003234602019813266,0.18,15340,27
Splanchnic mesoderm,Trigeminal placode,6.12762297931651,0.07226478592455887,3.785201547988692,0.009701318526821292,0.8,15340,1875
Splanchnic mesoderm,Trigeminal sensory neuron,5.707819075167978,0.08383230175293062,1.9842659558733295,0.0038606078622750264,0.6,15340,268
Splanchnic mesoderm,Trunk neural crest,6.010619325018151,0.09560268647708625,3.681878717840087,0.004619984775627969,0.33,15340,917
Splanchnic mesoderm,Vagal neural crest,6.187989865285629,0.1114435336999146,5.029209864005245,0.009713841223043147,0.23,15340,1902
Splanchnic mesoderm,Visceral motor neuron,4.9769672327785,-0.41364013659747706,-5.004232746132483,0.000579640696133594,0.19,15340,140
Splanchnic mesoderm,Yolk sac endothelial cell,5.45450647395958,0.12841583049327307,1.0778771403303655,0.02146343164620982,1.0,15340,60
Splanchnic mesoderm (cardiopulmonary),Splanchnic mesoderm (cardiopulmonary),8.999999999950774,1.1842378929335002e-15,1.1842799468326961e-05,1.4620222110096086e-28,1.0,893,893
Splanchnic mesoderm (cardiopulmonary),Splanchnic mesoderm (septum transversum),5.8561958030439945,0.5327074528987416,12.57164732790712,0.022050745865294017,0.0,893,701
Splanchnic mesoderm (cardiopulmonary),Surface ectoderm (anterior),5.505342227107788,0.11115622515998454,2.9296515415563866,0.012137253863119899,0.64,893,2325
Splanchnic mesoderm (cardiopulmonary),Surface ectoderm (posterior),5.185637966832923,0.08647796722808969,1.2558525367117912,0.01555247646692825,0.79,893,224
Splanchnic mesoderm (cardiopulmonary),Telencephalon (dorsal),5.503207617553401,-0.19682536620794355,-6.834461167086783,0.008466229432667673,0.0,893,9362
Splanchnic mesoderm (cardiopulmonary),Trigeminal branchiomotor neuron,4.009547058435127,-0.27837960946150747,-0.8694214758934908,0.16153688471768032,0.94,893,27
Splanchnic mesoderm (cardiopulmonary),Trigeminal placode,5.470959412200901,0.0035915860542440705,-0.08065975797686746,0.002241416228168261,0.63,893,1875
Splanchnic mesoderm (cardiopulmonary),Trigeminal sensory neuron,5.111083563521171,0.0720313626824624,0.6400829851613555,0.0475157359161399,0.97,893,268
Splanchnic mesoderm (cardiopulmonary),Trunk neural crest,5.313308129414897,-0.007943787382439282,-0.2900892769562026,0.0038703466054711456,0.79,893,917
Splanchnic mesoderm (cardiopulmonary),Vagal neural crest,5.432552316335776,-0.04962467644942651,-1.5408099273894553,0.011385090979025746,0.23,893,1902
Splanchnic mesoderm (cardiopulmonary),Visceral motor neuron,4.610887294428918,-0.18825813897597765,-1.9929073063754583,0.0018443646537434607,0.45,893,140
Splanchnic mesoderm (cardiopulmonary),Yolk sac endothelial cell,4.901444064927173,0.14566242382048925,1.125637582455435,0.08814617345889174,0.16,893,60
Splanchnic mesoderm (septum transversum),Splanchnic mesoderm (septum transversum),8.999999999995145,-1.7763568394002505e-15,-1.775273757904305e-05,2.871453695004483e-28,1.0,701,701
Splanchnic mesoderm (septum transversum),Surface ectoderm (anterior),5.519057772122792,0.12122014635657852,3.179484686816938,0.008083808188512405,0.32,701,2325
Splanchnic mesoderm (septum transversum),Surface ectoderm (posterior),5.242588971092605,0.14737170257045218,2.504460181248038,0.012245752475739667,0.78,701,224
Splanchnic mesoderm (septum transversum),Telencephalon (dorsal),5.381797179699096,-0.3251878167135729,-9.841978258860395,0.006620834435927351,0.0,701,9362
Splanchnic mesoderm (septum transversum),Trigeminal branchiomotor neuron,4.137310369539864,-0.1274410774357421,-0.3288320322866494,0.047914338620962546,0.45,701,27
Splanchnic mesoderm (septum transversum),Trigeminal placode,5.348730944695055,-0.12406385425977244,-3.2501148822459136,0.009072963838304162,0.68,701,1875
Splanchnic mesoderm (septum transversum),Trigeminal sensory neuron,5.12424565206808,0.08525880238757437,1.3685162965464572,0.03693638251619942,0.83,701,268
Splanchnic mesoderm (septum transversum),Trunk neural crest,5.273244012705927,-0.054356161754271604,-1.0322926493472402,0.009812360854920453,0.18,701,917
Splanchnic mesoderm (septum transversum),Vagal neural crest,5.333917985308758,-0.1572902220957415,-4.00918743389797,0.0009302282071290505,0.0,701,1902
Splanchnic mesoderm (septum transversum),Visceral motor neuron,4.727569623637984,-0.0852057242537499,-1.2817331748525504,0.009277731905639635,0.94,701,140
Splanchnic mesoderm (septum transversum),Yolk sac endothelial cell,4.957879366015607,0.20811837271101327,2.0552285962869026,0.009406170546846842,0.57,701,60
Surface ectoderm (anterior),Surface ectoderm (anterior),9.000000000002148,-8.881784197001252e-15,-8.880049014042548e-05,1.9248206087392688e-28,1.0,2325,2325
Surface ectoderm (anterior),Surface ectoderm (posterior),5.92552828160956,0.7711673651040792,13.233497108521895,0.05597216418811878,0.0,2325,224
Surface ectoderm (anterior),Telencephalon (dorsal),5.681766544029004,-0.09185924113759796,-3.942636297132838,0.014810840216112866,0.0,2325,9362
Surface ectoderm (anterior),Trigeminal branchiomotor neuron,4.125612500503682,-0.18055436393370958,-0.6941407052109678,0.021304162518247283,0.79,2325,27
Surface ectoderm (anterior),Trigeminal placode,6.410571997324457,0.8662720161138827,29.598616647275662,0.011912985236575387,0.0,2325,1875
Surface ectoderm (anterior),Trigeminal sensory neuron,6.258227477631672,1.1513789306876545,20.381761465305807,0.04447228438821113,0.0,2325,268
Surface ectoderm (anterior),Trunk neural crest,5.478985526400218,0.08058331196599126,2.2863463405416034,0.0012179021101924505,0.2,2325,917
Surface ectoderm (anterior),Vagal neural crest,5.7534055640255355,0.19110271439569507,7.269129339089946,0.001999613343846021,0.0,2325,1902
Surface ectoderm (anterior),Visceral motor neuron,4.825299888548861,-0.07552267551083514,-1.8790731092777264,0.03729159986822006,0.66,2325,140
Surface ectoderm (anterior),Yolk sac endothelial cell,4.98920088881176,0.172716090688259,1.441851076955486,0.002130962198305132,0.19,2325,60
Surface ectoderm (posterior),Surface ectoderm (posterior),8.999999999815723,1.1842378929335002e-15,1.1839854981684226e-05,1.1464778489212037e-28,1.0,224,224
Surface ectoderm (posterior),Telencephalon (dorsal),5.214855520224476,-0.25833224556707773,-4.672448752171135,0.007315425324075991,0.01,224,9362
Surface ectoderm (posterior),Trigeminal branchiomotor neuron,4.040297861045068,0.009183276522444217,0.35279761615176675,0.029446485432408756,0.96,224,27
Surface ectoderm (posterior),Trigeminal placode,5.500741244355136,0.25972193057661386,4.013008716509542,0.06250448328476782,0.14,224,1875
Surface ectoderm (posterior),Trigeminal sensory neuron,5.130545923463632,0.311908869280525,3.775592550875159,0.06074472567774604,0.11,224,268
Surface ectoderm (posterior),Trunk neural crest,5.018777610965798,-0.06702181895330146,-0.9303941332884053,0.00045866657045127936,0.48,224,917
Surface ectoderm (posterior),Vagal neural crest,5.1891229118894024,-0.06512268374980461,-1.072252273253306,0.002728929848380568,0.95,224,1902
Surface ectoderm (posterior),Visceral motor neuron,4.512052398535059,-0.0738111872772335,-0.6980000597469745,0.0012446319859669625,0.93,224,140
Surface ectoderm (posterior),Yolk sac endothelial cell,4.682089210079934,0.16640207796381556,1.1574576188904462,0.02618921143735175,0.99,224,60
Telencephalon (dorsal),Telencephalon (dorsal),9.00000000011259,1.1842378929335002e-15,1.1841958218465536e-05,5.469435609532348e-29,1.0,9362,9362
Telencephalon (dorsal),Trigeminal branchiomotor neuron,4.770876172988751,0.10656287461190643,0.1138750444547982,0.06147940617897998,0.86,9362,27
Telencephalon (dorsal),Trigeminal placode,6.088353182925544,0.24037546891739522,10.565941265658791,0.010844330627174204,0.0,9362,1875
Telencephalon (dorsal),Trigeminal sensory neuron,5.5034793498043415,0.09652719529655673,0.47893231198750325,0.04637636258436718,1.0,9362,268
Telencephalon (dorsal),Trunk neural crest,5.820969253535608,0.11384021591419084,3.890989545694524,0.000763976305334313,0.1,9362,917
Telencephalon (dorsal),Vagal neural crest,6.061953783152077,0.19083196927032434,8.725534986133878,0.002136967119538464,0.0,9362,1902
Telencephalon (dorsal),Visceral motor neuron,5.144603321760477,-0.05208570921678509,-1.5694420539505607,0.04897936955943245,0.57,9362,140
Telencephalon (dorsal),Yolk sac endothelial cell,5.048703402972646,-0.08064400300207215,-0.7780055465650801,0.0001797911375868263,0.57,9362,60
Trigeminal branchiomotor neuron,Trigeminal branchiomotor neuron,8.999999999947242,0.0,1.8927618151737442e-09,2.871453695004483e-28,1.0,27,27
Trigeminal branchiomotor neuron,Trigeminal placode,4.080317954152829,-0.3033721267253435,-1.32345061624608,0.03259045817583465,0.44,27,1875
Trigeminal branchiomotor neuron,Trigeminal sensory neuron,4.14451684775008,0.16352673754473615,0.10298501964314714,0.1872215789643797,0.6,27,268
Trigeminal branchiomotor neuron,Trunk neural crest,4.057555778291804,-0.20540100900146138,-1.1419022203760654,0.02507227413779378,0.75,27,917
Trigeminal branchiomotor neuron,Vagal neural crest,4.211073859097155,-0.23095232934785356,-1.4884458235291371,0.0560079073807976,0.96,27,1902
Trigeminal branchiomotor neuron,Visceral motor neuron,3.9637401854810093,0.23394439930615185,1.9415960519162312,0.45315385477673115,0.29,27,140
Trigeminal branchiomotor neuron,Yolk sac endothelial cell,3.6072045573522256,-0.081153350703846,0.4707937448780802,0.4847689263040397,0.21,27,60
Trigeminal placode,Trigeminal placode,8.99999999995134,-1.1842378929335002e-15,-1.1843640673407846e-05,1.8091210093068538e-28,1.0,1875,1875
Trigeminal placode,Trigeminal sensory neuron,6.231733277366441,1.0470085096526525,19.40701274468669,0.11455081401753021,0.0,1875,268
Trigeminal placode,Trunk neural crest,5.789282188350164,0.31716795423274863,8.001281170106557,0.006747810744994265,0.0,1875,917
Trigeminal placode,Vagal neural crest,6.097953935645308,0.45852961967200095,15.775719212583754,9.78620675765639e-05,0.0,1875,1902
Trigeminal placode,Visceral motor neuron,4.734411289124479,-0.23013159920010504,-3.4911257602451964,0.05421140432868312,0.89,1875,140
Trigeminal placode,Yolk sac endothelial cell,4.92817892620575,0.029960782757434263,0.022967114041822945,0.021928560097731684,0.67,1875,60
Trigeminal sensory neuron,Trigeminal sensory neuron,9.00000000005401,7.105427357601002e-15,7.103744875733334e-05,4.922492048579114e-28,1.0,268,268
Trigeminal sensory neuron,Trunk neural crest,5.122786279962558,0.0859723384130427,2.147064145375702,0.023673276014700973,0.53,268,917
Trigeminal sensory neuron,Vagal neural crest,5.317320381505454,0.11415873035769586,2.229353639845238,0.004916287001006384,0.61,268,1902
Trigeminal sensory neuron,Visceral motor neuron,4.766693222028863,0.23434022713846803,0.1486281176394216,0.2587568050084346,0.12,268,140
Trigeminal sensory neuron,Yolk sac endothelial cell,4.654737094161919,0.198701463998623,1.410752339890655,0.02033257938284317,0.75,268,60
Trunk neural crest,Trunk neural crest,9.000000000055863,1.4210854715202004e-14,0.00014208393955604116,6.626431603856499e-29,1.0,917,917
Trunk neural crest,Vagal neural crest,6.629279693832931,1.139992727164702,29.296437621267113,0.07949671671815443,0.0,917,1902
Trunk neural crest,Visceral motor neuron,4.6114052327614905,-0.19985085632698704,-2.633438223118231,0.013114366767849373,0.81,917,140
Trunk neural crest,Yolk sac endothelial cell,4.77577963341901,0.033919130163855137,0.04392916197241067,0.02770136027065557,0.6,917,60
Vagal neural crest,Vagal neural crest,8.999999999928846,-1.1250259982868252e-14,-0.0001124862994736094,5.469435609532348e-29,1.0,1902,1902
Vagal neural crest,Visceral motor neuron,4.621962508051418,-0.36790247138787713,-3.3395826177735084,0.014161082970042198,0.13,1902,140
Vagal neural crest,Yolk sac endothelial cell,4.913077364549973,0.004062339905560819,-0.1662099627139307,0.052806241529624875,0.81,1902,60
Visceral motor neuron,Visceral motor neuron,9.000000000121851,6.5133084111342514e-15,6.511888772899206e-05,2.282437552439461e-28,1.0,140,140
Visceral motor neuron,Yolk sac endothelial cell,4.6029169301392505,0.36954224976459304,0.6514048382406997,0.6335135485572853,0.62,140,60
Yolk sac endothelial cell,Yolk sac endothelial cell,8.999999999739956,-2.3684757858670005e-15,-2.368454698771577e-05,4.491248087058294e-28,1.0,60,60
