source,target,value,norm_value,z_score,norm_value_var,p_value,source_n,target_n
Allantois,Allantois,9.499999999914719,-2.3684757858670005e-15,-2.3685598421199995e-05,3.6077238732107605e-28,1.0,78,78
Allantois,Amniotic ectoderm,5.556955945206139,0.3544050189054202,3.847723205627098,0.018824645161630824,0.0,78,2288
Allantois,Apical ectodermal ridge,5.5332808087418135,0.45766665197711404,4.8868254336608805,0.0024456891118370024,0.0,78,2516
Allantois,Arterial endothelial cell,5.5380524897516645,0.24445086121733026,3.135854545215622,0.025440247783586865,0.2,78,645
Allantois,Atria,5.312120414887256,0.07269292660293185,0.785395729379896,0.007208062807331923,0.82,78,1798
Allantois,Atrioventricular canal,5.12715039915182,0.018033181183793268,-0.05593790529182696,0.03479764377432219,0.42,78,357
Allantois,Autonomic neuron,4.776109087624133,-0.00194036172111763,0.06560903916431271,0.055231615702852156,0.51,78,142
Allantois,Autonomic progenitor,5.303943508334386,-0.04745079436191624,-0.3883005436136909,0.005625727151054069,0.95,78,3416
Allantois,Axial progenitor,5.246847947736646,-0.28820587281585414,-3.166023299700145,0.0026389149633537327,0.02,78,3170
Allantois,Cranial neural crest (anterior),5.594687236762996,0.12543873833973715,1.3165605222463044,0.016737241333093046,0.63,78,5971
Allantois,Cranial neural crest (posterior),5.4243580625600565,-0.006781794139145407,0.20333793058811722,0.022354285275679897,0.99,78,3552
Allantois,Dermomyotome,5.584062830334233,-0.24472861507486124,-2.798138296152846,0.0027893496223067044,0.02,78,47263
Allantois,Diencephalon,5.328610649040533,-0.1861629344012338,-2.088520860775908,0.009762042586451051,0.39,78,14353
Allantois,Dl1 interneuron,5.402599367659568,-0.06125450899977588,-0.7046904979282888,0.006856877662447883,0.77,78,1503
Allantois,Dl2-6 interneuron,5.419313245012255,-0.24846108778472065,-2.4521374014744617,0.0016952432718897537,0.02,78,3790
Allantois,Dorsal root ganglion neuron,5.204428385389119,-0.08684405163050002,-0.8295033281106736,0.0024441505232209834,0.52,78,1179
Allantois,Dorsal root ganglion progenitor,5.271328160042692,-0.019787182270574338,-0.19041549632585283,0.0003018105179548064,0.97,78,921
Allantois,Endocardial cell,5.173192548407024,-0.07285095053638042,-1.01647415920049,1.2004418640139088e-05,0.37,78,1558
Allantois,Endothelial cell,5.9594541507292895,0.27094325849619655,3.390850198218182,0.027819126296356134,0.28,78,9493
Allantois,Endothelial progenitor,5.553370775102628,-0.010764639961186854,-0.16946724771137656,0.0008228421726093364,0.94,78,1988
Allantois,Epibranchial placode,5.478696717032883,0.3335846095304434,3.0365985431614937,0.01866994914473992,0.06,78,3606
Allantois,Epibranchial sensory neuron,5.373973625013618,0.2729053702566307,2.3925123127279506,0.04611710067714,0.26,78,1270
Allantois,Epicardium,5.174101370632514,-0.02650255991757137,-0.2467054279239256,0.006924055391242729,0.66,78,1288
Allantois,Epidermal progenitor (anterior),5.639858753346239,0.3100037210216045,3.423171883323357,0.011202759252145474,0.01,78,7561
Allantois,Epidermal progenitor (posterior),5.778471971716339,0.4532652971580419,5.091464661615608,0.001413893502192741,0.0,78,16776
Allantois,Extraembryonic mesoderm,5.461973298515484,0.23838007806258452,3.3944259638155376,0.021980878594348247,0.27,78,5300
Allantois,Eye field,5.300216759401839,-0.15922723110986267,-1.8535895824137232,0.0032237704607779977,0.26,78,8896
Allantois,Facial branchiomotor neuron,4.983396272778567,-0.05421142132226198,-0.6121494725453526,0.004543660649235764,0.93,78,521
Allantois,Floor plate (anterior),5.072463587201326,-0.36004598007263383,-3.5804966583710898,0.007519711172955234,0.0,78,8689
Allantois,Floor plate (posterior),5.096743875114856,-0.37396285484863306,-4.105421348496355,0.00836271097418102,0.0,78,8099
Allantois,Forelimb field,5.536508984214881,0.05749370732178397,0.7659913897776107,0.006122956177264937,0.87,78,25891
Allantois,Frontonasal mesenchyme,5.4982946501549685,0.013256475807377655,-0.12251406169001389,0.02190885366991629,0.76,78,24672
Allantois,Head paraxial mesoderm,5.440239691483932,-0.016577676248723527,-0.40784443562818845,0.027178144313004245,0.28,78,32981
Allantois,Hematopoietic progenitor,4.58479368661171,-0.10580728614675472,-0.5852949992958121,0.07691384724504895,0.72,78,87
Allantois,Hemogenic endothelium,5.076013175382369,0.17896888959008095,1.5552934954138788,0.008785352939740977,0.73,78,141
Allantois,Hepatoblast,4.700901656197634,-0.23166165788711446,-1.6059091647708257,0.08097107407581815,0.99,78,1255
Allantois,Hindbrain (isthmic organizer),5.2500250066411285,-0.23537234391082565,-2.5650607470396207,0.002802877152050287,0.13,78,3921
Allantois,Hindbrain (r1),5.412843436518361,-0.187410317637962,-2.178658856725919,0.00033050904197159595,0.09,78,16440
Allantois,Hindbrain (r2-r4),5.463267014286187,-0.24493088659852655,-2.6107210380435713,0.0005653873094195469,0.06,78,26863
Allantois,Hindbrain (r5-r8),5.397309874910348,-0.3294316310815469,-3.5200559517297187,0.001259108907341391,0.01,78,28972
Allantois,Hindgut,4.981022834667901,-0.009112419011159112,-0.18604034196877203,0.0005946855497399779,0.98,78,3029
Allantois,Hindlimb field,6.108125490213841,0.6680365188034104,6.7818014393979915,0.014173950533648729,0.0,78,6150
Allantois,Hypaxial myogenic progenitor,5.2534739047493675,-0.2663068114689254,-2.717829200405111,0.015919338559586545,0.04,78,5322
Allantois,Hypothalamic neuron,5.0103401798099645,-0.17758312255093678,-1.9206340706849172,0.015151929453903984,0.44,78,534
Allantois,Hypothalamus,5.1383985482805254,-0.2151762115709094,-2.3854199848733466,0.009096869588111508,0.17,78,7652
Allantois,Inflow tract,5.456349868183321,0.1724810652864409,2.243832062871731,0.011284697460263787,0.36,78,2494
Allantois,Intermediate mesoderm (nephrogenic),5.624485913565799,0.021349306408437425,0.2647345980134301,0.005074783822697503,0.87,78,6458
Allantois,Intermediate mesoderm (posterior),5.603372326442835,0.08908507366129943,1.0968951197224934,0.028608597080970397,0.67,78,4198
Allantois,Juxtacardiac field,5.0656444800793645,-0.07803390890043567,-0.9413776605295988,0.024437722203500645,1.0,78,1386
Allantois,Left ventricle,5.094019506848761,-0.056227149903220607,-0.7717327169852641,0.006191326716748935,0.81,78,1174
Allantois,Lens placode,5.4262332538824465,0.2090264179079432,2.2383091340935746,0.005382417138428396,0.09,78,2811
Allantois,Macrophage,4.610929450664102,-0.19493869427937968,-1.03357958463536,0.12512449416523924,0.63,78,966
Allantois,Megakaryocyte,4.773310306528188,-0.1587800486535033,-1.7573699989120242,0.0009731301459074007,0.21,78,482
Allantois,Mesothelium,5.034731163876045,-0.07864678819845405,-0.7885026386106841,0.018099444384828203,0.58,78,346
Allantois,Midbrain,5.320250665372548,-0.250489286454784,-2.7105041507196272,0.001953253955898041,0.09,78,21466
Allantois,Midbrain GABAergic neuron,4.7314822011770294,-0.15071451372228317,-1.1376547686300897,0.030074365424648364,0.95,78,118
Allantois,Midbrain neuron,5.339605072263205,-0.20026225399427608,-2.3546780298427343,0.01248985896805543,0.58,78,4345
Allantois,Midgut,4.815810699384893,-0.1754336270145389,-2.235161757762458,0.005820087734251054,0.09,78,1667
Allantois,Myotome,5.18738916036349,-0.3332184105883667,-3.669928544811356,0.00597245561751563,0.0,78,2201
Allantois,Nascent somite,5.343728208240833,-0.24352537303711763,-2.4818835187753243,0.0032833158477660143,0.05,78,6475
Allantois,Notochord,4.91926638192769,-0.16389076632222288,-2.01039486705597,0.017221847811499366,0.37,78,956
Allantois,Oculomotor neuron,4.558335052616267,-0.223554864571368,-1.2894158276169638,0.10213512733198718,0.97,78,122
Allantois,Olfactory placode,5.514568482730643,0.22596386585985892,2.6963608446796243,0.004759967558499081,0.04,78,5872
Allantois,Olfactory sensory neuron,4.9913547530689195,-0.0995333182542959,-0.8537106927052346,0.011445652125588365,0.71,78,389
Allantois,Otic placode,5.370730722161215,0.2107985891234483,1.7625309138768686,0.024003209643114108,0.45,78,2365
Allantois,Otic sensory neuron,5.253298908269417,0.20419465929553896,1.7577240973475972,0.060067920105356755,0.84,78,974
Allantois,Outflow tract,4.940663467391609,-0.15601391129730255,-1.6521233834391797,0.005892017158595367,0.22,78,890
Allantois,Pancreatic-biliary progenitor,4.799491064128478,-0.13845159376803226,-1.3375969216367334,0.019099626677015785,0.73,78,373
Allantois,Paraventricular hypothalamic neuron,4.817781764009381,-0.03733058398708226,-0.35784932573169376,0.0203401305020493,0.83,78,192
Allantois,Periocular mesoderm,4.952127573385082,-0.027426431789468648,-0.21489527465030203,0.05272802788649278,0.85,78,1739
Allantois,Pharyngeal arch mesenchyme (p1-p2),5.581064618587285,0.06592530865386277,0.6425880785178185,0.00955565008938892,0.96,78,29887
Allantois,Pharyngeal arch mesenchyme (p3-p4),5.44570242627384,0.008481782465459572,0.12997241929954959,0.01822799689167794,0.85,78,9198
Allantois,Pharyngeal endoderm,5.026471177417023,-0.11341422057658186,-1.484022878479447,0.017514529223704993,0.73,78,5045
Allantois,Pharyngeal mesoderm,5.330897549321579,-0.014879289806439525,-0.32451870326520305,0.005926770263351727,0.83,78,7691
Allantois,Presomitic mesoderm,5.306356133475177,-0.28881467656880605,-3.175424527623825,0.0015171161358853364,0.01,78,8521
Allantois,Primordial germ cell,4.618690604847173,0.1912011659835029,1.0387566833614272,0.007471236351167257,0.51,65,25
Allantois,Respiratory progenitor,4.793388842350539,-0.16060598329277584,-1.2850682250774847,0.050206219665452405,0.95,78,1209
Allantois,Right ventricle,4.69125588532158,-0.25322265978024844,-1.3269692394327006,0.20540961869035623,0.47,78,730
Allantois,Roof plate (anterior),5.503548020242103,0.023910343769069087,0.22012000590082906,0.0010013254078844072,0.9,78,3787
Allantois,Roof plate (posterior),5.35255002766585,-0.13936708038843162,-1.224862705098147,0.020155087567070958,0.74,78,2248
Allantois,Sacral neural crest,5.276948251264285,-0.09747847701447594,-0.8126270837339997,0.00675918452204899,0.84,78,2156
Allantois,Sclerotome,5.468590685038968,-0.335008559849169,-3.641720039159122,0.0030247276455371347,0.02,78,74334
Allantois,Second heart field (anterior),4.979915693796517,-0.10186298363266182,-1.0189089049336024,0.02579885894261233,0.29,78,1040
Allantois,Somatic mesoderm (anterior),5.633389776698201,0.07131222726416286,0.681454563232585,0.010138830322900137,0.73,78,14544
Allantois,Somatic mesoderm (posterior),6.725221331707797,1.0485387553976162,11.866136538703069,0.00285821222108774,0.0,78,48596
Allantois,Somatic mesoderm (tailbud),5.533850704477218,0.1635026456587981,1.7879960649348323,0.016255901295032765,0.8,78,3011
Allantois,Somatic motor neuron,5.206850274457492,-0.3699318541679304,-3.892625050487276,0.002258241306879949,0.0,78,6559
Allantois,Spinal cord (cervical),5.391043665961436,-0.3897038381310833,-4.334256106575907,0.00424523089198786,0.0,78,41051
Allantois,Spinal cord (lumbar),5.299846712105481,-0.3264172374688729,-3.448173056021663,0.006150086134891966,0.03,78,12722
Allantois,Spinal cord (sacral),5.285443984348181,-0.27864404478380944,-3.3242697846282376,0.003949356768891133,0.14,78,5351
Allantois,Spinal cord (thoracic),5.350159839535504,-0.35891937515539407,-3.9919106581412334,0.0031710683829138447,0.0,78,35061
Allantois,Spinal cord interneuron progenitor,5.177902013147468,-0.36870839461766547,-3.765885754527478,0.0001693798760906192,0.01,78,2196
Allantois,Splanchnic mesoderm (cardiopulmonary),5.419096345553509,0.04555441445533148,0.5164801804001479,0.0024484501163217053,0.9,78,5768
Allantois,Splanchnic mesoderm (gastric),5.422969995674678,0.07725506009317436,0.7868203656614176,0.01713171394940912,0.35,78,3373
Allantois,Splanchnic mesoderm (intestinal),6.153817222833925,0.5636636353028148,6.218329854879265,0.03237237515669653,0.0,78,9676
Allantois,Splanchnic mesoderm (septum transversum),5.5121724423959435,0.21468109914449052,2.5639620358692157,0.030466392787047363,0.6,78,2825
Allantois,Subthalamic nucleus neuron,4.974931211657674,-0.2032925108679926,-2.008982437703614,0.006348477835822834,0.23,78,802
Allantois,Surface ectoderm (posterior),5.081329561635178,0.2610250626928095,1.948102135308308,0.020515651458624315,0.51,78,133
Allantois,Telencephalon (dorsal),5.48493462593463,-0.10824604784721743,-1.2552158402879259,0.008135584198948363,0.99,78,31059
Allantois,Telencephalon (ventral),5.275305669199337,-0.10617629582053034,-1.140123827270943,0.00844203890972107,0.98,78,3241
Allantois,Thyroid progenitor,4.822831934277615,-0.10971781396902298,-0.9949253166876701,0.016780418059649627,0.93,78,850
Allantois,Trigeminal branchiomotor neuron,4.901741130653945,-0.24607455048832172,-2.361382063069513,0.010299599066154033,0.11,78,872
Allantois,Trigeminal ganglion neuron,5.405746838425536,0.15907889272036524,1.5609885410857631,0.024269089369094582,0.57,78,1765
Allantois,Trigeminal placode,5.643271903121551,0.25538769509228604,2.703869342290678,0.000705156437533874,0.03,78,6546
Allantois,Trigeminal sensory neuron,5.5223886954796555,0.23091698900372304,2.55001736280564,0.014136455409293532,0.35,78,3198
Allantois,Trochlear neuron,4.708936358292061,-0.19436619828910442,-1.2354137020830027,0.05791854593016728,0.38,78,153
Allantois,Trunk neural crest,5.327787511101325,-0.15334952194656756,-1.6643557080775455,0.009048845605900553,0.56,78,6809
Allantois,V0 interneuron,5.2478993863264,-0.3336450900021406,-3.8575099989384074,0.0007496321180076984,0.0,78,2114
Allantois,V1 interneuron,5.21954181585578,-0.282707663921751,-2.7647837497129646,0.0021061638367088817,0.02,78,1795
Allantois,V2 interneuron,5.131521046614431,-0.21182785136183271,-2.222561026298194,0.0003901625978441263,0.11,78,842
Allantois,V3 interneuron,4.716825764176712,-0.23247112099420195,-1.8931294534980276,0.03389293372711262,0.53,78,230
Allantois,Vagal neural crest,5.342634429068313,-0.14506339504685872,-1.4560473215820817,0.0056754777752077625,0.43,78,4937
Allantois,Visceral motor neuron,4.913821994059989,-0.3571902989314146,-3.2766788718190263,0.013512214011243492,0.0,78,2062
Allantois,Yolk sac endothelial cell,5.036187675868786,0.22549120328231562,1.327853111678641,0.020089192607129953,0.46,78,112
Amniotic ectoderm,Amniotic ectoderm,9.500000000010036,1.3618735768735254e-14,0.00013616832256596666,7.362701782062776e-30,1.0,2288,2288
Amniotic ectoderm,Apical ectodermal ridge,6.753832712825755,1.1430993913952987,49.671109311946,0.01282977882936366,0.0,2288,2516
Amniotic ectoderm,Arterial endothelial cell,5.97250336507885,0.1506248891927863,4.94719475283028,0.005558829342298387,0.01,2288,645
Amniotic ectoderm,Atria,5.832763742115719,0.053513497898704486,2.812869770308703,0.0027269500953551943,0.97,2288,1798
Amniotic ectoderm,Atrioventricular canal,5.633999235798604,-0.006047291584837448,-0.1752521589729469,0.00013882121509264686,0.93,2288,357
Amniotic ectoderm,Autonomic neuron,5.303286689654432,-0.015842243212389917,-0.0031111586899021013,0.0026480326252357146,0.93,2288,142
Amniotic ectoderm,Autonomic progenitor,5.842928072886875,-0.04085523218428596,-1.8675596431426926,0.0015404434083376097,0.9,2288,3416
Amniotic ectoderm,Axial progenitor,5.768139164710248,-0.29972682742474266,-13.941793654067672,0.006081476944775296,0.0,2288,3170
Amniotic ectoderm,Cranial neural crest (anterior),5.931764882168615,-0.07445907133537262,-3.751713421581852,0.0010056259136700238,0.01,2288,5971
Amniotic ectoderm,Cranial neural crest (posterior),5.865555727164982,-0.09972587605795506,-4.952866868126712,0.000497570331380919,0.0,2288,3552
Amniotic ectoderm,Dermomyotome,5.952911402396808,-0.4070348485125856,-25.237379738944977,0.00033511704728315597,0.0,2288,47263
Amniotic ectoderm,Diencephalon,5.744176729359853,-0.30221109535898477,-17.789908498838134,0.0007932007099452367,0.0,2288,14353
Amniotic ectoderm,Dl1 interneuron,5.868290463612948,-0.13144925450096334,-4.6975260468592355,0.0017903536008504082,0.0,2288,1503
Amniotic ectoderm,Dl2-6 interneuron,5.85964857220107,-0.3395884273731428,-15.065014710510246,0.00019148899026027365,0.0,2288,3790
Amniotic ectoderm,Dorsal root ganglion neuron,5.779308963060466,-0.04006836346948065,-1.4088298724522763,0.000908087366052476,0.44,2288,1179
Amniotic ectoderm,Dorsal root ganglion progenitor,5.816707999683193,-0.02134112033609122,-0.7594781525085472,0.001661243756961898,0.41,2288,921
Amniotic ectoderm,Endocardial cell,5.776801366601589,-0.005574442530435301,-0.006296932139750726,0.011085429673509674,0.92,2288,1558
Amniotic ectoderm,Endothelial cell,6.1756199465019925,-0.048468756811118986,-2.0628909188250186,0.008099774531510066,0.0,2288,9493
Amniotic ectoderm,Endothelial progenitor,5.988405718981468,-0.11732193232525005,-5.219325042731241,0.0008121474138665243,0.0,2288,1988
Amniotic ectoderm,Epibranchial placode,6.681563737556373,1.0016820922325655,46.88976621309204,0.07106431379289378,0.0,2288,3606
Amniotic ectoderm,Epibranchial sensory neuron,6.437055794018357,0.7955627264962706,28.05443277043948,0.09023922420057193,0.0,2288,1270
Amniotic ectoderm,Epicardium,5.778376380222794,0.04290540191177842,1.4692420838743174,0.00394869615482586,0.88,2288,1288
Amniotic ectoderm,Epidermal progenitor (anterior),6.78148998382931,0.9083655193584095,46.92710149278705,0.015964224094174004,0.0,2288,7561
Amniotic ectoderm,Epidermal progenitor (posterior),6.871145804502582,0.9986139607724794,58.81882936491841,0.0006648036609091497,0.0,2288,16776
Amniotic ectoderm,Extraembryonic mesoderm,5.860749293885914,0.10194699195414063,6.41361374528782,0.006540938261273572,0.42,2288,5300
Amniotic ectoderm,Eye field,5.6961908777735415,-0.2947556653885168,-14.924838160333328,0.004185767629823752,0.0,2288,8896
Amniotic ectoderm,Facial branchiomotor neuron,5.45467044409484,-0.12321325895734662,-3.3467441838123833,0.00029734390284700065,0.03,2288,521
Amniotic ectoderm,Floor plate (anterior),5.624128899506928,-0.33755559737687335,-16.624118507123928,0.004554864595385017,0.0,2288,8689
Amniotic ectoderm,Floor plate (posterior),5.615090779015688,-0.3849180967226973,-19.41716895263693,0.00022604499421252256,0.0,2288,8099
Amniotic ectoderm,Forelimb field,5.900501314377173,-0.11474536069503571,-6.67855345975985,0.0022411768287438185,0.0,2288,25891
Amniotic ectoderm,Frontonasal mesenchyme,5.984522959633776,-0.03597264261928531,-1.6480408200563195,0.006582617688896639,0.4,2288,24672
Amniotic ectoderm,Head paraxial mesoderm,5.879681515719203,-0.1089555118275672,-7.420968037506824,0.0012901084507583504,0.0,2288,32981
Amniotic ectoderm,Hematopoietic progenitor,5.320101422828377,0.08621726443171902,0.9823862742049477,0.005982527854127481,0.94,2288,87
Amniotic ectoderm,Hemogenic endothelium,5.630015114550525,0.1901201301521563,3.4950166306157286,0.023971366555839955,0.89,2288,141
Amniotic ectoderm,Hepatoblast,5.392232745737047,-0.06549570783492491,-3.6043872926723703,0.022025484625902928,0.43,2288,1255
Amniotic ectoderm,Hindbrain (isthmic organizer),5.7060895206154205,-0.31148793700798877,-14.661917777961682,0.0024557009858984695,0.0,2288,3921
Amniotic ectoderm,Hindbrain (r1),5.800390211057742,-0.34488377873336723,-19.93237917439046,0.0014855423485196694,0.0,2288,16440
Amniotic ectoderm,Hindbrain (r2-r4),5.883083908030485,-0.35847742417997736,-21.111146217187343,0.004623333826589703,0.0,2288,26863
Amniotic ectoderm,Hindbrain (r5-r8),5.8488582492338095,-0.4213225422662162,-24.920191686916734,0.0012016869787938006,0.0,2288,28972
Amniotic ectoderm,Hindgut,5.387255600684932,-0.14027900088994047,-7.804583338982032,0.013411947736291724,0.47,2288,3029
Amniotic ectoderm,Hindlimb field,6.0813394507436165,0.10886638403682684,6.096933579756858,0.0032067260618960404,0.01,2288,6150
Amniotic ectoderm,Hypaxial myogenic progenitor,5.759110956270091,-0.29040192126223996,-15.986893903232989,0.003327916327724792,0.0,2288,5322
Amniotic ectoderm,Hypothalamic neuron,5.5529661231383605,-0.1687258222443632,-5.269023365109508,0.019513805135259847,0.73,2288,534
Amniotic ectoderm,Hypothalamus,5.6228268492104805,-0.2729846115595951,-14.920950730793672,0.0036912109488748293,0.0,2288,7652
Amniotic ectoderm,Inflow tract,5.9184761802121715,0.09608853706317788,4.496866034000955,0.0013426621328668184,0.0,2288,2494
Amniotic ectoderm,Intermediate mesoderm (nephrogenic),5.934170067810304,-0.21118905439364669,-10.7800108175308,0.0005496209089923135,0.0,2288,6458
Amniotic ectoderm,Intermediate mesoderm (posterior),5.912551426631354,-0.14245644985492678,-7.045723994945273,0.0016426206743686078,0.0,2288,4198
Amniotic ectoderm,Juxtacardiac field,5.738055697439102,0.05268115931659878,1.5010236971274686,0.011705150912575787,0.01,2288,1386
Amniotic ectoderm,Left ventricle,5.589672478320061,-0.09361607456439014,-3.3914288289153034,0.00022641826473804218,0.0,2288,1174
Amniotic ectoderm,Lens placode,6.270813686731088,0.5214238751777579,22.005601657604625,0.03835796174235731,0.0,2288,2811
Amniotic ectoderm,Macrophage,5.479056820046459,0.12632284688962456,2.7739405960558607,0.05956821200937561,0.76,2288,966
Amniotic ectoderm,Megakaryocyte,5.4216527828619006,-0.04975703613325214,-1.332516597161393,0.013902847419630531,0.89,2288,482
Amniotic ectoderm,Mesothelium,5.575511306791552,-0.08122282837862471,-1.6493011263067408,0.026884577272162428,0.07,2288,346
Amniotic ectoderm,Midbrain,5.7934092094437775,-0.3148568160929021,-18.16172971277018,0.002216547789239365,0.0,2288,21466
Amniotic ectoderm,Midbrain GABAergic neuron,5.229506416054414,-0.189828817244346,-3.0892007138254214,0.0037211958502826395,0.1,2288,118
Amniotic ectoderm,Midbrain neuron,5.780452645086606,-0.2895294284811382,-15.45580286387104,0.0037074329772516456,0.0,2288,4345
Amniotic ectoderm,Midgut,5.323697221685799,-0.2044358685969098,-10.012615887019807,0.015266135907766723,0.0,2288,1667
Amniotic ectoderm,Myotome,5.714470046986391,-0.3371394705877388,-14.814224266281714,0.0015752768931993314,0.0,2288,2201
Amniotic ectoderm,Nascent somite,5.870141330987823,-0.2532660894024499,-12.766740615229162,0.008471424518066083,0.0,2288,6475
Amniotic ectoderm,Notochord,5.4167630146703125,-0.19145468972695964,-6.922015947209506,0.000966946587210545,0.0,2288,956
Amniotic ectoderm,Oculomotor neuron,5.195678683131843,-0.09940232416516892,-1.3462638329591734,0.03866463558080318,0.02,2288,122
Amniotic ectoderm,Olfactory placode,6.219086530764694,0.3884043632997507,19.927514485386013,0.02892440498473764,0.0,2288,5872
Amniotic ectoderm,Olfactory sensory neuron,5.782819212180331,0.16391211185621865,4.078453582537338,0.006030473092705275,0.07,2288,389
Amniotic ectoderm,Otic placode,5.992064331860171,0.29390349308903385,12.674268552323268,0.020327963088361444,0.0,2288,2365
Amniotic ectoderm,Otic sensory neuron,5.921048079439525,0.3231777020446387,10.905189832228485,0.02823428442362416,0.0,2288,974
Amniotic ectoderm,Outflow tract,5.561545824343306,-0.061514265356179244,-1.4252972622871205,0.025150678559186332,0.34,2288,890
Amniotic ectoderm,Pancreatic-biliary progenitor,5.3173865970350045,-0.1553017132170771,-4.062942761204483,0.006382643343508729,0.06,2288,373
Amniotic ectoderm,Paraventricular hypothalamic neuron,5.250384685270628,-0.14438011239370704,-2.3284408256231153,0.002801399785362567,0.04,2288,192
Amniotic ectoderm,Periocular mesoderm,5.472146976518655,-0.039099445103743115,-1.737462818923272,0.0062011108012833185,0.06,2288,1739
Amniotic ectoderm,Pharyngeal arch mesenchyme (p1-p2),6.063054171289045,0.014344331328481749,1.143864235164987,0.00045525929376869694,0.74,2288,29887
Amniotic ectoderm,Pharyngeal arch mesenchyme (p3-p4),5.9324987390167685,-0.034972066826731485,-1.770468966415412,0.00021526885961264388,0.22,2288,9198
Amniotic ectoderm,Pharyngeal endoderm,5.57997120473397,-0.09533241259323393,-6.400466249869036,0.019662064081873595,0.78,2288,5045
Amniotic ectoderm,Pharyngeal mesoderm,5.747715671992744,-0.13282001683874967,-8.360646684080136,0.0015663704673772637,0.0,2288,7691
Amniotic ectoderm,Presomitic mesoderm,5.8543297424320295,-0.2846334515556051,-14.413429443604764,0.010964451044761339,0.0,2288,8521
Amniotic ectoderm,Primordial germ cell,5.224881826951597,0.401497207854129,3.6913272560268022,0.19625420286543727,0.59,1247,25
Amniotic ectoderm,Respiratory progenitor,5.380730407179183,-0.10945657692981954,-4.9649727783852935,0.029166323349975987,0.79,2288,1209
Amniotic ectoderm,Right ventricle,5.452557380796122,-0.026674895161852657,-0.6951426495073965,0.02280990752453007,0.79,2288,730
Amniotic ectoderm,Roof plate (anterior),5.900524693775114,-0.12156362194314922,-6.2559549531367376,0.002060295561282262,0.0,2288,3787
Amniotic ectoderm,Roof plate (posterior),5.859877293620564,-0.16968891127441754,-6.950055955211805,0.0008680384940712925,0.0,2288,2248
Amniotic ectoderm,Sacral neural crest,5.779909660404257,-0.11513801222247515,-4.544138301862697,0.006641785735946457,0.0,2288,2156
Amniotic ectoderm,Sclerotome,5.875437313567784,-0.45745425265214806,-26.894413445942856,0.002476266161949141,0.0,2288,74334
Amniotic ectoderm,Second heart field (anterior),5.706863552127699,0.08602901078527274,3.3418776351822186,0.006677408198361658,0.8,2288,1040
Amniotic ectoderm,Somatic mesoderm (anterior),6.07947945931569,-0.014445909997174766,-0.3899851677827062,0.0049752580095954015,0.74,2288,14544
Amniotic ectoderm,Somatic mesoderm (posterior),6.421810661932834,0.21706445218313242,13.914769343435426,0.003930675619187167,0.0,2288,48596
Amniotic ectoderm,Somatic mesoderm (tailbud),5.918029188084109,0.011660862029637009,0.30920667415156594,0.0008411121535353131,0.97,2288,3011
Amniotic ectoderm,Somatic motor neuron,5.67182782783156,-0.4359534709168926,-21.820818977827383,0.0012400994728079852,0.0,2288,6559
Amniotic ectoderm,Spinal cord (cervical),5.890120821252275,-0.4253142905056662,-25.900337070023326,0.0018821895712211349,0.0,2288,41051
Amniotic ectoderm,Spinal cord (lumbar),5.848286444923247,-0.3243550378114328,-17.604401969733157,0.007089909601038611,0.0,2288,12722
Amniotic ectoderm,Spinal cord (sacral),5.812625863284372,-0.2958060684635549,-14.235689518294103,0.017633504382284476,0.0,2288,5351
Amniotic ectoderm,Spinal cord (thoracic),5.852466931747215,-0.3956151131906281,-21.311748077323596,0.008688563202518493,0.0,2288,35061
Amniotic ectoderm,Spinal cord interneuron progenitor,5.713472507095953,-0.36885807482988725,-15.603015896099572,5.867916427958048e-05,0.0,2288,2196
Amniotic ectoderm,Splanchnic mesoderm (cardiopulmonary),5.822498882896709,-0.09315955114917163,-5.090064853754377,0.0008237466701764076,0.0,2288,5768
Amniotic ectoderm,Splanchnic mesoderm (gastric),5.8442633071507375,-0.04400959103477368,-1.7664429358812337,0.002657436478928684,0.37,2288,3373
Amniotic ectoderm,Splanchnic mesoderm (intestinal),6.20796686462882,0.08339891903027308,4.845462391123264,0.004842024481198045,0.91,2288,9676
Amniotic ectoderm,Splanchnic mesoderm (septum transversum),5.95585108408586,0.1194159522035217,5.846589916590147,0.002112011337478855,0.0,2288,2825
Amniotic ectoderm,Subthalamic nucleus neuron,5.492141222501476,-0.2256513859973722,-8.02387958011678,0.002064077860923324,0.0,2288,802
Amniotic ectoderm,Surface ectoderm (posterior),6.901302687701633,1.5487186492348632,23.839027500776933,0.016316479456856776,0.0,2288,133
Amniotic ectoderm,Telencephalon (dorsal),5.864243538085973,-0.2644207985118528,-16.29378102325034,0.0029173163843447744,0.0,2288,31059
Amniotic ectoderm,Telencephalon (ventral),5.764137245002675,-0.1547965738328383,-7.474709197783848,0.0009818883993293608,0.0,2288,3241
Amniotic ectoderm,Thyroid progenitor,5.28693914927591,-0.17918460957464047,-6.69250042364553,0.011780560966834372,0.02,2288,850
Amniotic ectoderm,Trigeminal branchiomotor neuron,5.536897463596934,-0.14372706550475614,-4.913837406409563,0.0003605767898995125,0.01,2288,872
Amniotic ectoderm,Trigeminal ganglion neuron,5.8403800004744575,0.05699034979579132,2.3661131221204,0.000708646238012253,0.18,2288,1765
Amniotic ectoderm,Trigeminal placode,6.339116121687511,0.40956406363092324,20.039248766203105,0.01678868242679788,0.0,2288,6546
Amniotic ectoderm,Trigeminal sensory neuron,6.231770121956994,0.4079643725878288,20.07974068214109,0.002805374399728803,0.0,2288,3198
Amniotic ectoderm,Trochlear neuron,5.306223888109777,-0.12150770563100692,-2.004683148039192,0.002826467832811095,0.36,2288,153
Amniotic ectoderm,Trunk neural crest,5.857453364426135,-0.14739007932994083,-7.900734977111455,0.0026707018207121724,0.0,2288,6809
Amniotic ectoderm,V0 interneuron,5.743294046064989,-0.38020204789897455,-15.333333924813934,0.0023772315004030663,0.0,2288,2114
Amniotic ectoderm,V1 interneuron,5.675723734503155,-0.3683878982226079,-15.05770451961078,0.001113698529133077,0.0,2288,1795
Amniotic ectoderm,V2 interneuron,5.6004813936976205,-0.2679822807887448,-8.511935328570571,0.0008538277520743334,0.0,2288,842
Amniotic ectoderm,V3 interneuron,5.33531516977871,-0.15611034030283358,-3.3289022934345684,0.00804295572178633,0.09,2288,230
Amniotic ectoderm,Vagal neural crest,5.883739129909766,-0.13346452236267403,-6.488638927970921,0.001286182640717471,0.0,2288,4937
Amniotic ectoderm,Visceral motor neuron,5.490717737063097,-0.3135397623087532,-11.184101249248043,0.0027248331834538436,0.0,2288,2062
Amniotic ectoderm,Yolk sac endothelial cell,5.377120064492938,0.03771845004085694,0.2518583865977503,0.0238680920001355,0.4,2288,112
Apical ectodermal ridge,Apical ectodermal ridge,9.500000000008898,1.0658141036401503e-14,0.00011247977979260113,1.5461673742331831e-28,1.0,2516,2516
Apical ectodermal ridge,Arterial endothelial cell,5.881327032792794,0.18692824742643163,5.115734747805188,0.0026801171652870394,0.0,2516,645
Apical ectodermal ridge,Atria,5.74261584312153,0.09197170060154806,3.816666314385633,0.027225592038583137,0.0,2516,1798
Apical ectodermal ridge,Atrioventricular canal,5.509341800730371,-0.004938866583127736,-0.17559103181801708,0.019464560424991624,0.26,2516,357
Apical ectodermal ridge,Autonomic neuron,5.438028310669883,0.23568853461807424,3.656995525810158,0.01637915491328176,0.55,2516,142
Apical ectodermal ridge,Autonomic progenitor,5.878115038976375,0.12526672085791457,6.173233623339795,0.0003704506914946662,0.0,2516,3416
Apical ectodermal ridge,Axial progenitor,5.7008778195616445,-0.23677043307009585,-11.170273384142059,0.0018225097141018835,0.0,2516,3170
Apical ectodermal ridge,Cranial neural crest (anterior),5.8851963659797635,0.008427566692341534,1.1278952895782106,0.01113849871708346,0.0,2516,5971
Apical ectodermal ridge,Cranial neural crest (posterior),5.825616961324497,-0.01050341612654293,-0.3029290233521948,0.005030846745313598,0.72,2516,3552
Apical ectodermal ridge,Dermomyotome,5.911877493937254,-0.3185834293166427,-20.007649562676438,0.00274035098583449,0.0,2516,47263
Apical ectodermal ridge,Diencephalon,5.661687572762879,-0.2540868720256488,-14.83513822106361,0.004020272372444107,0.0,2516,14353
Apical ectodermal ridge,Dl1 interneuron,5.75689100051834,-0.1133056152093177,-4.339416139318479,0.04744413570085551,0.03,2516,1503
Apical ectodermal ridge,Dl2-6 interneuron,5.797563030755377,-0.27230910597703656,-13.156531874761873,0.009858528250990565,0.0,2516,3790
Apical ectodermal ridge,Dorsal root ganglion neuron,5.729615504156378,0.03886179913390494,1.3602059905326958,0.00271319740424051,0.65,2516,1179
Apical ectodermal ridge,Dorsal root ganglion progenitor,5.804810478428647,0.09509384664883609,2.999135587697602,0.0017460857604498293,0.04,2516,921
Apical ectodermal ridge,Endocardial cell,5.642044177630609,-0.008632015663104417,-0.4878754542091042,0.014558697478540038,0.04,2516,1558
Apical ectodermal ridge,Endothelial cell,6.085799936009033,-0.011059618699624943,-0.7020157192222286,0.00016337004898309577,0.97,2516,9493
Apical ectodermal ridge,Endothelial progenitor,5.8817086087984265,-0.09946329138980776,-4.099484615531029,0.0028706320478908047,0.06,2516,1988
Apical ectodermal ridge,Epibranchial placode,6.490667724765309,0.9404059548303408,42.114279093903356,0.003308265075709094,0.0,2516,3606
Apical ectodermal ridge,Epibranchial sensory neuron,6.257598679035257,0.7435592997852828,27.82167639635958,0.01272813332235491,0.0,2516,1270
Apical ectodermal ridge,Epicardium,5.708400334519027,0.10142721439033557,3.5314260434191738,0.009843909114706006,0.23,2516,1288
Apical ectodermal ridge,Epidermal progenitor (anterior),6.40786779935084,0.6636435083714485,38.557564608481975,0.008125561735097792,0.0,2516,7561
Apical ectodermal ridge,Epidermal progenitor (posterior),7.621572470761715,1.882342552922851,116.8845475061532,0.0025351362956576194,0.0,2516,16776
Apical ectodermal ridge,Extraembryonic mesoderm,5.696408706958255,0.06659950178306051,2.8667213307557735,0.031845261773738365,0.23,2516,5300
Apical ectodermal ridge,Eye field,5.653795295074069,-0.20743278104195126,-11.450031569907898,0.010503958868225922,0.0,2516,8896
Apical ectodermal ridge,Facial branchiomotor neuron,5.371053852693154,-0.0762632391393921,-2.1153940087072396,0.008256052387598741,0.69,2516,521
Apical ectodermal ridge,Floor plate (anterior),5.544060138885517,-0.2870484490571095,-14.906601733997727,0.002714808867617576,0.0,2516,8689
Apical ectodermal ridge,Floor plate (posterior),5.526574472158237,-0.3446245123869103,-17.038501833916058,0.0020087323858105147,0.0,2516,8099
Apical ectodermal ridge,Forelimb field,5.890581945810968,0.004872328534684556,-0.019878572380707855,0.0028100296928108503,0.31,2516,25891
Apical ectodermal ridge,Frontonasal mesenchyme,5.90276708752102,0.011500849331338436,2.1019021663881556,0.027666690671254088,0.0,2516,24672
Apical ectodermal ridge,Head paraxial mesoderm,5.72238330438634,-0.13781349533571094,-11.235918272488691,0.00856005337883301,0.1,2516,32981
Apical ectodermal ridge,Hematopoietic progenitor,5.139803599607152,0.04137098958257468,0.40500397240620356,0.0345867031742516,0.89,2516,87
Apical ectodermal ridge,Hemogenic endothelium,5.553351226483035,0.23915045110366803,3.200528961990384,0.03400688680236066,0.29,2516,141
Apical ectodermal ridge,Hepatoblast,5.308768166988902,-0.021274162477358693,-2.47638749514991,0.05556034885379142,0.86,2516,1255
Apical ectodermal ridge,Hindbrain (isthmic organizer),5.565218110115166,-0.32293789838842074,-16.24947973138865,0.008516018997223714,0.0,2516,3921
Apical ectodermal ridge,Hindbrain (r1),5.691644395250243,-0.32494201745650414,-19.625804809030225,0.0016088944665101732,0.0,2516,16440
Apical ectodermal ridge,Hindbrain (r2-r4),5.803552277474302,-0.3105701601597337,-20.070024880341336,0.012302118527559767,0.0,2516,26863
Apical ectodermal ridge,Hindbrain (r5-r8),5.768433720660487,-0.37176856007565257,-23.842949249988877,0.0018429829303692631,0.0,2516,28972
Apical ectodermal ridge,Hindgut,5.22743059375446,-0.17154339427327217,-8.24792163623251,0.010852839841465477,0.0,2516,3029
Apical ectodermal ridge,Hindlimb field,6.097922177735437,0.2522496490732709,12.88531329064009,0.014325363833454324,0.0,2516,6150
Apical ectodermal ridge,Hypaxial myogenic progenitor,5.64989477460568,-0.27257802397770625,-14.832407928531644,0.002119843528434318,0.0,2516,5322
Apical ectodermal ridge,Hypothalamic neuron,5.399221808799652,-0.19061310161028958,-4.71979876893633,0.007188139464397728,0.02,2516,534
Apical ectodermal ridge,Hypothalamus,5.509499765028425,-0.2555692102279646,-14.271744114699976,0.0006949845626479227,0.0,2516,7652
Apical ectodermal ridge,Inflow tract,5.903358540388656,0.20831110922717708,9.314302170667466,0.0162386125861588,0.0,2516,2494
Apical ectodermal ridge,Intermediate mesoderm (nephrogenic),5.9639273442641,-0.052930568423590486,-2.7489654778874293,0.0029919724447942304,0.63,2516,6458
Apical ectodermal ridge,Intermediate mesoderm (posterior),5.868349365697173,-0.054584487272118544,-2.686292482462852,0.0024530866648379973,0.66,2516,4198
Apical ectodermal ridge,Juxtacardiac field,5.673656045420408,0.11657770267917507,4.403401164106119,0.010393899388834147,0.29,2516,1386
Apical ectodermal ridge,Left ventricle,5.478507880503847,-0.07459515595656925,-2.4213556028730823,0.005630767409775784,0.9,2516,1174
Apical ectodermal ridge,Lens placode,6.091793219815329,0.4699133509338589,20.39606151245202,0.008040562803515864,0.0,2516,2811
Apical ectodermal ridge,Macrophage,5.301609114770927,0.07785046652083032,1.4191466653788811,0.03516788832607722,0.81,2516,966
Apical ectodermal ridge,Megakaryocyte,5.3335698947223955,-0.008077643257857462,0.021920317533429785,0.04746933004050172,0.04,2516,482
Apical ectodermal ridge,Mesothelium,5.545651487635342,0.019702517643890378,0.4215052794254091,0.006534496868738774,0.63,2516,346
Apical ectodermal ridge,Midbrain,5.707273513990816,-0.2700374171963607,-14.891606411089036,0.0048455214114194855,0.0,2516,21466
Apical ectodermal ridge,Midbrain GABAergic neuron,5.1591170373441,-0.1316441016507174,-1.8517777050957351,0.01185254126730873,0.94,2516,118
Apical ectodermal ridge,Midbrain neuron,5.72165320314875,-0.21987278986768644,-11.013307697088047,0.008308385312155206,0.0,2516,4345
Apical ectodermal ridge,Midgut,5.270172766035347,-0.12735687032674411,-5.948314794940142,0.023986376253829884,0.29,2516,1667
Apical ectodermal ridge,Myotome,5.593385371860939,-0.3272539406540537,-13.674204060768886,0.004841171328533669,0.0,2516,2201
Apical ectodermal ridge,Nascent somite,5.837597405460849,-0.15841992120121517,-7.609000958915662,0.006658097123126782,0.0,2516,6475
Apical ectodermal ridge,Notochord,5.39467759004705,-0.08396262385481545,-2.514820305008636,0.01799680090155317,0.9,2516,956
Apical ectodermal ridge,Oculomotor neuron,5.023997659735094,-0.14450836732023328,-2.024064029408303,0.05758422676947047,0.07,2516,122
Apical ectodermal ridge,Olfactory placode,5.972977479703282,0.2716403133787771,14.303332322128178,0.01692529674684587,0.0,2516,5872
Apical ectodermal ridge,Olfactory sensory neuron,5.634505755362049,0.14667844808707908,3.8600840546141555,0.048560826554452305,0.06,2516,389
Apical ectodermal ridge,Otic placode,6.088096273119145,0.5187335327231416,22.52671409772464,0.0022323787563326408,0.0,2516,2365
Apical ectodermal ridge,Otic sensory neuron,5.865869923079518,0.3973119635840637,12.511027797905271,0.009769151909748613,0.0,2516,974
Apical ectodermal ridge,Outflow tract,5.4178818524007015,-0.07586433028253807,-2.6196264207432187,4.992345162079678e-05,0.07,2516,890
Apical ectodermal ridge,Pancreatic-biliary progenitor,5.295535623144548,-0.04980111446220518,-1.3653847377287505,0.028442695822728598,0.26,2516,373
Apical ectodermal ridge,Paraventricular hypothalamic neuron,5.148482187031159,-0.11629306616536776,-2.1524167574649016,0.018076537847866156,0.96,2516,192
Apical ectodermal ridge,Periocular mesoderm,5.326057118271655,-0.05822834146341638,-1.791136291140371,0.015112802302361613,0.0,2516,1739
Apical ectodermal ridge,Pharyngeal arch mesenchyme (p1-p2),6.002549549102146,0.08178110380861862,5.9729367223313306,0.00838254975960832,0.22,2516,29887
Apical ectodermal ridge,Pharyngeal arch mesenchyme (p3-p4),5.8703925925771685,0.03018095122497459,2.309781111492997,0.014319423913951818,0.0,2516,9198
Apical ectodermal ridge,Pharyngeal endoderm,5.517738012891535,-0.027654070599145264,-2.2788312765749605,0.05612296681145895,0.04,2516,5045
Apical ectodermal ridge,Pharyngeal mesoderm,5.669823547802568,-0.08239464955218256,-6.634568424062444,0.03886781490975405,0.24,2516,7691
Apical ectodermal ridge,Presomitic mesoderm,5.782592350478336,-0.23068391554383716,-13.065415407074648,0.016844030668512068,0.0,2516,8521
Apical ectodermal ridge,Primordial germ cell,4.744837687414962,0.029143533272516287,0.28377090018266005,0.01049321023087942,0.8,1574,25
Apical ectodermal ridge,Respiratory progenitor,5.240765479886534,-0.12257141183728078,-4.763353256396184,0.051910350962490914,0.0,2516,1209
Apical ectodermal ridge,Right ventricle,5.236837690009625,-0.11538932089844452,-2.3027033973822406,0.020425043209189225,0.58,2516,730
Apical ectodermal ridge,Roof plate (anterior),5.843066032052978,-0.04773445802226561,-2.271117563509284,0.017478551910668723,0.93,2516,3787
Apical ectodermal ridge,Roof plate (posterior),5.811576085066228,-0.09085016739760092,-3.489640313054821,7.930198846707953e-05,0.0,2516,2248
Apical ectodermal ridge,Sacral neural crest,5.779654752447448,0.011066791136885653,0.4760970822796678,0.00014271402418137143,1.0,2516,2156
Apical ectodermal ridge,Sclerotome,5.832719836108699,-0.37217100543371817,-26.511119094423538,0.0030848948287052202,0.0,2516,74334
Apical ectodermal ridge,Second heart field (anterior),5.546880359033865,0.05191730773065828,1.9360938208346195,0.0002548008437379746,0.11,2516,1040
Apical ectodermal ridge,Somatic mesoderm (anterior),6.051563137168464,0.08858495407775606,5.172660051196714,0.0007119251721007724,0.0,2516,14544
Apical ectodermal ridge,Somatic mesoderm (posterior),6.334539926670025,0.25703246565932,16.33566269972188,0.0046328543424623385,0.0,2516,48596
Apical ectodermal ridge,Somatic mesoderm (tailbud),5.923371145276778,0.14259675296674837,6.296275482866716,0.007374139577874042,0.0,2516,3011
Apical ectodermal ridge,Somatic motor neuron,5.595977308511178,-0.38445396681254085,-19.59909987075395,7.183952729101608e-05,0.0,2516,6559
Apical ectodermal ridge,Spinal cord (cervical),5.825198743239916,-0.360610389135827,-21.502552647216124,0.0024438865011828705,0.0,2516,41051
Apical ectodermal ridge,Spinal cord (lumbar),5.778014254395699,-0.2653155215764847,-15.175119386331671,0.0007862647326870746,0.0,2516,12722
Apical ectodermal ridge,Spinal cord (sacral),5.738417889836966,-0.2403156378148701,-11.286943360871886,0.004332261408789223,0.0,2516,5351
Apical ectodermal ridge,Spinal cord (thoracic),5.802854671729314,-0.3152872424544251,-19.603692619094783,9.785905044936993e-05,0.0,2516,35061
Apical ectodermal ridge,Spinal cord interneuron progenitor,5.620353223022612,-0.33661357363178307,-13.78291917386665,0.00015478209196924465,0.0,2516,2196
Apical ectodermal ridge,Splanchnic mesoderm (cardiopulmonary),5.742793410265946,-0.04175132258242117,-2.5805182171328664,0.008109221791287445,0.06,2516,5768
Apical ectodermal ridge,Splanchnic mesoderm (gastric),5.847246372706116,0.08945301929147013,3.8960826006380933,0.0062211898286785305,0.06,2516,3373
Apical ectodermal ridge,Splanchnic mesoderm (intestinal),6.192232657343435,0.19627510098322767,11.963727001882196,0.004946542919008808,0.0,2516,9676
Apical ectodermal ridge,Splanchnic mesoderm (septum transversum),5.9384205747619605,0.23109149684903496,12.02308383379652,0.009118326418861507,0.0,2516,2825
Apical ectodermal ridge,Subthalamic nucleus neuron,5.387123997711213,-0.20227293057224602,-6.355061479898015,0.010273403852295443,0.02,2516,802
Apical ectodermal ridge,Surface ectoderm (posterior),6.413491400486808,1.183713809743117,16.69621519047071,0.12682386289542302,0.0,2516,133
Apical ectodermal ridge,Telencephalon (dorsal),5.817674557076177,-0.18281893480434844,-11.215958149212007,0.011542459910698617,0.0,2516,31059
Apical ectodermal ridge,Telencephalon (ventral),5.724041350767979,-0.06416264908449953,-2.725950229751921,0.011433615404853482,0.21,2516,3241
Apical ectodermal ridge,Thyroid progenitor,5.263629936563627,-0.07293025209486832,-2.746383158757134,0.059350702446919375,0.14,2516,850
Apical ectodermal ridge,Trigeminal branchiomotor neuron,5.406191807032344,-0.14922471984989402,-4.918336281772038,0.005600391751680769,0.0,2516,872
Apical ectodermal ridge,Trigeminal ganglion neuron,5.786492731233278,0.1309482227451492,5.1644056032629,0.006317443406626282,0.09,2516,1765
Apical ectodermal ridge,Trigeminal placode,6.201563474206917,0.40196125625199625,21.86970436530572,0.011497405069418487,0.0,2516,6546
Apical ectodermal ridge,Trigeminal sensory neuron,6.140434081304181,0.44363249917906405,20.969508465410033,0.0363334783834135,0.0,2516,3198
Apical ectodermal ridge,Trochlear neuron,5.166739287742273,-0.13816285615486676,-1.8535479544785638,0.043230485179932346,0.31,2516,153
Apical ectodermal ridge,Trunk neural crest,5.850456573259174,-0.028061493720496006,-1.5605750056577616,0.0028130921942370758,0.14,2516,6809
Apical ectodermal ridge,V0 interneuron,5.711511005611432,-0.2867274888719038,-11.611475356819389,0.0003937252124584781,0.0,2516,2114
Apical ectodermal ridge,V1 interneuron,5.635187453450638,-0.27720803838046554,-10.712153287588658,0.0012141045958627425,0.0,2516,1795
Apical ectodermal ridge,V2 interneuron,5.541548870908315,-0.19896168327282351,-6.099897531536048,0.0054511805069049155,0.0,2516,842
Apical ectodermal ridge,V3 interneuron,5.220062292750021,-0.14437307440006966,-2.737855737012907,0.009705468252410419,0.18,2516,230
Apical ectodermal ridge,Vagal neural crest,5.881176010338692,-0.007153310626064169,-0.19345330511355593,0.0021297240482709592,0.19,2516,4937
Apical ectodermal ridge,Visceral motor neuron,5.399408723147292,-0.2758415737334993,-11.038953048797751,0.004624990621390698,0.0,2516,2062
Apical ectodermal ridge,Yolk sac endothelial cell,5.422452550088342,0.20649690441132793,2.1019764961057166,0.02842239585537655,0.59,2516,112
Arterial endothelial cell,Arterial endothelial cell,9.499999999996554,-9.473903143468002e-15,-0.00011248945374041576,1.682903264471492e-29,1.0,645,645
Arterial endothelial cell,Atria,6.219219493177678,0.3564456796549183,12.192872299990777,0.010995911675557444,0.0,645,1798
Arterial endothelial cell,Atrioventricular canal,5.963455013754273,0.239002311217825,5.425246848535611,0.016193818257636952,0.0,645,357
Arterial endothelial cell,Autonomic neuron,5.257462754474282,-0.1535780971594365,-1.1325867239313763,0.06643891674594735,0.42,645,142
Arterial endothelial cell,Autonomic progenitor,5.912803810883776,-0.05257993231940598,-1.5210630318091232,0.0006594660343625491,0.36,645,3416
Arterial endothelial cell,Axial progenitor,5.919262833316506,-0.23001458360641772,-6.788926008696819,0.00013683345734907853,0.0,645,3170
Arterial endothelial cell,Cranial neural crest (anterior),5.922557119496996,-0.16814902883486837,-5.636487328784718,0.0036039191547738254,0.0,645,5971
Arterial endothelial cell,Cranial neural crest (posterior),5.897389463349067,-0.1501408224962312,-4.427524776384082,0.0028642794424746957,0.0,645,3552
Arterial endothelial cell,Dermomyotome,6.2173448671760765,-0.22801582180911031,-7.563994399364144,0.003281118651660123,0.0,645,47263
Arterial endothelial cell,Diencephalon,5.805081624084998,-0.3243900203197307,-10.645986846340696,0.00029560531040009256,0.0,645,14353
Arterial endothelial cell,Dl1 interneuron,5.890305878717368,-0.19313613776333374,-5.2176552102481075,0.006301790631913975,0.0,645,1503
Arterial endothelial cell,Dl2-6 interneuron,5.988257683141824,-0.29273306111158676,-8.496165446707233,0.0012430535580110805,0.0,645,3790
Arterial endothelial cell,Dorsal root ganglion neuron,5.901784760890557,0.003509786392009495,0.012057978556926066,0.003441170201252661,0.56,645,1179
Arterial endothelial cell,Dorsal root ganglion progenitor,5.933950583384174,0.012890855088862155,0.22511692351315418,0.0014526559250618732,0.44,645,921
Arterial endothelial cell,Endocardial cell,6.179167738745697,0.31590921508057335,10.823297615019754,0.00484898415638154,0.0,645,1558
Arterial endothelial cell,Endothelial cell,6.838446023057955,0.5270409071205394,17.65361482145687,0.0014957170018159742,0.0,645,9493
Arterial endothelial cell,Endothelial progenitor,6.311118623933415,0.12283551118917331,4.081011803373364,0.0017173714939599529,0.01,645,1988
Arterial endothelial cell,Epibranchial placode,5.922943711148594,0.1610789854440755,4.5324331183074635,0.002755585979964312,0.0,645,3606
Arterial endothelial cell,Epibranchial sensory neuron,5.845698050545599,0.12102204417165681,3.122205325003286,0.0036642212286988884,0.14,645,1270
Arterial endothelial cell,Epicardium,6.045840113699936,0.22738996261376698,7.22474918393172,0.0003355707371432662,0.0,645,1288
Arterial endothelial cell,Epidermal progenitor (anterior),6.024071543545612,0.06681660628280668,2.2926104269604552,0.003490704043394252,1.0,645,7561
Arterial endothelial cell,Epidermal progenitor (posterior),6.123287332186357,0.16888545153589618,5.632067665580121,0.003304941780235437,0.0,645,16776
Arterial endothelial cell,Extraembryonic mesoderm,6.089229096899914,0.24754081992026045,9.756132574594412,0.008762863112216584,0.0,645,5300
Arterial endothelial cell,Eye field,5.792010663787884,-0.28215250227183386,-8.048741985221755,0.00039842524959432865,0.0,645,8896
Arterial endothelial cell,Facial branchiomotor neuron,5.430013279960806,-0.2327264608354067,-4.819741691871439,0.0024858297800208606,0.0,645,521
Arterial endothelial cell,Floor plate (anterior),5.675954085497968,-0.3657255048431966,-10.63935116287413,0.0008223322915208268,0.0,645,8689
Arterial endothelial cell,Floor plate (posterior),5.7038423379726595,-0.37718229984147583,-10.361121848925466,0.00010827927433670431,0.0,645,8099
Arterial endothelial cell,Forelimb field,6.271167813711476,0.17318906386391011,5.647473349470549,0.004989415986137605,0.0,645,25891
Arterial endothelial cell,Frontonasal mesenchyme,5.9814973371359565,-0.1211035991679837,-4.330037921712877,0.0020283635753374375,0.0,645,24672
Arterial endothelial cell,Head paraxial mesoderm,6.24458054236862,0.17241856016990612,6.3118512255982,0.0008802377566228517,0.0,645,32981
Arterial endothelial cell,Hematopoietic progenitor,5.402510578995684,0.08352510084965974,1.0382632977503155,0.14211991756464568,0.9,645,87
Arterial endothelial cell,Hemogenic endothelium,6.176674595037103,0.6545633426175762,9.764582510145049,0.015636174432827932,0.0,645,141
Arterial endothelial cell,Hepatoblast,5.318695443690978,-0.2204768972521555,-5.500789895856564,0.003029674393202022,0.0,645,1255
Arterial endothelial cell,Hindbrain (isthmic organizer),5.777439389010098,-0.3243023274339176,-10.850448855585881,0.0026156285470609747,0.0,645,3921
Arterial endothelial cell,Hindbrain (r1),5.875037741458854,-0.3531970627535668,-11.312726038372668,0.0013078018280015262,0.0,645,16440
Arterial endothelial cell,Hindbrain (r2-r4),5.970446455774639,-0.35641982548139534,-12.337411595266351,0.0006438493124494408,0.0,645,26863
Arterial endothelial cell,Hindbrain (r5-r8),5.986674378617566,-0.36557060249840284,-11.618796694169484,0.0016854747383381796,0.0,645,28972
Arterial endothelial cell,Hindgut,5.44957240122145,-0.16035957394975942,-5.473828262801189,0.012645510235609843,0.0,645,3029
Arterial endothelial cell,Hindlimb field,6.300077004249161,0.24198583078622468,6.894715362390927,0.011953654620065056,0.0,645,6150
Arterial endothelial cell,Hypaxial myogenic progenitor,6.038920293509392,-0.09872714943156602,-3.211393184514113,0.00030396218705608234,0.0,645,5322
Arterial endothelial cell,Hypothalamic neuron,5.588801297647017,-0.21532288914757824,-5.087476880195937,0.002174460877300474,0.0,645,534
Arterial endothelial cell,Hypothalamus,5.68893368140218,-0.28677437398476435,-9.821323810918962,0.00031628709913497047,0.0,645,7652
Arterial endothelial cell,Inflow tract,6.237647836246033,0.3309575457867468,11.065456274664646,0.017805635645360193,0.0,645,2494
Arterial endothelial cell,Intermediate mesoderm (nephrogenic),6.148964735712375,-0.07960102507762053,-2.305557975723979,0.0006605030532800529,0.11,645,6458
Arterial endothelial cell,Intermediate mesoderm (posterior),6.154177633705249,0.018609989773087438,0.4098586677780573,0.010987151370182916,0.28,645,4198
Arterial endothelial cell,Juxtacardiac field,6.094695449392051,0.32752614937848684,10.30922240217505,0.005256180284027273,0.0,645,1386
Arterial endothelial cell,Left ventricle,5.856752058461257,0.08933346528159507,2.930152853039751,0.0031456706634116873,0.14,645,1174
Arterial endothelial cell,Lens placode,5.840514182248199,0.006670380346814812,0.29479281262906604,0.0055233110333310145,0.26,645,2811
Arterial endothelial cell,Macrophage,5.300140257618469,-0.1327193774264798,-3.847602615286727,0.008464229482971684,0.64,645,966
Arterial endothelial cell,Megakaryocyte,5.383093777741508,-0.16955410570506255,-3.9475842330619173,0.008196369677734546,0.05,645,482
Arterial endothelial cell,Mesothelium,5.746039381056559,0.001721607902517519,0.2635095727528564,0.02452268295961917,0.25,645,346
Arterial endothelial cell,Midbrain,5.8619071133992895,-0.32748286569876495,-10.540016239947198,0.00017131314691606542,0.0,645,21466
Arterial endothelial cell,Midbrain GABAergic neuron,5.2116412988767165,-0.2941838647696657,-3.75259999472762,0.0007195312415883415,0.01,645,118
Arterial endothelial cell,Midbrain neuron,5.841193700168918,-0.3125492188392552,-10.193240602630334,0.00016830053521046638,0.0,645,4345
Arterial endothelial cell,Midgut,5.4127129429159515,-0.19879187010931462,-6.436622009663394,0.009852565337317428,0.0,645,1667
Arterial endothelial cell,Myotome,5.9526218727034825,-0.18225161092475783,-5.682630347102063,0.010452938965076122,0.02,645,2201
Arterial endothelial cell,Nascent somite,5.980628339954951,-0.22476451771724135,-6.550936846337045,0.001451119015239404,0.0,645,6475
Arterial endothelial cell,Notochord,5.595650013345293,-0.09515873743326075,-3.0117414461943413,0.002670337244308686,0.11,645,956
Arterial endothelial cell,Oculomotor neuron,5.239509921906358,-0.14455630582388176,-1.8564828465075844,0.010928963756197254,0.29,645,122
Arterial endothelial cell,Olfactory placode,5.8251287366843885,-0.08889071682395559,-2.607216938204751,0.004743008690630122,0.41,645,5872
Arterial endothelial cell,Olfactory sensory neuron,5.5257179187077945,-0.17637384157935246,-4.205751649831753,0.007640642100324902,0.01,645,389
Arterial endothelial cell,Otic placode,5.7868637285624045,0.006015613502339552,0.14440302490517062,0.0038316352084740678,0.63,645,2365
Arterial endothelial cell,Otic sensory neuron,5.657564213224785,-0.022433918450079027,-0.3643005069918182,0.014322307626083495,0.32,645,974
Arterial endothelial cell,Outflow tract,6.302460300084754,0.5951828127123377,16.244747983968526,0.009923077933347799,0.0,645,890
Arterial endothelial cell,Pancreatic-biliary progenitor,5.316126941562208,-0.23543577716717254,-4.934904085840839,0.009081212900938926,0.01,645,373
Arterial endothelial cell,Paraventricular hypothalamic neuron,5.34945888766046,-0.1257646716579511,-1.9968445004984001,0.0009396388286246287,0.17,645,192
Arterial endothelial cell,Periocular mesoderm,5.518843642121311,-0.07454220750749307,-3.1733296654625334,0.014155457468425125,0.34,645,1739
Arterial endothelial cell,Pharyngeal arch mesenchyme (p1-p2),6.020706139023801,-0.11377231530805638,-3.483313400935327,0.0014133190966018005,0.0,645,29887
Arterial endothelial cell,Pharyngeal arch mesenchyme (p3-p4),5.948966861128329,-0.10270305087644142,-2.8682535758177843,0.005587018172733973,0.08,645,9198
Arterial endothelial cell,Pharyngeal endoderm,5.591681549198573,-0.1646297918841982,-5.773606089427372,0.00495713218296292,0.0,645,5045
Arterial endothelial cell,Pharyngeal mesoderm,6.401344933180542,0.43900211387479143,17.35083512982405,0.004771783551088656,0.0,645,7691
Arterial endothelial cell,Presomitic mesoderm,5.96553433100643,-0.2594689673159669,-7.846520349562895,0.0009421840640473745,0.0,645,8521
Arterial endothelial cell,Primordial germ cell,4.662642089451063,-0.275817222726646,-2.2057338089283753,0.002971846946044622,0.04,401,25
Arterial endothelial cell,Respiratory progenitor,5.346891268306123,-0.22844859948827909,-6.366374134745581,0.0014741993203265858,0.0,645,1209
Arterial endothelial cell,Right ventricle,6.171469106083038,0.6053819994569881,14.657133271478004,0.039558609426183694,0.0,645,730
Arterial endothelial cell,Roof plate (anterior),5.93874725909784,-0.16430071415795755,-4.454404364666765,0.0035476594313490683,0.0,645,3787
Arterial endothelial cell,Roof plate (posterior),5.98236643826077,-0.1303142123080224,-3.7681866915995372,0.0014091411349927126,0.0,645,2248
Arterial endothelial cell,Sacral neural crest,5.8519250724773215,-0.12877512236728675,-3.482271065081425,0.0006723123935975058,0.0,645,2156
Arterial endothelial cell,Sclerotome,6.204080566250723,-0.2108701789198424,-7.206141376206353,0.0010383162852135052,0.0,645,74334
Arterial endothelial cell,Second heart field (anterior),6.147291589425234,0.4441842933666574,12.432920603804712,0.024038801301435774,0.0,645,1040
Arterial endothelial cell,Somatic mesoderm (anterior),6.485826545969704,0.30765003411748254,10.128604406661713,0.009256832171932685,0.0,645,14544
Arterial endothelial cell,Somatic mesoderm (posterior),6.723609802868677,0.4346542401582744,14.756195745937008,0.006153761410409753,0.0,645,48596
Arterial endothelial cell,Somatic mesoderm (tailbud),5.980011182017836,-0.01566570159971074,-0.4695519412826347,0.002995797493415917,0.56,645,3011
Arterial endothelial cell,Somatic motor neuron,5.806927804085603,-0.38769499556661646,-11.68288580093386,0.0013312910636557004,0.0,645,6559
Arterial endothelial cell,Spinal cord (cervical),6.024518888985786,-0.3744732865942136,-11.94503359252972,0.002776019595136472,0.0,645,41051
Arterial endothelial cell,Spinal cord (lumbar),5.975789175346679,-0.2812440930737751,-8.80462361882353,0.0009547487900782602,0.0,645,12722
Arterial endothelial cell,Spinal cord (sacral),5.9371964273108615,-0.25430299048317134,-7.683860748472328,0.003502193196536079,0.0,645,5351
Arterial endothelial cell,Spinal cord (thoracic),6.0062537784247985,-0.3205483359897728,-10.451591580304433,0.0036917829684690135,0.0,645,35061
Arterial endothelial cell,Spinal cord interneuron progenitor,5.82248093156683,-0.34758216852795404,-9.487936217400147,0.0013807033840887797,0.0,645,2196
Arterial endothelial cell,Splanchnic mesoderm (cardiopulmonary),6.299036112438132,0.2999971169545737,10.160540665606527,0.005312227079445834,0.0,645,5768
Arterial endothelial cell,Splanchnic mesoderm (gastric),6.154756132119249,0.18849923827381598,5.956939571619977,0.007138252893301593,0.0,645,3373
Arterial endothelial cell,Splanchnic mesoderm (intestinal),6.667219156078172,0.4594829599422443,13.30066340020509,0.0014267602830998157,0.0,645,9676
Arterial endothelial cell,Splanchnic mesoderm (septum transversum),6.272103113679585,0.3507066215082369,12.232905012311434,0.016326595014274102,0.0,645,2825
Arterial endothelial cell,Subthalamic nucleus neuron,5.4785985414769796,-0.32553088939260927,-8.773979451488753,0.0020352249180668478,0.0,645,802
Arterial endothelial cell,Surface ectoderm (posterior),5.490994885901216,0.05620209280962148,0.7854778072913281,0.00266792575983761,0.79,645,133
Arterial endothelial cell,Telencephalon (dorsal),5.883434196235136,-0.3278236731606879,-10.659599440171514,0.00036288163780467204,0.0,645,31059
Arterial endothelial cell,Telencephalon (ventral),5.789949710371183,-0.21206107387211315,-6.388756306849182,0.0003962999343570497,0.0,645,3241
Arterial endothelial cell,Thyroid progenitor,5.294268249936414,-0.25394859572089484,-7.776827005613033,0.00028466038108808855,0.0,645,850
Arterial endothelial cell,Trigeminal branchiomotor neuron,5.50616636269,-0.2613481930802643,-6.768802228815061,0.0004528637171933031,0.0,645,872
Arterial endothelial cell,Trigeminal ganglion neuron,5.753443328588079,-0.11807298524783594,-3.2499339246475443,0.006291475808519829,0.16,645,1765
Arterial endothelial cell,Trigeminal placode,6.027786109535242,0.019406030061825657,0.6013161501566893,0.000490107591295321,0.98,645,6546
Arterial endothelial cell,Trigeminal sensory neuron,5.9083080745205185,-0.00022607953645437107,0.10290847051343148,0.005160845257563255,0.42,645,3198
Arterial endothelial cell,Trochlear neuron,5.300212713932794,-0.20773078143094695,-3.334585522884062,0.007073283430940111,0.04,645,153
Arterial endothelial cell,Trunk neural crest,5.970866871764084,-0.12198888062167483,-3.8902022411144572,0.002628697641007153,0.02,645,6809
Arterial endothelial cell,V0 interneuron,5.877762844104512,-0.3340370879519116,-9.144715309711758,0.0023869961578290248,0.0,645,2114
Arterial endothelial cell,V1 interneuron,5.811432818526075,-0.3124256563105356,-9.248436095929682,0.001108594390165568,0.0,645,1795
Arterial endothelial cell,V2 interneuron,5.673529005017208,-0.2814763641402118,-6.879467064697246,0.005166534678214202,0.0,645,842
Arterial endothelial cell,V3 interneuron,5.36163863504926,-0.20972901153010484,-3.7195455584374066,0.012660647985278578,0.28,645,230
Arterial endothelial cell,Vagal neural crest,5.97659151934564,-0.12306861730183953,-3.462306317450107,0.00032770192225122294,0.0,645,4937
Arterial endothelial cell,Visceral motor neuron,5.519073226440116,-0.3642332775725971,-9.607831310829553,4.674416856348217e-05,0.0,645,2062
Arterial endothelial cell,Yolk sac endothelial cell,5.551648537788037,0.12887067681253198,2.2788124552865585,0.0622883263210106,0.34,645,112
Atria,Atria,9.500000000000542,7.697546304067751e-15,6.512035964173333e-05,2.7241996593632273e-28,1.0,1798,1798
Atria,Atrioventricular canal,6.593833809841819,0.9139460723788027,23.13555416261589,0.07853507386995791,0.0,1798,357
Atria,Autonomic neuron,5.316504602554024,-0.055813554053306604,-1.1548482616303262,0.013137471740512021,0.93,1798,142
Atria,Autonomic progenitor,5.838696061832134,-0.08482433648620684,-4.1228595832947486,0.015441046796039245,0.02,1798,3416
Atria,Axial progenitor,5.803299002032382,-0.30388817470384605,-14.180029821007452,0.003955030423049465,0.0,1798,3170
Atria,Cranial neural crest (anterior),5.808009108785896,-0.23692692350363723,-11.891764598763418,0.0032754914145648032,0.0,1798,5971
Atria,Cranial neural crest (posterior),5.759550707531209,-0.2445288373401008,-10.895317418741554,0.009648016044682841,0.0,1798,3552
Atria,Dermomyotome,6.205993919635826,-0.19571643842989297,-9.692060431900025,0.008167709097980641,0.0,1798,47263
Atria,Diencephalon,5.760191934226195,-0.32580919089384963,-17.38457471651494,0.0004076042670895529,0.0,1798,14353
Atria,Dl1 interneuron,5.803408334786295,-0.2366880662005227,-9.409657316349133,0.01400669213301918,0.0,1798,1503
Atria,Dl2-6 interneuron,5.86419111392755,-0.3779259111795395,-16.26285022375205,0.0020275667971741975,0.0,1798,3790
Atria,Dorsal root ganglion neuron,5.759007086720267,-0.10338729927836532,-4.1362209805080985,0.002518683498207196,0.13,1798,1179
Atria,Dorsal root ganglion progenitor,5.8112452419152065,-0.06634783880460275,-2.701454638668732,0.02040529762260787,0.0,1798,921
Atria,Endocardial cell,6.423008708350548,0.604296910958892,28.311155988476468,0.002733717288082657,0.0,1798,1558
Atria,Endothelial cell,6.58560535513643,0.31870865677658244,18.227031227152874,0.00023997599236886568,0.0,1798,9493
Atria,Endothelial progenitor,6.3513621971296965,0.20463109846988678,8.913324046700561,0.0017095217962469207,0.0,1798,1988
Atria,Epibranchial placode,5.815637490350071,0.09592752577524521,4.098800985923845,0.004418637474866179,0.02,1798,3606
Atria,Epibranchial sensory neuron,5.727544496029874,0.04551565084237522,1.8194814660197316,0.002652851700809562,0.85,1798,1270
Atria,Epicardium,6.497085752187327,0.7224081257378495,31.608411075453592,0.0021815638929825257,0.0,1798,1288
Atria,Epidermal progenitor (anterior),5.978902214201388,0.06469216973182028,3.6481944764949303,0.022863195433570103,0.23,1798,7561
Atria,Epidermal progenitor (posterior),5.983272394253764,0.07552561767436276,4.109508648957111,0.009107665368694961,0.05,1798,16776
Atria,Extraembryonic mesoderm,6.046725974002477,0.24778246182174524,15.458555774164287,0.0019533683759614534,0.0,1798,5300
Atria,Eye field,5.719397198751898,-0.3095937188708178,-15.904883337183742,0.00024594286362131067,0.0,1798,8896
Atria,Facial branchiomotor neuron,5.391940265692608,-0.22569318323867607,-6.456182587814621,0.0013157572553836976,0.0,1798,521
Atria,Floor plate (anterior),5.616898928323814,-0.38448966480486985,-18.927508062950366,0.005822338125537407,0.0,1798,8689
Atria,Floor plate (posterior),5.653820183893022,-0.3852191900660931,-17.818735609000825,0.0007127902264329485,0.0,1798,8099
Atria,Forelimb field,6.178439061723677,0.12103787698210706,6.86695426582785,0.004441810235745542,0.0,1798,25891
Atria,Frontonasal mesenchyme,5.919789564310168,-0.13990617951771375,-8.485400590826691,0.008261473824210648,0.0,1798,24672
Atria,Head paraxial mesoderm,6.25437640549391,0.2261415500606304,14.172498988904458,0.00014664667658585243,0.0,1798,32981
Atria,Hematopoietic progenitor,5.216571678455735,-0.05646598269837325,-0.6855236003735392,0.007477613719481024,0.54,1798,87
Atria,Hemogenic endothelium,5.61134763850972,0.1362336049302645,2.5094912730888086,0.004218988881939972,0.19,1798,141
Atria,Hepatoblast,5.282449133102751,-0.21431640305147504,-7.711636197293693,0.020077685431649322,0.0,1798,1255
Atria,Hindbrain (isthmic organizer),5.721365063589704,-0.33684729258350465,-15.484949917154333,0.002793254969478258,0.0,1798,3921
Atria,Hindbrain (r1),5.812724885478744,-0.37394038251923806,-20.53182875015035,0.001517662765164089,0.0,1798,16440
Atria,Hindbrain (r2-r4),5.878569067812158,-0.4059995003196238,-22.18672456267547,0.0004857836144070654,0.0,1798,26863
Atria,Hindbrain (r5-r8),5.867623025497573,-0.4423829532990305,-21.673666420419334,0.0019684793370241525,0.0,1798,28972
Atria,Hindgut,5.438444004118387,-0.128049122632618,-6.304868038651702,0.01852016041561668,0.42,1798,3029
Atria,Hindlimb field,5.96019223540295,-0.05667526059176294,-2.719325644661001,0.006624289464600043,0.1,1798,6150
Atria,Hypaxial myogenic progenitor,6.1188843943221825,0.02920613304201236,1.7804997308097257,0.0030101477391342177,0.19,1798,5322
Atria,Hypothalamic neuron,5.534687747110708,-0.2274950773404596,-6.945966065383213,0.0028016988001972817,0.0,1798,534
Atria,Hypothalamus,5.632120751539614,-0.3029970176313522,-15.259472698173505,0.00233427225232916,0.0,1798,7652
Atria,Inflow tract,7.314092237873722,1.4498408779181895,75.47173426025036,0.00852382084968731,0.0,1798,2494
Atria,Intermediate mesoderm (nephrogenic),5.9831079517065495,-0.20285222394128657,-10.204257559058687,0.0055940758501175315,0.0,1798,6458
Atria,Intermediate mesoderm (posterior),5.9398224966432736,-0.15532195191352857,-7.694613794451439,0.01279341639934274,0.14,1798,4198
Atria,Juxtacardiac field,6.405620941272457,0.6785929557982838,28.875867179791488,0.01693827266771737,0.0,1798,1386
Atria,Left ventricle,5.8284410498281,0.10627355905500806,4.056776304966992,0.02392380634420645,0.0,1798,1174
Atria,Lens placode,5.819851804920437,0.0299116495421267,0.7030705765836887,0.031721168166156166,0.07,1798,2811
Atria,Macrophage,5.3353539425850345,-0.05549615010203457,-1.9422661594316217,0.005925069653947071,0.22,1798,966
Atria,Megakaryocyte,5.408898524214365,-0.10112483362977927,-2.825808731601343,0.0053309913129150075,0.5,1798,482
Atria,Mesothelium,5.86295744965344,0.1655802710545172,4.03253874481874,0.023230374744788458,0.5,1798,346
Atria,Midbrain,5.816713304194052,-0.3295612625016749,-18.572533145288094,0.0027486140255426838,0.0,1798,21466
Atria,Midbrain GABAergic neuron,5.206799182912973,-0.2533907038967615,-3.925255107240776,0.028490928972600495,0.4,1798,118
Atria,Midbrain neuron,5.822601858870343,-0.2876769364599993,-14.663198789636242,0.0038341553272302157,0.0,1798,4345
Atria,Midgut,5.420075831708271,-0.14982244015293725,-6.876450004551362,0.02624518001843528,0.38,1798,1667
Atria,Myotome,5.937394017009289,-0.15387366328866836,-6.977235255962494,0.009731986203968809,0.0,1798,2201
Atria,Nascent somite,5.896727366571345,-0.2683032369513964,-13.85570564186522,0.0036058702848836143,0.0,1798,6475
Atria,Notochord,5.5037010278195835,-0.14747486658151696,-5.4976219364630685,0.0013752391175157236,0.0,1798,956
Atria,Oculomotor neuron,5.187394302026054,-0.1461782445822415,-2.166291413622987,0.017944792657233415,0.34,1798,122
Atria,Olfactory placode,5.8510185027243935,-0.017387171121542682,-1.3175489180213749,0.02516895649933163,0.5,1798,5872
Atria,Olfactory sensory neuron,5.6482186501347735,-0.01300467502986121,-0.33558948075245665,0.01056838303327922,0.58,1798,389
Atria,Otic placode,5.707924976630484,-0.028589778381139297,-1.2384952826859796,0.019388120875453066,0.0,1798,2365
Atria,Otic sensory neuron,5.639850715308178,0.004947924431358312,0.12441909273279543,0.010593408597634581,0.91,1798,974
Atria,Outflow tract,6.575007232420326,0.9101411781309737,35.528691395482035,0.00901416195618136,0.0,1798,890
Atria,Pancreatic-biliary progenitor,5.325064955450778,-0.1883519604163535,-5.732553827579934,0.017251129451020857,0.08,1798,373
Atria,Paraventricular hypothalamic neuron,5.222163144523117,-0.20576090638845854,-3.9232252082163264,0.008940872819707037,0.02,1798,192
Atria,Periocular mesoderm,5.599934575431509,0.0511506968386343,2.9838935322010927,0.009498153428602432,0.04,1798,1739
Atria,Pharyngeal arch mesenchyme (p1-p2),5.918828060346198,-0.17122223967257325,-9.699454918997155,0.007828331291547497,0.0,1798,29887
Atria,Pharyngeal arch mesenchyme (p3-p4),5.834292997516461,-0.17569174387969877,-9.108872328952232,0.017591242492931005,0.0,1798,9198
Atria,Pharyngeal endoderm,5.555434675990912,-0.16024300400812486,-9.111441699551,0.021668246073708482,0.8,1798,5045
Atria,Pharyngeal mesoderm,6.747052078405251,0.8249709019865387,52.65595272920765,0.0010293489026226162,0.0,1798,7691
Atria,Presomitic mesoderm,5.860734508074221,-0.32073051072865005,-16.29819779083067,0.0038680704465106387,0.0,1798,8521
Atria,Primordial germ cell,4.722127668534242,-0.19870274905972884,-1.9175704128105249,0.011825064001027407,0.42,1197,25
Atria,Respiratory progenitor,5.332773015969309,-0.19608859464562242,-7.350577864908243,0.024696460806659153,0.6,1798,1209
Atria,Right ventricle,6.127971877347382,0.6086627275669843,21.722162270828758,0.0042368300278072275,0.0,1798,730
Atria,Roof plate (anterior),5.838148374787626,-0.22305448010882264,-10.259419653297739,0.00764298606829357,0.0,1798,3787
Atria,Roof plate (posterior),5.864556470752132,-0.20848634089323337,-9.03402540011617,0.006794094407921945,0.0,1798,2248
Atria,Sacral neural crest,5.740875819269239,-0.19501948452128884,-7.81435796909554,0.008806452881619851,0.0,1798,2156
Atria,Sclerotome,6.216865867090619,-0.15712401812123122,-8.598962893337932,0.008280339336800177,0.0,1798,74334
Atria,Second heart field (anterior),6.755138949340073,1.0924622070890757,44.87895009199354,0.006054192172122505,0.0,1798,1040
Atria,Somatic mesoderm (anterior),7.025682526971522,0.8938388213259797,45.71828380968979,0.0038958017989155465,0.0,1798,14544
Atria,Somatic mesoderm (posterior),6.26317394658333,0.01703753669296315,0.7706451297654434,0.0015818470701793206,0.13,1798,48596
Atria,Somatic mesoderm (tailbud),5.896647735852343,-0.05437995570149301,-2.5229291098434703,0.012959868101065008,0.0,1798,3011
Atria,Somatic motor neuron,5.724240280178101,-0.42598611126986824,-19.543099828012675,0.0015637079995101848,0.0,1798,6559
Atria,Spinal cord (cervical),5.92383059954097,-0.43214724982697766,-23.9982537948118,0.0025996424657897675,0.0,1798,41051
Atria,Spinal cord (lumbar),5.862282025797502,-0.34889845028958383,-17.633604016490214,0.004169017496975465,0.0,1798,12722
Atria,Spinal cord (sacral),5.817047282104212,-0.3317787682192517,-16.40425668965379,0.001375952341930674,0.0,1798,5351
Atria,Spinal cord (thoracic),5.918361718279441,-0.368674327226965,-19.778279793563154,0.0018185947173006646,0.0,1798,35061
Atria,Spinal cord interneuron progenitor,5.721041771934535,-0.403301080798743,-17.541533759727272,0.004591346044436879,0.0,1798,2196
Atria,Splanchnic mesoderm (cardiopulmonary),7.146924724029405,1.1916542568390531,66.44204511276506,0.02069489735968356,0.0,1798,5768
Atria,Splanchnic mesoderm (gastric),6.192322623454383,0.26662613202853347,11.244674773948175,0.01948035983417406,0.0,1798,3373
Atria,Splanchnic mesoderm (intestinal),6.151761804665289,-0.012695745317255517,-0.43136246835581327,0.006384957145015802,0.83,1798,9676
Atria,Splanchnic mesoderm (septum transversum),6.692848218226786,0.813875592274429,40.40173641597131,0.016440404026164573,0.0,1798,2825
Atria,Subthalamic nucleus neuron,5.489037511502367,-0.26857360701296873,-9.386790947010882,0.007442885576434055,0.0,1798,802
Atria,Surface ectoderm (posterior),5.517405820651156,0.11720304247128273,1.8981445580214968,0.0021322880305304583,0.28,1798,133
Atria,Telencephalon (dorsal),5.861559888600251,-0.30805888728761843,-16.505418409219477,0.002127792627674056,0.0,1798,31059
Atria,Telencephalon (ventral),5.72043019722108,-0.2405297461315247,-11.10570815822031,0.011541513600550205,0.0,1798,3241
Atria,Thyroid progenitor,5.333399885308122,-0.17202710587347023,-6.884177083747741,0.009794987650720123,0.02,1798,850
Atria,Trigeminal branchiomotor neuron,5.451120388666477,-0.2743771945187848,-8.900654280567649,0.0014820364557238115,0.0,1798,872
Atria,Trigeminal ganglion neuron,5.715305835160105,-0.11099803558175718,-4.839040791653542,0.00822184586375814,0.03,1798,1765
Atria,Trigeminal placode,5.969492914723538,0.0013316110579211227,-0.3716239177824298,0.011601112712351822,0.36,1798,6546
Atria,Trigeminal sensory neuron,5.799632167083174,-0.06564871484803596,-2.833363086379226,0.03509442012658089,0.0,1798,3198
Atria,Trochlear neuron,5.2196077766206805,-0.2501185441302625,-4.372053597781667,0.0016865349257652088,0.0,1798,153
Atria,Trunk neural crest,5.856400684691228,-0.1903935365291319,-10.316967420076358,0.008483990147393245,0.0,1798,6809
Atria,V0 interneuron,5.799228707553218,-0.36671938306101354,-15.741437186367461,0.002035030081055225,0.0,1798,2114
Atria,V1 interneuron,5.713731563624672,-0.36833036230586114,-15.33324379349699,0.0018220309478466752,0.0,1798,1795
Atria,V2 interneuron,5.59382910097871,-0.31252938710968997,-10.415040751984035,0.00546216183251101,0.0,1798,842
Atria,V3 interneuron,5.270191628984507,-0.2537138701196513,-5.674576743266669,0.003003437479075642,0.0,1798,230
Atria,Vagal neural crest,5.873170365435306,-0.18342204588349306,-8.58147766543534,0.014146045166521548,0.04,1798,4937
Atria,Visceral motor neuron,5.4654528229818125,-0.3769158514559218,-14.41326788741839,0.002156998320657657,0.0,1798,2062
Atria,Yolk sac endothelial cell,5.495567714445317,0.10921994638469812,2.2167998622885268,0.028436335838693347,0.67,1798,112
Atrioventricular canal,Atrioventricular canal,9.499999999987404,-1.1842378929335004e-14,-0.0001065673180667322,3.891713799090325e-29,1.0,357,357
Atrioventricular canal,Autonomic neuron,5.117664797007617,-0.1046318735688132,-2.1033955935473543,0.03562167159265574,0.35,357,142
Atrioventricular canal,Autonomic progenitor,5.6336690928887565,-0.15156445200181365,-3.7585176513263456,0.02641009880525362,0.48,357,3416
Atrioventricular canal,Axial progenitor,5.643992515522586,-0.3249035681954225,-7.635544785764144,0.010570941036216114,0.0,357,3170
Atrioventricular canal,Cranial neural crest (anterior),5.6933048747812345,-0.21889429353683218,-5.4145896196007355,0.008887373643191051,0.0,357,5971
Atrioventricular canal,Cranial neural crest (posterior),5.629801803558226,-0.23616839360708042,-5.243836356644824,0.011539026541779095,0.05,357,3552
Atrioventricular canal,Dermomyotome,5.875557961761255,-0.38564172453607765,-10.122575207847364,0.0026829526263329917,0.0,357,47263
Atrioventricular canal,Diencephalon,5.604821939764068,-0.34239890339008855,-8.815684582472477,0.0017662672202444372,0.0,357,14353
Atrioventricular canal,Dl1 interneuron,5.667729658834052,-0.23723722203584519,-5.025844622602344,0.004120154328547793,0.0,357,1503
Atrioventricular canal,Dl2-6 interneuron,5.700782394753589,-0.40175476365471435,-9.35142261988819,0.008703573286522708,0.0,357,3790
Atrioventricular canal,Dorsal root ganglion neuron,5.614218262272708,-0.11374592362872941,-2.6229763303726568,0.011805774390050146,0.74,357,1179
Atrioventricular canal,Dorsal root ganglion progenitor,5.669506030101064,-0.06855862293197568,-1.720035286898528,0.009529813641926128,0.5,357,921
Atrioventricular canal,Endocardial cell,6.294870529703779,0.6135253862862321,17.544887997446086,0.011004591464396873,0.0,357,1558
Atrioventricular canal,Endothelial cell,6.171297829610542,0.04379204503632709,1.1625235230880644,0.009704367632201987,0.04,357,9493
Atrioventricular canal,Endothelial progenitor,5.879024254235207,-0.1274457632348899,-3.089015675444417,0.005812074778216729,0.33,357,1988
Atrioventricular canal,Epibranchial placode,5.595723831627555,0.014462397040335103,0.5979707820574695,0.009863901272975494,0.25,357,3606
Atrioventricular canal,Epibranchial sensory neuron,5.60294673935999,0.06039040412278259,1.5081709625705297,0.01659580600074004,0.96,357,1270
Atrioventricular canal,Epicardium,6.3052714778975805,0.667118775597135,18.33678756854081,0.03010283041924383,0.0,357,1288
Atrioventricular canal,Epidermal progenitor (anterior),5.744758983718814,-0.029902821290241317,-0.5575547008850407,0.006545939345661601,0.51,357,7561
Atrioventricular canal,Epidermal progenitor (posterior),5.770546461437367,0.004295109375018906,0.05465398419974007,0.004209048202718474,0.95,357,16776
Atrioventricular canal,Extraembryonic mesoderm,5.989949862004927,0.32743948735242984,9.250761095504755,0.008602602466601232,0.0,357,5300
Atrioventricular canal,Eye field,5.5460497534925866,-0.35207392295802453,-8.845668092791193,0.009049922462047886,0.0,357,8896
Atrioventricular canal,Facial branchiomotor neuron,5.256109258835029,-0.2275742127775402,-4.587381654621223,0.004951979627772404,0.01,357,521
Atrioventricular canal,Floor plate (anterior),5.517837027576943,-0.34020196657205065,-7.6782585225864075,0.012882202256521818,0.0,357,8689
Atrioventricular canal,Floor plate (posterior),5.55664032337642,-0.3448265620244329,-7.791043000581742,0.009354870095417444,0.0,357,8099
Atrioventricular canal,Forelimb field,5.815010834792337,-0.10108283377207646,-2.731506116159542,0.0032395699963039593,0.25,357,25891
Atrioventricular canal,Frontonasal mesenchyme,5.752612718805925,-0.17269075763396766,-4.124051547072292,0.01191995640811265,0.01,357,24672
Atrioventricular canal,Head paraxial mesoderm,5.9702752544301765,0.08128167538664854,1.9543804245557486,0.007809440990356165,0.57,357,32981
Atrioventricular canal,Hematopoietic progenitor,5.11397683285974,-0.01599719265098128,-0.30085604221113815,0.06281418726827177,0.37,357,87
Atrioventricular canal,Hemogenic endothelium,5.3691634008486995,0.022918942006586878,0.22129692507305007,0.005245125845081663,0.87,357,141
Atrioventricular canal,Hepatoblast,5.289634603849215,-0.07284372379585709,-1.159517189322581,0.0369045772130346,0.04,357,1255
Atrioventricular canal,Hindbrain (isthmic organizer),5.5885132193129055,-0.32931769982755704,-8.032318381043769,0.0005260342508401192,0.0,357,3921
Atrioventricular canal,Hindbrain (r1),5.670125825119107,-0.3778221194201645,-9.834648909749019,0.001368924653907967,0.0,357,16440
Atrioventricular canal,Hindbrain (r2-r4),5.739846808924892,-0.40555978064213843,-11.456126577075329,0.0009931246133274383,0.0,357,26863
Atrioventricular canal,Hindbrain (r5-r8),5.732592076715963,-0.43905064712367875,-10.82949700046269,0.0028194649957936566,0.0,357,28972
Atrioventricular canal,Hindgut,5.38617861137747,-0.04189205541297003,-1.4880738830909894,0.03919635349250635,0.97,357,3029
Atrioventricular canal,Hindlimb field,5.754847862982902,-0.11751884317128998,-2.8029323182469024,0.009585046592481307,0.95,357,6150
Atrioventricular canal,Hypaxial myogenic progenitor,5.73962106497676,-0.2152183358197816,-5.621815021023661,0.0009391441222699105,0.0,357,5322
Atrioventricular canal,Hypothalamic neuron,5.405706759033386,-0.21887146431992419,-4.887377974690971,0.008271181622469901,0.0,357,534
Atrioventricular canal,Hypothalamus,5.509546567972407,-0.28720977781197937,-7.038766649348311,0.007551983406010018,0.0,357,7652
Atrioventricular canal,Inflow tract,6.535260866534103,0.8065484448871102,23.007492100668042,0.0478560570528304,0.0,357,2494
Atrioventricular canal,Intermediate mesoderm (nephrogenic),5.734582878244086,-0.3135802376871511,-7.460396068984867,0.005722752693027961,0.0,357,6458
Atrioventricular canal,Intermediate mesoderm (posterior),5.720122298728941,-0.23333852751575831,-5.400548372005957,0.012444838845258283,0.01,357,4198
Atrioventricular canal,Juxtacardiac field,6.157005969235233,0.568943082618525,15.23267385850582,0.03172360412455808,0.0,357,1386
Atrioventricular canal,Left ventricle,6.095804894737268,0.5127245946695874,13.811539333696416,0.03248604789173457,0.0,357,1174
Atrioventricular canal,Lens placode,5.5955509076832834,-0.055399801360959344,-1.450460385965046,0.010741151964756515,0.39,357,2811
Atrioventricular canal,Macrophage,5.258933586869685,0.005509815730742791,0.6010978587788184,0.012665934126161016,0.87,357,966
Atrioventricular canal,Megakaryocyte,5.272201705867736,-0.09641171965748689,-2.0951682466195716,0.019937078170035177,0.17,357,482
Atrioventricular canal,Mesothelium,5.519546756476422,-0.04074874295695293,-0.9992604346982336,0.00904278528932771,0.99,357,346
Atrioventricular canal,Midbrain,5.665797459611558,-0.3430085635264275,-8.363895582160104,0.002615335888166739,0.0,357,21466
Atrioventricular canal,Midbrain GABAergic neuron,5.006691009143896,-0.31532590295414753,-4.500360279246197,0.003898735390219913,0.0,357,118
Atrioventricular canal,Midbrain neuron,5.638543176342815,-0.33718243098199974,-8.0775811932076,0.0019297625864030088,0.0,357,4345
Atrioventricular canal,Midgut,5.435673175670655,0.003286896290746929,-0.12101345613640051,0.050593866250203706,0.32,357,1667
Atrioventricular canal,Myotome,5.681343521143393,-0.2698156577078888,-6.830772110006211,0.005972733051231551,0.0,357,2201
Atrioventricular canal,Nascent somite,5.719259806647298,-0.30638031968551677,-7.1922602786916805,0.006640440496990477,0.0,357,6475
Atrioventricular canal,Notochord,5.43662839555284,-0.0724211344420862,-1.9683471028548114,0.013986393175402349,0.12,357,956
Atrioventricular canal,Oculomotor neuron,5.0363184355199655,-0.16620423756456582,-2.115147539617526,0.05491024813287946,0.88,357,122
Atrioventricular canal,Olfactory placode,5.646154312075197,-0.08456315958610805,-2.133480422094817,0.023099181678472563,0.99,357,5872
Atrioventricular canal,Olfactory sensory neuron,5.4437655321309135,-0.0795800143228238,-1.5114092198112232,0.033707802063414054,0.8,357,389
Atrioventricular canal,Otic placode,5.577394149398334,-0.020930230923635662,-0.37039310997161995,0.003708484418336524,0.97,357,2365
Atrioventricular canal,Otic sensory neuron,5.523537730436128,0.026411781645256777,0.5079264551675752,0.002715709831274378,0.64,357,974
Atrioventricular canal,Outflow tract,5.942909105693572,0.41658851967427957,10.357852901885119,0.038416547153897695,0.0,357,890
Atrioventricular canal,Pancreatic-biliary progenitor,5.318938260923645,-0.054102548899760926,-1.439066926296445,0.049393733535630674,0.81,357,373
Atrioventricular canal,Paraventricular hypothalamic neuron,5.142492459721553,-0.15241824226954837,-2.1208704120833,0.001901210886585575,0.13,357,192
Atrioventricular canal,Periocular mesoderm,5.544027953899119,0.13047751979655273,3.1446991290156134,0.013200251344541898,0.95,357,1739
Atrioventricular canal,Pharyngeal arch mesenchyme (p1-p2),5.758108925940545,-0.18961838398626618,-4.624769219820345,0.007932279067076931,0.08,357,29887
Atrioventricular canal,Pharyngeal arch mesenchyme (p3-p4),5.689149962787604,-0.1756586472273757,-4.222247278489584,0.010560970836946388,0.12,357,9198
Atrioventricular canal,Pharyngeal endoderm,5.554167459609858,-0.021906990366454455,-0.8222724224659665,0.03410316171961638,0.99,357,5045
Atrioventricular canal,Pharyngeal mesoderm,6.094648639262516,0.3150221303709741,8.72690467481208,0.012914065544504026,0.0,357,7691
Atrioventricular canal,Presomitic mesoderm,5.691095925687834,-0.3484312804330285,-9.087664574731903,0.009939280150864184,0.0,357,8521
Atrioventricular canal,Primordial germ cell,4.496892272878127,-0.2524011653056193,-2.6945060571629584,0.060737856881520606,0.58,227,25
Atrioventricular canal,Respiratory progenitor,5.281098355284116,-0.10466399606227335,-2.390861412728634,0.024781133859683023,0.09,357,1209
Atrioventricular canal,Right ventricle,5.67752566205496,0.3009070193635062,7.918283833895337,0.09228591938171189,0.59,357,730
Atrioventricular canal,Roof plate (anterior),5.675358165244073,-0.24766714852391983,-5.821364092302221,0.009301759524015768,0.02,357,3787
Atrioventricular canal,Roof plate (posterior),5.653273318425714,-0.2802316910451716,-6.026794359549817,0.011461773387268188,0.0,357,2248
Atrioventricular canal,Sacral neural crest,5.578973845933564,-0.2155581416873019,-4.623450435502131,0.001538439217121487,0.0,357,2156
Atrioventricular canal,Sclerotome,5.901056471538918,-0.33872387299990186,-8.14342239825915,0.002267648199975573,0.0,357,74334
Atrioventricular canal,Second heart field (anterior),6.010374142760025,0.4877057001793747,12.37811966602831,0.016181461379397518,0.0,357,1040
Atrioventricular canal,Somatic mesoderm (anterior),6.212198249869698,0.21971331152701504,5.1857280707602476,0.008606858157715778,0.0,357,14544
Atrioventricular canal,Somatic mesoderm (posterior),5.992761661796048,-0.11205000201193016,-2.9023296235299267,0.008843151501215007,0.58,357,48596
Atrioventricular canal,Somatic mesoderm (tailbud),5.685216344382121,-0.12351153846298264,-2.9669334658879865,0.009874022574384604,0.9,357,3011
Atrioventricular canal,Somatic motor neuron,5.604923324859122,-0.40778885336919785,-9.008006361318333,0.01833194528904084,0.0,357,6559
Atrioventricular canal,Spinal cord (cervical),5.760695528705088,-0.4611201803531981,-10.602672378091535,0.005550150646441575,0.0,357,41051
Atrioventricular canal,Spinal cord (lumbar),5.684717471130625,-0.38977235233470253,-9.35611379936868,0.012610260119022667,0.0,357,12722
Atrioventricular canal,Spinal cord (sacral),5.653832335855687,-0.35724517553707535,-7.890078266508776,0.004463582556072113,0.0,357,5351
Atrioventricular canal,Spinal cord (thoracic),5.764178159539377,-0.3854358881639805,-9.2799502748859,0.0034536442184789976,0.0,357,35061
Atrioventricular canal,Spinal cord interneuron progenitor,5.599721472467526,-0.3897233838344946,-8.720370130292267,0.0074685927395125515,0.0,357,2196
Atrioventricular canal,Splanchnic mesoderm (cardiopulmonary),5.997600545005923,0.1809686783535834,4.633818856235444,0.029484973609958096,0.74,357,5768
Atrioventricular canal,Splanchnic mesoderm (gastric),5.747895239473483,-0.039268814250449445,-0.9165939752936122,0.01698464912465408,0.95,357,3373
Atrioventricular canal,Splanchnic mesoderm (intestinal),5.8774990644189335,-0.14611770954272973,-3.454744218588259,0.009518758300273496,0.41,357,9676
Atrioventricular canal,Splanchnic mesoderm (septum transversum),6.160994556746259,0.42415607549991147,12.25280784331172,0.004979018544554987,0.0,357,2825
Atrioventricular canal,Subthalamic nucleus neuron,5.363810012936438,-0.25524951919763456,-5.734623622044809,0.016522828552786754,0.0,357,802
Atrioventricular canal,Surface ectoderm (posterior),5.194775380767081,-0.061410656691053646,-0.945637587146567,0.029809595212131692,0.08,357,133
Atrioventricular canal,Telencephalon (dorsal),5.709838927857571,-0.3197441399526963,-8.49088945977698,0.0047920056814388335,0.0,357,31059
Atrioventricular canal,Telencephalon (ventral),5.609226117631665,-0.2091622570092658,-5.219120018284169,0.00746446440893749,0.0,357,3241
Atrioventricular canal,Thyroid progenitor,5.38216258314601,0.013890754641719738,0.2139294816114701,0.010810930943050277,0.56,357,850
Atrioventricular canal,Trigeminal branchiomotor neuron,5.3502341851183886,-0.23890865350130763,-5.028156902504307,0.004313191517798501,0.0,357,872
Atrioventricular canal,Trigeminal ganglion neuron,5.58835189276441,-0.09952948837908544,-2.3067360952515945,0.025384750318490207,0.38,357,1765
Atrioventricular canal,Trigeminal placode,5.761497296685242,-0.06758683342460081,-1.6189855121303864,0.011811784439289303,0.92,357,6546
Atrioventricular canal,Trigeminal sensory neuron,5.672715789819659,-0.04939387770018152,-1.1076567146591312,0.009229598938167521,0.91,357,3198
Atrioventricular canal,Trochlear neuron,5.107071859811101,-0.2259212501166381,-3.1715786580248415,0.003014376305826709,0.01,357,153
Atrioventricular canal,Trunk neural crest,5.668984659018314,-0.23851195708457182,-5.34461959353813,0.0023932977395061186,0.0,357,6809
Atrioventricular canal,V0 interneuron,5.630189390498302,-0.393973565202882,-8.757387603758133,0.007175509025976976,0.0,357,2114
Atrioventricular canal,V1 interneuron,5.580290017893211,-0.3689468911233534,-7.933212722661014,0.009187811928672034,0.0,357,1795
Atrioventricular canal,V2 interneuron,5.446495957169577,-0.3185724528095116,-6.822180331269138,0.02334510591039769,0.0,357,842
Atrioventricular canal,V3 interneuron,5.2198316157073466,-0.17187546970584341,-2.850273836245053,0.010230354132316119,0.35,357,230
Atrioventricular canal,Vagal neural crest,5.705074749856347,-0.21388904714245469,-4.968070045215612,0.014182580342243498,0.08,357,4937
Atrioventricular canal,Visceral motor neuron,5.434293591266097,-0.269091281423717,-5.379077059431534,0.005827186677995441,0.0,357,2062
Atrioventricular canal,Yolk sac endothelial cell,5.249569390693874,-0.001968529519672302,0.24405472851964352,0.022899956069555354,0.36,357,112
Autonomic neuron,Autonomic neuron,9.499999999991507,-2.960594732333751e-15,-3.5520826842267796e-05,1.020260104085842e-28,1.0,142,142
Autonomic neuron,Autonomic progenitor,7.12524109647921,1.6609640103256016,24.44379584970568,0.02967968928101413,0.0,142,3416
Autonomic neuron,Axial progenitor,5.768045691429841,0.1189840872483033,1.5803753388343849,0.01574112562224768,0.84,142,3170
Autonomic neuron,Cranial neural crest (anterior),5.633141158839629,0.037960563950124225,1.178156327183209,0.039842780228546815,0.38,142,5971
Autonomic neuron,Cranial neural crest (posterior),6.233398854090862,0.6785142180527336,7.906397497741165,0.002656363683191879,0.0,142,3552
Autonomic neuron,Dermomyotome,5.930413089506615,-0.020576784181191243,-1.040973616268073,0.03279202641645434,0.3,142,47263
Autonomic neuron,Diencephalon,5.377697603109968,-0.2552809902766269,-3.552278893799503,0.012379743580186375,0.01,142,14353
Autonomic neuron,Dl1 interneuron,5.862509951785808,0.2751866918423988,4.821184553197857,0.08233486257770696,0.76,142,1503
Autonomic neuron,Dl2-6 interneuron,6.212895300941649,0.42896336408014957,5.7120181962170555,0.029891332250642687,0.02,142,3790
Autonomic neuron,Dorsal root ganglion neuron,6.502571250756016,1.1007102896109677,15.959853638659311,0.10787841739599043,0.0,142,1179
Autonomic neuron,Dorsal root ganglion progenitor,6.40565478971564,0.9865526688125256,12.570538317374755,0.00516442595395432,0.0,142,921
Autonomic neuron,Endocardial cell,5.365863491298543,-0.0016518841819248564,-1.169352188929307,0.0416029295195604,0.07,142,1558
Autonomic neuron,Endothelial cell,5.705899509395088,-0.11088871152632862,-2.6343798657488375,0.03639731197715466,0.57,142,9493
Autonomic neuron,Endothelial progenitor,5.748575387166937,0.06330674435195001,-0.17220336554379947,0.06417153578353349,0.89,142,1988
Autonomic neuron,Epibranchial placode,5.4835325609213,0.21663684939914893,3.1080377709039513,0.01818929104985691,0.64,142,3606
Autonomic neuron,Epibranchial sensory neuron,5.4643541377870575,0.23421322985753434,3.344736715308953,0.005097119445549794,0.25,142,1270
Autonomic neuron,Epicardium,5.264545681386014,-0.054284150769436046,-1.4989255830516939,0.016129423441474427,0.56,142,1288
Autonomic neuron,Epidermal progenitor (anterior),5.671061747807961,0.21018000996637257,3.579204090309491,0.012264433768840424,0.51,142,7561
Autonomic neuron,Epidermal progenitor (posterior),5.871633632659434,0.41992781013801334,6.115421648720813,0.002737104374708387,0.02,142,16776
Autonomic neuron,Extraembryonic mesoderm,5.307161151835331,-0.03490354398626808,-2.129435725162761,0.05267187222417233,0.05,142,5300
Autonomic neuron,Eye field,5.424337657909724,-0.16754452209653348,-2.122441338239932,0.004242998537648852,0.1,142,8896
Autonomic neuron,Facial branchiomotor neuron,4.935071114011649,-0.23352338050004504,-2.5004544606074806,0.027499976760355215,0.63,142,521
Autonomic neuron,Floor plate (anterior),5.154225593235698,-0.38257522318429044,-4.8948896741367065,0.0020737381667495563,0.0,142,8689
Autonomic neuron,Floor plate (posterior),5.22606616729266,-0.3612445464280845,-5.4089143255101435,0.009094552415019524,0.12,142,8099
Autonomic neuron,Forelimb field,5.578518056100827,-0.03568094527604959,-0.6557279109046426,0.0220179966786322,1.0,142,25891
Autonomic neuron,Frontonasal mesenchyme,5.862134425053071,0.2516733217503703,4.042742147964933,0.010556218261520195,0.26,142,24672
Autonomic neuron,Head paraxial mesoderm,5.296568951742816,-0.2801894231424491,-3.1422279390964896,0.06338084395590111,0.38,142,32981
Autonomic neuron,Hematopoietic progenitor,4.765739941019036,-0.050816405664522314,-0.36262556552548103,0.00287126519024976,0.92,142,87
Autonomic neuron,Hemogenic endothelium,5.107390868980128,0.08437476045380106,1.2818945384021487,0.029728769632112496,0.59,142,141
Autonomic neuron,Hepatoblast,4.70220409038604,-0.33958042937961164,-4.868471680235721,0.011602843121668174,0.0,142,1255
Autonomic neuron,Hindbrain (isthmic organizer),5.458275114528594,-0.14617262117393892,-1.514954993259935,0.01832189377219143,0.79,142,3921
Autonomic neuron,Hindbrain (r1),5.594896936641604,-0.1506043732799783,-0.9874628797138589,0.07459272988480357,0.91,142,16440
Autonomic neuron,Hindbrain (r2-r4),5.894623789302568,0.059413591955589894,1.0052143311640116,0.001383683491398436,0.9,142,26863
Autonomic neuron,Hindbrain (r5-r8),6.08635176614325,0.23301073685651374,3.1735192177611924,0.0022460985919140774,0.22,142,28972
Autonomic neuron,Hindgut,4.974817093993948,-0.1379132314177672,-2.2083001091275487,0.0063244415894153395,0.29,142,3029
Autonomic neuron,Hindlimb field,5.706586319736278,0.1520690570438902,2.5856744282732187,0.01454090331984545,0.97,142,6150
Autonomic neuron,Hypaxial myogenic progenitor,5.551509472748834,-0.07425652067566624,-2.552405574919377,0.08486033632833578,0.16,142,5322
Autonomic neuron,Hypothalamic neuron,4.999083469284852,-0.303017401389383,-3.7532675802420274,7.95218123410301e-05,0.06,142,534
Autonomic neuron,Hypothalamus,5.113767396144768,-0.3755540646686179,-5.4962162265662995,0.002110033850759027,0.01,142,7652
Autonomic neuron,Inflow tract,5.394243236761902,-0.007745068548667078,-0.7531211402804407,0.026641804301845415,0.28,142,2494
Autonomic neuron,Intermediate mesoderm (nephrogenic),5.9248831934802455,0.19417833018752942,1.9083066686113266,0.0255092831815559,0.24,142,6458
Autonomic neuron,Intermediate mesoderm (posterior),5.847150815340761,0.20174268881603682,2.1635800457497054,0.02274107286062758,0.04,142,4198
Autonomic neuron,Juxtacardiac field,5.258557322510042,-0.01762030844442375,-1.1199169569198422,0.029273379907033076,0.16,142,1386
Autonomic neuron,Left ventricle,5.04226615768926,-0.22518349599465873,-3.0394858264215148,0.020829111524886708,0.17,142,1174
Autonomic neuron,Lens placode,5.569273437584562,0.24042121213023915,3.7938629188008943,0.01197815105108254,0.4,142,2811
Autonomic neuron,Macrophage,4.826195202654169,-0.10602479771537758,-2.1437137550468752,0.0703251390474502,0.15,142,966
Autonomic neuron,Megakaryocyte,4.983563712164531,-0.06840021692087284,-1.3916145689806882,0.03791878485601436,0.32,142,482
Autonomic neuron,Mesothelium,5.334933046855023,0.08167625724299743,0.14967001172284075,0.052250181536720716,0.41,142,346
Autonomic neuron,Midbrain,5.485015899665757,-0.20738436726042822,-2.0834406072773004,0.03488926689482265,0.29,142,21466
Autonomic neuron,Midbrain GABAergic neuron,4.912398283632577,-0.10068669383366687,-1.3267136839401845,0.02806752274681773,0.59,142,118
Autonomic neuron,Midbrain neuron,5.492997782100612,-0.16452103016613298,-1.6982503511988634,0.028407163049600496,0.59,142,4345
Autonomic neuron,Midgut,4.99303689637017,-0.12026401020876569,-2.687959871535458,0.03354777631884124,0.85,142,1667
Autonomic neuron,Myotome,5.505380088873102,-0.12338518045845544,-3.2222210961230906,0.06556469738096318,0.3,142,2201
Autonomic neuron,Nascent somite,5.810195626482588,0.10305111059675376,1.0186165822003572,0.012961340079170205,0.84,142,6475
Autonomic neuron,Notochord,4.957562607413444,-0.24661714613312244,-3.707484253175622,0.026096549274926363,0.26,142,956
Autonomic neuron,Oculomotor neuron,4.6919965993126995,-0.17852045714801523,-1.264809780054148,0.029571806837352502,0.67,142,122
Autonomic neuron,Olfactory placode,5.677466530889614,0.2562923827709165,4.482124924565038,0.035382912893928635,0.49,142,5872
Autonomic neuron,Olfactory sensory neuron,5.465106078480112,0.2493896726717407,2.7191743726266626,0.00480284338206374,0.06,142,389
Autonomic neuron,Otic placode,5.653846933834546,0.3723155577623807,4.81271343428248,0.02607550150597847,0.02,142,2365
Autonomic neuron,Otic sensory neuron,5.521735822865973,0.34286040916649146,3.8342590126245555,0.04160294041030943,0.0,142,974
Autonomic neuron,Outflow tract,5.042147463253968,-0.17450579208470737,-2.361175798722344,0.0008821266197046886,0.1,142,890
Autonomic neuron,Pancreatic-biliary progenitor,4.8396316959132255,-0.2240191489317184,-3.3085678942572354,0.024567572525020443,0.58,142,373
Autonomic neuron,Paraventricular hypothalamic neuron,4.853585972251421,-0.12540533309255153,-1.2150987175158952,0.018420903956611473,0.97,142,192
Autonomic neuron,Periocular mesoderm,4.732214083672277,-0.3706635347701808,-5.671853939144391,0.006324364032478006,0.02,142,1739
Autonomic neuron,Pharyngeal arch mesenchyme (p1-p2),5.9823507054453655,0.33883502674027505,4.3422947346726755,0.004467947332726645,0.0,142,29887
Autonomic neuron,Pharyngeal arch mesenchyme (p3-p4),6.092810545790575,0.5417308066325752,8.395792264864609,0.06985759990223495,0.18,142,9198
Autonomic neuron,Pharyngeal endoderm,5.061850017821944,-0.20004238784867687,-3.9638203651114643,0.0434438932938899,0.42,142,5045
Autonomic neuron,Pharyngeal mesoderm,5.235765037103487,-0.2250715593112632,-4.926231897523536,0.021951022368559444,0.43,142,7691
Autonomic neuron,Presomitic mesoderm,5.879242839822386,0.15110966042173293,1.585091231497038,0.017357754341675184,0.81,142,8521
Autonomic neuron,Primordial germ cell,4.1385185313687645,-0.215426849242764,-1.1378896710243371,0.06555824030569223,0.84,74,25
Autonomic neuron,Respiratory progenitor,4.663116331745933,-0.4074908037237999,-5.279902967574624,0.01853731151651896,0.0,142,1209
Autonomic neuron,Right ventricle,4.906702600769228,-0.16666164304582262,-2.05755043897229,0.009882119742499187,0.41,142,730
Autonomic neuron,Roof plate (anterior),5.961119064470485,0.34567402962402366,5.120939384033278,0.025825262708664927,0.29,142,3787
Autonomic neuron,Roof plate (posterior),6.256707537624147,0.6422882909756641,8.296942837817532,0.04416366630101355,0.0,142,2248
Autonomic neuron,Sacral neural crest,6.0395249953207,0.5446354675878702,6.814294500623916,0.029485034348215616,0.0,142,2156
Autonomic neuron,Sclerotome,5.781519534640389,-0.14229054929779986,-3.2578376971325116,0.05368568485457091,0.36,142,74334
Autonomic neuron,Second heart field (anterior),5.057271359010087,-0.14358485616043618,-2.1480409788534467,7.353640990777127e-05,0.26,142,1040
Autonomic neuron,Somatic mesoderm (anterior),5.613922445337789,-0.06859332636388397,-1.7641343747284504,0.02067695503401066,0.75,142,14544
Autonomic neuron,Somatic mesoderm (posterior),5.951279342238017,0.1584500096942003,1.7591271940147883,0.014000766709363373,0.35,142,48596
Autonomic neuron,Somatic mesoderm (tailbud),5.871480451451267,0.3838718366224961,4.527108604178401,0.019374010897916624,0.01,142,3011
Autonomic neuron,Somatic motor neuron,5.463275007279755,-0.2459348511237159,-3.2758941242130093,0.012587793147277437,0.31,142,6559
Autonomic neuron,Spinal cord (cervical),6.3945353704958015,0.49932747457910676,6.710774186248368,0.007359215004268305,0.0,142,41051
Autonomic neuron,Spinal cord (lumbar),5.922451766649348,0.1672004896616747,2.4277216714505396,0.04210691322717204,0.63,142,12722
Autonomic neuron,Spinal cord (sacral),5.842435024317099,0.1402887694171359,2.016355023125657,0.01430712741667351,0.78,142,5351
Autonomic neuron,Spinal cord (thoracic),6.122970791647084,0.2924489094058285,3.857300739098458,0.026948493774649564,0.08,142,35061
Autonomic neuron,Spinal cord interneuron progenitor,5.561103728329635,-0.10758992358794472,-1.5836225405136224,0.013750123746553884,0.75,142,2196
Autonomic neuron,Splanchnic mesoderm (cardiopulmonary),5.301438487048302,-0.19906600050219994,-2.627819103279589,0.0230933197777934,0.52,142,5768
Autonomic neuron,Splanchnic mesoderm (gastric),5.438166342487139,-0.02791940710891379,-1.1693764674529437,0.04908484635292872,0.79,142,3373
Autonomic neuron,Splanchnic mesoderm (intestinal),5.783538083208096,0.06572400129540797,0.7344316867141044,0.002866191403911826,0.92,142,9676
Autonomic neuron,Splanchnic mesoderm (septum transversum),5.41761524397666,-0.006270957566181086,-0.24940162856201611,0.005882960054325826,0.82,142,2825
Autonomic neuron,Subthalamic nucleus neuron,4.982327751759983,-0.31889625339087174,-5.046220843829711,0.00712368018288817,0.19,142,802
Autonomic neuron,Surface ectoderm (posterior),4.982140685096874,0.03815975777066397,0.7273272573386182,0.03398028642563873,0.46,142,133
Autonomic neuron,Telencephalon (dorsal),5.704050207060765,-0.014644499346802972,-0.01774154026159828,0.005745567945702111,0.62,142,31059
Autonomic neuron,Telencephalon (ventral),5.566450951886427,0.06480100312859823,0.7286915428595697,0.002677434285619738,0.99,142,3241
Autonomic neuron,Thyroid progenitor,4.6429524192303715,-0.39803935438164145,-4.6524581348017415,0.06673018207321665,0.02,142,850
Autonomic neuron,Trigeminal branchiomotor neuron,5.0264950135244995,-0.2508953402890925,-2.9742072734545277,0.0008617987959595786,0.07,142,872
Autonomic neuron,Trigeminal ganglion neuron,5.502963100484977,0.1325510928933804,1.799292252626499,0.0019002373333143682,0.58,142,1765
Autonomic neuron,Trigeminal placode,5.824830671219769,0.3124912760750475,5.056444654940314,0.017364873139656595,0.36,142,6546
Autonomic neuron,Trigeminal sensory neuron,5.7088098082058805,0.29558926047943207,4.122224877951064,0.005957131164388878,0.04,142,3198
Autonomic neuron,Trochlear neuron,4.697647653810222,-0.31266118321483355,-2.7264589258833247,0.0052266756795625365,0.05,142,153
Autonomic neuron,Trunk neural crest,6.451167816149748,0.8625725202552653,11.911923726469345,0.04217461618775118,0.0,142,6809
Autonomic neuron,V0 interneuron,5.86138464608478,0.14797151919068727,1.2059319950321703,0.040437294165539775,0.15,142,2114
Autonomic neuron,V1 interneuron,5.548719942311636,-0.08048222779058752,-0.7779124293180596,0.0166664738252358,0.32,142,1795
Autonomic neuron,V2 interneuron,5.219943490291629,-0.23148913802102702,-2.208279662359819,0.03881005587573742,0.38,142,842
Autonomic neuron,V3 interneuron,4.787810047585476,-0.2904383639315693,-2.951481280440787,0.003858915189856476,0.09,142,230
Autonomic neuron,Vagal neural crest,6.782041911068677,1.1758335157005722,16.301264061734994,0.0491605939689256,0.0,142,4937
Autonomic neuron,Visceral motor neuron,4.979987560105269,-0.40320266828116197,-4.9087388061733845,0.003207259927613176,0.03,142,2062
Autonomic neuron,Yolk sac endothelial cell,5.012634830659422,0.07346468356800766,0.9903750511985119,0.03263747989109608,0.46,142,112
Autonomic progenitor,Autonomic progenitor,9.50000000001189,9.473903143468002e-15,0.00010064476194733095,7.993790506239586e-29,1.0,3416,3416
Autonomic progenitor,Axial progenitor,6.307625469600609,0.09473629889292272,5.357323968228955,0.007405809098232468,0.08,3416,3170
Autonomic progenitor,Cranial neural crest (anterior),6.350865131961998,0.2011674253675831,11.64497122035297,0.005556004820601205,0.0,3416,5971
Autonomic progenitor,Cranial neural crest (posterior),6.9820527595492505,0.8743647890123274,45.8409590117125,0.006805267486412126,0.0,3416,3552
Autonomic progenitor,Dermomyotome,6.3641985965336305,-0.13904864076831558,-9.597145687863645,0.0023296583060075904,0.0,3416,47263
Autonomic progenitor,Diencephalon,5.9727205381240696,-0.2153161209591099,-14.669715762983685,0.0012137628359091567,0.0,3416,14353
Autonomic progenitor,Dl1 interneuron,6.701442150205431,0.5580679209936023,24.6224904584659,0.004289117827892829,0.0,3416,1503
Autonomic progenitor,Dl2-6 interneuron,6.862478281592694,0.5183703155978133,26.977309839271,0.019572142018543192,0.0,3416,3790
Autonomic progenitor,Dorsal root ganglion neuron,7.393908395856708,1.4305553379806943,54.116849422320236,0.0014912411270345332,0.0,3416,1179
Autonomic progenitor,Dorsal root ganglion progenitor,7.310590304503681,1.3292184870122545,48.2450341398565,0.0016241941882849898,0.0,3416,921
Autonomic progenitor,Endocardial cell,5.736093865230877,-0.18897754713681655,-9.037007587397047,0.003177040487437675,0.0,3416,1558
Autonomic progenitor,Endothelial cell,6.171297793311129,-0.19685450182777794,-13.501926708281283,0.001281516074152515,0.0,3416,9493
Autonomic progenitor,Endothelial progenitor,6.198295685772664,-0.04859472891458191,-2.2256504942186592,8.471004235178384e-05,0.09,3416,1988
Autonomic progenitor,Epibranchial placode,6.10746797244013,0.28639164091924013,15.70696894398617,0.007857061106571818,0.0,3416,3606
Autonomic progenitor,Epibranchial sensory neuron,6.011818719906799,0.2255411666529256,8.909338225285689,0.014665343138396134,0.0,3416,1270
Autonomic progenitor,Epicardium,5.797585929427602,-0.08096219533915949,-3.603662691830806,0.0031593549582034732,0.45,3416,1288
Autonomic progenitor,Epidermal progenitor (anterior),6.191839578570715,0.1748060312078318,11.767436646400961,0.015457179065945108,0.0,3416,7561
Autonomic progenitor,Epidermal progenitor (posterior),6.411706870231236,0.3999570497724383,26.9507208332701,0.0011318939516651663,0.0,3416,16776
Autonomic progenitor,Extraembryonic mesoderm,5.733741843342863,-0.16821917686869745,-13.762859993583412,0.01902680764438739,0.32,3416,5300
Autonomic progenitor,Eye field,6.0052614102256,-0.1297960449281043,-8.867131512089584,0.005341067638295165,0.0,3416,8896
Autonomic progenitor,Facial branchiomotor neuron,5.479831884390253,-0.2464193869308735,-6.286137534377648,0.009050243852889935,0.0,3416,521
Autonomic progenitor,Floor plate (anterior),5.709572636313664,-0.3937164863927484,-24.154841382296965,0.004505801314349585,0.0,3416,8689
Autonomic progenitor,Floor plate (posterior),5.7079393699994405,-0.43433639907158383,-26.882059004905795,0.000552682821178511,0.0,3416,8099
Autonomic progenitor,Forelimb field,6.094824301581962,-0.06420545557784241,-5.498892997999228,0.0017826398135466,0.03,3416,25891
Autonomic progenitor,Frontonasal mesenchyme,6.375507824968367,0.21088391566404852,16.261674209749753,0.0022058376111280345,0.0,3416,24672
Autonomic progenitor,Head paraxial mesoderm,5.898125962541475,-0.23541487768982083,-17.686039463569713,0.009205386557041518,0.0,3416,32981
Autonomic progenitor,Hematopoietic progenitor,5.19293259376413,-0.18030035302966288,-2.0897798750606964,0.0016791147935275314,0.05,3416,87
Autonomic progenitor,Hemogenic endothelium,5.643282029369861,0.05989858112046716,1.0549760305734004,0.0026900259945071264,0.76,3416,141
Autonomic progenitor,Hepatoblast,5.26354905764428,-0.33766513401671655,-12.958017346177082,0.000505830727418654,0.0,3416,1255
Autonomic progenitor,Hindbrain (isthmic organizer),5.9806031218507485,-0.18029061133388039,-8.53429218450219,0.0104396237214154,0.0,3416,3921
Autonomic progenitor,Hindbrain (r1),6.217109141925057,-0.0716303765380329,-4.823736647972288,0.0047497159512268185,0.43,3416,16440
Autonomic progenitor,Hindbrain (r2-r4),6.447125940334838,0.06146363608173081,5.002223294293753,0.003991725598053446,0.79,3416,26863
Autonomic progenitor,Hindbrain (r5-r8),6.695852940040975,0.28426898776315984,20.11285965614453,0.019194179054184586,0.0,3416,28972
Autonomic progenitor,Hindgut,5.424100426844075,-0.24728499693910866,-13.169946121066983,0.001348538215929352,0.0,3416,3029
Autonomic progenitor,Hindlimb field,6.380282024316922,0.25999509096234225,14.410440239402595,0.008153985412697198,0.0,3416,6150
Autonomic progenitor,Hypaxial myogenic progenitor,5.980796529894408,-0.21264538038361755,-12.57589356124853,0.0016522848572496991,0.0,3416,5322
Autonomic progenitor,Hypothalamic neuron,5.6286614981815175,-0.234510384086794,-6.857650031868739,0.004646195565207713,0.0,3416,534
Autonomic progenitor,Hypothalamus,5.731478840740678,-0.3081752671299996,-18.879470139184004,0.0021181292446917632,0.0,3416,7652
Autonomic progenitor,Inflow tract,5.91325621441024,-0.05171355538602048,-2.9641906585444247,0.014339613300555085,0.0,3416,2494
Autonomic progenitor,Intermediate mesoderm (nephrogenic),6.428532284020501,0.1391959259796692,8.645994062535546,0.008394936483281929,0.0,3416,6458
Autonomic progenitor,Intermediate mesoderm (posterior),6.399152555459922,0.2032122962576303,11.867500217922851,0.004634325022649634,0.0,3416,4198
Autonomic progenitor,Juxtacardiac field,5.719978676886991,-0.10660754802894168,-4.960376975683146,0.005923064416024167,0.31,3416,1386
Autonomic progenitor,Left ventricle,5.654760172784065,-0.1699737005985611,-6.5581788613589636,0.004325526992101954,0.0,3416,1174
Autonomic progenitor,Lens placode,6.065532559744994,0.17202889237206107,9.342150499337782,0.021454537987369782,0.0,3416,2811
Autonomic progenitor,Macrophage,5.267616415125436,-0.22518202664082101,-7.594344209084423,0.0017195369107486833,0.0,3416,966
Autonomic progenitor,Megakaryocyte,5.396231899848534,-0.2145054163573136,-5.621761232152679,0.016145733280031715,0.11,3416,482
Autonomic progenitor,Mesothelium,5.727071574234567,-0.07326668376489358,-1.5945265186894748,0.0024774031944606472,0.35,3416,346
Autonomic progenitor,Midbrain,6.0978583180477335,-0.15208057657925078,-9.981962847152126,0.0002382402167292039,0.0,3416,21466
Autonomic progenitor,Midbrain GABAergic neuron,5.279306928491184,-0.2754558016658401,-3.650869478502223,0.00600064706820732,0.0,3416,118
Autonomic progenitor,Midbrain neuron,6.115495643961974,-0.09828160115989586,-5.492236373065583,0.00038731516681416226,0.0,3416,4345
Autonomic progenitor,Midgut,5.394021361939419,-0.2784742978372175,-12.112677095927117,0.004610867404017824,0.0,3416,1667
Autonomic progenitor,Myotome,5.881566438206588,-0.31403575394435873,-14.267039004090398,0.005068471059964663,0.0,3416,2201
Autonomic progenitor,Nascent somite,6.336504604116803,0.07003848918880706,4.2801456859509575,7.850779318334877e-05,0.0,3416,6475
Autonomic progenitor,Notochord,5.465979869390407,-0.2857554473729724,-9.884390145007302,0.028823371255942233,0.0,3416,956
Autonomic progenitor,Oculomotor neuron,5.220233125384835,-0.21020528616417788,-2.955937394810306,0.01055175914251084,0.07,3416,122
Autonomic progenitor,Olfactory placode,6.204234373439813,0.2329716628194071,13.562223548519645,0.013900089201810779,0.0,3416,5872
Autonomic progenitor,Olfactory sensory neuron,5.956202232986059,0.18959176578803336,4.407501105423511,0.007388594813561353,0.0,3416,389
Autonomic progenitor,Otic placode,6.240967186923792,0.4014596220764946,19.472378611532914,0.02237257482973007,0.0,3416,2365
Autonomic progenitor,Otic sensory neuron,6.036087523398083,0.2996596224465886,9.783765964492,0.0387828184357798,0.0,3416,974
Autonomic progenitor,Outflow tract,5.6524449640257535,-0.1139479537596338,-4.361138358850288,0.005497776052127678,0.27,3416,890
Autonomic progenitor,Pancreatic-biliary progenitor,5.340015502645631,-0.2813738909079874,-6.8767979923072255,0.00946443885994304,0.0,3416,373
Autonomic progenitor,Paraventricular hypothalamic neuron,5.293739747038465,-0.23299429471785396,-3.9967100893429617,0.0020804799623551787,0.0,3416,192
Autonomic progenitor,Periocular mesoderm,5.405823053957395,-0.24977420617372617,-10.651907084004224,0.010227271022899274,0.0,3416,1739
Autonomic progenitor,Pharyngeal arch mesenchyme (p1-p2),6.548996713942096,0.3563576783576477,24.90834475507495,0.009380944962709381,0.0,3416,29887
Autonomic progenitor,Pharyngeal arch mesenchyme (p3-p4),7.1521377318162465,1.0391669275882853,62.806900294734135,0.0002932260897531333,0.0,3416,9198
Autonomic progenitor,Pharyngeal endoderm,5.52022193969314,-0.29852444672379796,-19.80129606703987,0.005466493585988392,0.0,3416,5045
Autonomic progenitor,Pharyngeal mesoderm,5.818189887815991,-0.20560870697438963,-14.97592921608662,0.010968327001279893,0.0,3416,7691
Autonomic progenitor,Presomitic mesoderm,6.402359988352861,0.11742230132846683,8.070452822745198,0.004829394603947629,0.02,3416,8521
Autonomic progenitor,Primordial germ cell,4.6595625763273265,-0.3294302242097755,-2.6375331157693225,0.000575116647442519,0.06,2122,25
Autonomic progenitor,Respiratory progenitor,5.264454142249754,-0.3657920883594459,-13.341738421686598,0.0009223304886805878,0.0,3416,1209
Autonomic progenitor,Right ventricle,5.518223389487397,-0.1053078294426637,-3.6704146889670852,0.013457705757405174,0.75,3416,730
Autonomic progenitor,Roof plate (anterior),6.642879722637896,0.47737775737426996,24.27915186325563,0.00042382079682073753,0.0,3416,3787
Autonomic progenitor,Roof plate (posterior),7.189157070835219,1.0158754582690335,46.3788465931709,0.007568481074031868,0.0,3416,2248
Autonomic progenitor,Sacral neural crest,6.724500068882398,0.6854487286754661,31.025414103376676,0.017862005942239884,0.0,3416,2156
Autonomic progenitor,Sclerotome,6.209161129482157,-0.2683660473354192,-20.31181927828976,0.0007401331108330211,0.0,3416,74334
Autonomic progenitor,Second heart field (anterior),5.657512094910925,-0.10701061031702164,-4.3762515021323125,0.00850305236262906,0.02,3416,1040
Autonomic progenitor,Somatic mesoderm (anterior),6.119063686347765,-0.11649590548404316,-8.700526234760813,0.0028587904993598893,0.0,3416,14544
Autonomic progenitor,Somatic mesoderm (posterior),6.486343026695754,0.13941980549785024,9.943822191136064,0.00799638500723798,0.01,3416,48596
Autonomic progenitor,Somatic mesoderm (tailbud),6.435059145554916,0.3839306518459497,19.947408005538758,0.014322208407098087,0.0,3416,3011
Autonomic progenitor,Somatic motor neuron,5.953817807166662,-0.2993215444617716,-15.533995522962064,0.00855319695981743,0.0,3416,6559
Autonomic progenitor,Spinal cord (cervical),7.032548661958045,0.5743742660532364,40.83019739522728,0.0060373014112959636,0.0,3416,41051
Autonomic progenitor,Spinal cord (lumbar),6.493116768418478,0.17884589271562165,12.198966082946084,0.008384231408957991,0.0,3416,12722
Autonomic progenitor,Spinal cord (sacral),6.383582770327763,0.13087454991013026,8.50075726448889,0.004653980472434496,0.0,3416,5351
Autonomic progenitor,Spinal cord (thoracic),6.675421871741762,0.28340288171762335,21.205653834162874,0.009603938285435772,0.0,3416,35061
Autonomic progenitor,Spinal cord interneuron progenitor,6.006268303557603,-0.21981961244773807,-9.357906984529935,0.004923344737107984,0.0,3416,2196
Autonomic progenitor,Splanchnic mesoderm (cardiopulmonary),5.9384448560095136,-0.11940927100810672,-8.5402762423204,0.004681039969801078,0.05,3416,5768
Autonomic progenitor,Splanchnic mesoderm (gastric),5.903415767675953,-0.12664370677835132,-7.293966065308948,0.005782351711225305,0.0,3416,3373
Autonomic progenitor,Splanchnic mesoderm (intestinal),6.3984764701963,0.1322289840898616,8.01812839215934,0.004124505600931532,0.0,3416,9676
Autonomic progenitor,Splanchnic mesoderm (septum transversum),5.908501313398763,-0.0723979578838927,-4.148215174194918,0.0032424883895821955,0.02,3416,2825
Autonomic progenitor,Subthalamic nucleus neuron,5.485164726902229,-0.3781700551330435,-12.592901479767471,0.0005229879532924764,0.0,3416,802
Autonomic progenitor,Surface ectoderm (posterior),5.621995937764262,0.11910647156689702,1.7284147302909265,0.0008095572275891659,0.29,3416,133
Autonomic progenitor,Telencephalon (dorsal),6.260189839756808,-0.011233024398275818,-0.9809477905512033,0.0005230048260146438,0.45,3416,31059
Autonomic progenitor,Telencephalon (ventral),6.096578664307245,0.03597358541694066,1.6277462036648114,0.012111523717918739,0.42,3416,3241
Autonomic progenitor,Thyroid progenitor,5.274088899741202,-0.3319697452508234,-11.510216463650407,0.0007234325262259903,0.0,3416,850
Autonomic progenitor,Trigeminal branchiomotor neuron,5.5134722779432215,-0.3144992088417918,-10.450043774183733,0.0034016917946111218,0.0,3416,872
Autonomic progenitor,Trigeminal ganglion neuron,6.166423578073151,0.23714837321036283,9.627367774883485,0.015622668692524135,0.0,3416,1765
Autonomic progenitor,Trigeminal placode,6.443856135767864,0.3728101411996653,21.532877920052304,0.002451835999843915,0.0,3416,6546
Autonomic progenitor,Trigeminal sensory neuron,6.179471315451029,0.21366220681790912,10.854563899095396,0.007428205161410844,0.0,3416,3198
Autonomic progenitor,Trochlear neuron,5.297142103291377,-0.2751106374423011,-4.0219968217817845,0.0008111759891013999,0.0,3416,153
Autonomic progenitor,Trunk neural crest,7.373201129962155,1.2245025999195576,73.03449963642846,0.002293515407380141,0.0,3416,6809
Autonomic progenitor,V0 interneuron,6.347964167407228,0.07948998379410366,4.215589110031256,0.01379665273581753,0.32,3416,2114
Autonomic progenitor,V1 interneuron,6.051063689252359,-0.13678480742455493,-5.512976423818276,0.004020557048064732,0.0,3416,1795
Autonomic progenitor,V2 interneuron,5.762649298782431,-0.2515691609940716,-8.084749517185974,0.0015307280556638428,0.0,3416,842
Autonomic progenitor,V3 interneuron,5.292677124677863,-0.3416293795950252,-6.4527548863334685,0.007257710052297157,0.0,3416,230
Autonomic progenitor,Vagal neural crest,7.90361766335193,1.7446720012690804,106.42695725836273,0.0005353889305617964,0.0,3416,4937
Autonomic progenitor,Visceral motor neuron,5.521283693479416,-0.425294725758761,-17.655910319264063,0.0015073248000623822,0.0,3416,2062
Autonomic progenitor,Yolk sac endothelial cell,5.43618657893849,-0.04291143103402965,-0.4897499307834901,0.009944277546416299,0.66,3416,112
Axial progenitor,Axial progenitor,9.500000000008262,-4.144832625267251e-15,-5.3278401826726956e-05,2.2824375524394607e-28,1.0,3170,3170
Axial progenitor,Cranial neural crest (anterior),6.135539451137724,-0.19940472051665262,-10.756409060173375,0.00419609043241448,0.0,3170,5971
Axial progenitor,Cranial neural crest (posterior),6.299048565472066,0.00368323591097397,0.3051745055885154,0.0018629414020694226,0.22,3170,3552
Axial progenitor,Dermomyotome,7.192708275626949,0.5021018131171283,37.28121704831975,0.0033549702831550837,0.0,3170,47263
Axial progenitor,Diencephalon,6.207464647798441,-0.16621388209303442,-10.19582093982867,0.003573245875976688,0.0,3170,14353
Axial progenitor,Dl1 interneuron,6.343815042351693,0.012738567125511876,0.5836220632552237,0.001251346284706747,0.72,3170,1503
Axial progenitor,Dl2-6 interneuron,6.75641512778127,0.2280350356687609,11.358070429046263,0.010895622887760354,0.0,3170,3790
Axial progenitor,Dorsal root ganglion neuron,6.320934359180044,0.17120438566908072,6.567371045777495,0.004893444883545971,0.0,3170,1179
Axial progenitor,Dorsal root ganglion progenitor,6.398601712114764,0.22647691937725098,7.364429586674156,0.012939421608839442,0.0,3170,921
Axial progenitor,Endocardial cell,5.817555534701259,-0.29394679163814413,-13.335125912380656,0.0032481369716707486,0.0,3170,1558
Axial progenitor,Endothelial cell,6.322056246024439,-0.2324868823048337,-15.877483001131722,0.005745843266020284,0.0,3170,9493
Axial progenitor,Endothelial progenitor,6.383596981544343,-0.05136773231973546,-2.528825525880115,0.00229694244896695,0.68,3170,1988
Axial progenitor,Epibranchial placode,5.797118729775275,-0.2109917955488753,-10.015379181579641,0.0009870344888009781,0.0,3170,3606
Axial progenitor,Epibranchial sensory neuron,5.752917790597924,-0.21736496759730173,-6.997091045426456,0.018336389285949602,0.0,3170,1270
Axial progenitor,Epicardium,5.769302314328143,-0.2965994616026177,-12.670584737839127,0.0023904055736592607,0.0,3170,1288
Axial progenitor,Epidermal progenitor (anterior),5.9625342113582525,-0.24165546314307415,-14.999462913628237,0.0020178540195188266,0.0,3170,7561
Axial progenitor,Epidermal progenitor (posterior),6.112494599703379,-0.0844427858673497,-5.381476248519168,0.002731438159537561,0.07,3170,16776
Axial progenitor,Extraembryonic mesoderm,5.759328667582466,-0.3284851121283155,-20.867247507082332,0.0009987945768379907,0.0,3170,5300
Axial progenitor,Eye field,6.174932165963702,-0.14545941347781177,-8.526151831363485,0.0038003965501141324,0.0,3170,8896
Axial progenitor,Facial branchiomotor neuron,5.951756524247088,0.0432352529309871,1.1323736785273928,0.002539500509898744,0.83,3170,521
Axial progenitor,Floor plate (anterior),6.219527200239809,-0.06958404519424584,-4.415644996831724,0.002588207523404852,0.53,3170,8689
Axial progenitor,Floor plate (posterior),6.617188311239928,0.287859479676223,16.252588258106435,0.0033110724872597655,0.0,3170,8099
Axial progenitor,Forelimb field,6.230769520561515,-0.11475760494782901,-9.136240409455006,0.004544666688516227,0.0,3170,25891
Axial progenitor,Frontonasal mesenchyme,6.152336385039255,-0.19737095936362525,-14.42286600943782,0.00103868137277213,0.0,3170,24672
Axial progenitor,Head paraxial mesoderm,6.074762612945734,-0.24415988860953064,-18.153988984685952,0.0001124045893625005,0.0,3170,32981
Axial progenitor,Hematopoietic progenitor,5.218001985073863,-0.33293380151595525,-4.062469329399401,0.012902321749218048,0.0,3170,87
Axial progenitor,Hemogenic endothelium,5.54499203327484,-0.2216529720699434,-3.2029535936005153,0.0035966615385095496,0.05,3170,141
Axial progenitor,Hepatoblast,5.459890397154031,-0.32993932583816044,-12.240029013579695,0.02298526651327093,0.0,3170,1255
Axial progenitor,Hindbrain (isthmic organizer),6.200850319133679,-0.14390237467947653,-8.168692782111531,0.004359361378527968,0.0,3170,3921
Axial progenitor,Hindbrain (r1),6.375846075861291,-0.09835649786564993,-6.3047259408280025,0.004729627109568065,0.16,3170,16440
Axial progenitor,Hindbrain (r2-r4),6.639347985067062,0.0660848882869806,4.818027782632547,0.005208884103349767,0.25,3170,26863
Axial progenitor,Hindbrain (r5-r8),6.810534074092046,0.21327752008946424,14.713627400281618,0.000992323868026987,0.0,3170,28972
Axial progenitor,Hindgut,5.61837619132455,-0.23896159531345104,-13.041858965994642,0.002615517264666142,0.0,3170,3029
Axial progenitor,Hindlimb field,6.424837986685346,0.12057536045921147,7.077628161017306,0.009504746053100943,0.44,3170,6150
Axial progenitor,Hypaxial myogenic progenitor,6.297901722323215,-0.08183463157766487,-5.127012272398482,0.0025886335134162252,0.03,3170,5322
Axial progenitor,Hypothalamic neuron,5.8732006890877715,-0.1780838807958919,-4.732244755531341,0.0024877686141148263,0.0,3170,534
Axial progenitor,Hypothalamus,6.103051273217054,-0.12172648373669907,-7.41559455444374,0.00295526040127014,0.0,3170,7652
Axial progenitor,Inflow tract,5.89539910031782,-0.2565187931561154,-13.138473783755769,0.005649240002606115,0.0,3170,2494
Axial progenitor,Intermediate mesoderm (nephrogenic),6.74798006760084,0.2733980193647829,15.365844979563585,0.0004946222727739803,0.0,3170,6458
Axial progenitor,Intermediate mesoderm (posterior),6.50893868281678,0.12839980188976163,6.568419782355591,0.01169021606300064,0.0,3170,4198
Axial progenitor,Juxtacardiac field,5.74929331249542,-0.2644813397510252,-10.142133758940615,0.006638508161083814,0.0,3170,1386
Axial progenitor,Left ventricle,5.706425062904809,-0.3079116551130057,-12.429140623219054,0.0009503747270095384,0.0,3170,1174
Axial progenitor,Lens placode,5.882971160695438,-0.19481633599975576,-9.912000184893095,0.006316455534081023,0.0,3170,2811
Axial progenitor,Macrophage,5.329321396564014,-0.35171970703848005,-12.031536256540468,0.010391864643947755,0.0,3170,966
Axial progenitor,Megakaryocyte,5.3997359961922955,-0.3974931976009062,-10.25489296964652,0.0022795183688547604,0.0,3170,482
Axial progenitor,Mesothelium,5.851504626951322,-0.13307156365295233,-2.9193704438477344,0.007076581395239382,0.41,3170,346
Axial progenitor,Midbrain,6.305083424874567,-0.13165548827286777,-9.548914459028454,0.0017534153429846163,0.0,3170,21466
Axial progenitor,Midbrain GABAergic neuron,5.54154670345823,-0.20499592527903884,-2.707621120823923,0.028643423638555494,0.87,3170,118
Axial progenitor,Midbrain neuron,6.23450923478383,-0.16697684983675062,-9.763530583173221,0.00519323335537413,0.0,3170,4345
Axial progenitor,Midgut,5.492105146644836,-0.3671821307738128,-16.398298795806824,0.011539486568488962,0.0,3170,1667
Axial progenitor,Myotome,6.359378590363466,-0.021284743857509742,-0.9890360685415155,0.009094074598917005,0.01,3170,2201
Axial progenitor,Nascent somite,7.614839156274592,1.1621859760758821,64.56606503877144,0.005726672606723869,0.0,3170,6475
Axial progenitor,Notochord,5.775395277481683,-0.1634682615038591,-5.942964785048012,0.002828576579233308,0.0,3170,956
Axial progenitor,Oculomotor neuron,5.540690700303661,-0.08003236611792008,-1.1639430902388719,0.009237849866451235,0.67,3170,122
Axial progenitor,Olfactory placode,5.975585409709278,-0.18263089532188884,-9.964758873679166,0.0015704034670850145,0.0,3170,5872
Axial progenitor,Olfactory sensory neuron,5.728239365464041,-0.2180738108428022,-5.1038827565330696,0.007611656363002658,0.01,3170,389
Axial progenitor,Otic placode,5.891769711155793,-0.13378962122631202,-5.892211638177784,0.00022164922252778353,0.0,3170,2365
Axial progenitor,Otic sensory neuron,5.7547369575362,-0.17315569297272582,-5.830643005038155,0.00024424270542693,0.0,3170,974
Axial progenitor,Outflow tract,5.7126784031464695,-0.2433743651132764,-8.66627709215504,0.002060277051967912,0.0,3170,890
Axial progenitor,Pancreatic-biliary progenitor,5.426719376316295,-0.370590924685063,-8.607330845772863,0.019705530246944228,0.0,3170,373
Axial progenitor,Paraventricular hypothalamic neuron,5.651176187773198,-0.07840683608151444,-1.3554246423610474,0.0037870604524911375,0.66,3170,192
Axial progenitor,Periocular mesoderm,5.5515032530268975,-0.2884619523128065,-12.506239754850524,0.003631120001451841,0.0,3170,1739
Axial progenitor,Pharyngeal arch mesenchyme (p1-p2),6.193812565711742,-0.18459125548080615,-13.310372378752652,0.0013085632269335295,0.0,3170,29887
Axial progenitor,Pharyngeal arch mesenchyme (p3-p4),6.295342798815594,-0.0017557301752650172,0.010033199395029446,0.001593454369973161,0.49,3170,9198
Axial progenitor,Pharyngeal endoderm,5.683420711101533,-0.32078728272764384,-19.86150420558732,0.006143206394138744,0.0,3170,5045
Axial progenitor,Pharyngeal mesoderm,5.91350986364844,-0.297815384256217,-22.862398530492793,0.0022713719284389363,0.0,3170,7691
Axial progenitor,Presomitic mesoderm,8.096256422864023,1.626853737486826,104.05058834783195,0.005938921325054255,0.0,3170,8521
Axial progenitor,Primordial germ cell,4.638484343076102,-0.5524140174004639,-4.353209354528566,0.00011504461204729013,0.0,2248,25
Axial progenitor,Respiratory progenitor,5.459488811412477,-0.3595176272464948,-14.504851117072187,0.022873402146764775,0.0,3170,1209
Axial progenitor,Right ventricle,5.584979102395805,-0.22247724223863705,-7.595009039655886,0.004643265372312889,0.0,3170,730
Axial progenitor,Roof plate (anterior),6.3095475476868295,-0.03947870981739765,-2.314211577696241,0.0022547752501884117,0.55,3170,3787
Axial progenitor,Roof plate (posterior),6.7299759671563555,0.37067476870331717,16.358298614692316,0.007702065660254838,0.0,3170,2248
Axial progenitor,Sacral neural crest,7.027634690028539,0.8008193054405582,36.25804820390328,0.005221370074440396,0.0,3170,2156
Axial progenitor,Sclerotome,6.8258422539519215,0.1621940799592577,11.753053983681873,0.008147391163562105,0.0,3170,74334
Axial progenitor,Second heart field (anterior),5.681711989844058,-0.2694692106999703,-9.655060242873096,0.012963698359262987,0.0,3170,1040
Axial progenitor,Somatic mesoderm (anterior),6.166565745257187,-0.25634516803894236,-17.441175795427053,0.0049928938973705875,0.0,3170,14544
Axial progenitor,Somatic mesoderm (posterior),6.5804486068545245,0.04586136313738631,3.315748315110657,0.008202140155322274,0.0,3170,48596
Axial progenitor,Somatic mesoderm (tailbud),6.77816528024661,0.5395497090078191,26.357379671522512,0.008502793952664678,0.0,3170,3011
Axial progenitor,Somatic motor neuron,6.945854973379355,0.5060200383104808,29.68911707053555,0.0031740831913731823,0.0,3170,6559
Axial progenitor,Spinal cord (cervical),7.106038833022698,0.46162117532252783,31.530477500172733,0.001987569929901585,0.0,3170,41051
Axial progenitor,Spinal cord (lumbar),7.872854980993626,1.3710171164340121,84.56293677635762,0.010859994173998588,0.0,3170,12722
Axial progenitor,Spinal cord (sacral),8.219897068979005,1.782914410643343,96.91766076563918,0.005148509457860417,0.0,3170,5351
Axial progenitor,Spinal cord (thoracic),7.484267490697351,0.9082580215044418,62.36856027581286,0.007054445131120845,0.0,3170,35061
Axial progenitor,Spinal cord interneuron progenitor,6.686714518887655,0.27544167628476757,12.303400978117658,0.009382707861787392,0.0,3170,2196
Axial progenitor,Splanchnic mesoderm (cardiopulmonary),6.014142649634107,-0.22984934149448222,-15.543910990293284,0.00390397403266094,0.0,3170,5768
Axial progenitor,Splanchnic mesoderm (gastric),6.011444400984555,-0.20301460178098107,-11.53373175135206,0.0018654396841876774,0.0,3170,3373
Axial progenitor,Splanchnic mesoderm (intestinal),6.38664205136028,-0.06731448191399488,-4.020324866196998,0.019795649890301175,0.67,3170,9676
Axial progenitor,Splanchnic mesoderm (septum transversum),5.860056412176784,-0.30427852167975694,-16.858442582511195,0.0022497326975613073,0.0,3170,2825
Axial progenitor,Subthalamic nucleus neuron,5.96647147790824,-0.08172528161794013,-3.076019764496857,0.013732733215219856,0.15,3170,802
Axial progenitor,Surface ectoderm (posterior),5.462299119867871,-0.23062262674908052,-3.2652698999148293,0.001071882664247564,0.0,3170,133
Axial progenitor,Telencephalon (dorsal),6.294956296963715,-0.16362370387208328,-11.064830920918688,0.002057647247885464,0.0,3170,31059
Axial progenitor,Telencephalon (ventral),6.080475743707052,-0.1683373451291065,-9.116146088183102,0.00808511622463244,0.0,3170,3241
Axial progenitor,Thyroid progenitor,5.367971048511035,-0.42846412665774025,-14.09750500732814,0.007630144281839496,0.0,3170,850
Axial progenitor,Trigeminal branchiomotor neuron,6.0098169383008555,-0.009252095230901425,-0.2735786471941135,0.0008115780644618312,0.84,3170,872
Axial progenitor,Trigeminal ganglion neuron,5.917772691588554,-0.19595911646252043,-8.608259730287019,0.004996497656611517,0.0,3170,1765
Axial progenitor,Trigeminal placode,6.071514470979269,-0.1858213478077285,-11.33059176386962,0.006033569100461742,0.0,3170,6546
Axial progenitor,Trigeminal sensory neuron,5.965619893385557,-0.18843391210019314,-9.354636322767947,0.0013352991404381646,0.0,3170,3198
Axial progenitor,Trochlear neuron,5.714280574159883,-0.04601089939466293,-0.7172834430900332,4.97104885617971e-06,0.64,3170,153
Axial progenitor,Trunk neural crest,6.775328435628474,0.44039687547890577,22.6831902889367,0.003993788662180976,0.0,3170,6809
Axial progenitor,V0 interneuron,6.652214167170951,0.19856788419858962,8.586255654706127,0.0018634965107673144,0.0,3170,2114
Axial progenitor,V1 interneuron,6.652527529957567,0.27954906946349567,11.485154432288141,0.004265620914210399,0.0,3170,1795
Axial progenitor,V2 interneuron,6.324050396877168,0.1269116692141464,4.30623328961028,0.014887564568551413,0.28,3170,842
Axial progenitor,V3 interneuron,6.0093218179345085,0.19460835223709547,3.5218091911418923,0.014880414467119386,0.27,3170,230
Axial progenitor,Vagal neural crest,6.547377972902322,0.2003606699360724,11.19676846677775,0.0021902909658239986,0.0,3170,4937
Axial progenitor,Visceral motor neuron,6.246678978083459,0.11484515416016006,4.709158771988116,0.009720312347285168,0.85,3170,2062
Axial progenitor,Yolk sac endothelial cell,5.387887560905747,-0.27610162117299364,-3.600404456301584,0.0028549964800549162,0.03,3170,112
Cranial neural crest (anterior),Cranial neural crest (anterior),9.499999999992422,-1.8355687340469256e-14,-0.0001657644905228,3.2606250749135156e-29,1.0,5971,5971
Cranial neural crest (anterior),Cranial neural crest (posterior),6.758382540606708,0.5267732912238866,31.63051017832838,0.004662168267689015,0.0,5971,3552
Cranial neural crest (anterior),Dermomyotome,6.333357630332714,-0.2934563157854922,-29.84684471673842,0.00032029089148861745,0.0,5971,47263
Cranial neural crest (anterior),Diencephalon,6.5295511139459705,0.21749972471016665,20.165211057327113,0.001141375498511419,0.0,5971,14353
Cranial neural crest (anterior),Dl1 interneuron,6.914504021519448,0.6475343856671231,29.650496986153353,0.04079779178597026,0.0,5971,1503
Cranial neural crest (anterior),Dl2-6 interneuron,6.691297869646786,0.22348267543517567,13.77219651580261,0.009983157432494828,0.0,5971,3790
Cranial neural crest (anterior),Dorsal root ganglion neuron,6.2983416645298975,0.21069537222943038,7.755133417886732,0.0028416019260380982,0.0,5971,1179
Cranial neural crest (anterior),Dorsal root ganglion progenitor,6.3106254605886205,0.20694126013052264,8.43848224944609,0.000699879067409594,0.0,5971,921
Cranial neural crest (anterior),Endocardial cell,5.743767500192045,-0.3023422700394282,-15.23893804818295,0.007514084715921138,0.0,5971,1558
Cranial neural crest (anterior),Endothelial cell,6.186684488274202,-0.305927451550998,-24.87418373025373,0.0024957119013967397,0.0,5971,9493
Cranial neural crest (anterior),Endothelial progenitor,6.149273476321457,-0.2218277937660679,-10.660390157085354,0.000621186766188868,0.0,5971,1988
Cranial neural crest (anterior),Epibranchial placode,5.995363425286161,0.04879272049057034,2.874148406118606,0.004019697825144885,0.28,5971,3606
Cranial neural crest (anterior),Epibranchial sensory neuron,6.000875657740413,0.09315640394721954,4.60895340293036,0.018656454729425585,0.15,5971,1270
Cranial neural crest (anterior),Epicardium,5.714951373873106,-0.2859086773599306,-12.520267869421508,0.0039718918475028855,0.0,5971,1288
Cranial neural crest (anterior),Epidermal progenitor (anterior),6.332442692764501,0.1924569377929659,14.996286793176997,0.014340723752264433,0.0,5971,7561
Cranial neural crest (anterior),Epidermal progenitor (posterior),6.209382321346883,0.07411566050138596,6.07414303355394,0.0016115625642949016,0.02,5971,16776
Cranial neural crest (anterior),Extraembryonic mesoderm,5.706420427972058,-0.3176230301757255,-25.790882828800033,0.011060208258713232,0.0,5971,5300
Cranial neural crest (anterior),Eye field,6.393063971889614,0.13628329039555678,9.848416857596721,0.003960911368176194,0.0,5971,8896
Cranial neural crest (anterior),Facial branchiomotor neuron,5.532917229005783,-0.3149809301611824,-9.689816905197047,0.004959368400567968,0.0,5971,521
Cranial neural crest (anterior),Floor plate (anterior),5.921546925306434,-0.3050229442333278,-23.36585166033511,0.004469452512429532,0.0,5971,8689
Cranial neural crest (anterior),Floor plate (posterior),5.866308972824071,-0.3993561687029589,-30.13018976670584,0.0014494808763598347,0.0,5971,8099
Cranial neural crest (anterior),Forelimb field,6.14006949400779,-0.14189729869474585,-13.604353644772386,0.008047951764335192,0.0,5971,25891
Cranial neural crest (anterior),Frontonasal mesenchyme,7.171336741458386,0.8846661004092621,87.1459249996039,0.007939194920763353,0.0,5971,24672
Cranial neural crest (anterior),Head paraxial mesoderm,5.996502628023376,-0.25862790424540183,-28.181099865818442,0.00022215085304691244,0.0,5971,32981
Cranial neural crest (anterior),Hematopoietic progenitor,5.224368769500733,-0.26818343686737417,-3.2195130359056225,0.0007291910054877815,0.01,5971,87
Cranial neural crest (anterior),Hemogenic endothelium,5.692264391283786,-0.015143063351540439,-0.22329068631456717,0.0032875165771540124,0.66,5971,141
Cranial neural crest (anterior),Hepatoblast,5.340288973265085,-0.3874672372406926,-15.01883994249581,0.01676252895670444,0.0,5971,1255
Cranial neural crest (anterior),Hindbrain (isthmic organizer),6.483930168251931,0.19965026858845972,13.261453710993132,0.021548364401452642,0.0,5971,3921
Cranial neural crest (anterior),Hindbrain (r1),6.807192803805034,0.3950407638628655,35.59979293917042,0.011545043518478739,0.0,5971,16440
Cranial neural crest (anterior),Hindbrain (r2-r4),6.713556034887081,0.20360358333281217,18.763611811422617,0.0019213122850749204,0.0,5971,26863
Cranial neural crest (anterior),Hindbrain (r5-r8),6.534275438578921,-0.0014326384445138747,0.017190197625542563,0.005194457803310076,0.0,5971,28972
Cranial neural crest (anterior),Hindgut,5.429458495938352,-0.36472230537332556,-22.39658627566134,0.0051609583065194,0.0,5971,3029
Cranial neural crest (anterior),Hindlimb field,6.275210729398573,0.034757238495751075,1.4284822205038734,0.025374441452308102,0.0,5971,6150
Cranial neural crest (anterior),Hypaxial myogenic progenitor,6.020028231008442,-0.297157418421684,-19.982417995234986,0.0006734757576747092,0.0,5971,5322
Cranial neural crest (anterior),Hypothalamic neuron,5.863564471223064,-0.12163255361508796,-3.411280118362255,0.0006285256775586498,0.01,5971,534
Cranial neural crest (anterior),Hypothalamus,5.918037705925376,-0.24201994858999498,-18.39757788704628,0.0006695384659487275,0.0,5971,7652
Cranial neural crest (anterior),Inflow tract,5.862494372687617,-0.22439081405584962,-13.233354077673129,0.008549043921963793,0.0,5971,2494
Cranial neural crest (anterior),Intermediate mesoderm (nephrogenic),6.3405051895114255,-0.07070164418212481,-4.858574943601337,0.01171971050890469,0.0,5971,6458
Cranial neural crest (anterior),Intermediate mesoderm (posterior),6.257006924212821,-0.06114743178933383,-4.98377180260039,0.026542611300670094,0.01,5971,4198
Cranial neural crest (anterior),Juxtacardiac field,5.6650925770126195,-0.2852197381058354,-11.390452216531772,0.0025525016140405285,0.0,5971,1386
Cranial neural crest (anterior),Left ventricle,5.624866093367436,-0.32505072999616286,-13.57663214739121,0.007562802497583355,0.0,5971,1174
Cranial neural crest (anterior),Lens placode,6.326399810009586,0.31025168481486415,17.070082595969364,0.00292358980011313,0.0,5971,2811
Cranial neural crest (anterior),Macrophage,5.292590958395963,-0.3248708789892447,-12.652408915133611,0.0010665985648419226,0.0,5971,966
Cranial neural crest (anterior),Megakaryocyte,5.351551567298498,-0.3853194308832754,-10.112460039064874,0.0037925185498633184,0.0,5971,482
Cranial neural crest (anterior),Mesothelium,5.817139050168609,-0.1028510014455953,-2.6215446796838897,0.008164661356807865,0.34,5971,346
Cranial neural crest (anterior),Midbrain,6.677304909324995,0.30355262022698987,26.728974512770936,0.017975087533763555,0.0,5971,21466
Cranial neural crest (anterior),Midbrain GABAergic neuron,5.4377611997443935,-0.2524307235633219,-3.895286101752763,0.018748308645012438,0.16,5971,118
Cranial neural crest (anterior),Midbrain neuron,6.807678330116836,0.4699100004535148,30.575493837374722,0.007994645771623761,0.0,5971,4345
Cranial neural crest (anterior),Midgut,5.382083089283813,-0.41331733110281377,-20.24370797258673,0.0019576361193325187,0.0,5971,1667
Cranial neural crest (anterior),Myotome,5.941190329034586,-0.3775099014332873,-18.806567495666787,0.0013161897079445551,0.0,5971,2201
Cranial neural crest (anterior),Nascent somite,6.26388597313046,-0.12738646393865802,-9.186760784563285,0.0017883995650910197,0.0,5971,6475
Cranial neural crest (anterior),Notochord,5.508593766562904,-0.36552523764043937,-15.149417469226876,0.019265108609686242,0.0,5971,956
Cranial neural crest (anterior),Oculomotor neuron,5.3428931397437145,-0.22694278585125952,-2.9738508094703993,0.016631409203297476,0.22,5971,122
Cranial neural crest (anterior),Olfactory placode,6.489675714585936,0.39475270118672096,27.35451635915474,0.0019070468577966357,0.0,5971,5872
Cranial neural crest (anterior),Olfactory sensory neuron,6.1751631502723585,0.2913903785560003,6.355735954064262,0.007780152942422863,0.0,5971,389
Cranial neural crest (anterior),Otic placode,6.2164310047978875,0.2548804213640145,12.516056697504181,0.01608566693171025,0.0,5971,2365
Cranial neural crest (anterior),Otic sensory neuron,6.044939091589119,0.18305280807466082,7.208678057298914,0.017948652524118553,0.08,5971,974
Cranial neural crest (anterior),Outflow tract,5.610082615582943,-0.2824738467197256,-10.610966582011079,0.0043218647561710346,0.0,5971,890
Cranial neural crest (anterior),Pancreatic-biliary progenitor,5.302332646573703,-0.4352728007773585,-10.963130550231023,0.019138236582231974,0.0,5971,373
Cranial neural crest (anterior),Paraventricular hypothalamic neuron,5.488400471913518,-0.1652418142493103,-2.992791514267669,0.02136252804073481,0.93,5971,192
Cranial neural crest (anterior),Periocular mesoderm,5.4295690007693915,-0.34943688471939066,-17.172009496718854,0.0049252072742529945,0.0,5971,1739
Cranial neural crest (anterior),Pharyngeal arch mesenchyme (p1-p2),7.488746698930153,1.1721631789140587,111.78861676199672,0.001792479212476208,0.0,5971,29887
Cranial neural crest (anterior),Pharyngeal arch mesenchyme (p3-p4),6.781966534793881,0.5485149701293371,40.23885985879775,0.007385178395545657,0.0,5971,9198
Cranial neural crest (anterior),Pharyngeal endoderm,5.556065862730331,-0.38455857376006036,-26.763114232492168,0.012478626782318432,0.0,5971,5045
Cranial neural crest (anterior),Pharyngeal mesoderm,5.813707025182661,-0.332861913810578,-27.307793350045,0.010470418138182891,0.0,5971,7691
Cranial neural crest (anterior),Presomitic mesoderm,6.271853532781331,-0.13474389769394732,-10.251460124300763,0.0012314207221532998,0.0,5971,8521
Cranial neural crest (anterior),Primordial germ cell,4.621937403980819,-0.5069083194740318,-4.141998332067697,0.002715887958445899,0.0,4128,25
Cranial neural crest (anterior),Respiratory progenitor,5.276861291742183,-0.4806368264808265,-19.08630116732331,0.016624674389034023,0.0,5971,1209
Cranial neural crest (anterior),Right ventricle,5.442309619763627,-0.30760706819947004,-9.72599407128556,0.002702706530123101,0.0,5971,730
Cranial neural crest (anterior),Roof plate (anterior),7.196295462180135,0.909079035101945,54.09477697514635,0.0565901606684447,0.0,5971,3787
Cranial neural crest (anterior),Roof plate (posterior),6.466301667392931,0.16746548217593382,8.877369241012609,0.01781112111233806,0.48,5971,2248
Cranial neural crest (anterior),Sacral neural crest,6.242182397785864,0.08125736841711184,3.532795110807418,0.008610651063008281,0.1,5971,2156
Cranial neural crest (anterior),Sclerotome,6.24046770435353,-0.36009873617354354,-35.71739897153592,0.0006228900500876978,0.0,5971,74334
Cranial neural crest (anterior),Second heart field (anterior),5.655163243437763,-0.23076406785318385,-8.66033922748223,0.006890843909283938,0.0,5971,1040
Cranial neural crest (anterior),Somatic mesoderm (anterior),6.155882760229576,-0.2030288433018601,-18.6316509731173,0.0043778008103608065,0.0,5971,14544
Cranial neural crest (anterior),Somatic mesoderm (posterior),6.434486152649133,-0.03610259825633092,-2.136862288679063,0.016387449568696966,0.0,5971,48596
Cranial neural crest (anterior),Somatic mesoderm (tailbud),6.233602188566837,0.05869469910774683,3.0705087462430414,0.01322296640313066,0.0,5971,3011
Cranial neural crest (anterior),Somatic motor neuron,6.060057781110802,-0.31880607911680564,-22.02468777879862,0.0025288970696317986,0.0,5971,6559
Cranial neural crest (anterior),Spinal cord (cervical),6.543325167327893,-0.038246147777756846,-3.515486558682978,0.004553523366687886,0.25,5971,41051
Cranial neural crest (anterior),Spinal cord (lumbar),6.2995974479790044,-0.13863056262611936,-11.524526925896254,0.0037828473577934158,0.0,5971,12722
Cranial neural crest (anterior),Spinal cord (sacral),6.195654797394475,-0.17938993257881286,-11.551699105112164,0.002496505766365815,0.0,5971,5351
Cranial neural crest (anterior),Spinal cord (thoracic),6.422435849723115,-0.09084299101884863,-8.04317546353762,0.0031127844814824025,0.0,5971,35061
Cranial neural crest (anterior),Spinal cord interneuron progenitor,6.0969793174865154,-0.2527408404254068,-13.070357743853902,0.005478826047689438,0.0,5971,2196
Cranial neural crest (anterior),Splanchnic mesoderm (cardiopulmonary),5.947439748736982,-0.23361322805635135,-18.233680647821753,0.006324504404061442,0.0,5971,5768
Cranial neural crest (anterior),Splanchnic mesoderm (gastric),5.988354449249312,-0.16460375142740435,-11.143316700373001,0.00988116215384511,0.01,5971,3373
Cranial neural crest (anterior),Splanchnic mesoderm (intestinal),6.3317342016157525,-0.058472848390586606,-4.929651036062368,0.021880727825831114,0.0,5971,9676
Cranial neural crest (anterior),Splanchnic mesoderm (septum transversum),5.936142387386937,-0.16815290259863827,-9.732313965568743,0.011666741716926025,0.0,5971,2825
Cranial neural crest (anterior),Subthalamic nucleus neuron,5.732894655829054,-0.24967318115502538,-8.91828384804805,0.005296356110405371,0.0,5971,802
Cranial neural crest (anterior),Surface ectoderm (posterior),5.603411015379695,-0.018202215037015357,-0.2224480560274457,0.0008722904374124391,0.9,5971,133
Cranial neural crest (anterior),Telencephalon (dorsal),6.822473735100317,0.42790333256233,41.51684402949767,0.0017305427607078718,0.0,5971,31059
Cranial neural crest (anterior),Telencephalon (ventral),6.534784142967445,0.34962074379239044,20.471879335083255,0.004233325595423285,0.0,5971,3241
Cranial neural crest (anterior),Thyroid progenitor,5.301398670035714,-0.4310271302657564,-16.50046380822762,0.0090888875658376,0.0,5971,850
Cranial neural crest (anterior),Trigeminal branchiomotor neuron,5.622711577968876,-0.326506935405144,-10.930013242900301,0.00802334407324157,0.0,5971,872
Cranial neural crest (anterior),Trigeminal ganglion neuron,7.731224757059348,1.6816638555451853,77.21185657786519,0.014945548871231597,0.0,5971,1765
Cranial neural crest (anterior),Trigeminal placode,6.652908349841341,0.45849794637259755,32.02512472983061,0.0008190905909854939,0.0,5971,6546
Cranial neural crest (anterior),Trigeminal sensory neuron,6.388046949293263,0.2986940828350031,17.024138872926326,0.01044202430938625,0.0,5971,3198
Cranial neural crest (anterior),Trochlear neuron,5.45680139386231,-0.2406760420157633,-3.484997521218089,0.03481148026042681,0.38,5971,153
Cranial neural crest (anterior),Trunk neural crest,6.421824703686451,0.14839249490823825,10.294815488578392,0.005572496903610886,0.0,5971,6809
Cranial neural crest (anterior),V0 interneuron,6.343423852962018,-0.049604393008831536,-2.355209221808496,0.004030230042977824,0.22,5971,2114
Cranial neural crest (anterior),V1 interneuron,6.160167656224734,-0.15165012463583297,-7.536645042919594,0.010551049725510332,0.0,5971,1795
Cranial neural crest (anterior),V2 interneuron,5.90981559562115,-0.22464923849344545,-7.604461262216809,0.00360927935974126,0.0,5971,842
Cranial neural crest (anterior),V3 interneuron,5.429817749597739,-0.320417256501839,-6.178511835277032,0.008909561961346105,0.0,5971,230
Cranial neural crest (anterior),Vagal neural crest,6.512927619452751,0.22952681695997867,14.833826964274621,0.00300709954664335,0.0,5971,4937
Cranial neural crest (anterior),Visceral motor neuron,5.739446443785835,-0.32845733948512884,-15.845562053009663,0.011536913979145339,0.0,5971,2062
Cranial neural crest (anterior),Yolk sac endothelial cell,5.3410742699197185,-0.2660877202002805,-3.17057170416367,0.014200344993472551,0.03,5971,112
Cranial neural crest (posterior),Cranial neural crest (posterior),9.499999999999828,-1.0066022089934753e-14,-0.00010063172449013335,6.605395313050606e-28,1.0,3552,3552
Cranial neural crest (posterior),Dermomyotome,6.38012023484742,-0.20629066880814761,-15.164696494853972,0.0021632027670663136,0.0,3552,47263
Cranial neural crest (posterior),Diencephalon,6.2510466151262065,-0.02014635232674718,-1.3458573762854389,0.0004079192619551837,0.92,3552,14353
Cranial neural crest (posterior),Dl1 interneuron,7.207036324129291,0.9811979550039819,37.88662211297324,0.014479334021981342,0.0,3552,1503
Cranial neural crest (posterior),Dl2-6 interneuron,7.140169046778279,0.7141831369312479,36.16501128552701,0.000902274199947394,0.0,3552,3790
Cranial neural crest (posterior),Dorsal root ganglion neuron,6.57187613187904,0.5299902325464304,18.633486668269665,0.022402737255802753,0.0,3552,1179
Cranial neural crest (posterior),Dorsal root ganglion progenitor,6.547607327913037,0.4825088161181288,15.435533632462873,0.03951416320397563,0.0,3552,921
Cranial neural crest (posterior),Endocardial cell,5.701004485586696,-0.3058977573781929,-13.668142301623751,0.0038640894702316477,0.0,3552,1558
Cranial neural crest (posterior),Endothelial cell,6.170293694653952,-0.2813262873509406,-18.407999537351014,0.007589928217632987,0.0,3552,9493
Cranial neural crest (posterior),Endothelial progenitor,6.156915214876634,-0.17675475236816704,-8.010768088617459,0.0015687064882170748,0.0,3552,1988
Cranial neural crest (posterior),Epibranchial placode,5.9953537500313026,0.09051491958185576,4.752067074250525,0.0018794885175657115,0.03,3552,3606
Cranial neural crest (posterior),Epibranchial sensory neuron,5.95308503522766,0.08562000177613822,3.567129230621758,0.002176308488597808,0.22,3552,1270
Cranial neural crest (posterior),Epicardium,5.7583740810276565,-0.2030067496616835,-8.911649938535128,0.0008280452936963788,0.0,3552,1288
Cranial neural crest (posterior),Epidermal progenitor (anterior),6.216632436057491,0.11659957739739557,7.282072650525869,0.0001412817392359821,0.0,3552,7561
Cranial neural crest (posterior),Epidermal progenitor (posterior),6.289289802280827,0.1949877002445731,14.148431756534494,0.0017747880736566125,0.0,3552,16776
Cranial neural crest (posterior),Extraembryonic mesoderm,5.7249371462498715,-0.2579709320959844,-16.166516734110548,0.01603027607179878,0.0,3552,5300
Cranial neural crest (posterior),Eye field,6.188714324455577,-0.028837066710496313,-1.4602745736398537,0.004691503687549791,0.42,3552,8896
Cranial neural crest (posterior),Facial branchiomotor neuron,5.533635650918828,-0.26835449555467833,-6.563338226757767,0.0028934177375604785,0.0,3552,521
Cranial neural crest (posterior),Floor plate (anterior),5.887813485309247,-0.29885921756885053,-17.960409742753487,0.005685643281725553,0.0,3552,8689
Cranial neural crest (posterior),Floor plate (posterior),5.902565429049804,-0.32273728975489274,-19.599664640299654,0.0018838745838760857,0.0,3552,8099
Cranial neural crest (posterior),Forelimb field,6.141434241164251,-0.10236826925951092,-8.178179640282771,0.011757082217384194,0.33,3552,25891
Cranial neural crest (posterior),Frontonasal mesenchyme,6.4958816579440075,0.24986499138349286,19.73141773735564,0.01732823949034867,0.0,3552,24672
Cranial neural crest (posterior),Head paraxial mesoderm,5.930434746612835,-0.286684996044053,-23.482086847262867,0.0014310633349645869,0.0,3552,32981
Cranial neural crest (posterior),Hematopoietic progenitor,5.23343019528255,-0.22546708475733723,-2.4944441130174657,0.0027705439034264546,0.06,3552,87
Cranial neural crest (posterior),Hemogenic endothelium,5.712882397811993,0.04034857440840304,0.487969006387548,0.0015324080650537064,0.91,3552,141
Cranial neural crest (posterior),Hepatoblast,5.356410876002545,-0.3298728830347821,-12.291772321368207,0.0016137059325898278,0.0,3552,1255
Cranial neural crest (posterior),Hindbrain (isthmic organizer),6.220610111736224,-0.02233899518643323,-1.314961818307247,0.018116131366704293,0.0,3552,3921
Cranial neural crest (posterior),Hindbrain (r1),6.542341859732216,0.16975164939119067,12.110993162174495,0.0013796636940736845,0.0,3552,16440
Cranial neural crest (posterior),Hindbrain (r2-r4),7.097119184953047,0.6270816714658011,46.13075513961945,0.0019198947488724529,0.0,3552,26863
Cranial neural crest (posterior),Hindbrain (r5-r8),7.0079258058287905,0.5128178101615859,35.117502372724566,0.0006387219124820433,0.0,3552,28972
Cranial neural crest (posterior),Hindgut,5.458564357863071,-0.296079331082737,-15.719797784424815,0.002279879079664441,0.0,3552,3029
Cranial neural crest (posterior),Hindlimb field,6.344637676412401,0.14638522649130645,8.628998652327788,0.008345440636824991,0.01,3552,6150
Cranial neural crest (posterior),Hypaxial myogenic progenitor,5.989281916964583,-0.2880706376375395,-16.478230368300256,0.0016388119953878767,0.0,3552,5322
Cranial neural crest (posterior),Hypothalamic neuron,5.800340431806583,-0.1461402037296704,-4.066669867670548,0.00375536075395447,0.07,3552,534
Cranial neural crest (posterior),Hypothalamus,5.8887024404001105,-0.23274776848820977,-15.59952311141057,0.0049684579163080805,0.0,3552,7652
Cranial neural crest (posterior),Inflow tract,5.8288133103088535,-0.22254334642110418,-11.77765224472958,0.0021732447625725368,0.0,3552,2494
Cranial neural crest (posterior),Intermediate mesoderm (nephrogenic),6.377742221878495,0.006998233448796576,0.23218200508175565,0.007573545103181627,0.0,3552,6458
Cranial neural crest (posterior),Intermediate mesoderm (posterior),6.310070109072473,0.0292595509374521,1.4864009234451323,0.006162479632771931,0.0,3552,4198
Cranial neural crest (posterior),Juxtacardiac field,5.708224787221233,-0.20265094924806112,-7.789365831379498,0.0008258979600277731,0.0,3552,1386
Cranial neural crest (posterior),Left ventricle,5.603495980736337,-0.3037406107376783,-11.934451594807816,0.0007783772291905368,0.0,3552,1174
Cranial neural crest (posterior),Lens placode,6.136798074780767,0.16033840715523015,8.302603824984267,0.008689040662095226,0.0,3552,2811
Cranial neural crest (posterior),Macrophage,5.269470899805584,-0.30830672391176367,-10.570387606668879,0.00680874906688971,0.0,3552,966
Cranial neural crest (posterior),Megakaryocyte,5.388555674105008,-0.30511520495888256,-7.503842568799523,0.0015480274758934594,0.0,3552,482
Cranial neural crest (posterior),Mesothelium,5.785971019949353,-0.1026805406417634,-2.38483214804473,0.0028659706018279293,0.15,3552,346
Cranial neural crest (posterior),Midbrain,6.381009326685917,0.04833176663916353,3.4372202461251624,0.005442947952821709,0.22,3552,21466
Cranial neural crest (posterior),Midbrain GABAergic neuron,5.424959811912583,-0.21638844306797309,-2.8458145998772886,0.0012434540433557317,0.06,3552,118
Cranial neural crest (posterior),Midbrain neuron,6.423645029043146,0.12566466495804138,6.522112018758603,0.0054740332427656285,0.0,3552,4345
Cranial neural crest (posterior),Midgut,5.395215793899074,-0.3615343022260274,-17.34267572403122,0.0014969817765061585,0.0,3552,1667
Cranial neural crest (posterior),Myotome,5.925319404767457,-0.3504632051977212,-15.326859014216994,0.001454982118852251,0.0,3552,2201
Cranial neural crest (posterior),Nascent somite,6.358388773115368,0.008003672658065971,0.4964454857584684,0.0023142493119511194,0.72,3552,6475
Cranial neural crest (posterior),Notochord,5.54989947723368,-0.283009386697211,-10.3008724830448,0.030250758587132734,0.0,3552,956
Cranial neural crest (posterior),Oculomotor neuron,5.342604005719483,-0.1679358946640098,-2.3247110777321325,0.001681661331479737,0.09,3552,122
Cranial neural crest (posterior),Olfactory placode,6.273174038945556,0.2179598335933711,13.500893053616592,0.00702011931247902,0.0,3552,5872
Cranial neural crest (posterior),Olfactory sensory neuron,6.012981422247077,0.1727269205109927,3.8459338665731635,0.0006078263492796498,0.02,3552,389
Cranial neural crest (posterior),Otic placode,6.221034663599453,0.2983551321595286,12.749729977542069,0.0038991534465107496,0.0,3552,2365
Cranial neural crest (posterior),Otic sensory neuron,6.064293427960351,0.2413201156270519,7.444594215330068,0.008022280632996748,0.0,3552,974
Cranial neural crest (posterior),Outflow tract,5.603591953744079,-0.24395401133952235,-8.177640680794347,0.0026742811038064436,0.0,3552,890
Cranial neural crest (posterior),Pancreatic-biliary progenitor,5.293808771867773,-0.403563078843888,-9.475409975714992,0.010666903225773178,0.0,3552,373
Cranial neural crest (posterior),Paraventricular hypothalamic neuron,5.432056692366291,-0.18723560214407708,-3.030574378604925,0.005386358232755134,0.03,3552,192
Cranial neural crest (posterior),Periocular mesoderm,5.436303114551091,-0.3036469366212611,-12.60070387631147,0.0017135014001967842,0.0,3552,1739
Cranial neural crest (posterior),Pharyngeal arch mesenchyme (p1-p2),6.90307370186412,0.6268636869308587,42.97895217075697,0.007315842729532363,0.0,3552,29887
Cranial neural crest (posterior),Pharyngeal arch mesenchyme (p3-p4),7.814509813155834,1.61835571425585,97.52475624121797,0.0014133814402092803,0.0,3552,9198
Cranial neural crest (posterior),Pharyngeal endoderm,5.575338028611379,-0.3242435879676557,-20.058124597120585,0.0029635254993262364,0.0,3552,5045
Cranial neural crest (posterior),Pharyngeal mesoderm,5.793425020009246,-0.3145386187121065,-23.34274457055,0.0170144181752783,0.0,3552,7691
Cranial neural crest (posterior),Presomitic mesoderm,6.397755235480898,0.03161217851038985,1.9718075863186444,0.0006689264279337115,0.89,3552,8521
Cranial neural crest (posterior),Primordial germ cell,4.658506309657461,-0.4157240261245163,-2.8608239147879586,0.008890311141900406,0.03,2282,25
Cranial neural crest (posterior),Respiratory progenitor,5.308191571552367,-0.4092066207502076,-15.096203607139847,0.0011325620912520694,0.0,3552,1209
Cranial neural crest (posterior),Right ventricle,5.508590747078604,-0.19678663915144146,-6.09601817564593,0.00719498308488636,0.01,3552,730
Cranial neural crest (posterior),Roof plate (anterior),7.243811463797711,0.9958805303226352,55.03430068677585,0.003047053763026783,0.0,3552,3787
Cranial neural crest (posterior),Roof plate (posterior),6.959128165678076,0.7035704775600878,30.823747508829673,0.0025634182236204534,0.0,3552,2248
Cranial neural crest (posterior),Sacral neural crest,6.447898531799564,0.32603816411728026,14.692145828842966,0.0011522162633051528,0.0,3552,2156
Cranial neural crest (posterior),Sclerotome,6.256019999022844,-0.30395910960658146,-22.88677220899906,0.000258566855850344,0.0,3552,74334
Cranial neural crest (posterior),Second heart field (anterior),5.620816213077435,-0.22692770341180837,-8.215337901561211,0.009019663815226895,0.0,3552,1040
Cranial neural crest (posterior),Somatic mesoderm (anterior),6.089630781130102,-0.229257659807485,-15.630279325666464,0.0041969535225435395,0.0,3552,14544
Cranial neural crest (posterior),Somatic mesoderm (posterior),6.440108658593355,0.010618207190197163,0.3456992839396847,0.01380692496872782,0.23,3552,48596
Cranial neural crest (posterior),Somatic mesoderm (tailbud),6.298076068782411,0.16416770677084033,7.479926425868091,0.004435675876852312,0.0,3552,3011
Cranial neural crest (posterior),Somatic motor neuron,6.122429330080403,-0.21507167450211817,-12.092399891279412,0.0019670478818653277,0.0,3552,6559
Cranial neural crest (posterior),Spinal cord (cervical),6.90244258877149,0.36256796638298433,25.357647845173023,0.00033591681605918205,0.0,3552,41051
Cranial neural crest (posterior),Spinal cord (lumbar),6.448450335088364,0.0516844219725708,3.5366513550443006,0.0032760194007471722,0.42,3552,12722
Cranial neural crest (posterior),Spinal cord (sacral),6.350631438728976,0.016583729235313704,1.0139171343125983,0.004688596661826466,0.0,3552,5351
Cranial neural crest (posterior),Spinal cord (thoracic),6.583282578950278,0.10813051518212606,7.486494794742043,0.0012835026402817015,0.0,3552,35061
Cranial neural crest (posterior),Spinal cord interneuron progenitor,6.157072836298283,-0.15195249899221727,-7.108682582469747,0.003208700064020074,0.0,3552,2196
Cranial neural crest (posterior),Splanchnic mesoderm (cardiopulmonary),5.904181797485596,-0.23961461045669896,-15.247168178033709,0.008100069976978264,0.0,3552,5768
Cranial neural crest (posterior),Splanchnic mesoderm (gastric),5.9220522274109015,-0.1922159788447709,-10.2784764223578,0.004682455651120822,0.0,3552,3373
Cranial neural crest (posterior),Splanchnic mesoderm (intestinal),6.34108524789113,-0.009329324297030261,-0.7375918000031705,0.015289672670073409,0.0,3552,9676
Cranial neural crest (posterior),Splanchnic mesoderm (septum transversum),5.895778438126989,-0.1673895533396316,-9.630530656300575,0.004339674820004985,0.0,3552,2825
Cranial neural crest (posterior),Subthalamic nucleus neuron,5.672937067380175,-0.269352762123348,-8.628241754346776,0.0036807902970551693,0.0,3552,802
Cranial neural crest (posterior),Surface ectoderm (posterior),5.550824802889721,-0.03466370310368087,-0.49268898792292065,0.00420794682014579,0.9,3552,133
Cranial neural crest (posterior),Telencephalon (dorsal),6.48106485580783,0.12653470108529005,9.367719815320196,0.007716655349386143,0.0,3552,31059
Cranial neural crest (posterior),Telencephalon (ventral),6.268083880643894,0.12189431752873088,6.631712576925831,0.015133557841132395,0.02,3552,3241
Cranial neural crest (posterior),Thyroid progenitor,5.3153330974526405,-0.3776897227991925,-12.409986364954548,0.005390422357665766,0.0,3552,850
Cranial neural crest (posterior),Trigeminal branchiomotor neuron,5.669962424417001,-0.2356450374992939,-7.807334394474258,0.012646222432940946,0.0,3552,872
Cranial neural crest (posterior),Trigeminal ganglion neuron,6.503543569902415,0.49466414245857376,19.578965326139542,9.46020906572916e-05,0.0,3552,1765
Cranial neural crest (posterior),Trigeminal placode,6.412351938263531,0.25781210840178836,14.583216896948167,0.0037477907291510746,0.0,3552,6546
Cranial neural crest (posterior),Trigeminal sensory neuron,6.239441453297597,0.18828148205503847,9.318110316172648,0.0038945037164781933,0.0,3552,3198
Cranial neural crest (posterior),Trochlear neuron,5.423583986294122,-0.23311726647575762,-3.4210840203021764,0.004365799154960494,0.01,3552,153
Cranial neural crest (posterior),Trunk neural crest,6.700551426274562,0.4679669339809056,28.404824920598546,0.007770119576063597,0.0,3552,6809
Cranial neural crest (posterior),V0 interneuron,6.4710808623269775,0.12011920683434803,5.367304249081278,0.0070209195119171905,0.22,3552,2114
Cranial neural crest (posterior),V1 interneuron,6.2299490624403875,-0.03861863323814033,-1.6662713737668382,0.0010412692977359197,0.9,3552,1795
Cranial neural crest (posterior),V2 interneuron,5.89835450406152,-0.1947572617685882,-5.897464987113833,0.004834274954876777,0.0,3552,842
Cranial neural crest (posterior),V3 interneuron,5.4124005021131625,-0.30543467349913644,-4.9558909644075335,0.015612790875585928,0.0,3552,230
Cranial neural crest (posterior),Vagal neural crest,7.135725353146934,0.8939218547367235,49.74541624563195,0.003996692935999793,0.0,3552,4937
Cranial neural crest (posterior),Visceral motor neuron,5.746311237029871,-0.2802261103581536,-11.111625630905712,0.010042874466979547,0.0,3552,2062
Cranial neural crest (posterior),Yolk sac endothelial cell,5.416212555064317,-0.15283827142911655,-1.382330197493232,0.028543797185956166,0.72,3552,112
Dermomyotome,Dermomyotome,9.500000000003249,-2.960594732333751e-15,-3.5523350659166667e-05,2.8188629679897487e-28,1.0,47263,47263
Dermomyotome,Diencephalon,6.313667641479107,-0.35293191884738234,-49.7814866146835,0.0022905366196499643,0.0,47263,14353
Dermomyotome,Dl1 interneuron,6.424027494528097,-0.19875187993675011,-10.245164484580977,0.001256393148030972,0.0,47263,1503
Dermomyotome,Dl2-6 interneuron,6.700798947418352,-0.1207881445073206,-10.178075858766567,0.0007252116489202931,0.0,47263,3790
Dermomyotome,Dorsal root ganglion neuron,6.363899609383162,-0.07644777670154952,-3.2520880865305752,0.004271525751647827,0.06,47263,1179
Dermomyotome,Dorsal root ganglion progenitor,6.419522002355824,-0.037471081181334576,-1.5627451560685781,0.006906904911260959,0.17,47263,921
Dermomyotome,Endocardial cell,6.053140378258021,-0.3501771180076198,-17.727915328582654,0.004018492216486005,0.0,47263,1558
Dermomyotome,Endothelial cell,6.8795468065049254,0.032380577154255796,3.579342010081948,0.001642873691076261,0.44,47263,9493
Dermomyotome,Endothelial progenitor,7.230239659055246,0.5035871612008543,29.09127292827141,0.0076295508867606264,0.0,47263,1988
Dermomyotome,Epibranchial placode,6.022963503807548,-0.27913795869778263,-21.267683284545793,0.0015846379314514093,0.0,47263,3606
Dermomyotome,Epibranchial sensory neuron,5.961010839149758,-0.30155890186435386,-13.60655077676489,0.0035424157378652838,0.0,47263,1270
Dermomyotome,Epicardium,5.9713263999555215,-0.3880251064734314,-18.269071613818113,0.0024401801774912016,0.0,47263,1288
Dermomyotome,Epidermal progenitor (anterior),6.121488230928986,-0.3745755523382354,-39.88174965199362,0.000496354336787055,0.0,47263,7561
Dermomyotome,Epidermal progenitor (posterior),6.215045808869582,-0.27498741743548855,-41.71192810605955,0.00018945928905523892,0.0,47263,16776
Dermomyotome,Extraembryonic mesoderm,5.881360932850061,-0.5008233571039863,-48.13781090655513,0.000991375592031187,0.0,47263,5300
Dermomyotome,Eye field,6.261162039837565,-0.3506422938451165,-38.43011625758024,0.0022433159676824833,0.0,47263,8896
Dermomyotome,Facial branchiomotor neuron,6.145752667105522,-0.05299406953585617,-1.7024124650920538,0.00022548701279511161,0.24,47263,521
Dermomyotome,Floor plate (anterior),6.394639668153862,-0.18655534119197004,-20.123944403893134,0.005423593205713905,0.0,47263,8689
Dermomyotome,Floor plate (posterior),6.859022223266727,0.2380705715695841,25.84304697382895,0.002558810719448652,0.0,47263,8099
Dermomyotome,Forelimb field,6.736954624695415,0.09831889474997801,16.517263789316008,0.003954077872159682,0.0,47263,25891
Dermomyotome,Frontonasal mesenchyme,6.3136943644814245,-0.32792655416715427,-57.03809593349215,0.0006414783475068261,0.0,47263,24672
Dermomyotome,Head paraxial mesoderm,6.545977371810099,-0.06517769560015167,-11.43729801364512,0.0011562821433112754,0.0,47263,32981
Dermomyotome,Hematopoietic progenitor,5.399873286095303,-0.4527517474438654,-5.521994635847371,0.0026200507369145472,0.0,47263,87
Dermomyotome,Hemogenic endothelium,5.8375477852892255,-0.2316164866552235,-3.3653348902962925,0.013959823209280155,0.13,47263,141
Dermomyotome,Hepatoblast,5.5838688288576135,-0.498602242573118,-20.4481310376643,0.00794148003828925,0.0,47263,1255
Dermomyotome,Hindbrain (isthmic organizer),6.352158193860142,-0.28718543828165305,-24.052615256430187,0.00035575317791968056,0.0,47263,3921
Dermomyotome,Hindbrain (r1),6.488568131992822,-0.2791558794397009,-40.66175774958297,0.0028847743801794575,0.0,47263,16440
Dermomyotome,Hindbrain (r2-r4),6.688183767354556,-0.17692480670502095,-31.4953992064722,0.001404537542276602,0.0,47263,26863
Dermomyotome,Hindbrain (r5-r8),6.815587348647468,-0.07509049446879452,-12.956861120181058,0.0005695760156217543,0.0,47263,28972
Dermomyotome,Hindgut,5.66300837344819,-0.4855884594344599,-32.77457312515906,0.004186182004086913,0.0,47263,3029
Dermomyotome,Hindlimb field,6.770985594857883,0.17360273723991249,15.596902386631522,0.002365116079004621,0.0,47263,6150
Dermomyotome,Hypaxial myogenic progenitor,7.586082864143315,0.9137843177895085,78.74831366285808,0.0020838907261614696,0.0,47263,5322
Dermomyotome,Hypothalamic neuron,6.037106455021991,-0.3059607296517732,-8.85439371537374,0.0021259810655850342,0.0,47263,534
Dermomyotome,Hypothalamus,6.2832267646045805,-0.23352109008014862,-24.836126085468596,0.0022671765850013842,0.0,47263,7652
Dermomyotome,Inflow tract,6.180232148787468,-0.2642246668000687,-15.718517795051957,0.0034867939314041857,0.0,47263,2494
Dermomyotome,Intermediate mesoderm (nephrogenic),7.526404538293124,0.759289423675165,75.12055907531247,0.002009992434689706,0.0,47263,6458
Dermomyotome,Intermediate mesoderm (posterior),7.252913859177216,0.577562950506261,48.20208170280616,0.0011375872242718153,0.0,47263,4198
Dermomyotome,Juxtacardiac field,6.009507865535233,-0.2974560789938024,-13.851921322035347,0.0012092672373174448,0.0,47263,1386
Dermomyotome,Left ventricle,5.851858671362287,-0.45180174587915073,-18.284599175345733,0.0004842587146674151,0.0,47263,1174
Dermomyotome,Lens placode,6.048315310991518,-0.32379483666334696,-21.289772285053417,0.009748655713593535,0.0,47263,2811
Dermomyotome,Macrophage,5.414702204131889,-0.5600507763260761,-21.75575026344231,0.0008026039145788892,0.0,47263,966
Dermomyotome,Megakaryocyte,5.512490965415256,-0.5768994814933324,-16.811692676706862,0.00027348184284243767,0.0,47263,482
Dermomyotome,Mesothelium,6.473306293284264,0.1957050648514921,4.82702246101917,0.004896654580685095,0.02,47263,346
Dermomyotome,Midbrain,6.419760580879796,-0.3090618394353646,-49.63251057988905,0.0010624257682489255,0.0,47263,21466
Dermomyotome,Midbrain GABAergic neuron,5.764534830184648,-0.28316625928888595,-3.478236400405797,0.013645790219651933,0.0,47263,118
Dermomyotome,Midbrain neuron,6.370701640879425,-0.32130873959996925,-26.256800880759826,0.00041021312469237035,0.0,47263,4345
Dermomyotome,Midgut,5.636791001367033,-0.5154757091601176,-27.532028876744764,0.00020916565926898395,0.0,47263,1667
Dermomyotome,Myotome,7.77964489980404,1.106301511242333,62.679190274325116,0.0031949771068979027,0.0,47263,2201
Dermomyotome,Nascent somite,7.629610829035083,0.8840695680532002,87.38595310395947,0.005528522184274685,0.0,47263,6475
Dermomyotome,Notochord,6.037684033341553,-0.1917549460415137,-8.431417748349633,0.009085336255449964,0.0,47263,956
Dermomyotome,Oculomotor neuron,5.804474347956453,-0.10561544946682903,-1.5804907820595726,0.01048763573626996,0.85,47263,122
Dermomyotome,Olfactory placode,6.129743326176217,-0.3209222414291603,-29.572190813075213,0.00388602696499962,0.0,47263,5872
Dermomyotome,Olfactory sensory neuron,5.942177671608931,-0.2961754087513467,-7.729337504537159,0.0039456671363541414,0.0,47263,389
Dermomyotome,Otic placode,5.994132754874035,-0.32356090077933075,-20.087580494408087,0.0005801015304060214,0.0,47263,2365
Dermomyotome,Otic sensory neuron,5.859993831952305,-0.3579788168020368,-13.945604818467359,0.014245772936500535,0.0,47263,974
Dermomyotome,Outflow tract,6.111130748787885,-0.13832863546485333,-5.302264708095851,0.00575671212917789,0.05,47263,890
Dermomyotome,Pancreatic-biliary progenitor,5.593114046373619,-0.5022018183815199,-13.223478693343274,0.005969799573152526,0.0,47263,373
Dermomyotome,Paraventricular hypothalamic neuron,5.834910437895185,-0.17877762324489113,-2.875738193902705,0.005256943117331589,0.01,47263,192
Dermomyotome,Periocular mesoderm,5.800091400419983,-0.3345513477155449,-16.518595237484913,0.0015058246325196179,0.0,47263,1739
Dermomyotome,Pharyngeal arch mesenchyme (p1-p2),6.353088248561082,-0.3188316717918826,-59.11930722173799,0.0005407051162949908,0.0,47263,29887
Dermomyotome,Pharyngeal arch mesenchyme (p3-p4),6.372174995149945,-0.21736517226615426,-26.00384392735485,0.0017452371402412914,0.0,47263,9198
Dermomyotome,Pharyngeal endoderm,5.851156041676639,-0.4464619713950653,-38.767903165511505,0.0013109705391365482,0.0,47263,5045
Dermomyotome,Pharyngeal mesoderm,6.350677731955283,-0.1516046158579488,-16.836252815157255,0.00794008691104358,0.0,47263,7691
Dermomyotome,Presomitic mesoderm,7.383088037038195,0.6212485358420977,71.55278687532409,0.0031612720904845956,0.0,47263,8521
Dermomyotome,Primordial germ cell,4.805658204255344,-0.6986100678490432,-5.444486316878433,0.02661811934126428,0.0,31737,25
Dermomyotome,Respiratory progenitor,5.632614687678228,-0.47911731134891306,-21.540911662664527,0.0009123259481343737,0.0,47263,1209
Dermomyotome,Right ventricle,5.888893873842204,-0.2131665204927078,-8.154502874393694,0.0051560299807628775,0.01,47263,730
Dermomyotome,Roof plate (anterior),6.391239117825999,-0.2517395323033626,-18.746113647299065,0.00254245208081899,0.0,47263,3787
Dermomyotome,Roof plate (posterior),6.636627284441917,-0.016266332328688904,-0.9958088079228394,0.00039070641967864887,0.91,47263,2248
Dermomyotome,Sacral neural crest,6.716486191572405,0.19879824342872046,12.093887751558261,0.002482389159422488,0.0,47263,2156
Dermomyotome,Sclerotome,8.166669424064166,1.2109725198299808,275.25646574567173,0.005955815976157688,0.0,47263,74334
Dermomyotome,Second heart field (anterior),6.0458333157008255,-0.1974990342105348,-8.542788296283058,0.00015352098248430993,0.0,47263,1040
Dermomyotome,Somatic mesoderm (anterior),6.65802448729863,-0.05628472335599414,-8.685242719513775,0.006907550653362458,0.0,47263,14544
Dermomyotome,Somatic mesoderm (posterior),7.004627202603828,0.1774262228344027,38.2813899391215,0.004857045778590734,0.0,47263,48596
Dermomyotome,Somatic mesoderm (tailbud),6.945598685530217,0.41591573953168864,29.742533872913736,0.023582092552347333,0.0,47263,3011
Dermomyotome,Somatic motor neuron,6.9426393893687965,0.21068609701369745,21.07216573331427,0.00047282667229154186,0.0,47263,6559
Dermomyotome,Spinal cord (cervical),6.974757891317009,0.03812861588811689,7.633514117728137,8.63326900731099e-06,0.0,47263,41051
Dermomyotome,Spinal cord (lumbar),7.26180803513643,0.4684442130829751,64.74217249897085,0.0012560051056601904,0.0,47263,12722
Dermomyotome,Spinal cord (sacral),7.24352828339691,0.5135252153072747,46.84214359086852,0.0011156150319654942,0.0,47263,5351
Dermomyotome,Spinal cord (thoracic),7.165120443099106,0.2956888817685499,55.3766447779499,0.0015051492176126474,0.0,47263,35061
Dermomyotome,Spinal cord interneuron progenitor,6.706896652912712,0.0009302323429990859,0.04823815878121004,0.0003497147928755989,0.98,47263,2196
Dermomyotome,Splanchnic mesoderm (cardiopulmonary),6.593483049386786,0.056479882942189676,4.945175975541539,0.005666508188871467,0.07,47263,5768
Dermomyotome,Splanchnic mesoderm (gastric),6.475371622069333,-0.03316884229819994,-2.58260749701933,0.002200156454547957,0.54,47263,3373
Dermomyotome,Splanchnic mesoderm (intestinal),6.841685987684909,0.09555069458000205,10.17799107382695,0.005866661303479452,0.06,47263,9676
Dermomyotome,Splanchnic mesoderm (septum transversum),6.178473097387901,-0.28188566897510076,-18.862283289046157,0.005171903825177979,0.0,47263,2825
Dermomyotome,Subthalamic nucleus neuron,6.1215064712434035,-0.21734118395404187,-8.133021339760203,0.008327816440291808,0.0,47263,802
Dermomyotome,Surface ectoderm (posterior),5.679951304819675,-0.302252489280803,-4.365533508209379,0.0059543731190609085,0.01,47263,133
Dermomyotome,Telencephalon (dorsal),6.395620008881736,-0.35419223515455683,-63.15852496433495,0.00027175153056618423,0.0,47263,31059
Dermomyotome,Telencephalon (ventral),6.216291724895065,-0.3233541877267463,-23.86438183602327,0.003485956725453334,0.0,47263,3241
Dermomyotome,Thyroid progenitor,5.568638265458554,-0.5184243679254296,-19.27923754972274,0.0032143922979624975,0.0,47263,850
Dermomyotome,Trigeminal branchiomotor neuron,6.189252593110278,-0.1179741540812153,-4.1031290810076015,0.004524819643081606,0.2,47263,872
Dermomyotome,Trigeminal ganglion neuron,6.134034587434434,-0.2716654045095046,-13.636794196178313,0.0012218766543532318,0.0,47263,1765
Dermomyotome,Trigeminal placode,6.190045890353896,-0.35980088772081853,-33.187564175820974,0.002906640187578204,0.0,47263,6546
Dermomyotome,Trigeminal sensory neuron,6.140289201329048,-0.30677722577325284,-21.786157189128975,0.0007340733737931619,0.0,47263,3198
Dermomyotome,Trochlear neuron,5.918126584069108,-0.129446839633886,-2.0476295965432,0.005848699831792838,0.37,47263,153
Dermomyotome,Trunk neural crest,6.673613653741267,0.04571772697494877,4.657064889489945,0.0003622915915781683,0.01,47263,6809
Dermomyotome,V0 interneuron,6.679187268285524,-0.06980712966784441,-4.406149570979909,0.0012263644823080446,0.13,47263,2114
Dermomyotome,V1 interneuron,6.68692620856573,0.021066586328440867,1.1802748120633646,0.0016214744687756545,0.34,47263,1795
Dermomyotome,V2 interneuron,6.432673371401386,-0.06044895989550595,-2.410849629172048,0.004203017183986527,0.88,47263,842
Dermomyotome,V3 interneuron,6.344720127121543,0.2393241450031723,4.3230377619370595,0.0018267416740358148,0.0,47263,230
Dermomyotome,Vagal neural crest,6.550217905754359,-0.0884664761136514,-7.863755189472161,0.00037769164339219205,0.0,47263,4937
Dermomyotome,Visceral motor neuron,6.47920200526231,0.05522837488663749,2.6734538859906394,0.0037129837085499,0.29,47263,2062
Dermomyotome,Yolk sac endothelial cell,5.87863250046583,-0.08341118441715167,-0.8088886617451053,0.0136908572964627,0.37,47263,112
Diencephalon,Diencephalon,9.500000000001174,-5.921189464667501e-16,-5.9261312465078496e-06,3.797050490463804e-28,1.0,14353,14353
Diencephalon,Dl1 interneuron,6.325167415075274,0.01825223369345282,0.4673112352268623,0.009067097375619079,0.01,14353,1503
Diencephalon,Dl2-6 interneuron,6.65713270889421,0.1522262373032639,10.349117010130945,0.004281327897908055,0.0,14353,3790
Diencephalon,Dorsal root ganglion neuron,5.963120387387704,-0.16345763784520648,-6.344292887088858,0.0036785124280381792,0.0,14353,1179
Diencephalon,Dorsal root ganglion progenitor,5.98165729635588,-0.16564910735406535,-6.67654616417133,0.004464354030507235,0.0,14353,921
Diencephalon,Endocardial cell,5.731571283624195,-0.3543164889565009,-17.21397514777805,0.00023472579092929848,0.0,14353,1558
Diencephalon,Endothelial cell,6.069494762997723,-0.4623504750225642,-45.448318510468674,0.00047052652130004,0.0,14353,9493
Diencephalon,Endothelial progenitor,6.078289358992059,-0.334146373893919,-18.35129976291446,0.00227155115330273,0.0,14353,1988
Diencephalon,Epibranchial placode,5.766549569302545,-0.21956992869562283,-14.642910123174552,0.002529683593567523,0.0,14353,3606
Diencephalon,Epibranchial sensory neuron,5.734434700064289,-0.21112593684353254,-8.565681453019772,0.005882026011489865,0.0,14353,1270
Diencephalon,Epicardium,5.6756990095162365,-0.36632341715980754,-17.15652130453545,0.0011818060696110171,0.0,14353,1288
Diencephalon,Epidermal progenitor (anterior),5.892070796632656,-0.28874830338225294,-25.5660234248471,0.005732441581817779,0.0,14353,7561
Diencephalon,Epidermal progenitor (posterior),5.824651431170572,-0.34992980410160107,-39.90772867771316,0.003340770603616283,0.0,14353,16776
Diencephalon,Extraembryonic mesoderm,5.669032801169472,-0.39767408162833284,-32.94046894229133,0.0010530577744703952,0.0,14353,5300
Diencephalon,Eye field,7.381583887454215,1.0851402896333548,102.68029118987289,0.011531219185074444,0.0,14353,8896
Diencephalon,Facial branchiomotor neuron,6.133517206243876,0.2473075172552628,6.7286164880429995,0.0019752792543424103,0.0,14353,521
Diencephalon,Floor plate (anterior),7.155614510208648,0.8891221030749623,79.68767914029029,0.007530246267426627,0.0,14353,8689
Diencephalon,Floor plate (posterior),6.362740165326884,0.05743398559695804,7.365299468091345,0.02034311754009688,0.32,14353,8099
Diencephalon,Forelimb field,6.006311847895678,-0.315765019091244,-38.890618620155486,0.003453226293732403,0.0,14353,25891
Diencephalon,Frontonasal mesenchyme,6.617272126898716,0.29129958717074683,38.30981126408139,0.0023214512352754246,0.0,14353,24672
Diencephalon,Head paraxial mesoderm,5.9580484223623,-0.33788078608298555,-49.53787584515087,0.0004977992437862707,0.0,14353,32981
Diencephalon,Hematopoietic progenitor,5.180247537753888,-0.35273910761564764,-4.204821353868888,0.004021929555986115,0.0,14353,87
Diencephalon,Hemogenic endothelium,5.452716125455602,-0.29870344992503856,-4.414111354187528,0.0015014309729855227,0.0,14353,141
Diencephalon,Hepatoblast,5.451663947028486,-0.31533438872378233,-11.99437367262844,0.01818659327881274,0.0,14353,1255
Diencephalon,Hindbrain (isthmic organizer),7.0528557497706155,0.72992900648293,52.300002174294264,0.001367554690206449,0.0,14353,3921
Diencephalon,Hindbrain (r1),7.117252151347365,0.6663178243161682,71.69707542199292,0.002169633292583262,0.0,14353,16440
Diencephalon,Hindbrain (r2-r4),6.907699434216117,0.35781151628169844,45.47642388202297,0.0031855111790237128,0.0,14353,26863
Diencephalon,Hindbrain (r5-r8),6.760320935099688,0.18523936202309668,24.217122847118386,0.003335997043552937,0.0,14353,28972
Diencephalon,Hindgut,5.499974784811517,-0.33268774320439337,-21.4666341000588,0.0037982083305195162,0.0,14353,3029
Diencephalon,Hindlimb field,5.9758889500950225,-0.3042414583325976,-25.787495903601183,0.005534381791486847,0.0,14353,6150
Diencephalon,Hypaxial myogenic progenitor,6.071477899263132,-0.2853825617789057,-21.429666789885584,0.0004880092096623264,0.0,14353,5322
Diencephalon,Hypothalamic neuron,6.936837874453139,0.9103777308859279,24.95237246504584,0.006452319134324316,0.0,14353,534
Diencephalon,Hypothalamus,7.240143544329103,1.03940440147566,99.84773085839178,0.003369748729575162,0.0,14353,7652
Diencephalon,Inflow tract,5.788709377146575,-0.339861431937063,-19.47317953052318,0.007068951372768284,0.0,14353,2494
Diencephalon,Intermediate mesoderm (nephrogenic),6.163148201156182,-0.2871098157370365,-24.543013680901286,0.008004646000882637,0.0,14353,6458
Diencephalon,Intermediate mesoderm (posterior),6.057315388209325,-0.3035554420530702,-23.417806517161523,0.012872217347394374,0.0,14353,4198
Diencephalon,Juxtacardiac field,5.666898128556017,-0.3257886120487384,-13.870148989287012,0.007607017646275876,0.0,14353,1386
Diencephalon,Left ventricle,5.646826746478166,-0.3405129968602969,-14.944826147705498,0.0012352459789463231,0.0,14353,1174
Diencephalon,Lens placode,5.809405655751466,-0.2460561272000407,-15.301911658561833,0.015678262580771467,0.0,14353,2811
Diencephalon,Macrophage,5.259696506633563,-0.3967997749007888,-15.422674075322716,0.005657288605734477,0.0,14353,966
Diencephalon,Megakaryocyte,5.37071643381715,-0.40234743675233425,-11.01639300694733,0.011216817030237287,0.0,14353,482
Diencephalon,Mesothelium,5.710536007002773,-0.2509508353401075,-6.142956554125345,0.004581999119670067,0.0,14353,346
Diencephalon,Midbrain,7.4899251169222865,1.0765671828799899,131.15717413743866,0.0057230502133396675,0.0,14353,21466
Diencephalon,Midbrain GABAergic neuron,6.477662341075344,0.7500607122751649,10.047510627619257,0.04072712962312487,0.0,14353,118
Diencephalon,Midbrain neuron,7.744491864751474,1.3668533934414848,99.77356314421036,0.00906141879903479,0.0,14353,4345
Diencephalon,Midgut,5.461891610231561,-0.3724825060117813,-19.0486528058242,0.018318290139006755,0.0,14353,1667
Diencephalon,Myotome,6.095252867489681,-0.26241876147214516,-15.505189224565967,0.0009383005955261904,0.0,14353,2201
Diencephalon,Nascent somite,6.218399426161149,-0.21100258604521738,-17.85452452873902,0.001419128506208468,0.0,14353,6475
Diencephalon,Notochord,5.64540090729781,-0.26733815823847856,-10.004666066840343,0.0021166883779377035,0.0,14353,956
Diencephalon,Oculomotor neuron,5.961603463713099,0.36670086629654514,5.135532590694244,0.00037316488602128677,0.0,14353,122
Diencephalon,Olfactory placode,6.027689701140048,-0.10751062481982832,-8.825094367736035,0.0018217829727133284,0.0,14353,5872
Diencephalon,Olfactory sensory neuron,5.761945732624461,-0.15990742679571449,-4.216616565832297,0.0021467206260714676,0.0,14353,389
Diencephalon,Otic placode,5.733766356800679,-0.26857922451124266,-16.241798080424605,0.006532466597776458,0.0,14353,2365
Diencephalon,Otic sensory neuron,5.613132280467369,-0.28921496956018683,-10.449212986871784,0.010115991563927564,0.0,14353,974
Diencephalon,Outflow tract,5.572401023702682,-0.3567749475347857,-14.111648924629316,0.0008614497779413514,0.0,14353,890
Diencephalon,Pancreatic-biliary progenitor,5.387025943942496,-0.3876638149035922,-8.838050134172766,0.02450936439111967,0.0,14353,373
Diencephalon,Paraventricular hypothalamic neuron,6.520659771009346,0.8254324933386675,15.04025241635401,0.016997182725582646,0.0,14353,192
Diencephalon,Periocular mesoderm,5.507466368474989,-0.30874096630799236,-17.141847124800385,0.022282314643101722,0.0,14353,1739
Diencephalon,Pharyngeal arch mesenchyme (p1-p2),6.395087477214212,0.03912088738937314,5.827586951814766,0.0018201242216703032,0.41,14353,29887
Diencephalon,Pharyngeal arch mesenchyme (p3-p4),6.170185542155092,-0.10445462886449668,-8.915729740915127,0.0005851190122567827,0.0,14353,9198
Diencephalon,Pharyngeal endoderm,5.629037563136646,-0.3530634604613902,-27.584873572507394,0.00949107426228442,0.0,14353,5045
Diencephalon,Pharyngeal mesoderm,5.816726756726677,-0.3700444185934722,-35.440752693546735,0.005992230195318639,0.0,14353,7691
Diencephalon,Presomitic mesoderm,6.232806104314442,-0.21340968298990948,-20.184174729247445,0.0008084042267648909,0.0,14353,8521
Diencephalon,Primordial germ cell,4.608214833110383,-0.5725112707356068,-4.626062932695737,0.006611351204865241,0.01,11282,25
Diencephalon,Respiratory progenitor,5.412442548565988,-0.3829820123212393,-17.13891145644609,0.021737704055582723,0.0,14353,1209
Diencephalon,Right ventricle,5.444586020850562,-0.3389267443285299,-10.223817148643603,0.00014039687757895405,0.0,14353,730
Diencephalon,Roof plate (anterior),6.475320991097649,0.1478838184248632,10.372825816771657,0.0005569040856961955,0.0,14353,3787
Diencephalon,Roof plate (posterior),6.196476569055892,-0.14143171940382201,-7.907712210928426,0.00011374868412275035,0.0,14353,2248
Diencephalon,Sacral neural crest,5.967120800342329,-0.23576509315598818,-13.097087024605848,0.006452130240808871,0.0,14353,2156
Diencephalon,Sclerotome,6.281270680173293,-0.358904698753079,-49.90579281917561,0.0019645968975287157,0.0,14353,74334
Diencephalon,Second heart field (anterior),5.622643713874659,-0.3040932159363088,-11.104190195654729,0.01175968160504366,0.0,14353,1040
Diencephalon,Somatic mesoderm (anterior),6.01052230131479,-0.38853623897655937,-41.67687060833143,0.00042882094566825855,0.0,14353,14544
Diencephalon,Somatic mesoderm (posterior),6.1139170548226005,-0.39725533050064527,-54.078062999831864,0.00474046171313435,0.0,14353,48596
Diencephalon,Somatic mesoderm (tailbud),5.898970721093604,-0.3157287383512883,-19.220096984671077,0.0017034012050732399,0.0,14353,3011
Diencephalon,Somatic motor neuron,6.505322409172675,0.08993070871591839,7.64825986574125,0.010649398404722787,0.08,14353,6559
Diencephalon,Spinal cord (cervical),6.672986995084067,0.05245009728937718,8.068243451697464,0.00719353812240159,0.0,14353,41051
Diencephalon,Spinal cord (lumbar),6.317161407452528,-0.16022193841044027,-16.315168751484965,0.0003722593309540177,0.0,14353,12722
Diencephalon,Spinal cord (sacral),6.227854913551629,-0.18619976975175678,-14.55746196600496,0.0008551011497954575,0.0,14353,5351
Diencephalon,Spinal cord (thoracic),6.477321666308921,-0.07545313675123004,-9.82901164304078,0.0021544909100557415,0.0,14353,35061
Diencephalon,Spinal cord interneuron progenitor,6.7054247405044665,0.31429123373969475,17.992134886788563,0.0031969869131567674,0.0,14353,2196
Diencephalon,Splanchnic mesoderm (cardiopulmonary),5.876596972896942,-0.34500178585874036,-29.90572213156699,0.0011205397688156351,0.0,14353,5768
Diencephalon,Splanchnic mesoderm (gastric),5.859626038381886,-0.33189808133975224,-22.902880576218156,0.006551418606577779,0.0,14353,3373
Diencephalon,Splanchnic mesoderm (intestinal),6.047401494002553,-0.3841242929982093,-37.28891111663099,0.010060402027294206,0.0,14353,9676
Diencephalon,Splanchnic mesoderm (septum transversum),5.81081394443941,-0.33268039790283943,-21.246889091290416,0.0001922919925176342,0.0,14353,2825
Diencephalon,Subthalamic nucleus neuron,6.9488827263176995,0.9246378541864345,31.581019054817176,0.0093264461641764,0.0,14353,802
Diencephalon,Surface ectoderm (posterior),5.388512285208383,-0.27417252700754374,-3.9211801082711006,0.004993166580616359,0.0,14353,133
Diencephalon,Telencephalon (dorsal),7.667271242147425,1.23237489445379,156.15292942866435,0.0031692398386360928,0.0,14353,31059
Diencephalon,Telencephalon (ventral),6.886637355918288,0.6627375029867052,41.52289617183086,0.005016883821473491,0.0,14353,3241
Diencephalon,Thyroid progenitor,5.376796867452959,-0.3928040597093109,-13.66225444698849,0.022523332574785226,0.0,14353,850
Diencephalon,Trigeminal branchiomotor neuron,6.279458077018696,0.28945635595958397,11.128744480939352,0.004376589266271566,0.0,14353,872
Diencephalon,Trigeminal ganglion neuron,6.026493716620153,-0.06142777095796189,-2.7487948750359883,0.008411526907679668,0.22,14353,1765
Diencephalon,Trigeminal placode,6.022587465326205,-0.21181227321441773,-18.820065225745868,0.0023502111786025317,0.0,14353,6546
Diencephalon,Trigeminal sensory neuron,5.919719661403614,-0.2108136481904621,-13.950273652489628,0.005196644554283442,0.0,14353,3198
Diencephalon,Trochlear neuron,6.256890902153281,0.5179042573411122,8.625465420498085,0.0613322766282344,0.01,14353,153
Diencephalon,Trunk neural crest,6.097422683768783,-0.21504922060269896,-18.700748045397408,0.0015267903264140237,0.0,14353,6809
Diencephalon,V0 interneuron,6.712728281428755,0.28059436596191806,15.52392484168711,0.005178029525275049,0.0,14353,2114
Diencephalon,V1 interneuron,6.535357234634475,0.1849479281144696,9.163073990759775,0.0043205072508307905,0.0,14353,1795
Diencephalon,V2 interneuron,6.479260470944065,0.30487025199588835,10.538760917480369,0.005176535023734737,0.0,14353,842
Diencephalon,V3 interneuron,5.831638475779678,0.036713484317896374,0.8520683374039745,0.023593501456644576,0.74,14353,230
Diencephalon,Vagal neural crest,6.15314004420544,-0.17003522525315695,-13.498255237012472,0.0004030330806359616,0.0,14353,4937
Diencephalon,Visceral motor neuron,6.271634053207474,0.1637618987440037,9.47795998849727,0.0139553130606017,0.02,14353,2062
Diencephalon,Yolk sac endothelial cell,5.281381980215844,-0.3586207554307066,-4.582267396917742,0.0047866014865005115,0.0,14353,112
Dl1 interneuron,Dl1 interneuron,9.50000000001803,-6.5133084111342514e-15,-4.736278506073333e-05,6.005861025082637e-28,1.0,1503,1503
Dl1 interneuron,Dl2-6 interneuron,7.247637097394148,0.7833415604715697,31.90769316136554,0.005308058598678565,0.0,1503,3790
Dl1 interneuron,Dorsal root ganglion neuron,6.519684270764306,0.4379078818114796,13.758418669866197,0.0036942703862563623,0.0,1503,1179
Dl1 interneuron,Dorsal root ganglion progenitor,6.571984466778581,0.4698768327659497,15.172409825607849,0.0006703717185203503,0.0,1503,921
Dl1 interneuron,Endocardial cell,5.737947934964118,-0.3019179431879347,-11.54219426535502,0.013786393577596184,0.0,1503,1558
Dl1 interneuron,Endothelial cell,6.192071519376685,-0.2941197474299792,-13.969902918086978,0.0024569109353779544,0.0,1503,9493
Dl1 interneuron,Endothelial progenitor,6.2231766624605624,-0.14193269969080427,-5.4452240213348695,0.0005279042014078595,0.0,1503,1988
Dl1 interneuron,Epibranchial placode,6.019713238560861,0.08177727977133979,3.3731596091967204,0.004123665600136635,0.29,1503,3606
Dl1 interneuron,Epibranchial sensory neuron,5.980555512138132,0.07777472375127086,2.89668414196449,0.011415749294739413,0.43,1503,1270
Dl1 interneuron,Epicardium,5.778863025144794,-0.2144193436332428,-7.03991189959729,0.011035332671623248,0.0,1503,1288
Dl1 interneuron,Epidermal progenitor (anterior),6.230564801605646,0.09708335176820437,4.8111731189112765,0.0020325181589341645,0.01,1503,7561
Dl1 interneuron,Epidermal progenitor (posterior),6.235258892289502,0.1077783814790152,5.431630355545299,0.0020570111989317553,0.02,1503,16776
Dl1 interneuron,Extraembryonic mesoderm,5.689523533671582,-0.3308086176752611,-18.855243974207223,0.013456238846838699,0.0,1503,5300
Dl1 interneuron,Eye field,6.258863800548006,0.008298551644394673,0.3694986803540514,0.0003811394372832535,0.96,1503,8896
Dl1 interneuron,Facial branchiomotor neuron,5.555418834126488,-0.28128400749430177,-6.693268417065771,0.012621669312884167,0.0,1503,521
Dl1 interneuron,Floor plate (anterior),5.92887656808739,-0.2896454334868836,-13.351440886608394,0.004126727638327818,0.0,1503,8689
Dl1 interneuron,Floor plate (posterior),5.921312195038344,-0.33777298422729807,-13.924893439853752,0.0020767670710676064,0.0,1503,8099
Dl1 interneuron,Forelimb field,6.142953634393372,-0.13270479868013338,-7.21701550573193,0.004253307094198001,0.01,1503,25891
Dl1 interneuron,Frontonasal mesenchyme,6.627154100433899,0.34564126657783084,18.003639117980512,0.02370689625322965,0.0,1503,24672
Dl1 interneuron,Head paraxial mesoderm,5.987641778525908,-0.26179535857254727,-14.72997570725583,0.0028567322952436883,0.0,1503,32981
Dl1 interneuron,Hematopoietic progenitor,5.242333902443252,-0.24811476281528785,-2.9191165530703054,0.0008442064081067541,0.02,1503,87
Dl1 interneuron,Hemogenic endothelium,5.7197339702137855,0.016891216518810204,0.24332452202102925,0.00038237296595207795,0.97,1503,141
Dl1 interneuron,Hepatoblast,5.2894531420229,-0.4300460359166059,-12.992763400472967,0.004889577319532403,0.0,1503,1255
Dl1 interneuron,Hindbrain (isthmic organizer),6.420234302061266,0.14064089076083638,6.50457961787905,0.01677461847281482,0.09,1503,3921
Dl1 interneuron,Hindbrain (r1),6.894725108708258,0.48895073225925795,23.984792336283295,0.017968667159879256,0.0,1503,16440
Dl1 interneuron,Hindbrain (r2-r4),7.335381386481679,0.8306007297949994,39.52964155292568,0.006142160900112714,0.0,1503,26863
Dl1 interneuron,Hindbrain (r5-r8),7.079338510231295,0.5505112695242893,27.88366970884303,0.018202927571616612,0.0,1503,28972
Dl1 interneuron,Hindgut,5.439607896253642,-0.34835617389817014,-15.385563355746738,0.00694462670584654,0.0,1503,3029
Dl1 interneuron,Hindlimb field,6.3381257678377025,0.10410728978134258,4.217970088270297,0.010196543183902843,0.71,1503,6150
Dl1 interneuron,Hypaxial myogenic progenitor,6.043163776918907,-0.2706621300738699,-12.65313534819847,0.0009038676172153218,0.0,1503,5322
Dl1 interneuron,Hypothalamic neuron,5.858302450525191,-0.12823922748114244,-3.119444233739403,0.002278180222297674,0.07,1503,534
Dl1 interneuron,Hypothalamus,5.930911258964869,-0.22518372857134641,-9.881053074301455,0.000740201389073103,0.0,1503,7652
Dl1 interneuron,Inflow tract,5.862360597913038,-0.22378013087606044,-9.496209034129953,0.009375914883275084,0.0,1503,2494
Dl1 interneuron,Intermediate mesoderm (nephrogenic),6.424558839693284,0.017844500617459087,0.6869307921183282,0.0029023010285148696,0.9,1503,6458
Dl1 interneuron,Intermediate mesoderm (posterior),6.323066101424394,0.00895816020862957,0.1937732299463828,0.0025661528781992615,0.21,1503,4198
Dl1 interneuron,Juxtacardiac field,5.685847886962535,-0.2590393924879904,-8.990651497132431,0.00541043555798567,0.0,1503,1386
Dl1 interneuron,Left ventricle,5.6360533180948,-0.30327019592631466,-10.694968215953592,0.007276668440709955,0.0,1503,1174
Dl1 interneuron,Lens placode,6.171167235333766,0.15883193108285928,6.903211057592358,0.004520296428201156,0.0,1503,2811
Dl1 interneuron,Macrophage,5.29178020770704,-0.316439446810928,-10.032854074332889,0.0007625702631005279,0.0,1503,966
Dl1 interneuron,Megakaryocyte,5.418026047924832,-0.3105409153394468,-7.9891056495619255,0.001435483519366741,0.0,1503,482
Dl1 interneuron,Mesothelium,5.823713579951222,-0.09637044991780197,-1.9045434160901322,0.011039446958144471,0.88,1503,346
Dl1 interneuron,Midbrain,6.4803287235940985,0.11412853090809556,5.615993868404821,0.00481821235114221,0.0,1503,21466
Dl1 interneuron,Midbrain GABAergic neuron,5.398429220660407,-0.2776078217578582,-3.443255304554473,0.005316820795169428,0.0,1503,118
Dl1 interneuron,Midbrain neuron,6.522739930294534,0.19036719899439714,8.338847829296908,0.011026302648578313,0.0,1503,4345
Dl1 interneuron,Midgut,5.385321404182473,-0.4054046031011043,-16.995035900940042,0.004566567217623179,0.0,1503,1667
Dl1 interneuron,Myotome,5.953299941840638,-0.35796565104535993,-12.928993606249838,0.005393552475866513,0.0,1503,2201
Dl1 interneuron,Nascent somite,6.409617657834936,0.025379813429421343,1.215123101108752,0.0036899530869443226,0.14,1503,6475
Dl1 interneuron,Notochord,5.481448323675347,-0.3853642903207521,-12.263182563510204,0.03177371441175533,0.0,1503,956
Dl1 interneuron,Oculomotor neuron,5.398204208521931,-0.16447163401157106,-2.0704556458417556,0.0007078448379004459,0.1,1503,122
Dl1 interneuron,Olfactory placode,6.305208369712901,0.21538098411061343,8.68880545855294,0.0038369143586216656,0.0,1503,5872
Dl1 interneuron,Olfactory sensory neuron,6.025806533341361,0.14757407313987012,3.077466073971989,0.013572348202044294,0.75,1503,389
Dl1 interneuron,Otic placode,6.218212247221676,0.26293343271742575,9.35254142819027,0.0030162272062716753,0.0,1503,2365
Dl1 interneuron,Otic sensory neuron,6.031889218730893,0.1756623104720824,5.426694452533993,0.01843680316167284,0.29,1503,974
Dl1 interneuron,Outflow tract,5.633183889191951,-0.2554132823983138,-6.816022382992713,0.006353544061737337,0.0,1503,890
Dl1 interneuron,Pancreatic-biliary progenitor,5.27764405522266,-0.4579215901558384,-10.044768926772788,0.015224491014567902,0.0,1503,373
Dl1 interneuron,Paraventricular hypothalamic neuron,5.450422452828152,-0.19686447960175593,-2.9263775141929957,0.0017604736176463976,0.02,1503,192
Dl1 interneuron,Periocular mesoderm,5.462058533593624,-0.3081690297845429,-11.084145490565298,0.00048115873682171527,0.0,1503,1739
Dl1 interneuron,Pharyngeal arch mesenchyme (p1-p2),6.902812889387955,0.5921693769317056,30.378444157654524,0.010270427466486591,0.0,1503,29887
Dl1 interneuron,Pharyngeal arch mesenchyme (p3-p4),7.202540828145627,0.9751828724103353,43.96812322264213,0.006204084629089435,0.0,1503,9198
Dl1 interneuron,Pharyngeal endoderm,5.5561161585702985,-0.3794338156264609,-17.96760249117817,0.004324644953115803,0.0,1503,5045
Dl1 interneuron,Pharyngeal mesoderm,5.809459093319231,-0.3312243220888546,-18.776981509715682,0.023047077552388225,0.0,1503,7691
Dl1 interneuron,Presomitic mesoderm,6.460632283016477,0.0605925812164673,2.905074237373126,0.004028180136970332,0.74,1503,8521
Dl1 interneuron,Primordial germ cell,4.711520414807072,-0.4200766825761981,-2.9076892663283305,0.0008682005953148169,0.01,1006,25
Dl1 interneuron,Respiratory progenitor,5.271377447913589,-0.47960612266213687,-15.053459383903537,0.0024878754036082775,0.0,1503,1209
Dl1 interneuron,Right ventricle,5.511607324791395,-0.22680289290218494,-6.583508111686844,0.010726753357677416,0.0,1503,730
Dl1 interneuron,Roof plate (anterior),7.639768570193753,1.3566732806474786,50.80530762463085,0.016904776411741946,0.0,1503,3787
Dl1 interneuron,Roof plate (posterior),6.946267056274979,0.6551590596738643,22.5493749560094,0.011797083662955152,0.0,1503,2248
Dl1 interneuron,Sacral neural crest,6.514355191795,0.3558829036145464,12.597652014036989,0.008141365102863028,0.0,1503,2156
Dl1 interneuron,Sclerotome,6.264643038522839,-0.32875154171590165,-17.157717213949777,0.0001396242763094893,0.0,1503,74334
Dl1 interneuron,Second heart field (anterior),5.654020800793334,-0.23093067798365516,-7.561242186177144,0.005831875293629327,0.0,1503,1040
Dl1 interneuron,Somatic mesoderm (anterior),6.125019305570927,-0.23030692028253963,-11.055539746507414,0.002776874552341654,0.0,1503,14544
Dl1 interneuron,Somatic mesoderm (posterior),6.451969671893632,-0.014089243502604987,-0.7596639081816381,0.004265858188838214,0.63,1503,48596
Dl1 interneuron,Somatic mesoderm (tailbud),6.353510182100211,0.18388936750837695,6.831514359507666,0.0037708450701693422,0.0,1503,3011
Dl1 interneuron,Somatic motor neuron,6.178624776336593,-0.1918588723920228,-7.714260273945328,0.002834175898997099,0.0,1503,6559
Dl1 interneuron,Spinal cord (cervical),6.974201109961022,0.39772693406128984,19.93225239694667,0.010266280535423968,0.0,1503,41051
Dl1 interneuron,Spinal cord (lumbar),6.500804894697482,0.06815520306925649,3.2190700608073186,0.007432495409186534,0.19,1503,12722
Dl1 interneuron,Spinal cord (sacral),6.411557449452512,0.03988273884900669,1.672175128665705,0.004203974876248563,0.25,1503,5351
Dl1 interneuron,Spinal cord (thoracic),6.659229914321375,0.1523850403246708,7.636005505265825,0.0037209847569709825,0.0,1503,35061
Dl1 interneuron,Spinal cord interneuron progenitor,6.224938703546639,-0.12126817159395949,-4.742417790629859,0.015927072273155735,0.21,1503,2196
Dl1 interneuron,Splanchnic mesoderm (cardiopulmonary),5.919373379369762,-0.2555699996100624,-12.882914670450822,0.012320652259634086,0.0,1503,5768
Dl1 interneuron,Splanchnic mesoderm (gastric),5.9695378172458655,-0.17952305148832912,-6.962890498097853,0.004571535068125819,0.0,1503,3373
Dl1 interneuron,Splanchnic mesoderm (intestinal),6.354119485527018,-0.03141045310166154,-1.5571525336338523,0.0021346038583664323,0.94,1503,9676
Dl1 interneuron,Splanchnic mesoderm (septum transversum),5.900590560913844,-0.1995354555917078,-9.163141664087346,0.020582458722253266,0.0,1503,2825
Dl1 interneuron,Subthalamic nucleus neuron,5.706958813666909,-0.27057554017684043,-7.7745013113827,0.004857860882392271,0.0,1503,802
Dl1 interneuron,Surface ectoderm (posterior),5.581254820955539,-0.04283581598222982,-0.5043062436114224,0.002266318889923048,0.94,1503,133
Dl1 interneuron,Telencephalon (dorsal),6.563142757875688,0.1747852244124045,8.427488631893874,0.00944181092850389,0.0,1503,31059
Dl1 interneuron,Telencephalon (ventral),6.334329434120531,0.15364883274505173,6.469543801312933,0.011581010568808841,0.06,1503,3241
Dl1 interneuron,Thyroid progenitor,5.277811404854877,-0.44474700114291316,-13.184859138349244,0.010253908146839654,0.0,1503,850
Dl1 interneuron,Trigeminal branchiomotor neuron,5.669377294584742,-0.27570323947133496,-8.223405375004011,0.01100598177761356,0.0,1503,872
Dl1 interneuron,Trigeminal ganglion neuron,6.628579223020268,0.5830763738990626,20.230421789392896,0.015530297269020766,0.0,1503,1765
Dl1 interneuron,Trigeminal placode,6.4367699735041235,0.24824456276170834,10.921930652596586,0.00034236247299253877,0.0,1503,6546
Dl1 interneuron,Trigeminal sensory neuron,6.185438853330759,0.10028322757163129,4.119877134442409,0.0035577019587184197,0.11,1503,3198
Dl1 interneuron,Trochlear neuron,5.519748297473683,-0.17237574479695184,-2.535238344529708,0.011003478348212073,0.33,1503,153
Dl1 interneuron,Trunk neural crest,6.7080827249958475,0.44190505833727983,18.45081039257475,0.004047173893354145,0.0,1503,6809
Dl1 interneuron,V0 interneuron,6.5479371966562825,0.15987601919472785,5.717748063632077,0.012078769515756076,0.21,1503,2114
Dl1 interneuron,V1 interneuron,6.308315852905143,0.007333312467276087,0.3270887123996589,0.0009661749442200884,0.8,1503,1795
Dl1 interneuron,V2 interneuron,5.987261629865482,-0.14674620479259914,-3.931596076106601,0.006661133386923137,0.17,1503,842
Dl1 interneuron,V3 interneuron,5.466790625325767,-0.28447794497093276,-4.601443505713303,0.013033626798275253,0.01,1503,230
Dl1 interneuron,Vagal neural crest,6.863908154237912,0.5842235234561771,25.055523852092062,0.010826363907721202,0.0,1503,4937
Dl1 interneuron,Visceral motor neuron,5.760290612685115,-0.30285500939272875,-9.945255871546728,0.008898876238387895,0.0,1503,2062
Dl1 interneuron,Yolk sac endothelial cell,5.425450115542549,-0.18047579238759504,-1.9284721833163003,0.03388258038035399,0.57,1503,112
Dl2-6 interneuron,Dl2-6 interneuron,9.50000000001307,-2.960594732333751e-15,-2.9602897395552456e-05,9.57151231668161e-29,1.0,3790,3790
Dl2-6 interneuron,Dorsal root ganglion neuron,6.778861759709234,0.4966371056735375,19.20894560818681,0.003866182019416601,0.0,3790,1179
Dl2-6 interneuron,Dorsal root ganglion progenitor,6.844502719423776,0.5461334167121299,18.506152214298485,0.014437586056186495,0.0,3790,921
Dl2-6 interneuron,Endocardial cell,5.8275431107520355,-0.41337994354390784,-18.69147496873826,0.001523041101644565,0.0,3790,1558
Dl2-6 interneuron,Endothelial cell,6.307123467716177,-0.3776720155509296,-25.94650850388294,0.0029732728124919824,0.0,3790,9493
Dl2-6 interneuron,Endothelial progenitor,6.36479584532486,-0.2002172742753577,-9.17227141878415,0.00043261200691469074,0.0,3790,1988
Dl2-6 interneuron,Epibranchial placode,5.960235378941122,-0.1809597488092581,-8.759961872587349,0.003874552023803164,0.0,3790,3606
Dl2-6 interneuron,Epibranchial sensory neuron,5.9263829200494,-0.17421767144837177,-6.055377439342049,0.01134713527868637,0.0,3790,1270
Dl2-6 interneuron,Epicardium,5.8166761049382325,-0.3792380907063991,-15.968649862671862,0.0005383651587071089,0.0,3790,1288
Dl2-6 interneuron,Epidermal progenitor (anterior),6.112185739624703,-0.22339300709893065,-13.315956565320468,0.0029217508306187134,0.0,3790,7561
Dl2-6 interneuron,Epidermal progenitor (posterior),6.160799006264337,-0.1687654634064725,-11.702703385287627,0.004168870576765516,0.0,3790,16776
Dl2-6 interneuron,Extraembryonic mesoderm,5.763298814235583,-0.45768241759232026,-30.552188245304023,0.0007315691985419974,0.0,3790,5300
Dl2-6 interneuron,Eye field,6.570248387249534,0.118973213691086,7.399273716931646,0.0033345714837322883,0.0,3790,8896
Dl2-6 interneuron,Facial branchiomotor neuron,5.989759532803336,-0.052593833484899655,-1.30306835351606,0.0026142724404042052,0.66,3790,521
Dl2-6 interneuron,Floor plate (anterior),6.300690909137484,-0.11899373987570942,-7.113908408291181,0.0014262077209762423,0.0,3790,8689
Dl2-6 interneuron,Floor plate (posterior),6.237407525718834,-0.22252728844759564,-13.515100170055376,0.0009160750156454905,0.0,3790,8099
Dl2-6 interneuron,Forelimb field,6.27668121775105,-0.20284946487435374,-16.436936434025494,0.006604891004121998,0.0,3790,25891
Dl2-6 interneuron,Frontonasal mesenchyme,6.528892582766964,0.04675600907687697,3.4850124385936745,0.010256074689164837,0.0,3790,24672
Dl2-6 interneuron,Head paraxial mesoderm,6.068253439165493,-0.38222186005223396,-31.182563712096385,0.0010482350177350812,0.0,3790,32981
Dl2-6 interneuron,Hematopoietic progenitor,5.22600193690252,-0.4697535476238537,-5.326887437769172,0.006352747259432072,0.0,3790,87
Dl2-6 interneuron,Hemogenic endothelium,5.673699987052387,-0.22055944925833545,-2.8624462506079023,0.0031989361652554693,0.05,3790,141
Dl2-6 interneuron,Hepatoblast,5.377997204998707,-0.542881069802109,-19.592449839717535,0.02106473170953846,0.0,3790,1255
Dl2-6 interneuron,Hindbrain (isthmic organizer),6.772389943659374,0.29369251100486693,17.06852813803019,0.005177857131243675,0.0,3790,3921
Dl2-6 interneuron,Hindbrain (r1),7.1512546215672215,0.5445434976943148,40.675998672329136,0.004817868952663834,0.0,3790,16440
Dl2-6 interneuron,Hindbrain (r2-r4),7.548218282589924,0.8415348375653299,66.25067245861118,0.002583397906686448,0.0,3790,26863
Dl2-6 interneuron,Hindbrain (r5-r8),7.756242408420651,1.0262574744677442,76.9071437236758,0.0032002997683184126,0.0,3790,28972
Dl2-6 interneuron,Hindgut,5.540703493148634,-0.4481760597582373,-24.949818078060826,0.001202630986142745,0.0,3790,3029
Dl2-6 interneuron,Hindlimb field,6.4244741905402085,-0.011209424973321743,-0.8161285924481682,0.02171255850804276,0.0,3790,6150
Dl2-6 interneuron,Hypaxial myogenic progenitor,6.278903381725509,-0.23251294237080197,-13.893109890953491,0.00011457901516771615,0.0,3790,5322
Dl2-6 interneuron,Hypothalamic neuron,6.126175220898523,-0.0545154351685353,-1.5587238281004587,0.009329243392081115,0.39,3790,534
Dl2-6 interneuron,Hypothalamus,6.2568033289843425,-0.09975512888105136,-6.0188605760460865,0.005625386925942013,0.09,3790,7652
Dl2-6 interneuron,Inflow tract,5.917731110581804,-0.36659488283275515,-18.74566758200527,0.0007059450889502016,0.0,3790,2494
Dl2-6 interneuron,Intermediate mesoderm (nephrogenic),6.631097565348227,0.02351196720212201,1.8335732751827571,0.006271098113357202,0.0,3790,6458
Dl2-6 interneuron,Intermediate mesoderm (posterior),6.49649682495252,-0.018720921831989774,-1.3716192942884806,0.02138619399078326,0.72,3790,4198
Dl2-6 interneuron,Juxtacardiac field,5.775316438042501,-0.3716156285666597,-15.648615675267408,0.000347388237991015,0.0,3790,1386
Dl2-6 interneuron,Left ventricle,5.736617626725521,-0.40792721685763195,-15.841273215073182,9.092950244858019e-05,0.0,3790,1174
Dl2-6 interneuron,Lens placode,6.055238388945341,-0.15735159117339403,-7.588736164372166,0.008245579960240466,0.0,3790,2811
Dl2-6 interneuron,Macrophage,5.299466812725991,-0.512005036609532,-17.720229823734496,0.002841553602620456,0.0,3790,966
Dl2-6 interneuron,Megakaryocyte,5.457006358464163,-0.47516463861206937,-12.08352587240911,0.0041184630973618765,0.0,3790,482
Dl2-6 interneuron,Mesothelium,5.991726650451475,-0.12780544153352835,-2.8681710977121617,0.0020994805738127316,0.08,3790,346
Dl2-6 interneuron,Midbrain,6.830394447994837,0.26212956844340685,20.20516896835474,0.00286174608283069,0.0,3790,21466
Dl2-6 interneuron,Midbrain GABAergic neuron,5.784609009423192,-0.0953677803235428,-0.9921316667323059,0.014051019475283477,1.0,3790,118
Dl2-6 interneuron,Midbrain neuron,6.805567972690245,0.27297367086105684,14.948547820590003,0.003020751420038295,0.0,3790,4345
Dl2-6 interneuron,Midgut,5.477693457705175,-0.511712340177818,-21.182975637124738,0.004048410016408421,0.0,3790,1667
Dl2-6 interneuron,Myotome,6.218417620714071,-0.29407824946033695,-14.492484275284715,0.003667705794407733,0.0,3790,2201
Dl2-6 interneuron,Nascent somite,6.717381622438815,0.13250780130775178,7.7626520586477215,0.006116912728796006,0.01,3790,6475
Dl2-6 interneuron,Notochord,5.671118077458776,-0.39798460101225047,-14.644550224501486,0.009907720869249879,0.0,3790,956
Dl2-6 interneuron,Oculomotor neuron,5.634030495658245,-0.12203774158075269,-1.4885977730267292,0.0052711134386741266,0.67,3790,122
Dl2-6 interneuron,Olfactory placode,6.217668116573326,-0.07280133791777181,-4.1096155690654905,0.006443249634741152,0.36,3790,5872
Dl2-6 interneuron,Olfactory sensory neuron,6.000217146808218,-0.07867067204092937,-2.13752244894158,0.006846445901524164,0.78,3790,389
Dl2-6 interneuron,Otic placode,6.069203088349635,-0.09005762720901937,-4.378467244270451,0.003748698323406358,0.39,3790,2365
Dl2-6 interneuron,Otic sensory neuron,5.903204721615826,-0.15347328833691432,-4.94737570899479,0.003748942507562285,0.0,3790,974
Dl2-6 interneuron,Outflow tract,5.683165284114927,-0.3996169103158082,-13.010528302838393,0.0003131631812929118,0.0,3790,890
Dl2-6 interneuron,Pancreatic-biliary progenitor,5.411395492545112,-0.5289015205369818,-12.073314797747079,0.01967276046443234,0.0,3790,373
Dl2-6 interneuron,Paraventricular hypothalamic neuron,5.758580337644939,-0.08895011834303072,-1.3718163080129422,0.0028143965586725716,0.64,3790,192
Dl2-6 interneuron,Periocular mesoderm,5.567562947330686,-0.40361277776147847,-16.906354378639456,0.00011687865645026427,0.0,3790,1739
Dl2-6 interneuron,Pharyngeal arch mesenchyme (p1-p2),6.66969717504062,0.15811257295429648,12.486429615058732,0.0006623124113135123,0.0,3790,29887
Dl2-6 interneuron,Pharyngeal arch mesenchyme (p3-p4),6.955902346212889,0.5282061412658109,31.77771711258892,0.001767178861745539,0.0,3790,9198
Dl2-6 interneuron,Pharyngeal endoderm,5.660585242553235,-0.4752670199633166,-29.561267116744133,0.0011562211042505433,0.0,3790,5045
Dl2-6 interneuron,Pharyngeal mesoderm,5.910913944849895,-0.4311021753588653,-31.346117572121372,0.002332531094208472,0.0,3790,7691
Dl2-6 interneuron,Presomitic mesoderm,6.790624356488121,0.19051029771048533,12.5337631630384,0.007277249255224599,0.0,3790,8521
Dl2-6 interneuron,Primordial germ cell,4.698427279357878,-0.6349959970197259,-4.673839550310168,4.715406642188642e-05,0.0,2724,25
Dl2-6 interneuron,Respiratory progenitor,5.384280899183426,-0.5697553820035669,-22.117517319225545,0.007704229155877084,0.0,3790,1209
Dl2-6 interneuron,Right ventricle,5.5904547917036895,-0.351417998015289,-10.286243269886434,0.00344258590774209,0.0,3790,730
Dl2-6 interneuron,Roof plate (anterior),7.098883896877627,0.6169459923070649,33.5221207041352,0.002920494195780013,0.0,3790,3787
Dl2-6 interneuron,Roof plate (posterior),7.347834275589545,0.8567400838125598,37.6171179892407,0.005595734681350459,0.0,3790,2248
Dl2-6 interneuron,Sacral neural crest,6.808149278039739,0.44998419541260465,20.617447613877232,0.0029021029368289804,0.0,3790,2156
Dl2-6 interneuron,Sclerotome,6.515269938877446,-0.28007119823474635,-21.850003073298836,0.0001893881258311587,0.0,3790,74334
Dl2-6 interneuron,Second heart field (anterior),5.6769696707951285,-0.40293178547837183,-14.704970051909863,0.001985122378580122,0.0,3790,1040
Dl2-6 interneuron,Somatic mesoderm (anterior),6.222321045963253,-0.3316873294391168,-23.814002172535123,0.004039015043500586,0.0,3790,14544
Dl2-6 interneuron,Somatic mesoderm (posterior),6.53954578236835,-0.1276421592828386,-9.017451029713554,0.017592761133771055,0.45,3790,48596
Dl2-6 interneuron,Somatic mesoderm (tailbud),6.446004390238152,0.07619748689592083,3.717694423407876,0.003391522853482457,0.1,3790,3011
Dl2-6 interneuron,Somatic motor neuron,6.7847812355495485,0.21341147570265484,12.000419221206533,0.003314393775875757,0.0,3790,6559
Dl2-6 interneuron,Spinal cord (cervical),7.767154708789389,0.9908981585812885,67.64793335133172,0.0038814508939713282,0.0,3790,41051
Dl2-6 interneuron,Spinal cord (lumbar),6.9662795434664275,0.33451304691742845,21.433904668352586,0.008991603377270823,0.0,3790,12722
Dl2-6 interneuron,Spinal cord (sacral),6.814851048239315,0.24687526817481795,14.489750477799584,0.005802342898629957,0.0,3790,5351
Dl2-6 interneuron,Spinal cord (thoracic),7.257423140630057,0.5495910154658873,37.51098676128345,0.010000580599631813,0.0,3790,35061
Dl2-6 interneuron,Spinal cord interneuron progenitor,6.883778172748104,0.3378009918882266,16.491814528785255,0.007690649049839094,0.0,3790,2196
Dl2-6 interneuron,Splanchnic mesoderm (cardiopulmonary),6.043058483868653,-0.33386401990289133,-21.45923049473441,0.0015447676694949164,0.0,3790,5768
Dl2-6 interneuron,Splanchnic mesoderm (gastric),6.102193601750229,-0.24410417411400923,-13.949617527145463,0.00704554105156753,0.0,3790,3373
Dl2-6 interneuron,Splanchnic mesoderm (intestinal),6.440279814966126,-0.14526739390222332,-9.201701066139721,0.024209354220583346,0.57,3790,9676
Dl2-6 interneuron,Splanchnic mesoderm (septum transversum),5.973176789169867,-0.3251736818395698,-16.860727805527205,0.004907109052999738,0.0,3790,2825
Dl2-6 interneuron,Subthalamic nucleus neuron,6.09892794904717,-0.07723997270771044,-2.4351035003903347,0.006070217509699974,0.58,3790,802
Dl2-6 interneuron,Surface ectoderm (posterior),5.592137723203051,-0.22266784715056817,-3.1295947505880406,0.0034483451782796794,0.1,3790,133
Dl2-6 interneuron,Telencephalon (dorsal),6.744641046225637,0.1561262116389545,11.131557384057357,0.008836588035759556,0.01,3790,31059
Dl2-6 interneuron,Telencephalon (ventral),6.483102176508493,0.10814239859117662,5.638855667100387,0.018853351202264532,0.0,3790,3241
Dl2-6 interneuron,Thyroid progenitor,5.3949144798460225,-0.5328201979604898,-16.87205828885358,0.008792147143863923,0.0,3790,850
Dl2-6 interneuron,Trigeminal branchiomotor neuron,6.001717928649053,-0.14291113061316038,-4.653642343907223,0.00012699892010825862,0.0,3790,872
Dl2-6 interneuron,Trigeminal ganglion neuron,6.404410045250937,0.16160698952459107,7.157537933616054,0.001018589747141609,0.0,3790,1765
Dl2-6 interneuron,Trigeminal placode,6.316262229169737,-0.07368768642037882,-3.777562092527846,0.006011986319146189,0.86,3790,6546
Dl2-6 interneuron,Trigeminal sensory neuron,6.146219649179565,-0.13901248427759327,-6.9739630528525005,0.007137567267213764,0.0,3790,3198
Dl2-6 interneuron,Trochlear neuron,5.855340607497305,-0.03247145777947402,-0.4301000930150684,0.004536019585126193,1.0,3790,153
Dl2-6 interneuron,Trunk neural crest,7.106537891949626,0.6387679887066993,37.84982836642123,0.007227584221300686,0.0,3790,6809
Dl2-6 interneuron,V0 interneuron,7.359199409583762,0.7723524019506431,37.39415505878497,0.009336430248564473,0.0,3790,2114
Dl2-6 interneuron,V1 interneuron,7.08297447376901,0.5765923899625127,24.399714450935278,0.001985197519383235,0.0,3790,1795
Dl2-6 interneuron,V2 interneuron,6.567480631452331,0.24034977412322642,7.66578430024336,0.004276905762131741,0.0,3790,842
Dl2-6 interneuron,V3 interneuron,5.723889853669685,-0.22362817772853974,-3.9637088548221544,0.004198932905544426,0.0,3790,230
Dl2-6 interneuron,Vagal neural crest,7.210304911196747,0.731594806078976,40.93066438596648,0.006411935072731306,0.0,3790,4937
Dl2-6 interneuron,Visceral motor neuron,6.139552515297384,-0.12335815919281856,-5.66216494290678,5.5032871943766224e-05,0.0,3790,2062
Dl2-6 interneuron,Yolk sac endothelial cell,5.494326334840555,-0.3104701152233176,-3.855011997704347,0.01375136284559917,0.02,3790,112
Dorsal root ganglion neuron,Dorsal root ganglion neuron,9.500000000012589,-1.7171449447535753e-14,-0.00017168389228566666,1.682903264471492e-29,1.0,1179,1179
Dorsal root ganglion neuron,Dorsal root ganglion progenitor,7.7053975640893215,1.786028976401299,51.15931291035463,0.004438946982731874,0.0,1179,921
Dorsal root ganglion neuron,Endocardial cell,5.707523213165781,-0.1537329507539944,-5.822329668169427,5.8306424812351976e-05,0.0,1179,1558
Dorsal root ganglion neuron,Endothelial cell,6.138259452534261,-0.16580961593554053,-7.5946622210311565,0.00029997051658321944,0.0,1179,9493
Dorsal root ganglion neuron,Endothelial progenitor,6.154195290082332,-0.03224671116741066,-1.0810050248185954,0.0037381940056652055,0.13,1179,1988
Dorsal root ganglion neuron,Epibranchial placode,5.987479771565661,0.22506423142575235,8.751117739787231,0.006299191123827815,0.0,1179,3606
Dorsal root ganglion neuron,Epibranchial sensory neuron,5.860856970799389,0.13732045838340579,4.314991146079262,0.014725864242940805,0.86,1179,1270
Dorsal root ganglion neuron,Epicardium,5.708709137765157,-0.10556923812348569,-4.111010623484456,0.0005886510294883245,0.01,1179,1288
Dorsal root ganglion neuron,Epidermal progenitor (anterior),6.062354189858816,0.10797954990795026,5.163629658844694,0.014670878390007015,0.49,1179,7561
Dorsal root ganglion neuron,Epidermal progenitor (posterior),6.197391879658594,0.24747114509330773,10.01840302571013,0.0032500855468740905,0.0,1179,16776
Dorsal root ganglion neuron,Extraembryonic mesoderm,5.671587020143757,-0.16633124167473548,-8.388033407779334,0.006047963194845664,0.0,1179,5300
Dorsal root ganglion neuron,Eye field,5.921626274194272,-0.1506698256470219,-6.351475830582125,0.0063837548663743734,0.0,1179,8896
Dorsal root ganglion neuron,Facial branchiomotor neuron,5.377532240969823,-0.2809932639257662,-6.393242878739776,0.002839247003794815,0.0,1179,521
Dorsal root ganglion neuron,Floor plate (anterior),5.686970073448009,-0.35236392740215433,-14.699821986963356,0.001295060960652956,0.0,1179,8689
Dorsal root ganglion neuron,Floor plate (posterior),5.6651194572728985,-0.41766931723219997,-15.875406888404015,0.00040439004594069073,0.0,1179,8099
Dorsal root ganglion neuron,Forelimb field,6.071206877518841,-0.027168765950218148,-1.260731852718891,0.002977565095454456,0.76,1179,25891
Dorsal root ganglion neuron,Frontonasal mesenchyme,6.246299110914941,0.14371944684807522,6.385558095617934,0.002037187801806152,0.0,1179,24672
Dorsal root ganglion neuron,Head paraxial mesoderm,5.865295787607953,-0.2036557644568869,-9.594313334240939,0.001282252175509926,0.0,1179,32981
Dorsal root ganglion neuron,Hematopoietic progenitor,5.105529649080503,-0.2102835726636627,-2.2522207555143487,0.002408151425489075,0.05,1179,87
Dorsal root ganglion neuron,Hemogenic endothelium,5.530666642448985,0.006290583023650598,0.17176806292639424,0.007408289848698537,0.49,1179,141
Dorsal root ganglion neuron,Hepatoblast,5.260871239615342,-0.27560551330108013,-8.261119814117432,0.0035264925973433315,0.0,1179,1255
Dorsal root ganglion neuron,Hindbrain (isthmic organizer),5.9521082079370595,-0.14892813162254134,-5.139524498842314,0.009799735145470598,0.0,1179,3921
Dorsal root ganglion neuron,Hindbrain (r1),6.162975712790181,-0.0622302424053102,-2.278649808703826,0.004040772468098001,0.99,1179,16440
Dorsal root ganglion neuron,Hindbrain (r2-r4),6.342033266122883,0.01873031045066516,1.4142156699027921,0.00556277086702385,0.21,1179,26863
Dorsal root ganglion neuron,Hindbrain (r5-r8),6.646551107269494,0.29589889731307917,13.154036942840756,0.006326154841547292,0.0,1179,28972
Dorsal root ganglion neuron,Hindgut,5.344892686710629,-0.2641853256362623,-10.927547217182981,0.009172470821832849,0.0,1179,3029
Dorsal root ganglion neuron,Hindlimb field,6.228384623176321,0.1736132410627563,6.668009473049811,0.014413849754032648,0.07,1179,6150
Dorsal root ganglion neuron,Hypaxial myogenic progenitor,6.003730108569743,-0.12918828658005724,-5.262280840658218,2.3476780254953682e-05,0.0,1179,5322
Dorsal root ganglion neuron,Hypothalamic neuron,5.565466432487525,-0.23860006926037217,-6.4833318064795975,0.015493768861462753,0.02,1179,534
Dorsal root ganglion neuron,Hypothalamus,5.669167364709988,-0.30407296401709544,-12.665982960395034,0.005159940900132739,0.0,1179,7652
Dorsal root ganglion neuron,Inflow tract,5.828354694595586,-0.07414276560451476,-3.4904020802707123,0.0009163314387093087,0.12,1179,2494
Dorsal root ganglion neuron,Intermediate mesoderm (nephrogenic),6.355379057628266,0.12613213709781293,5.74458948451299,0.007822421248222496,0.43,1179,6458
Dorsal root ganglion neuron,Intermediate mesoderm (posterior),6.299131451346244,0.16727667779225394,6.269202386780279,0.0017065015617071019,0.0,1179,4198
Dorsal root ganglion neuron,Juxtacardiac field,5.663962413586543,-0.10514733289925744,-4.017565984837362,0.0008281912489574628,0.01,1179,1386
Dorsal root ganglion neuron,Left ventricle,5.576559253863899,-0.18442202285652134,-6.428923952937995,0.0006136795572227653,0.0,1179,1174
Dorsal root ganglion neuron,Lens placode,5.9352682037425195,0.10727554331199614,4.479212701456009,0.018664663041999124,0.35,1179,2811
Dorsal root ganglion neuron,Macrophage,5.174524456884451,-0.25748182322316876,-7.1787825840632165,0.0026151411309965253,0.0,1179,966
Dorsal root ganglion neuron,Megakaryocyte,5.334796301072643,-0.21391569935354227,-5.07435636208204,0.017946143358558354,0.21,1179,482
Dorsal root ganglion neuron,Mesothelium,5.710391832339549,-0.03272686429418196,-0.5545827242451972,0.003283034925884352,0.76,1179,346
Dorsal root ganglion neuron,Midbrain,6.070854731321148,-0.11586057365295084,-4.856968935582355,0.0014540829838054791,0.0,1179,21466
Dorsal root ganglion neuron,Midbrain GABAergic neuron,5.181771088065028,-0.3197692072830038,-4.158332327882285,0.010202491170427772,0.0,1179,118
Dorsal root ganglion neuron,Midbrain neuron,6.069485880213627,-0.08253623759870828,-2.8025733928704413,0.0021291203028850868,0.1,1179,4345
Dorsal root ganglion neuron,Midgut,5.357230716277447,-0.25337265048877694,-9.676014277059002,0.006763611045872193,0.0,1179,1667
Dorsal root ganglion neuron,Myotome,5.929216037505436,-0.20141103663882198,-7.401315993311901,0.005897577689873797,0.0,1179,2201
Dorsal root ganglion neuron,Nascent somite,6.329821174176601,0.12654518944253734,5.1794672043635686,0.01095160463520465,0.83,1179,6475
Dorsal root ganglion neuron,Notochord,5.452370956447986,-0.23723523777922897,-7.6438014534202905,0.016886339698302274,0.0,1179,956
Dorsal root ganglion neuron,Oculomotor neuron,5.145401091012205,-0.22409133979245835,-2.945800641122432,0.007119117362288269,0.13,1179,122
Dorsal root ganglion neuron,Olfactory placode,6.034116182157139,0.12132801139906106,4.9940222673490595,0.016128836491771298,0.11,1179,5872
Dorsal root ganglion neuron,Olfactory sensory neuron,5.714242260958517,0.015160666393813452,0.3880630758262071,0.007086660785581285,0.94,1179,389
Dorsal root ganglion neuron,Otic placode,5.9858450283261675,0.21000432066409136,7.070725108479148,0.0037299595733737306,0.0,1179,2365
Dorsal root ganglion neuron,Otic sensory neuron,5.789242415291322,0.11130194418699475,3.179807821837032,0.007169399634580865,0.29,1179,974
Dorsal root ganglion neuron,Outflow tract,5.565333743480372,-0.14167605008188033,-4.4481929202403,0.00107392539841929,0.0,1179,890
Dorsal root ganglion neuron,Pancreatic-biliary progenitor,5.291396854753713,-0.2659796022401106,-6.104921810865179,0.008149933248864942,0.0,1179,373
Dorsal root ganglion neuron,Paraventricular hypothalamic neuron,5.2420435147315345,-0.23144571081126752,-3.6433596483975896,0.00032813174700843894,0.0,1179,192
Dorsal root ganglion neuron,Periocular mesoderm,5.353577724260067,-0.23529227979255976,-8.151846545719065,7.291209188300558e-05,0.0,1179,1739
Dorsal root ganglion neuron,Pharyngeal arch mesenchyme (p1-p2),6.401190328293585,0.2690635436987498,11.98658901415625,0.0009364081266702355,0.0,1179,29887
Dorsal root ganglion neuron,Pharyngeal arch mesenchyme (p3-p4),6.587871711157728,0.5370199824011163,21.665123849425697,0.024517834901215053,0.0,1179,9198
Dorsal root ganglion neuron,Pharyngeal endoderm,5.475466448148251,-0.28080617129944674,-12.764555327893648,0.007340284027872525,0.0,1179,5045
Dorsal root ganglion neuron,Pharyngeal mesoderm,5.763333949795911,-0.2001661506444782,-9.709700176573048,0.0014888140681852764,0.0,1179,7691
Dorsal root ganglion neuron,Presomitic mesoderm,6.404703223216381,0.18308456890243038,8.176314951888285,0.006933350533824211,0.01,1179,8521
Dorsal root ganglion neuron,Primordial germ cell,4.564460437150682,-0.3388186774011497,-2.551660342622727,0.0014951984368101476,0.08,660,25
Dorsal root ganglion neuron,Respiratory progenitor,5.250694007547341,-0.3209141072525732,-9.35765284403253,3.6411104445122385e-05,0.0,1179,1209
Dorsal root ganglion neuron,Right ventricle,5.436735302190911,-0.12569045891114192,-3.3429730320591404,0.002471481157696198,0.03,1179,730
Dorsal root ganglion neuron,Roof plate (anterior),6.458663570776486,0.35786121339003074,12.70762364809471,0.0010220027151155622,0.0,1179,3787
Dorsal root ganglion neuron,Roof plate (posterior),7.1058635646840385,0.9937224674328352,33.181850553177554,0.013663706396722606,0.0,1179,2248
Dorsal root ganglion neuron,Sacral neural crest,6.677121139626196,0.7005018003621156,22.054201428733137,0.031309765470777434,0.0,1179,2156
Dorsal root ganglion neuron,Sclerotome,6.229850770009999,-0.18454251090477403,-7.8035353150248055,0.000328826512331316,0.0,1179,74334
Dorsal root ganglion neuron,Second heart field (anterior),5.538241116850446,-0.16362078915980285,-5.25801989220481,0.010233537274654248,0.05,1179,1040
Dorsal root ganglion neuron,Somatic mesoderm (anterior),6.101712782439415,-0.07345728810199859,-3.8111169612647253,0.0027457825427153774,0.28,1179,14544
Dorsal root ganglion neuron,Somatic mesoderm (posterior),6.385696851645917,0.09983124045196885,4.073477877669162,0.0013842297303689243,0.0,1179,48596
Dorsal root ganglion neuron,Somatic mesoderm (tailbud),6.286442848115455,0.29684254679528355,10.731342679393306,0.024754699288331176,0.0,1179,3011
Dorsal root ganglion neuron,Somatic motor neuron,5.962795432645621,-0.231791350257082,-8.563047202258405,0.008210496032999191,0.0,1179,6559
Dorsal root ganglion neuron,Spinal cord (cervical),7.06050535072804,0.6646305850706536,27.32792969018874,0.004424362807540018,0.0,1179,41051
Dorsal root ganglion neuron,Spinal cord (lumbar),6.516981665771737,0.2666006901937452,11.585235265983803,0.00307861686780691,0.0,1179,12722
Dorsal root ganglion neuron,Spinal cord (sacral),6.380528981020153,0.193610729037179,7.478296281966941,0.0021399453932759624,0.0,1179,5351
Dorsal root ganglion neuron,Spinal cord (thoracic),6.848561304136528,0.5206565571572813,23.424444551918267,0.01803163507947165,0.0,1179,35061
Dorsal root ganglion neuron,Spinal cord interneuron progenitor,6.085475248729085,-0.07977968411186757,-2.397770834389369,0.004321136572837586,0.15,1179,2196
Dorsal root ganglion neuron,Splanchnic mesoderm (cardiopulmonary),5.875395964464604,-0.12223712124733144,-5.375064317986308,0.0038774615838273203,0.07,1179,5768
Dorsal root ganglion neuron,Splanchnic mesoderm (gastric),5.915564454452664,-0.052556585876439854,-2.0434476735219085,0.013008134415164387,0.23,1179,3373
Dorsal root ganglion neuron,Splanchnic mesoderm (intestinal),6.3220551978341275,0.11805912837001209,4.537802059789535,0.0012772291625573308,0.0,1179,9676
Dorsal root ganglion neuron,Splanchnic mesoderm (septum transversum),5.858654054439345,-0.0593454377285072,-2.6508455607813337,0.002213487416230592,0.22,1179,2825
Dorsal root ganglion neuron,Subthalamic nucleus neuron,5.419301068647589,-0.37561013094384066,-10.639034204621256,0.0004664287033157274,0.0,1179,802
Dorsal root ganglion neuron,Surface ectoderm (posterior),5.515941376468767,0.07471506272628019,0.8621337011975386,0.009420286509154926,1.0,1179,133
Dorsal root ganglion neuron,Telencephalon (dorsal),6.141239076111652,-0.0673142901496373,-2.952817327642291,0.0016345728081741994,0.22,1179,31059
Dorsal root ganglion neuron,Telencephalon (ventral),5.969839119410202,-0.028910140520215677,-1.527280665271068,0.019520580095631318,0.0,1179,3241
Dorsal root ganglion neuron,Thyroid progenitor,5.2179075875595515,-0.32930167482924294,-10.020154197069951,0.0031049523136870076,0.0,1179,850
Dorsal root ganglion neuron,Trigeminal branchiomotor neuron,5.43161100162562,-0.32941407806611495,-8.955566089674793,0.005520451151802091,0.0,1179,872
Dorsal root ganglion neuron,Trigeminal ganglion neuron,6.138838658755127,0.2739492680426479,9.203438075748755,0.015391021586125214,0.0,1179,1765
Dorsal root ganglion neuron,Trigeminal placode,6.2054637757448425,0.19961210401136853,7.856230551599889,0.004834424049713583,0.0,1179,6546
Dorsal root ganglion neuron,Trigeminal sensory neuron,6.025690352277723,0.11913541322485877,3.458130488807548,0.027683111687369158,0.07,1179,3198
Dorsal root ganglion neuron,Trochlear neuron,5.282142428370248,-0.23107349615254336,-3.461869540009822,0.0011951507344590843,0.01,1179,153
Dorsal root ganglion neuron,Trunk neural crest,7.6348778446136905,1.5450332973625978,58.86201489707533,0.014969826110275752,0.0,1179,6809
Dorsal root ganglion neuron,V0 interneuron,6.3767421665935915,0.17109169363459328,6.329699222426001,0.016219124205156907,0.52,1179,2114
Dorsal root ganglion neuron,V1 interneuron,6.103831413512638,-0.02067405833700035,-0.6509448707555735,0.0033325400327912447,0.45,1179,1795
Dorsal root ganglion neuron,V2 interneuron,5.7062174242010535,-0.2447604850903232,-6.828765209566367,0.003117502825174254,0.0,1179,842
Dorsal root ganglion neuron,V3 interneuron,5.2177929286096125,-0.3503559241340062,-5.826931637873092,0.002483563479892937,0.0,1179,230
Dorsal root ganglion neuron,Vagal neural crest,7.740314422262472,1.6428055147804679,66.71467039864226,0.004678214515767458,0.0,1179,4937
Dorsal root ganglion neuron,Visceral motor neuron,5.468501258416093,-0.4154145207419007,-13.013625928084503,0.00859580868447074,0.0,1179,2062
Dorsal root ganglion neuron,Yolk sac endothelial cell,5.240928864901985,-0.18406808452239845,-1.9817499308191344,0.017936235258374508,0.6,1179,112
Dorsal root ganglion progenitor,Dorsal root ganglion progenitor,9.500000000147836,-2.960594732333751e-15,-2.36851778635e-05,3.2921795111223562e-28,1.0,921,921
Dorsal root ganglion progenitor,Endocardial cell,5.752548872791557,-0.12580918602713412,-4.728673665518965,0.004806648550301611,0.21,921,1558
Dorsal root ganglion progenitor,Endothelial cell,6.186400463974319,-0.13785033098501862,-5.8896984033408755,0.00454844863453601,0.03,921,9493
Dorsal root ganglion progenitor,Endothelial progenitor,6.197914825650865,-0.008741694721482082,-0.22042063286150584,0.005152879856711357,0.2,921,1988
Dorsal root ganglion progenitor,Epibranchial placode,6.0679182250572055,0.2901489627911851,9.967825299451386,0.0002541735034868727,0.0,921,3606
Dorsal root ganglion progenitor,Epibranchial sensory neuron,5.939985221306468,0.19883252885382094,5.736379325649669,0.01582413794627717,0.21,921,1270
Dorsal root ganglion progenitor,Epicardium,5.751006894692648,-0.08470939817170997,-2.995818622913576,0.002677532793249612,0.37,921,1288
Dorsal root ganglion progenitor,Epidermal progenitor (anterior),6.107038675302135,0.13470684831489285,5.347379248450895,0.01492582636625651,0.17,921,7561
Dorsal root ganglion progenitor,Epidermal progenitor (posterior),6.2869130080446025,0.31994669696845196,12.166144130386451,0.0056197933622103005,0.0,921,16776
Dorsal root ganglion progenitor,Extraembryonic mesoderm,5.730363426572279,-0.12508276863880705,-6.261956917432928,0.015229880450336358,0.84,921,5300
Dorsal root ganglion progenitor,Eye field,5.944605675194995,-0.14410629484918402,-5.71479191754064,0.010134210804423765,0.2,921,8896
Dorsal root ganglion progenitor,Facial branchiomotor neuron,5.4538423405148135,-0.21783224683620825,-5.6670002546537,0.02825702664183271,0.71,921,521
Dorsal root ganglion progenitor,Floor plate (anterior),5.705206294197268,-0.3534679997589925,-12.687060911883776,0.000958852850633635,0.0,921,8689
Dorsal root ganglion progenitor,Floor plate (posterior),5.69465495453766,-0.40245624847246325,-13.828475196205671,0.0016147773141730964,0.0,921,8099
Dorsal root ganglion progenitor,Forelimb field,6.1004050746257485,-0.012869741340527282,-0.6551787950635065,0.0027519070429045224,0.26,921,25891
Dorsal root ganglion progenitor,Frontonasal mesenchyme,6.269750294156148,0.15144850747067432,6.073316556610796,0.0015910678933984204,0.0,921,24672
Dorsal root ganglion progenitor,Head paraxial mesoderm,5.863870351694165,-0.22382509889629945,-9.45289149498369,0.003917944667032271,0.0,921,32981
Dorsal root ganglion progenitor,Hematopoietic progenitor,5.17344652997678,-0.1515136168499248,-1.8110253499257054,0.009586939845695003,0.54,921,87
Dorsal root ganglion progenitor,Hemogenic endothelium,5.592162586045511,0.05701020130582979,0.844668842532058,0.0023978594440356806,0.84,921,141
Dorsal root ganglion progenitor,Hepatoblast,5.299718594628799,-0.25743671550821406,-6.905095578437995,0.006150592715671319,0.0,921,1255
Dorsal root ganglion progenitor,Hindbrain (isthmic organizer),5.986238175809288,-0.1286827623004919,-4.098290307439746,0.0112742858732338,0.04,921,3921
Dorsal root ganglion progenitor,Hindbrain (r1),6.1925502320948835,-0.0520158269548873,-1.9214034842994845,0.012852642187727345,0.11,921,16440
Dorsal root ganglion progenitor,Hindbrain (r2-r4),6.405948962035603,0.062484206299594724,2.5513347905593537,0.01378650380793906,0.06,921,26863
Dorsal root ganglion progenitor,Hindbrain (r5-r8),6.638138514385784,0.26939612057609086,10.867768243684074,0.012367368398889276,0.0,921,28972
Dorsal root ganglion progenitor,Hindgut,5.332011226581751,-0.29560023135196306,-11.690319843826304,0.0194585054363451,0.0,921,3029
Dorsal root ganglion progenitor,Hindlimb field,6.299097617364873,0.22432182410780874,7.4950157986574695,0.01180636043759623,0.0,921,6150
Dorsal root ganglion progenitor,Hypaxial myogenic progenitor,6.025487506920101,-0.12389202115341114,-4.706450103228495,0.0015782459417798716,0.0,921,5322
Dorsal root ganglion progenitor,Hypothalamic neuron,5.616039518507858,-0.20533391617312122,-5.021317095787754,0.03291294671773085,0.94,921,534
Dorsal root ganglion progenitor,Hypothalamus,5.713653321038078,-0.2834839581574015,-10.737842306601117,0.014525363755275033,0.0,921,7652
Dorsal root ganglion progenitor,Inflow tract,5.906057260563482,-0.01725944516080613,-0.9400037211481654,0.009550316279958919,0.05,921,2494
Dorsal root ganglion progenitor,Intermediate mesoderm (nephrogenic),6.416397070215068,0.1726603534750953,5.778921517316792,0.016903077855799857,0.01,921,6458
Dorsal root ganglion progenitor,Intermediate mesoderm (posterior),6.323636751669491,0.17188585365522258,5.439375505094634,0.020670232413912002,0.18,921,4198
Dorsal root ganglion progenitor,Juxtacardiac field,5.721331411639176,-0.06261735662928618,-2.3151000034520126,0.0032124357495544632,0.93,921,1386
Dorsal root ganglion progenitor,Left ventricle,5.626935673809153,-0.15446864672730984,-5.044274392185153,0.0005239329157103725,0.0,921,1174
Dorsal root ganglion progenitor,Lens placode,6.003670678996546,0.1548204985705691,5.25741781175321,0.025592959429099393,0.12,921,2811
Dorsal root ganglion progenitor,Macrophage,5.258503929916558,-0.1907697309473552,-5.650254391286205,0.016985677281285378,0.46,921,966
Dorsal root ganglion progenitor,Megakaryocyte,5.3977569450675125,-0.170469200760075,-3.812129445519094,0.013229148125999091,0.06,921,482
Dorsal root ganglion progenitor,Mesothelium,5.7523136501969665,-0.0011399063244956764,0.10030504932682956,0.0010554757547561356,0.97,921,346
Dorsal root ganglion progenitor,Midbrain,6.065475645084384,-0.14023618774186838,-5.338558980200858,0.005381915871921823,0.01,921,21466
Dorsal root ganglion progenitor,Midbrain GABAergic neuron,5.21280372888372,-0.3086812020959841,-3.6434925273013703,0.001964634126964064,0.0,921,118
Dorsal root ganglion progenitor,Midbrain neuron,6.059364486596085,-0.11021244677418125,-3.730320349113961,0.001449450876737038,0.01,921,4345
Dorsal root ganglion progenitor,Midgut,5.368502649164237,-0.25919331893946246,-9.457703488053573,0.014341148263213607,0.0,921,1667
Dorsal root ganglion progenitor,Myotome,5.91876329153873,-0.23085538684154697,-8.49265628161123,0.0016764053321901365,0.0,921,2201
Dorsal root ganglion progenitor,Nascent somite,6.40464766159869,0.18178286274887157,6.367836194201293,0.0025110300396795388,0.0,921,6475
Dorsal root ganglion progenitor,Notochord,5.472143592818454,-0.23342439068069729,-7.21598174516762,0.007414473148240033,0.0,921,956
Dorsal root ganglion progenitor,Oculomotor neuron,5.218234188830903,-0.1824851887022989,-2.113081533327333,0.020749021924073165,0.44,921,122
Dorsal root ganglion progenitor,Olfactory placode,6.112923474348999,0.18409961026405627,6.666320292028952,0.007290017556773408,0.0,921,5872
Dorsal root ganglion progenitor,Olfactory sensory neuron,5.80489841227513,0.08456641828751514,1.7522759150010832,0.003929805514909486,0.82,921,389
Dorsal root ganglion progenitor,Otic placode,6.058869059415938,0.2598790528271199,8.499964813607997,0.002809585378078002,0.0,921,2365
Dorsal root ganglion progenitor,Otic sensory neuron,5.886100472916708,0.18988965622871726,4.97220475310466,0.013689428154909318,0.06,921,974
Dorsal root ganglion progenitor,Outflow tract,5.643520741023913,-0.0828765347364729,-2.5307118478890085,0.0021636846051834905,0.4,921,890
Dorsal root ganglion progenitor,Pancreatic-biliary progenitor,5.302601678704391,-0.27016143025175915,-5.947780198198732,0.01801910922638234,0.01,921,373
Dorsal root ganglion progenitor,Paraventricular hypothalamic neuron,5.272644726784211,-0.21998898361244082,-3.2326334732537774,0.003805081228511087,0.0,921,192
Dorsal root ganglion progenitor,Periocular mesoderm,5.433911313297959,-0.17622390131384633,-5.984210696257395,0.0034059154145659925,0.0,921,1739
Dorsal root ganglion progenitor,Pharyngeal arch mesenchyme (p1-p2),6.4056529456031415,0.2544427939915801,9.096131101292125,0.0005870877672604152,0.0,921,29887
Dorsal root ganglion progenitor,Pharyngeal arch mesenchyme (p3-p4),6.604612364951774,0.5394222528671057,18.12137330812071,0.02556660945095173,0.0,921,9198
Dorsal root ganglion progenitor,Pharyngeal endoderm,5.5433330048097895,-0.22962455934055517,-10.221971946718531,0.022023363673224827,0.0,921,5045
Dorsal root ganglion progenitor,Pharyngeal mesoderm,5.801876998059214,-0.17985381218962151,-8.055123437655139,0.002324578753515571,0.0,921,7691
Dorsal root ganglion progenitor,Presomitic mesoderm,6.476433730074821,0.2373842333876969,8.731630527975158,0.0028199208468358767,0.0,921,8521
Dorsal root ganglion progenitor,Primordial germ cell,4.68255446993649,-0.2565528747908332,-1.6637541890807626,0.05483971754809473,0.37,515,25
Dorsal root ganglion progenitor,Respiratory progenitor,5.275460161445278,-0.31387602279499954,-9.65182200274696,0.009834760193102775,0.0,921,1209
Dorsal root ganglion progenitor,Right ventricle,5.46757830983861,-0.11049384310685569,-2.512038121833527,0.005702278877696591,0.51,921,730
Dorsal root ganglion progenitor,Roof plate (anterior),6.494349466335471,0.37717934348954874,12.251934298191125,0.004546013011147784,0.0,921,3787
Dorsal root ganglion progenitor,Roof plate (posterior),7.298343151647226,1.1662645611158826,33.197569348267685,0.014794255617265871,0.0,921,2248
Dorsal root ganglion progenitor,Sacral neural crest,6.82073254092947,0.8263525613920789,24.12872286609233,0.027307509326048134,0.0,921,2156
Dorsal root ganglion progenitor,Sclerotome,6.273075260694874,-0.16141460320937018,-6.588589626567295,0.005529551454662873,0.0,921,74334
Dorsal root ganglion progenitor,Second heart field (anterior),5.620314474103282,-0.09816504402261976,-2.6435479439212024,0.00740122707273537,1.0,921,1040
Dorsal root ganglion progenitor,Somatic mesoderm (anterior),6.112101089400827,-0.07897113459248928,-3.1042341869379793,0.00016493619179970586,0.02,921,14544
Dorsal root ganglion progenitor,Somatic mesoderm (posterior),6.473267108554438,0.16907385946878328,6.709035820418213,0.011476565933489372,0.02,921,48596
Dorsal root ganglion progenitor,Somatic mesoderm (tailbud),6.405561843950401,0.3958154170121319,13.542891621280114,0.006736712024357213,0.0,921,3011
Dorsal root ganglion progenitor,Somatic motor neuron,6.013649327437712,-0.19431542995764506,-5.9839191834524845,0.002611168897971419,0.0,921,6559
Dorsal root ganglion progenitor,Spinal cord (cervical),7.12296260082337,0.7057973068838995,28.640677344717464,0.005758646310985082,0.0,921,41051
Dorsal root ganglion progenitor,Spinal cord (lumbar),6.588999591219637,0.3159364646658623,11.18564276559654,0.010750235505148104,0.0,921,12722
Dorsal root ganglion progenitor,Spinal cord (sacral),6.46008955729097,0.25259122506115617,8.377964397867158,0.00832606224677527,0.0,921,5351
Dorsal root ganglion progenitor,Spinal cord (thoracic),7.018548352952448,0.6716825061467692,25.980599797642682,0.003214947225906866,0.0,921,35061
Dorsal root ganglion progenitor,Spinal cord interneuron progenitor,6.100369786465072,-0.08368923433975795,-2.3626439566477653,0.010525860642312906,0.26,921,2196
Dorsal root ganglion progenitor,Splanchnic mesoderm (cardiopulmonary),5.9105747611141375,-0.10334112755964468,-4.611194802102427,0.005013018389763951,0.4,921,5768
Dorsal root ganglion progenitor,Splanchnic mesoderm (gastric),5.952144224440381,-0.03301193856264876,-1.0797915222265457,0.0014116972992604603,0.97,921,3373
Dorsal root ganglion progenitor,Splanchnic mesoderm (intestinal),6.364776393143397,0.14251214460301162,4.897087476636726,0.011938478471440798,0.52,921,9676
Dorsal root ganglion progenitor,Splanchnic mesoderm (septum transversum),5.925981475830433,-0.013428823279438914,-0.8794725294036665,0.006336425673247548,0.05,921,2825
Dorsal root ganglion progenitor,Subthalamic nucleus neuron,5.447948231163282,-0.37244060942220764,-10.06190441930405,0.001051578295626588,0.0,921,802
Dorsal root ganglion progenitor,Surface ectoderm (posterior),5.551251435267257,0.09331152452752119,1.2665535780687571,0.014009907748059915,0.58,921,133
Dorsal root ganglion progenitor,Telencephalon (dorsal),6.184460424932539,-0.043367858799191694,-1.6903987784780246,0.006452640397285414,0.41,921,31059
Dorsal root ganglion progenitor,Telencephalon (ventral),6.023359119675274,0.004563479254596103,0.119275771337583,0.01840089278368063,0.01,921,3241
Dorsal root ganglion progenitor,Thyroid progenitor,5.2338342505663595,-0.32823264483046827,-9.455398903479137,0.007785491215029326,0.0,921,850
Dorsal root ganglion progenitor,Trigeminal branchiomotor neuron,5.4929010779294485,-0.29260563317198657,-7.828472952712878,0.002547539594974497,0.0,921,872
Dorsal root ganglion progenitor,Trigeminal ganglion neuron,6.1301595282374395,0.2485819619232723,7.658545937473408,0.0004419234242075545,0.0,921,1765
Dorsal root ganglion progenitor,Trigeminal placode,6.304092924310445,0.27735619279982693,9.329094669450507,0.00463029944206583,0.0,921,6546
Dorsal root ganglion progenitor,Trigeminal sensory neuron,6.066729797594401,0.14202467459264204,4.322424360480994,0.012154403490194962,0.11,921,3198
Dorsal root ganglion progenitor,Trochlear neuron,5.309701910424391,-0.21780614712327306,-3.12644411366027,0.005619530878526428,0.04,921,153
Dorsal root ganglion progenitor,Trunk neural crest,7.898655679179676,1.795159412087836,70.49012651750526,0.0022122385450926195,0.0,921,6809
Dorsal root ganglion progenitor,V0 interneuron,6.447600381527759,0.22419694925417785,6.41099590498056,0.015501080053025251,0.0,921,2114
Dorsal root ganglion progenitor,V1 interneuron,6.182765086675457,0.03823693582813181,1.085430509109204,0.001626040617121904,0.83,921,1795
Dorsal root ganglion progenitor,V2 interneuron,5.77375470395868,-0.1947006499808476,-4.906783187071262,0.005043198160968528,0.0,921,842
Dorsal root ganglion progenitor,V3 interneuron,5.24661756162931,-0.3405914319361602,-5.729829411383421,0.004568075262171374,0.0,921,230
Dorsal root ganglion progenitor,Vagal neural crest,7.827937441757542,1.7099741516585443,62.86990711990135,0.005271219362514003,0.0,921,4937
Dorsal root ganglion progenitor,Visceral motor neuron,5.537284108702916,-0.3629877239253065,-9.73726465451143,0.0009394168599218498,0.0,921,2062
Dorsal root ganglion progenitor,Yolk sac endothelial cell,5.358126113821462,-0.08061869506392554,-1.0782247525834316,0.013343600112451772,0.94,921,112
Endocardial cell,Endocardial cell,9.499999999998378,7.105427357601002e-15,6.512624807717451e-05,4.1020767071492614e-29,1.0,1558,1558
Endocardial cell,Endothelial cell,6.466528230625786,0.20124137109414075,10.086707750903654,4.818985564466917e-05,0.0,1558,9493
Endocardial cell,Endothelial progenitor,6.165958027740661,0.01870351380764775,1.290044956118442,0.003332453525894863,0.68,1558,1988
Endocardial cell,Epibranchial placode,5.673142391748993,-0.048176512197018496,-1.974172728772573,0.003160309047841353,0.74,1558,3606
Endocardial cell,Epibranchial sensory neuron,5.65736586022133,-0.025884820742377634,-0.7626447090363779,0.002022128033147754,0.25,1558,1270
Endocardial cell,Epicardium,6.4248304957074085,0.6477968038691732,30.10631997765731,0.004802530221910392,0.0,1558,1288
Endocardial cell,Epidermal progenitor (anterior),5.878831528780135,-0.035909546520321044,-1.2703197467903964,0.014945761139720109,0.0,1558,7561
Endocardial cell,Epidermal progenitor (posterior),5.861252050425375,-0.0486586968629652,-2.35533799823423,0.006679613110352998,0.03,1558,16776
Endocardial cell,Extraembryonic mesoderm,6.153199443383603,0.3521682588442256,19.22600116262916,2.734463589903784e-05,0.0,1558,5300
Endocardial cell,Eye field,5.704305146264399,-0.32614268850981887,-16.946959850214046,0.0010063273860232858,0.0,1558,8896
Endocardial cell,Facial branchiomotor neuron,5.44354174929796,-0.17771043192741084,-5.167846195705263,0.017509344610256442,0.2,1558,521
Endocardial cell,Floor plate (anterior),5.704744025684772,-0.29567407227116504,-13.678502596835727,0.0010609467183551498,0.0,1558,8689
Endocardial cell,Floor plate (posterior),5.709956058904754,-0.32928535171500695,-15.46429777437128,0.012876864404295151,0.0,1558,8099
Endocardial cell,Forelimb field,5.962356827138936,-0.0962706771057708,-4.844610084661791,0.010226059374812793,0.29,1558,25891
Endocardial cell,Frontonasal mesenchyme,5.818228963041386,-0.2424025537258121,-12.424535668962818,0.004681040626537659,0.0,1558,24672
Endocardial cell,Head paraxial mesoderm,6.246860680704664,0.21723614974642066,11.559238561365197,0.00027353907752673264,0.0,1558,32981
Endocardial cell,Hematopoietic progenitor,5.260426193793447,-0.008712556098855906,-0.0328183122889539,0.007734070639637582,0.4,1558,87
Endocardial cell,Hemogenic endothelium,5.505545071517722,0.023689408885535872,0.7081456420284774,0.007875918786357457,0.24,1558,141
Endocardial cell,Hepatoblast,5.435662523174631,-0.06518609184157735,-3.3041766337590057,0.00797367600959335,0.64,1558,1255
Endocardial cell,Hindbrain (isthmic organizer),5.718009528238295,-0.33900592088110965,-16.849007456198667,0.0005796218285036321,0.0,1558,3921
Endocardial cell,Hindbrain (r1),5.784883729351418,-0.40108081664847717,-20.944790736836477,0.0010123522882437743,0.0,1558,16440
Endocardial cell,Hindbrain (r2-r4),5.85042552775933,-0.4324149450579468,-24.82678360306591,0.0005249166342290948,0.0,1558,26863
Endocardial cell,Hindbrain (r5-r8),5.847749670728336,-0.46127609972785893,-21.364736373341284,0.00028655001510619337,0.0,1558,28972
Endocardial cell,Hindgut,5.628268877233066,0.059459574843050866,2.589025400886276,0.015367903567723974,0.0,1558,3029
Endocardial cell,Hindlimb field,5.879075011619743,-0.13817447911305938,-6.05655850309401,0.005227232679749961,0.04,1558,6150
Endocardial cell,Hypaxial myogenic progenitor,5.9435675916500985,-0.14892569693543192,-7.572283677021001,0.0006993942788995023,0.0,1558,5322
Endocardial cell,Hypothalamic neuron,5.502851555823394,-0.260454500369842,-8.572628860414497,0.0017568375473367343,0.0,1558,534
Endocardial cell,Hypothalamus,5.6833205107959515,-0.2543287751711336,-13.050042016700369,0.0032274699805830472,0.0,1558,7652
Endocardial cell,Inflow tract,6.428296019546916,0.563532198807664,29.843278914054185,0.002771757982453696,0.0,1558,2494
Endocardial cell,Intermediate mesoderm (nephrogenic),5.879918111136187,-0.30846433646797955,-15.052820339657488,0.004860813658265388,0.0,1558,6458
Endocardial cell,Intermediate mesoderm (posterior),5.838781991188014,-0.2548515078111245,-11.55645102274237,0.010701015143747812,0.0,1558,4198
Endocardial cell,Juxtacardiac field,6.374160135809851,0.6469627963875976,28.247433628264215,0.03415086734286307,0.0,1558,1386
Endocardial cell,Left ventricle,6.496575845752942,0.7735976863163326,32.680684579206094,0.01170914903787384,0.0,1558,1174
Endocardial cell,Lens placode,5.684232332738269,-0.10646995861482249,-4.817887511348523,0.006113723295458011,0.48,1558,2811
Endocardial cell,Macrophage,5.4384796790136045,0.04663262223640737,1.756642995770483,0.003293089284755503,0.52,1558,966
Endocardial cell,Megakaryocyte,5.533099692262063,0.02307805350393573,0.7721670006123458,0.0013636302171972216,0.62,1558,482
Endocardial cell,Mesothelium,5.656354572675075,-0.045449299736994554,-1.1698498049779629,0.007692589131295448,0.18,1558,346
Endocardial cell,Midbrain,5.771774413431004,-0.3773009191054794,-18.892397654198902,0.00010215392579474422,0.0,1558,21466
Endocardial cell,Midbrain GABAergic neuron,5.276573798087063,-0.18264566943767177,-3.4227570533952396,0.004211740807871442,0.07,1558,118
Endocardial cell,Midbrain neuron,5.750541191968132,-0.36196473852488015,-17.0805015576052,0.0010208821449215828,0.0,1558,4345
Endocardial cell,Midgut,5.62610870426854,0.056575227153932595,2.1963859434111987,0.04320605753603538,0.0,1558,1667
Endocardial cell,Myotome,5.871967223047142,-0.22149546475113446,-10.398018161643838,0.0016132675974854448,0.0,1558,2201
Endocardial cell,Nascent somite,5.887866900147388,-0.27737312515828805,-13.023123226702495,0.0021917425971122433,0.0,1558,6475
Endocardial cell,Notochord,5.627807599918756,-0.022151307692297745,-1.7480007967633862,0.02000351785282075,0.0,1558,956
Endocardial cell,Oculomotor neuron,5.224911438424339,-0.11254743109795722,-1.9538087864081188,0.009985040045836953,0.99,1558,122
Endocardial cell,Olfactory placode,5.706695903070035,-0.16297263014790944,-7.6414608540270175,0.011301815650597843,0.02,1558,5872
Endocardial cell,Olfactory sensory neuron,5.511079124628516,-0.1493559509162671,-4.133662108621288,0.007206242923669398,0.07,1558,389
Endocardial cell,Otic placode,5.629308722454577,-0.1102927526961146,-4.447457495973011,0.0038864030762261613,0.05,1558,2365
Endocardial cell,Otic sensory neuron,5.522871821686288,-0.11646303373153177,-3.7881739937686345,0.0026906846678623098,0.01,1558,974
Endocardial cell,Outflow tract,6.245168513189847,0.576908866490197,23.217411209853754,0.004111482076075291,0.0,1558,890
Endocardial cell,Pancreatic-biliary progenitor,5.5226922199332025,0.009830401209539374,0.37459168348344196,0.022559567256299436,0.82,1558,373
Endocardial cell,Paraventricular hypothalamic neuron,5.266807298339043,-0.16453317982845306,-3.479213974482151,0.002425213248063552,0.01,1558,192
Endocardial cell,Periocular mesoderm,5.890214727188153,0.3375338989474959,14.994769015770745,0.02663168967317354,0.0,1558,1739
Endocardial cell,Pharyngeal arch mesenchyme (p1-p2),5.825517327433727,-0.264538925207454,-12.941961462380766,0.007518990778918015,0.0,1558,29887
Endocardial cell,Pharyngeal arch mesenchyme (p3-p4),5.732977205075227,-0.2739191193733926,-11.792649375121265,0.011628009913991256,0.0,1558,9198
Endocardial cell,Pharyngeal endoderm,5.76461608181101,0.048312150197021175,2.3847345477025677,0.011649114105170015,0.0,1558,5045
Endocardial cell,Pharyngeal mesoderm,6.489431532253346,0.565897503565135,32.30238703638383,0.011408646491713912,0.0,1558,7691
Endocardial cell,Presomitic mesoderm,5.863413177036814,-0.3193337266524828,-16.04679347662696,0.005126472846416028,0.0,1558,8521
Endocardial cell,Primordial germ cell,4.698857884312593,-0.19157864485121356,-2.303050978128197,0.034346831973421824,0.66,982,25
Endocardial cell,Respiratory progenitor,5.585550544258141,0.05444228670630302,1.5521911086252917,0.006051545762026274,0.54,1558,1209
Endocardial cell,Right ventricle,6.107289610902922,0.584917791888795,20.267184618990836,0.008939723377965735,0.0,1558,730
Endocardial cell,Roof plate (anterior),5.7338197460295435,-0.32779789179586566,-14.430014526623772,0.0076943866937329766,0.0,1558,3787
Endocardial cell,Roof plate (posterior),5.7792821174002285,-0.2935834834935355,-12.851477103242303,0.0029923825553618026,0.0,1558,2248
Endocardial cell,Sacral neural crest,5.723498398614512,-0.2121910058685863,-8.487459967798443,0.0018046833308151503,0.0,1558,2156
Endocardial cell,Sclerotome,6.091345230819226,-0.2841260117758348,-15.040158250536784,0.0010789405091039593,0.0,1558,74334
Endocardial cell,Second heart field (anterior),6.235073258261803,0.5699651651440073,24.12292475492624,0.012571447938829602,0.0,1558,1040
Endocardial cell,Somatic mesoderm (anterior),6.3298022401956855,0.1976060825193239,10.018140375773617,0.007432410600897117,0.0,1558,14544
Endocardial cell,Somatic mesoderm (posterior),6.066983415748273,-0.18105278613122344,-9.53744355114184,0.0028740831726748583,0.0,1558,48596
Endocardial cell,Somatic mesoderm (tailbud),5.797109049335092,-0.15533318497935333,-7.501858773682013,0.006061130864564947,0.01,1558,3011
Endocardial cell,Somatic motor neuron,5.760260320026116,-0.3895749378660585,-17.598214223172643,0.007380779722456452,0.0,1558,6559
Endocardial cell,Spinal cord (cervical),5.891596806896125,-0.4633273339946407,-22.912261876201768,0.000782246284247685,0.0,1558,41051
Endocardial cell,Spinal cord (lumbar),5.875514826314197,-0.3362643931708898,-15.879198327444179,0.004620265261596161,0.0,1558,12722
Endocardial cell,Spinal cord (sacral),5.855121597899046,-0.2899150162008916,-14.46997663043735,0.003435344734386285,0.0,1558,5351
Endocardial cell,Spinal cord (thoracic),5.888012488225577,-0.40001592468451275,-17.664634433636657,0.0010493829515874967,0.0,1558,35061
Endocardial cell,Spinal cord interneuron progenitor,5.745808390776329,-0.3794205456708622,-15.963247943461722,0.002549115116627735,0.0,1558,2196
Endocardial cell,Splanchnic mesoderm (cardiopulmonary),6.263275019312135,0.30650570486663753,17.173552950533008,0.012333868113575399,0.0,1558,5768
Endocardial cell,Splanchnic mesoderm (gastric),5.887519280715762,-0.03940151556939261,-1.7306488685980446,0.02060061241810665,0.0,1558,3373
Endocardial cell,Splanchnic mesoderm (intestinal),5.98107435589787,-0.1840011962473976,-8.360174870393946,0.003188045462921619,0.0,1558,9676
Endocardial cell,Splanchnic mesoderm (septum transversum),6.283448223967421,0.40408119681268406,20.909256160884684,0.007243299929445585,0.0,1558,2825
Endocardial cell,Subthalamic nucleus neuron,5.574775951182436,-0.18763384105292147,-6.852429184824419,0.006102345473105749,0.0,1558,802
Endocardial cell,Surface ectoderm (posterior),5.3683682563538895,-0.029269485283191326,-0.9041951441082264,0.04682089246824411,0.18,1558,133
Endocardial cell,Telencephalon (dorsal),5.799887399198671,-0.3693168385211611,-20.41243713964042,0.001282900359515773,0.0,1558,31059
Endocardial cell,Telencephalon (ventral),5.694046588163341,-0.26404239456620565,-11.614562109361662,0.009525678467711692,0.0,1558,3241
Endocardial cell,Thyroid progenitor,5.545083708315494,0.038119515757015776,1.4721988823329084,0.015678539128579864,0.82,1558,850
Endocardial cell,Trigeminal branchiomotor neuron,5.562865566436128,-0.16368346907005668,-5.7653198342109775,0.005381831356313088,0.0,1558,872
Endocardial cell,Trigeminal ganglion neuron,5.63693507132908,-0.1887088875144277,-7.608252146233593,0.013054963340669662,0.0,1558,1765
Endocardial cell,Trigeminal placode,5.805251124503708,-0.16509048299333942,-8.060026928057324,0.008643357820129349,0.01,1558,6546
Endocardial cell,Trigeminal sensory neuron,5.7109725914008616,-0.15408959464479258,-6.489986459062599,0.0065875838851482005,0.0,1558,3198
Endocardial cell,Trochlear neuron,5.296949417988646,-0.17546761133672048,-3.515336991997955,0.0011330999837698267,0.0,1558,153
Endocardial cell,Trunk neural crest,5.797997138197508,-0.24966962436279042,-11.956471823697798,0.0010606022252686287,0.0,1558,6809
Endocardial cell,V0 interneuron,5.7748113755372374,-0.3921936651661773,-16.507814410391905,0.0009323460033168249,0.0,1558,2114
Endocardial cell,V1 interneuron,5.750584602395608,-0.3339822496777322,-14.144191717220401,0.00015258983842955418,0.0,1558,1795
Endocardial cell,V2 interneuron,5.642525925221175,-0.2699741323998686,-9.395131395335754,0.007587075557135106,0.0,1558,842
Endocardial cell,V3 interneuron,5.337235014214826,-0.19367638645282495,-4.492157714429749,0.012755449922914238,0.09,1558,230
Endocardial cell,Vagal neural crest,5.816204218101042,-0.2414401420953333,-11.217489255537094,0.005608564415009278,0.0,1558,4937
Endocardial cell,Visceral motor neuron,5.557073426680881,-0.28466539985261274,-11.133467061233853,0.02020384472153538,0.0,1558,2062
Endocardial cell,Yolk sac endothelial cell,5.37728827610248,-0.007099837868590993,-0.07622332714520329,0.006847234333644864,0.66,1558,112
Endothelial cell,Endothelial cell,9.500000000017524,-1.1250259982868252e-14,-0.00011247809747210636,2.0615564989775774e-28,1.0,9493,9493
Endothelial cell,Endothelial progenitor,7.062341490865248,0.4714304868269605,25.55375662242129,0.0009667254779154297,0.0,9493,1988
Endothelial cell,Epibranchial placode,6.10636190810715,-0.058100069524206134,-4.152129617201374,0.00045913680226586064,0.02,9493,3606
Endothelial cell,Epibranchial sensory neuron,6.024091642538241,-0.10320074276362945,-4.258112727886988,0.008677725051668982,0.22,9493,1270
Endothelial cell,Epicardium,6.305307663191884,0.08354087356014588,3.900453499603523,0.0028253678490661304,0.06,9493,1288
Endothelial cell,Epidermal progenitor (anterior),6.2579843776880155,-0.10301233517241275,-9.63105903627509,0.0002765460515725948,0.0,9493,7561
Endothelial cell,Epidermal progenitor (posterior),6.343239113769987,-0.0116661879483105,-1.3540796976416993,0.001441676171571777,0.41,9493,16776
Endothelial cell,Extraembryonic mesoderm,6.154767538875615,-0.09083187825654626,-7.471501406791983,0.0002586028526032007,0.0,9493,5300
Endothelial cell,Eye field,6.030343409999857,-0.445289113735823,-38.94968275043657,0.0010425081336881224,0.0,9493,8896
Endothelial cell,Facial branchiomotor neuron,5.740032906760369,-0.327119400650797,-9.606130055260174,0.006107187057096936,0.0,9493,521
Endothelial cell,Floor plate (anterior),5.986324671452958,-0.46002147562399376,-37.30220971616319,0.0019143337846347138,0.0,9493,8689
Endothelial cell,Floor plate (posterior),6.0545245195701405,-0.4315890986119098,-34.89890424865439,0.005527652136815009,0.0,9493,8099
Endothelial cell,Forelimb field,7.050723132685792,0.5479242692224489,65.70201513132449,0.0026032030488718294,0.0,9493,25891
Endothelial cell,Frontonasal mesenchyme,6.225034994110096,-0.28202159093031476,-31.705889276400896,0.005226751376251892,0.0,9493,24672
Endothelial cell,Head paraxial mesoderm,6.95904925581524,0.4830096216116795,58.89225715332074,0.003157553471895558,0.0,9493,32981
Endothelial cell,Hematopoietic progenitor,5.555779260010159,-0.15828475793213137,-2.0440661962357574,0.0262905990199565,0.95,9493,87
Endothelial cell,Hemogenic endothelium,6.5177594871728495,0.5923115701775474,9.436386951028945,0.0016892400851476154,0.0,9493,141
Endothelial cell,Hepatoblast,5.520338482904578,-0.42583017439464904,-19.115886541639828,0.001269585500426332,0.0,9493,1255
Endothelial cell,Hindbrain (isthmic organizer),6.0577157889563695,-0.4475342899698174,-32.30184795763369,0.001448694221914616,0.0,9493,3921
Endothelial cell,Hindbrain (r1),6.163836462633469,-0.46789256903990734,-49.11745242697959,0.0008362244039984907,0.0,9493,16440
Endothelial cell,Hindbrain (r2-r4),6.277594157738206,-0.452384094295172,-52.63215142329461,0.00044973697482721716,0.0,9493,26863
Endothelial cell,Hindbrain (r5-r8),6.323101004154721,-0.4313230375807387,-47.435708809375264,0.0028045079564099603,0.0,9493,28972
Endothelial cell,Hindgut,5.6334111193692165,-0.3816516805709771,-25.09136551512155,0.0006133916131237393,0.0,9493,3029
Endothelial cell,Hindlimb field,6.827321374492489,0.36572187097822556,30.01318849098807,0.014378964069179356,0.0,9493,6150
Endothelial cell,Hypaxial myogenic progenitor,6.968391568631766,0.4322698423959001,34.811226850298944,0.005928887556561883,0.0,9493,5322
Endothelial cell,Hypothalamic neuron,5.789189424281127,-0.42077368650907054,-14.091034231067374,0.0011834871558055425,0.0,9493,534
Endothelial cell,Hypothalamus,5.963761572932657,-0.41680006912073964,-37.57303211470239,0.00022771739622816394,0.0,9493,7652
Endothelial cell,Inflow tract,6.5855136486605375,0.27694023016528035,18.499010348423983,0.0033532476415073552,0.0,9493,2494
Endothelial cell,Intermediate mesoderm (nephrogenic),6.799366194252282,0.16858040433058274,13.187422070293431,0.0037453967383151137,0.0,9493,6458
Endothelial cell,Intermediate mesoderm (posterior),6.78478993854734,0.24469196832160556,16.97789350710394,0.002657526282303648,0.0,9493,4198
Endothelial cell,Juxtacardiac field,6.399364265015027,0.22943566325880363,11.246213095165665,0.0012752755707992709,0.0,9493,1386
Endothelial cell,Left ventricle,6.103737840185594,-0.06379479338871263,-2.8130009851911644,0.0018184601956443757,0.19,9493,1174
Endothelial cell,Lens placode,6.0851392139683504,-0.15136093537187337,-9.276898093239396,0.002233961589600241,0.0,9493,2811
Endothelial cell,Macrophage,5.478417115870552,-0.358358332772523,-15.6795831552148,0.0035513543789231355,0.0,9493,966
Endothelial cell,Megakaryocyte,5.566625336874325,-0.38755043340109613,-11.291076503875976,0.004545730610916506,0.0,9493,482
Endothelial cell,Mesothelium,6.553588788628023,0.41250826486199116,10.466425729671966,0.005250482502882491,0.0,9493,346
Endothelial cell,Midbrain,6.1176931154999705,-0.4758481834415503,-51.05393872813909,0.0007569049253065487,0.0,9493,21466
Endothelial cell,Midbrain GABAergic neuron,5.557819438425029,-0.350627637552338,-4.9981946305947895,0.01798584062283149,0.0,9493,118
Endothelial cell,Midbrain neuron,6.125708604628784,-0.4308171244055889,-33.23678616578203,0.0042136521162002925,0.0,9493,4345
Endothelial cell,Midgut,5.628864091860887,-0.38723352309742093,-20.30634335734695,0.004955783697563887,0.0,9493,1667
Endothelial cell,Myotome,6.603607316814393,0.06600610437545622,3.79057001109013,0.00182529340541503,0.01,9493,2201
Endothelial cell,Nascent somite,6.398477292298101,-0.2115030425836603,-17.134940598045333,0.005473148566654893,0.0,9493,6475
Endothelial cell,Notochord,5.8140907441456,-0.27745857378204847,-11.584598991705866,0.0016198271924003243,0.0,9493,956
Endothelial cell,Oculomotor neuron,5.526056061341085,-0.2552489247097081,-3.998105491801342,0.002405517084136323,0.01,9493,122
Endothelial cell,Olfactory placode,6.1155124065430755,-0.1994908356838169,-15.509367068763154,0.007359346401917767,0.0,9493,5872
Endothelial cell,Olfactory sensory neuron,5.893343680139858,-0.2143071031845357,-5.699416988393743,0.0034912763556688648,0.0,9493,389
Endothelial cell,Otic placode,6.045254408203317,-0.13599272452186403,-8.339105378159543,0.0015990338915258396,0.0,9493,2365
Endothelial cell,Otic sensory neuron,5.9600155561076695,-0.12377947104936855,-4.888620534441549,0.0025232322730686417,0.0,9493,974
Endothelial cell,Outflow tract,6.421811974502369,0.3129322873666374,13.36112723593663,0.0011504986355079872,0.0,9493,890
Endothelial cell,Pancreatic-biliary progenitor,5.5726148567261875,-0.3864544778507352,-10.19135642882295,0.0016560755290679038,0.0,9493,373
Endothelial cell,Paraventricular hypothalamic neuron,5.534839249877592,-0.3420749799467491,-6.914928740277028,0.004203163731550545,0.0,9493,192
Endothelial cell,Periocular mesoderm,6.45863766173169,0.46360727013185404,23.226399625399353,0.0017687554105448786,0.0,9493,1739
Endothelial cell,Pharyngeal arch mesenchyme (p1-p2),6.272665576984447,-0.2630161746699103,-28.809734298273103,0.0036916762645752745,0.0,9493,29887
Endothelial cell,Pharyngeal arch mesenchyme (p3-p4),6.210480535232905,-0.24411156426066358,-20.49541669738822,0.0011872787869151016,0.0,9493,9198
Endothelial cell,Pharyngeal endoderm,5.799438264872414,-0.36286685761676996,-29.06214510413604,0.00401820434470845,0.0,9493,5045
Endothelial cell,Pharyngeal mesoderm,6.93033744166307,0.5640132836224337,52.18263970633913,0.0006145510756551236,0.0,9493,7691
Endothelial cell,Presomitic mesoderm,6.38747454935458,-0.2387324006095115,-21.31019497178654,0.004511219123297272,0.0,9493,8521
Endothelial cell,Primordial germ cell,4.740531285892597,-0.5809484802536553,-5.409781205104451,0.02970916492786382,0.01,5487,25
Endothelial cell,Respiratory progenitor,5.592047512714906,-0.3833152216819154,-17.69951535959122,0.002667535599941137,0.0,9493,1209
Endothelial cell,Right ventricle,6.2494451782945974,0.27965284854847905,10.185563388161855,0.0014784749879210028,0.0,9493,730
Endothelial cell,Roof plate (anterior),6.194888230235865,-0.31182570379352786,-22.201305987177026,0.0037928548517204602,0.0,9493,3787
Endothelial cell,Roof plate (posterior),6.276384024925794,-0.23954386768796887,-13.912882496778593,0.006349727522609582,0.0,9493,2248
Endothelial cell,Sacral neural crest,6.231261389476971,-0.14832942962822906,-8.198013088355124,0.0056094074512500975,0.0,9493,2156
Endothelial cell,Sclerotome,6.918967148801279,0.09908651436126477,13.089284459593687,0.0006027616381121309,0.0,9493,74334
Endothelial cell,Second heart field (anterior),6.3883371928397805,0.2807543877847281,12.297347292104222,8.06763679976693e-05,0.0,9493,1040
Endothelial cell,Somatic mesoderm (anterior),7.1115995212962275,0.532745816560858,56.97923351998836,0.005410457143585867,0.0,9493,14544
Endothelial cell,Somatic mesoderm (posterior),7.30521182226897,0.613391681573002,66.26783406402627,0.0025291232078788156,0.0,9493,48596
Endothelial cell,Somatic mesoderm (tailbud),6.363623876701404,-0.0302916870271502,-2.133411715941117,0.010483608733112151,0.91,9493,3011
Endothelial cell,Somatic motor neuron,6.211342131061717,-0.38408323687755414,-30.981792797115855,0.008251952277771289,0.0,9493,6559
Endothelial cell,Spinal cord (cervical),6.390249237230815,-0.41154984227631025,-44.2822330999725,0.005033847884514288,0.0,9493,41051
Endothelial cell,Spinal cord (lumbar),6.390216623742551,-0.26821370922005955,-27.50598122687262,0.005663293868290745,0.0,9493,12722
Endothelial cell,Spinal cord (sacral),6.349596141958119,-0.24462598750316586,-18.81946867160349,0.005360135930185491,0.0,9493,5351
Endothelial cell,Spinal cord (thoracic),6.397379812208061,-0.3363594388907458,-38.343734207255146,0.004341863921762897,0.0,9493,35061
Endothelial cell,Spinal cord interneuron progenitor,6.186418603493,-0.38362050386345015,-21.689787771302733,0.004447972092785678,0.0,9493,2196
Endothelial cell,Splanchnic mesoderm (cardiopulmonary),6.8911034145188355,0.4895207994829051,42.987618165364744,0.002444742333257802,0.0,9493,5768
Endothelial cell,Splanchnic mesoderm (gastric),6.826949073017339,0.455917144080237,33.07581189520865,0.0009976595339324503,0.0,9493,3373
Endothelial cell,Splanchnic mesoderm (intestinal),7.206101921454329,0.5950958070568634,46.414416772656075,0.0026979601730646096,0.0,9493,9676
Endothelial cell,Splanchnic mesoderm (septum transversum),6.623113485958084,0.3003414961363691,21.391319475637854,0.011288766568218367,0.0,9493,2825
Endothelial cell,Subthalamic nucleus neuron,5.818441674533129,-0.386706560433877,-15.573176101622286,0.0016879211221202993,0.0,9493,802
Endothelial cell,Surface ectoderm (posterior),5.821499837932353,-0.016117994198904622,-0.29995913966452464,0.0007111098268426967,0.93,9493,133
Endothelial cell,Telencephalon (dorsal),6.154499649583528,-0.45920479518459495,-47.76664252180033,0.0014417007436390518,0.0,9493,31059
Endothelial cell,Telencephalon (ventral),6.014383178648681,-0.3910843075542883,-26.424457867389748,0.0024501005385919494,0.0,9493,3241
Endothelial cell,Thyroid progenitor,5.534373781498964,-0.41820062435323574,-16.840710604181314,0.0009892971572921362,0.0,9493,850
Endothelial cell,Trigeminal branchiomotor neuron,5.846038876176446,-0.3240862558690913,-12.495419864277162,0.005768755728846309,0.0,9493,872
Endothelial cell,Trigeminal ganglion neuron,6.04221640679926,-0.228456809474871,-12.778721518579182,0.004676918576978557,0.0,9493,1765
Endothelial cell,Trigeminal placode,6.2348737110469274,-0.17928057783111426,-15.109292275312818,3.545334960868892e-05,0.0,9493,6546
Endothelial cell,Trigeminal sensory neuron,6.158270140328701,-0.15327404495085753,-9.741689597946399,0.0007844938501380621,0.0,9493,3198
Endothelial cell,Trochlear neuron,5.628122985858226,-0.288632405345461,-4.511492608450636,0.0011315412203638494,0.0,9493,153
Endothelial cell,Trunk neural crest,6.298995792961282,-0.19503343694351472,-17.450484135295135,0.002832160679562688,0.0,9493,6809
Endothelial cell,V0 interneuron,6.222329035483374,-0.3901066949608018,-22.803265842478975,0.004901977049655446,0.0,9493,2114
Endothelial cell,V1 interneuron,6.183958875961614,-0.3473085762967833,-18.49537774058516,0.004013657083522935,0.0,9493,1795
Endothelial cell,V2 interneuron,6.012994637624177,-0.34229682410316126,-13.385267623369446,0.0037719637481369896,0.0,9493,842
Endothelial cell,V3 interneuron,5.654948206491322,-0.3196293089252255,-6.673416788649182,0.005471084062033018,0.0,9493,230
Endothelial cell,Vagal neural crest,6.265186257402097,-0.23880557443846287,-18.371374475229942,0.0029877488426040674,0.0,9493,4937
Endothelial cell,Visceral motor neuron,5.902246638604075,-0.38457531059410144,-20.479184218784773,0.015217800039850618,0.0,9493,2062
Endothelial cell,Yolk sac endothelial cell,6.439101414633199,0.6117104215273909,8.783984963635984,0.02986988455766282,0.0,9493,112
Endothelial progenitor,Endothelial progenitor,9.499999999991696,-2.3684757858670005e-15,-3.5523981478933335e-05,4.23881259738757e-28,1.0,1988,1988
Endothelial progenitor,Epibranchial placode,5.990944272678327,-0.05323192301880327,-2.3230018187322496,0.0024448129943396785,0.41,1988,3606
Endothelial progenitor,Epibranchial sensory neuron,5.914861937376241,-0.09240957055629906,-3.1911848096683104,0.010243463081116528,0.42,1988,1270
Endothelial progenitor,Epicardium,6.068048072568189,-0.03322461060390965,-0.9778774895868197,0.0073800874578413,0.01,1988,1288
Endothelial progenitor,Epidermal progenitor (anterior),6.094899610989195,-0.14464370129360718,-7.475532348715479,0.002982304314313361,0.0,1988,7561
Endothelial progenitor,Epidermal progenitor (posterior),6.149411803625942,-0.08545897559391473,-4.788290897203905,0.0007339841448649154,0.0,1988,16776
Endothelial progenitor,Extraembryonic mesoderm,5.948189464177872,-0.1757724288024146,-10.567611307257602,0.0014274662096198927,0.0,1988,5300
Endothelial progenitor,Eye field,6.047386146403077,-0.30862309543008176,-17.08799330636432,0.0032104986756280244,0.0,1988,8896
Endothelial progenitor,Facial branchiomotor neuron,5.719698803864243,-0.22681690402812146,-5.932296233810967,0.004739716385366162,0.0,1988,521
Endothelial progenitor,Floor plate (anterior),5.962893704222254,-0.3633370877283628,-19.16136024590077,0.0001700006888982423,0.0,1988,8689
Endothelial progenitor,Floor plate (posterior),6.085099964877032,-0.2799170437317923,-14.322169063368202,0.004045337371288826,0.0,1988,8099
Endothelial progenitor,Forelimb field,6.7274468705187305,0.34479789089544227,20.584069064327114,0.0025223401671997593,0.0,1988,25891
Endothelial progenitor,Frontonasal mesenchyme,6.2116163607305515,-0.17282694826842082,-9.7053455314355,0.0022664779021311938,0.0,1988,24672
Endothelial progenitor,Head paraxial mesoderm,6.494488826481697,0.13992459992355943,10.047473771173623,0.00503076290896972,0.0,1988,32981
Endothelial progenitor,Hematopoietic progenitor,5.342269820338875,-0.26019287044902456,-3.12335936505329,0.00414835776198601,0.01,1988,87
Endothelial progenitor,Hemogenic endothelium,5.842706860510539,0.03786274983911664,0.663681637067625,0.029703189372538772,0.96,1988,141
Endothelial progenitor,Hepatoblast,5.514102944404674,-0.31053931627182507,-10.81335803426672,0.0010255982780569303,0.0,1988,1255
Endothelial progenitor,Hindbrain (isthmic organizer),6.088814312724811,-0.29444676367648775,-13.799004671905585,0.0011617200555163268,0.0,1988,3921
Endothelial progenitor,Hindbrain (r1),6.203882037454636,-0.30764804860813505,-17.55061303462485,5.633218948665572e-05,0.0,1988,16440
Endothelial progenitor,Hindbrain (r2-r4),6.342278785063918,-0.26743136010783203,-15.070150676268645,0.00123531367802338,0.0,1988,26863
Endothelial progenitor,Hindbrain (r5-r8),6.369641624882495,-0.26438664970004044,-13.84145324360245,0.004428581097790019,0.0,1988,28972
Endothelial progenitor,Hindgut,5.587491331852177,-0.3062742888286847,-15.822628073432824,0.002534968372372794,0.0,1988,3029
Endothelial progenitor,Hindlimb field,6.591334043231622,0.25052788315009406,12.419523893913597,0.014830101891736447,0.0,1988,6150
Endothelial progenitor,Hypaxial myogenic progenitor,7.103815836771279,0.6858535478033275,37.48530582859494,0.004401566819861983,0.0,1988,5322
Endothelial progenitor,Hypothalamic neuron,5.786965511092977,-0.29793193039282073,-7.989759609951437,0.0007033456633006058,0.0,1988,534
Endothelial progenitor,Hypothalamus,5.950917159817675,-0.31149133551065056,-15.300104577419495,0.0026536082257965954,0.0,1988,7652
Endothelial progenitor,Inflow tract,6.29121492746156,0.10285034886728599,4.807499410242378,0.004480596911657193,0.0,1988,2494
Endothelial progenitor,Intermediate mesoderm (nephrogenic),7.115296722597667,0.6026080310775587,30.896503212556194,0.004030906163654903,0.0,1988,6458
Endothelial progenitor,Intermediate mesoderm (posterior),6.940436198453599,0.5198576841923396,25.429954599570056,0.003933693526569366,0.0,1988,4198
Endothelial progenitor,Juxtacardiac field,6.157427452405872,0.10524865973935071,4.739744427483084,0.0016075769352519383,0.01,1988,1386
Endothelial progenitor,Left ventricle,5.907916509354011,-0.13825239975360995,-5.13787287832608,0.0036518970644293207,0.01,1988,1174
Endothelial progenitor,Lens placode,5.951607077633433,-0.16342934097269346,-7.329391588733504,0.0051037305342587075,0.01,1988,2811
Endothelial progenitor,Macrophage,5.430485063378238,-0.2851921379848574,-9.47140064768767,0.0027096398977865276,0.0,1988,966
Endothelial progenitor,Megakaryocyte,5.490836472425923,-0.3448329374038422,-9.195156037857126,0.002258590907844806,0.0,1988,482
Endothelial progenitor,Mesothelium,6.372754545913736,0.34802864688416274,8.124233494023775,0.010174931196844896,0.0,1988,346
Endothelial progenitor,Midbrain,6.155922055140064,-0.3159061450507605,-18.010113794927552,0.0008550140952523692,0.0,1988,21466
Endothelial progenitor,Midbrain GABAergic neuron,5.533983106499879,-0.2491177282523441,-3.361371692911746,0.0038321384266952275,0.0,1988,118
Endothelial progenitor,Midbrain neuron,6.151665352731579,-0.28489763363001774,-14.566610629363334,0.00540983487626746,0.0,1988,4345
Endothelial progenitor,Midgut,5.5490917953187235,-0.34577330705856263,-14.537968835523971,0.0012841700129360273,0.0,1988,1667
Endothelial progenitor,Myotome,6.718595714396922,0.30273131457488284,13.453539303307844,0.0025032488020435167,0.0,1988,2201
Endothelial progenitor,Nascent somite,6.517319895917645,0.028355396060614584,1.341635816711851,0.0017205199811076478,0.29,1988,6475
Endothelial progenitor,Notochord,5.714568588934287,-0.25971430895360115,-9.62783572450927,0.0024442718646310244,0.0,1988,956
Endothelial progenitor,Oculomotor neuron,5.505289731426724,-0.15158731074070886,-2.273429448706738,0.0015287998281308147,0.18,1988,122
Endothelial progenitor,Olfactory placode,5.999665782598232,-0.19535782128915033,-10.46838231695955,0.0034091570241439927,0.0,1988,5872
Endothelial progenitor,Olfactory sensory neuron,5.815528339235745,-0.17100695033094868,-4.404970628078071,0.008387914208318907,0.05,1988,389
Endothelial progenitor,Otic placode,5.904695794312019,-0.15843593092970387,-6.6236969097655205,0.0028286825868393244,0.0,1988,2365
Endothelial progenitor,Otic sensory neuron,5.827808204604854,-0.13608753271856747,-4.850144000222189,0.0012486450147358242,0.0,1988,974
Endothelial progenitor,Outflow tract,6.474900008841916,0.4851345706184335,16.63318707389278,0.005773452499056671,0.0,1988,890
Endothelial progenitor,Pancreatic-biliary progenitor,5.51964823912557,-0.32276038944314145,-7.7185351196196095,0.0010034642508402567,0.0,1988,373
Endothelial progenitor,Paraventricular hypothalamic neuron,5.495303051495303,-0.250675558594921,-4.438299835348838,0.0029633039443087233,0.0,1988,192
Endothelial progenitor,Periocular mesoderm,6.141297501146017,0.26594679977119257,12.27634198481202,0.03589886982230825,0.1,1988,1739
Endothelial progenitor,Pharyngeal arch mesenchyme (p1-p2),6.223327713549093,-0.19230615850445845,-10.835236315614772,0.006086196846367608,0.0,1988,29887
Endothelial progenitor,Pharyngeal arch mesenchyme (p3-p4),6.1787229595519015,-0.15582844915242186,-7.534823757363356,0.00048615366619724886,0.0,1988,9198
Endothelial progenitor,Pharyngeal endoderm,5.742980272342886,-0.2963861090264566,-15.661777482128343,0.00693728386809816,0.0,1988,5045
Endothelial progenitor,Pharyngeal mesoderm,6.775146449985417,0.5271753145271024,34.030948409720494,0.0024558632960669066,0.0,1988,7691
Endothelial progenitor,Presomitic mesoderm,6.5022959414213775,-0.004560378732220964,-0.2944273782472506,0.0010491635521479607,0.79,1988,8521
Endothelial progenitor,Primordial germ cell,4.780486265192627,-0.4665134573553096,-4.241535897282371,0.005453811534604917,0.0,1400,25
Endothelial progenitor,Respiratory progenitor,5.559805766846047,-0.29743189896606353,-9.99626257191188,0.002209002448750054,0.0,1988,1209
Endothelial progenitor,Right ventricle,6.199701296140426,0.35816970029186174,8.922602849835256,0.06966623711820938,0.0,1988,730
Endothelial progenitor,Roof plate (anterior),6.196207410016695,-0.1905721812322453,-8.410989124310895,2.1220835430027187e-05,0.0,1988,3787
Endothelial progenitor,Roof plate (posterior),6.332073710208351,-0.06340742049042951,-2.6127901432924685,6.834307871867002e-05,0.04,1988,2248
Endothelial progenitor,Sacral neural crest,6.301079524519885,0.03931480325016542,1.6834473127502607,0.010234824850057955,0.0,1988,2156
Endothelial progenitor,Sclerotome,7.200519275173363,0.5002895185734232,27.94423187146234,0.0039157487262913805,0.0,1988,74334
Endothelial progenitor,Second heart field (anterior),6.264634977773638,0.27699269534469906,9.75524284955965,0.015542954910803528,0.0,1988,1040
Endothelial progenitor,Somatic mesoderm (anterior),6.7987621472918285,0.340450976971914,18.663154623228653,0.0032166509920507377,0.0,1988,14544
Endothelial progenitor,Somatic mesoderm (posterior),6.924849981706099,0.353745065955455,19.281406218580084,0.0014196835602378092,0.0,1988,48596
Endothelial progenitor,Somatic mesoderm (tailbud),6.372777127741409,0.09724416674750429,4.684474232714572,0.00566482801341365,0.48,1988,3011
Endothelial progenitor,Somatic motor neuron,6.252434328508248,-0.22606356302578265,-11.130533817331594,0.00378394741793442,0.0,1988,6559
Endothelial progenitor,Spinal cord (cervical),6.476931340571437,-0.20399399862116763,-10.707399953513681,0.0019602457310935037,0.0,1988,41051
Endothelial progenitor,Spinal cord (lumbar),6.498408406199807,-0.038176812725336205,-2.0938943433874164,0.00162877902475554,0.74,1988,12722
Endothelial progenitor,Spinal cord (sacral),6.428432957242545,-0.04659842428728034,-2.2100463134400243,0.0011208130886085075,0.47,1988,5351
Endothelial progenitor,Spinal cord (thoracic),6.519423349473393,-0.09269289702430801,-5.186367783252202,0.0016086021531895958,0.0,1988,35061
Endothelial progenitor,Spinal cord interneuron progenitor,6.19553375597098,-0.25584704476977915,-10.773275947887056,0.0013771333413307768,0.0,1988,2196
Endothelial progenitor,Splanchnic mesoderm (cardiopulmonary),6.713275719924532,0.43284995332095705,23.166108325601144,0.009062022529198431,0.0,1988,5768
Endothelial progenitor,Splanchnic mesoderm (gastric),6.486278305419654,0.23212488982487814,10.496019905156572,0.004640930446172949,0.0,1988,3373
Endothelial progenitor,Splanchnic mesoderm (intestinal),6.801998584502194,0.3088472990492412,15.056558336699624,0.0020489251954028563,0.0,1988,9676
Endothelial progenitor,Splanchnic mesoderm (septum transversum),6.233044217994222,0.029301952350830735,1.1532047253509654,0.005394993780723806,0.99,1988,2825
Endothelial progenitor,Subthalamic nucleus neuron,5.759480030831516,-0.3219673344911964,-11.034345174484015,9.694885693543386e-05,0.0,1988,802
Endothelial progenitor,Surface ectoderm (posterior),5.653233304856289,-0.07584697627032178,-1.1076431693180562,0.0005329229069030838,0.58,1988,133
Endothelial progenitor,Telencephalon (dorsal),6.167353462598231,-0.3244791642215918,-19.108167877669256,0.000761405735511413,0.0,1988,31059
Endothelial progenitor,Telencephalon (ventral),6.022773815127606,-0.2607848353017233,-12.477903080300893,0.0042251309854654095,0.0,1988,3241
Endothelial progenitor,Thyroid progenitor,5.492613869159068,-0.34093981765519804,-11.274395009629652,0.006564623109949293,0.0,1988,850
Endothelial progenitor,Trigeminal branchiomotor neuron,5.776953889605289,-0.2742132835568505,-8.980019719863604,0.0025887433339475924,0.0,1988,872
Endothelial progenitor,Trigeminal ganglion neuron,5.968196534563464,-0.17957841675018513,-7.935777124050147,0.0012556042346542865,0.0,1988,1765
Endothelial progenitor,Trigeminal placode,6.0842881813952046,-0.20903614271133394,-10.12611499274057,0.007260593660393312,0.0,1988,6546
Endothelial progenitor,Trigeminal sensory neuron,5.972057335690199,-0.21871466058625325,-10.037358787074163,4.342718895516818e-05,0.0,1988,3198
Endothelial progenitor,Trochlear neuron,5.556348248348176,-0.24111273725353963,-3.7026091450853436,0.011411217511669638,0.03,1988,153
Endothelial progenitor,Trunk neural crest,6.343717525744186,-0.03032987238971252,-1.4679022349782753,0.0001851113360467184,0.39,1988,6809
Endothelial progenitor,V0 interneuron,6.285815541623834,-0.2065873371404686,-9.056677724536868,0.0020357808109765095,0.0,1988,2114
Endothelial progenitor,V1 interneuron,6.208243444240957,-0.20271960626806398,-7.965126134163605,0.001076323598203377,0.0,1988,1795
Endothelial progenitor,V2 interneuron,6.024411411736058,-0.21330131744370018,-6.901376214412992,0.0014248980775438858,0.0,1988,842
Endothelial progenitor,V3 interneuron,5.6273871270811044,-0.22582920820091315,-4.237777372954013,0.0017920226357537213,0.0,1988,230
Endothelial progenitor,Vagal neural crest,6.307044005486666,-0.07679121859202957,-3.8549951238839513,0.0008951044228341105,0.0,1988,4937
Endothelial progenitor,Visceral motor neuron,5.880556012211767,-0.2880925623478152,-11.159339657050603,0.007358065463746819,0.0,1988,2062
Endothelial progenitor,Yolk sac endothelial cell,5.991991336197851,0.27819722855495205,3.878402344027441,0.03805252003227223,0.13,1988,112
Epibranchial placode,Epibranchial placode,9.500000000005164,4.736951571734001e-15,5.9195490875093636e-05,3.165961766286994e-28,1.0,3606,3606
Epibranchial placode,Epibranchial sensory neuron,8.074964505026095,2.492499578294119,89.07474160326414,0.010634537766861518,0.0,3606,1270
Epibranchial placode,Epicardium,5.6988567067872795,0.023037781402267754,0.7763440633811992,0.0025188337833737086,0.63,3606,1288
Epibranchial placode,Epidermal progenitor (anterior),7.049692540007773,1.2338842216397998,80.68085193673414,0.007504041623060392,0.0,3606,7561
Epibranchial placode,Epidermal progenitor (posterior),7.043469271516995,1.2341704466080063,84.96881445740269,0.006426834887951148,0.0,3606,16776
Epibranchial placode,Extraembryonic mesoderm,5.77002491677267,0.07011225027743666,3.482911036653139,0.018983836684967455,0.8,3606,5300
Epibranchial placode,Eye field,5.70184340483351,-0.22924770873349468,-14.241954773291296,0.00048576213185604143,0.0,3606,8896
Epibranchial placode,Facial branchiomotor neuron,5.347076690239233,-0.16998543819383075,-4.998487175631639,0.012743053086823178,0.22,3606,521
Epibranchial placode,Floor plate (anterior),5.5104533378045275,-0.38982919178510905,-22.38890302639433,0.007526076165252392,0.0,3606,8689
Epibranchial placode,Floor plate (posterior),5.559098147634461,-0.38047805641413773,-22.683796346756512,0.015059141196788127,0.0,3606,8099
Epibranchial placode,Forelimb field,5.964347545955239,0.006856002644060943,0.44288617987627354,0.0002698063643278724,0.56,3606,25891
Epibranchial placode,Frontonasal mesenchyme,6.108402977181797,0.1463623938580628,13.151609007315443,0.03272090435699463,0.01,3606,24672
Epibranchial placode,Head paraxial mesoderm,5.763122756449107,-0.16690095117668177,-13.750827539697854,0.00010492719377272303,0.0,3606,32981
Epibranchial placode,Hematopoietic progenitor,5.096860242663431,-0.06881327887779598,-0.8250084609427102,0.017606509270325824,0.69,3606,87
Epibranchial placode,Hemogenic endothelium,5.546076564722779,0.16527736409217209,1.9396491166356469,0.018300899399561598,0.27,3606,141
Epibranchial placode,Hepatoblast,5.311660637078625,-0.08949920153773434,-4.611411472175483,0.05910981560399945,0.0,3606,1255
Epibranchial placode,Hindbrain (isthmic organizer),5.638914193362267,-0.31771249466542734,-15.573709057170523,0.014728761017634772,0.0,3606,3921
Epibranchial placode,Hindbrain (r1),5.8282425684555434,-0.2576254123607414,-17.74876343656554,0.0048091200790183145,0.0,3606,16440
Epibranchial placode,Hindbrain (r2-r4),5.954675518212664,-0.2300414551682195,-17.176028827709093,0.0018156254501067186,0.0,3606,26863
Epibranchial placode,Hindbrain (r5-r8),5.92444099277968,-0.28544865325945956,-21.420834542087146,0.0006364317456523449,0.0,3606,28972
Epibranchial placode,Hindgut,5.2815517198281094,-0.18713858615679926,-10.332593439997233,0.03205902021986775,0.38,3606,3029
Epibranchial placode,Hindlimb field,6.201358745496772,0.28604585175107733,15.937065413449014,0.011667177644589452,0.0,3606,6150
Epibranchial placode,Hypaxial myogenic progenitor,5.732684684911066,-0.2600473130539,-15.068941764501817,0.0006978540265375286,0.0,3606,5322
Epibranchial placode,Hypothalamic neuron,5.437553326365787,-0.22877953431147327,-6.3593056437908215,0.029138562607134797,0.21,3606,534
Epibranchial placode,Hypothalamus,5.537928266542919,-0.2978945345641577,-18.2133715295372,0.018546412652180724,0.0,3606,7652
Epibranchial placode,Inflow tract,5.9291205161154155,0.16621640798568915,8.579298502186768,0.00011482246605118342,0.0,3606,2494
Epibranchial placode,Intermediate mesoderm (nephrogenic),6.054255222273613,-0.03321680516108542,-1.9604494653449882,0.0006280713641517195,0.8,3606,6458
Epibranchial placode,Intermediate mesoderm (posterior),5.987626210701577,-0.007614848106833587,-0.664453009308214,0.001681748354891889,0.21,3606,4198
Epibranchial placode,Juxtacardiac field,5.648902047049695,0.021848790681726033,0.5015844129455829,0.0045935437318494025,0.12,3606,1386
Epibranchial placode,Left ventricle,5.493479723035723,-0.1265267227411669,-4.578127825239094,0.0015675674323942686,0.0,3606,1174
Epibranchial placode,Lens placode,6.518832631310059,0.8287396040101346,36.94266678579968,0.055441393498036375,0.0,3606,2811
Epibranchial placode,Macrophage,5.307537276641763,0.016072037784367648,-1.0565362929612938,0.05034997938079192,0.08,3606,966
Epibranchial placode,Megakaryocyte,5.38221857024686,-0.03133630826402101,-0.656761759339182,0.007960733507099017,0.67,3606,482
Epibranchial placode,Mesothelium,5.476375220215857,-0.12275598399876575,-2.2199193367650274,0.022117759772313124,1.0,3606,346
Epibranchial placode,Midbrain,5.76152306752662,-0.2868393738997416,-20.454297516149193,0.008139960966649077,0.0,3606,21466
Epibranchial placode,Midbrain GABAergic neuron,5.17143976188652,-0.19005332172050782,-2.5032014019181372,0.014654715671979384,0.3,3606,118
Epibranchial placode,Midbrain neuron,5.793300154305236,-0.21600695886863708,-11.145458451986364,0.00042133945161457995,0.0,3606,4345
Epibranchial placode,Midgut,5.292381271503423,-0.17712881924415372,-7.100446934023391,0.02037892319277445,0.57,3606,1667
Epibranchial placode,Myotome,5.690553535631925,-0.30274764569691204,-13.75865185426799,0.0004991869627016804,0.0,3606,2201
Epibranchial placode,Nascent somite,5.992536131620891,-0.07086887438584544,-4.537698180465555,0.00042572581115596565,0.0,3606,6475
Epibranchial placode,Notochord,5.371351334611881,-0.1738000191125503,-5.454105136377822,0.009171152067163641,0.0,3606,956
Epibranchial placode,Oculomotor neuron,5.080951873901878,-0.15668944460620468,-2.1563992116395148,0.04645000840328439,0.24,3606,122
Epibranchial placode,Olfactory placode,6.353273002738239,0.5845880541815202,34.1657865911228,0.026005940009403213,0.0,3606,5872
Epibranchial placode,Olfactory sensory neuron,5.909725908641211,0.35509941228527203,7.8115933395847605,0.06857089848159172,0.01,3606,389
Epibranchial placode,Otic placode,6.601798831315563,0.9650888253991141,42.412567282720154,0.0035514901035313684,0.0,3606,2365
Epibranchial placode,Otic sensory neuron,6.380340961744939,0.8421084073803208,27.548220299322566,0.021566280864351424,0.0,3606,974
Epibranchial placode,Outflow tract,5.480590642552784,-0.08464833480141525,-2.842625290465888,0.0007120916502904463,0.1,3606,890
Epibranchial placode,Pancreatic-biliary progenitor,5.222505076385306,-0.19301752752105786,-4.6889836108544065,0.025345278189768568,0.68,3606,373
Epibranchial placode,Paraventricular hypothalamic neuron,5.189868003744517,-0.1408956930845715,-2.1569178246762686,0.005526769882562805,0.21,3606,192
Epibranchial placode,Periocular mesoderm,5.270625020442921,-0.18064555928025458,-6.10809098556192,0.03000719487670404,0.05,3606,1739
Epibranchial placode,Pharyngeal arch mesenchyme (p1-p2),6.254683941987886,0.26381203575124285,20.94687249635045,0.0032132725456050027,0.0,3606,29887
Epibranchial placode,Pharyngeal arch mesenchyme (p3-p4),6.141510524159579,0.2321795112898831,15.52303570476245,0.0033555991836638844,0.0,3606,9198
Epibranchial placode,Pharyngeal endoderm,5.719393740792923,0.10385816665201493,4.9578940963021605,0.09514879775994137,0.0,3606,5045
Epibranchial placode,Pharyngeal mesoderm,5.738918752018403,-0.07992499676664355,-6.330640175095259,0.009027525138884853,0.08,3606,7691
Epibranchial placode,Presomitic mesoderm,5.946907469350634,-0.1338746340673683,-8.21637822490124,0.00020420055423602936,0.0,3606,8521
Epibranchial placode,Primordial germ cell,4.742328149852712,-0.062127221483927464,-0.41332760747715136,0.010200259971140678,0.95,2199,25
Epibranchial placode,Respiratory progenitor,5.301674416034714,-0.12966849894948615,-5.336319778093294,0.05909828966261778,0.0,3606,1209
Epibranchial placode,Right ventricle,5.290820860071785,-0.1323894011887766,-2.843417143567003,0.028267474002278494,0.54,3606,730
Epibranchial placode,Roof plate (anterior),6.118022311023748,0.1563236141307458,7.869612994265161,0.006217784376542456,0.0,3606,3787
Epibranchial placode,Roof plate (posterior),6.02920047509539,0.05841592173744973,2.4371861374839923,0.0003638639146116682,0.11,3606,2248
Epibranchial placode,Sacral neural crest,5.8939921853990995,0.057458745517650435,2.6209680165224856,0.0011105540999304699,0.32,3606,2156
Epibranchial placode,Sclerotome,5.908371785697298,-0.3657715692316487,-27.745591107832706,0.0014514479028952555,0.0,3606,74334
Epibranchial placode,Second heart field (anterior),5.5900004922803035,0.028002479285248388,0.8880218519238814,0.011825745463161773,0.29,3606,1040
Epibranchial placode,Somatic mesoderm (anterior),6.058991149539627,0.027175070541188322,2.0943247431099166,0.0033965584562300984,0.34,3606,14544
Epibranchial placode,Somatic mesoderm (posterior),6.41195080808708,0.26463586538765355,18.48179188677903,0.004836297875970805,0.0,3606,48596
Epibranchial placode,Somatic mesoderm (tailbud),6.110873460546472,0.26318350249333705,12.603244006460557,0.005663062429388081,0.0,3606,3011
Epibranchial placode,Somatic motor neuron,5.65935443739966,-0.3908204494476462,-21.924486592434295,0.004344622570722754,0.0,3606,6559
Epibranchial placode,Spinal cord (cervical),6.015046603619308,-0.23968828268997258,-15.583052051143836,0.001429513536907949,0.0,3606,41051
Epibranchial placode,Spinal cord (lumbar),5.90873424410148,-0.20267370493118472,-13.800154680772588,0.0022527000446744766,0.0,3606,12722
Epibranchial placode,Spinal cord (sacral),5.864837380249452,-0.18310809754885682,-9.88491379824552,0.0002755794632853761,0.0,3606,5351
Epibranchial placode,Spinal cord (thoracic),5.950904508103942,-0.23665422488844445,-17.432319063972432,0.005790475110731482,0.0,3606,35061
Epibranchial placode,Spinal cord interneuron progenitor,5.677320058753845,-0.34842177224621845,-14.422957297015964,0.009818213887677512,0.0,3606,2196
Epibranchial placode,Splanchnic mesoderm (cardiopulmonary),5.82073059534511,-0.03515328805244581,-3.0372895737079855,0.016356656843882746,0.0,3606,5768
Epibranchial placode,Splanchnic mesoderm (gastric),5.800078769588965,-0.026787724991476008,-1.2438088807247822,0.0012478755797357393,0.35,3606,3373
Epibranchial placode,Splanchnic mesoderm (intestinal),6.258857296241412,0.1950670950521225,12.300408501936056,0.006599668438866624,0.0,3606,9676
Epibranchial placode,Splanchnic mesoderm (septum transversum),5.915705594947654,0.1348163164532418,6.3756734813631555,0.00491932494845399,0.0,3606,2825
Epibranchial placode,Subthalamic nucleus neuron,5.308867297336481,-0.35041583560683076,-10.729570543398816,0.004721398816036273,0.0,3606,802
Epibranchial placode,Surface ectoderm (posterior),6.341855404792542,1.0405728649064228,13.447518089305332,0.005712774590969946,0.0,3606,133
Epibranchial placode,Telencephalon (dorsal),5.945374280236719,-0.1243832163314617,-9.143968636455144,0.0034003868735488565,0.0,3606,31059
Epibranchial placode,Telencephalon (ventral),5.8419257072724795,-0.015696654321913844,-0.6729800702844306,0.009441287347758473,0.04,3606,3241
Epibranchial placode,Thyroid progenitor,5.228421279877943,-0.1750272005308474,-6.330757581982116,0.06475989098172315,0.0,3606,850
Epibranchial placode,Trigeminal branchiomotor neuron,5.412107339051805,-0.2111867362041974,-6.846590145612164,0.02688997902768957,0.03,3606,872
Epibranchial placode,Trigeminal ganglion neuron,5.977898482671463,0.25255492954335573,10.078968971387498,0.0007331010696377652,0.0,3606,1765
Epibranchial placode,Trigeminal placode,6.897766027753846,1.0299690755504702,61.51106050406421,0.0009402409168778612,0.0,3606,6546
Epibranchial placode,Trigeminal sensory neuron,6.5524255731577545,0.7885448150933888,39.7157088858147,0.005347329088681876,0.0,3606,3198
Epibranchial placode,Trochlear neuron,5.203825195755468,-0.1651047840083709,-2.5046311221676496,0.03230277496887869,0.62,3606,153
Epibranchial placode,Trunk neural crest,6.065811249194794,0.11805798648809389,6.820230870318348,0.0002301385678563377,0.0,3606,6809
Epibranchial placode,V0 interneuron,5.784843872039352,-0.28268984398199787,-12.156168213801879,0.0010850873351411607,0.0,3606,2114
Epibranchial placode,V1 interneuron,5.688540343203589,-0.2960931295127285,-11.899659369788992,0.0007946426984587574,0.0,3606,1795
Epibranchial placode,V2 interneuron,5.521865997333236,-0.2862872499854155,-9.599927378196226,0.007753680589060835,0.0,3606,842
Epibranchial placode,V3 interneuron,5.208111597790071,-0.22356407182027502,-4.462277448264817,0.03167600294935613,0.17,3606,230
Epibranchial placode,Vagal neural crest,6.086127479791357,0.13089216692700015,7.616859399217873,0.0020209195278384317,0.0,3606,4937
Epibranchial placode,Visceral motor neuron,5.409705577879026,-0.33144091996139596,-13.755509400922158,0.006479373546500634,0.0,3606,2062
Epibranchial placode,Yolk sac endothelial cell,5.212665068801534,-0.06654140108961719,-1.0890932658866552,0.00752016059848578,0.95,3606,112
Epibranchial sensory neuron,Epibranchial sensory neuron,9.500000000013637,-4.144832625267251e-15,-4.144317300219999e-05,1.020260104085842e-28,1.0,1270,1270
Epibranchial sensory neuron,Epicardium,5.700892302775178,0.060849337031590935,2.4213372246467793,0.002530875150946435,0.77,1270,1288
Epibranchial sensory neuron,Epidermal progenitor (anterior),7.0204111027721305,1.2433589500144941,52.791936337402,0.020969435287578022,0.0,1270,7561
Epibranchial sensory neuron,Epidermal progenitor (posterior),6.811914617749024,1.0407849553698718,46.75108656695799,0.004696896857420848,0.0,1270,16776
Epibranchial sensory neuron,Extraembryonic mesoderm,5.705465824862724,0.043732387074311596,1.836059209663456,0.0025752714772548637,0.52,1270,5300
Epibranchial sensory neuron,Eye field,5.678817118485594,-0.21263327869019566,-9.037752980096371,0.0007134517970340843,0.0,1270,8896
Epibranchial sensory neuron,Facial branchiomotor neuron,5.3209231131904895,-0.15446328656396258,-3.728709708645552,0.010213290489674797,0.08,1270,521
Epibranchial sensory neuron,Floor plate (anterior),5.498766442894403,-0.36297804787575316,-14.054420976500067,0.010155168877972047,0.0,1270,8689
Epibranchial sensory neuron,Floor plate (posterior),5.534609863352743,-0.3633561880543154,-14.666485261429019,0.010893366855981624,0.0,1270,8099
Epibranchial sensory neuron,Forelimb field,5.915576321953696,-0.001707853887928934,0.31364848728918115,0.002908668537538674,0.93,1270,25891
Epibranchial sensory neuron,Frontonasal mesenchyme,6.056899240100681,0.13305169560498312,7.356441653553126,0.03704348960138956,0.0,1270,24672
Epibranchial sensory neuron,Head paraxial mesoderm,5.754073116722338,-0.13880482013085604,-6.631686761288857,0.002292253408923698,0.0,1270,32981
Epibranchial sensory neuron,Hematopoietic progenitor,5.064498220237113,-0.06881771385127866,-0.6882433577298892,0.0023342680923648736,0.83,1270,87
Epibranchial sensory neuron,Hemogenic endothelium,5.493508900701105,0.14852694431053237,2.039398351389153,0.0031122411905846812,0.18,1270,141
Epibranchial sensory neuron,Hepatoblast,5.284257470503686,-0.07590889738554818,-3.537965863441528,0.033330211308236476,1.0,1270,1255
Epibranchial sensory neuron,Hindbrain (isthmic organizer),5.637743834709585,-0.2837097259716265,-10.375903616957773,0.016686799360572133,0.0,1270,3921
Epibranchial sensory neuron,Hindbrain (r1),5.824100738241857,-0.22423153474424584,-9.402700766273025,0.010947682195584752,0.0,1270,16440
Epibranchial sensory neuron,Hindbrain (r2-r4),5.929276953171712,-0.2162175439608728,-9.84861736408802,0.016263776297211614,0.0,1270,26863
Epibranchial sensory neuron,Hindbrain (r5-r8),5.874712524580609,-0.2959351112685799,-12.4188833864786,0.010171556786753811,0.0,1270,28972
Epibranchial sensory neuron,Hindgut,5.2807696248138845,-0.14960838476029092,-6.0068618674313905,0.03238196333907574,0.03,1270,3029
Epibranchial sensory neuron,Hindlimb field,6.078799585908321,0.20318817211355386,8.31953967440907,0.04264729827258134,0.6,1270,6150
Epibranchial sensory neuron,Hypaxial myogenic progenitor,5.663085266973892,-0.29086600197163887,-12.494196040580272,0.001949432799633785,0.0,1270,5322
Epibranchial sensory neuron,Hypothalamic neuron,5.402962856577729,-0.2247305108480946,-5.440456504274884,0.012964406722068021,0.01,1270,534
Epibranchial sensory neuron,Hypothalamus,5.50359630330463,-0.2925604524618306,-13.051088170187525,0.004282935544108132,0.0,1270,7652
Epibranchial sensory neuron,Inflow tract,5.877847436654393,0.15405076835775441,6.303007220663672,0.0023689245609384854,0.0,1270,2494
Epibranchial sensory neuron,Intermediate mesoderm (nephrogenic),5.976578162401817,-0.07096786598661471,-2.030635517902743,0.01878317092416467,0.17,1270,6458
Epibranchial sensory neuron,Intermediate mesoderm (posterior),5.892296315830305,-0.06468318370725523,-2.284686071820108,0.003261768891048982,1.0,1270,4198
Epibranchial sensory neuron,Juxtacardiac field,5.6311973297163425,0.04505414395010939,1.4036643290107882,0.0029783135854967308,1.0,1270,1386
Epibranchial sensory neuron,Left ventricle,5.51813723500432,-0.06828698159236761,-2.3706545343143923,0.0016194636224377982,0.31,1270,1174
Epibranchial sensory neuron,Lens placode,6.448679113481543,0.795996467165387,29.273202193590993,0.01874925800728111,0.0,1270,2811
Epibranchial sensory neuron,Macrophage,5.2910513123108736,0.043535817255211974,0.27126406748973936,0.016977211235686875,0.82,1270,966
Epibranchial sensory neuron,Megakaryocyte,5.279047341820104,-0.09047675631690459,-2.1858661238813344,0.0021433941058293443,0.34,1270,482
Epibranchial sensory neuron,Mesothelium,5.490148370045056,-0.07174383124969748,-1.1168788831114254,0.032577194788241864,0.59,1270,346
Epibranchial sensory neuron,Midbrain,5.73915808977866,-0.2720314513811794,-10.914589759580892,0.026250838958573296,0.0,1270,21466
Epibranchial sensory neuron,Midbrain GABAergic neuron,5.178167418194244,-0.14234295122102184,-2.0886691432448576,0.008056364651588363,0.54,1270,118
Epibranchial sensory neuron,Midbrain neuron,5.7544116094148,-0.2190316176609398,-8.06028942975602,0.011819288307049626,0.0,1270,4345
Epibranchial sensory neuron,Midgut,5.237711460606143,-0.19401225938068892,-7.151822479539487,0.04948673953816989,0.04,1270,1667
Epibranchial sensory neuron,Myotome,5.643463488794836,-0.30845468851111946,-11.42529171078577,0.0005112145883791693,0.0,1270,2201
Epibranchial sensory neuron,Nascent somite,5.92976256754967,-0.09389226458054474,-3.553098616252667,0.0033382211012666103,0.1,1270,6475
Epibranchial sensory neuron,Notochord,5.361942287941914,-0.14915145143415,-4.666441257508261,0.007867611161727529,0.01,1270,956
Epibranchial sensory neuron,Oculomotor neuron,5.039587882249079,-0.15970586675274903,-2.2099053007955503,0.04719495032551834,0.41,1270,122
Epibranchial sensory neuron,Olfactory placode,6.292503832883028,0.5610812566659273,22.140643346432853,0.0014012018572776021,0.0,1270,5872
Epibranchial sensory neuron,Olfactory sensory neuron,5.870461595453168,0.3489515761801263,7.507753513594477,0.016393516390411107,0.0,1270,389
Epibranchial sensory neuron,Otic placode,6.600322509945554,1.0029105253016286,34.875721139561726,0.013535734861926302,0.0,1270,2365
Epibranchial sensory neuron,Otic sensory neuron,6.486365614160163,0.9856400602335201,28.20694329728487,0.0065400990746253135,0.0,1270,974
Epibranchial sensory neuron,Outflow tract,5.486295700250056,-0.03920767520355432,-1.1700831392585949,0.0018413540027098772,0.87,1270,890
Epibranchial sensory neuron,Pancreatic-biliary progenitor,5.237138446770579,-0.1356031845253257,-2.9775076797166693,0.021348279413270416,0.47,1270,373
Epibranchial sensory neuron,Paraventricular hypothalamic neuron,5.1925753317268,-0.09969642182105669,-1.5457663317076344,0.016210699510231154,0.91,1270,192
Epibranchial sensory neuron,Periocular mesoderm,5.244726966799852,-0.16852795843845256,-5.692617567036816,0.010924879939412812,0.09,1270,1739
Epibranchial sensory neuron,Pharyngeal arch mesenchyme (p1-p2),6.202377907081352,0.25095429277561276,12.299689068664641,0.013679641983443916,0.0,1270,29887
Epibranchial sensory neuron,Pharyngeal arch mesenchyme (p3-p4),6.097860833973976,0.2267799321960607,9.672212512288343,0.020816971634688014,0.0,1270,9198
Epibranchial sensory neuron,Pharyngeal endoderm,5.578817056548599,-0.0003013893843316258,-0.19941011201813907,0.05416020706445391,0.0,1270,5045
Epibranchial sensory neuron,Pharyngeal mesoderm,5.690213896760795,-0.09288218183320988,-4.543299344673044,0.0037377778470260824,0.27,1270,7691
Epibranchial sensory neuron,Presomitic mesoderm,5.914738950429282,-0.1257523848007868,-4.683511388541352,0.010932851582101407,0.0,1270,8521
Epibranchial sensory neuron,Primordial germ cell,4.770108800294688,0.028411743086517838,0.16116339452579173,0.019025619655709897,0.63,762,25
Epibranchial sensory neuron,Respiratory progenitor,5.258778029703822,-0.13356309840780986,-5.2956833002656,0.03365667953889532,0.1,1270,1209
Epibranchial sensory neuron,Right ventricle,5.331948798623517,-0.048388084275445685,-0.7057867576064041,0.012668284448453328,0.91,1270,730
Epibranchial sensory neuron,Roof plate (anterior),6.061475671383906,0.13616436217993635,5.253670293115597,0.016528979367140536,0.65,1270,3787
Epibranchial sensory neuron,Roof plate (posterior),5.936611025717634,0.0019517473542493373,0.2976484178802747,0.008636421005365507,0.85,1270,2248
Epibranchial sensory neuron,Sacral neural crest,5.81536263293768,0.01619949046761911,1.096922742901939,0.018031701423304097,0.2,1270,2156
Epibranchial sensory neuron,Sclerotome,5.860624887443706,-0.372822024687084,-15.976724867373383,0.004582971517982915,0.0,1270,74334
Epibranchial sensory neuron,Second heart field (anterior),5.567442854836213,0.04140725318687662,1.226483171933306,0.0005151401213328917,0.43,1270,1040
Epibranchial sensory neuron,Somatic mesoderm (anterior),6.02390953770431,0.0284760760467521,1.6245429268252936,0.007418026721219623,0.21,1270,14544
Epibranchial sensory neuron,Somatic mesoderm (posterior),6.296127345285371,0.18996738572965258,9.028254339428585,0.007050602689637133,0.0,1270,48596
Epibranchial sensory neuron,Somatic mesoderm (tailbud),6.103219691821252,0.29239634320058566,10.382894802967082,0.005598160666169138,0.0,1270,3011
Epibranchial sensory neuron,Somatic motor neuron,5.587209232263679,-0.42676962823910064,-15.972565527110694,0.004851434272396339,0.0,1270,6559
Epibranchial sensory neuron,Spinal cord (cervical),5.954437902632137,-0.26113083555388233,-10.484403837097426,0.0074498994904746065,0.0,1270,41051
Epibranchial sensory neuron,Spinal cord (lumbar),5.845454851774446,-0.2262218308196502,-9.174217906322646,0.008883008837580824,0.0,1270,12722
Epibranchial sensory neuron,Spinal cord (sacral),5.797447021451943,-0.21499460126896963,-7.91366516460151,0.017088579635932154,0.0,1270,5351
Epibranchial sensory neuron,Spinal cord (thoracic),5.904838754311585,-0.2432333300624364,-9.241290923313588,0.01862193456280796,0.0,1270,35061
Epibranchial sensory neuron,Spinal cord interneuron progenitor,5.641490878649916,-0.3430748483720401,-11.67931368405972,0.020947825422389474,0.0,1270,2196
Epibranchial sensory neuron,Splanchnic mesoderm (cardiopulmonary),5.763465655655989,-0.05269714246714615,-2.6333700114126217,0.00047572258100748283,0.37,1270,5768
Epibranchial sensory neuron,Splanchnic mesoderm (gastric),5.747907093120635,-0.04249760570150082,-1.3856167157410457,0.004394441418943525,0.81,1270,3373
Epibranchial sensory neuron,Splanchnic mesoderm (intestinal),6.159722691105311,0.1312513382433448,5.6823729796200775,0.0125279599247428,0.13,1270,9676
Epibranchial sensory neuron,Splanchnic mesoderm (septum transversum),5.868629407114732,0.1305655047038415,5.763216904271359,0.00289792329081808,0.0,1270,2825
Epibranchial sensory neuron,Subthalamic nucleus neuron,5.302399503690127,-0.31859689558901394,-8.554655454325637,0.011731818470220541,0.0,1270,802
Epibranchial sensory neuron,Surface ectoderm (posterior),5.837543811610513,0.5737449159232465,7.80009380279034,0.0042771489403166,0.0,1270,133
Epibranchial sensory neuron,Telencephalon (dorsal),5.926023511483393,-0.1063407433980214,-4.973839502071986,0.0013817865932394852,0.0,1270,31059
Epibranchial sensory neuron,Telencephalon (ventral),5.776204964475146,-0.040927341103838145,-1.3031486708401887,0.014794830623301858,0.36,1270,3241
Epibranchial sensory neuron,Thyroid progenitor,5.209551329208148,-0.15787407564306744,-4.87805785832873,0.026962850882391025,0.53,1270,850
Epibranchial sensory neuron,Trigeminal branchiomotor neuron,5.38839467479967,-0.20018056007674576,-6.4181132908164225,0.017523652737757342,0.05,1270,872
Epibranchial sensory neuron,Trigeminal ganglion neuron,5.885200579540381,0.1980761821152178,7.006957103895327,0.013982289786444144,0.05,1270,1765
Epibranchial sensory neuron,Trigeminal placode,6.908136342483934,1.078632424520438,45.6888127466157,0.001964600833915366,0.0,1270,6546
Epibranchial sensory neuron,Trigeminal sensory neuron,6.590525294083041,0.8618805635297443,33.44153729184546,0.014013501917172195,0.0,1270,3198
Epibranchial sensory neuron,Trochlear neuron,5.165644413506757,-0.16137577227016506,-2.2739141017314064,0.03388212842203281,0.47,1270,153
Epibranchial sensory neuron,Trunk neural crest,5.959499518641071,0.04997079046761499,2.918935351245482,0.01607913029378516,0.01,1270,6809
Epibranchial sensory neuron,V0 interneuron,5.732715459188625,-0.29279789656115884,-9.523861977836898,0.012619530719041538,0.0,1270,2114
Epibranchial sensory neuron,V1 interneuron,5.633764985482511,-0.313165113279144,-9.991289457071636,0.008946490552979646,0.0,1270,1795
Epibranchial sensory neuron,V2 interneuron,5.510231923349814,-0.26388634778603787,-7.608557341486647,0.005255651150042374,0.0,1270,842
Epibranchial sensory neuron,V3 interneuron,5.209093113003079,-0.18469449734342427,-3.4500123954780837,0.021435958820684275,0.18,1270,230
Epibranchial sensory neuron,Vagal neural crest,6.016916086409217,0.09735605902947804,4.1381308348375905,0.010619119740266924,0.66,1270,4937
Epibranchial sensory neuron,Visceral motor neuron,5.363242264896367,-0.33766699217062995,-10.582045681665806,0.006092427562398712,0.0,1270,2062
Epibranchial sensory neuron,Yolk sac endothelial cell,5.226190401805965,-0.010946604998372559,0.10732327680866799,0.013880225004715783,0.63,1270,112
Epicardium,Epicardium,9.500000000024436,-4.736951571734001e-15,-5.328344858639215e-05,1.0833689765035227e-28,1.0,1288,1288
Epicardium,Epidermal progenitor (anterior),5.898213072746276,0.028221570980406934,1.8197300809868657,0.012246647481898291,0.78,1288,7561
Epicardium,Epidermal progenitor (posterior),5.908409678553451,0.0439254134686049,1.9297419884386617,0.00612355074238502,0.03,1288,16776
Epicardium,Extraembryonic mesoderm,6.067662393807276,0.31210298361511946,15.24646923106125,0.015630321228329455,0.0,1288,5300
Epicardium,Eye field,5.674025426670744,-0.31210022593087555,-14.366528192210247,0.0009871341683440095,0.0,1288,8896
Epicardium,Facial branchiomotor neuron,5.440965728102886,-0.13345259343718782,-3.6736990985949576,0.0012989190347331505,0.03,1288,521
Epicardium,Floor plate (anterior),5.623970097343722,-0.33062198651404423,-14.178338980008556,0.0043030328330816905,0.0,1288,8689
Epicardium,Floor plate (posterior),5.6619557977647865,-0.3324929984435003,-13.511352130074053,0.010878161295155533,0.0,1288,8099
Epicardium,Forelimb field,5.932662089774239,-0.08058760647176566,-3.8487717562199024,0.002069128762591229,0.09,1288,25891
Epicardium,Frontonasal mesenchyme,5.7996529955127185,-0.21698895626598494,-9.937899332525916,0.004019499819437236,0.0,1288,24672
Epicardium,Head paraxial mesoderm,6.094829542017371,0.10845472582053557,5.4557031091150625,0.002312840226277078,0.0,1288,32981
Epicardium,Hematopoietic progenitor,5.3159525651523145,0.08676439794249428,1.223715272061248,0.010034656391798822,0.95,1288,87
Epicardium,Hemogenic endothelium,5.498174038148555,0.05752616881994932,1.0277175169066206,4.3169275305224824e-05,0.35,1288,141
Epicardium,Hepatoblast,5.431589912250075,-0.020506785096729097,-1.0010934365602615,0.001134722873983844,0.62,1288,1255
Epicardium,Hindbrain (isthmic organizer),5.650298164831525,-0.36277752561095156,-15.809171635463933,0.001864842764903148,0.0,1288,3921
Epicardium,Hindbrain (r1),5.74021631918033,-0.4002680899073372,-18.796697425097868,0.0010047023985219085,0.0,1288,16440
Epicardium,Hindbrain (r2-r4),5.848912309139966,-0.3909453889644574,-18.934381477652106,0.0006573326448108351,0.0,1288,26863
Epicardium,Hindbrain (r5-r8),5.849930774127761,-0.41509230937470826,-18.126206947612904,0.0018087134019289513,0.0,1288,28972
Epicardium,Hindgut,5.47893769293655,-0.04456076669909267,-1.9947840554035234,0.007287196956853302,0.74,1288,3029
Epicardium,Hindlimb field,5.830058640151829,-0.14345475750401585,-5.856811605023782,0.0006369482153016597,0.0,1288,6150
Epicardium,Hypaxial myogenic progenitor,5.876553443109621,-0.16991155581457326,-7.532836142814726,0.005191745556403194,0.0,1288,5322
Epicardium,Hypothalamic neuron,5.475445948915588,-0.242639440708898,-7.343580691319157,0.0019589913088966927,0.0,1288,534
Epicardium,Hypothalamus,5.605599605135638,-0.28478499879319913,-13.14011759197053,0.006689330327472645,0.0,1288,7652
Epicardium,Inflow tract,6.920836294558285,1.1011556694707556,52.00274164282783,0.005129475369879126,0.0,1288,2494
Epicardium,Intermediate mesoderm (nephrogenic),5.821377047256558,-0.3205381501734488,-14.013388251432842,0.0011654874489144466,0.0,1288,6458
Epicardium,Intermediate mesoderm (posterior),5.774812900490983,-0.27330970172970365,-11.25711856134123,0.0001706612597893863,0.0,1288,4198
Epicardium,Juxtacardiac field,6.7032320727848616,1.0205771544716438,44.53179113695117,0.0006005122462262404,0.0,1288,1386
Epicardium,Left ventricle,6.416019133210007,0.7386509039860565,30.672534608905778,0.0016714964127771542,0.0,1288,1174
Epicardium,Lens placode,5.713641573241364,-0.032859246485644235,-1.2496201630005501,0.027083834501173337,0.0,1288,2811
Epicardium,Macrophage,5.4908738098322045,0.14208630885189244,4.389779489709551,0.006434488849940972,0.11,1288,966
Epicardium,Megakaryocyte,5.497031691528517,0.034823026455220805,1.0618378309589946,0.0018518088498687348,0.94,1288,482
Epicardium,Mesothelium,5.6474856878157835,-0.007783084259602428,0.0017794172208610293,0.006128877537032965,0.92,1288,346
Epicardium,Midbrain,5.740450844903756,-0.3616648418943953,-19.02632950521677,0.0008286829110612777,0.0,1288,21466
Epicardium,Midbrain GABAergic neuron,5.149980865825399,-0.25789736586736733,-4.6682005258786345,0.001514909725477914,0.01,1288,118
Epicardium,Midbrain neuron,5.721806959019265,-0.3437392304042639,-14.378466284837742,0.00015826580091920058,0.0,1288,4345
Epicardium,Midgut,5.490926561149429,-0.035782510912592436,-1.7496102993433469,0.02242784350911334,0.3,1288,1667
Epicardium,Myotome,5.811192980221871,-0.23717863306936535,-10.058095169045982,0.0034650464130546346,0.0,1288,2201
Epicardium,Nascent somite,5.858115352849194,-0.2639837266427871,-12.261475788437386,0.005049775140694355,0.0,1288,6475
Epicardium,Notochord,5.571176108078901,-0.03615070721138528,-1.636151482233443,0.015040972858627228,0.0,1288,956
Epicardium,Oculomotor neuron,5.1786112674671365,-0.10851018937647823,-1.892094837793372,0.0025654598244556205,0.24,1288,122
Epicardium,Olfactory placode,5.763974288061312,-0.062452810113943734,-2.4523447308031594,0.021597916845296272,0.0,1288,5872
Epicardium,Olfactory sensory neuron,5.546703593003162,-0.06887329536731279,-1.967515260305393,0.028407129686325472,0.0,1288,389
Epicardium,Otic placode,5.645741494525523,-0.04752930715017071,-1.70213599882998,0.001288705789790209,0.73,1288,2365
Epicardium,Otic sensory neuron,5.612783976787452,0.02078850992738464,0.5768550417017462,0.0011912681732285917,0.71,1288,974
Epicardium,Outflow tract,6.034703932550033,0.4158581782753294,15.470506672435013,0.0007609639167707862,0.0,1288,890
Epicardium,Pancreatic-biliary progenitor,5.427775448022629,-0.04416367794244932,-1.2302834903947615,0.016461110157714575,0.0,1288,373
Epicardium,Paraventricular hypothalamic neuron,5.21739649557476,-0.16934067173718,-2.9595323328818703,0.026853266772666085,0.22,1288,192
Epicardium,Periocular mesoderm,5.754134399777869,0.24585658212470948,9.553202498530263,0.02587519870974095,0.0,1288,1739
Epicardium,Pharyngeal arch mesenchyme (p1-p2),5.828408120710193,-0.21831159943764641,-10.156512457196996,0.007449588117616434,0.0,1288,29887
Epicardium,Pharyngeal arch mesenchyme (p3-p4),5.798482413957918,-0.1650422762918661,-6.219719405963901,0.0042737844312179685,0.0,1288,9198
Epicardium,Pharyngeal endoderm,5.680745087317358,0.008987558909195966,0.411795205909612,0.0014186185287600598,0.64,1288,5045
Epicardium,Pharyngeal mesoderm,6.396712386654893,0.5193065012099763,25.176533514178463,0.0038967784387156828,0.0,1288,7691
Epicardium,Presomitic mesoderm,5.825175328861101,-0.3094792062069602,-13.028645511753146,0.00179514920743506,0.0,1288,8521
Epicardium,Primordial germ cell,4.606136639330499,-0.271255545612644,-2.6974205027347296,9.86390298991851e-05,0.02,781,25
Epicardium,Respiratory progenitor,5.476643891896326,-0.006200693009406659,-0.6874434088755254,0.017612436123781022,0.19,1288,1209
Epicardium,Right ventricle,5.937389573162208,0.4634210332224944,16.573365504655722,0.007878996715649147,0.0,1288,730
Epicardium,Roof plate (anterior),5.790906460175546,-0.22557488401773274,-9.35957252690052,0.01244029035287304,0.0,1288,3787
Epicardium,Roof plate (posterior),5.8086696130427065,-0.21981697593374103,-8.223075889975847,0.0010768531892859435,0.0,1288,2248
Epicardium,Sacral neural crest,5.695425207133603,-0.19730584959369266,-7.360959507673641,0.0005486575035069381,0.0,1288,2156
Epicardium,Sclerotome,5.96716800716752,-0.3633922722689971,-16.185878424031582,0.006356910679950771,0.0,1288,74334
Epicardium,Second heart field (anterior),6.333767808273812,0.7166659922212739,27.070380137057004,0.007638109161246772,0.0,1288,1040
Epicardium,Somatic mesoderm (anterior),6.628718046444505,0.5402395707770333,24.535202469905016,0.012656676038365396,0.0,1288,14544
Epicardium,Somatic mesoderm (posterior),6.045482937351434,-0.15676465216469518,-7.094494976268332,0.004167159670656937,0.0,1288,48596
Epicardium,Somatic mesoderm (tailbud),5.757658070464785,-0.14518643135841666,-5.548956840654273,0.0022907078125192727,0.01,1288,3011
Epicardium,Somatic motor neuron,5.723218057531217,-0.3821072276219792,-15.13481970689741,0.006202499202438612,0.0,1288,6559
Epicardium,Spinal cord (cervical),5.873065827230512,-0.43522404990758784,-18.98617319328511,0.0013832412173705264,0.0,1288,41051
Epicardium,Spinal cord (lumbar),5.824829739318722,-0.3439987736448347,-15.032964634900296,0.005679103139512965,0.0,1288,12722
Epicardium,Spinal cord (sacral),5.78319834425545,-0.32170223864134684,-13.353701595933819,0.007348204010681005,0.0,1288,5351
Epicardium,Spinal cord (thoracic),5.8431167609094565,-0.4005249298375704,-17.29200068244935,0.0034253807833121465,0.0,1288,35061
Epicardium,Spinal cord interneuron progenitor,5.714066653304616,-0.3656462927295605,-14.115739168702005,0.002518566274325793,0.0,1288,2196
Epicardium,Splanchnic mesoderm (cardiopulmonary),6.21682675370799,0.3060247364765785,14.658719282485029,0.006021234184106256,0.0,1288,5768
Epicardium,Splanchnic mesoderm (gastric),5.9083881948410495,0.02516571392744667,1.0496849101991643,0.0020272226536380434,0.24,1288,3373
Epicardium,Splanchnic mesoderm (intestinal),5.983378796301522,-0.13949814836585528,-6.297526622704917,0.0015961655443654983,0.0,1288,9676
Epicardium,Splanchnic mesoderm (septum transversum),6.625491301733507,0.7920096322648303,35.921423512018215,0.02222325511624766,0.0,1288,2825
Epicardium,Subthalamic nucleus neuron,5.4772453078789844,-0.23736230609690553,-7.685386929902033,0.0047030673111510875,0.0,1288,802
Epicardium,Surface ectoderm (posterior),5.40165395402553,0.0488209234896777,0.9562956427028159,0.005029643760490822,0.65,1288,133
Epicardium,Telencephalon (dorsal),5.770777441412174,-0.3549155541663769,-16.613492769354465,0.0009543560987668278,0.0,1288,31059
Epicardium,Telencephalon (ventral),5.697182524425632,-0.21501776757385768,-8.47676456300932,0.0020616556995314687,0.0,1288,3241
Epicardium,Thyroid progenitor,5.438315876348415,-0.023122214741125784,-0.8099506477211302,0.0017827174014198143,0.32,1288,850
Epicardium,Trigeminal branchiomotor neuron,5.518766667498812,-0.1570002916643712,-5.354475030542517,0.0003541798883605881,0.0,1288,872
Epicardium,Trigeminal ganglion neuron,5.677275508425102,-0.10507954688331515,-3.778061675808472,0.003648205280555222,0.07,1288,1765
Epicardium,Trigeminal placode,5.847277762293875,-0.07805528395075918,-3.282628890489247,0.014479575120035395,0.0,1288,6546
Epicardium,Trigeminal sensory neuron,5.758648836293934,-0.06157393519187041,-2.2213854212175375,0.012911229278383587,0.0,1288,3198
Epicardium,Trochlear neuron,5.2296501887107025,-0.19695634819938057,-3.724807101345302,0.0026509953722946844,0.01,1288,153
Epicardium,Trunk neural crest,5.783202065679968,-0.219404574794539,-9.373646395576516,0.0018072147741024674,0.0,1288,6809
Epicardium,V0 interneuron,5.765959315210708,-0.35480958642816357,-13.852728466786138,0.0013278801095879698,0.0,1288,2114
Epicardium,V1 interneuron,5.717136730630692,-0.323615872860971,-11.842569949812502,0.0004904185722750239,0.0,1288,1795
Epicardium,V2 interneuron,5.6220375894849655,-0.2440776702045513,-7.904817762606741,0.00411214558311173,0.0,1288,842
Epicardium,V3 interneuron,5.287030990843028,-0.1985908792861085,-4.428999469515846,0.02249469676891862,0.65,1288,230
Epicardium,Vagal neural crest,5.824807017176216,-0.19073577550846052,-7.888443990182755,0.0012597943027148812,0.0,1288,4937
Epicardium,Visceral motor neuron,5.534411929837141,-0.2634100249608924,-9.529984951876292,0.0068155304916464226,0.0,1288,2062
Epicardium,Yolk sac endothelial cell,5.367873579188963,0.03346076905345393,0.6190253380206842,0.00404930020577442,0.93,1288,112
Epidermal progenitor (anterior),Epidermal progenitor (anterior),9.50000000000371,3.552713678800501e-15,2.9603738600633336e-05,2.3665827156630354e-28,1.0,7561,7561
Epidermal progenitor (anterior),Epidermal progenitor (posterior),6.788114053665134,0.7847593178208129,75.59353290258318,0.0014640245733705214,0.0,7561,16776
Epidermal progenitor (anterior),Extraembryonic mesoderm,5.900824022030764,0.008190793271890465,-0.09518960107528329,0.006148622088237845,0.0,7561,5300
Epidermal progenitor (anterior),Eye field,5.873355100716364,-0.25061565191362306,-20.554238899067776,0.004722282310690412,0.0,7561,8896
Epidermal progenitor (anterior),Facial branchiomotor neuron,5.462554329019329,-0.2476035131223003,-6.943804141716604,0.008181114907986087,0.0,7561,521
Epidermal progenitor (anterior),Floor plate (anterior),5.662626097049504,-0.43138640260838174,-33.60374627856336,0.004655166128021627,0.0,7561,8689
Epidermal progenitor (anterior),Floor plate (posterior),5.700799259262528,-0.43070348253820584,-34.545737409913954,0.005189081433005018,0.0,7561,8099
Epidermal progenitor (anterior),Forelimb field,6.145068662131372,-0.006254746317170934,-0.8743002328921531,0.0005400450714134081,0.9,7561,25891
Epidermal progenitor (anterior),Frontonasal mesenchyme,6.450926002952447,0.2973873451345564,31.878035521420447,0.023201634755367982,0.0,7561,24672
Epidermal progenitor (anterior),Head paraxial mesoderm,5.970948868250264,-0.15431690594560918,-16.325971480224293,0.0032127222513627166,0.0,7561,32981
Epidermal progenitor (anterior),Hematopoietic progenitor,5.261628331953413,-0.10803813287031172,-1.2344700755183877,0.00044502163972726886,0.25,7561,87
Epidermal progenitor (anterior),Hemogenic endothelium,5.827204165826494,0.26096218299414115,4.17237078279359,0.00010662589709283305,0.0,7561,141
Epidermal progenitor (anterior),Hepatoblast,5.427831393391333,-0.16541217087423554,-7.836006732262573,0.041456821823462754,0.26,7561,1255
Epidermal progenitor (anterior),Hindbrain (isthmic organizer),5.8423543177082395,-0.30911013665653364,-20.25905781883607,0.00790801092301001,0.0,7561,3921
Epidermal progenitor (anterior),Hindbrain (r1),5.983346288497473,-0.29694105521676545,-28.79415380810636,0.005211796766364924,0.0,7561,16440
Epidermal progenitor (anterior),Hindbrain (r2-r4),6.117879107719266,-0.2593242895511689,-26.718369408030885,0.002970663822864566,0.0,7561,26863
Epidermal progenitor (anterior),Hindbrain (r5-r8),6.062574873339922,-0.340671401574174,-34.648149486539516,0.0020474289173156844,0.0,7561,28972
Epidermal progenitor (anterior),Hindgut,5.493494844846673,-0.1675804929563025,-10.771658301772495,0.0027188841292833227,0.0,7561,3029
Epidermal progenitor (anterior),Hindlimb field,6.278790905492085,0.1695429787301812,12.661841637758135,0.021101952237276973,0.0,7561,6150
Epidermal progenitor (anterior),Hypaxial myogenic progenitor,5.872177581060543,-0.3137791919717934,-22.51193296483746,0.0006810214734640352,0.0,7561,5322
Epidermal progenitor (anterior),Hypothalamic neuron,5.621473838219519,-0.23353595724302187,-6.568184595608712,0.003824026788063957,0.0,7561,534
Epidermal progenitor (anterior),Hypothalamus,5.67056114088587,-0.357704837545849,-29.27450576234865,0.0008688247294399964,0.0,7561,7652
Epidermal progenitor (anterior),Inflow tract,6.05795236479847,0.10139414104398033,5.8914820177557985,0.012031380828302306,0.7,7561,2494
Epidermal progenitor (anterior),Intermediate mesoderm (nephrogenic),6.179571616610541,-0.10101023103537117,-7.169450646372208,0.007297165696392274,0.59,7561,6458
Epidermal progenitor (anterior),Intermediate mesoderm (posterior),6.107061368357724,-0.08022497118756029,-5.242611850070493,0.005816327276127,0.61,7561,4198
Epidermal progenitor (anterior),Juxtacardiac field,5.774522764798154,-0.04323266409040875,-1.847500602572728,0.008769483605146431,0.08,7561,1386
Epidermal progenitor (anterior),Left ventricle,5.679455884565171,-0.13829725767293125,-5.828744833510822,0.0025133366084224822,0.0,7561,1174
Epidermal progenitor (anterior),Lens placode,7.523055675319596,1.6375975363307038,102.7501345369118,0.01159403171540985,0.0,7561,2811
Epidermal progenitor (anterior),Macrophage,5.407503966659185,-0.07689450145828729,-3.337866274044242,0.004097652956651077,0.89,7561,966
Epidermal progenitor (anterior),Megakaryocyte,5.446670816679748,-0.15675255067220117,-4.794623766264112,0.009775325914522282,0.12,7561,482
Epidermal progenitor (anterior),Mesothelium,5.676117663487964,-0.11093641179181575,-2.7680414589186264,0.011780217939104045,0.93,7561,346
Epidermal progenitor (anterior),Midbrain,5.949596997426551,-0.2921266299082257,-29.744341158903968,0.0031343122350299957,0.0,7561,21466
Epidermal progenitor (anterior),Midbrain GABAergic neuron,5.331433161776158,-0.21872798780834124,-3.3232083197138635,0.00041181297924416146,0.01,7561,118
Epidermal progenitor (anterior),Midbrain neuron,5.964613769174139,-0.24147199480489748,-17.456443312861413,0.0026366939793869572,0.0,7561,4345
Epidermal progenitor (anterior),Midgut,5.441649232259411,-0.22147127628215824,-11.0817441067464,0.009970816575666728,0.0,7561,1667
Epidermal progenitor (anterior),Myotome,5.814150875735216,-0.3715512635376328,-21.615548983508404,0.0003994875130115945,0.0,7561,2201
Epidermal progenitor (anterior),Nascent somite,6.077374617650978,-0.18068963135941196,-14.664224406540162,0.00010892142377336324,0.0,7561,6475
Epidermal progenitor (anterior),Notochord,5.554866787931243,-0.18550275663772156,-7.606082154406285,0.003612038564571482,0.0,7561,956
Epidermal progenitor (anterior),Oculomotor neuron,5.158014500591936,-0.266163710612173,-3.6720168860352267,0.015154211887876384,0.03,7561,122
Epidermal progenitor (anterior),Olfactory placode,7.160996720308091,1.1980745850103907,93.97035152557935,0.010657650198515362,0.0,7561,5872
Epidermal progenitor (anterior),Olfactory sensory neuron,6.565623246548338,0.8098437542209433,20.980054646687666,0.002240391674954213,0.0,7561,389
Epidermal progenitor (anterior),Otic placode,6.609420602905047,0.7781067178531883,45.3547383377919,0.009923886316949408,0.0,7561,2365
Epidermal progenitor (anterior),Otic sensory neuron,6.561259186784796,0.8309451117284139,31.589143881887036,0.007098991405757914,0.0,7561,974
Epidermal progenitor (anterior),Outflow tract,5.67009487637118,-0.08997060152102392,-3.0503373818484643,0.014014909222601646,0.11,7561,890
Epidermal progenitor (anterior),Pancreatic-biliary progenitor,5.4057943744472965,-0.20364447761517054,-5.38334360682267,0.009727493582359125,0.03,7561,373
Epidermal progenitor (anterior),Paraventricular hypothalamic neuron,5.316493880967154,-0.2053816403321124,-3.786383331277752,0.00020760532011802595,0.0,7561,192
Epidermal progenitor (anterior),Periocular mesoderm,5.489729587584491,-0.15440514632056898,-7.09127824476965,0.006957093465896718,0.0,7561,1739
Epidermal progenitor (anterior),Pharyngeal arch mesenchyme (p1-p2),6.584948962289249,0.4006645132002123,44.0680900805231,0.006913601718853277,0.0,7561,29887
Epidermal progenitor (anterior),Pharyngeal arch mesenchyme (p3-p4),6.299081070429064,0.19698043964484344,15.87864005823539,0.006769232624117204,0.0,7561,9198
Epidermal progenitor (anterior),Pharyngeal endoderm,5.87383135542913,0.06407760025278068,5.356410329693176,0.023265883472114546,0.55,7561,5045
Epidermal progenitor (anterior),Pharyngeal mesoderm,5.876780159828126,-0.1383084754027344,-12.46032328511742,0.010487854577699891,0.07,7561,7691
Epidermal progenitor (anterior),Presomitic mesoderm,6.073139491354051,-0.20135190807177525,-16.702219261126615,0.0018589361127704172,0.0,7561,8521
Epidermal progenitor (anterior),Primordial germ cell,4.73620512194404,-0.2598067292231203,-2.1040092130917754,0.0048771463737807465,0.22,4947,25
Epidermal progenitor (anterior),Respiratory progenitor,5.470515371997266,-0.15238649220309183,-6.950156470344595,0.009948500395591482,0.1,7561,1209
Epidermal progenitor (anterior),Right ventricle,5.533861990452825,-0.08109153709929313,-2.907724585910793,0.013587040154127589,0.42,7561,730
Epidermal progenitor (anterior),Roof plate (anterior),6.25492025208434,0.09974675946648877,6.520030776988278,0.0001295082431596814,0.0,7561,3787
Epidermal progenitor (anterior),Roof plate (posterior),6.131619680302189,-0.03378571114045167,-1.816705070570854,0.004601073204791993,0.01,7561,2248
Epidermal progenitor (anterior),Sacral neural crest,6.114108965961196,0.08404351391565228,4.0994924626317255,0.01179028577812392,0.07,7561,2156
Epidermal progenitor (anterior),Sclerotome,6.0436208439514845,-0.4244007476973681,-51.31706587820103,0.0006242974362919095,0.0,7561,74334
Epidermal progenitor (anterior),Second heart field (anterior),5.793824650611348,0.03710777129528194,1.4176274451383228,0.005142163683689303,0.07,7561,1040
Epidermal progenitor (anterior),Somatic mesoderm (anterior),6.230561457738372,0.003433574847180173,0.40674624245459556,0.0021111031099384525,0.51,7561,14544
Epidermal progenitor (anterior),Somatic mesoderm (posterior),6.506301071339103,0.16737987035635538,17.47858857312337,0.00472914333412124,0.0,7561,48596
Epidermal progenitor (anterior),Somatic mesoderm (tailbud),6.242357944127041,0.20047271224915755,12.264527961589243,0.007633821242645872,0.0,7561,3011
Epidermal progenitor (anterior),Somatic motor neuron,5.793815893938152,-0.44965497810964755,-33.444458642297064,0.002872781073323384,0.0,7561,6559
Epidermal progenitor (anterior),Spinal cord (cervical),6.124366870234631,-0.32510608469573565,-34.18769718795114,0.001284796211160383,0.0,7561,41051
Epidermal progenitor (anterior),Spinal cord (lumbar),6.060451672026509,-0.24569582072369922,-22.489843252179043,0.001841748361104403,0.0,7561,12722
Epidermal progenitor (anterior),Spinal cord (sacral),6.002100831529222,-0.23921270421293647,-16.431349879602752,0.0020371347359109822,0.0,7561,5351
Epidermal progenitor (anterior),Spinal cord (thoracic),6.100315290807711,-0.2814052600027237,-27.77212750461281,0.002811921014327307,0.0,7561,35061
Epidermal progenitor (anterior),Spinal cord interneuron progenitor,5.82079549320829,-0.3966843770624043,-21.683228632556887,0.0020513646490084043,0.0,7561,2196
Epidermal progenitor (anterior),Splanchnic mesoderm (cardiopulmonary),6.012434016271384,-0.035613186771439466,-3.386826684926127,0.011406853241668501,0.01,7561,5768
Epidermal progenitor (anterior),Splanchnic mesoderm (gastric),5.987923628384905,-0.03182029169314049,-1.790203606942044,0.0004317301839102886,0.24,7561,3373
Epidermal progenitor (anterior),Splanchnic mesoderm (intestinal),6.41086641544207,0.1523759993826994,13.023422319420689,0.002328720794056317,0.0,7561,9676
Epidermal progenitor (anterior),Splanchnic mesoderm (septum transversum),6.054687973174544,0.08260715370693165,5.722021019602715,0.024724689118410366,0.1,7561,2825
Epidermal progenitor (anterior),Subthalamic nucleus neuron,5.537406841697748,-0.3151932942475775,-12.151365911453349,0.0020816880962564086,0.0,7561,802
Epidermal progenitor (anterior),Surface ectoderm (posterior),6.184286012344131,0.6922011911442949,10.603280158505823,0.004466905292739865,0.0,7561,133
Epidermal progenitor (anterior),Telencephalon (dorsal),6.19671711931966,-0.06567889144660348,-6.339326555417631,0.00441222633461801,0.31,7561,31059
Epidermal progenitor (anterior),Telencephalon (ventral),6.0232400403158115,-0.027941645123183534,-1.9083379797948703,0.014506808679259846,1.0,7561,3241
Epidermal progenitor (anterior),Thyroid progenitor,5.432741322305014,-0.1650277433290963,-6.727902346248698,0.012928287753228136,0.02,7561,850
Epidermal progenitor (anterior),Trigeminal branchiomotor neuron,5.553530953225846,-0.26295371478937035,-10.189083661143343,0.009317591347417584,0.0,7561,872
Epidermal progenitor (anterior),Trigeminal ganglion neuron,6.258299568778624,0.33973330100207527,18.937550544707708,0.0010125875768049358,0.0,7561,1765
Epidermal progenitor (anterior),Trigeminal placode,7.120868172965655,1.0580363876657417,82.37764739784232,0.00038977278391073156,0.0,7561,6546
Epidermal progenitor (anterior),Trigeminal sensory neuron,7.411229673179039,1.4518412820923097,88.41205368428037,0.011739553999100042,0.0,7561,3198
Epidermal progenitor (anterior),Trochlear neuron,5.290014583622297,-0.2717017042594483,-4.309948748578669,0.010233922907690802,0.0,7561,153
Epidermal progenitor (anterior),Trunk neural crest,6.17778821736627,0.036823533111860485,4.35952409680502,0.017402048660281767,0.29,7561,6809
Epidermal progenitor (anterior),V0 interneuron,5.931547611120986,-0.3256286713828305,-16.808237960902403,0.002627908641912366,0.0,7561,2114
Epidermal progenitor (anterior),V1 interneuron,5.8445475203392405,-0.33467569860460006,-16.61638561265774,0.0007332462528098659,0.0,7561,1795
Epidermal progenitor (anterior),V2 interneuron,5.66122921384581,-0.34392524652565076,-12.620865604784093,0.0011934887162845596,0.0,7561,842
Epidermal progenitor (anterior),V3 interneuron,5.348787825431934,-0.2759435417789368,-5.60697764179442,0.011051487473897786,0.0,7561,230
Epidermal progenitor (anterior),Vagal neural crest,6.20312970639483,0.05189264111782806,4.6023924543405625,0.012611850978968919,0.06,7561,4937
Epidermal progenitor (anterior),Visceral motor neuron,5.539024420870903,-0.3985855549816595,-20.12288099404846,0.007611730000202136,0.0,7561,2062
Epidermal progenitor (anterior),Yolk sac endothelial cell,5.458475477464336,-0.015667797756020303,-0.24237927513163274,0.004015546925558748,1.0,7561,112
Epidermal progenitor (posterior),Epidermal progenitor (posterior),9.500000000005095,7.697546304067751e-15,7.695769147886667e-05,5.059227938817422e-28,1.0,16776,16776
Epidermal progenitor (posterior),Extraembryonic mesoderm,5.9107326464569825,0.023550549223427215,0.9688008968096389,0.009725962267348504,0.37,16776,5300
Epidermal progenitor (posterior),Eye field,5.849732371805416,-0.2700102666108197,-25.693149910597437,0.0019000576614422095,0.0,16776,8896
Epidermal progenitor (posterior),Facial branchiomotor neuron,5.468502904709829,-0.23436601386897551,-6.534851510372266,0.0012821760483590564,0.0,16776,521
Epidermal progenitor (posterior),Floor plate (anterior),5.6380722023495755,-0.4503645208929458,-40.13612699026725,0.0023295047344398965,0.0,16776,8689
Epidermal progenitor (posterior),Floor plate (posterior),5.659871277781786,-0.4680368265757968,-42.486801222655444,0.0026893788182020427,0.0,16776,8099
Epidermal progenitor (posterior),Forelimb field,6.2005271355341,0.054642909374828776,6.903160840931213,0.003876818201514155,0.13,16776,25891
Epidermal progenitor (posterior),Frontonasal mesenchyme,6.2516806978248125,0.10326642639710155,15.374769486618234,0.006265107334385463,0.03,16776,24672
Epidermal progenitor (posterior),Head paraxial mesoderm,5.9166218583469155,-0.20176079733905863,-31.70362143204832,0.00042543622085016477,0.0,16776,32981
Epidermal progenitor (posterior),Hematopoietic progenitor,5.294064921146198,-0.06259081779850166,-0.5402225456264945,0.017775934049033215,0.57,16776,87
Epidermal progenitor (posterior),Hemogenic endothelium,5.868791052660278,0.3000331049689728,4.417610428837935,0.04504385940598498,0.06,16776,141
Epidermal progenitor (posterior),Hepatoblast,5.343041597917363,-0.24550245858963304,-11.52331481603565,0.018607380709840873,0.0,16776,1255
Epidermal progenitor (posterior),Hindbrain (isthmic organizer),5.774867224258301,-0.3699082717307937,-25.995706982027002,0.008509892732521139,0.0,16776,3921
Epidermal progenitor (posterior),Hindbrain (r1),5.942881675740231,-0.3310650416301213,-36.06842970277385,0.007067159385615906,0.0,16776,16440
Epidermal progenitor (posterior),Hindbrain (r2-r4),6.111262803739805,-0.2615254376453284,-34.8270071600929,0.002230988708987201,0.0,16776,26863
Epidermal progenitor (posterior),Hindbrain (r5-r8),6.095454400848901,-0.3027427760385155,-40.563362011876485,0.00027751121990345496,0.0,16776,28972
Epidermal progenitor (posterior),Hindgut,5.4532174359821814,-0.20318656718037253,-13.269496003258851,0.006316289826900204,0.0,16776,3029
Epidermal progenitor (posterior),Hindlimb field,6.568445353691746,0.46498121161008904,40.50997849945375,0.0034702813410725417,0.0,16776,6150
Epidermal progenitor (posterior),Hypaxial myogenic progenitor,5.8765516671682825,-0.3045991599767787,-24.188627921306935,0.0015546185778838868,0.0,16776,5322
Epidermal progenitor (posterior),Hypothalamic neuron,5.583397382403198,-0.2661868068062212,-8.127221312711674,0.007554177134028584,0.0,16776,534
Epidermal progenitor (posterior),Hypothalamus,5.67290049958709,-0.3514442555154688,-32.48744500421646,0.0008199032476708527,0.0,16776,7652
Epidermal progenitor (posterior),Inflow tract,6.096815809145977,0.146792057558588,8.214149574405775,0.013449453243862014,0.04,16776,2494
Epidermal progenitor (posterior),Intermediate mesoderm (nephrogenic),6.354872823441641,0.07919394339178225,6.959179695678464,0.0006984172995080657,0.0,16776,6458
Epidermal progenitor (posterior),Intermediate mesoderm (posterior),6.300796863900829,0.11844736925877648,9.554474951659392,0.0013772902491362624,0.0,16776,4198
Epidermal progenitor (posterior),Juxtacardiac field,5.797838693101696,-0.015400612149884196,-0.7781561634595427,0.0008702595038099857,0.72,16776,1386
Epidermal progenitor (posterior),Left ventricle,5.689704144342247,-0.12317060178001012,-5.215726696275578,0.002797223531980698,0.0,16776,1174
Epidermal progenitor (posterior),Lens placode,6.560713022086745,0.6821963105619494,43.55937209306404,0.0041522583880571695,0.0,16776,2811
Epidermal progenitor (posterior),Macrophage,5.396857331285356,-0.08137352711899244,-3.342129087441753,0.010986655666531321,0.15,16776,966
Epidermal progenitor (posterior),Megakaryocyte,5.493405137121119,-0.09679240397613498,-2.5234351666260593,0.008144308812219989,0.16,16776,482
Epidermal progenitor (posterior),Mesothelium,5.818459578669547,0.03298013677385647,0.8175708727269754,0.0019352907212694496,0.78,16776,346
Epidermal progenitor (posterior),Midbrain,5.8776933892283845,-0.35790422668978294,-43.97189145654187,0.004184947288488821,0.0,16776,21466
Epidermal progenitor (posterior),Midbrain GABAergic neuron,5.233979170433577,-0.3117460498773177,-4.098316417392865,0.002955396086726798,0.0,16776,118
Epidermal progenitor (posterior),Midbrain neuron,5.905407858412372,-0.29501241083170626,-21.949801547080284,0.002452354188492939,0.0,16776,4345
Epidermal progenitor (posterior),Midgut,5.417911621922477,-0.24063347566964133,-13.155793405071302,0.020802334939069845,0.0,16776,1667
Epidermal progenitor (posterior),Myotome,5.821922674116468,-0.3569417105690471,-21.386575186511052,0.0015768280009599428,0.0,16776,2201
Epidermal progenitor (posterior),Nascent somite,6.218963938965632,-0.0320169949897533,-2.765308963950489,0.00040811840853673326,0.43,16776,6475
Epidermal progenitor (posterior),Notochord,5.478737839713703,-0.25828351217458295,-10.256640095863519,0.006506206929106324,0.0,16776,956
Epidermal progenitor (posterior),Oculomotor neuron,5.227931709855395,-0.1964875235479487,-2.4868100319768573,0.017024214590388567,0.54,16776,122
Epidermal progenitor (posterior),Olfactory placode,6.460577284760089,0.5034783581798447,44.88747151990947,0.0003907925314363281,0.0,16776,5872
Epidermal progenitor (posterior),Olfactory sensory neuron,6.102668909155742,0.35122684270030763,9.043957811644178,0.0089877010452039,0.0,16776,389
Epidermal progenitor (posterior),Otic placode,6.626474419544354,0.8005112257447214,46.69006776758642,0.008452965197872959,0.0,16776,2365
Epidermal progenitor (posterior),Otic sensory neuron,6.365514557189393,0.6377108872553467,25.24479344841146,0.024588834282568264,0.0,16776,974
Epidermal progenitor (posterior),Outflow tract,5.763387189093983,0.013969770915982357,0.7804684115322712,0.00607642535201972,0.12,16776,890
Epidermal progenitor (posterior),Pancreatic-biliary progenitor,5.377964002422606,-0.2234347244299902,-5.883646176864944,0.008829788471412695,0.0,16776,373
Epidermal progenitor (posterior),Paraventricular hypothalamic neuron,5.2820292445900225,-0.24257116089232036,-4.245561260127761,0.002181519379144822,0.0,16776,192
Epidermal progenitor (posterior),Periocular mesoderm,5.48225221141904,-0.15681246892528033,-6.82310807086571,0.00936810852936315,0.0,16776,1739
Epidermal progenitor (posterior),Pharyngeal arch mesenchyme (p1-p2),6.404600634386187,0.2267127566814322,29.786490780282474,0.004088608225903875,0.0,16776,29887
Epidermal progenitor (posterior),Pharyngeal arch mesenchyme (p3-p4),6.421985725872396,0.3248855363715159,32.1358947855783,0.0011142464524213098,0.0,16776,9198
Epidermal progenitor (posterior),Pharyngeal endoderm,5.611852996741871,-0.19250011184626845,-15.345507513465819,0.017057304629558498,0.0,16776,5045
Epidermal progenitor (posterior),Pharyngeal mesoderm,5.915174761534765,-0.09447480091225498,-9.52710685380268,0.008498399753485514,0.06,16776,7691
Epidermal progenitor (posterior),Presomitic mesoderm,6.236472364658933,-0.03362695579552769,-2.9250378970449673,0.0009015646048581132,0.25,16776,8521
Epidermal progenitor (posterior),Primordial germ cell,4.784097859384963,-0.19978306741479823,-1.4030208177117787,0.018181519928954136,0.36,10506,25
Epidermal progenitor (posterior),Respiratory progenitor,5.362052993792044,-0.2546572120554895,-11.124156080391286,0.013764750895977578,0.0,16776,1209
Epidermal progenitor (posterior),Right ventricle,5.598782811369941,-0.011095286327230447,-1.0497421932395243,0.009945979033270375,0.59,16776,730
Epidermal progenitor (posterior),Roof plate (anterior),6.273193645743525,0.12421118387719125,8.99786904860611,0.0011441010527148022,0.0,16776,3787
Epidermal progenitor (posterior),Roof plate (posterior),6.294217007924709,0.13506156957185844,7.896905121113979,0.01020539314602489,0.02,16776,2248
Epidermal progenitor (posterior),Sacral neural crest,6.30836745609859,0.28471168032593486,15.559871949341067,0.0008885696782822135,0.0,16776,2156
Epidermal progenitor (posterior),Sclerotome,6.085903326440601,-0.37714934886561896,-61.225808319319675,0.0006408008657687907,0.0,16776,74334
Epidermal progenitor (posterior),Second heart field (anterior),5.781414002553092,0.031211683345383417,1.301317553208219,0.002003544684031973,0.47,16776,1040
Epidermal progenitor (posterior),Somatic mesoderm (anterior),6.279637406644812,0.05821647497178469,6.382745669037217,0.001724141926076219,0.03,16776,14544
Epidermal progenitor (posterior),Somatic mesoderm (posterior),6.766134356476466,0.4322699117987791,61.45525395908991,0.007621376355125904,0.0,16776,48596
Epidermal progenitor (posterior),Somatic mesoderm (tailbud),6.6392146723404215,0.6015681362269071,36.83155905017682,0.009655255067743583,0.0,16776,3011
Epidermal progenitor (posterior),Somatic motor neuron,5.7724318404121036,-0.467192857548888,-40.135311321509526,0.0008117066898580374,0.0,16776,6559
Epidermal progenitor (posterior),Spinal cord (cervical),6.167415051558574,-0.2765138063482911,-38.86710822627587,0.0011516999623134275,0.0,16776,41051
Epidermal progenitor (posterior),Spinal cord (lumbar),6.165439790714686,-0.13500956135021594,-14.062497996610093,0.0002600211229375981,0.0,16776,12722
Epidermal progenitor (posterior),Spinal cord (sacral),6.129957989002711,-0.10773510695594801,-8.351833081206635,0.0005967381359531016,0.0,16776,5351
Epidermal progenitor (posterior),Spinal cord (thoracic),6.163255585023923,-0.2137763343258842,-28.729508936757146,0.000497570662994954,0.0,16776,35061
Epidermal progenitor (posterior),Spinal cord interneuron progenitor,5.803040381453973,-0.4078002073525582,-23.11774325285052,0.0033896115632549794,0.0,16776,2196
Epidermal progenitor (posterior),Splanchnic mesoderm (cardiopulmonary),6.04240819234708,-0.0006235917977462554,-0.5005369757183722,0.004199366488379046,0.0,16776,5768
Epidermal progenitor (posterior),Splanchnic mesoderm (gastric),6.071177520973467,0.056970137054270786,3.715930239005523,0.0002624318714159381,0.0,16776,3373
Epidermal progenitor (posterior),Splanchnic mesoderm (intestinal),6.612114256360324,0.35863734162641886,33.16757832039472,0.0023268173299162867,0.0,16776,9676
Epidermal progenitor (posterior),Splanchnic mesoderm (septum transversum),6.125004330153107,0.15895619679528541,9.584124185104708,0.019418463666827583,0.07,16776,2825
Epidermal progenitor (posterior),Subthalamic nucleus neuron,5.492305156391599,-0.3534859725110285,-13.143660150203601,0.002310148767508262,0.0,16776,802
Epidermal progenitor (posterior),Surface ectoderm (posterior),6.845957716641443,1.3595664305111634,21.361300200369524,0.018028263971467486,0.0,16776,133
Epidermal progenitor (posterior),Telencephalon (dorsal),6.082163720267434,-0.17515420821280495,-23.929157448544117,0.0005122926048053984,0.0,16776,31059
Epidermal progenitor (posterior),Telencephalon (ventral),5.9587283000121305,-0.08882212871017714,-5.671139058777199,0.0015948536047271538,0.01,16776,3241
Epidermal progenitor (posterior),Thyroid progenitor,5.332181930903514,-0.26347323037199377,-9.763171926227853,0.020732673148696562,0.0,16776,850
Epidermal progenitor (posterior),Trigeminal branchiomotor neuron,5.527093689510899,-0.283198587911099,-10.479558346109195,0.004485996292107185,0.0,16776,872
Epidermal progenitor (posterior),Trigeminal ganglion neuron,6.177201235497027,0.2658364608917389,13.142253407824677,0.01880400491065127,0.0,16776,1765
Epidermal progenitor (posterior),Trigeminal placode,6.778537353220358,0.7221513092447767,65.58073614776087,0.0007376976236388343,0.0,16776,6546
Epidermal progenitor (posterior),Trigeminal sensory neuron,6.601348346167466,0.6479672438216735,42.669816772777494,0.0016318684682618372,0.0,16776,3198
Epidermal progenitor (posterior),Trochlear neuron,5.312104200146158,-0.2445065984561602,-3.7626857205631516,0.013277130983524576,0.01,16776,153
Epidermal progenitor (posterior),Trunk neural crest,6.4044736881940265,0.26886443517691055,20.6373751477644,0.010414388056877487,0.0,16776,6809
Epidermal progenitor (posterior),V0 interneuron,5.93169847891861,-0.3229524709740135,-17.999581524877943,0.0030966997464133028,0.0,16776,2114
Epidermal progenitor (posterior),V1 interneuron,5.819897699091679,-0.35242447071705857,-18.187473150143315,0.00031111117854583885,0.0,16776,1795
Epidermal progenitor (posterior),V2 interneuron,5.6677503290111515,-0.3297131379933778,-11.300141008138452,0.006426460854912063,0.0,16776,842
Epidermal progenitor (posterior),V3 interneuron,5.315830133299277,-0.30026438846643594,-5.878771193752655,0.008875246713291231,0.0,16776,230
Epidermal progenitor (posterior),Vagal neural crest,6.354845877053485,0.20866249018147887,15.718908637894089,0.001925894018042978,0.0,16776,4937
Epidermal progenitor (posterior),Visceral motor neuron,5.509238739988643,-0.4204900865289322,-23.100453912857457,0.0026797545401495487,0.0,16776,2062
Epidermal progenitor (posterior),Yolk sac endothelial cell,5.534522956395637,0.06464371556700794,0.729244242416601,0.007097455188813013,0.52,16776,112
Extraembryonic mesoderm,Extraembryonic mesoderm,9.500000000027711,7.105427357601002e-15,5.920137836933333e-05,4.070522270940421e-28,1.0,5300,5300
Extraembryonic mesoderm,Eye field,5.6642440155255045,-0.3454902508437006,-29.101185472653828,0.00039372467704129377,0.0,5300,8896
Extraembryonic mesoderm,Facial branchiomotor neuron,5.469488447055636,-0.12852007492541606,-4.533566733677877,0.00302112060996882,0.01,5300,521
Extraembryonic mesoderm,Floor plate (anterior),5.6071999534438985,-0.37289366187257783,-28.758440964775858,0.000300566731523025,0.0,5300,8689
Extraembryonic mesoderm,Floor plate (posterior),5.612518874172988,-0.4068874836484815,-30.803752507178682,0.00014454756977033708,0.0,5300,8099
Extraembryonic mesoderm,Forelimb field,5.904349632961881,-0.1316793817879421,-11.994724568837356,0.00043517566218161216,0.0,5300,25891
Extraembryonic mesoderm,Frontonasal mesenchyme,5.812679435443182,-0.22688610847604007,-20.617959214491226,0.0105043425108784,0.0,5300,24672
Extraembryonic mesoderm,Head paraxial mesoderm,5.952066314953058,-0.05811358244082587,-5.630481924734994,0.005436398978914316,0.04,5300,32981
Extraembryonic mesoderm,Hematopoietic progenitor,5.486219623504745,0.23978137432317018,3.747729418932257,0.014956249132644787,0.12,5300,87
Extraembryonic mesoderm,Hemogenic endothelium,5.56018450905011,0.1013827326254481,2.569950822886463,0.014312227931550178,0.79,5300,141
Extraembryonic mesoderm,Hepatoblast,5.407503043200371,-0.07290482455504883,-3.535438720370436,0.003622051043788382,0.53,5300,1255
Extraembryonic mesoderm,Hindbrain (isthmic organizer),5.633348851494816,-0.404248105158669,-27.413447793556887,0.0018534862844030572,0.0,5300,3921
Extraembryonic mesoderm,Hindbrain (r1),5.731664400145438,-0.43391936310525264,-40.22402349085553,0.0010530144382241622,0.0,5300,16440
Extraembryonic mesoderm,Hindbrain (r2-r4),5.808995146148566,-0.45342892252270833,-41.18197602401306,0.0002782391873016052,0.0,5300,26863
Extraembryonic mesoderm,Hindbrain (r5-r8),5.782587394114863,-0.5055487069749468,-43.537042265022386,3.418832770755606e-05,0.0,5300,28972
Extraembryonic mesoderm,Hindgut,5.6320174852876255,0.08476910310730457,5.715776374784579,0.004017926056256761,0.13,5300,3029
Extraembryonic mesoderm,Hindlimb field,5.841179408809167,-0.15314308634959004,-10.86532920340109,0.007470159110983258,0.0,5300,6150
Extraembryonic mesoderm,Hypaxial myogenic progenitor,5.7761262905878334,-0.29478433325592795,-22.606257725793267,0.003082361116885251,0.0,5300,5322
Extraembryonic mesoderm,Hypothalamic neuron,5.446033177846599,-0.2964335995259099,-11.148457520645664,0.00787826371481685,0.0,5300,534
Extraembryonic mesoderm,Hypothalamus,5.5766707565117315,-0.33869322563426757,-26.554952723935553,0.0006127505692928494,0.0,5300,7652
Extraembryonic mesoderm,Inflow tract,6.150274944934829,0.30843341076388864,21.024759094638995,0.00038079460043329456,0.0,5300,2494
Extraembryonic mesoderm,Intermediate mesoderm (nephrogenic),5.83881381587918,-0.3248482614712464,-24.7329525399106,0.005076493144403984,0.0,5300,6458
Extraembryonic mesoderm,Intermediate mesoderm (posterior),5.809585944798793,-0.2632105738533947,-18.65910952050776,0.013207315179283394,0.0,5300,4198
Extraembryonic mesoderm,Juxtacardiac field,5.960160009265685,0.2567440869739042,12.671259793516219,0.011085954126654946,0.0,5300,1386
Extraembryonic mesoderm,Left ventricle,6.020168242866116,0.3190244348439381,16.66130332012254,0.0017390419177489788,0.0,5300,1174
Extraembryonic mesoderm,Lens placode,5.733328612056854,-0.03533643136779515,-2.870132639866984,0.008012821172927521,0.24,5300,2811
Extraembryonic mesoderm,Macrophage,5.697659708169668,0.3269348959978317,14.561919693628615,0.005041617392050657,0.0,5300,966
Extraembryonic mesoderm,Megakaryocyte,5.852742307011162,0.3646923543373255,11.827005255948654,0.014698341085079069,0.0,5300,482
Extraembryonic mesoderm,Mesothelium,5.618949269385478,-0.05581497899617253,-1.3853536709871361,0.008817530922052593,0.18,5300,346
Extraembryonic mesoderm,Midbrain,5.712051161383403,-0.4151268241030402,-35.77387327372665,8.532772541089917e-05,0.0,5300,21466
Extraembryonic mesoderm,Midbrain GABAergic neuron,5.241157793331095,-0.1956556379489148,-3.6875852329877343,0.010223606886411683,0.06,5300,118
Extraembryonic mesoderm,Midbrain neuron,5.691680946820587,-0.3991158566301509,-30.761584260031174,0.0008992008557988359,0.0,5300,4345
Extraembryonic mesoderm,Midgut,5.654728353260951,0.10628716320717253,6.874380114955571,0.00718971543539387,0.13,5300,1667
Extraembryonic mesoderm,Myotome,5.744413174791332,-0.32604990400879963,-20.126231733116512,0.0038327375907851813,0.0,5300,2201
Extraembryonic mesoderm,Nascent somite,5.8106941986964555,-0.3322124481374689,-25.355768822169093,0.0017734700421204455,0.0,5300,6475
Extraembryonic mesoderm,Notochord,5.560575714981572,-0.06608650000362608,-3.538627807673075,0.011900370585007338,0.14,5300,956
Extraembryonic mesoderm,Oculomotor neuron,5.108692075810931,-0.20270123291333744,-3.562061012106355,0.021162854104799844,0.49,5300,122
Extraembryonic mesoderm,Olfactory placode,5.7888345162911135,-0.05880949389177914,-7.363435714841269,0.026983429413913428,0.28,5300,5872
Extraembryonic mesoderm,Olfactory sensory neuron,5.592007321917276,-0.046055915975906046,-2.155404280295114,0.02947884316640934,0.21,5300,389
Extraembryonic mesoderm,Otic placode,5.666547710343903,-0.04846355454251435,-3.3847740267895445,0.016066162811416915,0.0,5300,2365
Extraembryonic mesoderm,Otic sensory neuron,5.543577851553138,-0.07054283263996523,-3.355374658619309,0.005661447093074739,0.74,5300,974
Extraembryonic mesoderm,Outflow tract,5.808907963367928,0.16285352356034455,7.12082515285578,0.014310685083635036,0.07,5300,890
Extraembryonic mesoderm,Pancreatic-biliary progenitor,5.538766800616167,0.0461664062759537,1.5254896561226696,0.005261925276760681,0.58,5300,373
Extraembryonic mesoderm,Paraventricular hypothalamic neuron,5.247246188702523,-0.16713709197032176,-3.514103562254602,0.0039955691042107356,0.02,5300,192
Extraembryonic mesoderm,Periocular mesoderm,5.73416460615783,0.2030307584462913,12.088602249338706,0.007694835906879608,0.0,5300,1739
Extraembryonic mesoderm,Pharyngeal arch mesenchyme (p1-p2),5.804355121104099,-0.26610147605044343,-22.744926168091755,0.01695124239790174,0.0,5300,29887
Extraembryonic mesoderm,Pharyngeal arch mesenchyme (p3-p4),5.737965834634884,-0.24908774906012265,-18.697776017904502,0.017636094307971827,0.0,5300,9198
Extraembryonic mesoderm,Pharyngeal endoderm,5.72476312560055,0.02895660811824463,2.4017691826319,0.0016390673237283173,0.79,5300,5045
Extraembryonic mesoderm,Pharyngeal mesoderm,6.005752474924219,0.1053467241603876,9.685456076803803,1.8977017658508246e-05,0.0,5300,7691
Extraembryonic mesoderm,Presomitic mesoderm,5.820108973461398,-0.34004739550070884,-26.31317716789081,0.001667645236613074,0.0,5300,8521
Extraembryonic mesoderm,Primordial germ cell,4.754200998900792,-0.11709889176742694,-1.0266901544022407,0.016303097326733525,0.72,3780,25
Extraembryonic mesoderm,Respiratory progenitor,5.526223376782135,0.017568491624776545,0.8443183619826353,0.0008550554113115427,0.64,5300,1209
Extraembryonic mesoderm,Right ventricle,5.651106474090518,0.1549668637569157,6.337677997666389,0.009853029122335641,0.11,5300,730
Extraembryonic mesoderm,Roof plate (anterior),5.741970453331862,-0.2975186713995823,-21.61033873198578,0.010515480801516966,0.0,5300,3787
Extraembryonic mesoderm,Roof plate (posterior),5.786088251523599,-0.2617699973596694,-15.175515141011177,0.005070803927541334,0.0,5300,2248
Extraembryonic mesoderm,Sacral neural crest,5.709267678323466,-0.20563103594419552,-11.906614949221078,0.0036728222879167955,0.0,5300,2156
Extraembryonic mesoderm,Sclerotome,5.87910001618739,-0.47427305336693265,-43.925999283585476,5.0880197206485016e-05,0.0,5300,74334
Extraembryonic mesoderm,Second heart field (anterior),5.8895553746021365,0.24953201259765656,11.974979433287373,0.017776515340190452,0.0,5300,1040
Extraembryonic mesoderm,Somatic mesoderm (anterior),6.258366176900267,0.14446043380506346,14.36756598923256,0.006288115399126324,0.0,5300,14544
Extraembryonic mesoderm,Somatic mesoderm (posterior),6.194864990364781,-0.029676253157616905,-3.4977002886101416,0.0013685076196605357,0.43,5300,48596
Extraembryonic mesoderm,Somatic mesoderm (tailbud),5.8025537689161935,-0.12527873659396693,-8.419809726177347,0.007755008011657316,0.09,5300,3011
Extraembryonic mesoderm,Somatic motor neuron,5.694980645292856,-0.4358279066800724,-31.93604249272701,0.00476403224148849,0.0,5300,6559
Extraembryonic mesoderm,Spinal cord (cervical),5.817999438327621,-0.515889612993312,-45.42535390849108,0.0005919730169378051,0.0,5300,41051
Extraembryonic mesoderm,Spinal cord (lumbar),5.784731580065354,-0.40646142345261654,-33.118008135681,0.0024899034502956106,0.0,5300,12722
Extraembryonic mesoderm,Spinal cord (sacral),5.767427888434054,-0.3607507995380323,-24.327285036440554,0.00046424707064401266,0.0,5300,5351
Extraembryonic mesoderm,Spinal cord (thoracic),5.79560157229313,-0.4705067851003504,-40.340890580231985,0.0005553723998378276,0.0,5300,35061
Extraembryonic mesoderm,Spinal cord interneuron progenitor,5.689714535646388,-0.4137773343209252,-23.14895542512032,0.0015498216605479358,0.0,5300,2196
Extraembryonic mesoderm,Splanchnic mesoderm (cardiopulmonary),5.9578575077180425,0.0235585257459953,2.2697163454864095,0.001242710360903369,0.38,5300,5768
Extraembryonic mesoderm,Splanchnic mesoderm (gastric),5.804352675395607,-0.09965039573208341,-6.974373244250572,0.0005968103531270661,0.0,5300,3373
Extraembryonic mesoderm,Splanchnic mesoderm (intestinal),5.976497375569127,-0.16856510346705336,-14.205447258901815,0.003505029350974329,0.0,5300,9676
Extraembryonic mesoderm,Splanchnic mesoderm (septum transversum),6.238997185846816,0.3825347678912223,25.145459792440032,0.004890953013831996,0.0,5300,2825
Extraembryonic mesoderm,Subthalamic nucleus neuron,5.470470366749861,-0.26559800056531113,-11.269991213876933,0.0006623411219260757,0.0,5300,802
Extraembryonic mesoderm,Surface ectoderm (posterior),5.452377815083146,0.07553111534495738,1.1240207281311856,0.011636213182332988,0.85,5300,133
Extraembryonic mesoderm,Telencephalon (dorsal),5.7701746930067825,-0.37808033002085456,-30.573253306509347,0.002648493540331809,0.0,5300,31059
Extraembryonic mesoderm,Telencephalon (ventral),5.6643651175321,-0.2734766365009387,-18.53868766944313,0.009258245337641326,0.0,5300,3241
Extraembryonic mesoderm,Thyroid progenitor,5.550485660984223,0.06505478284985038,3.002391335823681,0.005973226969809705,0.61,5300,850
Extraembryonic mesoderm,Trigeminal branchiomotor neuron,5.514320954750325,-0.1872528663527054,-8.449070965776395,0.016048115700738164,0.0,5300,872
Extraembryonic mesoderm,Trigeminal ganglion neuron,5.623263620985198,-0.1804551833739767,-10.93641294514069,0.025735860393101266,0.13,5300,1765
Extraembryonic mesoderm,Trigeminal placode,5.832329192452334,-0.11510525832165985,-9.223945341373753,0.009115714234276932,0.0,5300,6546
Extraembryonic mesoderm,Trigeminal sensory neuron,5.764203185592379,-0.0801709240518127,-5.725217262225634,0.013564689123119237,0.0,5300,3198
Extraembryonic mesoderm,Trochlear neuron,5.298343790558428,-0.1495085606684068,-3.5245541712703186,0.035549034357346,0.34,5300,153
Extraembryonic mesoderm,Trunk neural crest,5.765918046052701,-0.25953018921065646,-20.58502769239719,0.007078600816434336,0.0,5300,6809
Extraembryonic mesoderm,V0 interneuron,5.733712794481208,-0.411915850196114,-21.9640549828904,0.001438556818858915,0.0,5300,2114
Extraembryonic mesoderm,V1 interneuron,5.673332970756621,-0.38903224584109086,-22.234378188594633,0.0012507471843727956,0.0,5300,1795
Extraembryonic mesoderm,V2 interneuron,5.588207324673455,-0.30022265932270137,-14.022273742939513,0.0020288726648475517,0.0,5300,842
Extraembryonic mesoderm,V3 interneuron,5.329651673709795,-0.17956480885351755,-5.044026376646549,0.019771057691050788,0.6,5300,230
Extraembryonic mesoderm,Vagal neural crest,5.760580718760689,-0.2759719026217559,-19.113900356351298,0.007368525234774104,0.0,5300,4937
Extraembryonic mesoderm,Visceral motor neuron,5.462619235257051,-0.3584501443018766,-19.981881253055455,0.017622778487942668,0.0,5300,2062
Extraembryonic mesoderm,Yolk sac endothelial cell,5.375631942772212,0.016866796339957208,0.19130333899030846,0.0022993677032529416,0.89,5300,112
Eye field,Eye field,9.500000000003261,1.7763568394002505e-15,1.7757574581000003e-05,3.5025424191812924e-28,1.0,8896,8896
Eye field,Facial branchiomotor neuron,6.0513378639627335,0.22297192380705746,6.425579365187641,0.004868995205262454,0.0,8896,521
Eye field,Floor plate (anterior),6.816700891930899,0.6071608371147663,50.57739979036282,0.014503499576461751,0.0,8896,8689
Eye field,Floor plate (posterior),6.30457937935644,0.055402699445616044,4.79974548258613,0.013209362513271317,0.65,8896,8099
Eye field,Forelimb field,5.982848183884282,-0.28462462394252047,-33.60507715809797,0.004777690970105317,0.0,8896,25891
Eye field,Frontonasal mesenchyme,6.421596727386649,0.1507528313108756,16.681571828077697,0.005540913643803287,0.0,8896,24672
Eye field,Head paraxial mesoderm,5.917051943336389,-0.3227926752237617,-39.22481507134267,0.004986320335908297,0.0,8896,32981
Eye field,Hematopoietic progenitor,5.137394663199111,-0.34426315933975804,-4.103261892231018,0.0030595007161110734,0.0,8896,87
Eye field,Hemogenic endothelium,5.436272869443741,-0.25209979441376057,-3.996525745248308,0.003991441908840343,0.01,8896,141
Eye field,Hepatoblast,5.474401270749177,-0.23782870924274313,-9.546436762255594,0.020169564840597475,0.0,8896,1255
Eye field,Hindbrain (isthmic organizer),6.8447613770822935,0.575927585061821,39.58438237691965,0.007298230206004128,0.0,8896,3921
Eye field,Hindbrain (r1),6.906370318580059,0.5094572693828839,51.1934536083954,0.020045348804778124,0.0,8896,16440
Eye field,Hindbrain (r2-r4),6.773554156637826,0.2787390619754291,33.33863457164609,0.004918773171233221,0.0,8896,26863
Eye field,Hindbrain (r5-r8),6.6732397389284115,0.1526524167450356,16.45670352994696,0.005249890188522148,0.0,8896,28972
Eye field,Hindgut,5.516511572145045,-0.26180406449014154,-16.990371310714163,9.485842849880625e-05,0.0,8896,3029
Eye field,Hindlimb field,5.93452191890039,-0.2906352378587167,-21.44043883223068,0.004094233958241588,0.0,8896,6150
Eye field,Hypaxial myogenic progenitor,6.027069751691812,-0.2754763940652225,-22.9947054815934,0.004014292800563703,0.0,8896,5322
Eye field,Hypothalamic neuron,6.984078930380579,1.0127463578468745,29.898742821010174,0.005701311826004637,0.0,8896,534
Eye field,Hypothalamus,7.213228857988344,1.067671086190013,89.20979195128355,0.005576336236182301,0.0,8896,7652
Eye field,Inflow tract,5.755434079421533,-0.3175109600631186,-19.315658241937047,0.0011992328210279884,0.0,8896,2494
Eye field,Intermediate mesoderm (nephrogenic),6.115633209402778,-0.2816378934201558,-21.24801325492635,0.003477324534668454,0.0,8896,6458
Eye field,Intermediate mesoderm (posterior),6.0095336451593,-0.29468157423686997,-19.746834044070166,0.00971989884614671,0.0,8896,4198
Eye field,Juxtacardiac field,5.659952868683682,-0.27547391506290886,-12.113629835799784,0.00722557991756523,0.0,8896,1386
Eye field,Left ventricle,5.633337729258376,-0.3011445103020609,-12.845575718517665,0.0031609969758667105,0.0,8896,1174
Eye field,Lens placode,5.748767240816226,-0.2545093227143189,-15.008166360241162,0.008869211974819054,0.0,8896,2811
Eye field,Macrophage,5.270472373786327,-0.3306411037964721,-12.5818417335524,0.02102658248301382,0.0,8896,966
Eye field,Megakaryocyte,5.363192183379122,-0.35379738006339956,-9.493345432700647,0.01592130065901928,0.0,8896,482
Eye field,Mesothelium,5.695324482919925,-0.21383598055001465,-5.0868867132507125,0.005520678180877883,0.01,8896,346
Eye field,Midbrain,7.0666037035935885,0.7078782993476663,74.14533368682787,0.021680323945452565,0.0,8896,21466
Eye field,Midbrain GABAergic neuron,6.2362818335729315,0.5648336766693894,7.599842438606886,0.06387926461847053,0.0,8896,118
Eye field,Midbrain neuron,7.0927172589592615,0.7696276099922059,52.15283432159558,0.0026634890677331713,0.0,8896,4345
Eye field,Midgut,5.487997431273686,-0.29119834045404414,-13.886981725752074,0.00973452053105393,0.0,8896,1667
Eye field,Myotome,6.0417477002220865,-0.26253597054028077,-14.289442977675876,0.00038691224478536033,0.0,8896,2201
Eye field,Nascent somite,6.188503769827303,-0.18705685289074747,-15.51474055903694,0.0004234438672399228,0.0,8896,6475
Eye field,Notochord,5.675356519019107,-0.1831212409045276,-7.173381784962092,0.00882004420811135,0.0,8896,956
Eye field,Oculomotor neuron,5.812565841749058,0.26706813531331974,3.661633218820194,0.007149194765317876,0.01,8896,122
Eye field,Olfactory placode,6.053437027083567,-0.027260182578476844,-2.0414763512088316,0.0008896216037284716,0.64,8896,5872
Eye field,Olfactory sensory neuron,5.7964891266186065,-0.07560307013420076,-1.6135001386427545,0.007629171736901263,0.76,8896,389
Eye field,Otic placode,5.702167027662772,-0.2454557035134138,-13.536775128011906,0.007028793152215159,0.0,8896,2365
Eye field,Otic sensory neuron,5.575563419128927,-0.2730670720276436,-10.2287853931034,0.006421857185518609,0.0,8896,974
Eye field,Outflow tract,5.572445669965584,-0.3054773636212443,-11.88778642135999,0.002290846988712583,0.0,8896,890
Eye field,Pancreatic-biliary progenitor,5.440883971863747,-0.2847243610758999,-7.179725832352093,0.01728872845032806,0.0,8896,373
Eye field,Paraventricular hypothalamic neuron,6.239759058286329,0.5964463593024716,10.698855168394887,0.03218730823684865,0.0,8896,192
Eye field,Periocular mesoderm,5.523858043024748,-0.24010787093524785,-11.716225957874054,0.029528093085316762,0.0,8896,1739
Eye field,Pharyngeal arch mesenchyme (p1-p2),6.297518269145801,-0.004098101726884629,-0.3551409188697985,0.0013238295419687731,0.05,8896,29887
Eye field,Pharyngeal arch mesenchyme (p3-p4),6.141329005726607,-0.07784633229099007,-6.6861066577364845,0.0004503993623352853,0.0,8896,9198
Eye field,Pharyngeal endoderm,5.65354972081947,-0.27228223617992686,-21.14991344537518,0.011157264520062778,0.0,8896,5045
Eye field,Pharyngeal mesoderm,5.813239566920811,-0.3189991257599661,-30.41985880386875,0.014519087835754079,0.0,8896,7691
Eye field,Presomitic mesoderm,6.20352626321453,-0.18800293451312555,-16.0979966551611,0.0011794628635855044,0.0,8896,8521
Eye field,Primordial germ cell,4.621404818815586,-0.49192460676551475,-3.745391870119515,0.001382228777241633,0.0,6610,25
Eye field,Respiratory progenitor,5.436371389549907,-0.3062219831903669,-13.122102419366007,0.010370040444479402,0.0,8896,1209
Eye field,Right ventricle,5.467934687848509,-0.26560109832880335,-8.961384641178435,0.006488066181687383,0.0,8896,730
Eye field,Roof plate (anterior),6.344836962228136,0.07130577771115121,4.767050366688722,5.0246457607662476e-05,0.0,8896,3787
Eye field,Roof plate (posterior),6.174536953335519,-0.10890269674083737,-5.916040313098411,0.0006065319498077499,0.0,8896,2248
Eye field,Sacral neural crest,5.94562723713361,-0.20077272554894954,-10.967404914751205,0.003531896282158564,0.0,8896,2156
Eye field,Sclerotome,6.226115558089174,-0.3585327839409255,-40.77821091302872,0.0009955179597208345,0.0,8896,74334
Eye field,Second heart field (anterior),5.594340826808113,-0.2784789321683944,-10.175733511622298,0.02427418710464946,0.0,8896,1040
Eye field,Somatic mesoderm (anterior),5.969025413446456,-0.375615793496503,-35.70164367583339,0.0005195505738773466,0.0,8896,14544
Eye field,Somatic mesoderm (posterior),6.0797523949737835,-0.3765122030360108,-41.265978521025524,0.0033655794254229465,0.0,8896,48596
Eye field,Somatic mesoderm (tailbud),5.916249738994158,-0.24264655670731847,-14.608648826714282,0.0024296468205692438,0.0,8896,3011
Eye field,Somatic motor neuron,6.418228690587198,0.055763803454127014,4.532088382298586,0.011962418632844434,0.17,8896,6559
Eye field,Spinal cord (cervical),6.577598288888214,0.012039269792205745,2.300828344339734,0.00868353652577484,0.12,8896,41051
Eye field,Spinal cord (lumbar),6.247682931424769,-0.17579263169954848,-16.366534511390597,0.00146907258442938,0.0,8896,12722
Eye field,Spinal cord (sacral),6.199377497533697,-0.16004025468243407,-12.057556970642954,0.002260604498257851,0.0,8896,5351
Eye field,Spinal cord (thoracic),6.410538718963422,-0.08877932951854313,-9.49027156705492,0.00069553774085797,0.0,8896,35061
Eye field,Spinal cord interneuron progenitor,6.574404532866153,0.23906632417421717,12.997666383872248,0.003719550361855833,0.0,8896,2196
Eye field,Splanchnic mesoderm (cardiopulmonary),5.831541979997685,-0.3350233486963769,-27.736485161682058,0.0037297582913848716,0.0,8896,5768
Eye field,Splanchnic mesoderm (gastric),5.846227860287634,-0.29213112237143807,-19.877733231661086,0.003607114093040918,0.0,8896,3373
Eye field,Splanchnic mesoderm (intestinal),6.0214030788320585,-0.3537581891676078,-29.79629242759907,0.008182432032317196,0.0,8896,9676
Eye field,Splanchnic mesoderm (septum transversum),5.7710578521831986,-0.3173708461473576,-18.263393491797984,0.0002465068398364458,0.0,8896,2825
Eye field,Subthalamic nucleus neuron,6.558499431306885,0.5875708742577501,22.37157599839469,0.005783996818925611,0.0,8896,802
Eye field,Surface ectoderm (posterior),5.318689931960697,-0.29263425435863066,-4.337745371428919,0.012245738848887005,0.0,8896,133
Eye field,Telencephalon (dorsal),7.8941103163992885,1.5150532591490657,163.77446652729836,0.00011035059807838449,0.0,8896,31059
Eye field,Telencephalon (ventral),7.427717674326677,1.2565538705696604,82.87584067009065,0.0016107966837806572,0.0,8896,3241
Eye field,Thyroid progenitor,5.381604891863636,-0.33471679012836447,-11.941254164682642,0.019574094352492532,0.0,8896,850
Eye field,Trigeminal branchiomotor neuron,6.207674922271511,0.27504449210267623,10.017257849940632,0.004067171923632129,0.0,8896,872
Eye field,Trigeminal ganglion neuron,5.910718845303488,-0.12407529988614414,-5.9638906094531094,0.009157700777152139,0.0,8896,1765
Eye field,Trigeminal placode,5.979646461395904,-0.19999833735333125,-16.95250337059563,0.0037143921610781182,0.0,8896,6546
Eye field,Trigeminal sensory neuron,5.870272833649659,-0.20547815081344556,-13.729217895235935,0.0038017483929999023,0.0,8896,3198
Eye field,Trochlear neuron,6.039615561978632,0.35664663059935187,5.680707230090054,0.012542005469118796,0.0,8896,153
Eye field,Trunk neural crest,6.079671066426417,-0.1781722053110304,-13.427395508447509,0.0025859316187004976,0.0,8896,6809
Eye field,V0 interneuron,6.640056434678321,0.2633368873247062,14.174359219206464,0.005836256448999317,0.0,8896,2114
Eye field,V1 interneuron,6.443097100720961,0.14906564552395274,7.362350534792977,0.009124762590984293,0.0,8896,1795
Eye field,V2 interneuron,6.434744587406372,0.3149869916578559,11.05362565063159,0.001648307039965835,0.0,8896,842
Eye field,V3 interneuron,5.7408008952917555,-0.0019550544390659987,0.5655994002053486,0.039224903660912296,0.74,8896,230
Eye field,Vagal neural crest,6.1155424417621544,-0.15250610520639865,-10.67747619989337,0.0010205581236805473,0.0,8896,4937
Eye field,Visceral motor neuron,6.206901595108104,0.15376984540980457,8.008685885342127,0.023733328319371166,0.59,8896,2062
Eye field,Yolk sac endothelial cell,5.31182827251699,-0.28092557143815444,-3.318008208062821,0.009639931559739964,0.05,8896,112
Facial branchiomotor neuron,Facial branchiomotor neuron,9.500000000004484,2.960594732333751e-15,4.1432869063733344e-05,3.54461500079308e-28,1.0,521,521
Facial branchiomotor neuron,Floor plate (anterior),6.955806579815928,1.157511371681833,31.379853010800502,0.006195911290504616,0.0,521,8689
Facial branchiomotor neuron,Floor plate (posterior),6.797771377333675,0.9558484196274412,25.508765440547535,0.006843125136378574,0.0,521,8099
Facial branchiomotor neuron,Forelimb field,5.575209886667634,-0.280117691464483,-8.37399857257649,0.002079113876808683,0.0,521,25891
Facial branchiomotor neuron,Frontonasal mesenchyme,5.618200506332484,-0.24182486065782438,-7.995319907036834,0.004102365162934845,0.0,521,24672
Facial branchiomotor neuron,Head paraxial mesoderm,5.688259379665425,-0.1371136794424356,-4.467044327546892,0.0066351964654149005,0.12,521,32981
Facial branchiomotor neuron,Hematopoietic progenitor,5.0880538778093625,0.016473369089697876,-0.0937323599827898,0.03330375399673631,0.33,521,87
Facial branchiomotor neuron,Hemogenic endothelium,5.116795830913117,-0.16404601715105738,-2.269611933626789,0.005598769145127809,0.28,521,141
Facial branchiomotor neuron,Hepatoblast,5.380869763546578,0.08655920900346459,2.5850126035084258,0.002584681585205856,0.55,521,1255
Facial branchiomotor neuron,Hindbrain (isthmic organizer),6.229702757470096,0.37472471480687225,11.27112825891403,0.01505038492775019,0.0,521,3921
Facial branchiomotor neuron,Hindbrain (r1),6.330852462478487,0.3479613265530803,10.120452650863582,0.0008859634575522078,0.0,521,16440
Facial branchiomotor neuron,Hindbrain (r2-r4),7.032776107985096,0.9517186307186307,29.0891550740012,0.004141723963507467,0.0,521,26863
Facial branchiomotor neuron,Hindbrain (r5-r8),6.834378610809748,0.731406469964004,19.938116673528455,0.0009311930593987174,0.0,521,28972
Facial branchiomotor neuron,Hindgut,5.3932590431104925,0.027784276067871854,0.6456866932610875,0.06442673717177229,0.2,521,3029
Facial branchiomotor neuron,Hindlimb field,5.532479798308782,-0.27942724065960967,-7.500764241280912,0.018645714390008918,0.0,521,6150
Facial branchiomotor neuron,Hypaxial myogenic progenitor,5.806443206519352,-0.08340780417207376,-2.501365689021125,0.00574155277524876,0.81,521,5322
Facial branchiomotor neuron,Hypothalamic neuron,5.927009846595166,0.37122365676206187,7.264827620159646,0.012315637235908802,0.0,521,534
Facial branchiomotor neuron,Hypothalamus,6.397388485023548,0.6612902465285199,16.933867927767555,0.052917107106342134,0.0,521,7652
Facial branchiomotor neuron,Inflow tract,5.473861702128787,-0.18529683949261275,-5.867437728852578,0.000813855430224751,0.0,521,2494
Facial branchiomotor neuron,Intermediate mesoderm (nephrogenic),5.773475121228883,-0.2089493818844629,-5.603216806985078,0.005097870468632196,0.0,521,6458
Facial branchiomotor neuron,Intermediate mesoderm (posterior),5.618261897834135,-0.2724533302993824,-7.559458338707917,0.009836417655008287,0.0,521,4198
Facial branchiomotor neuron,Juxtacardiac field,5.373384408514592,-0.14925160808950041,-4.402310085103404,0.002548302088228303,0.0,521,1386
Facial branchiomotor neuron,Left ventricle,5.472752088280629,-0.04874493053085457,-1.4210986809095119,0.014223621051979978,0.01,521,1174
Facial branchiomotor neuron,Lens placode,5.360880137092131,-0.22678635603782085,-6.107280881876933,0.004923574461325249,0.0,521,2811
Facial branchiomotor neuron,Macrophage,5.255038945108545,0.07057601295670324,0.24054833246361915,0.08790323616930182,0.55,521,966
Facial branchiomotor neuron,Megakaryocyte,5.215695370629896,-0.08968129539163024,-2.0193059013862746,0.031240139255349724,0.04,521,482
Facial branchiomotor neuron,Mesothelium,5.336218485227484,-0.15666936070152815,-2.978369646200745,0.004419958849015892,0.2,521,346
Facial branchiomotor neuron,Midbrain,6.284298244768544,0.3388095599051484,10.247587955434684,0.006532199857797623,0.0,521,21466
Facial branchiomotor neuron,Midbrain GABAergic neuron,5.624303742743351,0.36361354773634663,3.89416553917148,0.00431228512145544,0.02,521,118
Facial branchiomotor neuron,Midbrain neuron,5.960480112919339,0.05418654043375811,1.602913609683166,0.012618864788732548,0.21,521,4345
Facial branchiomotor neuron,Midgut,5.351117570580932,-0.014100538043123834,-0.740221357898946,0.012592516900194549,0.3,521,1667
Facial branchiomotor neuron,Myotome,5.914648301081652,0.02671025147945875,0.9094807153585615,0.025700129524472613,0.0,521,2201
Facial branchiomotor neuron,Nascent somite,5.993088583893942,0.02787421851260093,0.7091404782976483,0.007998921670696522,0.45,521,6475
Facial branchiomotor neuron,Notochord,5.5690966781162885,0.12098142431926877,3.3555014005350507,0.014549087446709092,0.75,521,956
Facial branchiomotor neuron,Oculomotor neuron,5.920619504985521,0.7868420508475861,9.098070411197025,0.023594087550702147,0.0,521,122
Facial branchiomotor neuron,Olfactory placode,5.400477076780416,-0.26494618303271916,-7.529298466751132,0.008612014917641892,0.0,521,5872
Facial branchiomotor neuron,Olfactory sensory neuron,5.214172898390835,-0.24297646728760056,-4.147728657871269,0.001089884081749325,0.0,521,389
Facial branchiomotor neuron,Otic placode,5.286045681974581,-0.2487315385563044,-6.327133978273282,0.001988528390405292,0.0,521,2365
Facial branchiomotor neuron,Otic sensory neuron,5.164996398808899,-0.2677742879363212,-5.602030176588954,0.000556071243945347,0.0,521,974
Facial branchiomotor neuron,Outflow tract,5.2912416011192915,-0.16780850659596483,-3.8584435178032437,0.0030763541783327165,0.0,521,890
Facial branchiomotor neuron,Pancreatic-biliary progenitor,5.214471620143747,-0.10001517304640857,-1.9346068012271853,0.00011159172558594259,0.1,521,373
Facial branchiomotor neuron,Paraventricular hypothalamic neuron,5.819535261617115,0.589870919645875,7.795824280027144,0.011461969608975135,0.0,521,192
Facial branchiomotor neuron,Periocular mesoderm,5.354946368763599,0.0039146276836475495,0.06556792927439876,0.015708526564019953,0.06,521,1739
Facial branchiomotor neuron,Pharyngeal arch mesenchyme (p1-p2),5.52388470389192,-0.3631228351901375,-11.418700105596935,0.009031275490576576,0.0,521,29887
Facial branchiomotor neuron,Pharyngeal arch mesenchyme (p3-p4),5.478610873832629,-0.32749729112468035,-8.586142228077012,0.0032354855601641535,0.0,521,9198
Facial branchiomotor neuron,Pharyngeal endoderm,5.510999135116443,-0.005408254652610189,-0.3229389382354175,0.007872772822220988,0.93,521,5045
Facial branchiomotor neuron,Pharyngeal mesoderm,5.503183539505073,-0.21579937486086465,-7.526481299884238,0.02278810119547521,0.0,521,7691
Facial branchiomotor neuron,Presomitic mesoderm,6.039759519924537,0.06349077145702697,1.482177499459888,0.004058831974661789,0.74,521,8521
Facial branchiomotor neuron,Primordial germ cell,4.752196655409589,0.09055573015899743,0.5494490788965563,0.0033641718934121732,0.8,332,25
Facial branchiomotor neuron,Respiratory progenitor,5.280817525732199,-0.04649418262359184,-1.0946982534195948,0.003528313103500485,0.58,521,1209
Facial branchiomotor neuron,Right ventricle,5.2443445590703135,-0.07781953253941006,-1.9387457630758018,0.011209373618410531,0.49,521,730
Facial branchiomotor neuron,Roof plate (anterior),5.587319636136045,-0.26785319576468086,-7.2552061107102395,0.012080044226485261,0.0,521,3787
Facial branchiomotor neuron,Roof plate (posterior),5.570769887621239,-0.3017165032665572,-7.206270545833378,0.00889564980831569,0.0,521,2248
Facial branchiomotor neuron,Sacral neural crest,5.4617144851420205,-0.27317239111879044,-6.744793934043109,0.0019293725390463388,0.0,521,2156
Facial branchiomotor neuron,Sclerotome,6.109253846992616,-0.0627494685976897,-1.8126740636034544,0.00469095085761337,0.95,521,74334
Facial branchiomotor neuron,Second heart field (anterior),5.327070685940112,-0.13377155377308428,-3.465032028266575,1.7408277616798015e-06,0.0,521,1040
Facial branchiomotor neuron,Somatic mesoderm (anterior),5.600501346134107,-0.32952274486190536,-9.592656921726931,0.0038635493178303133,0.0,521,14544
Facial branchiomotor neuron,Somatic mesoderm (posterior),5.707966993404441,-0.3328539386806808,-9.844235438867218,0.0022374015690234737,0.0,521,48596
Facial branchiomotor neuron,Somatic mesoderm (tailbud),5.491665422253308,-0.25604043885870037,-6.45872699854331,0.0008322125685856218,0.0,521,3011
Facial branchiomotor neuron,Somatic motor neuron,6.650030790875486,0.6981974162302436,18.167511857086602,0.00730872577974393,0.0,521,6559
Facial branchiomotor neuron,Spinal cord (cervical),6.447203557052127,0.2928726825382097,8.226406429651425,0.008768298329344223,0.0,521,41051
Facial branchiomotor neuron,Spinal cord (lumbar),6.033728743799443,0.023819780906064736,0.6790740192253141,0.00042505668503396655,0.98,521,12722
Facial branchiomotor neuron,Spinal cord (sacral),6.007880688041553,0.06136442216693835,1.7148661041663769,0.0058933624433219565,0.81,521,5351
Facial branchiomotor neuron,Spinal cord (thoracic),6.230789363880452,0.14502886867017514,4.026527756996472,0.007974474653855446,0.06,521,35061
Facial branchiomotor neuron,Spinal cord interneuron progenitor,6.706716184151311,0.7892401870831932,20.172262745872036,0.007952037614938911,0.0,521,2196
Facial branchiomotor neuron,Splanchnic mesoderm (cardiopulmonary),5.509544481769278,-0.24571919644163268,-7.439339958551147,0.00024037939193409971,0.0,521,5768
Facial branchiomotor neuron,Splanchnic mesoderm (gastric),5.454907552845472,-0.26917166401637704,-7.942789318197889,0.0012643870905983034,0.0,521,3373
Facial branchiomotor neuron,Splanchnic mesoderm (intestinal),5.617520971800947,-0.34465768577029987,-9.845167251127792,0.005995285601584201,0.0,521,9676
Facial branchiomotor neuron,Splanchnic mesoderm (septum transversum),5.444616803337078,-0.22983386670179642,-6.880214441177138,0.0006006109348908589,0.0,521,2825
Facial branchiomotor neuron,Subthalamic nucleus neuron,6.152209315579564,0.595889179689094,12.634640037266285,0.05368541632307239,0.0,521,802
Facial branchiomotor neuron,Surface ectoderm (posterior),5.235662351266808,0.03746331399402022,0.27439840171319085,0.007043699352567111,0.65,521,133
Facial branchiomotor neuron,Telencephalon (dorsal),6.096146136176821,0.12963433016910444,3.6091847267366446,0.0009300562733627886,0.0,521,31059
Facial branchiomotor neuron,Telencephalon (ventral),5.707120709906899,-0.04972761881519302,-1.2074754161396655,0.0019493913395350372,0.92,521,3241
Facial branchiomotor neuron,Thyroid progenitor,5.220094581372867,-0.08962961394334101,-2.3132472886416875,0.005568359260485517,0.61,521,850
Facial branchiomotor neuron,Trigeminal branchiomotor neuron,6.755940031520666,1.234751201745761,26.21660643929546,0.016945418284925524,0.0,521,872
Facial branchiomotor neuron,Trigeminal ganglion neuron,5.360206371666277,-0.26013741012925856,-6.6819893245680015,0.003136917934897767,0.0,521,1765
Facial branchiomotor neuron,Trigeminal placode,5.445585941982596,-0.31804591149856937,-8.74863925833085,0.0021652320103876417,0.0,521,6546
Facial branchiomotor neuron,Trigeminal sensory neuron,5.407013860649595,-0.25594898572202435,-6.765216054918518,0.010565484047446377,0.01,521,3198
Facial branchiomotor neuron,Trochlear neuron,5.849975422266941,0.5789988952092106,7.204578020168593,0.08231505377230577,0.0,521,153
Facial branchiomotor neuron,Trunk neural crest,5.517250186525314,-0.3268365432841304,-8.530093329982607,0.010213492658929365,0.0,521,6809
Facial branchiomotor neuron,V0 interneuron,6.361108808941135,0.3972037631682304,9.580274834016464,0.006603203110986218,0.0,521,2114
Facial branchiomotor neuron,V1 interneuron,6.3226388490899295,0.44666813349562506,11.404908148980715,0.0032663981626056375,0.0,521,1795
Facial branchiomotor neuron,V2 interneuron,6.506369642672893,0.7975825962502693,17.376121483689552,0.005812999243022184,0.0,521,842
Facial branchiomotor neuron,V3 interneuron,5.892898207615029,0.5703632699285451,7.538479180442525,0.11536113317638058,0.0,521,230
Facial branchiomotor neuron,Vagal neural crest,5.550046046027485,-0.3035284511433633,-8.470426217397854,0.011374048324570073,0.0,521,4937
Facial branchiomotor neuron,Visceral motor neuron,6.776576463633202,1.137017434784046,26.346382217061304,0.005778798851735696,0.0,521,2062
Facial branchiomotor neuron,Yolk sac endothelial cell,5.11923624504466,-0.0675622113879643,-1.6225383413474208,0.051899159568497125,0.34,521,112
Floor plate (anterior),Floor plate (anterior),9.500000000011168,1.0066022089934753e-14,9.472388762171816e-05,7.678246144151181e-29,1.0,8689,8689
Floor plate (anterior),Floor plate (posterior),7.272229373495686,1.051994778326007,83.22522307277853,0.0081295125481804,0.0,8689,8099
Floor plate (anterior),Forelimb field,5.827102289461737,-0.40980993906768176,-44.21570990576677,0.0015704984133692755,0.0,8689,25891
Floor plate (anterior),Frontonasal mesenchyme,5.9096265585419445,-0.331029144591717,-35.408015277994366,0.006027396431363733,0.0,8689,24672
Floor plate (anterior),Head paraxial mesoderm,5.947722236066871,-0.2634744786784366,-30.330504345299087,0.008263790962751316,0.0,8689,32981
Floor plate (anterior),Hematopoietic progenitor,5.129937199210192,-0.32053842755863854,-3.6282610246821854,0.001930184201268238,0.0,8689,87
Floor plate (anterior),Hemogenic endothelium,5.315053131076108,-0.33953392775229724,-5.316910380812559,0.018350155196679232,0.0,8689,141
Floor plate (anterior),Hepatoblast,5.549329033490317,-0.13033042788273294,-3.4676258933662347,0.06652948729114011,0.0,8689,1255
Floor plate (anterior),Hindbrain (isthmic organizer),7.198102581641734,0.958676149627002,61.29830688635454,0.003041596698367439,0.0,8689,3921
Floor plate (anterior),Hindbrain (r1),7.128480425354233,0.7620075076184047,75.36162913161225,0.00010657719927520806,0.0,8689,16440
Floor plate (anterior),Hindbrain (r2-r4),7.0687042714111925,0.6035324419702665,66.82133460660445,0.003419491501295615,0.0,8689,26863
Floor plate (anterior),Hindbrain (r5-r8),6.928451415518256,0.439074268390268,44.80532842330816,0.004179906551461698,0.0,8689,28972
Floor plate (anterior),Hindgut,5.573115785568401,-0.17563463384945224,-10.896564232526496,0.005709547423480887,0.0,8689,3029
Floor plate (anterior),Hindlimb field,5.739247842602997,-0.45651860241460857,-32.96411368924161,0.009396094519681014,0.0,8689,6150
Floor plate (anterior),Hypaxial myogenic progenitor,6.092769133273006,-0.1792722584086913,-12.990090224591853,0.0044415288842859805,0.0,8689,5322
Floor plate (anterior),Hypothalamic neuron,6.927469401713581,0.9803446872934231,28.485910532608273,0.023546381749046955,0.0,8689,534
Floor plate (anterior),Hypothalamus,7.746594905969769,1.6294961388276714,125.27607086048768,0.0019127271252683186,0.0,8689,7652
Floor plate (anterior),Inflow tract,5.676826649475616,-0.3672652392994709,-21.04079389699356,0.006908397576362449,0.0,8689,2494
Floor plate (anterior),Intermediate mesoderm (nephrogenic),6.035353406046657,-0.3315756348166176,-23.15405630325722,0.0010243461338669754,0.0,8689,6458
Floor plate (anterior),Intermediate mesoderm (posterior),5.898583833965834,-0.37676681393297934,-23.923495453851803,0.005882651315246516,0.0,8689,4198
Floor plate (anterior),Juxtacardiac field,5.66003301356425,-0.24518168630760062,-10.108971273289447,0.005618480991332171,0.0,8689,1386
Floor plate (anterior),Left ventricle,5.645134925669848,-0.2593659869726966,-10.08169133482663,0.0017430671444141528,0.0,8689,1174
Floor plate (anterior),Lens placode,5.513919213217402,-0.45844546085621,-25.733731491795083,0.012372781150312677,0.0,8689,2811
Floor plate (anterior),Macrophage,5.266289744339471,-0.30472647238518685,-10.013942986076241,0.014424801738743928,0.0,8689,966
Floor plate (anterior),Megakaryocyte,5.314441060543182,-0.37303671558759915,-9.871780193123106,0.006819669439202444,0.0,8689,482
Floor plate (anterior),Mesothelium,5.602133559400322,-0.2785821847895775,-6.138880950316124,0.0021150216253869396,0.0,8689,346
Floor plate (anterior),Midbrain,7.368523259162352,1.0403399863701648,104.2278271376726,0.002010635622483462,0.0,8689,21466
Floor plate (anterior),Midbrain GABAergic neuron,7.065525369938146,1.4136882826259962,18.413897248831002,0.015101142631767659,0.0,8689,118
Floor plate (anterior),Midbrain neuron,6.832588961786357,0.5421904221854721,36.34370291711119,0.0007583939432341195,0.0,8689,4345
Floor plate (anterior),Midgut,5.568129646005325,-0.1831015423712096,-8.228500654225444,0.014067840343435415,0.0,8689,1667
Floor plate (anterior),Myotome,6.247973057033758,-0.02365683414832039,-1.0556985181549945,0.00200428718095357,0.86,8689,2201
Floor plate (anterior),Nascent somite,6.223024405928396,-0.12042299066246898,-8.998067895689564,0.0027429157265724436,0.0,8689,6475
Floor plate (anterior),Notochord,5.908881051238109,0.08232034930833028,2.6443577796191398,0.012316788904662913,0.12,8689,956
Floor plate (anterior),Oculomotor neuron,6.977198378239238,1.4637259289886353,18.97788228554597,0.013984928372185061,0.0,8689,122
Floor plate (anterior),Olfactory placode,5.621157644590057,-0.4282836756797197,-29.694196494851074,0.00974182465130188,0.0,8689,5872
Floor plate (anterior),Olfactory sensory neuron,5.464737290722042,-0.38112996346236727,-8.765967834698065,0.009106875181232958,0.0,8689,389
Floor plate (anterior),Otic placode,5.48828528114645,-0.42798161140380814,-22.32999616597454,0.010192862462755362,0.0,8689,2365
Floor plate (anterior),Otic sensory neuron,5.393434603496288,-0.4230484995768717,-15.801708737879032,0.012775721611663746,0.0,8689,974
Floor plate (anterior),Outflow tract,5.556546267255645,-0.28875818036041573,-10.630464932428369,0.0011356175917113529,0.0,8689,890
Floor plate (anterior),Pancreatic-biliary progenitor,5.498574252181256,-0.19868227919508255,-4.163060978393701,0.03569581984418278,0.76,8689,373
Floor plate (anterior),Paraventricular hypothalamic neuron,7.092272258752948,1.476849444952183,23.441978737446533,0.0014785976124791352,0.0,8689,192
Floor plate (anterior),Periocular mesoderm,5.576007791775008,-0.15524735287835925,-7.316326867544589,0.00872955277105347,0.0,8689,1739
Floor plate (anterior),Pharyngeal arch mesenchyme (p1-p2),5.857999333352197,-0.4128327131615948,-45.02725113687588,0.0061201123495282315,0.0,8689,29887
Floor plate (anterior),Pharyngeal arch mesenchyme (p3-p4),5.798556130455675,-0.39011530321273763,-31.592071489620434,0.0052678898739858815,0.0,8689,9198
Floor plate (anterior),Pharyngeal endoderm,5.700865931644458,-0.19494214482695296,-14.75639529759757,0.014166497125914291,0.0,8689,5045
Floor plate (anterior),Pharyngeal mesoderm,5.754420722205068,-0.34743593052089317,-31.78729734348538,0.004494024353265396,0.0,8689,7691
Floor plate (anterior),Presomitic mesoderm,6.2609409012020265,-0.10182178978408185,-8.673116507010691,0.0021414082597944486,0.0,8689,8521
Floor plate (anterior),Primordial germ cell,4.677379425812401,-0.44319595391537403,-3.644198865445548,0.025528267609218697,0.06,7005,25
Floor plate (anterior),Respiratory progenitor,5.510932356537211,-0.2008869518117485,-7.871859058752178,0.01972429262726248,0.02,8689,1209
Floor plate (anterior),Right ventricle,5.4613189131212705,-0.23774407370263825,-8.323882375720146,0.014658080846785406,0.03,8689,730
Floor plate (anterior),Roof plate (anterior),5.930304542958759,-0.3120153349321635,-19.45684935719529,0.0038757461076316395,0.0,8689,3787
Floor plate (anterior),Roof plate (posterior),5.927686988691456,-0.32431447893264753,-16.650395055344983,0.0010579538972183193,0.0,8689,2248
Floor plate (anterior),Sacral neural crest,5.754265798426346,-0.3610080927876294,-17.87414789781765,0.00011040182124615448,0.0,8689,2156
Floor plate (anterior),Sclerotome,6.431682975398503,-0.12366789604614947,-14.566136555563418,0.007997670567134694,0.0,8689,74334
Floor plate (anterior),Second heart field (anterior),5.618363341060437,-0.22690741829814934,-7.966932308558884,0.0063926684990553,0.0,8689,1040
Floor plate (anterior),Somatic mesoderm (anterior),5.819355531011883,-0.493732718751519,-47.938323374752464,0.002893531470235168,0.0,8689,14544
Floor plate (anterior),Somatic mesoderm (posterior),5.908637748014044,-0.5165580246275615,-55.87978134581036,0.0011626724466160677,0.0,8689,48596
Floor plate (anterior),Somatic mesoderm (tailbud),5.711629295528518,-0.4186971595908293,-24.28362276454409,0.0021473141608810684,0.0,8689,3011
Floor plate (anterior),Somatic motor neuron,6.893490988561143,0.56270761229108,39.94499695922523,0.0006492149052790919,0.0,8689,6559
Floor plate (anterior),Spinal cord (cervical),6.713785900693632,0.17883503801218095,18.119279224888704,0.002017065138164878,0.0,8689,41051
Floor plate (anterior),Spinal cord (lumbar),6.349985456461138,-0.042460523778832616,-3.952420585774597,0.0009371004830681208,0.52,8689,12722
Floor plate (anterior),Spinal cord (sacral),6.287518436162684,-0.04056309611581425,-3.204475817484384,0.002446992589469999,0.36,8689,5351
Floor plate (anterior),Spinal cord (thoracic),6.524646606668942,0.0579216033114592,5.475901637405808,0.0008098525549949374,0.0,8689,35061
Floor plate (anterior),Spinal cord interneuron progenitor,7.098386632319239,0.7946867284995429,40.90505566772014,0.0017636494171565553,0.0,8689,2196
Floor plate (anterior),Splanchnic mesoderm (cardiopulmonary),5.727248855597884,-0.40894377635348383,-30.35675852959459,0.00023326869860064263,0.0,8689,5768
Floor plate (anterior),Splanchnic mesoderm (gastric),5.682465000491816,-0.42439276156540046,-26.936626908190735,0.002858145684185502,0.0,8689,3373
Floor plate (anterior),Splanchnic mesoderm (intestinal),5.848975525075633,-0.49408143281161365,-40.78076622351872,0.007379020297864839,0.0,8689,9676
Floor plate (anterior),Splanchnic mesoderm (septum transversum),5.634906230565097,-0.42376236806952416,-25.030928240974777,0.00775801959533184,0.0,8689,2825
Floor plate (anterior),Subthalamic nucleus neuron,7.830816399318081,1.891363739738483,67.48628112100401,0.006907299206600828,0.0,8689,802
Floor plate (anterior),Surface ectoderm (posterior),5.324502941706158,-0.24980952053910332,-3.31270834706053,0.0003383913637499189,0.0,8689,133
Floor plate (anterior),Telencephalon (dorsal),6.810706771993181,0.4620776532007449,48.93127980978529,0.0049307470613511786,0.0,8689,31059
Floor plate (anterior),Telencephalon (ventral),6.212940821823519,0.0739294340238823,4.623749278498768,0.004471507921018791,0.44,8689,3241
Floor plate (anterior),Thyroid progenitor,5.476978361143348,-0.20964047255406637,-7.308033448596906,0.03795901757537764,0.87,8689,850
Floor plate (anterior),Trigeminal branchiomotor neuron,7.359971989815652,1.456743850095873,49.67423090043653,0.009951292532136412,0.0,8689,872
Floor plate (anterior),Trigeminal ganglion neuron,5.708476577105131,-0.2960360866791252,-14.355193947059405,0.010194126204537343,0.0,8689,1765
Floor plate (anterior),Trigeminal placode,5.6603203344271265,-0.48829553634946815,-37.5645560333024,0.006023040146748324,0.0,8689,6546
Floor plate (anterior),Trigeminal sensory neuron,5.638931293657838,-0.40491439476293706,-23.81348290720997,0.005799455354656565,0.0,8689,3198
Floor plate (anterior),Trochlear neuron,7.321781698170764,1.67245139374483,23.820235586934576,0.00045742308662195406,0.0,8689,153
Floor plate (anterior),Trunk neural crest,5.834222279704693,-0.3937075523001523,-28.329918299232222,0.0009581162127487778,0.0,8689,6809
Floor plate (anterior),V0 interneuron,6.751674724679788,0.4048433410569932,20.742287228455933,0.0016969814638234213,0.0,8689,2114
Floor plate (anterior),V1 interneuron,6.635166493743706,0.37182629797010236,17.353937255801977,0.005587027649865057,0.0,8689,1795
Floor plate (anterior),V2 interneuron,6.8529803276383205,0.7625552055599808,26.51246278713408,0.0026874435608863377,0.0,8689,842
Floor plate (anterior),V3 interneuron,6.4316805026221155,0.7233762038396211,12.07252060330938,0.02402457080929193,0.0,8689,230
Floor plate (anterior),Vagal neural crest,5.846923363667581,-0.38922548762882264,-26.459644390740767,0.0006195253937900935,0.0,8689,4937
Floor plate (anterior),Visceral motor neuron,7.1318771503155425,1.1084819782105217,50.482703989005785,0.002240390306694441,0.0,8689,2062
Floor plate (anterior),Yolk sac endothelial cell,5.231645581739963,-0.32813198155600204,-4.260408206968999,0.004252106143674006,0.02,8689,112
Floor plate (posterior),Floor plate (posterior),9.50000000001293,-1.5987211554602254e-14,-0.00015984571948999998,1.262177448353619e-29,1.0,8099,8099
Floor plate (posterior),Forelimb field,5.9315473281600655,-0.34440329142134135,-35.43794554876681,0.0027499609669766733,0.0,8099,25891
Floor plate (posterior),Frontonasal mesenchyme,5.880539469301972,-0.39839858844210685,-42.378474443866914,0.003870895987855378,0.0,8099,24672
Floor plate (posterior),Head paraxial mesoderm,6.013801103919515,-0.2356771008677455,-25.063962185541556,0.005965562233956728,0.0,8099,32981
Floor plate (posterior),Hematopoietic progenitor,5.172293429178439,-0.30458271113708957,-3.388176927637018,0.004961716571671238,0.0,8099,87
Floor plate (posterior),Hemogenic endothelium,5.314034948206916,-0.37743866012029975,-5.434232243630191,0.01637682130485878,0.0,8099,141
Floor plate (posterior),Hepatoblast,5.577688112859995,-0.14118568949129143,-4.306185084082766,0.04881095977736368,0.0,8099,1255
Floor plate (posterior),Hindbrain (isthmic organizer),6.478666083850499,0.200766115276959,12.989567188501889,0.004719461793264476,0.0,8099,3921
Floor plate (posterior),Hindbrain (r1),6.53851483091115,0.13424565099181596,14.077394142213373,0.004269456568835033,0.0,8099,16440
Floor plate (posterior),Hindbrain (r2-r4),6.788125559570031,0.28511811486878386,29.310464407478307,0.005342168603786545,0.0,8099,26863
Floor plate (posterior),Hindbrain (r5-r8),6.95944989773042,0.4309655204009945,44.112486943463104,0.0015675112273728779,0.0,8099,28972
Floor plate (posterior),Hindgut,5.581625514190953,-0.2050965867556167,-13.665032935356388,0.012824702748845535,0.0,8099,3029
Floor plate (posterior),Hindlimb field,5.7879436744554225,-0.4482670523797969,-28.363612411503865,0.02262150412631035,0.0,8099,6150
Floor plate (posterior),Hypaxial myogenic progenitor,6.305304858247709,-0.004117529874889669,-0.35554660197238164,0.009357080352744318,0.0,8099,5322
Floor plate (posterior),Hypothalamic neuron,6.321902000693619,0.339338146792137,9.206724466104092,0.014847150643038338,0.0,8099,534
Floor plate (posterior),Hypothalamus,6.760802313684757,0.6067171808878354,46.13362975365186,0.016131654592360357,0.0,8099,7652
Floor plate (posterior),Inflow tract,5.689509464699365,-0.39052443361088035,-21.247564599263605,0.00048603127374950223,0.0,8099,2494
Floor plate (posterior),Intermediate mesoderm (nephrogenic),6.107951613862922,-0.2965464809325023,-20.845526244121277,0.0094551476494678,0.0,8099,6458
Floor plate (posterior),Intermediate mesoderm (posterior),5.981275273620496,-0.3323074978929273,-21.439880132955548,0.014054967218864418,0.0,8099,4198
Floor plate (posterior),Juxtacardiac field,5.6550650338539485,-0.28958261641678956,-12.198090385959254,0.0029080242038431094,0.0,8099,1386
Floor plate (posterior),Left ventricle,5.647232290798438,-0.29411404375076905,-11.750117524378444,0.00308544744306801,0.0,8099,1174
Floor plate (posterior),Lens placode,5.546934625632218,-0.4623994670307816,-25.60861546456592,0.0009878126966058162,0.0,8099,2811
Floor plate (posterior),Macrophage,5.290297997337319,-0.3189466770813108,-11.344908338787482,0.008039807633070816,0.0,8099,966
Floor plate (posterior),Megakaryocyte,5.31213385376731,-0.41858738921787975,-10.69572477047913,0.0013666642132163828,0.0,8099,482
Floor plate (posterior),Mesothelium,5.731145428642446,-0.18661455746958744,-4.4592258282661055,0.012538612065456084,0.13,8099,346
Floor plate (posterior),Midbrain,6.483790700354025,0.11632545388867754,11.934673592818896,0.001698947141773808,0.0,8099,21466
Floor plate (posterior),Midbrain GABAergic neuron,6.1547766668952955,0.48006981663424203,6.222078143462892,0.004030433276516987,0.0,8099,118
Floor plate (posterior),Midbrain neuron,6.252769307450372,-0.0778062426783001,-4.8542442911803505,0.0020670212301968924,0.04,8099,4345
Floor plate (posterior),Midgut,5.56239362585855,-0.22576901709989805,-10.602928837773348,0.02421243649794521,0.0,8099,1667
Floor plate (posterior),Myotome,6.52859409343786,0.21885286576162688,11.349719482833828,0.007451824743574038,0.0,8099,2201
Floor plate (posterior),Nascent somite,6.617364635058707,0.23328884397685576,17.208284486488505,0.0006187111193682676,0.0,8099,6475
Floor plate (posterior),Notochord,6.074138053248831,0.206464329687669,7.072056793502423,0.029550927592247235,0.1,8099,956
Floor plate (posterior),Oculomotor neuron,6.56527358507743,1.0114973241514031,12.722403507206243,0.008840387318053847,0.0,8099,122
Floor plate (posterior),Olfactory placode,5.6542588466933426,-0.4341731429761803,-31.406511416096862,0.0005706869858892443,0.0,8099,5872
Floor plate (posterior),Olfactory sensory neuron,5.519705739070204,-0.3636111861647994,-8.475936506419668,0.00017959002376456863,0.0,8099,389
Floor plate (posterior),Otic placode,5.512346735729672,-0.44386949237251666,-23.569619510017716,0.0019891105874303206,0.0,8099,2365
Floor plate (posterior),Otic sensory neuron,5.415241030849579,-0.4403970708767358,-15.043800267126281,0.001328759003815784,0.0,8099,974
Floor plate (posterior),Outflow tract,5.603509176156652,-0.2801315001852493,-9.607116364985046,0.001980709944960625,0.0,8099,890
Floor plate (posterior),Pancreatic-biliary progenitor,5.538317215877214,-0.19576830263761527,-4.261591617557141,0.03562526651629651,0.66,8099,373
Floor plate (posterior),Paraventricular hypothalamic neuron,6.194296948495246,0.5442262729284847,8.866035153416346,0.0070262974998552535,0.0,8099,192
Floor plate (posterior),Periocular mesoderm,5.625483521312973,-0.14736322515006073,-6.83204605443062,0.0018644099277106887,0.01,8099,1739
Floor plate (posterior),Pharyngeal arch mesenchyme (p1-p2),5.845275115807482,-0.46502982391599534,-46.490321419023026,0.00024344953935862573,0.0,8099,29887
Floor plate (posterior),Pharyngeal arch mesenchyme (p3-p4),5.8404929411982565,-0.3878189354467286,-31.09862522052627,0.0005411424480290505,0.0,8099,9198
Floor plate (posterior),Pharyngeal endoderm,5.7813109135484355,-0.15399481316756022,-11.395745364535182,0.011311555791089854,0.0,8099,5045
Floor plate (posterior),Pharyngeal mesoderm,5.775152484534225,-0.3648534003114919,-31.39016057745331,0.008576148451716873,0.0,8099,7691
Floor plate (posterior),Presomitic mesoderm,6.676298883395021,0.2764514500558886,20.477048163402007,0.007245065998279439,0.0,8099,8521
Floor plate (posterior),Primordial germ cell,4.70534671068869,-0.43042720276173707,-3.6264559791036377,0.05289746109095512,0.11,5836,25
Floor plate (posterior),Respiratory progenitor,5.549602539496749,-0.20054871723396595,-8.167481810971355,0.015931414905877853,0.01,8099,1209
Floor plate (posterior),Right ventricle,5.501129914584294,-0.23860056353024758,-8.49788912888928,0.01630823061763187,0.13,8099,730
Floor plate (posterior),Roof plate (anterior),5.914247847070263,-0.36747214273457257,-22.00343570979595,0.0019119002096183737,0.0,8099,3787
Floor plate (posterior),Roof plate (posterior),5.964089723316061,-0.3266847974882208,-16.348381893911675,0.000767362168432738,0.0,8099,2248
Floor plate (posterior),Sacral neural crest,5.822271442341681,-0.3333163356607181,-15.788496402202277,0.0014741027843474643,0.0,8099,2156
Floor plate (posterior),Sclerotome,6.844621356276452,0.25127534885806746,27.735938188836514,0.009544796784433558,0.0,8099,74334
Floor plate (posterior),Second heart field (anterior),5.607931884278007,-0.2727518521833841,-10.584694983560281,0.0006396391815264889,0.0,8099,1040
Floor plate (posterior),Somatic mesoderm (anterior),5.896857487447961,-0.4565054710285728,-42.08771192020203,0.0022868680686357677,0.0,8099,14544
Floor plate (posterior),Somatic mesoderm (posterior),5.992303058152725,-0.47278381303221995,-50.788818437018364,0.004146027907727307,0.0,8099,48596
Floor plate (posterior),Somatic mesoderm (tailbud),5.764005009984923,-0.4045640424748112,-23.03915365793087,0.0007676396889667663,0.0,8099,3011
Floor plate (posterior),Somatic motor neuron,7.718655905024028,1.348594720713681,94.24657101989409,0.00714296434014345,0.0,8099,6559
Floor plate (posterior),Spinal cord (cervical),7.087543158052807,0.512692856639867,51.5818934174878,0.0009253577647798112,0.0,8099,41051
Floor plate (posterior),Spinal cord (lumbar),6.948423122177559,0.5172634056178845,46.76677615792246,0.003319037336747583,0.0,8099,12722
Floor plate (posterior),Spinal cord (sacral),6.766198900683885,0.39665518698632446,28.15812445391047,0.0002242466145188386,0.0,8099,5351
Floor plate (posterior),Spinal cord (thoracic),7.283861913892051,0.7762104047105858,79.02783156294464,0.011234313721141974,0.0,8099,35061
Floor plate (posterior),Spinal cord interneuron progenitor,7.081654488322187,0.7374359076738936,36.145297457184874,0.0007898154701080165,0.0,8099,2196
Floor plate (posterior),Splanchnic mesoderm (cardiopulmonary),5.806713460212399,-0.3684423215958195,-29.241575749238677,0.006212966053571512,0.0,8099,5768
Floor plate (posterior),Splanchnic mesoderm (gastric),5.760598143160983,-0.38520728828507256,-22.03778536955466,0.0023961745044280753,0.0,8099,3373
Floor plate (posterior),Splanchnic mesoderm (intestinal),5.907457990737935,-0.47782114261755176,-41.52336173140884,0.011225524490664775,0.0,8099,9676
Floor plate (posterior),Splanchnic mesoderm (septum transversum),5.662046760372642,-0.43430126621545223,-23.852093888449616,0.0014763733007978198,0.0,8099,2825
Floor plate (posterior),Subthalamic nucleus neuron,6.550372858313345,0.5719920014596704,20.16022591298537,0.021206780192452895,0.0,8099,802
Floor plate (posterior),Surface ectoderm (posterior),5.336277745680563,-0.283252994672378,-3.90402302319077,0.0017019300451586567,0.04,8099,133
Floor plate (posterior),Telencephalon (dorsal),6.309176194942071,-0.07924930335293912,-7.115127836866342,0.00692891042561693,0.13,8099,31059
Floor plate (posterior),Telencephalon (ventral),6.008143137568228,-0.17100154445483304,-9.439762415589303,0.009691852936958779,0.0,8099,3241
Floor plate (posterior),Thyroid progenitor,5.487204847415252,-0.236732322323852,-7.659483677621449,0.046056394017084425,0.97,8099,850
Floor plate (posterior),Trigeminal branchiomotor neuron,7.030484196191659,1.0898600299807575,33.74600364545259,0.0021486939862604094,0.0,8099,872
Floor plate (posterior),Trigeminal ganglion neuron,5.687302431049058,-0.35865033929453666,-16.30390851207646,0.0031368072968269555,0.0,8099,1765
Floor plate (posterior),Trigeminal placode,5.642968684285511,-0.5450235267681572,-38.78841179796998,0.002380516776141913,0.0,8099,6546
Floor plate (posterior),Trigeminal sensory neuron,5.626635086242111,-0.4573593870451888,-25.887121933164284,0.012628869498834499,0.0,8099,3198
Floor plate (posterior),Trochlear neuron,6.341921847051303,0.6458138342964966,9.33564643144773,0.004276058263567214,0.0,8099,153
Floor plate (posterior),Trunk neural crest,5.869211068966098,-0.3985319968074448,-28.271937120653888,3.749594408563333e-05,0.0,8099,6809
Floor plate (posterior),V0 interneuron,6.575715192848425,0.19126676322876435,9.164462287726765,0.0012052770161315469,0.0,8099,2114
Floor plate (posterior),V1 interneuron,6.663815620298124,0.359260806103058,16.801733396410572,0.010026164412226654,0.0,8099,1795
Floor plate (posterior),V2 interneuron,6.804799218170917,0.6748682535096764,22.577982287498482,0.012093667673248196,0.0,8099,842
Floor plate (posterior),V3 interneuron,7.340129665578803,1.5924379301056009,27.975618826062576,0.009610616042721391,0.0,8099,230
Floor plate (posterior),Vagal neural crest,5.879663294219483,-0.39631782245901714,-25.88126084854376,0.0002475978023821344,0.0,8099,4937
Floor plate (posterior),Visceral motor neuron,7.614445371573791,1.5524054910619327,77.76344759846366,0.0007929866982012816,0.0,8099,2062
Floor plate (posterior),Yolk sac endothelial cell,5.3035112032475125,-0.3017508255157863,-3.34509612228517,0.00415972361580986,0.02,8099,112
Forelimb field,Forelimb field,9.500000000008674,-1.7763568394002505e-15,-2.366961633179217e-05,3.4394335467636115e-28,1.0,25891,25891
Forelimb field,Frontonasal mesenchyme,6.1453714425881145,-0.15189254076244385,-23.057446223488125,0.01762211593101028,0.0,25891,24672
Forelimb field,Head paraxial mesoderm,6.1555332919057335,-0.11147132908681723,-19.624883416989146,0.015460401919365957,0.0,25891,32981
Forelimb field,Hematopoietic progenitor,5.293473084197126,-0.21598022252071955,-2.6096118212225883,0.02258883168738033,0.47,25891,87
Forelimb field,Hemogenic endothelium,6.030488406783785,0.31848144059117595,5.206546718787634,0.004325798818183949,0.0,25891,141
Forelimb field,Hepatoblast,5.403193987647705,-0.3336054467725151,-15.748806161637424,0.001682947464919305,0.0,25891,1255
Forelimb field,Hindbrain (isthmic organizer),5.959189147034607,-0.33545134739950705,-26.692199715202126,0.0022824669250739683,0.0,25891,3921
Forelimb field,Hindbrain (r1),6.108507565387651,-0.31335348798585577,-42.51491805552547,0.0019994295183040313,0.0,25891,16440
Forelimb field,Hindbrain (r2-r4),6.209433479203,-0.31112837885728606,-50.875727038523245,0.0019244464274497935,0.0,25891,26863
Forelimb field,Hindbrain (r5-r8),6.252146892885502,-0.294070000040743,-49.41285635058531,0.004988642405621771,0.0,25891,28972
Forelimb field,Hindgut,5.465763196764185,-0.34153443204606077,-25.632589673327377,0.0034149489595527724,0.0,25891,3029
Forelimb field,Hindlimb field,6.435343684116286,0.1837938129429446,17.78340425325189,0.0015735316401181087,0.0,25891,6150
Forelimb field,Hypaxial myogenic progenitor,6.853967714243247,0.5254089515691343,50.16710545668487,0.00129246633745028,0.0,25891,5322
Forelimb field,Hypothalamic neuron,5.6534503648127545,-0.34449678670631884,-10.803871474447226,0.003093995129905257,0.0,25891,534
Forelimb field,Hypothalamus,5.799160976953281,-0.3740429146691895,-36.942083630217304,0.0023349598741081745,0.0,25891,7652
Forelimb field,Inflow tract,6.268693827782166,0.16872869315780323,11.709903673980198,0.0024935044031303196,0.0,25891,2494
Forelimb field,Intermediate mesoderm (nephrogenic),6.880895835969693,0.45908409853297155,43.015180305065364,0.0045501579114579,0.0,25891,6458
Forelimb field,Intermediate mesoderm (posterior),6.7072080935142155,0.3775334535575527,27.868707647046282,0.003749155990093821,0.0,25891,4198
Forelimb field,Juxtacardiac field,5.851167775514348,-0.112665709958371,-5.889037070954011,0.000957757779923777,0.0,25891,1386
Forelimb field,Left ventricle,5.712467733832859,-0.24805869936263628,-11.107009357410021,0.0008077630087326228,0.0,25891,1174
Forelimb field,Lens placode,6.015062655936556,-0.011866197537386233,-0.9363014254303592,0.0001548776495317666,0.95,25891,2811
Forelimb field,Macrophage,5.318222699496833,-0.31127199519740884,-11.94703431770027,0.001924825170057217,0.0,25891,966
Forelimb field,Megakaryocyte,5.39979255464674,-0.35008742887235184,-10.341806304404253,0.005673651536357183,0.0,25891,482
Forelimb field,Mesothelium,7.238604539960072,1.302216607096917,31.602602984519823,0.0003571273641967234,0.0,25891,346
Forelimb field,Midbrain,6.035523042495071,-0.348358019150979,-48.62772207145017,0.005415566535660571,0.0,25891,21466
Forelimb field,Midbrain GABAergic neuron,5.421783157554194,-0.2740548515680355,-3.879863658144295,0.0019143530583041737,0.0,25891,118
Forelimb field,Midbrain neuron,6.07627652864941,-0.2707110140379874,-22.668965458043782,0.018304208805395638,0.0,25891,4345
Forelimb field,Midgut,5.494894568802757,-0.31160085136025906,-16.41553342638999,0.0041823157512685,0.0,25891,1667
Forelimb field,Myotome,6.38519212937688,0.05738504626166326,3.0793991591910665,0.00415283929651615,0.26,25891,2201
Forelimb field,Nascent somite,6.333851786258346,-0.06707776299816537,-6.374528798233882,0.008151442147211032,0.0,25891,6475
Forelimb field,Notochord,5.615318631378948,-0.2715917751273862,-12.105262605323482,0.023103375939646165,0.0,25891,956
Forelimb field,Oculomotor neuron,5.382506284563092,-0.19343589511584489,-2.9157507742017024,0.0025639229222975276,0.01,25891,122
Forelimb field,Olfactory placode,6.07081081471978,-0.03404909648088328,-3.977771913864649,0.008234999952647898,0.52,25891,5872
Forelimb field,Olfactory sensory neuron,5.860848669962613,-0.035786848634660196,-0.9990782503317904,0.005048478250248471,0.85,25891,389
Forelimb field,Otic placode,5.969406287321394,-0.0027933720920927385,-0.2776194700174736,0.0014507903646239755,0.51,25891,2365
Forelimb field,Otic sensory neuron,5.87158927362982,-0.0012582713169570308,0.1928103204406677,0.0030956392903383604,0.93,25891,974
Forelimb field,Outflow tract,5.898239201316144,-0.0037307055817613253,-0.119920450259786,0.008481446423973865,0.51,25891,890
Forelimb field,Pancreatic-biliary progenitor,5.398679547355839,-0.3513133445561539,-9.167113996226702,0.01918396935760949,0.0,25891,373
Forelimb field,Paraventricular hypothalamic neuron,5.339271269504231,-0.3238008146075388,-6.403364375042114,0.014245421264322232,0.0,25891,192
Forelimb field,Periocular mesoderm,5.554816555370588,-0.23365346357764918,-12.949133596584163,0.0010551982057861403,0.0,25891,1739
Forelimb field,Pharyngeal arch mesenchyme (p1-p2),6.234493474799223,-0.09281841284965726,-17.79528518021965,0.01654294177686952,0.03,25891,29887
Forelimb field,Pharyngeal arch mesenchyme (p3-p4),6.191561848431934,-0.05341045177522474,-5.796504220503732,0.0035353895261845056,0.56,25891,9198
Forelimb field,Pharyngeal endoderm,5.617477062187127,-0.3347378847549673,-31.386375712186304,0.0023805610316258476,0.0,25891,5045
Forelimb field,Pharyngeal mesoderm,6.097360816482418,-0.06154169324114278,-7.039502908691681,0.004259866091818464,0.64,25891,7691
Forelimb field,Presomitic mesoderm,6.313490427703197,-0.10371862017791085,-10.978182127362402,0.007139032149583271,0.09,25891,8521
Forelimb field,Primordial germ cell,4.699245512004204,-0.43235536060509583,-3.4443130582906267,0.006576212253843816,0.0,16359,25
Forelimb field,Respiratory progenitor,5.4298373839123135,-0.3378561028837132,-14.680247449769576,0.01127808320359041,0.0,25891,1209
Forelimb field,Right ventricle,5.743560986195706,-0.012457014520879994,-1.3921609628297353,0.01430522708302304,0.01,25891,730
Forelimb field,Roof plate (anterior),6.164417251274036,-0.1343992460466108,-10.651627308253431,0.008335821691308896,0.0,25891,3787
Forelimb field,Roof plate (posterior),6.2334923148362735,-0.07263874773432939,-4.916291369553605,0.00552021007043348,0.5,25891,2248
Forelimb field,Sacral neural crest,6.183147143964692,0.01016670174906705,0.7323242476140633,0.009006200904712573,0.02,25891,2156
Forelimb field,Sclerotome,6.777180415934141,0.16599078761005318,32.690081017967564,0.007488884174882982,0.0,25891,74334
Forelimb field,Second heart field (anterior),5.880588232639742,-0.018480808973117213,-0.7766489422375519,0.0014502959162583237,0.27,25891,1040
Forelimb field,Somatic mesoderm (anterior),7.805871722240638,1.4356392431855978,196.8065967744753,0.0037845564645059846,0.0,25891,14544
Forelimb field,Somatic mesoderm (posterior),7.231822337560177,0.7492387495204168,131.4022696457192,0.0026927757017606545,0.0,25891,48596
Forelimb field,Somatic mesoderm (tailbud),6.260689566735558,0.07377295035056115,4.7316025435876785,0.005593835695212188,0.15,25891,3011
Forelimb field,Somatic motor neuron,6.078351442773098,-0.30885717990885314,-30.731113698687135,0.00356833602981383,0.0,25891,6559
Forelimb field,Spinal cord (cervical),6.318273594953813,-0.2741517258625,-47.86673505794379,0.004932115231535225,0.0,25891,41051
Forelimb field,Spinal cord (lumbar),6.315008921090683,-0.1341739573524355,-15.564113583808279,0.007828601386349419,0.0,25891,12722
Forelimb field,Spinal cord (sacral),6.258229453637372,-0.12789195969057618,-11.811014877033836,0.009286431486580631,0.22,25891,5351
Forelimb field,Spinal cord (thoracic),6.340139898284835,-0.18440050870155447,-30.402569060906263,0.005156743367293771,0.0,25891,35061
Forelimb field,Spinal cord interneuron progenitor,6.065721738697168,-0.2983949637491996,-18.679564528136925,0.001702695106873364,0.0,25891,2196
Forelimb field,Splanchnic mesoderm (cardiopulmonary),6.785015299605381,0.5928527476394164,52.21151157195161,0.00027399226839994704,0.0,25891,5768
Forelimb field,Splanchnic mesoderm (gastric),7.805066252595455,1.6416534010308057,134.58040725242424,0.015893662745856768,0.0,25891,3373
Forelimb field,Splanchnic mesoderm (intestinal),7.141785962490026,0.7399703069495475,84.34137991366451,0.0006448222171694444,0.0,25891,9676
Forelimb field,Splanchnic mesoderm (septum transversum),6.5818501027652445,0.46632443380046656,33.54458201096105,0.015212731496406765,0.0,25891,2825
Forelimb field,Subthalamic nucleus neuron,5.656249631264228,-0.3409970182517806,-12.369120564597644,0.002988852628549343,0.0,25891,802
Forelimb field,Surface ectoderm (posterior),5.6360191967942725,0.0026618576664280504,-0.48259339930053136,0.03152416377673258,0.74,25891,133
Forelimb field,Telencephalon (dorsal),6.129645691056841,-0.2752737202893254,-44.37731245236756,0.00708915856201856,0.0,25891,31059
Forelimb field,Telencephalon (ventral),5.98700434841107,-0.2093543924231923,-15.615522031873745,0.003021413404386544,0.0,25891,3241
Forelimb field,Thyroid progenitor,5.413674433739303,-0.32836311516431965,-12.84667536317202,0.013067545037539673,0.0,25891,850
Forelimb field,Trigeminal branchiomotor neuron,5.646683348280059,-0.31456467964261225,-12.50313235338392,0.005208889317901442,0.0,25891,872
Forelimb field,Trigeminal ganglion neuron,5.9769118182464736,-0.08429538162259072,-4.333436823359512,0.006492379486725702,0.56,25891,1765
Forelimb field,Trigeminal placode,6.147508305793157,-0.056912216257471705,-5.968608469690729,0.00024231081732778288,0.0,25891,6546
Forelimb field,Trigeminal sensory neuron,6.050761311872172,-0.05054793359075364,-3.6163523446158017,0.007122997943031634,0.09,25891,3198
Forelimb field,Trochlear neuron,5.443732539406146,-0.2670950303792434,-4.514474745970879,0.020885492686271292,0.09,25891,153
Forelimb field,Trunk neural crest,6.2516809713033155,-0.031718028925813435,-3.7914602610489645,0.011831923869915075,0.0,25891,6809
Forelimb field,V0 interneuron,6.129826675004662,-0.2731611911710858,-16.224200660436185,0.0038255458469615418,0.0,25891,2114
Forelimb field,V1 interneuron,6.07106854137361,-0.24709400370173196,-13.162915905397815,0.0013783406382365997,0.0,25891,1795
Forelimb field,V2 interneuron,5.8435235189713834,-0.3058442871747931,-11.307894511000837,0.001201331695007132,0.0,25891,842
Forelimb field,V3 interneuron,5.452263948154127,-0.3124600434012776,-6.272296364516898,0.005870067204228221,0.0,25891,230
Forelimb field,Vagal neural crest,6.210166472013394,-0.08445552309708997,-7.445566781814898,0.006918576045945072,0.49,25891,4937
Forelimb field,Visceral motor neuron,5.719744962988817,-0.35962366303546506,-19.709432317669837,0.013862404845173914,0.0,25891,2062
Forelimb field,Yolk sac endothelial cell,5.782029605890032,0.1623167204607879,2.2312601733699817,0.014081166767581492,0.52,25891,112
Frontonasal mesenchyme,Frontonasal mesenchyme,9.500000000010354,-1.1842378929335004e-14,-0.00010656416343006666,1.1780322851300441e-28,1.0,24672,24672
Frontonasal mesenchyme,Head paraxial mesoderm,6.142222661932425,-0.1286740042024158,-22.615034568936426,0.0031148983053325414,0.0,24672,32981
Frontonasal mesenchyme,Hematopoietic progenitor,5.236219351710807,-0.2733546972953886,-3.3136303621995347,0.005000134824363631,0.01,24672,87
Frontonasal mesenchyme,Hemogenic endothelium,5.658394342580607,-0.06459007987222254,-0.7350456403812805,0.019751905147638898,0.39,24672,141
Frontonasal mesenchyme,Hepatoblast,5.358037943016801,-0.38092599860214477,-16.049958895564004,0.0038963074916951654,0.0,24672,1255
Frontonasal mesenchyme,Hindbrain (isthmic organizer),6.351253904265886,0.05419279902700177,4.994511485091056,0.007370800080495013,0.33,24672,3921
Frontonasal mesenchyme,Hindbrain (r1),6.522396765507362,0.09590605692199243,14.376211894742468,0.004680968895888429,0.0,24672,16440
Frontonasal mesenchyme,Hindbrain (r2-r4),6.535678436614852,0.01166896839393298,2.3302605611263854,0.0035753915419180888,0.07,24672,26863
Frontonasal mesenchyme,Hindbrain (r5-r8),6.424087057663286,-0.1258461717316551,-20.257059611488252,0.0034602825307635783,0.0,24672,28972
Frontonasal mesenchyme,Hindgut,5.464663191299603,-0.3435775556667385,-22.891982184667697,0.0016190308274322347,0.0,24672,3029
Frontonasal mesenchyme,Hindlimb field,6.275358405220019,0.01909438959128836,1.635220274151668,0.008629749647581232,0.02,24672,6150
Frontonasal mesenchyme,Hypaxial myogenic progenitor,6.061492496604877,-0.2704134906359122,-24.97197980725863,0.0007147875540421789,0.0,24672,5322
Frontonasal mesenchyme,Hypothalamic neuron,5.859253714177221,-0.14620264494898758,-4.32236807539962,0.00788854709118062,0.14,24672,534
Frontonasal mesenchyme,Hypothalamus,5.900338598172457,-0.275678044541175,-28.63407594139095,0.0038633815499756466,0.0,24672,7652
Frontonasal mesenchyme,Inflow tract,5.956747953312959,-0.14729048734993247,-10.226645138796034,0.0027953224113003586,0.0,24672,2494
Frontonasal mesenchyme,Intermediate mesoderm (nephrogenic),6.314732112096022,-0.11226143785764127,-11.611069067845001,0.008228089013749022,0.18,24672,6458
Frontonasal mesenchyme,Intermediate mesoderm (posterior),6.243638304658897,-0.0900039856131869,-7.548640554069839,0.009864677781811958,0.48,24672,4198
Frontonasal mesenchyme,Juxtacardiac field,5.76361282580545,-0.20352193136840224,-9.761739497824733,0.006582360812815608,0.0,24672,1386
Frontonasal mesenchyme,Left ventricle,5.6887583505811685,-0.27457048932948985,-13.166244528152966,0.011712353590953715,0.0,24672,1174
Frontonasal mesenchyme,Lens placode,6.567403135157927,0.5371443457012388,37.576607490741395,0.020028245924982327,0.0,24672,2811
Frontonasal mesenchyme,Macrophage,5.306681740142016,-0.32600455225232583,-13.232359681159423,0.002338923453143678,0.0,24672,966
Frontonasal mesenchyme,Megakaryocyte,5.387723005629623,-0.3630534569522679,-10.716679728997859,0.001247242636367705,0.0,24672,482
Frontonasal mesenchyme,Mesothelium,5.836458507242008,-0.10319075528694881,-2.9684363343880023,0.011421706511200651,0.48,24672,346
Frontonasal mesenchyme,Midbrain,6.541627515452922,0.15364814034559515,21.937881652059747,0.009483773079908941,0.0,24672,21466
Frontonasal mesenchyme,Midbrain GABAergic neuron,5.439146363689553,-0.26318152788039867,-4.046053357732448,0.02790179720869029,0.21,24672,118
Frontonasal mesenchyme,Midbrain neuron,6.733227550023912,0.38140440629817035,31.295276767513098,0.005715591181981745,0.0,24672,4345
Frontonasal mesenchyme,Midgut,5.4222752905978515,-0.38991939785776913,-20.19738448469867,0.0027976018535801226,0.0,24672,1667
Frontonasal mesenchyme,Myotome,6.000129792056971,-0.33256760445823613,-20.114209262868194,0.0006783521238281183,0.0,24672,2201
Frontonasal mesenchyme,Nascent somite,6.252234459394715,-0.15201684978890148,-14.922025005103906,0.003820871789114314,0.0,24672,6475
Frontonasal mesenchyme,Notochord,5.589457965133889,-0.29870974276157636,-12.623548136379085,0.005970306774439297,0.0,24672,956
Frontonasal mesenchyme,Oculomotor neuron,5.376997101977583,-0.19147527392149458,-2.716650621287595,0.011991477651864368,0.15,24672,122
Frontonasal mesenchyme,Olfactory placode,6.834761318590864,0.7241795472325588,64.72247847742271,0.0051351239842177725,0.0,24672,5872
Frontonasal mesenchyme,Olfactory sensory neuron,6.4441318631898925,0.5446996771046274,15.213440178433343,0.005186950596422361,0.0,24672,389
Frontonasal mesenchyme,Otic placode,6.274470948349074,0.2964449583296484,19.691496045451885,0.0054000462911587286,0.0,24672,2365
Frontonasal mesenchyme,Otic sensory neuron,6.143526262679089,0.26412257272735545,12.425595050405596,0.014831813383758722,0.0,24672,974
Frontonasal mesenchyme,Outflow tract,5.7011059195134,-0.20420980136736086,-8.379273218850651,0.012646825288208312,0.0,24672,890
Frontonasal mesenchyme,Pancreatic-biliary progenitor,5.330435605663138,-0.42339187346172596,-10.942778015636966,0.009358877707089456,0.0,24672,373
Frontonasal mesenchyme,Paraventricular hypothalamic neuron,5.465961752881371,-0.21520065237902752,-4.4473955489217945,0.006747449144024478,0.0,24672,192
Frontonasal mesenchyme,Periocular mesoderm,5.721151870701405,-0.07237958932514577,-2.3469725706865514,0.033291520658340824,0.0,24672,1739
Frontonasal mesenchyme,Pharyngeal arch mesenchyme (p1-p2),7.431745923876709,1.101616113608035,164.82066112118312,0.004030584062728863,0.0,24672,29887
Frontonasal mesenchyme,Pharyngeal arch mesenchyme (p3-p4),6.599594470206335,0.3512748184391811,38.26964709089659,0.004403106195398149,0.0,24672,9198
Frontonasal mesenchyme,Pharyngeal endoderm,5.590846520874622,-0.3649258792467232,-31.97742628323857,0.008675242816524759,0.0,24672,5045
Frontonasal mesenchyme,Pharyngeal mesoderm,5.917798697703911,-0.24339379987407916,-26.628137793488936,0.005113521961400355,0.0,24672,7691
Frontonasal mesenchyme,Presomitic mesoderm,6.244375676513183,-0.17700673931221692,-18.13802767643792,0.001882421617911069,0.0,24672,8521
Frontonasal mesenchyme,Primordial germ cell,4.679367987636409,-0.4547671843081158,-3.660720847799219,0.00024660980958722333,0.01,18369,25
Frontonasal mesenchyme,Respiratory progenitor,5.345952432080367,-0.4264641113169487,-20.123009941775514,0.0036996555847455203,0.0,24672,1209
Frontonasal mesenchyme,Right ventricle,5.521928326406602,-0.23946184673978532,-9.200926292634286,0.0047550593936538195,0.0,24672,730
Frontonasal mesenchyme,Roof plate (anterior),6.778069161245239,0.47615785922539455,36.41579361666913,0.015664152751398527,0.0,24672,3787
Frontonasal mesenchyme,Roof plate (posterior),6.390407313098568,0.07950597883968118,4.7461327747915005,0.010222525509978634,0.02,24672,2248
Frontonasal mesenchyme,Sacral neural crest,6.230137914708647,0.052401096118069056,3.3653217839916287,0.0007347268434345136,0.08,24672,2156
Frontonasal mesenchyme,Sclerotome,6.228476040521535,-0.38602116291958694,-69.69732943065988,0.0016192088228282112,0.0,24672,74334
Frontonasal mesenchyme,Second heart field (anterior),5.741089853516045,-0.15927027323101228,-6.427623355641426,0.010607299676268306,0.03,24672,1040
Frontonasal mesenchyme,Somatic mesoderm (anterior),6.191529196681245,-0.18123116630336758,-24.056984258693603,0.00834386327402726,0.0,24672,14544
Frontonasal mesenchyme,Somatic mesoderm (posterior),6.401967347497766,-0.08433116013791479,-14.114384638980482,0.0005033601215416045,0.0,24672,48596
Frontonasal mesenchyme,Somatic mesoderm (tailbud),6.203794527493478,0.013635223205347083,1.026229703981312,0.0015485421140122955,0.7,24672,3011
Frontonasal mesenchyme,Somatic motor neuron,6.0335483780651655,-0.35736375705443635,-33.44788878269257,0.00662202725652333,0.0,24672,6559
Frontonasal mesenchyme,Spinal cord (cervical),6.446851863313703,-0.14840687196688998,-21.55848407594202,0.004662090066457229,0.0,24672,41051
Frontonasal mesenchyme,Spinal cord (lumbar),6.263336641907984,-0.18930294943887915,-23.371351882346485,0.0013971294559141844,0.0,24672,12722
Frontonasal mesenchyme,Spinal cord (sacral),6.185021521935897,-0.2036850279362771,-18.382535362783088,0.0014624538621583628,0.0,24672,5351
Frontonasal mesenchyme,Spinal cord (thoracic),6.340358478927971,-0.1873334227380754,-29.01309818627629,0.0041965378263803185,0.0,24672,35061
Frontonasal mesenchyme,Spinal cord interneuron progenitor,6.093987513647395,-0.271351106772733,-15.80802017011267,0.0040726911934354385,0.0,24672,2196
Frontonasal mesenchyme,Splanchnic mesoderm (cardiopulmonary),5.988282533666104,-0.20729904997894236,-19.37044190378796,0.006805574245466987,0.0,24672,5768
Frontonasal mesenchyme,Splanchnic mesoderm (gastric),6.004088732433598,-0.16262899022372382,-13.670084349276147,0.01543413444751518,0.0,24672,3373
Frontonasal mesenchyme,Splanchnic mesoderm (intestinal),6.323944366434197,-0.08167729416813962,-8.441231665520643,0.0007673273655473105,0.0,24672,9676
Frontonasal mesenchyme,Splanchnic mesoderm (septum transversum),5.97942497986142,-0.14015024923015199,-10.268968371636488,0.008031082270963984,0.0,24672,2825
Frontonasal mesenchyme,Subthalamic nucleus neuron,5.712653281749017,-0.28571214745681556,-10.655567286301865,0.004042075747423256,0.0,24672,802
Frontonasal mesenchyme,Surface ectoderm (posterior),5.628958103762116,-0.0020794119243694453,0.05199912190099217,0.00328605970367229,0.65,24672,133
Frontonasal mesenchyme,Telencephalon (dorsal),7.024950275260068,0.6157001498113983,90.55604558260471,0.007054062298538069,0.0,24672,31059
Frontonasal mesenchyme,Telencephalon (ventral),6.685348157486523,0.48638350535825275,39.065743508016766,0.0012848827900073573,0.0,24672,3241
Frontonasal mesenchyme,Thyroid progenitor,5.30998896080844,-0.435923727354312,-16.750629139489124,0.0013185520093069209,0.0,24672,850
Frontonasal mesenchyme,Trigeminal branchiomotor neuron,5.650957788961898,-0.3148352156252375,-12.21857793259977,0.006454211927111444,0.0,24672,872
Frontonasal mesenchyme,Trigeminal ganglion neuron,6.5882376578525585,0.5232876316072721,27.30538486610999,0.012045395355437777,0.0,24672,1765
Frontonasal mesenchyme,Trigeminal placode,6.912252482395444,0.7020727119373422,71.03632125486867,0.002866355386584498,0.0,24672,6546
Frontonasal mesenchyme,Trigeminal sensory neuron,6.553449435203588,0.44757748608193665,34.87967920943877,0.007798609649176199,0.0,24672,3198
Frontonasal mesenchyme,Trochlear neuron,5.496635662633158,-0.2166205594618479,-3.375504348222758,0.023903747081657475,0.25,24672,153
Frontonasal mesenchyme,Trunk neural crest,6.3389921656704855,0.05177465402789642,4.7099276081633485,0.006399933506910434,0.0,24672,6809
Frontonasal mesenchyme,V0 interneuron,6.277870950411153,-0.12713749982327224,-7.719594331662972,0.006390858999484359,0.0,24672,2114
Frontonasal mesenchyme,V1 interneuron,6.093207246468182,-0.23091614577632905,-12.725874362210185,0.008825472840959636,0.0,24672,1795
Frontonasal mesenchyme,V2 interneuron,5.90528398422543,-0.2439240628393987,-9.390357039394717,0.007195646135589772,0.0,24672,842
Frontonasal mesenchyme,V3 interneuron,5.4841212505173855,-0.285089772631219,-5.729322270344601,0.004941226231535857,0.0,24672,230
Frontonasal mesenchyme,Vagal neural crest,6.428257583079707,0.1304611827916613,11.224203296462283,0.002331657857121023,0.0,24672,4937
Frontonasal mesenchyme,Visceral motor neuron,5.752447016013794,-0.33108706436735336,-19.661740896796655,0.008888141984410949,0.0,24672,2062
Frontonasal mesenchyme,Yolk sac endothelial cell,5.428113664047797,-0.1938705998845487,-2.4625041603351026,0.0014238576425344093,0.08,24672,112
Head paraxial mesoderm,Head paraxial mesoderm,9.500000000004212,2.960594732333751e-15,4.14431730022e-05,2.21932868002178e-28,1.0,32981,32981
Head paraxial mesoderm,Hematopoietic progenitor,5.3885100798007555,-0.08949384870211219,-1.2449541016920873,0.01085281125329145,0.84,32981,87
Head paraxial mesoderm,Hemogenic endothelium,5.543724640180801,-0.1475806340205974,-2.3211711522304888,0.004873554956515062,0.12,32981,141
Head paraxial mesoderm,Hepatoblast,5.5827413333967355,-0.12578467205510258,-5.871735362364915,0.01082749402630049,0.0,32981,1255
Head paraxial mesoderm,Hindbrain (isthmic organizer),5.933473928012574,-0.3337587945800597,-28.77391424253196,0.002523994234156522,0.0,32981,3921
Head paraxial mesoderm,Hindbrain (r1),6.023852323117111,-0.37191067911932585,-53.36843443929632,0.0008730590871073301,0.0,32981,16440
Head paraxial mesoderm,Hindbrain (r2-r4),6.120287565997812,-0.3734523029385522,-65.95182287421265,0.0018057644851042708,0.0,32981,26863
Head paraxial mesoderm,Hindbrain (r5-r8),6.12514716188441,-0.39395566821377503,-68.35860802609291,0.0009201144514481381,0.0,32981,28972
Head paraxial mesoderm,Hindgut,5.557095745578874,-0.22189618693638172,-16.99071101413818,0.0010930542016771283,0.0,32981,3029
Head paraxial mesoderm,Hindlimb field,6.048218140484505,-0.1772295324954968,-18.262469679947515,0.0004192105032393377,0.0,32981,6150
Head paraxial mesoderm,Hypaxial myogenic progenitor,6.376230019022752,0.07505585740912817,6.8922125142233055,0.0010740024091336255,0.0,32981,5322
Head paraxial mesoderm,Hypothalamic neuron,5.724987940634569,-0.2467851799641186,-8.448107446859265,0.002167281651273652,0.0,32981,534
Head paraxial mesoderm,Hypothalamus,5.9074044024168515,-0.23743649359161534,-27.907498062292422,0.001998826807839997,0.0,32981,7652
Head paraxial mesoderm,Inflow tract,6.157330407667618,0.08627185722127173,6.791280180218827,0.002612375458891079,0.08,32981,2494
Head paraxial mesoderm,Intermediate mesoderm (nephrogenic),6.148668645337518,-0.2462964978412477,-25.43090937693552,0.0004291870308239221,0.0,32981,6458
Head paraxial mesoderm,Intermediate mesoderm (posterior),6.067532576321685,-0.2350747475165864,-21.612026180887963,0.0015517737287013477,0.0,32981,4198
Head paraxial mesoderm,Juxtacardiac field,6.217844409789854,0.28197824746450095,14.752170411176621,2.6542027388047035e-05,0.0,32981,1386
Head paraxial mesoderm,Left ventricle,6.023664678604459,0.09162880421787072,4.176213675046045,0.0010499255777264402,0.0,32981,1174
Head paraxial mesoderm,Lens placode,5.86144782089859,-0.13810280400286512,-9.696388516257276,0.0047456355033117185,0.0,32981,2811
Head paraxial mesoderm,Macrophage,5.497635400016184,-0.1041240723970794,-4.930625586487076,0.0005120042497899697,0.0,32981,966
Head paraxial mesoderm,Megakaryocyte,5.491747151099749,-0.22644107787701362,-6.932340989480841,0.0020412806627046506,0.0,32981,482
Head paraxial mesoderm,Mesothelium,5.899942356602007,-0.013392744695063167,-0.5065809604263768,0.01565849829784196,0.48,32981,346
Head paraxial mesoderm,Midbrain,5.992918988540179,-0.3646479112262358,-63.397143830482605,0.0018889076041147194,0.0,32981,21466
Head paraxial mesoderm,Midbrain GABAergic neuron,5.533071669840932,-0.13906875098847582,-1.8020651043563767,0.017113458425017117,0.57,32981,118
Head paraxial mesoderm,Midbrain neuron,5.996440386685339,-0.32559533898478826,-26.485305332158898,0.00290149089968447,0.0,32981,4345
Head paraxial mesoderm,Midgut,5.601452554093636,-0.1777409460765922,-11.419724378891464,0.0022059444201033697,0.0,32981,1667
Head paraxial mesoderm,Myotome,6.378806239189807,0.07805728183066603,4.816844714804367,0.0006460077392714504,0.01,32981,2201
Head paraxial mesoderm,Nascent somite,6.117252886237037,-0.2557187541990622,-24.015760993296507,0.002654655416527806,0.0,32981,6475
Head paraxial mesoderm,Notochord,5.93208795591502,0.07269152458893717,3.094615266520784,0.00011383381953499921,0.0,32981,956
Head paraxial mesoderm,Oculomotor neuron,5.446979333956462,-0.09651097355757739,-1.626400479812035,0.007377646780167165,0.71,32981,122
Head paraxial mesoderm,Olfactory placode,5.866252178485339,-0.21406499748367747,-22.21073851343535,0.0028082306136614082,0.0,32981,5872
Head paraxial mesoderm,Olfactory sensory neuron,5.669531071531677,-0.20051072903603848,-4.732135752989506,0.005770020773690824,0.0,32981,389
Head paraxial mesoderm,Otic placode,5.773834499287784,-0.17345635484284264,-11.106288378891875,0.0005844865358964067,0.0,32981,2365
Head paraxial mesoderm,Otic sensory neuron,5.675089993077229,-0.17216386639931258,-7.079087640355034,0.010541862296301175,0.0,32981,974
Head paraxial mesoderm,Outflow tract,6.367844229954464,0.4955645757478268,22.184729840734207,0.001804218233446582,0.0,32981,890
Head paraxial mesoderm,Pancreatic-biliary progenitor,5.561204409878528,-0.16284500039497996,-4.559915312469259,0.0031057230002461775,0.0,32981,373
Head paraxial mesoderm,Paraventricular hypothalamic neuron,5.472228220454869,-0.17252378031380614,-3.3216976955799957,0.0005141332204161033,0.0,32981,192
Head paraxial mesoderm,Periocular mesoderm,6.6717773547479995,0.9098840785328525,51.50349382587901,0.000695006277082061,0.0,32981,1739
Head paraxial mesoderm,Pharyngeal arch mesenchyme (p1-p2),6.117080535527606,-0.1830812304004207,-30.96156274253417,0.0005823919864221881,0.0,32981,29887
Head paraxial mesoderm,Pharyngeal arch mesenchyme (p3-p4),5.9780094977139475,-0.24000125201649572,-29.707829297187576,0.003944657219088744,0.0,32981,9198
Head paraxial mesoderm,Pharyngeal endoderm,5.769772812899632,-0.1548231731339443,-14.870887007566566,0.0012668304226855088,0.0,32981,5045
Head paraxial mesoderm,Pharyngeal mesoderm,6.9495757057064464,0.818655018233302,92.15594661783196,0.0012945100074191443,0.0,32981,7691
Head paraxial mesoderm,Presomitic mesoderm,6.113592123481632,-0.27687899240942687,-33.80883039358814,0.0015248822154094472,0.0,32981,8521
Head paraxial mesoderm,Primordial germ cell,4.757213755825042,-0.3755374461687371,-3.676900223032226,0.05983667281004237,0.14,26789,25
Head paraxial mesoderm,Respiratory progenitor,5.5953959613352415,-0.14503373425177082,-6.914468819598732,0.0006849900713517216,0.0,32981,1209
Head paraxial mesoderm,Right ventricle,6.291775890671644,0.5612484362403221,18.65769630381529,0.02309041397543852,0.0,32981,730
Head paraxial mesoderm,Roof plate (anterior),6.025384436130931,-0.24729255377594997,-20.50175212355754,0.0019426601207043303,0.0,32981,3787
Head paraxial mesoderm,Roof plate (posterior),5.979589673630855,-0.30201960914069065,-21.243418167017964,0.0010008147499678,0.0,32981,2248
Head paraxial mesoderm,Sacral neural crest,5.85738807737502,-0.28714767455233287,-17.7164025861927,0.0016605691936368945,0.0,32981,2156
Head paraxial mesoderm,Sclerotome,6.911035611645164,0.3272367266047418,64.90591339415835,0.002742716809979827,0.0,32981,74334
Head paraxial mesoderm,Second heart field (anterior),6.218323854120086,0.34618720926194957,16.079879453485233,0.0025779331096364676,0.0,32981,1040
Head paraxial mesoderm,Somatic mesoderm (anterior),6.379058767173447,0.03678436476937789,5.255990091072454,0.002775924070081283,0.14,32981,14544
Head paraxial mesoderm,Somatic mesoderm (posterior),6.250756278584269,-0.20422031214721623,-40.559908894053244,0.0014799360128811704,0.0,32981,48596
Head paraxial mesoderm,Somatic mesoderm (tailbud),5.919185908272767,-0.2410600947336127,-17.406611199255497,0.0005229146234589802,0.0,32981,3011
Head paraxial mesoderm,Somatic motor neuron,6.062175660147542,-0.29822944314619537,-30.674868729506688,0.0016977733285046075,0.0,32981,6559
Head paraxial mesoderm,Spinal cord (cervical),6.167818673359144,-0.39742679557473853,-79.23588504165562,0.0007405859533052397,0.0,32981,41051
Head paraxial mesoderm,Spinal cord (lumbar),6.127635809622599,-0.29467430866724015,-38.07711004695333,0.0009621172824518803,0.0,32981,12722
Head paraxial mesoderm,Spinal cord (sacral),6.0781444880408175,-0.28090067323516416,-27.160992615439046,0.0009341530806433228,0.0,32981,5351
Head paraxial mesoderm,Spinal cord (thoracic),6.149213817102985,-0.34867457985098377,-57.38252009183924,0.0022545237150070063,0.0,32981,35061
Head paraxial mesoderm,Spinal cord interneuron progenitor,6.071427286256551,-0.2617804641983185,-17.312564425008997,0.0033510263368018095,0.0,32981,2196
Head paraxial mesoderm,Splanchnic mesoderm (cardiopulmonary),6.403604548267019,0.23826022287464355,25.11795949220269,0.004537671216956443,0.0,32981,5768
Head paraxial mesoderm,Splanchnic mesoderm (gastric),6.047416970668078,-0.08871860657386647,-7.400284218125947,0.008309184695480394,0.59,32981,3373
Head paraxial mesoderm,Splanchnic mesoderm (intestinal),6.1612368514559614,-0.21335560369973164,-25.090339992792675,0.0026131547112353644,0.0,32981,9676
Head paraxial mesoderm,Splanchnic mesoderm (septum transversum),6.0945303186089355,0.00671482122489131,1.3946070434272555,0.0092669250607714,0.2,32981,2825
Head paraxial mesoderm,Subthalamic nucleus neuron,5.758713550876752,-0.20863774928351475,-8.40517474986214,0.0005731689879920122,0.0,32981,802
Head paraxial mesoderm,Surface ectoderm (posterior),5.487916404365696,-0.11763795711911278,-2.26326334752292,0.00971380915459229,0.88,32981,133
Head paraxial mesoderm,Telencephalon (dorsal),6.01250362578548,-0.3662455193989649,-65.60016462401819,0.004321365640605425,0.0,32981,31059
Head paraxial mesoderm,Telencephalon (ventral),5.887869535121944,-0.2798794644512421,-21.625364564662345,0.003890405650471435,0.0,32981,3241
Head paraxial mesoderm,Thyroid progenitor,5.522180133081654,-0.19319298476997618,-7.423539185620999,0.007620096506753965,0.0,32981,850
Head paraxial mesoderm,Trigeminal branchiomotor neuron,5.793693816834,-0.14144446274384107,-5.504956147352082,0.004127227529407383,0.0,32981,872
Head paraxial mesoderm,Trigeminal ganglion neuron,5.908385088677586,-0.12521794167063938,-7.232870182272713,0.007255915404726688,0.04,32981,1765
Head paraxial mesoderm,Trigeminal placode,5.973822765537512,-0.20468886457668845,-21.18659491424724,0.001900226069286406,0.0,32981,6546
Head paraxial mesoderm,Trigeminal sensory neuron,5.914188123339724,-0.1607943621277282,-12.356662182958013,0.0005132809112048769,0.0,32981,3198
Head paraxial mesoderm,Trochlear neuron,5.58768980357132,-0.0922263797037628,-1.5731619435181894,0.0015331909590519785,0.49,32981,153
Head paraxial mesoderm,Trunk neural crest,5.956228608512148,-0.3008784512045401,-29.622390523613305,0.0008317467829228922,0.0,32981,6809
Head paraxial mesoderm,V0 interneuron,6.046642789277328,-0.33048679374374973,-21.25867539064388,0.0024893428385427334,0.0,32981,2114
Head paraxial mesoderm,V1 interneuron,6.023389218318697,-0.2707401652626536,-16.09432032135409,0.0014990549468957004,0.0,32981,1795
Head paraxial mesoderm,V2 interneuron,5.920428112061114,-0.20079486639370506,-8.61922943965185,0.001357164858200315,0.0,32981,842
Head paraxial mesoderm,V3 interneuron,5.622675639749073,-0.1144798650619719,-2.3241918221198876,0.006066658160320685,0.54,32981,230
Head paraxial mesoderm,Vagal neural crest,5.97205097722036,-0.29616088286146197,-26.113133725754846,0.0019818547641222103,0.0,32981,4937
Head paraxial mesoderm,Visceral motor neuron,5.83410031587493,-0.22021523841919718,-13.752903658535809,0.004434321848701725,0.0,32981,2062
Head paraxial mesoderm,Yolk sac endothelial cell,5.842205432233413,0.2544583787125279,4.545393552892035,0.030437883343811336,0.58,32981,112
Hematopoietic progenitor,Hematopoietic progenitor,9.499999999978924,-1.7763568394002505e-15,-1.7765145224849107e-05,3.534096855390133e-28,1.0,87,87
Hematopoietic progenitor,Hemogenic endothelium,5.2534125789443,0.33020878808171084,3.3623555945245016,0.1661005652237362,0.62,87,141
Hematopoietic progenitor,Hepatoblast,5.146666842393579,0.19433771511492282,2.0657310586259894,0.019145195252080194,0.7,87,1255
Hematopoietic progenitor,Hindbrain (isthmic organizer),5.158324396769069,-0.3532797992154171,-4.191848340731745,0.0038801683477124923,0.0,87,3921
Hematopoietic progenitor,Hindbrain (r1),5.226876119186227,-0.4014971944627881,-5.056509020320646,0.0024770626226111466,0.0,87,16440
Hematopoietic progenitor,Hindbrain (r2-r4),5.288503111360853,-0.4418396900003992,-5.302816505429384,0.0037921258338144423,0.0,87,26863
Hematopoietic progenitor,Hindbrain (r5-r8),5.2547939524753975,-0.5098956410869615,-5.661584027598313,0.012948286171806777,0.0,87,28972
Hematopoietic progenitor,Hindgut,5.026835698571319,0.012762415195359663,0.1952226611753627,0.01089893716672155,0.81,87,3029
Hematopoietic progenitor,Hindlimb field,5.286271480829996,-0.17188419661765733,-1.8134054853734278,0.005763627706163216,0.29,87,6150
Hematopoietic progenitor,Hypaxial myogenic progenitor,5.346499127755162,-0.19404237532260518,-2.631261191747876,0.0025768883065966277,0.03,87,5322
Hematopoietic progenitor,Hypothalamic neuron,4.97234706487776,-0.23693485579612142,-2.5261881329138474,0.004560876564190114,0.12,87,534
Hematopoietic progenitor,Hypothalamus,5.106797556050506,-0.28152970455177,-3.5347415512408684,0.004422556382119634,0.0,87,7652
Hematopoietic progenitor,Inflow tract,5.354780308505351,0.03745670963039712,0.6206862145669354,0.011098578926779233,0.92,87,2494
Hematopoietic progenitor,Intermediate mesoderm (nephrogenic),5.267692929381424,-0.37142593089719966,-4.270320542874551,0.02343121591587046,0.01,87,6458
Hematopoietic progenitor,Intermediate mesoderm (posterior),5.257981063331699,-0.276904405672008,-2.8893523761643416,0.007019578948597199,0.02,87,4198
Hematopoietic progenitor,Juxtacardiac field,5.173661297305463,0.00046519469131744984,-0.01651438002031513,0.0006935127993540407,0.96,87,1386
Hematopoietic progenitor,Left ventricle,5.245995270196059,0.06454902416211954,0.9989011880788694,0.01735593009878309,0.24,87,1174
Hematopoietic progenitor,Lens placode,5.169652710076471,-0.07505510160730704,-0.823492704596001,0.0035967385086012075,0.6,87,2811
Hematopoietic progenitor,Macrophage,6.207752784214132,1.3662561715673514,15.198145389062612,0.35060342561249463,0.0,87,966
Hematopoietic progenitor,Megakaryocyte,5.87480467907283,0.9176279520056182,11.099369904758442,0.1627659598425894,0.0,87,482
Hematopoietic progenitor,Mesothelium,5.014732890299335,-0.1326481810352839,-1.413288923998743,0.00413009578057691,0.33,87,346
Hematopoietic progenitor,Midbrain,5.198941463966695,-0.4001420263064818,-4.83345588583546,0.0037730806463602082,0.0,87,21466
Hematopoietic progenitor,Midbrain GABAergic neuron,4.935867647187706,0.029313930030874975,0.05453373728288261,0.05711949994228577,0.29,87,118
Hematopoietic progenitor,Midbrain neuron,5.16030259996321,-0.3985421719244456,-5.009064608346958,0.0017358092900671503,0.0,87,4345
Hematopoietic progenitor,Midgut,5.076163906365476,0.059184796028010155,0.6831365187071743,0.08582747790711397,0.06,87,1667
Hematopoietic progenitor,Myotome,5.275252471859455,-0.2676750267118102,-3.3690171257163257,0.004795478967184429,0.01,87,2201
Hematopoietic progenitor,Nascent somite,5.212181230386946,-0.40462349011380194,-4.658013742537651,0.021974401046138087,0.0,87,6475
Hematopoietic progenitor,Notochord,5.015296795239962,-0.07468052808871721,-1.0473530763521468,0.008212630531854573,0.7,87,956
Hematopoietic progenitor,Oculomotor neuron,4.777184192874526,-0.0031824029659492936,-0.08888309176993103,0.02151231342147572,0.55,87,122
Hematopoietic progenitor,Olfactory placode,5.230742404689028,-0.08180361639278881,-1.000743312962604,0.0007526379076082944,0.43,87,5872
Hematopoietic progenitor,Olfactory sensory neuron,5.020968677717392,-0.08562693125463057,-0.9528677219845711,0.003219019696904063,0.8,87,389
Hematopoietic progenitor,Otic placode,5.071801228748256,-0.11583755632306403,-1.2548010270118308,0.004727599010191914,0.53,87,2365
Hematopoietic progenitor,Otic sensory neuron,5.025998508587693,-0.052856502699034046,-0.5974028098351271,0.005238571631630914,0.72,87,974
Hematopoietic progenitor,Outflow tract,5.057972183719438,-0.06430049032520646,-0.592528530771631,0.03366551915568908,0.28,87,890
Hematopoietic progenitor,Pancreatic-biliary progenitor,5.059370830943023,0.09697931719961546,1.1744743255706298,0.054354468126759856,0.52,87,373
Hematopoietic progenitor,Paraventricular hypothalamic neuron,4.8095882455744485,-0.0701254063158417,-0.6337770480980015,0.016308549210452015,0.47,87,192
Hematopoietic progenitor,Periocular mesoderm,4.921118042766257,-0.07962716087410016,-1.2002628374273163,0.019189804821136486,0.97,87,1739
Hematopoietic progenitor,Pharyngeal arch mesenchyme (p1-p2),5.280162202081306,-0.2703243763607664,-3.224745725655319,0.002971923249489544,0.01,87,29887
Hematopoietic progenitor,Pharyngeal arch mesenchyme (p3-p4),5.21405287247384,-0.2367615435879801,-2.5372774441800647,0.0001868803310470026,0.04,87,9198
Hematopoietic progenitor,Pharyngeal endoderm,5.238520072376327,0.07407655706414011,0.9731731325965566,0.029930079517747857,0.07,87,5045
Hematopoietic progenitor,Pharyngeal mesoderm,5.266692756497563,-0.10583277083562977,-1.767788766333184,0.00688053629540143,0.78,87,7691
Hematopoietic progenitor,Presomitic mesoderm,5.228292398267321,-0.4042585819266919,-4.762423483567327,0.012651039411494293,0.0,87,8521
Hematopoietic progenitor,Primordial germ cell,4.733083233606775,0.4114196849741871,2.368149453640419,0.0849425981535681,0.28,56,25
Hematopoietic progenitor,Respiratory progenitor,5.108342072755128,0.1248651341741489,1.3182663040050409,0.05067560865578329,0.41,87,1209
Hematopoietic progenitor,Right ventricle,4.924536544710819,-0.03996757413678864,-0.7368691815432694,0.013013531127277982,0.45,87,730
Hematopoietic progenitor,Roof plate (anterior),5.233084061828545,-0.27771549698834114,-3.17492821943409,0.0008733717772657125,0.01,87,3787
Hematopoietic progenitor,Roof plate (posterior),5.208250555996112,-0.31635794024778513,-3.4506658428415222,0.006346886559075725,0.02,87,2248
Hematopoietic progenitor,Sacral neural crest,5.144950847238882,-0.23645702975670937,-2.5033333936800273,0.00039176843048480565,0.03,87,2156
Hematopoietic progenitor,Sclerotome,5.422003539456946,-0.40091605558057025,-4.826234924582376,0.00487657497452487,0.0,87,74334
Hematopoietic progenitor,Second heart field (anterior),5.1480063829842875,0.03875911675506346,0.6115264859936524,0.01037914333865523,0.37,87,1040
Hematopoietic progenitor,Somatic mesoderm (anterior),5.554031262645613,-0.024672076207415,-0.3454120294094795,0.045416943787248386,0.18,87,14544
Hematopoietic progenitor,Somatic mesoderm (posterior),5.544767973137655,-0.1525686210575398,-1.6247825277115624,0.07048379834607066,0.12,87,48596
Hematopoietic progenitor,Somatic mesoderm (tailbud),5.108923850414979,-0.29762881243623457,-3.1499740061463304,0.00312944668667632,0.01,87,3011
Hematopoietic progenitor,Somatic motor neuron,5.173483842077591,-0.4398809057694984,-5.0915930403864875,0.00834240524473835,0.0,87,6559
Hematopoietic progenitor,Spinal cord (cervical),5.275262897817376,-0.5236266918988116,-5.742443653004966,0.010953537096205475,0.0,87,41051
Hematopoietic progenitor,Spinal cord (lumbar),5.206981374750666,-0.4576321016867085,-5.6025310548606475,0.004452823056104971,0.0,87,12722
Hematopoietic progenitor,Spinal cord (sacral),5.203796581558102,-0.3903761763547748,-4.468233293311592,0.014573385495090938,0.0,87,5351
Hematopoietic progenitor,Spinal cord (thoracic),5.240274838262775,-0.49932849159627885,-5.706234886848215,0.007698050009543128,0.0,87,35061
Hematopoietic progenitor,Spinal cord interneuron progenitor,5.148987934208872,-0.4269884692910753,-4.557696337839826,0.0030174866361623812,0.0,87,2196
Hematopoietic progenitor,Splanchnic mesoderm (cardiopulmonary),5.2944649188766855,-0.1097989669169177,-1.6412442614827265,0.002770725588159464,0.38,87,5768
Hematopoietic progenitor,Splanchnic mesoderm (gastric),5.214346564518803,-0.16274993359425416,-1.937564777112818,0.03352502851102691,0.91,87,3373
Hematopoietic progenitor,Splanchnic mesoderm (intestinal),5.470999277152218,-0.14041988516982626,-1.351413134059813,0.04813899817736551,0.48,87,9676
Hematopoietic progenitor,Splanchnic mesoderm (septum transversum),5.329216809444173,-0.0010769028331839199,-0.011557010304378168,0.04220650281104814,0.52,87,2825
Hematopoietic progenitor,Subthalamic nucleus neuron,5.012660843789728,-0.20206740422712746,-2.4913186013356285,0.02089954913969504,0.8,87,802
Hematopoietic progenitor,Surface ectoderm (posterior),5.1414039581671505,0.29682420340965443,2.478782994252159,0.03423400001185459,0.44,87,133
Hematopoietic progenitor,Telencephalon (dorsal),5.216377363516588,-0.4035207852623997,-4.486290633778359,0.003657033267367916,0.0,87,31059
Hematopoietic progenitor,Telencephalon (ventral),5.12866324423144,-0.27567941043512584,-3.4188905503419895,0.011048394691104774,0.07,87,3241
Hematopoietic progenitor,Thyroid progenitor,5.10473507727252,0.1427014033206732,1.9294331876935742,0.02339741302443348,0.85,87,850
Hematopoietic progenitor,Trigeminal branchiomotor neuron,5.040275131150467,-0.13463747544372287,-1.4359182327373101,0.01836162482262194,0.8,87,872
Hematopoietic progenitor,Trigeminal ganglion neuron,5.152477767028054,-0.10482144810461384,-1.2883235284588113,0.005095028359907711,0.77,87,1765
Hematopoietic progenitor,Trigeminal placode,5.2549525168696745,-0.16109099830080856,-1.95803889006389,0.0018187421187968633,0.16,87,6546
Hematopoietic progenitor,Trigeminal sensory neuron,5.18738662013946,-0.12878415480088248,-1.7012542373432107,0.012500146657839223,0.79,87,3198
Hematopoietic progenitor,Trochlear neuron,4.909373998273487,-0.023176978419339928,-0.22611176781490858,0.014827324435438646,0.91,87,153
Hematopoietic progenitor,Trunk neural crest,5.222329556793546,-0.2728593513404407,-3.0110748808335246,0.008945674660825876,0.06,87,6809
Hematopoietic progenitor,V0 interneuron,5.20658909125844,-0.4147962678164611,-4.586609096459177,0.004779484255993987,0.0,87,2114
Hematopoietic progenitor,V1 interneuron,5.145025233682215,-0.3908316899239243,-4.255763929366651,0.0006137524882428567,0.0,87,1795
Hematopoietic progenitor,V2 interneuron,5.104983850132524,-0.2507672575876449,-2.598360915319842,0.005369559849422664,0.07,87,842
Hematopoietic progenitor,V3 interneuron,4.818513014426526,-0.15241375339832844,-1.4414794884368032,0.07885203063569331,0.22,87,230
Hematopoietic progenitor,Vagal neural crest,5.218832706145467,-0.2829711718113896,-3.2549972530425677,0.007827027370462442,0.0,87,4937
Hematopoietic progenitor,Visceral motor neuron,5.068855492362792,-0.22953718503482948,-2.3332889673911175,0.005739792597450999,0.12,87,2062
Hematopoietic progenitor,Yolk sac endothelial cell,4.80343658464476,-0.03217960957190158,-0.14341608983750245,0.013050364713039879,0.58,87,112
Hemogenic endothelium,Hemogenic endothelium,9.499999999938483,-5.329070518200751e-15,-5.920158863140001e-05,3.407879110554771e-28,1.0,141,141
Hemogenic endothelium,Hepatoblast,5.0726260600862325,-0.08690901998637646,-1.7147442424077448,0.011885557410239687,0.95,141,1255
Hemogenic endothelium,Hindbrain (isthmic organizer),5.454561449265438,-0.26196498252494155,-3.875932155947734,0.0011926485427269794,0.0,141,3921
Hemogenic endothelium,Hindbrain (r1),5.589912590766453,-0.2567268318100047,-4.314529623216765,0.0017723125824230242,0.02,141,16440
Hemogenic endothelium,Hindbrain (r2-r4),5.698444120283395,-0.24296795045035324,-3.865303863118355,9.399084728270216e-05,0.0,141,26863
Hemogenic endothelium,Hindbrain (r5-r8),5.6726091598246535,-0.29248509759575647,-4.477423028765565,0.0008860233415196625,0.0,141,28972
Hemogenic endothelium,Hindgut,5.191278919349334,-0.037943406030894224,-0.6485662647319401,0.0028363600308155684,0.7,141,3029
Hemogenic endothelium,Hindlimb field,6.0195318173278975,0.34757305745483374,4.900622559984204,0.027616087736723027,0.0,141,6150
Hemogenic endothelium,Hypaxial myogenic progenitor,5.621998522095242,-0.12504398052543278,-1.81018212420042,0.0034149782788183173,0.14,141,5322
Hemogenic endothelium,Hypothalamic neuron,5.185832423829331,-0.24434977419869863,-3.138235987512631,0.010459497529647064,0.28,141,534
Hemogenic endothelium,Hypothalamus,5.301911388793263,-0.2928034552081013,-4.804435861128057,0.018601043212914843,0.1,141,7652
Hemogenic endothelium,Inflow tract,5.6532403506346,0.12356139316182209,2.5006375784407595,0.008443317903063114,0.8,141,2494
Hemogenic endothelium,Intermediate mesoderm (nephrogenic),5.84003037761094,-0.007596557836028121,-0.03403934555369877,0.0360916570794075,0.99,141,6458
Hemogenic endothelium,Intermediate mesoderm (posterior),5.796744044198135,0.053518576110677785,0.875586233620238,0.03223868974524138,0.14,141,4198
Hemogenic endothelium,Juxtacardiac field,5.357264000535513,-0.020817778338512838,-0.8616699576182225,0.02987626204399607,0.45,141,1386
Hemogenic endothelium,Left ventricle,5.3934730400741495,0.010168932746000317,0.31804135058997035,0.00398408762512105,0.48,141,1174
Hemogenic endothelium,Lens placode,5.588107308104672,0.1364956211652535,2.2012160657316877,0.009640020478680608,0.66,141,2811
Hemogenic endothelium,Macrophage,5.019826949903178,-0.03354508070150105,-1.2767999005907562,0.02680616733933852,0.64,141,966
Hemogenic endothelium,Megakaryocyte,5.004885725008958,-0.16768634753711206,-2.5001933995962777,0.03354554969417465,0.92,141,482
Hemogenic endothelium,Mesothelium,5.3671760961223045,0.009190697107891074,0.2510780040447868,0.022182558390978848,0.93,141,346
Hemogenic endothelium,Midbrain,5.529452910831119,-0.28179888427176686,-4.389084264879926,0.0032064053934940297,0.0,141,21466
Hemogenic endothelium,Midbrain GABAergic neuron,4.912280371697595,-0.19988250213326322,-2.0526554889033113,0.046313939891852784,0.6,141,118
Hemogenic endothelium,Midbrain neuron,5.504494654013353,-0.2715219009507693,-4.27306903115139,0.0036771004307878186,0.01,141,4345
Hemogenic endothelium,Midgut,5.154318156174397,-0.07117924438672792,-1.899324322094597,0.03088354492527534,0.68,141,1667
Hemogenic endothelium,Myotome,5.507917470468191,-0.24961739145393005,-4.201729396539445,0.016307923543451116,0.01,141,2201
Hemogenic endothelium,Nascent somite,5.631489789005229,-0.1884372127645634,-2.6855470707921802,0.02022105446334249,0.74,141,6475
Hemogenic endothelium,Notochord,5.150372649260228,-0.15845720967763613,-2.8187587390211823,0.014056558847575765,0.55,141,956
Hemogenic endothelium,Oculomotor neuron,4.864446719606447,-0.13492906324310314,-1.4344066939283582,0.04618157944498686,0.43,141,122
Hemogenic endothelium,Olfactory placode,5.609655254422734,0.08628552945766661,1.5625152151683708,0.00894214553506058,0.88,141,5872
Hemogenic endothelium,Olfactory sensory neuron,5.361152917822518,0.04005230977096582,0.7424871628548916,0.008385665762905043,0.61,141,389
Hemogenic endothelium,Otic placode,5.597403726381784,0.19621413482426822,2.627608186675532,0.005686840358964277,0.1,141,2365
Hemogenic endothelium,Otic sensory neuron,5.5117146855786645,0.21456242198599393,2.9199435843843773,0.011226245097975063,0.2,141,974
Hemogenic endothelium,Outflow tract,5.318105958240992,-0.008090128501164825,-0.2637042513185101,0.005994818248863112,0.7,141,890
Hemogenic endothelium,Pancreatic-biliary progenitor,5.029927644256309,-0.14646895976774546,-2.6309999157939354,0.01443182018685528,0.9,141,373
Hemogenic endothelium,Paraventricular hypothalamic neuron,4.96187159139005,-0.13176221147524783,-1.386413506349905,0.04090591113391208,0.51,141,192
Hemogenic endothelium,Periocular mesoderm,5.037705892957123,-0.16505828401252978,-2.9649018059768224,0.03895117700229564,0.59,141,1739
Hemogenic endothelium,Pharyngeal arch mesenchyme (p1-p2),5.7517848988655444,5.964737416075394e-05,0.09930598306937301,0.0027107602059686037,0.77,141,29887
Hemogenic endothelium,Pharyngeal arch mesenchyme (p3-p4),5.717773187062424,0.05230505676903382,0.7864002913992655,0.0016152726984581295,0.96,141,9198
Hemogenic endothelium,Pharyngeal endoderm,5.2751872617384015,-0.10223125105897157,-2.378595566315266,0.042368672712658866,0.95,141,5045
Hemogenic endothelium,Pharyngeal mesoderm,5.5161864130345215,-0.06816193900847178,-1.0833627931085437,0.001056830056731494,0.54,141,7691
Hemogenic endothelium,Presomitic mesoderm,5.647738746181072,-0.19350258740420725,-2.8188654347638447,0.023735915270707758,0.69,141,8521
Hemogenic endothelium,Primordial germ cell,4.730602863594536,0.2228188210943438,1.1680910704476264,0.0008160725220886798,0.34,73,25
Hemogenic endothelium,Respiratory progenitor,5.0508184003572465,-0.13909437343935385,-2.702183603265233,0.027301458360548293,0.88,141,1209
Hemogenic endothelium,Right ventricle,5.101100548610899,-0.08172681832210404,-0.8772256861275481,0.02686284341682409,0.09,141,730
Hemogenic endothelium,Roof plate (anterior),5.708368542385507,-0.007618258008556052,-0.08529757266934763,0.0012344701444104295,0.9,141,3787
Hemogenic endothelium,Roof plate (posterior),5.711550408755912,-0.013254023481300337,-0.21406249920276355,0.004857502168482634,0.59,141,2248
Hemogenic endothelium,Sacral neural crest,5.618233293635964,0.01496524204717146,0.2087026961207201,0.003754852467966602,0.87,141,2156
Hemogenic endothelium,Sclerotome,5.819318095796799,-0.22026837066312233,-3.265874155032795,0.005603195214270615,0.03,141,74334
Hemogenic endothelium,Second heart field (anterior),5.3881341374258716,0.06271721975500928,0.831923346509757,0.008664832392344553,0.37,141,1040
Hemogenic endothelium,Somatic mesoderm (anterior),6.074326922143125,0.2853324016808984,4.941807166206108,0.042446043381698294,0.27,141,14544
Hemogenic endothelium,Somatic mesoderm (posterior),6.773074282116343,0.8653861893916135,12.532085908664834,0.0024338841408723653,0.0,141,48596
Hemogenic endothelium,Somatic mesoderm (tailbud),5.658612663692888,0.041113724232374395,0.557493343922799,0.037989065398998725,0.99,141,3011
Hemogenic endothelium,Somatic motor neuron,5.450399101646023,-0.35944409148736184,-4.995721276211237,0.013854919952856122,0.0,141,6559
Hemogenic endothelium,Spinal cord (cervical),5.72465560764585,-0.2898632522584392,-4.266626319511011,0.001736994166043955,0.0,141,41051
Hemogenic endothelium,Spinal cord (lumbar),5.647677378770289,-0.2334758443231474,-3.586967386233942,0.006118102465735276,0.02,141,12722
Hemogenic endothelium,Spinal cord (sacral),5.622883282636735,-0.1877744509574756,-2.763409480356566,0.003152843874794775,0.04,141,5351
Hemogenic endothelium,Spinal cord (thoracic),5.699699869486184,-0.2471695545167396,-3.4387603705089638,0.004770183231222334,0.02,141,35061
Hemogenic endothelium,Spinal cord interneuron progenitor,5.485778359268763,-0.3033247247438388,-4.869354427433207,0.026275162482016563,0.21,141,2196
Hemogenic endothelium,Splanchnic mesoderm (cardiopulmonary),5.694937122825562,0.07985653586708678,1.4138515567787728,0.000492833319420307,0.55,141,5768
Hemogenic endothelium,Splanchnic mesoderm (gastric),5.761314530635455,0.17758653215393286,2.83948393982927,0.009191112126540129,0.38,141,3373
Hemogenic endothelium,Splanchnic mesoderm (intestinal),6.739140102254074,0.9128574303558311,13.021574564631505,0.014490977741107395,0.0,141,9676
Hemogenic endothelium,Splanchnic mesoderm (septum transversum),5.667795959957355,0.12981025674120486,2.7088806512353947,0.03967305381658718,0.18,141,2825
Hemogenic endothelium,Subthalamic nucleus neuron,5.15763343968572,-0.26302629764428903,-4.357360054577917,0.06270199472033638,0.85,141,802
Hemogenic endothelium,Surface ectoderm (posterior),5.241644181934514,0.18026370811552983,1.8408297046692077,0.029610625870024422,0.98,141,133
Hemogenic endothelium,Telencephalon (dorsal),5.616925405439443,-0.21849198904801526,-3.1163150181348436,0.004939592594032453,0.01,141,31059
Hemogenic endothelium,Telencephalon (ventral),5.532395748370173,-0.0826791295592771,-1.2187899486243898,0.00198711698238916,0.47,141,3241
Hemogenic endothelium,Thyroid progenitor,4.990060290177607,-0.17236804687174137,-2.949369399181336,0.023178370020849492,0.62,141,850
Hemogenic endothelium,Trigeminal branchiomotor neuron,5.198760514548053,-0.18569060451873534,-2.8208033718886703,0.005668505986678322,0.18,141,872
Hemogenic endothelium,Trigeminal ganglion neuron,5.600549214835304,0.11955721804088142,1.6141468904096516,0.008140540156004373,0.45,141,1765
Hemogenic endothelium,Trigeminal placode,5.812613667347578,0.18854368633221372,2.6508134984393465,0.0004732961271883481,0.04,141,6546
Hemogenic endothelium,Trigeminal sensory neuron,5.639800035960417,0.11158682943593175,1.9666873864212686,0.0080901947432826,0.67,141,3198
Hemogenic endothelium,Trochlear neuron,4.925799275200069,-0.19796392738271962,-2.102487697112597,0.06014355336013197,0.87,141,153
Hemogenic endothelium,Trunk neural crest,5.692887504413865,-0.016705498363815074,-0.2831559839347402,0.000757523802085713,0.9,141,6809
Hemogenic endothelium,V0 interneuron,5.55284651919726,-0.2745160038545113,-3.552392691269702,0.0014765934158021258,0.01,141,2114
Hemogenic endothelium,V1 interneuron,5.478645382377658,-0.26289757956405896,-4.166517627835463,0.02834126067705001,0.24,141,1795
Hemogenic endothelium,V2 interneuron,5.427742316160909,-0.1426059977717801,-1.9353816284648018,0.038924752394409554,0.31,141,842
Hemogenic endothelium,V3 interneuron,4.962359447583578,-0.22739167011736208,-2.538352878946635,0.026546682832785648,0.43,141,230
Hemogenic endothelium,Vagal neural crest,5.688963290923435,-0.027455263739877722,-0.26697785407874813,0.004873979375842391,0.74,141,4937
Hemogenic endothelium,Visceral motor neuron,5.21673927456654,-0.2829513793703269,-3.792298960039362,0.02613965262565084,0.23,141,2062
Hemogenic endothelium,Yolk sac endothelial cell,5.370373975527788,0.327368972218931,2.490022877574878,0.027637296432996224,0.04,141,112
Hepatoblast,Hepatoblast,9.500000000003231,7.105427357601002e-15,8.28884492411813e-05,1.262177448353619e-29,1.0,1255,1255
Hepatoblast,Hindbrain (isthmic organizer),5.412516156342296,-0.32072444699922303,-12.091553035109703,0.015222606007216102,0.0,1255,3921
Hepatoblast,Hindbrain (r1),5.448003038284676,-0.41544184554265345,-17.716431509290704,0.021750890911475917,0.0,1255,16440
Hepatoblast,Hindbrain (r2-r4),5.520552765332322,-0.4426582046196925,-19.24830694313466,0.027836270937424915,0.0,1255,26863
Hepatoblast,Hindbrain (r5-r8),5.5252816189954475,-0.4647906531336338,-20.8463493348203,0.022677485111755352,0.0,1255,28972
Hepatoblast,Hindgut,5.579173359982396,0.3321368113019405,13.090196286778522,0.024302747540296356,0.0,1255,3029
Hepatoblast,Hindlimb field,5.394358329154247,-0.3025145631352375,-12.13433605329665,0.015342652290151085,0.0,1255,6150
Hepatoblast,Hypaxial myogenic progenitor,5.5460979443902225,-0.2260661774834105,-8.35794882743659,0.020474128660769864,0.0,1255,5322
Hepatoblast,Hypothalamic neuron,5.3639503262537795,-0.08146210981927975,-1.5308944591941989,0.02627067285261055,0.07,1255,534
Hepatoblast,Hypothalamus,5.491348006750968,-0.12532132457700454,-3.615241846271991,0.0445180533616976,0.0,1255,7652
Hepatoblast,Inflow tract,5.392039809212034,-0.15185770982158964,-6.643621594088984,0.006045899727464809,0.0,1255,2494
Hepatoblast,Intermediate mesoderm (nephrogenic),5.481589379182047,-0.38629395607207684,-15.100909677834688,0.0035621109673737404,0.0,1255,6458
Hepatoblast,Intermediate mesoderm (posterior),5.395553011015552,-0.3786147712715646,-14.355772320410773,0.0036463568431453737,0.0,1255,4198
Hepatoblast,Juxtacardiac field,5.3965366575921285,-0.007759555275962171,-0.4601978294074361,0.007070491530649172,0.1,1255,1386
Hepatoblast,Left ventricle,5.578987554537068,0.17795678768523585,5.809259570060397,0.009081213876498635,0.0,1255,1174
Hepatoblast,Lens placode,5.207661936322418,-0.26569569299183343,-11.139383150268607,0.028499899880097507,0.0,1255,2811
Hepatoblast,Macrophage,5.345533952808325,0.2729964137220116,7.595688209378825,0.014600572687348498,0.0,1255,966
Hepatoblast,Megakaryocyte,5.359261166366714,0.1726475927334056,3.486281460415018,0.06396734603424957,0.0,1255,482
Hepatoblast,Mesothelium,5.221614330765347,-0.16020720185065862,-3.5035812751826665,0.0025526008329891992,0.06,1255,346
Hepatoblast,Midbrain,5.508952694832292,-0.3178065455389625,-12.638451534783764,0.026903315871054535,0.0,1255,21466
Hepatoblast,Midbrain GABAergic neuron,5.224559872491912,0.07857685224343847,1.2939004930490066,0.011468885157808589,0.67,1255,118
Hepatoblast,Midbrain neuron,5.426866220795773,-0.3627444630864316,-13.411382739477508,0.01961746357314134,0.0,1255,4345
Hepatoblast,Midgut,5.957353701228413,0.7078578989650145,26.388053107706366,0.01637348422394062,0.0,1255,1667
Hepatoblast,Myotome,5.50209091994856,-0.2681899113012598,-9.746691176272291,0.0061775790230921,0.0,1255,2201
Hepatoblast,Nascent somite,5.468620006522958,-0.37416386001650626,-14.283037939158584,0.022675563931445063,0.0,1255,6475
Hepatoblast,Notochord,5.588412515486369,0.26034452771932176,7.7441944878366735,0.0034539358656670064,0.0,1255,956
Hepatoblast,Oculomotor neuron,4.90543812673073,-0.10689054811370102,-1.264819068263046,0.005687500012116761,0.75,1255,122
Hepatoblast,Olfactory placode,5.270947762909114,-0.27697382790134,-11.59264963310475,0.003740882178122893,0.0,1255,5872
Hepatoblast,Olfactory sensory neuron,5.079784956133577,-0.26145909352518854,-5.783073387361607,5.971599240184749e-05,0.0,1255,389
Hepatoblast,Otic placode,5.167981835033825,-0.24869062336603656,-9.801886678101447,0.01743233340730168,0.0,1255,2365
Hepatoblast,Otic sensory neuron,5.139204909429332,-0.17853098761912603,-5.665867760844752,0.023959104930582866,0.32,1255,974
Hepatoblast,Outflow tract,5.248532558522989,-0.09623221992392643,-2.0918170183171667,0.03212199411623571,0.47,1255,890
Hepatoblast,Pancreatic-biliary progenitor,6.337342252633566,1.1441310121022108,27.257945210725918,0.02469202810765221,0.0,1255,373
Hepatoblast,Paraventricular hypothalamic neuron,5.25430365033253,0.15185708935167094,2.627038236291145,0.061222280483329755,0.75,1255,192
Hepatoblast,Periocular mesoderm,5.381014575201758,0.15180327594408757,5.441567547313846,0.015126479112561713,0.02,1255,1739
Hepatoblast,Pharyngeal arch mesenchyme (p1-p2),5.314091600762764,-0.45447181438452705,-19.77916240239519,0.006181760069111529,0.0,1255,29887
Hepatoblast,Pharyngeal arch mesenchyme (p3-p4),5.294839276914653,-0.39200638797459586,-16.33653905139217,0.004384418427479027,0.0,1255,9198
Hepatoblast,Pharyngeal endoderm,6.568861716379167,1.173528257795814,56.31789571024285,0.04551730556343532,0.0,1255,5045
Hepatoblast,Pharyngeal mesoderm,5.4894860749404595,-0.11104929792858471,-5.1220815172171825,0.00957418989272939,0.11,1255,7691
Hepatoblast,Presomitic mesoderm,5.49727445359384,-0.3619679717481817,-13.881372619794758,0.010591329137882556,0.0,1255,8521
Hepatoblast,Primordial germ cell,4.636988975581844,0.07606361032191744,0.574863760795282,0.00954932823757278,0.97,603,25
Hepatoblast,Respiratory progenitor,6.560607102548737,1.3527815415501896,40.93866721753832,0.06585018335809505,0.0,1255,1209
Hepatoblast,Right ventricle,5.0443324977613955,-0.15761778999398532,-4.19690276306583,0.01725762221137649,0.41,1255,730
Hepatoblast,Roof plate (anterior),5.3236896466288215,-0.4149193139690646,-15.084068289496273,0.0056476432323786805,0.0,1255,3787
Hepatoblast,Roof plate (posterior),5.334925726818592,-0.41606645833566464,-14.525372936546804,0.004610592758362685,0.0,1255,2248
Hepatoblast,Sacral neural crest,5.332506549764282,-0.28270778382854456,-9.586487199892177,0.019380272747219773,0.0,1255,2156
Hepatoblast,Sclerotome,5.654949977113787,-0.39933582685623925,-17.83962355574713,0.009482545567497138,0.0,1255,74334
Hepatoblast,Second heart field (anterior),5.2591945331589995,-0.08298023368943912,-2.258218610638708,0.015297649710820344,0.9,1255,1040
Hepatoblast,Somatic mesoderm (anterior),5.540290294549204,-0.2722118186121838,-12.419327732272725,0.0019526487014030686,0.0,1255,14544
Hepatoblast,Somatic mesoderm (posterior),5.47777904157405,-0.4478132241068593,-20.65343503269437,0.00473633929231162,0.0,1255,48596
Hepatoblast,Somatic mesoderm (tailbud),5.321312747003588,-0.3078376242717911,-11.053099286728402,0.0026273525563324674,0.0,1255,3011
Hepatoblast,Somatic motor neuron,5.510544573127578,-0.31842439140542655,-10.939409784251078,0.02733461050153645,0.0,1255,6559
Hepatoblast,Spinal cord (cervical),5.558748003026334,-0.4753187986940208,-18.778482512040775,0.01969780704164698,0.0,1255,41051
Hepatoblast,Spinal cord (lumbar),5.512149709286581,-0.3777150410487347,-16.30874164654365,0.02539810854768263,0.0,1255,12722
Hepatoblast,Spinal cord (sacral),5.49532205402947,-0.3323569474072734,-11.699370576547219,0.028883935773195223,0.0,1255,5351
Hepatoblast,Spinal cord (thoracic),5.529386930311941,-0.43760849068067503,-16.696189982395634,0.02499248768582835,0.0,1255,35061
Hepatoblast,Spinal cord interneuron progenitor,5.5231848063194455,-0.2804596928563159,-8.796356228190112,0.032293824521519014,0.0,1255,2196
Hepatoblast,Splanchnic mesoderm (cardiopulmonary),5.392306434116691,-0.2420533397837422,-11.16113073964962,0.0037911895106587106,0.0,1255,5768
Hepatoblast,Splanchnic mesoderm (gastric),5.3537232340083944,-0.25320740273103165,-9.982338499761754,0.0022279806944114017,0.0,1255,3373
Hepatoblast,Splanchnic mesoderm (intestinal),5.412854581032968,-0.4326704653160611,-18.93804140070491,0.0024912821336500607,0.0,1255,9676
Hepatoblast,Splanchnic mesoderm (septum transversum),5.386575796563246,-0.16748870424067164,-6.469670350335167,0.0010489678253696175,0.0,1255,2825
Hepatoblast,Subthalamic nucleus neuron,5.402958547660993,-0.037350294164859875,0.13279236737258948,0.04516942137622119,0.28,1255,802
Hepatoblast,Surface ectoderm (posterior),5.14391244087117,0.0687158963029703,0.30211342195146584,0.11229516950744678,0.97,1255,133
Hepatoblast,Telencephalon (dorsal),5.4727242454447556,-0.37353754880929824,-16.917674895873592,0.008481950087613594,0.0,1255,31059
Hepatoblast,Telencephalon (ventral),5.31930121256971,-0.31910574594199986,-13.252678130835541,0.014233044093752374,0.0,1255,3241
Hepatoblast,Thyroid progenitor,6.970343156698578,1.7839594002613026,52.1098823832423,0.04003429248468386,0.0,1255,850
Hepatoblast,Trigeminal branchiomotor neuron,5.388079406742617,-0.012885010575621969,-0.02596687947856487,0.018009685000595264,0.18,1255,872
Hepatoblast,Trigeminal ganglion neuron,5.218251758264161,-0.28563935919086764,-8.744818477191442,0.012797459989306398,0.0,1255,1765
Hepatoblast,Trigeminal placode,5.2725212214000665,-0.377321246776727,-17.17922955690038,0.005877281692777694,0.0,1255,6546
Hepatoblast,Trigeminal sensory neuron,5.270324359727186,-0.27157496120776986,-11.989901088922224,0.02260473962293394,0.0,1255,3198
Hepatoblast,Trochlear neuron,5.147795358712879,-0.0003960015716879539,-0.08384792512305088,0.024099765225326548,0.48,1255,153
Hepatoblast,Trunk neural crest,5.344836682062904,-0.3794479136392163,-14.43174641511402,0.006897431610650886,0.0,1255,6809
Hepatoblast,V0 interneuron,5.447119705250782,-0.39988187105423406,-12.137698156738798,0.01688312713932712,0.0,1255,2114
Hepatoblast,V1 interneuron,5.451195945838271,-0.3079624429856871,-9.949431096447844,0.004707955134801951,0.0,1255,1795
Hepatoblast,V2 interneuron,5.4670222520612946,-0.11982475617163502,-2.9794771951247085,0.01189979583407884,0.87,1255,842
Hepatoblast,V3 interneuron,5.295216663798505,0.08929365897540098,1.7036632171684156,0.0029089956766945976,0.53,1255,230
Hepatoblast,Vagal neural crest,5.3436970508220485,-0.3946732061197456,-16.480264620898424,0.00703217049595942,0.0,1255,4937
Hepatoblast,Visceral motor neuron,5.526536484011456,0.003685991705348002,0.9456159721321423,0.03258232800538462,0.01,1255,2062
Hepatoblast,Yolk sac endothelial cell,4.990860093283476,-0.0715907368032666,-1.0860861139458742,0.029481227531160805,0.72,1255,112
Hindbrain (isthmic organizer),Hindbrain (isthmic organizer),9.50000000001883,-4.736951571734001e-15,-5.32830280062746e-05,1.0833689765035227e-28,1.0,3921,3921
Hindbrain (isthmic organizer),Hindbrain (r1),7.925126877006794,1.5009549975813423,109.00436003544205,0.00724010285004423,0.0,3921,16440
Hindbrain (isthmic organizer),Hindbrain (r2-r4),7.07538673022049,0.5537156157757744,39.707727894880314,0.00020816555692626691,0.0,3921,26863
Hindbrain (isthmic organizer),Hindbrain (r5-r8),6.8525245404192505,0.3041809654982914,21.116301951024,0.00032712787571021894,0.0,3921,28972
Hindbrain (isthmic organizer),Hindgut,5.513925604935518,-0.2928817156636209,-15.514271099110147,0.0012270857014298551,0.0,3921,3029
Hindbrain (isthmic organizer),Hindlimb field,5.97650095844313,-0.2764888736880093,-15.985249363177095,0.0003870318135066721,0.0,3921,6150
Hindbrain (isthmic organizer),Hypaxial myogenic progenitor,6.085361718924101,-0.24394060987544433,-15.079303257458927,0.0047661193507477235,0.0,3921,5322
Hindbrain (isthmic organizer),Hypothalamic neuron,6.507547337702285,0.5096827378472071,14.79726979178234,0.003828667894568885,0.0,3921,534
Hindbrain (isthmic organizer),Hypothalamus,6.815708383533743,0.6428374611298363,41.8030985691104,0.001267972152356641,0.0,3921,7652
Hindbrain (isthmic organizer),Inflow tract,5.741528895630275,-0.3609005632945716,-19.50630467096867,0.008801614208315356,0.0,3921,2494
Hindbrain (isthmic organizer),Intermediate mesoderm (nephrogenic),6.20574219588261,-0.21788888388310626,-12.81720390264335,0.0011007122089137598,0.0,3921,6458
Hindbrain (isthmic organizer),Intermediate mesoderm (posterior),6.06709681771373,-0.2629906870690372,-15.349354497496611,0.006454754402531047,0.0,3921,4198
Hindbrain (isthmic organizer),Juxtacardiac field,5.640368012130415,-0.32353826433645655,-13.163090935889224,0.003720189875600968,0.0,3921,1386
Hindbrain (isthmic organizer),Left ventricle,5.638890930738754,-0.3209135604553091,-12.47612316904381,0.0045726529864608245,0.0,3921,1174
Hindbrain (isthmic organizer),Lens placode,5.748545382268575,-0.27836850677103,-14.266372068806048,0.013151142496239176,0.0,3921,2811
Hindbrain (isthmic organizer),Macrophage,5.278795674983139,-0.3514426855309149,-13.45090733927323,0.009304314674299433,0.0,3921,966
Hindbrain (isthmic organizer),Megakaryocyte,5.372334521255489,-0.37442713219778084,-10.254055900240974,0.007948486818912491,0.0,3921,482
Hindbrain (isthmic organizer),Mesothelium,5.694736222406692,-0.23882868499137752,-5.649537100950073,0.002851885727106147,0.0,3921,346
Hindbrain (isthmic organizer),Midbrain,7.816061459456974,1.4291876113383148,113.90837662119998,0.007922712369919111,0.0,3921,21466
Hindbrain (isthmic organizer),Midbrain GABAergic neuron,6.446681220084319,0.7505752205339249,10.068931568288347,0.015296801647989133,0.0,3921,118
Hindbrain (isthmic organizer),Midbrain neuron,7.308501342837754,0.9598037982087956,53.99362097437444,0.0075404342756045925,0.0,3921,4345
Hindbrain (isthmic organizer),Midgut,5.416299054475722,-0.3908471181553009,-17.91179867444778,0.00628948400304788,0.0,3921,1667
Hindbrain (isthmic organizer),Myotome,6.1238267453357835,-0.20770435236656906,-10.184367354364092,0.0031117326185913724,0.0,3921,2201
Hindbrain (isthmic organizer),Nascent somite,6.264366387815616,-0.13725990836132448,-9.089243611783418,0.004882644173018822,0.0,3921,6475
Hindbrain (isthmic organizer),Notochord,5.695342718999278,-0.18883622247703466,-6.769586586342704,0.011578035868993947,0.0,3921,956
Hindbrain (isthmic organizer),Oculomotor neuron,6.500002201430365,0.9253562769405855,13.268385810336618,0.0315915134027043,0.0,3921,122
Hindbrain (isthmic organizer),Olfactory placode,5.901408977825196,-0.20663996893311865,-13.079684409996714,0.00894229977944393,0.0,3921,5872
Hindbrain (isthmic organizer),Olfactory sensory neuron,5.656648744522545,-0.2395351862515683,-5.404091303850438,0.02176445933848132,0.08,3921,389
Hindbrain (isthmic organizer),Otic placode,5.6799353029903985,-0.29355360309250084,-14.270080849643632,0.013434000824415765,0.0,3921,2365
Hindbrain (isthmic organizer),Otic sensory neuron,5.606489544080612,-0.2644404247955154,-10.016399949032031,0.012042521626157278,0.0,3921,974
Hindbrain (isthmic organizer),Outflow tract,5.589249716318037,-0.3123080540217081,-11.32013116909585,0.000295147943006113,0.0,3921,890
Hindbrain (isthmic organizer),Pancreatic-biliary progenitor,5.379643021139882,-0.3719177677966323,-9.410547249289722,0.012982546063503058,0.0,3921,373
Hindbrain (isthmic organizer),Paraventricular hypothalamic neuron,6.12926693129841,0.4573002601639547,8.778066569615456,0.013207041125313871,0.0,3921,192
Hindbrain (isthmic organizer),Periocular mesoderm,5.50885083179043,-0.27981667031234786,-13.678773922019351,0.013625774712825287,0.0,3921,1739
Hindbrain (isthmic organizer),Pharyngeal arch mesenchyme (p1-p2),6.337201476787858,0.00820763325984982,0.6047888263074542,0.010043425566123955,0.0,3921,29887
Hindbrain (isthmic organizer),Pharyngeal arch mesenchyme (p3-p4),6.152781816396062,-0.0938581963016049,-6.088785188612639,0.009116793638187324,0.44,3921,9198
Hindbrain (isthmic organizer),Pharyngeal endoderm,5.5914358239579185,-0.36250034873877696,-25.78483332839113,0.006596995205477688,0.0,3921,5045
Hindbrain (isthmic organizer),Pharyngeal mesoderm,5.780321373897304,-0.3786044032051657,-28.266820430389487,0.002756776252756461,0.0,3921,7691
Hindbrain (isthmic organizer),Presomitic mesoderm,6.282723408500839,-0.13596971174800832,-8.577095887386385,0.0030976332459416406,0.0,3921,8521
Hindbrain (isthmic organizer),Primordial germ cell,4.636679005746982,-0.5281715054581451,-4.0194311636341755,0.015655818787020638,0.0,3097,25
Hindbrain (isthmic organizer),Respiratory progenitor,5.3969259702852215,-0.3699355151071038,-15.12156561159149,0.015037847396898806,0.0,3921,1209
Hindbrain (isthmic organizer),Right ventricle,5.458469705797472,-0.3005408266029506,-9.697503277017857,0.005876143258427729,0.0,3921,730
Hindbrain (isthmic organizer),Roof plate (anterior),6.5912942965554775,0.2913554049976795,15.265216125331982,0.017217324701692613,0.0,3921,3787
Hindbrain (isthmic organizer),Roof plate (posterior),6.189601135059906,-0.11952838608930853,-5.275342492437548,0.01756917700451148,0.38,3921,2248
Hindbrain (isthmic organizer),Sacral neural crest,5.972836760846714,-0.20151824651091813,-9.448824745315063,0.00306514691809038,0.0,3921,2156
Hindbrain (isthmic organizer),Sclerotome,6.305121347909505,-0.30792177845264845,-24.504047460010053,0.00023209429288963438,0.0,3921,74334
Hindbrain (isthmic organizer),Second heart field (anterior),5.60273624776941,-0.29634040512885856,-11.924927877948079,0.0005668924620826465,0.0,3921,1040
Hindbrain (isthmic organizer),Somatic mesoderm (anterior),5.959118769901745,-0.4125224789775472,-28.51450354621473,1.0795860960432241e-05,0.0,3921,14544
Hindbrain (isthmic organizer),Somatic mesoderm (posterior),6.107927522645128,-0.3766906771154958,-30.558883866986974,0.0007373833049690337,0.0,3921,48596
Hindbrain (isthmic organizer),Somatic mesoderm (tailbud),5.888499389387214,-0.2983897595842639,-16.862349167187222,0.01005338800453255,0.0,3921,3011
Hindbrain (isthmic organizer),Somatic motor neuron,6.58887275861239,0.1985507237161611,12.24050325565779,0.0002842221236800908,0.0,3921,6559
Hindbrain (isthmic organizer),Spinal cord (cervical),6.725540560217342,0.13349240317212185,9.363575365634086,0.00284340594554425,0.0,3921,41051
Hindbrain (isthmic organizer),Spinal cord (lumbar),6.37014431282402,-0.08106080207781592,-5.729457035440984,0.0020417912030035986,0.08,3921,12722
Hindbrain (isthmic organizer),Spinal cord (sacral),6.263509033194011,-0.123856550124177,-7.300893581670027,0.001990681900356387,0.0,3921,5351
Hindbrain (isthmic organizer),Spinal cord (thoracic),6.523634817356295,-0.0042136617699920125,-0.25984088291707863,0.00039368812455210854,0.99,3921,35061
Hindbrain (isthmic organizer),Spinal cord interneuron progenitor,6.861913469452515,0.4987455950830366,25.639204543006837,0.0018893710017473045,0.0,3921,2196
Hindbrain (isthmic organizer),Splanchnic mesoderm (cardiopulmonary),5.822719916359585,-0.3701164240503652,-24.823374145987163,0.00018661778587067431,0.0,3921,5768
Hindbrain (isthmic organizer),Splanchnic mesoderm (gastric),5.7764847873365115,-0.3881066677975363,-20.459059235479,0.0037556015035280247,0.0,3921,3373
Hindbrain (isthmic organizer),Splanchnic mesoderm (intestinal),6.032824761240676,-0.3692978156289272,-24.570554027792358,0.0031723780085402566,0.0,3921,9676
Hindbrain (isthmic organizer),Splanchnic mesoderm (septum transversum),5.725264332370479,-0.3902534488798744,-20.808904992155366,0.00647840036928333,0.0,3921,2825
Hindbrain (isthmic organizer),Subthalamic nucleus neuron,6.6875234383625815,0.692735873647781,25.477395199627583,0.0015818759719209397,0.0,3921,802
Hindbrain (isthmic organizer),Surface ectoderm (posterior),5.35182469216394,-0.2906092578624658,-3.999666181543614,0.006808915397817825,0.01,3921,133
Hindbrain (isthmic organizer),Telencephalon (dorsal),6.909504868592279,0.5037437953264826,41.82156978654002,0.007636854474426166,0.0,3921,31059
Hindbrain (isthmic organizer),Telencephalon (ventral),6.559077620584913,0.36376400167768325,19.822596227863535,0.022714418243259843,0.0,3921,3241
Hindbrain (isthmic organizer),Thyroid progenitor,5.3429254591887,-0.40215967619554,-15.071535868590795,0.027448708522449888,0.0,3921,850
Hindbrain (isthmic organizer),Trigeminal branchiomotor neuron,6.4586871274020625,0.49770130306145316,16.08395619746973,0.015066463928869686,0.0,3921,872
Hindbrain (isthmic organizer),Trigeminal ganglion neuron,6.041220099661655,-0.020873725480357486,-1.0295415243792843,0.011782003932926683,0.63,3921,1765
Hindbrain (isthmic organizer),Trigeminal placode,5.93947077143967,-0.26600843887067427,-16.090971519290235,0.013021714157607825,0.0,3921,6546
Hindbrain (isthmic organizer),Trigeminal sensory neuron,5.913126653270297,-0.18970402360255326,-10.683919380423086,0.00621924238215075,0.0,3921,3198
Hindbrain (isthmic organizer),Trochlear neuron,6.353268179889677,0.6368342987004629,10.03760045618387,0.007211469883739278,0.0,3921,153
Hindbrain (isthmic organizer),Trunk neural crest,6.095289588152135,-0.18827263974001193,-11.584291572726132,0.0064998261283639724,0.0,3921,6809
Hindbrain (isthmic organizer),V0 interneuron,6.8061852761248955,0.4017137930439822,19.026111117624932,0.0003845583869662133,0.0,3921,2114
Hindbrain (isthmic organizer),V1 interneuron,6.54768660341908,0.2225329917197912,10.117488048665022,5.1011771051989926e-05,0.0,3921,1795
Hindbrain (isthmic organizer),V2 interneuron,6.558292663446963,0.4112955385170875,13.817015923210553,0.003989755887722626,0.0,3921,842
Hindbrain (isthmic organizer),V3 interneuron,5.882737062093535,0.11845594889151911,2.1841254038480327,0.0030981120354237365,0.09,3921,230
Hindbrain (isthmic organizer),Vagal neural crest,6.137927134366883,-0.15703567253828185,-8.913860943833093,0.007679195099531444,0.0,3921,4937
Hindbrain (isthmic organizer),Visceral motor neuron,6.3443227295034665,0.26696156333078286,12.641361414106717,0.0008425948412614559,0.0,3921,2062
Hindbrain (isthmic organizer),Yolk sac endothelial cell,5.305810169217415,-0.32675132808162094,-4.419019804271774,0.0037006928669015195,0.0,3921,112
Hindbrain (r1),Hindbrain (r1),9.500000000006509,-5.921189464667502e-15,-5.3282817699384226e-05,1.304250029965406e-28,1.0,16440,16440
Hindbrain (r1),Hindbrain (r2-r4),7.464322772671411,0.814539644221051,107.72061272476185,0.0029462400413979464,0.0,16440,26863
Hindbrain (r1),Hindbrain (r5-r8),7.062195628452021,0.3872772246572387,51.55082743481835,0.0002487899062575031,0.0,16440,28972
Hindbrain (r1),Hindgut,5.540761407789244,-0.39246819893817114,-27.505882437239496,0.005545922023015316,0.0,16440,3029
Hindbrain (r1),Hindlimb field,6.172042050292366,-0.2090568463611442,-17.56661967278736,0.004134264657702331,0.0,16440,6150
Hindbrain (r1),Hypaxial myogenic progenitor,6.18638612409869,-0.2702018850945625,-22.369443630664794,0.002525366504592734,0.0,16440,5322
Hindbrain (r1),Hypothalamic neuron,6.6135937693447024,0.4872233199794733,13.94011139353487,0.0012701206453037046,0.0,16440,534
Hindbrain (r1),Hypothalamus,6.843217187760099,0.5414702131969603,52.82164039857634,0.0001928878297598159,0.0,16440,7652
Hindbrain (r1),Inflow tract,5.832730933274629,-0.3964440715595667,-24.415449986978647,0.008348401049794603,0.0,16440,2494
Hindbrain (r1),Intermediate mesoderm (nephrogenic),6.368974817333917,-0.18412946297878344,-16.69562911925208,0.001256294791357721,0.0,16440,6458
Hindbrain (r1),Intermediate mesoderm (posterior),6.238057779045822,-0.22177339862784665,-17.009838118351343,0.0037625601905199495,0.0,16440,4198
Hindbrain (r1),Juxtacardiac field,5.723525321810967,-0.36733854036395525,-16.658715538770284,0.0032506930099205048,0.0,16440,1386
Hindbrain (r1),Left ventricle,5.71645480596986,-0.37122153230159444,-17.589347961013697,0.0039062166148449646,0.0,16440,1174
Hindbrain (r1),Lens placode,5.944311472384676,-0.21161919719396197,-12.95307103324604,0.009408795172463638,0.0,16440,2811
Hindbrain (r1),Macrophage,5.324278374870972,-0.43068276084944596,-17.541820565462732,0.005062881429034527,0.0,16440,966
Hindbrain (r1),Megakaryocyte,5.438143939336755,-0.43478945457460255,-12.247846944317507,0.00579663060067704,0.0,16440,482
Hindbrain (r1),Mesothelium,5.872093280324634,-0.1945000661561321,-4.360210011941631,0.0007476583716418508,0.0,16440,346
Hindbrain (r1),Midbrain,7.590139127790068,1.0771601623307456,141.0182857889001,0.004322972980521929,0.0,16440,21466
Hindbrain (r1),Midbrain GABAergic neuron,6.421992088189806,0.5901317198736455,8.386340638796616,0.00038975900880864884,0.0,16440,118
Hindbrain (r1),Midbrain neuron,7.280160905261076,0.804240718314929,65.05910030036313,0.002764112982673119,0.0,16440,4345
Hindbrain (r1),Midgut,5.472974425826401,-0.4618083627305391,-24.135666351490215,0.011895915694905008,0.0,16440,1667
Hindbrain (r1),Myotome,6.218832662874102,-0.23946746557336626,-15.215285512276447,0.0029838440308512662,0.0,16440,2201
Hindbrain (r1),Nascent somite,6.429609755626365,-0.09975969446744475,-9.102585932846269,0.006245251957254682,0.0,16440,6475
Hindbrain (r1),Notochord,5.7322944085793965,-0.28261213268903784,-11.433161511025448,0.011490588538425576,0.0,16440,956
Hindbrain (r1),Oculomotor neuron,6.435936143895515,0.7394720204980413,11.1744600296909,0.021340290875129734,0.0,16440,122
Hindbrain (r1),Olfactory placode,6.097896482099796,-0.13741531051854258,-11.829033011982302,0.004821300239271393,0.0,16440,5872
Hindbrain (r1),Olfactory sensory neuron,5.908434977473757,-0.11662595105770841,-2.588042199598077,0.006851650749831826,0.17,16440,389
Hindbrain (r1),Otic placode,5.8823704669698245,-0.2204767206380748,-13.221381861320717,0.007838971314911068,0.0,16440,2365
Hindbrain (r1),Otic sensory neuron,5.772170202562404,-0.22832953264858138,-8.616033996062841,0.00453002018550719,0.0,16440,974
Hindbrain (r1),Outflow tract,5.669984942256002,-0.36036428349239785,-13.702854101269777,0.0008465690339505324,0.0,16440,890
Hindbrain (r1),Pancreatic-biliary progenitor,5.424535425793109,-0.45340095900350236,-10.983545176920373,0.02355944203230325,0.0,16440,373
Hindbrain (r1),Paraventricular hypothalamic neuron,6.29774142664165,0.4991068693539041,8.791865776540181,0.003171901021685129,0.0,16440,192
Hindbrain (r1),Periocular mesoderm,5.546104350666201,-0.36868340930548066,-19.475883987842153,0.015580526120480196,0.0,16440,1739
Hindbrain (r1),Pharyngeal arch mesenchyme (p1-p2),6.598893633113946,0.14276301193316243,18.556801909437254,0.004511209120397914,0.0,16440,29887
Hindbrain (r1),Pharyngeal arch mesenchyme (p3-p4),6.4247181977646095,0.050911311512365685,4.781676375051117,0.0007935391519762651,0.0,16440,9198
Hindbrain (r1),Pharyngeal endoderm,5.647244019419699,-0.43249585681675917,-36.98497735317096,0.006500505672505407,0.0,16440,5045
Hindbrain (r1),Pharyngeal mesoderm,5.855754706574108,-0.4310182669016651,-44.15067797794043,0.004522890943519853,0.0,16440,7691
Hindbrain (r1),Presomitic mesoderm,6.445612248926384,-0.10123450093525162,-9.405822222889256,0.0036660831137533007,0.0,16440,8521
Hindbrain (r1),Primordial germ cell,4.7102705219474235,-0.5976798250771203,-4.80874555048305,0.0014160319254948204,0.0,13105,25
Hindbrain (r1),Respiratory progenitor,5.419103844910805,-0.4784283311476975,-20.93244968265531,0.012591446147673267,0.0,16440,1209
Hindbrain (r1),Right ventricle,5.517082418057704,-0.3681839146536629,-12.993305945765613,4.8512787699965265e-05,0.0,16440,730
Hindbrain (r1),Roof plate (anterior),7.098198559380048,0.6717265915451343,48.33376835455896,0.008972863439709693,0.0,16440,3787
Hindbrain (r1),Roof plate (posterior),6.412117462588852,-0.024989206678763882,-1.3480532302160306,0.008266500359391188,0.01,16440,2248
Hindbrain (r1),Sacral neural crest,6.141729209463595,-0.15800670775221626,-8.744807011261752,0.00247138207930752,0.0,16440,2156
Hindbrain (r1),Sclerotome,6.415864887114022,-0.3239650144495328,-50.41172462955607,0.0018659239791413334,0.0,16440,74334
Hindbrain (r1),Second heart field (anterior),5.698294778705736,-0.3284240566558146,-13.510832701008992,0.004190983052404173,0.0,16440,1040
Hindbrain (r1),Somatic mesoderm (anterior),6.074018781668026,-0.4245005487600822,-49.34562870747228,0.0001447884099066264,0.0,16440,14544
Hindbrain (r1),Somatic mesoderm (posterior),6.276733636509934,-0.33528226952802065,-46.420770546688125,0.002660309533200602,0.0,16440,48596
Hindbrain (r1),Somatic mesoderm (tailbud),6.109641790282079,-0.20672006396193154,-12.676650567558289,0.011531464630217758,0.0,16440,3011
Hindbrain (r1),Somatic motor neuron,6.695220977631233,0.17784376555941517,15.918543472553388,0.0016027930824620566,0.0,16440,6559
Hindbrain (r1),Spinal cord (cervical),6.902854940919519,0.18158453128280497,24.93657787600986,0.0024392224405407046,0.0,16440,41051
Hindbrain (r1),Spinal cord (lumbar),6.53323568426939,-0.04384066038844647,-4.961785164208088,0.0006539257674001987,0.02,16440,12722
Hindbrain (r1),Spinal cord (sacral),6.428503536739915,-0.08518580106847473,-6.994383931354627,0.0005587478095283283,0.0,16440,5351
Hindbrain (r1),Spinal cord (thoracic),6.6844738191534345,0.030738820571108622,4.243034754358174,0.0025705133778465296,0.01,16440,35061
Hindbrain (r1),Spinal cord interneuron progenitor,7.076928910699113,0.5866429171286658,34.27754824966826,0.00024753651477564206,0.0,16440,2196
Hindbrain (r1),Splanchnic mesoderm (cardiopulmonary),5.943931450476486,-0.37771372760873206,-34.9775943952091,4.392405626335108e-06,0.0,16440,5768
Hindbrain (r1),Splanchnic mesoderm (gastric),5.94751904879431,-0.3450849347405116,-25.486353120948667,0.0022819693415788355,0.0,16440,3373
Hindbrain (r1),Splanchnic mesoderm (intestinal),6.20770404140995,-0.32316978719564443,-30.72309840804752,0.005604631288451228,0.0,16440,9676
Hindbrain (r1),Splanchnic mesoderm (septum transversum),5.848165824427156,-0.39595761165481874,-26.08312361115775,0.0019270371646027023,0.0,16440,2825
Hindbrain (r1),Subthalamic nucleus neuron,6.728545380150365,0.6016915047347773,21.13507637698257,0.0021576658713425966,0.0,16440,802
Hindbrain (r1),Surface ectoderm (posterior),5.442987675276359,-0.32135338802739827,-5.072053939578777,0.003477375236416093,0.0,16440,133
Hindbrain (r1),Telencephalon (dorsal),6.999765196849083,0.46534462625659917,63.87263428735948,0.008183949731502736,0.0,16440,31059
Hindbrain (r1),Telencephalon (ventral),6.668922299067315,0.3458256019905234,23.76881534007053,0.01655879569697607,0.0,16440,3241
Hindbrain (r1),Thyroid progenitor,5.371487225920642,-0.49699259015761044,-19.53686654321789,0.02079457489518309,0.0,16440,850
Hindbrain (r1),Trigeminal branchiomotor neuron,6.719386830999419,0.6278596188411273,22.401224554501464,0.001331243805737415,0.0,16440,872
Hindbrain (r1),Trigeminal ganglion neuron,6.39820521817899,0.20869352827121546,10.29938656312794,0.008213846210684462,0.0,16440,1765
Hindbrain (r1),Trigeminal placode,6.126030974635294,-0.20738867595665025,-17.265520662747207,0.011449138382317873,0.0,16440,6546
Hindbrain (r1),Trigeminal sensory neuron,6.031017116962133,-0.20021617550020387,-13.69802444218337,0.004181544188712015,0.0,16440,3198
Hindbrain (r1),Trochlear neuron,6.38573517540075,0.5466607228501822,8.910327346819047,0.007638646323748191,0.0,16440,153
Hindbrain (r1),Trunk neural crest,6.300133110282279,-0.11392347145507387,-9.875391545415061,0.007027597419976035,0.0,16440,6809
Hindbrain (r1),V0 interneuron,7.111323993569555,0.5798215814142417,34.709661748783596,0.00023302234861488226,0.0,16440,2114
Hindbrain (r1),V1 interneuron,6.760858763551497,0.31006406171190876,15.981625173802056,0.0011438710292310064,0.0,16440,1795
Hindbrain (r1),V2 interneuron,6.757178143026908,0.48111316413328237,18.328694367970577,0.005876923053346089,0.0,16440,842
Hindbrain (r1),V3 interneuron,5.945180256949516,0.04703555485942316,0.9699729593149037,0.0009841088070473162,0.81,16440,230
Hindbrain (r1),Vagal neural crest,6.362375779581041,-0.060454774845385195,-4.750010618544056,0.0033514539563965482,0.72,16440,4937
Hindbrain (r1),Visceral motor neuron,6.449738714152702,0.2434577204109143,12.812302676484327,0.003724056931076294,0.0,16440,2062
Hindbrain (r1),Yolk sac endothelial cell,5.367459315371673,-0.3760864398445036,-5.070885382843482,0.008408614968313435,0.0,16440,112
Hindbrain (r2-r4),Hindbrain (r2-r4),9.500000000003647,-1.1250259982868252e-14,-0.00011247936008644912,1.3358044661742467e-28,1.0,26863,26863
Hindbrain (r2-r4),Hindbrain (r5-r8),7.664068871879354,0.8915425904891384,138.12710996432068,0.0035078447853550323,0.0,26863,28972
Hindbrain (r2-r4),Hindgut,5.609577232196981,-0.42011190764590073,-29.35008271639958,0.00591331129901034,0.0,26863,3029
Hindbrain (r2-r4),Hindlimb field,6.310614877646635,-0.16834824799323359,-15.62820807521725,0.013770293544899627,0.0,26863,6150
Hindbrain (r2-r4),Hypaxial myogenic progenitor,6.325107926173267,-0.23073657895065422,-22.8085498289703,0.0011095943445225969,0.0,26863,5322
Hindbrain (r2-r4),Hypothalamic neuron,6.509094031532403,0.282573030172722,8.732624300015866,0.0012456305137179859,0.0,26863,534
Hindbrain (r2-r4),Hypothalamus,6.776415726296645,0.37670245051690276,38.53716549026528,0.0005959289836614343,0.0,26863,7652
Hindbrain (r2-r4),Inflow tract,5.928793955315576,-0.3986025445399563,-25.21068154192592,0.002123242821674304,0.0,26863,2494
Hindbrain (r2-r4),Intermediate mesoderm (nephrogenic),6.527571613006888,-0.12165608421887757,-11.696025368109623,0.010145420196203278,0.0,26863,6458
Hindbrain (r2-r4),Intermediate mesoderm (posterior),6.396188777935521,-0.1612653108197503,-12.404775952922265,0.014314250494852151,0.0,26863,4198
Hindbrain (r2-r4),Juxtacardiac field,5.827211983115947,-0.3598589657791618,-17.6974915459721,0.0033274658470924625,0.0,26863,1386
Hindbrain (r2-r4),Left ventricle,5.791587231559681,-0.39556235869892387,-18.945698832713823,0.0018222435051317356,0.0,26863,1174
Hindbrain (r2-r4),Lens placode,6.078728482601392,-0.17496372175109146,-11.419703069613798,0.005139409203852559,0.0,26863,2811
Hindbrain (r2-r4),Macrophage,5.384369759534277,-0.4699643670780895,-19.45947574060924,0.006038757647001961,0.0,26863,966
Hindbrain (r2-r4),Megakaryocyte,5.482635317281091,-0.49062698251714565,-14.470727925089422,0.005290861561815304,0.0,26863,482
Hindbrain (r2-r4),Mesothelium,5.9490848121694135,-0.21248206688099636,-4.972340158356439,0.0007157992482391846,0.0,26863,346
Hindbrain (r2-r4),Midbrain,7.110102262038588,0.4985931505695529,73.58641683110368,0.0011933872080020838,0.0,26863,21466
Hindbrain (r2-r4),Midbrain GABAergic neuron,6.226317563228039,0.3088553211138724,4.389492389640625,9.986316521740635e-05,0.0,26863,118
Hindbrain (r2-r4),Midbrain neuron,6.953529792949698,0.37794146224179165,31.120491976642672,0.0011168306786320042,0.0,26863,4345
Hindbrain (r2-r4),Midgut,5.555534719399071,-0.476760146708432,-27.015444804979197,0.012464198533770716,0.0,26863,1667
Hindbrain (r2-r4),Myotome,6.340567371122745,-0.2148891453693945,-13.085901885523866,0.003173466117413105,0.0,26863,2201
Hindbrain (r2-r4),Nascent somite,6.650713160451122,0.021790445297673895,1.8742073999483442,0.005123316415941044,0.0,26863,6475
Hindbrain (r2-r4),Notochord,5.7948597363764085,-0.31621450868266504,-14.32135103228218,0.017976561669121115,0.0,26863,956
Hindbrain (r2-r4),Oculomotor neuron,6.385266627291274,0.581649426208274,9.23157928953419,0.005368473657105631,0.0,26863,122
Hindbrain (r2-r4),Olfactory placode,6.212982731704035,-0.1200823068258489,-10.065074387689217,0.0015436671437828351,0.0,26863,5872
Hindbrain (r2-r4),Olfactory sensory neuron,6.031384900668505,-0.09236637353915,-2.4253298279639597,0.00028044169918802224,0.01,26863,389
Hindbrain (r2-r4),Otic placode,6.057350250832232,-0.14547640809631238,-9.088141453153598,0.005671082167490831,0.0,26863,2365
Hindbrain (r2-r4),Otic sensory neuron,5.929203783985389,-0.17229182203576462,-6.608373916954416,0.010744451104917509,0.0,26863,974
Hindbrain (r2-r4),Outflow tract,5.722622152139151,-0.4040111271726919,-16.828357077256676,0.0013108522209302012,0.0,26863,890
Hindbrain (r2-r4),Pancreatic-biliary progenitor,5.49098836083541,-0.4875881280429786,-12.166087115921997,0.02717709973538211,0.0,26863,373
Hindbrain (r2-r4),Paraventricular hypothalamic neuron,6.24730833638649,0.34866971338608127,7.041503666172249,0.0018077996866667449,0.0,26863,192
Hindbrain (r2-r4),Periocular mesoderm,5.651943629267851,-0.3635565862673733,-19.428742233902337,0.017373528122405585,0.0,26863,1739
Hindbrain (r2-r4),Pharyngeal arch mesenchyme (p1-p2),6.671136331529486,0.1165497320554918,17.801383757779536,0.00220395009225079,0.0,26863,29887
Hindbrain (r2-r4),Pharyngeal arch mesenchyme (p3-p4),6.880303677509378,0.4086057174832864,43.5448672112972,0.002847725579937429,0.0,26863,9198
Hindbrain (r2-r4),Pharyngeal endoderm,5.7277086854044015,-0.45151563169044834,-40.602792774763415,0.007272409868909507,0.0,26863,5045
Hindbrain (r2-r4),Pharyngeal mesoderm,5.926485834912068,-0.45816222586097854,-50.132685684474836,0.0036673811564046288,0.0,26863,7691
Hindbrain (r2-r4),Presomitic mesoderm,6.690501922440845,0.0454203603898368,5.4442606226843,0.0014895200899409924,0.92,26863,8521
Hindbrain (r2-r4),Primordial germ cell,4.709279195428637,-0.7041795533326676,-4.991820404024758,0.0009268069831536998,0.0,20753,25
Hindbrain (r2-r4),Respiratory progenitor,5.502565818502549,-0.4898760165225055,-22.529620762284576,0.011123287068083595,0.0,26863,1209
Hindbrain (r2-r4),Right ventricle,5.587959310715333,-0.3962301894385251,-12.696745297816163,0.0010327859309763193,0.0,26863,730
Hindbrain (r2-r4),Roof plate (anterior),7.2376565255872825,0.712855047777337,55.567563137030625,0.009114546201167174,0.0,26863,3787
Hindbrain (r2-r4),Roof plate (posterior),6.727685632229476,0.1924127969333309,12.513797754377208,0.005441655113750774,0.0,26863,2248
Hindbrain (r2-r4),Sacral neural crest,6.426010293654547,0.026557075160345296,1.7463731817312425,0.0020098419307003554,0.15,26863,2156
Hindbrain (r2-r4),Sclerotome,6.591308953552385,-0.24726319071497174,-46.85041651456526,0.001912373960726172,0.0,26863,74334
Hindbrain (r2-r4),Second heart field (anterior),5.718650418718713,-0.4078784001344757,-17.368184570622617,0.005473888833588017,0.0,26863,1040
Hindbrain (r2-r4),Somatic mesoderm (anterior),6.162693755889438,-0.4338426670491972,-51.908017740282276,0.0004094680242272375,0.0,26863,14544
Hindbrain (r2-r4),Somatic mesoderm (posterior),6.438192263374488,-0.27146239044126447,-49.996828906831404,0.008195046204505695,0.0,26863,48596
Hindbrain (r2-r4),Somatic mesoderm (tailbud),6.293304682431308,-0.12034901380367025,-8.30202565771137,0.0047244511814099974,0.0,26863,3011
Hindbrain (r2-r4),Somatic motor neuron,6.985488245541703,0.37105639192942785,36.723963393784544,0.0003698450216080298,0.0,26863,6559
Hindbrain (r2-r4),Spinal cord (cervical),7.265744010243393,0.44619908153510374,75.16464965679398,0.000258545436437401,0.0,26863,41051
Hindbrain (r2-r4),Spinal cord (lumbar),6.798407965299759,0.12323840476969838,16.421336667878645,0.0023128954106165917,0.0,26863,12722
Hindbrain (r2-r4),Spinal cord (sacral),6.713924068419513,0.10185604201640992,9.053044344260309,0.0015113838324938241,0.0,26863,5351
Hindbrain (r2-r4),Spinal cord (thoracic),6.957029630062929,0.20616706695135503,33.502799053171785,0.0016812141653820595,0.0,26863,35061
Hindbrain (r2-r4),Spinal cord interneuron progenitor,7.3259228754748555,0.7371772923943878,44.5548794702087,0.0018801457835639001,0.0,26863,2196
Hindbrain (r2-r4),Splanchnic mesoderm (cardiopulmonary),6.022864731896185,-0.39616562562109375,-36.72672793141664,0.000187003642892696,0.0,26863,5768
Hindbrain (r2-r4),Splanchnic mesoderm (gastric),6.023879115002522,-0.3673969736621929,-26.64257785690046,0.0004399673439723074,0.0,26863,3373
Hindbrain (r2-r4),Splanchnic mesoderm (intestinal),6.356197565996685,-0.2717800710008896,-31.79479658038657,0.010636555248618926,0.0,26863,9676
Hindbrain (r2-r4),Splanchnic mesoderm (septum transversum),5.934579802004848,-0.4077834117090549,-29.000391164373287,0.0017904058714738628,0.0,26863,2825
Hindbrain (r2-r4),Subthalamic nucleus neuron,6.622303451846847,0.39796160954455423,15.101396135484359,0.002350328839704049,0.0,26863,802
Hindbrain (r2-r4),Surface ectoderm (posterior),5.575000065277259,-0.2878185384206544,-4.206706044841223,0.0036678056851912203,0.0,26863,133
Hindbrain (r2-r4),Telencephalon (dorsal),6.8819922214087015,0.24931585761913647,46.87855705684844,0.008386365869331757,0.0,26863,31059
Hindbrain (r2-r4),Telencephalon (ventral),6.564828333762715,0.14272092874455625,11.218298120723395,0.014191618585497015,0.05,26863,3241
Hindbrain (r2-r4),Thyroid progenitor,5.456495588161226,-0.5106919670217586,-19.821355794206344,0.017881417103158753,0.0,26863,850
Hindbrain (r2-r4),Trigeminal branchiomotor neuron,7.155909086148618,0.9662050313216032,35.957947286954756,0.00019734640779243463,0.0,26863,872
Hindbrain (r2-r4),Trigeminal ganglion neuron,6.476578458738406,0.1870487922473849,10.112922268082636,0.0005925984939614484,0.0,26863,1765
Hindbrain (r2-r4),Trigeminal placode,6.290198164769833,-0.1421067846572678,-13.022989068764039,0.0019052553932658739,0.0,26863,6546
Hindbrain (r2-r4),Trigeminal sensory neuron,6.179304483909572,-0.1495468991002372,-11.106372184286235,0.0010669211433718294,0.0,26863,3198
Hindbrain (r2-r4),Trochlear neuron,6.324869685844913,0.3886398310651682,6.313649349823876,0.00022307168174069098,0.0,26863,153
Hindbrain (r2-r4),Trunk neural crest,6.534966189671523,0.023382226775389665,2.4060069096978633,0.005892318251980875,0.0,26863,6809
Hindbrain (r2-r4),V0 interneuron,7.43957317056645,0.8093507957284842,49.83777419282698,0.00040909415719593144,0.0,26863,2114
Hindbrain (r2-r4),V1 interneuron,7.16767261223058,0.6185171381281531,34.63342505422266,0.0005574343870993751,0.0,26863,1795
Hindbrain (r2-r4),V2 interneuron,7.128177127571316,0.7575535359886105,27.366747270559458,0.0035116469657221257,0.0,26863,842
Hindbrain (r2-r4),V3 interneuron,6.145201753929047,0.15348137192536893,3.2442754832502962,0.0012935610627724105,0.0,26863,230
Hindbrain (r2-r4),Vagal neural crest,6.622129295579305,0.10067047560935134,9.343102349145154,0.0052492357887819665,0.07,26863,4937
Hindbrain (r2-r4),Visceral motor neuron,6.84588428921884,0.5405077357128271,30.58984742904389,0.002961753601297193,0.0,26863,2062
Hindbrain (r2-r4),Yolk sac endothelial cell,5.492164360176582,-0.35728413060668096,-5.080223923513443,0.014442394511944172,0.01,26863,112
Hindbrain (r5-r8),Hindbrain (r5-r8),9.500000000006937,-1.7763568394002505e-15,-2.960205614569103e-05,1.135959703518257e-28,1.0,28972,28972
Hindbrain (r5-r8),Hindgut,5.600796196460762,-0.4566237526835592,-30.983444863128014,0.008810871310823355,0.0,28972,3029
Hindbrain (r5-r8),Hindlimb field,6.321118672248185,-0.18350338738186198,-19.399562638643058,0.01611155722764915,0.0,28972,6150
Hindbrain (r5-r8),Hypaxial myogenic progenitor,6.374260663303168,-0.20680999071123937,-17.179437864586532,4.5593547682884134e-05,0.0,28972,5322
Hindbrain (r5-r8),Hypothalamic neuron,6.436272375878555,0.1860654195554631,5.448070539435064,0.005956016300590805,0.0,28972,534
Hindbrain (r5-r8),Hypothalamus,6.681673059888006,0.25738300272610165,25.100111459554466,0.0028174395473743175,0.0,28972,7652
Hindbrain (r5-r8),Inflow tract,5.904611594237541,-0.4466620980908355,-27.61225225424397,0.004256505698838501,0.0,28972,2494
Hindbrain (r5-r8),Intermediate mesoderm (nephrogenic),6.584512895271431,-0.0918349890138952,-7.902987800293098,0.01699165633235208,0.0,28972,6458
Hindbrain (r5-r8),Intermediate mesoderm (posterior),6.434818956058373,-0.14804778387260034,-12.380201986610231,0.018746873634918646,0.2,28972,4198
Hindbrain (r5-r8),Juxtacardiac field,5.795943770548071,-0.41932531903529036,-18.64025859661727,0.005371826802015989,0.0,28972,1386
Hindbrain (r5-r8),Left ventricle,5.772639280535883,-0.4400904121914264,-18.823393191817846,0.0015240101674397406,0.0,28972,1174
Hindbrain (r5-r8),Lens placode,5.994443917053206,-0.2843827083963024,-18.671667312418133,0.006479035187593481,0.0,28972,2811
Hindbrain (r5-r8),Macrophage,5.382748150489078,-0.4977301852807203,-20.166176315817427,0.007313378783572407,0.0,28972,966
Hindbrain (r5-r8),Megakaryocyte,5.475724283687821,-0.52246404241316,-13.613778041345086,0.006938638587104157,0.0,28972,482
Hindbrain (r5-r8),Mesothelium,5.963849479130328,-0.21937558229839826,-4.8118189275121175,0.002788431989178096,0.0,28972,346
Hindbrain (r5-r8),Midbrain,6.91930391533172,0.28238503586289304,44.49330418022947,0.00281120078813612,0.0,28972,21466
Hindbrain (r5-r8),Midbrain GABAergic neuron,6.125168839837393,0.17130171794848228,2.7410138167540286,0.023690776845497315,0.9,28972,118
Hindbrain (r5-r8),Midbrain neuron,6.787991397299024,0.18661918451524753,14.452579856794673,0.0001784772104836513,0.0,28972,4345
Hindbrain (r5-r8),Midgut,5.5615250555683025,-0.49667330333010423,-24.32073733738356,0.02501096055185837,0.0,28972,1667
Hindbrain (r5-r8),Myotome,6.42548790569224,-0.15547651172666535,-9.35361225164743,0.002016798499703577,0.0,28972,2201
Hindbrain (r5-r8),Nascent somite,6.796708018346952,0.1433564633191633,13.294146460284418,0.0007406118989414221,0.0,28972,6475
Hindbrain (r5-r8),Notochord,5.84661372521765,-0.28892649074175214,-11.294422046059259,0.010974377375787502,0.0,28972,956
Hindbrain (r5-r8),Oculomotor neuron,6.167421262974543,0.34858552719754154,4.879095974803911,0.004156024284596394,0.0,28972,122
Hindbrain (r5-r8),Olfactory placode,6.13059740349606,-0.2273725258696603,-20.83325254029629,0.0010838030544511666,0.0,28972,5872
Hindbrain (r5-r8),Olfactory sensory neuron,5.933971914408681,-0.21585431612071826,-4.751102361112809,0.0012252612336268003,0.0,28972,389
Hindbrain (r5-r8),Otic placode,5.998429801139253,-0.22739538371051685,-14.135818677183499,0.0013211627189966893,0.0,28972,2365
Hindbrain (r5-r8),Otic sensory neuron,5.85765255316008,-0.2667081572227161,-10.401153238213293,0.004956399445051688,0.0,28972,974
Hindbrain (r5-r8),Outflow tract,5.696406350002096,-0.458519799104506,-18.061376672486556,0.0009309857484224147,0.0,28972,890
Hindbrain (r5-r8),Pancreatic-biliary progenitor,5.485023477108711,-0.5136754103051494,-12.172363753809883,0.041960851882825334,0.0,28972,373
Hindbrain (r5-r8),Paraventricular hypothalamic neuron,6.241388881849031,0.3240279026496067,5.980144324017633,0.011373966783223399,0.0,28972,192
Hindbrain (r5-r8),Periocular mesoderm,5.636731540320695,-0.4049830684027394,-20.096150411764437,0.020500090026281066,0.0,28972,1739
Hindbrain (r5-r8),Pharyngeal arch mesenchyme (p1-p2),6.4847075050376874,-0.095191004498413,-14.366433130330336,0.0020590176594637516,0.0,28972,29887
Hindbrain (r5-r8),Pharyngeal arch mesenchyme (p3-p4),6.875110198593412,0.3771660786512981,39.120116452243394,0.002796970158574637,0.0,28972,9198
Hindbrain (r5-r8),Pharyngeal endoderm,5.749874840206229,-0.45426397252001777,-38.51030542403701,0.010631130991708704,0.0,28972,5045
Hindbrain (r5-r8),Pharyngeal mesoderm,5.922840795668379,-0.48669874844986377,-50.41201038140249,0.0004702255773459118,0.0,28972,7691
Hindbrain (r5-r8),Presomitic mesoderm,6.83047670920235,0.16039250505298983,15.44099843607188,0.00033459904971790464,0.0,28972,8521
Hindbrain (r5-r8),Primordial germ cell,4.681777342292696,-0.7108837755971527,-4.755314068938034,0.0005116118470482243,0.0,21644,25
Hindbrain (r5-r8),Respiratory progenitor,5.49580099220161,-0.5231141817092467,-22.56520469589822,0.025959156106764365,0.0,28972,1209
Hindbrain (r5-r8),Right ventricle,5.60178045516476,-0.4095223005551413,-12.88222558304028,0.00012660831655208422,0.0,28972,730
Hindbrain (r5-r8),Roof plate (anterior),6.893451409016378,0.3421161517607801,22.46689775489413,0.0013687195401849862,0.0,28972,3787
Hindbrain (r5-r8),Roof plate (posterior),7.1735087860274716,0.6119968590045989,34.82924357136451,0.011710267225586242,0.0,28972,2248
Hindbrain (r5-r8),Sacral neural crest,6.5751996716158,0.15168315475146432,8.179926314267163,0.0018063012442982086,0.0,28972,2156
Hindbrain (r5-r8),Sclerotome,6.69280128077355,-0.17104972197694135,-30.456265701035335,0.000450030584600353,0.0,28972,74334
Hindbrain (r5-r8),Second heart field (anterior),5.704392472881065,-0.4477196888486998,-17.14343490019539,0.00497066071604454,0.0,28972,1040
Hindbrain (r5-r8),Somatic mesoderm (anterior),6.1921164512322,-0.4292667808868679,-53.29962194587927,0.0012952196345738052,0.0,28972,14544
Hindbrain (r5-r8),Somatic mesoderm (posterior),6.456449354671638,-0.27810475806748425,-47.300700160585585,0.015040901784440501,0.0,28972,48596
Hindbrain (r5-r8),Somatic mesoderm (tailbud),6.300968408263991,-0.13864674454956086,-8.687825960596143,0.008386860564023354,0.04,28972,3011
Hindbrain (r5-r8),Somatic motor neuron,7.47267566493786,0.8341981352635939,76.97594445826509,0.0023127258186043708,0.0,28972,6559
Hindbrain (r5-r8),Spinal cord (cervical),8.102215387323149,1.2572059134586597,203.05639061459226,0.0038252200195413753,0.0,28972,41051
Hindbrain (r5-r8),Spinal cord (lumbar),7.02169898870936,0.3199595710262466,37.48334397220582,0.0003105634541793446,0.0,28972,12722
Hindbrain (r5-r8),Spinal cord (sacral),6.885546014522132,0.24660222139438068,21.535038528503403,0.0001738319944354514,0.0,28972,5351
Hindbrain (r5-r8),Spinal cord (thoracic),7.2859917997914705,0.5086156023953681,86.02840856545328,0.0011439338273595084,0.0,28972,35061
Hindbrain (r5-r8),Spinal cord interneuron progenitor,7.5400065600590835,0.9273113868628844,54.86724648585673,0.0070369930272083684,0.0,28972,2196
Hindbrain (r5-r8),Splanchnic mesoderm (cardiopulmonary),6.016650121045448,-0.4285354851593697,-38.05808967909397,0.002002019660769351,0.0,28972,5768
Hindbrain (r5-r8),Splanchnic mesoderm (gastric),6.0670268402030585,-0.3485329614746406,-24.50912880148555,0.0032669447969423063,0.0,28972,3373
Hindbrain (r5-r8),Splanchnic mesoderm (intestinal),6.352908034364776,-0.30058453181644545,-35.03539944581135,0.01886659759852109,0.0,28972,9676
Hindbrain (r5-r8),Splanchnic mesoderm (septum transversum),5.943514649471273,-0.4227260621337085,-26.064692881696214,0.0008721570211433132,0.0,28972,2825
Hindbrain (r5-r8),Subthalamic nucleus neuron,6.511840921871266,0.2639471908819546,9.057901989791786,0.015330909933164025,0.0,28972,802
Hindbrain (r5-r8),Surface ectoderm (posterior),5.520230451304381,-0.3608236615188722,-4.99115355629877,0.00030981471930717735,0.0,28972,133
Hindbrain (r5-r8),Telencephalon (dorsal),6.767684396090144,0.11007979441232063,17.490585404884666,0.0037407721172110836,0.0,28972,31059
Hindbrain (r5-r8),Telencephalon (ventral),6.464188874313149,0.01712677475011522,1.4338724015776103,0.009628399498348077,0.06,28972,3241
Hindbrain (r5-r8),Thyroid progenitor,5.458501295734723,-0.538838338489889,-21.27123415741708,0.021210746377822935,0.0,28972,850
Hindbrain (r5-r8),Trigeminal branchiomotor neuron,6.857072295419158,0.6442795617240803,21.689670494636818,0.00022076406981860422,0.0,28972,872
Hindbrain (r5-r8),Trigeminal ganglion neuron,6.2398528745679185,-0.07334511325864519,-3.8562287384520944,0.0002330404170791985,0.0,28972,1765
Hindbrain (r5-r8),Trigeminal placode,6.19362609529535,-0.263559208364988,-24.43215863423543,0.0014206805832206136,0.0,28972,6546
Hindbrain (r5-r8),Trigeminal sensory neuron,6.1028546261890435,-0.2523826499305093,-17.66419006098211,0.008952052475575619,0.0,28972,3198
Hindbrain (r5-r8),Trochlear neuron,6.2513364039090815,0.2910083062463095,4.405066307720439,0.0046675398593481205,0.0,28972,153
Hindbrain (r5-r8),Trunk neural crest,6.811263404489992,0.2756450759908944,25.678594651345332,0.009054955680034966,0.0,28972,6809
Hindbrain (r5-r8),V0 interneuron,7.716157042858924,1.0612029785853325,59.284452454914685,0.0045247008027765314,0.0,28972,2114
Hindbrain (r5-r8),V1 interneuron,7.656164715929833,1.0827347145876602,56.266708100161715,0.0019835020552251034,0.0,28972,1795
Hindbrain (r5-r8),V2 interneuron,7.298926941095094,0.902579271610545,31.05160278626248,0.005090930790683913,0.0,28972,842
Hindbrain (r5-r8),V3 interneuron,6.313748680742026,0.29178604089273846,5.6987955747594325,0.0005372724342104138,0.0,28972,230
Hindbrain (r5-r8),Vagal neural crest,7.00634356121494,0.45992445955125777,36.343313286724985,0.006853812322118188,0.0,28972,4937
Hindbrain (r5-r8),Visceral motor neuron,7.239768682538521,0.9082794645606734,51.28436633602607,0.0010915598193737708,0.0,28972,2062
Hindbrain (r5-r8),Yolk sac endothelial cell,5.478851203117934,-0.3880115991168293,-4.844181462688549,0.0028785368195446844,0.0,28972,112
Hindgut,Hindgut,9.500000000005162,5.921189464667501e-16,5.916877968434461e-06,1.9037843179333755e-28,1.0,3029,3029
Hindgut,Hindlimb field,5.50239287890324,-0.2605369247625416,-15.309687578335698,0.0032858520183005344,0.0,3029,6150
Hindgut,Hypaxial myogenic progenitor,5.501365057573853,-0.33735866190995,-20.66317830526445,0.0031396579141052938,0.0,3029,5322
Hindgut,Hypothalamic neuron,5.404256574124923,-0.10647466473458778,-3.214482534697536,0.003722510220873702,0.2,3029,534
Hindgut,Hypothalamus,5.553574702484916,-0.12897872405841415,-8.754848192418615,0.00221021578130208,0.0,3029,7652
Hindgut,Inflow tract,5.486457013275735,-0.1253153692046857,-7.620180614461436,0.011288852000074527,0.55,3029,2494
Hindgut,Intermediate mesoderm (nephrogenic),5.584048647337611,-0.3491409738537638,-21.411066602463,0.001002302145614487,0.0,3029,6458
Hindgut,Intermediate mesoderm (posterior),5.53043334109324,-0.3124269621553166,-16.67207719965437,0.00898646699609453,0.0,3029,4198
Hindgut,Juxtacardiac field,5.427291120182044,-0.046341523244891235,-2.3839834627748853,0.0706230311224199,0.04,3029,1386
Hindgut,Left ventricle,5.64156758341998,0.16892868989183096,8.952573278988805,0.05645306262889384,0.0,3029,1174
Hindgut,Lens placode,5.345303690266003,-0.191333127053813,-9.967931046485285,0.011378212926505024,0.0,3029,2811
Hindgut,Macrophage,5.2614933460604965,0.1199411385401028,2.9646800170468377,0.08764907362640152,0.11,3029,966
Hindgut,Megakaryocyte,5.214050083082111,-0.04316832983118631,-1.1626161579146495,0.005078331950643188,0.21,3029,482
Hindgut,Mesothelium,5.197576647618436,-0.24836501166427252,-6.57812463483765,0.0006508219318405036,0.0,3029,346
Hindgut,Midbrain,5.534719317054461,-0.3602716867339944,-27.08769490852767,0.0007983065476455906,0.0,3029,21466
Hindgut,Midbrain GABAergic neuron,5.216525610618891,0.010550347149339187,-0.028274959636913104,0.010982103923421766,0.47,3029,118
Hindgut,Midbrain neuron,5.466834595112965,-0.3914004043839367,-22.014648674126295,0.0032581213168434466,0.0,3029,4345
Hindgut,Midgut,7.014523595048563,1.6984973700073605,87.59522688409487,0.01391322056951832,0.0,3029,1667
Hindgut,Myotome,5.566442461556076,-0.27273975024726865,-13.894130936498902,0.008317916556654984,0.0,3029,2201
Hindgut,Nascent somite,5.638322399275746,-0.2731342366688135,-18.806204321502282,0.004379930382405105,0.0,3029,6475
Hindgut,Notochord,5.444255918594709,0.04878643775944121,2.124366247115636,0.0015140953784960145,0.53,3029,956
Hindgut,Oculomotor neuron,5.110992802027141,0.031225809765715873,0.5518135046887548,0.07145374407926472,0.37,3029,122
Hindgut,Olfactory placode,5.377494160122063,-0.23933229519142873,-13.651419206866393,0.0024687531711005697,0.0,3029,5872
Hindgut,Olfactory sensory neuron,5.198461160359127,-0.2088781163248973,-5.42750000949852,0.0018389369473706028,0.0,3029,389
Hindgut,Otic placode,5.3247363328465,-0.15992674829133424,-8.00416042798043,0.0077648330930385565,0.0,3029,2365
Hindgut,Otic sensory neuron,5.279621048763544,-0.10323607300295468,-4.456088513991225,0.016934770375568065,0.49,3029,974
Hindgut,Outflow tract,5.379973213501807,-0.032729726867496346,-1.3717998264169708,0.013065765129519274,0.0,3029,890
Hindgut,Pancreatic-biliary progenitor,5.829387609755398,0.5687360435262777,14.5634871553982,0.013030893195465996,0.0,3029,373
Hindgut,Paraventricular hypothalamic neuron,5.185080235679773,9.692332236621581e-05,-0.055767186888731744,0.007272873326418939,0.69,3029,192
Hindgut,Periocular mesoderm,5.419057387502847,0.12050869852961939,6.749824376491495,0.044933090793148014,0.0,3029,1739
Hindgut,Pharyngeal arch mesenchyme (p1-p2),5.425463408514269,-0.4135978155707747,-29.69006856724006,0.0018662417344478804,0.0,3029,29887
Hindgut,Pharyngeal arch mesenchyme (p3-p4),5.395802160506392,-0.3617295145520278,-20.41914344695363,0.0006979896844565605,0.0,3029,9198
Hindgut,Pharyngeal endoderm,5.831512451934131,0.36723103109481087,25.20169846205677,0.03064904282649606,0.0,3029,5045
Hindgut,Pharyngeal mesoderm,5.53897183686896,-0.1308700496646272,-10.723932999832678,0.0053299831449444505,0.0,3029,7691
Hindgut,Presomitic mesoderm,5.826933900345746,-0.10154887478231522,-6.380704468680516,0.005416243464512999,0.0,3029,8521
Hindgut,Primordial germ cell,4.706993765955643,0.1015129589307806,0.2989324460170024,0.1954985182373813,0.01,2008,25
Hindgut,Respiratory progenitor,5.871642624043094,0.5935796219664761,24.97372635610255,0.025435307501393504,0.0,3029,1209
Hindgut,Right ventricle,5.337951336537791,0.07270864622850226,1.2078774715016618,0.023812903453637416,0.37,3029,730
Hindgut,Roof plate (anterior),5.446676018652981,-0.36466933262306817,-21.92052806107871,0.010964070941106645,0.0,3029,3787
Hindgut,Roof plate (posterior),5.467305875914032,-0.3527108518071372,-16.085372579645945,0.010566753709820877,0.0,3029,2248
Hindgut,Sacral neural crest,5.419236623009065,-0.2653242361307357,-13.059572718080787,0.033469211123770985,0.0,3029,2156
Hindgut,Sclerotome,5.674550929658633,-0.4477799594494097,-30.38426556049177,0.004177335887780491,0.0,3029,74334
Hindgut,Second heart field (anterior),5.407212312925114,-0.0019767296872309124,-0.14862502611694905,0.010082814378286111,0.47,3029,1040
Hindgut,Somatic mesoderm (anterior),5.578304093304602,-0.3031022080744335,-20.668397126961494,0.0072642317226571185,0.0,3029,14544
Hindgut,Somatic mesoderm (posterior),5.622731115038299,-0.369553220909844,-25.649287100461574,0.0031872395973639453,0.0,3029,48596
Hindgut,Somatic mesoderm (tailbud),5.737004390981709,0.03867502649542972,1.9421978330855882,0.008483132677488375,0.0,3029,3011
Hindgut,Somatic motor neuron,5.61543908070252,-0.2848742427676294,-16.342806696620077,0.008933594846810321,0.0,3029,6559
Hindgut,Spinal cord (cervical),5.611806292249239,-0.49187527951009,-30.371207789911836,0.01025802904186579,0.0,3029,41051
Hindgut,Spinal cord (lumbar),5.588789635709133,-0.37046849871209425,-22.480468045022633,0.006935946177572643,0.0,3029,12722
Hindgut,Spinal cord (sacral),5.590480952685609,-0.3048817055783764,-17.621320000682996,0.0019991977542335154,0.0,3029,5351
Hindgut,Spinal cord (thoracic),5.612548626285222,-0.42279525126373024,-28.98042354703921,0.0050933093152002885,0.0,3029,35061
Hindgut,Spinal cord interneuron progenitor,5.6069341650456535,-0.2653393092201224,-13.051936453060762,0.009991473730405329,0.0,3029,2196
Hindgut,Splanchnic mesoderm (cardiopulmonary),5.5260656126575585,-0.17776177186105743,-12.099874572193423,0.003736948285509495,0.0,3029,5768
Hindgut,Splanchnic mesoderm (gastric),5.338936212206498,-0.33530202695345174,-18.021971516317024,0.003277825027392616,0.0,3029,3373
Hindgut,Splanchnic mesoderm (intestinal),5.5811248238641005,-0.330972651841783,-20.547544681728024,0.0026083474894984214,0.0,3029,9676
Hindgut,Splanchnic mesoderm (septum transversum),5.470415665439785,-0.1548054230259419,-8.520743014194041,0.0075149883038607606,0.0,3029,2825
Hindgut,Subthalamic nucleus neuron,5.426056440711528,-0.08008920422619308,-3.290039209459094,0.0056741888100366915,0.74,3029,802
Hindgut,Surface ectoderm (posterior),5.235946524356883,0.09214614487179625,1.0756317026545086,0.04699860612124677,0.71,3029,133
Hindgut,Telencephalon (dorsal),5.547951066586106,-0.3678689555815531,-23.816024437237587,0.0005380554648399551,0.0,3029,31059
Hindgut,Telencephalon (ventral),5.407430572695509,-0.2999330414809928,-15.295663764839716,0.01091891423832075,0.0,3029,3241
Hindgut,Thyroid progenitor,5.658996418059057,0.4043912751351882,15.570127008842674,0.01945033680775261,0.0,3029,850
Hindgut,Trigeminal branchiomotor neuron,5.361258734492878,-0.11031808240236796,-3.9510086992845133,0.03456065172870405,0.0,3029,872
Hindgut,Trigeminal ganglion neuron,5.311566185233846,-0.26216523780348133,-12.500222532539231,0.008457479365906972,0.0,3029,1765
Hindgut,Trigeminal placode,5.404427192946045,-0.31080542010188267,-17.8074462342195,0.003924385964150981,0.0,3029,6546
Hindgut,Trigeminal sensory neuron,5.369064778511588,-0.2428197557286683,-13.856795636053752,0.013469004388710189,0.0,3029,3198
Hindgut,Trochlear neuron,5.137100095119249,-0.07648253972903903,-1.1347936449834888,0.06205944106937002,0.0,3029,153
Hindgut,Trunk neural crest,5.443749354854865,-0.35207662698584014,-21.23267880835012,0.01748426264222485,0.0,3029,6809
Hindgut,V0 interneuron,5.561049565233908,-0.354362139071888,-18.120817806935698,0.003979985651975394,0.0,3029,2114
Hindgut,V1 interneuron,5.5312392696575,-0.3029957794747767,-13.43768748362676,0.004209587984549481,0.0,3029,1795
Hindgut,V2 interneuron,5.479761536183985,-0.1762319905837201,-6.143190876552583,0.017358544963724718,0.0,3029,842
Hindgut,V3 interneuron,5.337831178475942,0.05812333784739968,1.1209877561256762,0.007159858262534147,0.49,3029,230
Hindgut,Vagal neural crest,5.460535308273777,-0.346725276877842,-18.28205155600352,0.003984537062860763,0.0,3029,4937
Hindgut,Visceral motor neuron,5.446949143647898,-0.14404413563490692,-6.317498414776389,0.021076653391738927,0.2,3029,2062
Hindgut,Yolk sac endothelial cell,5.094044666803568,-0.03413718725776042,-0.43601779165242044,0.006392639484914443,0.79,3029,112
Hindlimb field,Hindlimb field,9.499999999996628,-2.960594732333751e-15,-3.5523350659166667e-05,1.4620222110096086e-28,1.0,6150,6150
Hindlimb field,Hypaxial myogenic progenitor,6.167272978575508,-0.12086283863727647,-8.105356271471821,0.0007276682289281906,0.0,6150,5322
Hindlimb field,Hypothalamic neuron,5.630902938855683,-0.32648324012563573,-8.779411935792407,0.004927224218483196,0.0,6150,534
Hindlimb field,Hypothalamus,5.740349871254992,-0.38875146012523015,-28.19535430457705,0.008269923237178615,0.0,6150,7652
Hindlimb field,Inflow tract,6.046216678803948,-0.012653063445781617,-0.8418021676583681,0.0008562066294029484,0.39,6150,2494
Hindlimb field,Intermediate mesoderm (nephrogenic),7.150251843338721,0.7675037851238935,54.530389216335216,0.004390732125976923,0.0,6150,6458
Hindlimb field,Intermediate mesoderm (posterior),7.4155801274008875,1.1275427104956153,69.73546241047383,0.0008103249027144712,0.0,6150,4198
Hindlimb field,Juxtacardiac field,5.759180337355587,-0.16117911835488888,-7.371847529379895,0.00390859322490906,0.0,6150,1386
Hindlimb field,Left ventricle,5.670212500838211,-0.2465254310297119,-10.402356490431835,0.002306917906646002,0.0,6150,1174
Hindlimb field,Lens placode,6.160942876429117,0.17537399255853003,10.130071689917926,0.04055518906623012,0.01,6150,2811
Hindlimb field,Macrophage,5.301823104242392,-0.286392548335671,-10.31802523478712,0.008428685610939367,0.0,6150,966
Hindlimb field,Megakaryocyte,5.404785416507299,-0.2982198411369265,-6.944009310414768,0.009092768211770635,0.0,6150,482
Hindlimb field,Mesothelium,5.9737886534782065,0.08111541277780739,1.7136077089359982,0.005553616293919624,0.71,6150,346
Hindlimb field,Midbrain,6.0721000497356625,-0.26936368055275545,-24.07952743046617,0.0034273826520287306,0.0,6150,21466
Hindlimb field,Midbrain GABAergic neuron,5.3160447146417065,-0.3332707625353404,-4.328018292313473,0.004016188372241727,0.01,6150,118
Hindlimb field,Midbrain neuron,6.0714915042769695,-0.23406589667658415,-14.297252725991164,0.005333367104680207,0.0,6150,4345
Hindlimb field,Midgut,5.449827651895792,-0.3154565232477043,-13.770819817554324,0.02932537716499941,0.0,6150,1667
Hindlimb field,Myotome,6.079805968730564,-0.20513070699536762,-10.533138475274704,0.004081681047498067,0.0,6150,2201
Hindlimb field,Nascent somite,6.5446838218724634,0.18547833288427462,13.384442681333491,0.01911524362023761,0.0,6150,6475
Hindlimb field,Notochord,5.482571595122468,-0.3649491006734366,-13.39344069133734,0.00690141180707454,0.0,6150,956
Hindlimb field,Oculomotor neuron,5.335193099903471,-0.1965168370196769,-2.4612711311705766,0.013257571504356087,0.23,6150,122
Hindlimb field,Olfactory placode,6.2018895004551124,0.1370082248810638,8.511678312566932,0.012037312242725081,0.0,6150,5872
Hindlimb field,Olfactory sensory neuron,5.967532000791885,0.11768308352657957,2.712457762909294,0.009291407832652244,0.79,6150,389
Hindlimb field,Otic placode,6.156742380311538,0.22532821341729234,11.174739013777279,0.027049972966066378,0.0,6150,2365
Hindlimb field,Otic sensory neuron,5.954563050184031,0.12199397877574143,4.740509844048354,0.026147506507536687,0.06,6150,974
Hindlimb field,Outflow tract,5.823777004232071,-0.03816892435034299,-1.2235986423236158,0.00035687933090569775,0.54,6150,890
Hindlimb field,Pancreatic-biliary progenitor,5.4008919538839235,-0.3135697695748929,-7.357181306481503,0.020961742977672053,0.0,6150,373
Hindlimb field,Paraventricular hypothalamic neuron,5.323809469998239,-0.3048722790080287,-5.041982469275219,0.01083081565861887,0.0,6150,192
Hindlimb field,Periocular mesoderm,5.524491956899234,-0.2221712913441305,-9.209463695579958,0.026117244279631892,0.01,6150,1739
Hindlimb field,Pharyngeal arch mesenchyme (p1-p2),6.378095894304336,0.09289542400917246,7.622447876351319,0.005430712040586221,0.32,6150,29887
Hindlimb field,Pharyngeal arch mesenchyme (p3-p4),6.401085022899835,0.1977923436344454,13.49781502580524,0.008120446780599495,0.0,6150,9198
Hindlimb field,Pharyngeal endoderm,5.569636713451339,-0.34189900157404934,-23.690586600455777,0.014552095096750118,0.0,6150,5045
Hindlimb field,Pharyngeal mesoderm,5.9657392901495285,-0.14966807508483004,-12.196792725181295,0.00757449665591946,0.0,6150,7691
Hindlimb field,Presomitic mesoderm,6.555329651966205,0.1795019447832414,13.327054824628126,0.00916346400447126,0.0,6150,8521
Hindlimb field,Primordial germ cell,4.8394107273449745,-0.22054049363103045,-1.579208457845575,0.009817584353129202,0.45,3277,25
Hindlimb field,Respiratory progenitor,5.401377457619347,-0.32519599861485826,-12.498437220040302,0.020318090149129074,0.0,6150,1209
Hindlimb field,Right ventricle,5.639669760266275,-0.07151058851610781,-2.2607530834617937,0.010657248993380494,0.31,6150,730
Hindlimb field,Roof plate (anterior),6.33661145576129,0.08109005789210529,4.962076883950001,0.021529747076390403,0.0,6150,3787
Hindlimb field,Roof plate (posterior),6.4539385887476515,0.18716565657823794,9.3194714916783,0.01697265639497086,0.03,6150,2248
Hindlimb field,Sacral neural crest,6.456309785505663,0.32499330391041664,16.29857453638553,0.026253180743643068,0.0,6150,2156
Hindlimb field,Sclerotome,6.59946170779654,0.030354492919435334,2.9800108387152595,5.531528877109407e-05,0.01,6150,74334
Hindlimb field,Second heart field (anterior),5.845199956495058,-0.01157732789277451,-0.6287796991862052,0.004758637641704947,0.93,6150,1040
Hindlimb field,Somatic mesoderm (anterior),6.349117620263049,0.02034010347669805,1.7259167731376988,0.0007212396843243764,0.37,6150,14544
Hindlimb field,Somatic mesoderm (posterior),7.969371071579745,1.5278667987114847,146.9323221488421,0.001891234105790984,0.0,6150,48596
Hindlimb field,Somatic mesoderm (tailbud),6.9770201221233,0.8330574505095546,46.915671025543986,0.006404521841481451,0.0,6150,3011
Hindlimb field,Somatic motor neuron,5.9508291783756055,-0.39589778469369463,-26.446440267931536,0.013010000915563369,0.0,6150,6559
Hindlimb field,Spinal cord (cervical),6.408651682917919,-0.1415990803391581,-14.119906995260736,0.010243462744810613,0.0,6150,41051
Hindlimb field,Spinal cord (lumbar),6.4533708451806335,0.04660986465126508,3.09325671228193,0.016174801944883063,0.0,6150,12722
Hindlimb field,Spinal cord (sacral),6.409313307335389,0.06682635737125124,3.9338359228957493,0.01804149786669991,0.0,6150,5351
Hindlimb field,Spinal cord (thoracic),6.407603585973749,-0.07531318828678628,-7.381960566717603,0.008152742143097283,0.71,6150,35061
Hindlimb field,Spinal cord interneuron progenitor,5.971035163206227,-0.34709872157696847,-15.676528629924652,0.007194910042182135,0.0,6150,2196
Hindlimb field,Splanchnic mesoderm (cardiopulmonary),6.116935271218729,-0.03416555472950004,-3.776536656713241,0.0190023076897905,0.0,6150,5768
Hindlimb field,Splanchnic mesoderm (gastric),6.2429356374688,0.12165790562033625,6.402957612782692,0.002252279799074878,0.0,6150,3373
Hindlimb field,Splanchnic mesoderm (intestinal),7.7589077792661145,1.3984517746326344,101.6219800082494,0.0004333797659113919,0.0,6150,9676
Hindlimb field,Splanchnic mesoderm (septum transversum),6.041867746741265,-0.03192490500099806,-2.090212772310622,0.004224193518977289,0.81,6150,2825
Hindlimb field,Subthalamic nucleus neuron,5.57721273203219,-0.37759119667633456,-12.276930791241975,0.00784461477116071,0.0,6150,802
Hindlimb field,Surface ectoderm (posterior),5.794186657139638,0.20309444090064824,2.732272147726684,0.010601982551717796,0.14,6150,133
Hindlimb field,Telencephalon (dorsal),6.171265374504294,-0.19295222983158844,-18.899497221302976,0.01352947768613181,0.0,6150,31059
Hindlimb field,Telencephalon (ventral),5.975241222457645,-0.17814192776312363,-9.928658973333594,0.018046604981272488,0.0,6150,3241
Hindlimb field,Thyroid progenitor,5.358535109162943,-0.3416055599343603,-11.539573984802152,0.0140131299530942,0.0,6150,850
Hindlimb field,Trigeminal branchiomotor neuron,5.587116993366834,-0.3316298901537076,-11.22724648180572,0.01335814599959241,0.0,6150,872
Hindlimb field,Trigeminal ganglion neuron,6.132786170756582,0.11295551541624782,4.289522147410206,0.03736267012060681,0.0,6150,1765
Hindlimb field,Trigeminal placode,6.350898100863222,0.18830974449282056,12.87758091843942,0.024306081654288436,0.0,6150,6546
Hindlimb field,Trigeminal sensory neuron,6.224966525009877,0.16401586069054078,8.481508914524323,0.013517298680921847,0.0,6150,3198
Hindlimb field,Trochlear neuron,5.413080233269317,-0.25331846635913013,-3.7906222829301814,0.019359141770196972,0.06,6150,153
Hindlimb field,Trunk neural crest,6.520475579369662,0.2795132494795016,17.91934932350132,0.010750336512719276,0.0,6150,6809
Hindlimb field,V0 interneuron,6.172269016585747,-0.18929605395157592,-8.682894571107363,0.007657310973597245,0.0,6150,2114
Hindlimb field,V1 interneuron,6.028168040108301,-0.2500996898920353,-11.041070294551965,0.016631786545550326,0.0,6150,1795
Hindlimb field,V2 interneuron,5.742571865976513,-0.3613906707155901,-11.975660829919383,0.013080814864849043,0.0,6150,842
Hindlimb field,V3 interneuron,5.377711992902352,-0.3460529822139395,-6.623363391499836,0.026419902841794858,0.01,6150,230
Hindlimb field,Vagal neural crest,6.478448591828593,0.22510188134994813,13.545370724065274,0.005670541289077719,0.0,6150,4937
Hindlimb field,Visceral motor neuron,5.619945492814497,-0.4139169642303626,-18.433823374933628,0.021343728004364335,0.0,6150,2062
Hindlimb field,Yolk sac endothelial cell,5.628117507897733,0.044335795935451706,0.617440080807155,0.02602676710228317,0.85,6150,112
Hypaxial myogenic progenitor,Hypaxial myogenic progenitor,9.500000000012811,-4.736951571734001e-15,-4.1442752444500005e-05,2.7241996593632277e-28,1.0,5322,5322
Hypaxial myogenic progenitor,Hypothalamic neuron,5.800616239801901,-0.23274408163512858,-6.9723159026388,0.00404026224534374,0.0,5322,534
Hypaxial myogenic progenitor,Hypothalamus,6.026894402700677,-0.17816592913376925,-12.32098226870489,0.0018117842435054592,0.0,5322,7652
Hypaxial myogenic progenitor,Inflow tract,6.070871680515867,-0.06453451117061053,-3.596636952014551,0.003514125058587545,0.8,5322,2494
Hypaxial myogenic progenitor,Intermediate mesoderm (nephrogenic),6.876187378470114,0.4175217187721743,30.706669101999676,0.00011236608864239166,0.0,5322,6458
Hypaxial myogenic progenitor,Intermediate mesoderm (posterior),6.542689617922794,0.17762773424817566,11.480659779931633,0.0027134381654970448,0.0,5322,4198
Hypaxial myogenic progenitor,Juxtacardiac field,5.869257352585234,-0.1289320960964974,-5.905423341851864,0.00427071273048778,0.0,5322,1386
Hypaxial myogenic progenitor,Left ventricle,5.749310332936364,-0.24476433024876254,-10.735026436161718,0.0004223712481576204,0.0,5322,1174
Hypaxial myogenic progenitor,Lens placode,5.779797618969912,-0.28301435262949654,-15.665916424347657,0.0011661960897217175,0.0,5322,2811
Hypaxial myogenic progenitor,Macrophage,5.391384299961374,-0.2712648707382999,-10.432648679506315,0.001121067799636364,0.0,5322,966
Hypaxial myogenic progenitor,Megakaryocyte,5.451176167793072,-0.3263617707733122,-9.321227445788734,0.0019020860109855821,0.0,5322,482
Hypaxial myogenic progenitor,Mesothelium,6.528256847262757,0.5528214244874347,13.807672114246214,0.007130399457015742,0.0,5322,346
Hypaxial myogenic progenitor,Midbrain,6.146196990176693,-0.27253482558037234,-23.572340431816755,0.002556958379257966,0.0,5322,21466
Hypaxial myogenic progenitor,Midbrain GABAergic neuron,5.5856487036859575,-0.1452708404115306,-1.8438807717403554,0.025513815748823773,0.5,5322,118
Hypaxial myogenic progenitor,Midbrain neuron,6.122222178899423,-0.2613667360971492,-17.575154551112508,0.0015996895897951772,0.0,5322,4345
Hypaxial myogenic progenitor,Midgut,5.486538566073551,-0.35288987160933666,-17.99116397878477,0.0013531497808448104,0.0,5322,1667
Hypaxial myogenic progenitor,Myotome,7.198011440185408,0.8348848403859476,45.593823238870705,0.004167829875391781,0.0,5322,2201
Hypaxial myogenic progenitor,Nascent somite,6.3767612561023945,-0.058639846903121885,-4.489655575144573,0.0035243484153399526,0.76,5322,6475
Hypaxial myogenic progenitor,Notochord,5.771529843957038,-0.14623198588489691,-6.463686095279857,0.013305504142804733,0.51,5322,956
Hypaxial myogenic progenitor,Oculomotor neuron,5.612591933922226,0.007438862805366024,-0.1471016815951998,0.010236813433214122,0.54,5322,122
Hypaxial myogenic progenitor,Olfactory placode,5.831026655334788,-0.3083051643675245,-21.5555982236923,0.002306155146234911,0.0,5322,5872
Hypaxial myogenic progenitor,Olfactory sensory neuron,5.665458276434592,-0.26615041252807153,-6.955991214363773,0.013607391569988546,0.0,5322,389
Hypaxial myogenic progenitor,Otic placode,5.71540850081968,-0.295486956766962,-14.792728756914542,0.00015252045944933517,0.0,5322,2365
Hypaxial myogenic progenitor,Otic sensory neuron,5.635502764914712,-0.2734207907381106,-9.863511014673021,0.003015761422805199,0.0,5322,974
Hypaxial myogenic progenitor,Outflow tract,5.899852599712825,-0.03777524238620374,-1.3933987106101602,0.001760183929307721,0.64,5322,890
Hypaxial myogenic progenitor,Pancreatic-biliary progenitor,5.482668995404306,-0.3015537497252693,-7.871590878265093,0.02267290273403439,0.0,5322,373
Hypaxial myogenic progenitor,Paraventricular hypothalamic neuron,5.576881499875154,-0.12227333344438247,-2.1835596606178935,0.0010872119351871328,0.15,5322,192
Hypaxial myogenic progenitor,Periocular mesoderm,5.629395995271526,-0.19336504217342476,-9.92992606595403,0.020901942756369512,0.0,5322,1739
Hypaxial myogenic progenitor,Pharyngeal arch mesenchyme (p1-p2),6.046450150571149,-0.31592068014540303,-29.072256553463234,0.0045063941044785685,0.0,5322,29887
Hypaxial myogenic progenitor,Pharyngeal arch mesenchyme (p3-p4),6.015970589832172,-0.26357863761063144,-19.317288223235735,0.0036973442337001512,0.0,5322,9198
Hypaxial myogenic progenitor,Pharyngeal endoderm,5.706688747115892,-0.279918070542126,-22.041766003558646,0.004929196084991219,0.0,5322,5045
Hypaxial myogenic progenitor,Pharyngeal mesoderm,6.228711530209503,0.0358999919006339,3.117074830040995,1.311096887914277e-05,0.0,5322,7691
Hypaxial myogenic progenitor,Presomitic mesoderm,6.364254244926012,-0.08784608330657988,-7.4027535562392375,0.0014809266046598656,0.0,5322,8521
Hypaxial myogenic progenitor,Primordial germ cell,4.796006312882586,-0.40499693622241706,-3.9340349697949835,0.021995113684433083,0.06,3340,25
Hypaxial myogenic progenitor,Respiratory progenitor,5.527457389604371,-0.27326957162419035,-11.619324510244724,0.014494342769255937,0.0,5322,1209
Hypaxial myogenic progenitor,Right ventricle,5.76895716022248,-0.021709360691534545,-1.8260636230698204,0.02283915832069983,0.07,5322,730
Hypaxial myogenic progenitor,Roof plate (anterior),6.045209783027791,-0.28724598538922663,-18.065681813990718,0.0019907652885524704,0.0,5322,3787
Hypaxial myogenic progenitor,Roof plate (posterior),6.175184997110715,-0.16773111067481525,-9.552948039812991,0.001346387606321163,0.0,5322,2248
Hypaxial myogenic progenitor,Sacral neural crest,6.0647193236308565,-0.14387058555206314,-7.220112489647121,0.002306754227838381,0.0,5322,2156
Hypaxial myogenic progenitor,Sclerotome,7.638519812415428,0.9924782215598876,90.97723334949394,0.00063089721135019,0.0,5322,74334
Hypaxial myogenic progenitor,Second heart field (anterior),5.883088701983911,-0.05340050559321311,-2.2491685579018035,0.0002690227623678116,0.11,5322,1040
Hypaxial myogenic progenitor,Somatic mesoderm (anterior),6.779468402925338,0.3752053143447271,32.08144330818791,0.001904678772759529,0.0,5322,14544
Hypaxial myogenic progenitor,Somatic mesoderm (posterior),6.5955782143639885,0.0798490249258726,7.016077222629423,0.0005536955721710277,0.0,5322,48596
Hypaxial myogenic progenitor,Somatic mesoderm (tailbud),5.978594167053257,-0.24136473617619666,-14.24283360223646,0.0025449088251043935,0.0,5322,3011
Hypaxial myogenic progenitor,Somatic motor neuron,6.3865088325503265,-0.0362872998219359,-2.5786246215741815,0.00235924296114579,0.54,5322,6559
Hypaxial myogenic progenitor,Spinal cord (cervical),6.475491459079407,-0.14999817039318172,-12.580424259567357,0.0007558278944699161,0.0,5322,41051
Hypaxial myogenic progenitor,Spinal cord (lumbar),6.430746938282123,-0.052029368138464406,-4.0545709822975455,0.0005730331619224955,0.09,5322,12722
Hypaxial myogenic progenitor,Spinal cord (sacral),6.345357429029637,-0.07452961468346953,-4.9461675974919475,0.0021707067003273314,0.02,5322,5351
Hypaxial myogenic progenitor,Spinal cord (thoracic),6.490173369387736,-0.06817638438336864,-5.6027418142364285,0.00018736686602861187,0.0,5322,35061
Hypaxial myogenic progenitor,Spinal cord interneuron progenitor,6.295738684552127,-0.09899356613078829,-5.119550646392191,7.452617770022563e-05,0.0,5322,2196
Hypaxial myogenic progenitor,Splanchnic mesoderm (cardiopulmonary),6.615442843212445,0.38858838236737103,28.631057629550256,0.0035902198763958777,0.0,5322,5768
Hypaxial myogenic progenitor,Splanchnic mesoderm (gastric),6.496025920893184,0.29914313225222006,18.051718105919267,0.003364836882177565,0.0,5322,3373
Hypaxial myogenic progenitor,Splanchnic mesoderm (intestinal),6.447642216939715,0.012276605286805223,0.7371105171083837,0.006168396436863647,0.0,5322,9676
Hypaxial myogenic progenitor,Splanchnic mesoderm (septum transversum),6.086340522254312,-0.06288748176165448,-3.9386603557748026,0.0038251002178641474,0.96,5322,2825
Hypaxial myogenic progenitor,Subthalamic nucleus neuron,5.8304150909561265,-0.19406221810726798,-7.1724453998919415,0.004368366548349517,0.0,5322,802
Hypaxial myogenic progenitor,Surface ectoderm (posterior),5.374760033818362,-0.3052505411950556,-4.110681901824161,0.011098041789498622,0.0,5322,133
Hypaxial myogenic progenitor,Telencephalon (dorsal),6.118324494491019,-0.3216629814241851,-29.668977994115476,0.0019348388259787042,0.0,5322,31059
Hypaxial myogenic progenitor,Telencephalon (ventral),5.960352308508132,-0.2693410682787369,-15.301409346130415,0.00038065013397344145,0.0,5322,3241
Hypaxial myogenic progenitor,Thyroid progenitor,5.447946857932199,-0.3301720338264052,-12.307889138030733,0.02937239334367386,0.0,5322,850
Hypaxial myogenic progenitor,Trigeminal branchiomotor neuron,5.892934512770284,-0.10250037570842292,-3.85939636753799,0.002017084300095662,0.0,5322,872
Hypaxial myogenic progenitor,Trigeminal ganglion neuron,5.795581833252267,-0.29978095146838396,-14.272615680278003,0.0048624227658113,0.0,5322,1765
Hypaxial myogenic progenitor,Trigeminal placode,5.905789974331653,-0.3347035256697497,-22.834315407284212,0.0013816526646571636,0.0,5322,6546
Hypaxial myogenic progenitor,Trigeminal sensory neuron,5.846417189854985,-0.2898690742384744,-18.658018561563562,0.00928048487905358,0.0,5322,3198
Hypaxial myogenic progenitor,Trochlear neuron,5.634050199963331,-0.1155081200572073,-1.7940384930072195,0.0039434071702980225,0.35,5322,153
Hypaxial myogenic progenitor,Trunk neural crest,6.157418540829856,-0.16063598065917292,-12.28565698807995,0.00018272826272125445,0.0,5322,6809
Hypaxial myogenic progenitor,V0 interneuron,6.306248440236039,-0.13281037800108267,-7.560450290732497,0.0016247919390829175,0.0,5322,2114
Hypaxial myogenic progenitor,V1 interneuron,6.2499627940924425,-0.10371892906920355,-5.314036691630138,0.0013223161557355287,0.0,5322,1795
Hypaxial myogenic progenitor,V2 interneuron,6.124775980379993,-0.05489199752107954,-1.9749018712397277,0.002440410441341302,0.95,5322,842
Hypaxial myogenic progenitor,V3 interneuron,5.780163538733922,-0.0164360711197095,-0.2723190604039802,0.000647738079770876,0.92,5322,230
Hypaxial myogenic progenitor,Vagal neural crest,6.122768981786673,-0.20647330669010197,-13.457965210662051,4.145898669628939e-05,0.0,5322,4937
Hypaxial myogenic progenitor,Visceral motor neuron,6.062900756955869,-0.0507804388019076,-2.5044208381036865,0.01563343881299562,0.69,5322,2062
Hypaxial myogenic progenitor,Yolk sac endothelial cell,5.728224326811353,0.07563914096263868,1.1819186448656696,0.033104624143083974,0.8,5322,112
Hypothalamic neuron,Hypothalamic neuron,9.499999999990198,-1.3026616822268503e-14,-0.00012432173801106666,1.304250029965406e-28,1.0,534,534
Hypothalamic neuron,Hypothalamus,7.53008057873608,1.6511754654434139,49.970593005154875,0.004294445449253394,0.0,534,7652
Hypothalamic neuron,Inflow tract,5.551031687873429,-0.2539242125839524,-7.619522650035925,0.00043442105640821875,0.0,534,2494
Hypothalamic neuron,Intermediate mesoderm (nephrogenic),5.795393265141698,-0.3327987851390306,-9.632237420618862,0.0013062086020285484,0.0,534,6458
Hypothalamic neuron,Intermediate mesoderm (posterior),5.695606712735102,-0.33992072667512446,-9.051305909962698,0.004086252665935193,0.0,534,4198
Hypothalamic neuron,Juxtacardiac field,5.491868714015265,-0.17728226774034836,-5.016639385122648,0.0028383960997800262,0.0,534,1386
Hypothalamic neuron,Left ventricle,5.479981785569901,-0.18591989890999225,-5.613350486417022,0.0048500171264343455,0.0,534,1174
Hypothalamic neuron,Lens placode,5.4371309723345815,-0.29210674220297744,-7.990107906375641,0.006334589056352032,0.0,534,2811
Hypothalamic neuron,Macrophage,5.077135330338242,-0.25490707652086186,-6.2789945536311125,0.003110969104172702,0.0,534,966
Hypothalamic neuron,Megakaryocyte,5.215013873570025,-0.23868649132328912,-4.951764110528174,0.013066639634489206,0.01,534,482
Hypothalamic neuron,Mesothelium,5.3960688196971205,-0.24346179803364235,-4.675776457300182,0.0017229595735712888,0.0,534,346
Hypothalamic neuron,Midbrain,6.7049090682549926,0.6177387970721613,19.04787257878031,0.006432399566090361,0.0,534,21466
Hypothalamic neuron,Midbrain GABAergic neuron,6.010840782876916,0.6095131425236587,8.31341039675207,0.1221740784190499,0.04,534,118
Hypothalamic neuron,Midbrain neuron,6.573303493210663,0.5187624485900629,16.05677082927399,0.0010331404879488483,0.0,534,4345
Hypothalamic neuron,Midgut,5.386698577424846,-0.1289270886647159,-3.731102819099567,0.002715359467143066,0.04,534,1667
Hypothalamic neuron,Myotome,5.855613874605003,-0.1785281665205624,-5.293896566903708,0.0015938790866036683,0.0,534,2201
Hypothalamic neuron,Nascent somite,5.884180343880687,-0.2228187061089232,-5.998328056355529,0.009820510116696154,0.0,534,6475
Hypothalamic neuron,Notochord,5.547145967348427,-0.041693049473389365,-1.0026804959491675,0.019305915519476812,0.0,534,956
Hypothalamic neuron,Oculomotor neuron,5.768741505006653,0.49524200222072273,5.885810791949189,0.018866230555941627,0.0,534,122
Hypothalamic neuron,Olfactory placode,5.599707515898767,-0.20965774909312854,-5.742487198257723,0.003001732293927913,0.0,534,5872
Hypothalamic neuron,Olfactory sensory neuron,5.387208861409463,-0.21322383078764093,-3.8437540906533347,0.007375163976326668,0.0,534,389
Hypothalamic neuron,Otic placode,5.410572351024652,-0.26993460269155634,-6.646847267926929,0.005504336651770593,0.0,534,2365
Hypothalamic neuron,Otic sensory neuron,5.3169262711065794,-0.2629744536610336,-6.364415489161698,0.0017965350302786335,0.0,534,974
Hypothalamic neuron,Outflow tract,5.3737679886375895,-0.2376440075477122,-6.064647759290448,0.00916164879295442,0.0,534,890
Hypothalamic neuron,Pancreatic-biliary progenitor,5.315800485573413,-0.13603917099116783,-2.848453358227871,0.0073695314587303015,0.17,534,373
Hypothalamic neuron,Paraventricular hypothalamic neuron,6.203196104428031,0.8385498539005217,12.73613946650707,0.04449607870549647,0.0,534,192
Hypothalamic neuron,Periocular mesoderm,5.380829654006374,-0.1114896012407159,-2.984312293301132,0.006640460582979617,0.15,534,1739
Hypothalamic neuron,Pharyngeal arch mesenchyme (p1-p2),5.829243497754919,-0.20410135824330253,-5.366561757286082,0.008584987591435708,0.0,534,29887
Hypothalamic neuron,Pharyngeal arch mesenchyme (p3-p4),5.721503857253133,-0.23001384447101683,-6.308714715866941,0.002513398006942146,0.0,534,9198
Hypothalamic neuron,Pharyngeal endoderm,5.510641938924042,-0.14699568818096656,-4.690770349445609,0.0012581015753988728,0.0,534,5045
Hypothalamic neuron,Pharyngeal mesoderm,5.608203248944183,-0.25836321836211606,-9.575225294239992,0.005664173039265,0.0,534,7691
Hypothalamic neuron,Presomitic mesoderm,5.922353838117902,-0.20165547866759978,-6.0305591443376825,0.00615611434382809,0.0,534,8521
Hypothalamic neuron,Primordial germ cell,4.5990178598174385,-0.2602505616466262,-2.1717426063563696,0.17356695472950662,0.89,359,25
Hypothalamic neuron,Respiratory progenitor,5.345873437706119,-0.12861078164104503,-2.9989247032023845,0.0029864158830689904,0.07,534,1209
Hypothalamic neuron,Right ventricle,5.35098328753793,-0.10957353438164397,-2.744122458657444,0.022859512714093613,0.34,534,730
Hypothalamic neuron,Roof plate (anterior),5.921583360694885,-0.08432439962733233,-2.377546023980197,0.00626795234154555,0.95,534,3787
Hypothalamic neuron,Roof plate (posterior),5.812537178906848,-0.20282554063663896,-4.986852329260092,0.007573189033443971,0.01,534,2248
Hypothalamic neuron,Sacral neural crest,5.599838437498884,-0.27777528898821363,-7.212479159518748,0.0054337462151638595,0.0,534,2156
Hypothalamic neuron,Sclerotome,6.043668790782607,-0.2740562267254984,-8.23894277352467,0.0035749652195486018,0.0,534,74334
Hypothalamic neuron,Second heart field (anterior),5.434434740120779,-0.16981176589707273,-4.579011683289037,0.002292437258815678,0.01,534,1040
Hypothalamic neuron,Somatic mesoderm (anterior),5.702692744950571,-0.36981847461022593,-11.15921699054396,0.0004390013055395747,0.0,534,14544
Hypothalamic neuron,Somatic mesoderm (posterior),5.785948334152238,-0.39950348039857264,-11.916766316132545,0.0020988709884319566,0.0,534,48596
Hypothalamic neuron,Somatic mesoderm (tailbud),5.597579600897856,-0.29529967726522405,-7.921908479091225,0.000277363762458912,0.0,534,3011
Hypothalamic neuron,Somatic motor neuron,6.2435880737664675,0.15132691776040819,4.08226781025257,0.0043221815218541125,0.04,534,6559
Hypothalamic neuron,Spinal cord (cervical),6.328062614782083,0.03347973356366326,1.0669545029318257,0.0012922169711235287,0.96,534,41051
Hypothalamic neuron,Spinal cord (lumbar),6.0100550803833075,-0.1468323430881592,-4.364876675510496,0.0010026461393022425,0.0,534,12722
Hypothalamic neuron,Spinal cord (sacral),5.930901933736494,-0.16093111902088678,-4.0490486027202275,0.0022785797112096426,0.0,534,5351
Hypothalamic neuron,Spinal cord (thoracic),6.164867722920494,-0.06899065195106946,-2.2709722905619336,0.00197559192123292,0.58,534,35061
Hypothalamic neuron,Spinal cord interneuron progenitor,6.383632711002157,0.3178016120200719,7.933803382878974,0.001041356993968896,0.0,534,2196
Hypothalamic neuron,Splanchnic mesoderm (cardiopulmonary),5.630719259636449,-0.2663486124947528,-8.65264212504042,0.0011691491426455817,0.0,534,5768
Hypothalamic neuron,Splanchnic mesoderm (gastric),5.576768678164977,-0.2919671162405937,-8.641081860305475,0.0049614671443553165,0.0,534,3373
Hypothalamic neuron,Splanchnic mesoderm (intestinal),5.7206413182670675,-0.3847532774971493,-9.974225087993682,0.0006134691836558219,0.0,534,9676
Hypothalamic neuron,Splanchnic mesoderm (septum transversum),5.575203036029296,-0.24233932279363538,-7.595615904615144,0.0069502395609902685,0.0,534,2825
Hypothalamic neuron,Subthalamic nucleus neuron,6.431257593629513,0.7303733749353499,18.190312832781462,0.011524773276973606,0.0,534,802
Hypothalamic neuron,Surface ectoderm (posterior),5.172922837564748,-0.1634110231563127,-2.216459319867443,0.020583143021480885,0.99,534,133
Hypothalamic neuron,Telencephalon (dorsal),7.0990467260812835,0.9871992741676149,30.103448946650207,0.002696424203511816,0.0,534,31059
Hypothalamic neuron,Telencephalon (ventral),6.509013387724102,0.6096881466758163,17.15751335545551,0.01636967123049652,0.0,534,3241
Hypothalamic neuron,Thyroid progenitor,5.278094090040212,-0.16724698773997915,-4.235640710294088,0.01696607315615682,0.62,534,850
Hypothalamic neuron,Trigeminal branchiomotor neuron,6.14483243181827,0.4737943958988365,10.959177224341637,0.006430176949989899,0.0,534,872
Hypothalamic neuron,Trigeminal ganglion neuron,5.5634214249693885,-0.20361112039669363,-5.341915097644889,0.00402604650310345,0.0,534,1765
Hypothalamic neuron,Trigeminal placode,5.6261089878310075,-0.2839519797914389,-8.06639928695602,0.0019698418406456416,0.0,534,6546
Hypothalamic neuron,Trigeminal sensory neuron,5.516498616698048,-0.2893141962977837,-8.046399537000882,0.008932665321514969,0.0,534,3198
Hypothalamic neuron,Trochlear neuron,5.924567646987744,0.5068321164410122,7.51604042690241,0.03618330979470542,0.0,534,153
Hypothalamic neuron,Trunk neural crest,5.715170778951376,-0.27163277057207075,-7.248666996878531,0.018830289721435432,0.01,534,6809
Hypothalamic neuron,V0 interneuron,6.339069533934066,0.23515764989628382,5.893760983678891,0.005544494943060989,0.0,534,2114
Hypothalamic neuron,V1 interneuron,6.196037028230081,0.17169369701531303,4.7066053664039424,0.0034952142731581853,0.01,534,1795
Hypothalamic neuron,V2 interneuron,6.2419085978936835,0.38659789662440175,8.058069917542602,0.006213580741716035,0.0,534,842
Hypothalamic neuron,V3 interneuron,5.690098897571622,0.22347358099130363,3.781085923107854,0.012273731493277845,0.12,534,230
Hypothalamic neuron,Vagal neural crest,5.755848409923655,-0.2465331780705219,-7.31256388889567,0.008385928743716558,0.0,534,4937
Hypothalamic neuron,Visceral motor neuron,6.134237457105654,0.345483641390875,8.543932905205763,0.010390069657628368,0.0,534,2062
Hypothalamic neuron,Yolk sac endothelial cell,5.048198378088446,-0.2788831974083103,-2.9699612529049833,0.009882090268359874,0.0,534,112
Hypothalamus,Hypothalamus,9.500000000012578,-1.5395092608135503e-14,-0.00015984508873746666,4.522802523267134e-29,1.0,7652,7652
Hypothalamus,Inflow tract,5.679519840123479,-0.2991190381889046,-16.6776354924578,0.002695553139770818,0.0,7652,2494
Hypothalamus,Intermediate mesoderm (nephrogenic),5.9885750256359875,-0.31287214981817346,-23.177183294772064,0.0031476264634811312,0.0,7652,6458
Hypothalamus,Intermediate mesoderm (posterior),5.875836427301745,-0.3351127397395312,-22.553809551858862,0.010510526074709944,0.0,7652,4198
Hypothalamus,Juxtacardiac field,5.657706161396942,-0.18643046768431196,-9.42515100710886,0.00029107144679497423,0.0,7652,1386
Hypothalamus,Left ventricle,5.6382848058483885,-0.20073396974110805,-8.143805682271628,0.005344921419561817,0.0,7652,1174
Hypothalamus,Lens placode,5.539126585503136,-0.3660950194776893,-19.93568663326725,0.003533290012217853,0.0,7652,2811
Hypothalamus,Macrophage,5.210676831476486,-0.2960199281369622,-10.702389245439958,0.007398085649888421,0.0,7652,966
Hypothalamus,Megakaryocyte,5.293111910886082,-0.3325651672978924,-9.446181069665242,0.008570057538078418,0.0,7652,482
Hypothalamus,Mesothelium,5.588548913839013,-0.2223134176308399,-5.389480433635295,0.008135547388548053,0.05,7652,346
Hypothalamus,Midbrain,7.0732854023835685,0.8112372426663242,81.65483700267266,0.0016443116813523151,0.0,7652,21466
Hypothalamus,Midbrain GABAergic neuron,6.56261907788904,0.992027338480678,14.200909950430477,0.09487877980317849,0.0,7652,118
Hypothalamus,Midbrain neuron,6.793039369725179,0.566137358799493,41.50490112310101,0.00128194982565478,0.0,7652,4345
Hypothalamus,Midgut,5.533188196046677,-0.152753128556015,-7.666880512163282,0.007045726957861201,0.0,7652,1667
Hypothalamus,Myotome,6.117183472519659,-0.08860491324560638,-4.65426776918715,0.00017156417010609363,0.0,7652,2201
Hypothalamus,Nascent somite,6.139068924068958,-0.13972592526186864,-11.009484503480913,0.0023750083862425853,0.0,7652,6475
Hypothalamus,Notochord,5.7796011279479,0.01643604833583427,0.5741370606699064,0.005383293988577053,0.33,7652,956
Hypothalamus,Oculomotor neuron,6.3368311717184165,0.89225056625128,12.778274451823274,0.025014297112003692,0.0,7652,122
Hypothalamus,Olfactory placode,5.6525113319923435,-0.3319483956322437,-24.280979497445827,0.00014450040453504534,0.0,7652,5872
Hypothalamus,Olfactory sensory neuron,5.491342876716684,-0.2824599954892865,-6.518358799592016,0.0019262358720010652,0.0,7652,389
Hypothalamus,Otic placode,5.53561305305153,-0.3155707958811516,-16.551293031289998,0.0036736476240650535,0.0,7652,2365
Hypothalamus,Otic sensory neuron,5.441450984012012,-0.31031070136643396,-11.206347010438549,0.0036206301396226616,0.0,7652,974
Hypothalamus,Outflow tract,5.530742596281853,-0.24943345674062142,-10.069466010000967,0.005056549322807444,0.0,7652,890
Hypothalamus,Pancreatic-biliary progenitor,5.443408228017968,-0.18606029066122787,-4.286974188022063,0.03387728946124612,0.61,7652,373
Hypothalamus,Paraventricular hypothalamic neuron,7.326268164954878,1.7766185981174987,32.29300325089622,0.0009820195364290052,0.0,7652,192
Hypothalamus,Periocular mesoderm,5.53616598545253,-0.12909332373419305,-6.812333166387016,0.007643896843226739,0.04,7652,1739
Hypothalamus,Pharyngeal arch mesenchyme (p1-p2),5.850546337357971,-0.3558348926755223,-37.957303630990964,0.0027112692232120245,0.0,7652,29887
Hypothalamus,Pharyngeal arch mesenchyme (p3-p4),5.842834520065208,-0.28039287866733886,-22.97439598419874,0.002215840298767896,0.0,7652,9198
Hypothalamus,Pharyngeal endoderm,5.633552699354548,-0.1964819615421988,-14.312067233413567,0.017840512364647954,0.0,7652,5045
Hypothalamus,Pharyngeal mesoderm,5.748054985560792,-0.28840553232180594,-24.75080481688983,0.007266211211451601,0.0,7652,7691
Hypothalamus,Presomitic mesoderm,6.160416435936107,-0.13589070710090004,-11.003376483094518,0.0028884330372528754,0.0,7652,8521
Hypothalamus,Primordial germ cell,4.970970374853692,-0.0613684700252084,-1.2433238757822933,0.36066150003009384,0.02,5866,25
Hypothalamus,Respiratory progenitor,5.4489649023112925,-0.19457021939574748,-7.886356213071724,0.010942459185612558,0.0,7652,1209
Hypothalamus,Right ventricle,5.4793949429039515,-0.1570732413501735,-5.963118375609564,0.008332108694107925,0.17,7652,730
Hypothalamus,Roof plate (anterior),5.968198665302185,-0.2095989887027366,-12.152492242159546,0.0001749475345948695,0.0,7652,3787
Hypothalamus,Roof plate (posterior),5.901815177162855,-0.28582883468674564,-14.901117405850238,0.00047741665613495343,0.0,7652,2248
Hypothalamus,Sacral neural crest,5.713864098369719,-0.33776724620264914,-17.99508111276189,0.00621606289465732,0.0,7652,2156
Hypothalamus,Sclerotome,6.294477946608083,-0.1954301162760578,-22.319500466077084,0.004877539056753087,0.0,7652,74334
Hypothalamus,Second heart field (anterior),5.580816358936588,-0.19510176264092394,-7.5235123144891345,0.0010875287826768777,0.0,7652,1040
Hypothalamus,Somatic mesoderm (anterior),5.818681360977017,-0.4295154968378195,-38.892615410122254,0.002071939306848571,0.0,7652,14544
Hypothalamus,Somatic mesoderm (posterior),5.903701934887764,-0.4564727500570305,-45.499041441458814,0.0056649183639637035,0.0,7652,48596
Hypothalamus,Somatic mesoderm (tailbud),5.714216688922498,-0.34949599105417245,-18.550741471498792,0.00042295433974720445,0.0,7652,3011
Hypothalamus,Somatic motor neuron,6.604692709838074,0.338427862896243,25.12028875967542,0.001361646642526153,0.0,7652,6559
Hypothalamus,Spinal cord (cervical),6.545903763827243,0.07412262086259573,7.388121780019278,0.0013277013729585388,0.0,7652,41051
Hypothalamus,Spinal cord (lumbar),6.234542917981024,-0.09327604372020677,-9.018819742583478,0.0006076677282928441,0.0,7652,12722
Hypothalamus,Spinal cord (sacral),6.1660747871139705,-0.09754013656388476,-6.926108828045391,0.0015956886454485952,0.0,7652,5351
Hypothalamus,Spinal cord (thoracic),6.3835803830989155,-0.018874082236189693,-1.92530539334781,0.00024639854035092,0.88,7652,35061
Hypothalamus,Spinal cord interneuron progenitor,6.7649563053410615,0.5244931287716689,26.3548745215889,0.001134544426717011,0.0,7652,2196
Hypothalamus,Splanchnic mesoderm (cardiopulmonary),5.764372625715326,-0.308493455097367,-23.885603901998284,0.0017971409864656579,0.0,7652,5768
Hypothalamus,Splanchnic mesoderm (gastric),5.67662915410222,-0.3650972389037698,-24.05533840661869,0.003885025847583463,0.0,7652,3373
Hypothalamus,Splanchnic mesoderm (intestinal),5.8416049362762195,-0.4374363230319564,-38.21281863185741,0.011094696108185776,0.0,7652,9676
Hypothalamus,Splanchnic mesoderm (septum transversum),5.662938936602576,-0.3303439526663337,-20.015227912824113,0.00214718942119832,0.0,7652,2825
Hypothalamus,Subthalamic nucleus neuron,7.329686971463972,1.4561578112013518,50.18189811693285,0.003065161137234116,0.0,7652,802
Hypothalamus,Surface ectoderm (posterior),5.277377388644509,-0.24018211588503036,-3.615312696155636,0.005808129976729695,0.05,7652,133
Hypothalamus,Telencephalon (dorsal),7.195138684070521,0.9102256674835655,94.00420227288505,0.0013663544818189736,0.0,7652,31059
Hypothalamus,Telencephalon (ventral),6.455370543363373,0.38190165685984656,23.65142057449928,0.0022618099995076676,0.0,7652,3241
Hypothalamus,Thyroid progenitor,5.421608808747585,-0.20183303751328166,-7.451896316544932,0.05145544212324901,0.82,7652,850
Hypothalamus,Trigeminal branchiomotor neuron,6.774731369974354,0.9339127051517234,33.06726576094314,0.0028823714593978846,0.0,7652,872
Hypothalamus,Trigeminal ganglion neuron,5.692624985185341,-0.24781254797873173,-11.727189412132887,0.005405235878210233,0.0,7652,1765
Hypothalamus,Trigeminal placode,5.69544087593069,-0.38989610584444456,-28.77534716255535,0.0016468264676774552,0.0,7652,6546
Hypothalamus,Trigeminal sensory neuron,5.65337694222994,-0.3265278483450877,-18.69080019542498,0.0028450024781924805,0.0,7652,3198
Hypothalamus,Trochlear neuron,6.6524893805139875,1.0675157557108383,15.82854507169455,0.0009991381617155326,0.0,7652,153
Hypothalamus,Trunk neural crest,5.813916144244147,-0.34765197900637307,-26.217801572264136,0.004888600997041951,0.0,7652,6809
Hypothalamus,V0 interneuron,6.560421768817217,0.28036847701592355,13.93672647548278,0.008326588208336977,0.0,7652,2114
Hypothalamus,V1 interneuron,6.445092106721655,0.246033245961739,11.947628602112138,9.25090150194961e-05,0.0,7652,1795
Hypothalamus,V2 interneuron,6.550401994776931,0.5264129156598786,19.678041729262993,0.007815440361482417,0.0,7652,842
Hypothalamus,V3 interneuron,6.079324399967092,0.4375978331425528,7.970316846880315,0.026207435044767424,0.0,7652,230
Hypothalamus,Vagal neural crest,5.836481960190707,-0.3362431773435158,-22.28351760343806,0.002520522122545001,0.0,7652,4937
Hypothalamus,Visceral motor neuron,6.603848826614569,0.6469875296050333,33.4832000703848,0.005911995666632414,0.0,7652,2062
Hypothalamus,Yolk sac endothelial cell,5.198896720288416,-0.2991177148478217,-3.855904909963943,0.0022611019389776137,0.0,7652,112
Inflow tract,Inflow tract,9.499999999999078,8.881784197001252e-15,8.28770932642e-05,4.196740015775783e-28,1.0,2494,2494
Inflow tract,Intermediate mesoderm (nephrogenic),6.022992991494803,-0.20676988594279777,-11.63974311124194,0.0026797450136801567,0.0,2494,6458
Inflow tract,Intermediate mesoderm (posterior),6.010008128559409,-0.12752460465567594,-6.950465956724602,0.00448553199151434,0.01,2494,4198
Inflow tract,Juxtacardiac field,6.297130453558,0.527696595486907,24.22624674299451,0.007557674282725845,0.0,2494,1386
Inflow tract,Left ventricle,5.993279991906376,0.2280267726262212,9.933686758881926,0.0030943299216299766,0.0,2494,1174
Inflow tract,Lens placode,5.934602569177701,0.10349721809551493,5.087091340613699,0.015267831760206501,0.6,2494,2811
Inflow tract,Macrophage,5.37567799000031,-0.05780941582091762,-2.283753710491773,0.0006630414094407488,0.2,2494,966
Inflow tract,Megakaryocyte,5.473551147286433,-0.07754882545740897,-2.16076270105633,0.01651444638840141,0.05,2494,482
Inflow tract,Mesothelium,5.903139760705095,0.16388574276511184,4.283253784474584,0.0009536330806713356,0.0,2494,346
Inflow tract,Midbrain,5.843809035656348,-0.34815565131499476,-22.75701078558775,0.0002979584199507311,0.0,2494,21466
Inflow tract,Midbrain GABAergic neuron,5.306337935735792,-0.19762602826857587,-3.08973076504153,0.007290095382881845,0.07,2494,118
Inflow tract,Midbrain neuron,5.816552177820981,-0.3389718283891036,-17.758009060533386,0.006098725062041483,0.0,2494,4345
Inflow tract,Midgut,5.474437380256981,-0.1386141901733066,-6.963788250403308,0.007634504341199281,0.0,2494,1667
Inflow tract,Myotome,5.918643377453033,-0.2138539060286071,-11.107604668463106,0.00620582482507746,0.0,2494,2201
Inflow tract,Nascent somite,5.939031186247192,-0.27017111848232095,-15.262921914737078,0.0023991925225306313,0.0,2494,6475
Inflow tract,Notochord,5.552456862945637,-0.1392826826672874,-6.121388448527579,0.0010096622984446728,0.0,2494,956
Inflow tract,Oculomotor neuron,5.255088374766629,-0.12452677268402261,-1.9083371758262573,0.02012140663738543,0.61,2494,122
Inflow tract,Olfactory placode,5.900299224873454,-0.01180512146751204,-1.4741468972979688,0.011375027142731812,0.5,2494,5872
Inflow tract,Olfactory sensory neuron,5.637900852138007,-0.06551560334057023,-1.8732688166346982,0.006285139749096697,0.94,2494,389
Inflow tract,Otic placode,5.8288056235856125,0.04791936276859617,2.1145538962765285,0.015858288775352558,0.04,2494,2365
Inflow tract,Otic sensory neuron,5.7698197632476935,0.09136375449989842,3.654401965827269,0.012005746549839297,0.23,2494,974
Inflow tract,Outflow tract,6.208460052179191,0.49921424816572585,19.96438599407911,0.011308060207327709,0.0,2494,890
Inflow tract,Pancreatic-biliary progenitor,5.434733136828924,-0.12474458583264496,-3.8072231667629435,0.006875004336662925,0.25,2494,373
Inflow tract,Paraventricular hypothalamic neuron,5.362127291239369,-0.11358329923461892,-2.1930335936293797,0.0028962976803802755,0.22,2494,192
Inflow tract,Periocular mesoderm,5.707084861468098,0.1127258441671497,5.202005614289244,0.002245603813374704,0.04,2494,1739
Inflow tract,Pharyngeal arch mesenchyme (p1-p2),5.974548466200702,-0.15946765864803444,-10.591760498965291,0.007641032706892398,0.0,2494,29887
Inflow tract,Pharyngeal arch mesenchyme (p3-p4),5.898228898624203,-0.1538519544990633,-9.068293050090452,0.006984948152725719,0.0,2494,9198
Inflow tract,Pharyngeal endoderm,5.662442781704907,-0.0953899380585194,-6.195427673230949,0.005039788724194673,0.1,2494,5045
Inflow tract,Pharyngeal mesoderm,6.49392038744858,0.5295346633305528,35.64834720157835,0.004222639177324964,0.0,2494,7691
Inflow tract,Presomitic mesoderm,5.915355701059261,-0.3076608820812187,-18.389299734905535,0.0012928222522344429,0.0,2494,8521
Inflow tract,Primordial germ cell,4.713804649037227,-0.2445386533229681,-2.2363231138548616,0.0015159917853849747,0.05,1777,25
Inflow tract,Respiratory progenitor,5.439834696648099,-0.13145144266862965,-5.627755072321974,0.0064034151890312255,0.01,2494,1209
Inflow tract,Right ventricle,5.986572944609111,0.42081054132311674,13.78583516584618,0.005708720934299581,0.0,2494,730
Inflow tract,Roof plate (anterior),5.900561216962271,-0.20375622660900797,-10.252181555421226,0.007073720499583559,0.0,2494,3787
Inflow tract,Roof plate (posterior),5.937851412028419,-0.17503379227520455,-7.751773508196603,0.003091038662897662,0.0,2494,2248
Inflow tract,Sacral neural crest,5.833650605728896,-0.14497800688675402,-6.893776865840856,0.008313444784642009,0.02,2494,2156
Inflow tract,Sclerotome,6.211282188681309,-0.20672460857108246,-13.596420101129683,0.0031574895847685082,0.0,2494,74334
Inflow tract,Second heart field (anterior),6.408475561360494,0.7034741915559172,29.352654443968262,0.02100048594469665,0.0,2494,1040
Inflow tract,Somatic mesoderm (anterior),7.180741594196848,1.0043529785910905,62.74358189956856,0.010850690812309974,0.0,2494,14544
Inflow tract,Somatic mesoderm (posterior),6.337474538362527,0.04989605392413813,3.131934872131689,0.0003685923913606041,0.05,2494,48596
Inflow tract,Somatic mesoderm (tailbud),5.947659057543273,-0.0458765994825446,-2.785147467720265,0.008567170011937348,0.02,2494,3011
Inflow tract,Somatic motor neuron,5.778770876944857,-0.4165857286877346,-21.86351290544482,0.0010629570815264477,0.0,2494,6559
Inflow tract,Spinal cord (cervical),5.972338484828462,-0.4257193276045956,-24.19114819562097,0.00022530234567584998,0.0,2494,41051
Inflow tract,Spinal cord (lumbar),5.924055392522443,-0.32930294643698915,-20.8001840943192,0.00297276318834138,0.0,2494,12722
Inflow tract,Spinal cord (sacral),5.911007225332519,-0.2805738412570493,-15.310902488676463,0.0020649564150968945,0.0,2494,5351
Inflow tract,Spinal cord (thoracic),5.9730781932527615,-0.3568197667593734,-21.04760872308589,0.00035507347342222874,0.0,2494,35061
Inflow tract,Spinal cord interneuron progenitor,5.765001489933763,-0.4028286882864709,-18.90241635146162,0.00512950706767202,0.0,2494,2196
Inflow tract,Splanchnic mesoderm (cardiopulmonary),6.825505207986514,0.8276828789210388,46.70757497503831,0.0016829764448956397,0.0,2494,5768
Inflow tract,Splanchnic mesoderm (gastric),6.375478607765515,0.4057720074917522,21.48969874570983,0.00048618611937486866,0.0,2494,3373
Inflow tract,Splanchnic mesoderm (intestinal),6.254851380796297,0.04762830160869728,2.3533240918461726,0.0037581030691527543,0.28,2494,9676
Inflow tract,Splanchnic mesoderm (septum transversum),7.375892497315995,1.4538559767024213,88.25818581097434,0.008609942469827433,0.0,2494,2825
Inflow tract,Subthalamic nucleus neuron,5.560806965038843,-0.24371137464520518,-8.739960381373876,0.0017492433854109832,0.0,2494,802
Inflow tract,Surface ectoderm (posterior),5.621822648058269,0.1808644088704643,3.1485020088178253,0.017309007112945866,0.4,2494,133
Inflow tract,Telencephalon (dorsal),5.86573761936327,-0.3463005415938018,-21.9475184677124,0.0020655994846385437,0.0,2494,31059
Inflow tract,Telencephalon (ventral),5.762226758271268,-0.23902023461087,-12.609694890786185,0.0029322021916510115,0.0,2494,3241
Inflow tract,Thyroid progenitor,5.413803399179287,-0.13402234397665294,-5.233176274875995,9.856990219611102e-05,0.0,2494,850
Inflow tract,Trigeminal branchiomotor neuron,5.495572839561629,-0.270782774189783,-9.373168201629097,0.002917025179330056,0.0,2494,872
Inflow tract,Trigeminal ganglion neuron,5.7958240596528015,-0.0705865794257982,-3.288610836819721,0.005887652080369505,0.68,2494,1765
Inflow tract,Trigeminal placode,6.029287967105329,0.01806838184948904,0.5428078448314544,0.004665701836328197,0.11,2494,6546
Inflow tract,Trigeminal sensory neuron,5.919876771603964,0.010955345871238956,0.3648919677039668,0.015245354033685472,0.84,2494,3198
Inflow tract,Trochlear neuron,5.299916544702864,-0.21562917901812137,-4.033542368310937,0.004982058879429846,0.0,2494,153
Inflow tract,Trunk neural crest,5.945693634500006,-0.14391825736173006,-8.60552531247702,0.009349461993905028,0.13,2494,6809
Inflow tract,V0 interneuron,5.83600716170866,-0.37326149210563386,-17.220319374519605,0.004683917670498944,0.0,2494,2114
Inflow tract,V1 interneuron,5.762350927781874,-0.36391938789156697,-15.569982078843402,0.001498172551651409,0.0,2494,1795
Inflow tract,V2 interneuron,5.652745792996476,-0.301493769855397,-11.012381962326133,0.0008729298527521275,0.0,2494,842
Inflow tract,V3 interneuron,5.365327266199361,-0.20707779520669245,-4.752413646699006,0.009904762643149993,0.06,2494,230
Inflow tract,Vagal neural crest,5.960115569333603,-0.140570140856101,-7.481949722925626,0.009346616579903348,0.09,2494,4937
Inflow tract,Visceral motor neuron,5.513466822511333,-0.37090698827558555,-15.965838653919057,0.00030725221235285404,0.0,2494,2062
Inflow tract,Yolk sac endothelial cell,5.473660455249711,0.038111025478547646,0.6546695155568075,0.005901476866197589,0.74,2494,112
Intermediate mesoderm (nephrogenic),Intermediate mesoderm (nephrogenic),9.500000000007725,-4.736951571734001e-15,-4.14431730022e-05,4.617465831893656e-28,1.0,6458,6458
Intermediate mesoderm (nephrogenic),Intermediate mesoderm (posterior),7.808767852197337,1.349222946923363,85.85000975318282,0.0006337237541232453,0.0,6458,4198
Intermediate mesoderm (nephrogenic),Juxtacardiac field,5.814486035206193,-0.2754527071416793,-12.217896677784873,0.0012232499189493693,0.0,6458,1386
Intermediate mesoderm (nephrogenic),Left ventricle,5.7558989704842425,-0.332640598903667,-13.757214231226433,0.0007708074357326458,0.0,6458,1174
Intermediate mesoderm (nephrogenic),Lens placode,6.124868770155306,-0.030829309552377282,-1.6338594644638185,0.011204716021523892,0.0,6458,2811
Intermediate mesoderm (nephrogenic),Macrophage,5.338383140794481,-0.4186311924195832,-13.917189052278099,0.0002897278597103033,0.0,6458,966
Intermediate mesoderm (nephrogenic),Megakaryocyte,5.4389337628704615,-0.4383552488571632,-11.246257820581306,0.00043527936897924533,0.0,6458,482
Intermediate mesoderm (nephrogenic),Mesothelium,6.337258669353726,0.27255265143440877,6.336330897093428,0.006589586428271253,0.0,6458,346
Intermediate mesoderm (nephrogenic),Midbrain,6.267661609348809,-0.24596368922903386,-22.235280787796906,0.0017538071352770554,0.0,6458,21466
Intermediate mesoderm (nephrogenic),Midbrain GABAergic neuron,5.507979909085968,-0.32321761877194294,-4.12852724906031,0.003369151663631124,0.0,6458,118
Intermediate mesoderm (nephrogenic),Midbrain neuron,6.267325531554576,-0.21062536801430523,-13.760941897607182,0.009114751304232746,0.0,6458,4345
Intermediate mesoderm (nephrogenic),Midgut,5.550705226896677,-0.386984976437458,-17.930004869896063,0.007692575463350764,0.0,6458,1667
Intermediate mesoderm (nephrogenic),Myotome,6.639932000122969,0.18136165478978464,9.511550227550194,0.005115329690884201,0.0,6458,2201
Intermediate mesoderm (nephrogenic),Nascent somite,7.0602698632603085,0.5299501784492214,38.7761377788843,0.0009108404848618608,0.0,6458,6475
Intermediate mesoderm (nephrogenic),Notochord,5.628533237002736,-0.38324841443375074,-15.07371874382701,0.010983418914428025,0.0,6458,956
Intermediate mesoderm (nephrogenic),Oculomotor neuron,5.548880275136742,-0.1565533645646934,-2.274299825260939,0.0018384978402272885,0.23,6458,122
Intermediate mesoderm (nephrogenic),Olfactory placode,6.155952727637447,-0.07875424366454276,-5.359227961740078,0.0039302772552844145,0.04,6458,5872
Intermediate mesoderm (nephrogenic),Olfactory sensory neuron,5.927353968908396,-0.09915019838908634,-2.2290485120444976,0.00046371784494536703,0.05,6458,389
Intermediate mesoderm (nephrogenic),Otic placode,6.0585824245152935,-0.044906021887822924,-2.411167817160694,0.00286521785244333,0.51,6458,2365
Intermediate mesoderm (nephrogenic),Otic sensory neuron,5.8879420015791695,-0.11455427069898683,-3.686624699963447,0.0036494521152859605,0.0,6458,974
Intermediate mesoderm (nephrogenic),Outflow tract,5.816067633607376,-0.21380050171897982,-7.517369833025792,0.00038286227322592684,0.0,6458,890
Intermediate mesoderm (nephrogenic),Pancreatic-biliary progenitor,5.502722412726339,-0.3771876519987485,-8.755696067299207,0.004446145990033869,0.0,6458,373
Intermediate mesoderm (nephrogenic),Paraventricular hypothalamic neuron,5.532582770953204,-0.2671882619956542,-4.136110981479834,0.0013106410925893906,0.0,6458,192
Intermediate mesoderm (nephrogenic),Periocular mesoderm,5.600201749303398,-0.3158964804622153,-15.156871018914352,0.007220922811303834,0.0,6458,1739
Intermediate mesoderm (nephrogenic),Pharyngeal arch mesenchyme (p1-p2),6.391216736987225,-0.0647707122403333,-6.90209022902945,0.006462788053970334,0.02,6458,29887
Intermediate mesoderm (nephrogenic),Pharyngeal arch mesenchyme (p3-p4),6.40856979625494,0.033146875707290434,2.7499599233399246,0.006111231133656724,0.0,6458,9198
Intermediate mesoderm (nephrogenic),Pharyngeal endoderm,5.725268462047846,-0.3565233602730877,-25.36267546459976,0.006467111605820279,0.0,6458,5045
Intermediate mesoderm (nephrogenic),Pharyngeal mesoderm,5.986543531295781,-0.3002490459238644,-25.53459047255738,0.004175545978054893,0.0,6458,7691
Intermediate mesoderm (nephrogenic),Presomitic mesoderm,6.98962790413061,0.4433087610614077,31.71343848458606,0.00010853312847693865,0.0,6458,8521
Intermediate mesoderm (nephrogenic),Primordial germ cell,4.779601007018686,-0.4994753543317696,-3.2135873275771125,2.6719553339362086e-05,0.01,4190,25
Intermediate mesoderm (nephrogenic),Respiratory progenitor,5.513306737405419,-0.3827583019911434,-15.20405173231965,0.005245543087624071,0.0,6458,1209
Intermediate mesoderm (nephrogenic),Right ventricle,5.6720801959885145,-0.2128494601804866,-7.12291083392432,0.006494262477742103,0.01,6458,730
Intermediate mesoderm (nephrogenic),Roof plate (anterior),6.397089200331199,-0.03111883223051315,-1.1440608630439066,0.011102263507093056,0.29,6458,3787
Intermediate mesoderm (nephrogenic),Roof plate (posterior),6.637286330209676,0.20087383482849605,9.46750543053553,0.006556321981005887,0.0,6458,2248
Intermediate mesoderm (nephrogenic),Sacral neural crest,6.713704376670658,0.41094507635059924,22.08424163585316,0.0034366517818160205,0.0,6458,2156
Intermediate mesoderm (nephrogenic),Sclerotome,7.242123502423273,0.5021863070770752,54.641188922975516,0.0034775057303773733,0.0,6458,74334
Intermediate mesoderm (nephrogenic),Second heart field (anterior),5.814307141374392,-0.21306307339775366,-7.983730948348213,0.0009255835854412304,0.0,6458,1040
Intermediate mesoderm (nephrogenic),Somatic mesoderm (anterior),6.5336600367508,0.03477357669383204,2.133307685006475,0.011454575295620807,0.2,6458,14544
Intermediate mesoderm (nephrogenic),Somatic mesoderm (posterior),7.507394980918005,0.896820220393462,92.44525311043515,0.0037619134832472235,0.0,6458,48596
Intermediate mesoderm (nephrogenic),Somatic mesoderm (tailbud),7.2856637100210095,0.9705285611842823,55.04974846117818,0.004023167579379729,0.0,6458,3011
Intermediate mesoderm (nephrogenic),Somatic motor neuron,6.334424090385473,-0.18180397104722315,-13.647776798291552,0.005864226475744345,0.0,6458,6559
Intermediate mesoderm (nephrogenic),Spinal cord (cervical),6.709550166312948,-0.010818757157832573,-1.0818264500829133,0.004954189531822438,0.46,6458,41051
Intermediate mesoderm (nephrogenic),Spinal cord (lumbar),6.830210529948591,0.251029442434248,20.59544546791426,0.0007097295851271325,0.0,6458,12722
Intermediate mesoderm (nephrogenic),Spinal cord (sacral),6.798597232349972,0.2855266074044322,19.5231178918772,0.0004677240136605484,0.0,6458,5351
Intermediate mesoderm (nephrogenic),Spinal cord (thoracic),6.797637419838204,0.14451384653912522,13.188349583252242,0.0010885054183947431,0.0,6458,35061
Intermediate mesoderm (nephrogenic),Spinal cord interneuron progenitor,6.322259937500306,-0.16928007736105646,-8.577281433254697,0.008547134086693928,0.0,6458,2196
Intermediate mesoderm (nephrogenic),Splanchnic mesoderm (cardiopulmonary),6.218226481166833,-0.10351852890798903,-8.229389027996127,0.004738924025236033,0.11,6458,5768
Intermediate mesoderm (nephrogenic),Splanchnic mesoderm (gastric),6.420616181820478,0.12909449524979758,6.829193834050099,0.0026077646944226525,0.0,6458,3373
Intermediate mesoderm (nephrogenic),Splanchnic mesoderm (intestinal),7.247976404307054,0.7172212149062537,52.493128596476275,0.008723417743153267,0.0,6458,9676
Intermediate mesoderm (nephrogenic),Splanchnic mesoderm (septum transversum),6.011936610084436,-0.23305207046815676,-13.667493065485914,0.004629755099896929,0.0,6458,2825
Intermediate mesoderm (nephrogenic),Subthalamic nucleus neuron,5.812985337874633,-0.31367352148707806,-10.12127863251726,0.002519607329178495,0.0,6458,802
Intermediate mesoderm (nephrogenic),Surface ectoderm (posterior),5.697942701879889,-0.07146231952860216,-1.196182055175153,0.022745212130677508,0.75,6458,133
Intermediate mesoderm (nephrogenic),Telencephalon (dorsal),6.317681764388749,-0.21660753437875999,-22.48641680383872,0.007771247116380041,0.0,6458,31059
Intermediate mesoderm (nephrogenic),Telencephalon (ventral),6.128584467563663,-0.19610385246041476,-11.57704307909119,0.011184331808160154,0.0,6458,3241
Intermediate mesoderm (nephrogenic),Thyroid progenitor,5.497538409379776,-0.376015799837815,-14.156920162341697,0.016800583789266316,0.0,6458,850
Intermediate mesoderm (nephrogenic),Trigeminal branchiomotor neuron,5.836496063200548,-0.25654580671872,-8.760531469028203,0.011650610571858113,0.0,6458,872
Intermediate mesoderm (nephrogenic),Trigeminal ganglion neuron,6.134850789293594,-0.05453922789405367,-2.599090905324943,0.009988911888377729,0.0,6458,1765
Intermediate mesoderm (nephrogenic),Trigeminal placode,6.245588667313228,-0.0900309866950657,-5.691470713045003,0.0046241960299583116,0.33,6458,6546
Intermediate mesoderm (nephrogenic),Trigeminal sensory neuron,6.162278413712214,-0.06990247046613322,-4.3002996696935805,0.0002631896117648148,0.0,6458,3198
Intermediate mesoderm (nephrogenic),Trochlear neuron,5.625823042146095,-0.2104818027237633,-3.116323190769887,0.004375470881132343,0.01,6458,153
Intermediate mesoderm (nephrogenic),Trunk neural crest,6.690359512524353,0.27835265078521204,20.179223861763294,0.004384314194198601,0.0,6458,6809
Intermediate mesoderm (nephrogenic),V0 interneuron,6.460522841450742,-0.07072668796474701,-3.365493756859479,0.009464865729772419,0.25,6458,2114
Intermediate mesoderm (nephrogenic),V1 interneuron,6.36961614241615,-0.07994620022528458,-3.842453153572379,0.008162323394915787,0.48,6458,1795
Intermediate mesoderm (nephrogenic),V2 interneuron,6.036466594650655,-0.2389445110485866,-7.56299078375498,0.001585473903643461,0.0,6458,842
Intermediate mesoderm (nephrogenic),V3 interneuron,5.620864901135235,-0.2726068547614071,-5.0484277759898095,0.011689886904687398,0.0,6458,230
Intermediate mesoderm (nephrogenic),Vagal neural crest,6.566440960530294,0.14278128717144364,9.211192276315495,0.004900919282402072,0.0,6458,4937
Intermediate mesoderm (nephrogenic),Visceral motor neuron,5.931184474849264,-0.2784741071297369,-13.224798730336076,0.024477132358077688,0.0,6458,2062
Intermediate mesoderm (nephrogenic),Yolk sac endothelial cell,5.693911591613108,-0.060726813696788895,-0.8575916880985089,0.0017920997887117352,0.95,6458,112
Intermediate mesoderm (posterior),Intermediate mesoderm (posterior),9.500000000010376,-1.1842378929335002e-15,-5.919612058533331e-06,2.030002062768737e-28,1.0,4198,4198
Intermediate mesoderm (posterior),Juxtacardiac field,5.753839444383189,-0.24474415380141146,-10.444442063198546,0.001586470541187098,0.0,4198,1386
Intermediate mesoderm (posterior),Left ventricle,5.665203835824929,-0.3319545836154229,-13.182078622001095,0.004365094376453972,0.0,4198,1174
Intermediate mesoderm (posterior),Lens placode,5.996867366363208,-0.06843720610346733,-3.202552976134444,0.007236419569505203,0.32,4198,2811
Intermediate mesoderm (posterior),Macrophage,5.289739064040503,-0.37554502136223505,-12.815637854589701,0.0011069196511313368,0.0,4198,966
Intermediate mesoderm (posterior),Megakaryocyte,5.395542645631057,-0.38958752281103265,-9.886273639550987,0.00016772842709156276,0.0,4198,482
Intermediate mesoderm (posterior),Mesothelium,6.153981016125184,0.1841614034845517,4.023762224598797,0.012951487929742293,0.33,4198,346
Intermediate mesoderm (posterior),Midbrain,6.149188798234943,-0.27104547347262375,-20.36773420261011,0.009686898861261638,0.0,4198,21466
Intermediate mesoderm (posterior),Midbrain GABAergic neuron,5.403331426600061,-0.32863825666091007,-4.749714307870852,0.0028744075111271613,0.0,4198,118
Intermediate mesoderm (posterior),Midbrain neuron,6.150921104229944,-0.23401240994374106,-12.863801957391004,0.019205758781206343,0.0,4198,4345
Intermediate mesoderm (posterior),Midgut,5.4865378061549555,-0.357508835747488,-16.527655008654254,0.004346594676925488,0.0,4198,1667
Intermediate mesoderm (posterior),Myotome,6.468671670533943,0.1029315350322791,5.465864691845945,0.002361865491703825,0.01,4198,2201
Intermediate mesoderm (posterior),Nascent somite,6.690242193746896,0.2515818801486924,15.294135429104584,0.017890812735892176,0.0,4198,6475
Intermediate mesoderm (posterior),Notochord,5.550229658312645,-0.37133579592211713,-13.531007452063804,0.017920053848047762,0.0,4198,956
Intermediate mesoderm (posterior),Oculomotor neuron,5.430889303493655,-0.17540751452295655,-2.4836287049558172,0.0005972955403411929,0.04,4198,122
Intermediate mesoderm (posterior),Olfactory placode,6.058276869371915,-0.08467209510707659,-5.74593561807285,0.004976455508856767,0.05,4198,5872
Intermediate mesoderm (posterior),Olfactory sensory neuron,5.873619095154219,-0.059516334765869594,-1.4332972211640804,0.006001491877564254,0.84,4198,389
Intermediate mesoderm (posterior),Otic placode,6.013872980260082,0.0015485465127141513,0.0962985165852796,7.042461897127562e-05,0.98,4198,2365
Intermediate mesoderm (posterior),Otic sensory neuron,5.85098473691453,-0.05935848084023506,-1.901947495474136,0.004332218502343766,1.0,4198,974
Intermediate mesoderm (posterior),Outflow tract,5.765720313579507,-0.17237559822631474,-6.386932332568835,0.0021032691643080048,0.0,4198,890
Intermediate mesoderm (posterior),Pancreatic-biliary progenitor,5.406225908877971,-0.3790509248770843,-9.033097029752765,0.0022324491487470295,0.0,4198,373
Intermediate mesoderm (posterior),Paraventricular hypothalamic neuron,5.410562926775209,-0.2989593101423802,-4.947363325314174,0.00972894181002138,0.0,4198,192
Intermediate mesoderm (posterior),Periocular mesoderm,5.494188607876847,-0.3315757025197514,-14.62167418072786,0.011280042383870433,0.0,4198,1739
Intermediate mesoderm (posterior),Pharyngeal arch mesenchyme (p1-p2),6.336805195928153,-0.027178396828624034,-2.790209519769539,0.009823935935831456,0.0,4198,29887
Intermediate mesoderm (posterior),Pharyngeal arch mesenchyme (p3-p4),6.3363554709746595,0.05668177690413678,3.6232289883069355,0.003951847400761958,0.31,4198,9198
Intermediate mesoderm (posterior),Pharyngeal endoderm,5.6082702529724315,-0.3810616211325983,-24.321877771584127,0.007886455076207824,0.0,4198,5045
Intermediate mesoderm (posterior),Pharyngeal mesoderm,5.947126303399301,-0.24644531061501743,-18.70184520822392,0.01178520024766742,0.0,4198,7691
Intermediate mesoderm (posterior),Presomitic mesoderm,6.665606944618989,0.21076947776921084,13.950801549988952,0.019608485838771398,0.0,4198,8521
Intermediate mesoderm (posterior),Primordial germ cell,4.801721391292814,-0.36981359897860777,-2.979270104849897,0.013600854620621846,0.06,2795,25
Intermediate mesoderm (posterior),Respiratory progenitor,5.3962229789576925,-0.40760528919994304,-14.81437652911987,0.003624026086478914,0.0,4198,1209
Intermediate mesoderm (posterior),Right ventricle,5.589626589034893,-0.20188381619874582,-6.363120897953915,0.005900792079156047,0.0,4198,730
Intermediate mesoderm (posterior),Roof plate (anterior),6.325380315926441,-0.009106192305740576,-0.07237833166649714,0.013872256128454025,0.01,4198,3787
Intermediate mesoderm (posterior),Roof plate (posterior),6.497418442765382,0.1514329462934363,6.785424578913031,0.029484218246968265,0.12,4198,2248
Intermediate mesoderm (posterior),Sacral neural crest,6.490429232347118,0.2799694063496654,10.953420186328179,0.026672530809087745,0.0,4198,2156
Intermediate mesoderm (posterior),Sclerotome,7.082253128877558,0.4340084884721523,33.34187675743849,0.00043808973628515737,0.0,4198,74334
Intermediate mesoderm (posterior),Second heart field (anterior),5.740909366947796,-0.19705566338237487,-7.250951553299561,0.006229878508939281,0.0,4198,1040
Intermediate mesoderm (posterior),Somatic mesoderm (anterior),6.437318081363027,0.031088263185562088,1.8781181204965611,0.012073782446114088,0.12,4198,14544
Intermediate mesoderm (posterior),Somatic mesoderm (posterior),7.785654539191406,1.2662728993490713,101.97484962699662,0.0012525269628869918,0.0,4198,48596
Intermediate mesoderm (posterior),Somatic mesoderm (tailbud),6.840819900428454,0.6168766102882604,30.98349668176749,0.014460231613944816,0.0,4198,3011
Intermediate mesoderm (posterior),Somatic motor neuron,6.175164520310294,-0.25002876253392764,-14.96660612760599,0.013640539271534873,0.0,4198,6559
Intermediate mesoderm (posterior),Spinal cord (cervical),6.55624316406714,-0.07230993433373871,-5.403789391378562,0.012876556573825894,0.0,4198,41051
Intermediate mesoderm (posterior),Spinal cord (lumbar),6.6076360687092555,0.12150190461751809,8.157885620713826,0.02312850108953591,0.31,4198,12722
Intermediate mesoderm (posterior),Spinal cord (sacral),6.526486777388917,0.10476997188321757,6.5055116794104615,0.016229539377480798,0.18,4198,5351
Intermediate mesoderm (posterior),Spinal cord (thoracic),6.610004804153912,0.050053709697806724,3.1645658517453756,0.013342557832436293,0.01,4198,35061
Intermediate mesoderm (posterior),Spinal cord interneuron progenitor,6.154701876619186,-0.24281616665190597,-11.4450616743273,0.011562673180342615,0.0,4198,2196
Intermediate mesoderm (posterior),Splanchnic mesoderm (cardiopulmonary),6.1483203272355444,-0.08075052479053262,-6.3998556916204805,0.016232538751870973,0.0,4198,5768
Intermediate mesoderm (posterior),Splanchnic mesoderm (gastric),6.304735976529842,0.10338960623776809,5.490926929245336,0.002685076689273404,0.0,4198,3373
Intermediate mesoderm (posterior),Splanchnic mesoderm (intestinal),7.5959386354679355,1.158714483198464,77.10504700798869,0.0023647613388646785,0.0,4198,9676
Intermediate mesoderm (posterior),Splanchnic mesoderm (septum transversum),6.026780011624626,-0.12497439481392814,-7.42878075117084,0.015025501115346887,0.47,4198,2825
Intermediate mesoderm (posterior),Subthalamic nucleus neuron,5.713937077031022,-0.3196751297639852,-10.222254071082054,0.0033724654460593594,0.0,4198,802
Intermediate mesoderm (posterior),Surface ectoderm (posterior),5.603973472889564,-0.07690897478532399,-1.4577670401673084,0.023896657859742983,0.32,4198,133
Intermediate mesoderm (posterior),Telencephalon (dorsal),6.1975422015134285,-0.24446719516473348,-19.549331389126056,0.010079162013053125,0.0,4198,31059
Intermediate mesoderm (posterior),Telencephalon (ventral),6.01798624570167,-0.2138854665531197,-11.996510278959136,0.012713215838708873,0.0,4198,3241
Intermediate mesoderm (posterior),Thyroid progenitor,5.372945432907071,-0.40568045023283705,-14.353786594970273,0.007239128218132194,0.0,4198,850
Intermediate mesoderm (posterior),Trigeminal branchiomotor neuron,5.690533884077894,-0.30846301649540503,-10.66664797833999,0.012832026037630163,0.0,4198,872
Intermediate mesoderm (posterior),Trigeminal ganglion neuron,6.033704694735532,-0.06399544216841828,-3.134823802353207,0.029461221589582864,0.0,4198,1765
Intermediate mesoderm (posterior),Trigeminal placode,6.199111384790073,-0.042669236715323855,-2.335549016053881,0.005491881695385999,0.91,4198,6546
Intermediate mesoderm (posterior),Trigeminal sensory neuron,6.086323598337742,-0.0523712372433384,-2.7682292628128082,0.00030535575946328506,0.04,4198,3198
Intermediate mesoderm (posterior),Trochlear neuron,5.503497042618901,-0.24380911153812365,-3.3860898072485903,0.0073171051763315335,0.02,4198,153
Intermediate mesoderm (posterior),Trunk neural crest,6.535499937021971,0.21419442685282183,12.236945292309542,0.018714696470480116,0.0,4198,6809
Intermediate mesoderm (posterior),V0 interneuron,6.3003242560778245,-0.13986448093508663,-7.221783589879806,0.015311081189016586,0.76,4198,2114
Intermediate mesoderm (posterior),V1 interneuron,6.195456087301689,-0.1635915198392587,-7.2690055391910535,0.0077149241747567895,0.01,4198,1795
Intermediate mesoderm (posterior),V2 interneuron,5.902155554235442,-0.27910338438226595,-9.643077485567245,0.008012985971093676,0.0,4198,842
Intermediate mesoderm (posterior),V3 interneuron,5.481080695007715,-0.3177111363586252,-5.844599815337489,0.015812588342029317,0.0,4198,230
Intermediate mesoderm (posterior),Vagal neural crest,6.471928272763738,0.14085691490733065,8.395739774969082,0.009009743365432312,0.03,4198,4937
Intermediate mesoderm (posterior),Visceral motor neuron,5.753066755951448,-0.36222586810015844,-15.749508983477336,0.02369080322539087,0.0,4198,2062
Intermediate mesoderm (posterior),Yolk sac endothelial cell,5.580111130269477,-0.08566604141630337,-0.9601876560077164,0.0030549918390156763,0.46,4198,112
Juxtacardiac field,Juxtacardiac field,9.50000000001618,-1.6579330501069005e-14,-0.00016576491101326666,1.3673589023830868e-29,1.0,1386,1386
Juxtacardiac field,Left ventricle,6.285139858198055,0.6562330044361561,26.682178918056746,0.07967209464703587,0.0,1386,1174
Juxtacardiac field,Lens placode,5.60129301714856,-0.09348242557084567,-3.5386973161575956,0.003771231296870169,0.27,1386,2811
Juxtacardiac field,Macrophage,5.384076147605714,0.0865888536902144,1.648627981450117,0.03258402639057314,0.0,1386,966
Juxtacardiac field,Megakaryocyte,5.369118890834955,-0.043730918625716576,-1.224683217112328,0.00460783161014522,0.41,1386,482
Juxtacardiac field,Mesothelium,5.607188601579587,0.005488486111729252,0.008059889831871411,0.004004524420393066,0.65,1386,346
Juxtacardiac field,Midbrain,5.712163933472579,-0.34158659284310505,-16.69184612796448,0.0030228399158756204,0.0,1386,21466
Juxtacardiac field,Midbrain GABAergic neuron,5.234253138054789,-0.13423258017989573,-2.1560440784310066,0.003620302315021712,0.12,1386,118
Juxtacardiac field,Midbrain neuron,5.686847507883397,-0.333117150081024,-14.52264444884147,0.0052439081887276475,0.0,1386,4345
Juxtacardiac field,Midgut,5.477885489350478,0.0006849863364563428,-0.29014973978136305,0.026556049469206054,0.2,1386,1667
Juxtacardiac field,Myotome,5.832754663816786,-0.16388102702866192,-6.703289112672798,0.001295940788516136,0.0,1386,2201
Juxtacardiac field,Nascent somite,5.811717069981292,-0.254696701505208,-11.805888500485901,0.0007769512634703223,0.0,1386,6475
Juxtacardiac field,Notochord,5.585021936112855,0.03020299762241052,0.9858169609227811,0.0035894549758888304,0.15,1386,956
Juxtacardiac field,Oculomotor neuron,5.093416341244416,-0.143176491377185,-2.47707760934381,0.02634079098644354,0.55,1386,122
Juxtacardiac field,Olfactory placode,5.61656400229344,-0.1567370845179973,-7.2944406448872625,0.009961747708791597,0.0,1386,5872
Juxtacardiac field,Olfactory sensory neuron,5.443840312274357,-0.11999004924322272,-3.5115612236381755,0.016526789893091195,0.43,1386,389
Juxtacardiac field,Otic placode,5.623710866422271,-0.018648208474870625,-0.6454494406525895,0.0013165409504717585,0.65,1386,2365
Juxtacardiac field,Otic sensory neuron,5.570148124348243,0.02606997761266842,0.8921418401183536,0.0030385481859440634,0.23,1386,974
Juxtacardiac field,Outflow tract,6.530397385507349,0.958784794455506,34.61903125988116,0.017273827766322487,0.0,1386,890
Juxtacardiac field,Pancreatic-biliary progenitor,5.448268368591543,0.027625239478882513,0.6353078375038047,0.007372727280454399,0.54,1386,373
Juxtacardiac field,Paraventricular hypothalamic neuron,5.28629140686802,-0.04941562139323382,-0.7833874622940663,0.003248450098868998,0.82,1386,192
Juxtacardiac field,Periocular mesoderm,5.856084637426338,0.3993048341243905,14.972126234575216,0.013349851645959344,0.0,1386,1739
Juxtacardiac field,Pharyngeal arch mesenchyme (p1-p2),5.787368709477206,-0.20927111449868127,-9.858697913738299,0.0072705741262380245,0.0,1386,29887
Juxtacardiac field,Pharyngeal arch mesenchyme (p3-p4),5.725001277072564,-0.18874418088253067,-7.991810465398058,0.0058934572945489,0.0,1386,9198
Juxtacardiac field,Pharyngeal endoderm,5.613365096620633,-0.005745606755403661,-0.599301473449721,0.01455334686030699,0.75,1386,5045
Juxtacardiac field,Pharyngeal mesoderm,6.610611097059933,0.782806926909298,46.03893522519871,0.00663811569575659,0.0,1386,7691
Juxtacardiac field,Presomitic mesoderm,5.785527515554631,-0.30016383933599816,-12.840230346626155,0.0028189831133857025,0.0,1386,8521
Juxtacardiac field,Primordial germ cell,4.622887236973316,-0.1844831823778632,-1.8915184047545859,0.015845548960399816,0.46,799,25
Juxtacardiac field,Respiratory progenitor,5.461962828998868,0.02409383101184215,0.4748328606509123,0.010012233779114704,0.83,1386,1209
Juxtacardiac field,Right ventricle,6.2958444404844265,0.8691263933930854,29.690720595472282,0.12623697658113914,0.0,1386,730
Juxtacardiac field,Roof plate (anterior),5.702928843679644,-0.2644121237349409,-11.16866389907162,0.004144627736750947,0.0,1386,3787
Juxtacardiac field,Roof plate (posterior),5.753067725765469,-0.22181186586756585,-8.561886197048882,0.0005542552964694476,0.0,1386,2248
Juxtacardiac field,Sacral neural crest,5.642815799004122,-0.19838115805162695,-7.488520489180189,0.0020912199752034268,0.0,1386,2156
Juxtacardiac field,Sclerotome,6.006748959677776,-0.2711081825590244,-12.969216855898045,0.001927928362371151,0.0,1386,74334
Juxtacardiac field,Second heart field (anterior),7.197928814283848,1.6315049305181155,59.49678477436953,0.07991676115972114,0.0,1386,1040
Juxtacardiac field,Somatic mesoderm (anterior),6.57213827460592,0.5352560193604191,27.56037853530187,0.0035490429142636445,0.0,1386,14544
Juxtacardiac field,Somatic mesoderm (posterior),6.001795058532834,-0.14887535350931547,-7.168281906428311,0.006073263019514183,0.0,1386,48596
Juxtacardiac field,Somatic mesoderm (tailbud),5.715491255533538,-0.13929586443425782,-5.870850140533304,0.006177234016535797,0.04,1386,3011
Juxtacardiac field,Somatic motor neuron,5.6829298135474176,-0.37062230910913235,-15.520822026647798,0.004090601445197696,0.0,1386,6559
Juxtacardiac field,Spinal cord (cervical),5.8341532136696586,-0.4283143002254753,-19.030096227682673,0.0028957416354717584,0.0,1386,41051
Juxtacardiac field,Spinal cord (lumbar),5.797383169639798,-0.32328046265860166,-14.295204813478598,0.0007517684927848343,0.0,1386,12722
Juxtacardiac field,Spinal cord (sacral),5.780328206720637,-0.27211317878050156,-11.110555845225734,0.0033729282531707308,0.0,1386,5351
Juxtacardiac field,Spinal cord (thoracic),5.825667962614841,-0.36868445764844865,-17.015341506191845,0.007509096853988829,0.0,1386,35061
Juxtacardiac field,Spinal cord interneuron progenitor,5.691806773840056,-0.33794974086577145,-13.227772123106107,0.0038175471196637747,0.0,1386,2196
Juxtacardiac field,Splanchnic mesoderm (cardiopulmonary),6.237739743937975,0.37734171483708945,18.650529274391292,0.00582766026512478,0.0,1386,5768
Juxtacardiac field,Splanchnic mesoderm (gastric),5.81302468056274,-0.01614666773312597,-0.6672543173515214,7.254547205562001e-05,0.71,1386,3373
Juxtacardiac field,Splanchnic mesoderm (intestinal),5.893198251567823,-0.17687484637441978,-7.458373743954501,0.0015231887148646473,0.0,1386,9676
Juxtacardiac field,Splanchnic mesoderm (septum transversum),6.1924228045638365,0.40950796480071744,21.089138280929703,0.004186203674455694,0.0,1386,2825
Juxtacardiac field,Subthalamic nucleus neuron,5.464187951419565,-0.19828038939524065,-6.643643256949285,0.002179843461418458,0.0,1386,802
Juxtacardiac field,Surface ectoderm (posterior),5.359187967534816,0.05577816197112521,0.8876282062030394,0.0016832255684927399,0.8,1386,133
Juxtacardiac field,Telencephalon (dorsal),5.729865916274773,-0.34309998179367945,-19.135044335338463,0.0018696704523115252,0.0,1386,31059
Juxtacardiac field,Telencephalon (ventral),5.617172685757024,-0.2473957637418165,-10.391608599525265,0.0006557754598387437,0.0,1386,3241
Juxtacardiac field,Thyroid progenitor,5.423027600306832,0.011433703775091194,0.2671883427740116,0.0030721192384689624,0.85,1386,850
Juxtacardiac field,Trigeminal branchiomotor neuron,5.479049086609127,-0.14871445512594525,-5.507335391988455,0.013526868657257973,0.57,1386,872
Juxtacardiac field,Trigeminal ganglion neuron,5.617345793124627,-0.11151273108822608,-4.043692848051648,0.0031387190498198803,0.02,1386,1765
Juxtacardiac field,Trigeminal placode,5.762580576563141,-0.10989199094902169,-4.626190525965579,0.007036918334404422,0.19,1386,6546
Juxtacardiac field,Trigeminal sensory neuron,5.680366398721417,-0.09044120061413767,-4.045438655133405,0.00043099666424704117,0.01,1386,3198
Juxtacardiac field,Trochlear neuron,5.246973439112311,-0.1252224793953225,-2.2101044102950813,0.010686736666362861,0.35,1386,153
Juxtacardiac field,Trunk neural crest,5.7189351171011,-0.2310444986375074,-10.514227686185462,0.00022609373518269816,0.0,1386,6809
Juxtacardiac field,V0 interneuron,5.691100723398701,-0.3810430429199041,-14.40279424457819,0.0012985827875950414,0.0,1386,2114
Juxtacardiac field,V1 interneuron,5.645077763836697,-0.3415610857952833,-12.793545551443108,0.00625524400383795,0.0,1386,1795
Juxtacardiac field,V2 interneuron,5.590318606412354,-0.22554609062615563,-7.552689829216754,0.0004890992054317694,0.0,1386,842
Juxtacardiac field,V3 interneuron,5.235822776070202,-0.1972030659144807,-3.916556734691032,0.003610558482455141,0.02,1386,230
Juxtacardiac field,Vagal neural crest,5.75905356565088,-0.2052244513625808,-8.933102887860395,0.0027291056117860497,0.0,1386,4937
Juxtacardiac field,Visceral motor neuron,5.476644154595378,-0.2697247802432745,-9.52529965038451,0.003907631856473183,0.0,1386,2062
Juxtacardiac field,Yolk sac endothelial cell,5.4471997466062305,0.16666108847535868,3.3824207300455993,0.05840393381071226,0.26,1386,112
Left ventricle,Left ventricle,9.50000000000403,5.329070518200751e-15,3.5523140363549104e-05,1.5461673742331831e-28,1.0,1174,1174
Left ventricle,Lens placode,5.527975098655177,-0.16503301042810156,-6.1045798763882075,0.006685138875679637,0.0,1174,2811
Left ventricle,Macrophage,5.503461794862347,0.205649833172204,5.853078814851859,0.018915735614433264,0.0,1174,966
Left ventricle,Megakaryocyte,5.451336988543198,0.04411441470200502,1.2144631274515612,0.004534220783115183,0.55,1174,482
Left ventricle,Mesothelium,5.46363855779023,-0.1324249929999919,-3.539185794847985,0.0019411013730626593,0.04,1174,346
Left ventricle,Midbrain,5.702112932975129,-0.34971374488237483,-15.923131121211163,0.0007309016304652517,0.0,1174,21466
Left ventricle,Midbrain GABAergic neuron,5.1929991479874476,-0.16540195872820304,-2.9272693005076573,0.003200170402334304,0.09,1174,118
Left ventricle,Midbrain neuron,5.633846954966188,-0.3811943326171896,-15.873859800088669,0.0017161854540765696,0.0,1174,4345
Left ventricle,Midgut,5.684439057122291,0.2105486975702847,8.78276950073984,0.04521529109791601,0.14,1174,1667
Left ventricle,Myotome,5.759582403437116,-0.23585244923700444,-10.36511339920669,0.0004970238053375558,0.0,1174,2201
Left ventricle,Nascent somite,5.754475776385131,-0.3111011814863251,-12.23313338921036,0.0007222267836274446,0.0,1174,6475
Left ventricle,Notochord,5.630421564674463,0.0810720619833208,3.351208270441967,0.0021246056468942637,0.26,1174,956
Left ventricle,Oculomotor neuron,5.100897435246335,-0.13592501622171346,-1.9998008743483429,0.033681213132508554,0.21,1174,122
Left ventricle,Olfactory placode,5.566481839464288,-0.20628093930609173,-9.096402237263758,0.021591500047645935,0.11,1174,5872
Left ventricle,Olfactory sensory neuron,5.401563493652483,-0.15972140667153964,-4.0461096613532925,0.027268105301619022,0.94,1174,389
Left ventricle,Otic placode,5.5442499350012175,-0.09688200081748644,-3.450899871187176,0.00426536064359374,0.36,1174,2365
Left ventricle,Otic sensory neuron,5.4420135742586355,-0.09783125974516634,-3.2537065443751683,0.000707240955405857,0.03,1174,974
Left ventricle,Outflow tract,5.7975484861719515,0.23021757589566416,8.578313787652162,0.06849139619353961,0.02,1174,890
Left ventricle,Pancreatic-biliary progenitor,5.633633987569543,0.21547333655053377,5.8581504881277064,0.013038814574917776,0.0,1174,373
Left ventricle,Paraventricular hypothalamic neuron,5.31593870679312,-0.025044829621497715,-0.5527962429036767,0.009484628935854996,0.98,1174,192
Left ventricle,Periocular mesoderm,5.948370257443912,0.4947469292562123,20.674433030244874,0.006624447758794309,0.0,1174,1739
Left ventricle,Pharyngeal arch mesenchyme (p1-p2),5.654177727657898,-0.33595616881779183,-14.715967560104696,0.009008127483432783,0.0,1174,29887
Left ventricle,Pharyngeal arch mesenchyme (p3-p4),5.631825652124898,-0.27858362241891993,-10.921764265872099,0.0056445705913551305,0.0,1174,9198
Left ventricle,Pharyngeal endoderm,5.831871791528164,0.21400268443301199,10.158999090889617,0.0014736486958067815,0.0,1174,5045
Left ventricle,Pharyngeal mesoderm,6.141125642799582,0.31764281433212105,17.049583490032557,0.014628170066253167,0.0,1174,7691
Left ventricle,Presomitic mesoderm,5.736083788687634,-0.34653388481533803,-14.910818467146674,0.00018357366524322083,0.0,1174,8521
Left ventricle,Primordial germ cell,4.5780433893766705,-0.23744344853553212,-2.3012875276054503,0.003735002873074976,0.1,829,25
Left ventricle,Respiratory progenitor,5.701301467884182,0.2667374283847126,8.76290910876521,0.004793962164541078,0.0,1174,1209
Left ventricle,Right ventricle,5.821341999885376,0.39942150879918464,14.92725001104671,0.1271096122633782,1.0,1174,730
Left ventricle,Roof plate (anterior),5.638656373928324,-0.32752627236841353,-12.915140775512398,0.007868896099505526,0.0,1174,3787
Left ventricle,Roof plate (posterior),5.675861595178847,-0.2952745066261251,-9.805261237335094,0.00012817270697951022,0.0,1174,2248
Left ventricle,Sacral neural crest,5.636044430138,-0.20235810516750816,-7.330097782956315,0.0013727646239865227,0.0,1174,2156
Left ventricle,Sclerotome,5.879934330310512,-0.3965122885843515,-18.23768514598206,0.0009110244006510922,0.0,1174,74334
Left ventricle,Second heart field (anterior),5.772577288834076,0.2068180272856157,6.782288037147947,0.034010707401364366,0.89,1174,1040
Left ventricle,Somatic mesoderm (anterior),5.958028146600007,-0.07818500747006969,-3.6879303616808996,0.0006182879921710608,0.01,1174,14544
Left ventricle,Somatic mesoderm (posterior),5.83389072938327,-0.31721371892875244,-14.087995260283227,0.0010372119843231058,0.0,1174,48596
Left ventricle,Somatic mesoderm (tailbud),5.661435315149682,-0.19048170910196008,-7.485877390327509,0.0018846711922921484,0.0,1174,3011
Left ventricle,Somatic motor neuron,5.690956408418299,-0.36232179632291867,-13.357671863158531,0.0020768390229532517,0.0,1174,6559
Left ventricle,Spinal cord (cervical),5.784997255716784,-0.4703825191031914,-17.670521364047932,0.0010677783086843425,0.0,1174,41051
Left ventricle,Spinal cord (lumbar),5.754491388159622,-0.36038719083463633,-15.96419389467951,0.0028372110956332913,0.0,1174,12722
Left ventricle,Spinal cord (sacral),5.717537214914549,-0.335831171803072,-13.456178079492192,0.0015721826085959387,0.0,1174,5351
Left ventricle,Spinal cord (thoracic),5.768935055746237,-0.41894161019390336,-16.8429567269341,0.0026084499650723533,0.0,1174,35061
Left ventricle,Spinal cord interneuron progenitor,5.69521948233369,-0.33493578106664607,-11.731414413769626,0.0014796433341734267,0.0,1174,2196
Left ventricle,Splanchnic mesoderm (cardiopulmonary),5.743121847612637,-0.11585464921193249,-5.0332966526672,0.0020036820430239578,0.0,1174,5768
Left ventricle,Splanchnic mesoderm (gastric),5.627610564110039,-0.20233623067265238,-8.408827705510491,0.002560274431173639,0.0,1174,3373
Left ventricle,Splanchnic mesoderm (intestinal),5.757598311740376,-0.31109024332238516,-12.54353223038396,0.00021059076091493677,0.0,1174,9676
Left ventricle,Splanchnic mesoderm (septum transversum),5.9910972642137255,0.20932336742233174,9.454093767567372,0.00019125541682957323,0.0,1174,2825
Left ventricle,Subthalamic nucleus neuron,5.515994898165244,-0.1460330827386572,-4.96237309308389,0.0046436467682571,0.01,1174,802
Left ventricle,Surface ectoderm (posterior),5.255048152384073,-0.05040588084722675,-0.87487309003322,0.04435685462489784,0.48,1174,133
Left ventricle,Telencephalon (dorsal),5.706771318636862,-0.3636447379161796,-16.387544947577343,0.006979690475397909,0.0,1174,31059
Left ventricle,Telencephalon (ventral),5.555330235274957,-0.30542010698187533,-12.528564377987308,0.005036453928907107,0.0,1174,3241
Left ventricle,Thyroid progenitor,5.651631715866659,0.23982065627377835,8.314178242252774,0.007461080828547862,0.0,1174,850
Left ventricle,Trigeminal branchiomotor neuron,5.540879639033505,-0.08904761992258514,-2.422081498427492,0.012501847303629876,0.66,1174,872
Left ventricle,Trigeminal ganglion neuron,5.534783219094346,-0.19122149518601508,-6.899009564406086,0.01790147883364503,0.0,1174,1765
Left ventricle,Trigeminal placode,5.660613200669833,-0.21190371328240598,-8.62045014858335,0.013704502820104485,0.0,1174,6546
Left ventricle,Trigeminal sensory neuron,5.539313496696134,-0.22918670122049858,-9.046129853521254,0.00019580026144043304,0.0,1174,3198
Left ventricle,Trochlear neuron,5.214409688478384,-0.15473884302412907,-2.833645790994828,0.00842252367351613,0.29,1174,153
Left ventricle,Trunk neural crest,5.673426521507991,-0.2779685432993538,-10.610687270557934,0.0008330310882973389,0.0,1174,6809
Left ventricle,V0 interneuron,5.7059289604398105,-0.36202636660075765,-13.213220668722572,0.0003612025018052943,0.0,1174,2114
Left ventricle,V1 interneuron,5.696586456209274,-0.2879055689068795,-10.64564936068843,3.2678843948968965e-05,0.0,1174,1795
Left ventricle,V2 interneuron,5.652610908090673,-0.16024817255786003,-4.770742428663027,0.006394311880605366,0.03,1174,842
Left ventricle,V3 interneuron,5.317553753256202,-0.11332688379607496,-2.4421810716127244,0.023418098805278478,0.35,1174,230
Left ventricle,Vagal neural crest,5.672216731319719,-0.28930931176033575,-11.04743955342517,0.003574789647394642,0.0,1174,4937
Left ventricle,Visceral motor neuron,5.532500257627042,-0.21308708762016337,-6.682878224322892,0.011125471176858144,0.0,1174,2062
Left ventricle,Yolk sac endothelial cell,5.297060868292877,0.011232206819750642,0.7679039796518278,0.027355982031479265,0.1,1174,112
Lens placode,Lens placode,9.500000000002997,2.960594732333751e-15,1.1843430288093628e-05,2.818862967989749e-28,1.0,2811,2811
Lens placode,Macrophage,5.295706417126066,-0.06617721368266831,-2.263009945238674,0.009493335061897866,0.2,2811,966
Lens placode,Megakaryocyte,5.27486946668348,-0.20593579996300657,-5.59891625442775,0.0003036387242057305,0.0,2811,482
Lens placode,Mesothelium,5.645289510146967,-0.01995409606023646,-0.5803313003773626,0.011193561133498458,0.33,2811,346
Lens placode,Midbrain,5.885186142376766,-0.23192852397435892,-15.011158150097543,0.0036839034384220344,0.0,2811,21466
Lens placode,Midbrain GABAergic neuron,5.148613353145097,-0.2868275476375439,-4.148385965118677,0.002698623770237078,0.01,2811,118
Lens placode,Midbrain neuron,5.921053694941364,-0.15995584003907184,-8.714995641928843,0.003235798520899531,0.0,2811,4345
Lens placode,Midgut,5.2643850106837595,-0.2761301263974296,-12.657031430354957,0.023607302897132455,0.0,2811,1667
Lens placode,Myotome,5.711803396337917,-0.3496555464978443,-17.0323520691439,0.008061316309834315,0.0,2811,2201
Lens placode,Nascent somite,5.962084081539277,-0.17372057386087705,-10.432610624446388,0.0006842379613229178,0.0,2811,6475
Lens placode,Notochord,5.3214380788319255,-0.29446700091519923,-11.038694058239146,0.0020157414484213106,0.0,2811,956
Lens placode,Oculomotor neuron,5.062870734498205,-0.23872291859463393,-3.0117133281228248,0.013293606664587213,0.13,2811,122
Lens placode,Olfactory placode,7.542938676076726,1.7033013610941696,93.83869365217156,0.004609988055192836,0.0,2811,5872
Lens placode,Olfactory sensory neuron,6.823532584865983,1.1906134588698352,30.417339939007373,0.01790931874532863,0.0,2811,389
Lens placode,Otic placode,6.454727313597371,0.7454147264659333,35.796645858241504,0.0028849106637030527,0.0,2811,2365
Lens placode,Otic sensory neuron,6.353913866441691,0.7456112401863999,25.82710117681185,0.011502426046470754,0.0,2811,974
Lens placode,Outflow tract,5.45586761136899,-0.1808058170620539,-6.279916604531915,0.0120554419707711,0.0,2811,890
Lens placode,Pancreatic-biliary progenitor,5.222692431269444,-0.2605419221200493,-5.663105210949811,0.018678388236717993,0.0,2811,373
Lens placode,Paraventricular hypothalamic neuron,5.11352974978985,-0.2862276015330612,-4.679438138234569,0.00946081849364606,0.0,2811,192
Lens placode,Periocular mesoderm,5.339903914148028,-0.18062187634775828,-8.369464733630428,0.0005160110135222347,0.0,2811,1739
Lens placode,Pharyngeal arch mesenchyme (p1-p2),6.612886677569532,0.5537805315796035,38.558987993536086,0.0009812313790412695,0.0,2811,29887
Lens placode,Pharyngeal arch mesenchyme (p3-p4),6.2752915977559285,0.29524759076740076,16.284451493791845,0.010922897924676666,0.0,2811,9198
Lens placode,Pharyngeal endoderm,5.503648063235399,-0.18211390808974462,-11.149051910815302,0.02977193339653115,0.69,2811,5045
Lens placode,Pharyngeal mesoderm,5.724327955160398,-0.16608305316798985,-11.669337028350283,0.011372582504067459,0.0,2811,7691
Lens placode,Presomitic mesoderm,5.976032647277573,-0.1741772013100412,-10.35584353677981,0.0025204899670694717,0.0,2811,8521
Lens placode,Primordial germ cell,4.719584666936504,-0.15482927870188012,-1.2830780390757464,0.010093011376350802,0.66,1974,25
Lens placode,Respiratory progenitor,5.265235852762129,-0.23610101502816092,-8.365720452303341,0.014991074770125488,0.0,2811,1209
Lens placode,Right ventricle,5.313271343256286,-0.1790529795252501,-5.402410034861114,0.004923850787524492,0.0,2811,730
Lens placode,Roof plate (anterior),6.239745603029168,0.20686862157047722,10.38927839577205,0.0006442336161560152,0.0,2811,3787
Lens placode,Roof plate (posterior),6.101746668090932,0.062224758685894166,3.0599076217165355,0.014741559312615633,0.0,2811,2248
Lens placode,Sacral neural crest,6.015092700431043,0.11033495982756758,5.031388529125106,0.015523409977151102,0.37,2811,2156
Lens placode,Sclerotome,5.967519490151832,-0.37859256889778187,-26.10690714419404,0.003985295471249927,0.0,2811,74334
Lens placode,Second heart field (anterior),5.554095963717647,-0.08041536896929606,-2.8329714882196924,0.001563430930206651,0.01,2811,1040
Lens placode,Somatic mesoderm (anterior),6.061614922713775,-0.04104092154081732,-3.5113542502891035,0.007380410431009357,0.01,2811,14544
Lens placode,Somatic mesoderm (posterior),6.368894817100593,0.15378512294108257,10.306028096710362,0.005390088760104528,0.0,2811,48596
Lens placode,Somatic mesoderm (tailbud),6.138362230880827,0.2187722729657997,10.813706356272041,0.005843224835384731,0.0,2811,3011
Lens placode,Somatic motor neuron,5.644015201062971,-0.4745038824836702,-27.54190731936549,0.0003068355371918764,0.0,2811,6559
Lens placode,Spinal cord (cervical),6.038622075635885,-0.28648412949274843,-18.543541682463104,0.00569131711470388,0.0,2811,41051
Lens placode,Spinal cord (lumbar),5.965718904565286,-0.2152644849584228,-12.70155883198513,0.005192419154516819,0.0,2811,12722
Lens placode,Spinal cord (sacral),5.89572015555477,-0.22198579795378226,-11.146225923925783,0.00701447006338,0.0,2811,5351
Lens placode,Spinal cord (thoracic),6.026209692274551,-0.23086767958057397,-13.765520813085852,0.0063227952931641076,0.0,2811,35061
Lens placode,Spinal cord interneuron progenitor,5.705401397433753,-0.390252772581776,-16.013010389953887,0.005949200989576942,0.0,2811,2196
Lens placode,Splanchnic mesoderm (cardiopulmonary),5.861107881153118,-0.06430201987471011,-4.609087750096148,0.0235819814855067,0.0,2811,5768
Lens placode,Splanchnic mesoderm (gastric),5.850485613997027,-0.04796133576110151,-2.708341682365198,0.0027327162883764005,0.69,2811,3373
Lens placode,Splanchnic mesoderm (intestinal),6.251036944697828,0.11333124149875691,6.524558053622823,0.002887015364456901,0.0,2811,9676
Lens placode,Splanchnic mesoderm (septum transversum),5.957566331356447,0.11239359731477627,4.826696645167821,0.02443209604468632,0.01,2811,2825
Lens placode,Subthalamic nucleus neuron,5.35195772258061,-0.3758023939240645,-12.120006107229663,0.001583322663786252,0.0,2811,802
Lens placode,Surface ectoderm (posterior),5.76104609661067,0.39055824020238844,5.0656888545209195,0.003727153121012077,0.0,2811,133
Lens placode,Telencephalon (dorsal),6.158798205721951,0.018964361421820602,1.4529154552509658,0.005220806089398195,0.0,2811,31059
Lens placode,Telencephalon (ventral),5.909012284590698,-0.019541313455133807,-0.861485492000853,0.015228464494744503,0.03,2811,3241
Lens placode,Thyroid progenitor,5.1850621412130335,-0.29466530781649425,-10.581329310453059,0.010425358277896856,0.0,2811,850
Lens placode,Trigeminal branchiomotor neuron,5.397002907413182,-0.2942039057846208,-9.608471530720104,0.004444230362794331,0.0,2811,872
Lens placode,Trigeminal ganglion neuron,6.201221846644976,0.4070552291483871,17.571863468964693,0.0012381958789815888,0.0,2811,1765
Lens placode,Trigeminal placode,7.320659352168604,1.383135434632579,77.05786355092668,0.012218822964451483,0.0,2811,6546
Lens placode,Trigeminal sensory neuron,7.5188592742085705,1.683941630588107,83.97010673908245,0.0013452023310181918,0.0,2811,3198
Lens placode,Trochlear neuron,5.14386779157856,-0.3063332089535494,-4.693218814172067,0.021091443568315632,0.0,2811,153
Lens placode,Trunk neural crest,6.093890217942497,0.07636293866972436,4.338217354174705,0.013729343218403085,0.04,2811,6809
Lens placode,V0 interneuron,5.797925508857285,-0.3390274875769667,-14.142338065837274,0.006614407297361666,0.0,2811,2114
Lens placode,V1 interneuron,5.734518400836262,-0.3193216965965817,-14.32135597060793,0.001511377972406138,0.0,2811,1795
Lens placode,V2 interneuron,5.527177617620009,-0.34935909670681803,-11.206102731838342,0.0005697212954963259,0.0,2811,842
Lens placode,V3 interneuron,5.230181870384908,-0.27244689185954424,-5.172712084310004,0.011954724918870377,0.0,2811,230
Lens placode,Vagal neural crest,6.08613284625239,0.05829512819232807,3.1751747185812893,0.019326289980731777,0.26,2811,4937
Lens placode,Visceral motor neuron,5.375946935610563,-0.437946321538693,-18.094182314408418,0.003475273226131202,0.0,2811,2062
Lens placode,Yolk sac endothelial cell,5.361789327139829,0.01879996052131272,-0.003992388651262539,0.013886620621951807,0.61,2811,112
Macrophage,Macrophage,9.500000000007445,6.5133084111342514e-15,7.104102303296667e-05,2.6926452231543873e-28,1.0,966,966
Macrophage,Megakaryocyte,6.39572178667274,1.3149610944251524,29.992293588974544,0.0009425396473994144,0.0,966,482
Macrophage,Mesothelium,5.184289336731903,-0.08483966724202752,-1.3797135106946359,0.011879715473062505,0.95,966,346
Macrophage,Midbrain,5.321422136368447,-0.39783189916813794,-16.51264717791302,0.015593452372310872,0.0,966,21466
Macrophage,Midbrain GABAergic neuron,5.107138679894528,0.07429812702502936,0.6365432436441755,0.022687224738124366,0.5,966,118
Macrophage,Midbrain neuron,5.274643178261026,-0.40656163052032807,-14.325540697924971,0.004862208721943712,0.0,966,4345
Macrophage,Midgut,5.359767431120971,0.21715570189654118,6.351062724050635,0.034550070393197546,0.42,966,1667
Macrophage,Myotome,5.334255930119354,-0.32843769943513185,-11.306436461486191,0.0001442497068808958,0.0,966,2201
Macrophage,Nascent somite,5.3452616878523544,-0.39036701834065973,-13.801144073031324,0.011359609947819172,0.0,966,6475
Macrophage,Notochord,5.235225776821966,0.015875772851685472,0.3080520114967212,0.006870145309829058,0.26,966,956
Macrophage,Oculomotor neuron,4.600776400648351,-0.3017432052201879,-3.6452799778492224,0.005399629828288149,0.0,966,122
Macrophage,Olfactory placode,5.304994739986127,-0.1363282470570848,-4.435286048905991,0.0008007236807535861,0.0,966,5872
Macrophage,Olfactory sensory neuron,5.069483389283597,-0.16038028628673975,-3.1595241979461988,0.004924305937857889,0.0,966,389
Macrophage,Otic placode,5.164220939749478,-0.14351700340079324,-4.555312682535692,0.00849250506341626,0.02,966,2365
Macrophage,Otic sensory neuron,5.175594204320046,-0.032298636320546116,-1.3581035350848978,0.02154328264051359,0.21,966,974
Macrophage,Outflow tract,5.146663578552879,-0.08886897515988856,-3.3876062414264525,0.012605487938001612,0.99,966,890
Macrophage,Pancreatic-biliary progenitor,5.199917977255473,0.11642836593981058,2.0158165892314064,0.0291864877542148,0.02,966,373
Macrophage,Paraventricular hypothalamic neuron,4.917815232657734,-0.07764846311020968,-1.0815991657966673,0.0004063045040755897,0.34,966,192
Macrophage,Periocular mesoderm,5.290589800911107,0.1678071685623165,4.654165001853989,0.05867764556193881,0.04,966,1739
Macrophage,Pharyngeal arch mesenchyme (p1-p2),5.297774655118887,-0.3628413825049443,-13.554782229402283,0.002737784854200385,0.0,966,29887
Macrophage,Pharyngeal arch mesenchyme (p3-p4),5.262541547576266,-0.3163705094235203,-10.706294131437412,0.004634112719975851,0.0,966,9198
Macrophage,Pharyngeal endoderm,5.402257325295462,0.11555657118616007,3.8425452740594217,0.03497913531812852,0.02,966,5045
Macrophage,Pharyngeal mesoderm,5.453369576394215,-0.03862827637670977,-1.9665804067388464,0.0005835819476626859,0.64,966,7691
Macrophage,Presomitic mesoderm,5.381753951360733,-0.37141153356136475,-14.3546089565737,0.00722658359472979,0.0,966,8521
Macrophage,Primordial germ cell,4.2602277750346795,-0.1607011718576452,-0.6339087886159896,0.29976145406581867,0.09,567,25
Macrophage,Respiratory progenitor,5.269268822401339,0.17112695522293078,4.942773327994039,0.031153313891012197,0.26,966,1209
Macrophage,Right ventricle,5.104844778252585,0.011529373488894379,-0.12907982752872757,0.014654342663085037,0.39,966,730
Macrophage,Roof plate (anterior),5.281309150917694,-0.35221072449525287,-12.622110280679628,2.4516282628082115e-05,0.0,966,3787
Macrophage,Roof plate (posterior),5.2763239924474155,-0.3659625848103841,-11.814821485783533,0.0027139050468214477,0.0,966,2248
Macrophage,Sacral neural crest,5.2547434355602896,-0.25171835315682706,-7.948195192346547,0.0056657478214522956,0.0,966,2156
Macrophage,Sclerotome,5.432027017808472,-0.5146271460523698,-20.053555842765277,0.0008712372479087384,0.0,966,74334
Macrophage,Second heart field (anterior),5.2345706949063855,0.0010173753267090173,-0.7619369456129537,0.013083543456308933,0.13,966,1040
Macrophage,Somatic mesoderm (anterior),5.477262010705612,-0.22656514429911448,-8.724646330650717,0.0018045368958662681,0.0,966,14544
Macrophage,Somatic mesoderm (posterior),5.439655975791151,-0.3745108407535887,-15.545074635732917,0.00843201047079402,0.0,966,48596
Macrophage,Somatic mesoderm (tailbud),5.299679842144841,-0.22042362073320376,-6.9977894023457665,0.0009268409968268283,0.0,966,3011
Macrophage,Somatic motor neuron,5.305610110076912,-0.4163567015238326,-13.614931907616539,0.00290607647680935,0.0,966,6559
Macrophage,Spinal cord (cervical),5.395899892389852,-0.5300876292593705,-20.521741554434726,0.00612542830440788,0.0,966,41051
Macrophage,Spinal cord (lumbar),5.346873940718186,-0.43590224157483853,-16.531151905878655,0.008155289217625407,0.0,966,12722
Macrophage,Spinal cord (sacral),5.333061659929078,-0.3848050716637168,-13.308882823165819,0.018583362253158812,0.0,966,5351
Macrophage,Spinal cord (thoracic),5.378030138311282,-0.481185722893696,-18.837224051334786,0.00689013342999674,0.0,966,35061
Macrophage,Spinal cord interneuron progenitor,5.312017218450879,-0.3842142039581873,-11.213675841794634,0.009164225716601082,0.0,966,2196
Macrophage,Splanchnic mesoderm (cardiopulmonary),5.352430181116136,-0.17624901597499587,-7.273738825829518,0.0006507065645258673,0.0,966,5768
Macrophage,Splanchnic mesoderm (gastric),5.289359939590259,-0.2069392013865962,-7.05037109708601,0.0006093238994177042,0.0,966,3373
Macrophage,Splanchnic mesoderm (intestinal),5.335088801397169,-0.40120951323482795,-14.475167876050191,0.007704118887546061,0.0,966,9676
Macrophage,Splanchnic mesoderm (septum transversum),5.36972106550364,-0.07721649447329988,-3.1316825946470033,0.02264635263648377,0.01,966,2825
Macrophage,Subthalamic nucleus neuron,5.1672072051721285,-0.1635899273829565,-3.8536604644311794,0.0021278664268632084,0.0,966,802
Macrophage,Surface ectoderm (posterior),5.262520086274221,0.3012889821587669,2.962770446275302,0.05387188699803625,0.08,966,133
Macrophage,Telencephalon (dorsal),5.307053030603689,-0.4318869503905865,-17.67222516580677,0.003616089705055744,0.0,966,31059
Macrophage,Telencephalon (ventral),5.24200487205833,-0.2862825423772272,-9.995821704447776,0.008872385447914516,0.0,966,3241
Macrophage,Thyroid progenitor,5.2238873170014335,0.14674143741912923,3.784268320860783,0.014562497006491256,0.65,966,850
Macrophage,Trigeminal branchiomotor neuron,5.218312279838318,-0.07823749471192798,-2.667653049423569,0.040780019656356976,0.67,966,872
Macrophage,Trigeminal ganglion neuron,5.172784359590528,-0.22190875072897912,-6.550532150581429,0.012807004925496216,0.0,966,1765
Macrophage,Trigeminal placode,5.33964437083943,-0.20231113544316207,-7.066162656931809,6.434961473273506e-05,0.0,966,6546
Macrophage,Trigeminal sensory neuron,5.336560140219685,-0.10210553135031326,-4.376025367329062,0.024030128428820227,0.09,966,3198
Macrophage,Trochlear neuron,4.973704727869106,-0.06390333888279749,-1.1020991825033624,0.012626225589969352,0.83,966,153
Macrophage,Trunk neural crest,5.30640327308332,-0.31260764301741695,-11.620440087123479,0.007622231870135856,0.0,966,6809
Macrophage,V0 interneuron,5.315636487893521,-0.42444243377217433,-12.674702690868457,0.001552396231955115,0.0,966,2114
Macrophage,V1 interneuron,5.3397200276105705,-0.31816187985037825,-9.499543440118009,0.004534414929986704,0.0,966,1795
Macrophage,V2 interneuron,5.24952073601393,-0.23047185057060413,-6.552005092764616,0.0032049578607322433,0.02,966,842
Macrophage,V3 interneuron,5.001335102298598,-0.10151417324176067,-2.0635154446069124,0.007942207800584978,1.0,966,230
Macrophage,Vagal neural crest,5.310036446540505,-0.3186129966121178,-11.712639463137009,0.004765239746392954,0.0,966,4937
Macrophage,Visceral motor neuron,5.206909792261961,-0.21027194515758119,-6.1088711000133005,0.007485468606826781,0.0,966,2062
Macrophage,Yolk sac endothelial cell,5.0191504841008205,0.06422727532259416,0.6302458067359346,0.031061961424880876,0.57,966,112
Megakaryocyte,Megakaryocyte,9.499999999999778,2.960594732333751e-15,2.368202359669363e-05,2.818862967989749e-28,1.0,482,482
Megakaryocyte,Mesothelium,5.217114933690372,-0.17071087428351905,-3.472901682802167,0.007378620713101514,0.13,482,346
Megakaryocyte,Midbrain,5.420912730021115,-0.41469618836589817,-12.034638328804613,0.0022889720033071785,0.0,482,21466
Megakaryocyte,Midbrain GABAergic neuron,5.067922673395205,-0.07627834075543098,-0.9366370046191376,3.2729066282168256e-05,0.52,482,118
Megakaryocyte,Midbrain neuron,5.343001240374243,-0.4550528957318874,-13.070611313762157,0.0020150648454697385,0.0,482,4345
Megakaryocyte,Midgut,5.378320030678019,0.1196957900311233,4.008710054273656,0.01534885494287873,0.87,482,1667
Megakaryocyte,Myotome,5.4091785922046,-0.3686964701792424,-9.182349142257221,0.0003155808188766436,0.0,482,2201
Megakaryocyte,Nascent somite,5.423717523712696,-0.4270156197864304,-11.81294641523855,0.0007564223478683169,0.0,482,6475
Megakaryocyte,Notochord,5.272520936744119,-0.0622164316985104,-1.5807470753587516,0.0024990592241135087,0.74,482,956
Megakaryocyte,Oculomotor neuron,4.856331836869159,-0.16298986856182562,-1.9893642959678968,0.012018584205381613,0.58,482,122
Megakaryocyte,Olfactory placode,5.319629268836067,-0.23603428097045853,-6.307901816922931,0.0002838528966458741,0.0,482,5872
Megakaryocyte,Olfactory sensory neuron,5.17379547986051,-0.17206694237896927,-3.387355034056816,0.0019525296920887033,0.01,482,389
Megakaryocyte,Otic placode,5.313249025634639,-0.11163102021043307,-3.0015032989167874,0.005625927399636929,0.51,482,2365
Megakaryocyte,Otic sensory neuron,5.202218691375895,-0.12047804844185972,-2.748266549464764,0.027175574756895016,0.16,482,974
Megakaryocyte,Outflow tract,5.210904968758434,-0.14343481119503387,-3.588335875688689,0.0030969236695372413,0.03,482,890
Megakaryocyte,Pancreatic-biliary progenitor,5.269668874294825,0.06437526318356628,1.437230242990326,0.028093992624849195,0.12,482,373
Megakaryocyte,Paraventricular hypothalamic neuron,4.966445443710799,-0.15181810341971058,-2.0220150153487175,0.037114002149871796,0.88,482,192
Megakaryocyte,Periocular mesoderm,5.233855841277951,-0.004177355591984326,0.2309499322339823,0.012816873102327967,0.51,482,1739
Megakaryocyte,Pharyngeal arch mesenchyme (p1-p2),5.4009439133023305,-0.379798493718547,-10.90378456835255,0.001610779751636763,0.0,482,29887
Megakaryocyte,Pharyngeal arch mesenchyme (p3-p4),5.382804985357111,-0.3161085929025207,-7.676355452414889,0.00011888172416191311,0.0,482,9198
Megakaryocyte,Pharyngeal endoderm,5.485207189904876,0.08484478657161472,3.4396250319587196,0.01430220202307278,0.18,482,5045
Megakaryocyte,Pharyngeal mesoderm,5.495544053499839,-0.11554480874095112,-3.3245242728732918,0.002672499068520261,0.02,482,7691
Megakaryocyte,Presomitic mesoderm,5.450385731106754,-0.41986865436385035,-11.46108240660387,0.0011027063780762623,0.0,482,8521
Megakaryocyte,Primordial germ cell,4.673425115209767,0.08909534098385752,0.7259544852708839,0.0033530111451614544,0.67,377,25
Megakaryocyte,Respiratory progenitor,5.368130493282256,0.1517025626193146,3.5611614660081976,0.02965379960231933,0.38,482,1209
Megakaryocyte,Right ventricle,5.152735433088343,-0.057650562444395405,-1.4433390302761753,0.00588834725191772,0.87,482,730
Megakaryocyte,Roof plate (anterior),5.437984854587114,-0.31167643143708545,-8.322426628659825,0.0011558455519137738,0.0,482,3787
Megakaryocyte,Roof plate (posterior),5.409030507100959,-0.3517065579111736,-8.112105680614953,0.0005960269128667109,0.0,482,2248
Megakaryocyte,Sacral neural crest,5.357372304029721,-0.2665239193381206,-5.924413026610089,0.0010137185173314121,0.0,482,2156
Megakaryocyte,Sclerotome,5.539932364846824,-0.5209548241768962,-14.814433106084218,0.0008485983085403889,0.0,482,74334
Megakaryocyte,Second heart field (anterior),5.285566826318913,-0.06601319434806256,-1.73828644914236,0.000593487285763955,0.3,482,1040
Megakaryocyte,Somatic mesoderm (anterior),5.532657914075806,-0.2876176197873808,-7.661933199547707,0.005246392691407689,0.0,482,14544
Megakaryocyte,Somatic mesoderm (posterior),5.547475281964833,-0.38294868231473345,-11.867554562748444,0.001074289114738599,0.0,482,48596
Megakaryocyte,Somatic mesoderm (tailbud),5.35122307417294,-0.2838716872569614,-7.124882332712727,0.002700226646769457,0.0,482,3011
Megakaryocyte,Somatic motor neuron,5.377570836774929,-0.4597666933421453,-11.277309999964084,0.0035688137998074734,0.0,482,6559
Megakaryocyte,Spinal cord (cervical),5.503274137014376,-0.5386613586513963,-13.909256901921347,0.005591441282173125,0.0,482,41051
Megakaryocyte,Spinal cord (lumbar),5.448909012072005,-0.4511259452318421,-13.844808608311718,0.0014665240488937524,0.0,482,12722
Megakaryocyte,Spinal cord (sacral),5.428820669174928,-0.40777720074110996,-10.238092356319504,0.0008912374914724435,0.0,482,5351
Megakaryocyte,Spinal cord (thoracic),5.4582478932014356,-0.5201210093477814,-12.816968523481057,0.002064658695556188,0.0,482,35061
Megakaryocyte,Spinal cord interneuron progenitor,5.392878565306593,-0.4233972727408946,-10.512993582567649,0.010548861116586693,0.0,482,2196
Megakaryocyte,Splanchnic mesoderm (cardiopulmonary),5.41332652126395,-0.2316428703939438,-6.574642810922242,0.0008356166373207541,0.0,482,5768
Megakaryocyte,Splanchnic mesoderm (gastric),5.352849881643304,-0.2618983360384144,-6.841412310624091,0.0031417569198108016,0.0,482,3373
Megakaryocyte,Splanchnic mesoderm (intestinal),5.466983100404048,-0.3822240342666694,-10.486050073625426,0.0039338763830433525,0.0,482,9676
Megakaryocyte,Splanchnic mesoderm (septum transversum),5.468683410881067,-0.09436757567759102,-2.412931914753276,0.020077723357514565,0.94,482,2825
Megakaryocyte,Subthalamic nucleus neuron,5.245128582040759,-0.198501007256113,-4.884458298834909,0.0007473187369447978,0.0,482,802
Megakaryocyte,Surface ectoderm (posterior),5.199317892529224,0.11859508440961027,1.4179642154793362,0.03391717344738798,0.27,482,133
Megakaryocyte,Telencephalon (dorsal),5.416640522299789,-0.44105391614492956,-12.718416282234976,0.010684583136686042,0.0,482,31059
Megakaryocyte,Telencephalon (ventral),5.3483600487457155,-0.2972761280728801,-7.7937775212861595,0.013873753602722725,0.0,482,3241
Megakaryocyte,Thyroid progenitor,5.3140244944759765,0.11863155401752934,3.0011243699355887,0.03417538291046445,0.03,482,850
Megakaryocyte,Trigeminal branchiomotor neuron,5.286474971291038,-0.12783358708975623,-2.8556380111054107,0.004159431033628561,0.12,482,872
Megakaryocyte,Trigeminal ganglion neuron,5.297488705507831,-0.21233320773833805,-5.164882590358179,0.020302424221726546,0.0,482,1765
Megakaryocyte,Trigeminal placode,5.4364978989602415,-0.2159043205598321,-5.40104182381251,0.0007975024195533667,0.0,482,6546
Megakaryocyte,Trigeminal sensory neuron,5.359409213124654,-0.19540962668109665,-5.212327240524001,0.001521375643498555,0.0,482,3198
Megakaryocyte,Trochlear neuron,5.035107029499673,-0.11915363861054089,-1.7635395945364045,0.04385236347943542,0.41,482,153
Megakaryocyte,Trunk neural crest,5.3932965638673265,-0.3399489189841569,-8.592947871558849,0.003763853938513542,0.0,482,6809
Megakaryocyte,V0 interneuron,5.4285012223508256,-0.42485436056269865,-10.355174369561562,0.0017211186755039733,0.0,482,2114
Megakaryocyte,V1 interneuron,5.424666262955832,-0.3474895901946284,-8.577578709805664,0.003703528637978097,0.0,482,1795
Megakaryocyte,V2 interneuron,5.3298968836711,-0.267392904322828,-5.563020007896281,0.0038431385893366176,0.0,482,842
Megakaryocyte,V3 interneuron,5.047478230673792,-0.17170323197069917,-2.8428950585440713,0.015870667836801522,0.22,482,230
Megakaryocyte,Vagal neural crest,5.396762868605374,-0.34854514177329676,-9.326500239284373,0.002785675730778689,0.0,482,4937
Megakaryocyte,Visceral motor neuron,5.235550989912049,-0.2899232446078643,-6.299185116861196,0.0005947155887078852,0.0,482,2062
Megakaryocyte,Yolk sac endothelial cell,5.011845488030745,-0.060794725018116225,-0.7908323950042725,0.0005571035869790244,0.66,482,112
Mesothelium,Mesothelium,9.500000000001688,-8.289665250534503e-15,-8.28773034702e-05,4.491248087058294e-28,1.0,346,346
Mesothelium,Midbrain,5.774912797646661,-0.25218523779512214,-6.594159039079575,0.008381200545251974,0.0,346,21466
Mesothelium,Midbrain GABAergic neuron,5.13474896822228,-0.1988641038878972,-2.441474296938253,0.0030708762163869537,0.05,346,118
Mesothelium,Midbrain neuron,5.752180757030005,-0.23714146617379464,-5.809534334920195,0.008104727125690952,0.0,346,4345
Mesothelium,Midgut,5.2605853520926,-0.1876671706960241,-4.787097832744682,0.0072324854557315,0.01,346,1667
Mesothelium,Myotome,6.11779659471236,0.146280670734965,3.5357486210666917,0.0016442332522186123,0.02,346,2201
Mesothelium,Nascent somite,5.951977011419705,-0.09099916412271873,-1.978696326504034,0.01188287746655918,0.85,346,6475
Mesothelium,Notochord,5.374504266188235,-0.1554498803123779,-4.039297234535367,0.019872425474730216,0.23,346,956
Mesothelium,Oculomotor neuron,5.1304711910637835,-0.080727764507681,-0.8546879270221264,0.020248239093437655,0.38,346,122
Mesothelium,Olfactory placode,5.703183821049355,-0.03932454860497625,-1.1305878632753679,0.023218256381549975,0.11,346,5872
Mesothelium,Olfactory sensory neuron,5.576988307071651,0.043043663244927956,0.35537938778382,0.035129522262387705,0.86,346,389
Mesothelium,Otic placode,5.595959938742138,-0.015803436613990012,-0.35982450169316876,0.0003023422948269328,0.97,346,2365
Mesothelium,Otic sensory neuron,5.524844289785371,0.007016971431379322,0.08248702997036017,0.002630408130286403,0.95,346,974
Mesothelium,Outflow tract,5.541410288813226,-0.0017427347578437373,-0.016596395155182558,0.003939438140221459,0.68,346,890
Mesothelium,Pancreatic-biliary progenitor,5.150659734491254,-0.23691597522928584,-4.12099697232905,0.01685366449208948,0.11,346,373
Mesothelium,Paraventricular hypothalamic neuron,5.145952247760734,-0.16313137480997586,-2.334811554445496,0.028999509488950956,0.87,346,192
Mesothelium,Periocular mesoderm,5.241715098669565,-0.1848776649772145,-4.427155831769338,0.001182589537927582,0.0,346,1739
Mesothelium,Pharyngeal arch mesenchyme (p1-p2),5.908707202113553,-0.05751505724624343,-1.6820044914358971,0.017020063570497842,0.22,346,29887
Mesothelium,Pharyngeal arch mesenchyme (p3-p4),5.841488924033509,-0.04314946267732248,-0.8998373131013309,0.0012622879067303062,0.91,346,9198
Mesothelium,Pharyngeal endoderm,5.369172900193082,-0.22553678306583494,-6.206025373982247,0.004143129256698418,0.0,346,5045
Mesothelium,Pharyngeal mesoderm,5.840547991815407,0.040756967331073625,0.8125924330085562,0.01835444440726405,0.65,346,7691
Mesothelium,Presomitic mesoderm,5.953000468025522,-0.10902481161749093,-2.678243445489285,0.012019653837175386,0.87,346,8521
Mesothelium,Primordial germ cell,4.8216364524958335,0.025391986732024474,-0.09793517711080418,0.029135101685666336,0.45,249,25
Mesothelium,Respiratory progenitor,5.238331569019157,-0.17078839656049194,-3.804685267964651,0.006988691640687775,0.07,346,1209
Mesothelium,Right ventricle,5.396328590170509,0.001987740196021548,-0.3283550037700529,0.011213903527486422,0.52,346,730
Mesothelium,Roof plate (anterior),5.8255154440574985,-0.11288079862439826,-2.767834630587011,0.006435950071486811,0.44,346,3787
Mesothelium,Roof plate (posterior),5.888116215368437,-0.05838784769861238,-1.1456245008029475,0.00023563375751144483,0.36,346,2248
Mesothelium,Sacral neural crest,5.788766358145462,-0.02524630521517442,-0.6300311314767435,0.0007733927581071427,0.88,346,2156
Mesothelium,Sclerotome,6.58455340509217,0.33044453058215,7.964649656542229,0.00079436625058357,0.0,346,74334
Mesothelium,Second heart field (anterior),5.58049504869975,0.044794190177951755,1.1586044316130317,0.022461931729739655,0.52,346,1040
Mesothelium,Somatic mesoderm (anterior),7.10445395481991,1.0925541621005506,27.150883605711538,0.0005288989974042197,0.0,346,14544
Mesothelium,Somatic mesoderm (posterior),6.400119616759511,0.274883113739724,6.6263819191480335,0.0006859684552309326,0.0,346,48596
Mesothelium,Somatic mesoderm (tailbud),5.819982063144148,-0.009992255395604074,-0.2617428413790336,0.0028476111429447983,0.97,346,3011
Mesothelium,Somatic motor neuron,5.78646015308414,-0.24155532243846878,-5.007855306291428,0.0035016664451547694,0.0,346,6559
Mesothelium,Spinal cord (cervical),6.010113061493758,-0.2235558158368498,-4.81215648142486,0.0017100671492902453,0.0,346,41051
Mesothelium,Spinal cord (lumbar),5.929714213741427,-0.16053049754172655,-3.7674639645838988,0.004906136990618221,0.1,346,12722
Mesothelium,Spinal cord (sacral),5.904730802051874,-0.12054228391147159,-2.797443116199347,0.011947659892845802,0.91,346,5351
Mesothelium,Spinal cord (thoracic),6.008238585431388,-0.1576845941036087,-3.4979756984328128,0.0016980896430473904,0.02,346,35061
Mesothelium,Spinal cord interneuron progenitor,5.753515732390608,-0.2507590373647555,-4.907191260107226,0.004959431806603307,0.0,346,2196
Mesothelium,Splanchnic mesoderm (cardiopulmonary),6.630404071247327,0.7961531458046709,21.688004298285453,0.003698035794767922,0.0,346,5768
Mesothelium,Splanchnic mesoderm (gastric),6.874619218755708,1.063413764726067,24.75928249224857,0.004913280683335696,0.0,346,3373
Mesothelium,Splanchnic mesoderm (intestinal),6.309132242704037,0.2692288586937514,5.5688715875436365,0.0041933067952311595,0.0,346,9676
Mesothelium,Splanchnic mesoderm (septum transversum),5.86701476024281,0.1130897566070151,2.8188313534953444,0.012731684823736033,0.7,346,2825
Mesothelium,Subthalamic nucleus neuron,5.38631530697636,-0.2525796197205524,-6.027778207950438,0.016228341012820925,0.09,346,802
Mesothelium,Surface ectoderm (posterior),5.2615175667981475,-0.025628541124170272,-0.3257528453133891,0.018581091781050177,0.63,346,133
Mesothelium,Telencephalon (dorsal),5.8433418714548395,-0.2077155018672515,-5.238606502202999,0.005379317298731506,0.02,346,31059
Mesothelium,Telencephalon (ventral),5.653987563007035,-0.18243375515356744,-4.20453198907778,0.0020970444389256057,0.01,346,3241
Mesothelium,Thyroid progenitor,5.137412022602468,-0.24024865799848705,-5.5735981979340705,0.004250944299232946,0.0,346,850
Mesothelium,Trigeminal branchiomotor neuron,5.436820332719743,-0.16560182049645888,-3.3165617763270983,0.0011220679524016508,0.04,346,872
Mesothelium,Trigeminal ganglion neuron,5.644388257722315,-0.06225880563090443,-1.4910636095340086,0.012314818946393228,0.71,346,1765
Mesothelium,Trigeminal placode,5.784562835451669,-0.05473744560060704,-1.2019154366448088,0.01026480253377845,0.34,346,6546
Mesothelium,Trigeminal sensory neuron,5.682046269002174,-0.06230408279577245,-1.453024861522456,0.017703496498782317,0.98,346,3198
Mesothelium,Trochlear neuron,5.121136629138295,-0.22244020273842194,-2.7286402716064475,0.0014946100440724039,0.02,346,153
Mesothelium,Trunk neural crest,5.877236709978168,-0.048664040481934435,-1.1251702836022082,0.0008553123786555958,0.83,346,6809
Mesothelium,V0 interneuron,5.856388621986793,-0.19143506963197865,-3.91378438813947,0.0006191507464671234,0.0,346,2114
Mesothelium,V1 interneuron,5.785203099986109,-0.16895378666797298,-4.065311514675656,0.0022251980132878507,0.0,346,1795
Mesothelium,V2 interneuron,5.555796608373441,-0.23480483693054874,-4.390994500502245,0.00028733663370125164,0.0,346,842
Mesothelium,V3 interneuron,5.297597122405846,-0.10816668031623926,-2.0280266667040636,0.02968891164617695,0.44,346,230
Mesothelium,Vagal neural crest,5.856413113460978,-0.07584081502206885,-1.9030309812723065,0.0005531633931771791,0.3,346,4937
Mesothelium,Visceral motor neuron,5.539706036230945,-0.17921685839480408,-3.67923128094886,0.033387420635873445,0.99,346,2062
Mesothelium,Yolk sac endothelial cell,5.435883285808804,0.16634451807285,2.051305778753388,0.09044578380030609,0.29,346,112
Midbrain,Midbrain,9.500000000002935,5.329070518200751e-15,7.10384999556e-05,5.395808591711721e-28,1.0,21466,21466
Midbrain,Midbrain GABAergic neuron,6.995314016461383,1.2101649707744613,17.01101448233268,0.01011374478405922,0.0,21466,118
Midbrain,Midbrain neuron,8.088511044585516,1.6505322234310953,136.09035397861786,0.015874704732941718,0.0,21466,4345
Midbrain,Midgut,5.472316461682671,-0.42462143997103957,-22.59666367982471,0.011390984181472563,0.0,21466,1667
Midbrain,Myotome,6.183788694547553,-0.23533598880549356,-13.538211403960746,0.0004271484622473741,0.0,21466,2201
Midbrain,Nascent somite,6.3516516375148795,-0.14047301316238356,-12.929553692973288,0.005605340644878527,0.0,21466,6475
Midbrain,Notochord,5.72794756926162,-0.24584495849100385,-9.709374370125474,0.014404065181816118,0.0,21466,956
Midbrain,Oculomotor neuron,6.304892116805718,0.6385892727519416,8.279956569840605,0.009667930140895575,0.0,21466,122
Midbrain,Olfactory placode,6.041800115332623,-0.1544613784354031,-13.974561599204234,0.003964136692663023,0.0,21466,5872
Midbrain,Olfactory sensory neuron,5.802557114266226,-0.1853011708382303,-4.705982088776188,0.009986756352440281,0.0,21466,389
Midbrain,Otic placode,5.811116675404489,-0.2522411939797055,-15.17453042599098,0.02056099191967626,0.0,21466,2365
Midbrain,Otic sensory neuron,5.709589319636767,-0.2555205014547566,-9.996340895284243,0.012797598688645842,0.0,21466,974
Midbrain,Outflow tract,5.608946855644341,-0.3841679326615998,-15.487471316431396,0.00014835951557405416,0.0,21466,890
Midbrain,Pancreatic-biliary progenitor,5.439150171781414,-0.40150457977863646,-9.845230377119945,0.012799422537410132,0.0,21466,373
Midbrain,Paraventricular hypothalamic neuron,6.511145033447626,0.7550832209275912,12.774002282390969,0.01255886322393181,0.0,21466,192
Midbrain,Periocular mesoderm,5.562222573125669,-0.3147978452182943,-16.566904697489747,0.012976373092263484,0.0,21466,1739
Midbrain,Pharyngeal arch mesenchyme (p1-p2),6.5204482582267245,0.10292696729233371,16.529089017851188,0.00943222933579674,0.01,21466,29887
Midbrain,Pharyngeal arch mesenchyme (p3-p4),6.277194117195762,-0.05850731854193795,-5.395182024563617,0.002075582038245868,0.02,21466,9198
Midbrain,Pharyngeal endoderm,5.661163706624117,-0.38117037945818105,-32.19037757065866,0.0050475142452907455,0.0,21466,5045
Midbrain,Pharyngeal mesoderm,5.8557934296646055,-0.39305831915384815,-42.25572388096051,0.007759339964121523,0.0,21466,7691
Midbrain,Presomitic mesoderm,6.346000115577472,-0.1621019573075634,-17.465406631432632,0.001428030712407209,0.0,21466,8521
Midbrain,Primordial germ cell,4.6190201818652685,-0.619084333766807,-4.971252973070145,0.007882817669008642,0.0,17258,25
Midbrain,Respiratory progenitor,5.46478016640743,-0.39160693594733686,-19.49508875193918,0.006535038997578738,0.0,21466,1209
Midbrain,Right ventricle,5.487635129292485,-0.35967656382180085,-12.93255635785136,0.00010395344747954307,0.0,21466,730
Midbrain,Roof plate (anterior),6.661751179320284,0.27491544095003145,19.440119606819227,0.005184933117294898,0.0,21466,3787
Midbrain,Roof plate (posterior),6.315350777934831,-0.08397482836145276,-5.31259046420045,0.008101275288873281,0.75,21466,2248
Midbrain,Sacral neural crest,6.072281048793528,-0.1914965301233694,-10.515059539549183,0.0005516913609868779,0.0,21466,2156
Midbrain,Sclerotome,6.35212330223785,-0.34918689462924873,-64.17230025102745,0.0008452011511603048,0.0,21466,74334
Midbrain,Second heart field (anterior),5.6514671891472785,-0.3373228865299005,-14.283415563322821,0.004868379969936565,0.0,21466,1040
Midbrain,Somatic mesoderm (anterior),6.055396143142886,-0.40535755693086717,-48.5232768659366,0.0006249103240462452,0.0,21466,14544
Midbrain,Somatic mesoderm (posterior),6.195254926372439,-0.37809863625307827,-56.83672197711462,0.003003871252299355,0.0,21466,48596
Midbrain,Somatic mesoderm (tailbud),5.978081358260734,-0.29760893487187595,-21.245892345486613,0.002493762570100062,0.0,21466,3011
Midbrain,Somatic motor neuron,6.65078021259388,0.17240557878741805,16.114791073858935,0.0012755803953887078,0.0,21466,6559
Midbrain,Spinal cord (cervical),6.800121533707329,0.11800202385370095,19.798182860484594,0.007062488614386292,0.0,21466,41051
Midbrain,Spinal cord (lumbar),6.445755020701372,-0.09405025272776957,-9.764556564941067,0.0009290238485427501,0.0,21466,12722
Midbrain,Spinal cord (sacral),6.348921884721924,-0.12633260074705918,-10.516697406147133,0.00037282301224589185,0.0,21466,5351
Midbrain,Spinal cord (thoracic),6.598339192924294,-0.016981085031017546,-2.056088296578693,0.0012911619562374415,0.02,21466,35061
Midbrain,Spinal cord interneuron progenitor,6.856838553101118,0.40441913485237774,25.384955003288002,0.0003796370878762003,0.0,21466,2196
Midbrain,Splanchnic mesoderm (cardiopulmonary),5.9188543991223765,-0.36363412628148567,-33.50953139131721,0.004648828427155402,0.0,21466,5768
Midbrain,Splanchnic mesoderm (gastric),5.890890614364101,-0.3637156348531594,-26.004167240781726,0.010924733473426528,0.0,21466,3373
Midbrain,Splanchnic mesoderm (intestinal),6.126206671848728,-0.3653797191577697,-40.887597398695796,0.00804721307147803,0.0,21466,9676
Midbrain,Splanchnic mesoderm (septum transversum),5.845244984163204,-0.3595818982248217,-24.09218209373473,0.00012650114317946844,0.0,21466,2825
Midbrain,Subthalamic nucleus neuron,7.206171515851344,1.1195512971643302,41.28793815637628,0.0006706665765060651,0.0,21466,802
Midbrain,Surface ectoderm (posterior),5.458157581908625,-0.26914062108605563,-3.971452866713937,0.0019631074389560386,0.0,21466,133
Midbrain,Telencephalon (dorsal),7.163347677485178,0.6671256374423807,99.92496824739267,0.0050342994824094985,0.0,21466,31059
Midbrain,Telencephalon (ventral),6.74491340212582,0.4585906630195395,31.562662957657654,0.014509289917061963,0.0,21466,3241
Midbrain,Thyroid progenitor,5.421848713100425,-0.41217583874972846,-15.61602836507599,0.010821730948943464,0.0,21466,850
Midbrain,Trigeminal branchiomotor neuron,6.508512252094686,0.4574455030122084,16.69543256138672,0.0027477756255878567,0.0,21466,872
Midbrain,Trigeminal ganglion neuron,6.197946742975472,0.04656321942316577,2.2553237324387445,0.013318188136928512,0.0,21466,1765
Midbrain,Trigeminal placode,6.086739111652754,-0.20914515314918258,-18.42836996519125,0.005430736346060335,0.0,21466,6546
Midbrain,Trigeminal sensory neuron,6.019334871644792,-0.17265247810448012,-12.215825225083307,0.0035406004474179704,0.0,21466,3198
Midbrain,Trochlear neuron,6.769613438224092,0.9747315499276011,15.38217973515954,0.008992158502045338,0.0,21466,153
Midbrain,Trunk neural crest,6.179120256467416,-0.1949060334635068,-18.043848499178857,0.002048428846325461,0.0,21466,6809
Midbrain,V0 interneuron,6.902561552581623,0.4097308523954449,24.103394978105765,0.0009692213797627965,0.0,21466,2114
Midbrain,V1 interneuron,6.65981208546373,0.24875380671985456,12.92486168240933,0.0016499908601161613,0.0,21466,1795
Midbrain,V2 interneuron,6.604759803150479,0.3668074676897997,13.443640982276902,0.008097359853135951,0.0,21466,842
Midbrain,V3 interneuron,5.976001103488554,0.11977019704933885,2.3881889275297072,0.002713386356264811,0.14,21466,230
Midbrain,Vagal neural crest,6.236247520893161,-0.1482766674711531,-12.454662018957174,0.002931972149738818,0.0,21466,4937
Midbrain,Visceral motor neuron,6.429549105919558,0.25921718562105384,13.623719923382836,0.00027081746324227534,0.0,21466,2062
Midbrain,Yolk sac endothelial cell,5.369539857750557,-0.3453495720972007,-4.126768221187614,0.013987351512785563,0.0,21466,112
Midbrain GABAergic neuron,Midbrain GABAergic neuron,9.499999999970473,-4.144832625267251e-15,-5.3281976583999995e-05,3.165961766286994e-28,1.0,118,118
Midbrain GABAergic neuron,Midbrain neuron,6.370984091749185,0.6255779528805666,8.226738275465776,0.012282662176086057,0.0,118,4345
Midbrain GABAergic neuron,Midgut,5.233162316390067,0.02438665396369899,0.4842998621251701,0.004919435997838541,0.44,118,1667
Midbrain GABAergic neuron,Myotome,5.644866849453031,-0.08006196474873484,-0.9566230428156914,0.008074865473874704,0.94,118,2201
Midbrain GABAergic neuron,Nascent somite,5.5378823850536705,-0.2649580457664656,-3.6382794402953866,0.01317643028339777,0.01,118,6475
Midbrain GABAergic neuron,Notochord,5.383315823695767,0.0920988973092755,1.2780318410888973,0.007792739589719907,0.89,118,956
Midbrain GABAergic neuron,Oculomotor neuron,5.585292994423455,0.6161127167257865,5.247537988528326,0.05074191643315078,0.0,118,122
Midbrain GABAergic neuron,Olfactory placode,5.231709310194997,-0.2836236521750172,-3.8590228710316716,0.00545242850630569,0.08,118,5872
Midbrain GABAergic neuron,Olfactory sensory neuron,5.159965226404011,-0.14605036078715875,-1.869044418682212,0.0013245196937236403,0.26,118,389
Midbrain GABAergic neuron,Otic placode,5.157154772275455,-0.21264702925247944,-3.0559863221295096,0.017477153715471608,0.23,118,2365
Midbrain GABAergic neuron,Otic sensory neuron,5.009441871267035,-0.2611156690835695,-3.3853699560345256,0.005449144157141652,0.03,118,974
Midbrain GABAergic neuron,Outflow tract,5.176444967367435,-0.1283340866491723,-1.6971391560104252,0.019114047439688774,0.7,118,890
Midbrain GABAergic neuron,Pancreatic-biliary progenitor,5.2337525067091235,0.08101148092068418,1.2101636733018446,0.008797727933758801,0.93,118,373
Midbrain GABAergic neuron,Paraventricular hypothalamic neuron,5.917953980519652,0.8401955095533452,7.466276013235092,0.0009525220707162985,0.0,118,192
Midbrain GABAergic neuron,Periocular mesoderm,5.1233434579356345,-0.07006294077488769,-1.2006713554419242,0.015604422402797788,0.73,118,1739
Midbrain GABAergic neuron,Pharyngeal arch mesenchyme (p1-p2),5.45791770334245,-0.281448818977168,-3.5262351356649284,0.0036663468097312473,0.0,118,29887
Midbrain GABAergic neuron,Pharyngeal arch mesenchyme (p3-p4),5.404672455326086,-0.24370605162056128,-3.0508038127692996,7.37195091369487e-05,0.01,118,9198
Midbrain GABAergic neuron,Pharyngeal endoderm,5.373511218705314,0.015237358624060171,0.17491034909900752,0.0033180136074692983,0.97,118,5045
Midbrain GABAergic neuron,Pharyngeal mesoderm,5.3327415403463965,-0.22839812666356352,-3.837567902183737,0.002006233454687241,0.0,118,7691
Midbrain GABAergic neuron,Presomitic mesoderm,5.623302010848678,-0.2010317986044209,-2.3913326943367257,0.03263032036968683,0.92,118,8521
Midbrain GABAergic neuron,Primordial germ cell,4.5986561432046305,0.1341358672282551,0.6340914905316088,0.09534224711706377,0.6,62,25
Midbrain GABAergic neuron,Respiratory progenitor,5.193618778183006,0.01935954504115382,0.1961397700385643,0.000524141604462124,0.96,118,1209
Midbrain GABAergic neuron,Right ventricle,5.110402878312907,-0.0449459177777897,-0.8662218788842414,0.043625874015360624,0.04,118,730
Midbrain GABAergic neuron,Roof plate (anterior),5.4279080828763755,-0.27463458829450654,-3.5354327846797786,0.0065321618387259835,0.02,118,3787
Midbrain GABAergic neuron,Roof plate (posterior),5.424879104891274,-0.2816036051734144,-3.5188561333675654,0.008461641201905687,0.0,118,2248
Midbrain GABAergic neuron,Sacral neural crest,5.244855191629006,-0.32872693429816024,-4.075510526011122,0.0016181451696844207,0.0,118,2156
Midbrain GABAergic neuron,Sclerotome,5.7912795766539675,-0.21849268559846782,-3.0362951565729177,0.01849702544368973,0.07,118,74334
Midbrain GABAergic neuron,Second heart field (anterior),5.215853646804607,-0.08567268808792534,-1.0660786807160145,0.008173217028382975,0.87,118,1040
Midbrain GABAergic neuron,Somatic mesoderm (anterior),5.474861227926392,-0.29536630116437923,-4.1263544043318445,0.018442929243498815,0.01,118,14544
Midbrain GABAergic neuron,Somatic mesoderm (posterior),5.487144767729606,-0.40340829897927605,-5.479452576402045,0.002136493340350065,0.0,118,48596
Midbrain GABAergic neuron,Somatic mesoderm (tailbud),5.284998121577272,-0.30675139397910584,-4.0793220898858635,0.0023531682667810964,0.03,118,3011
Midbrain GABAergic neuron,Somatic motor neuron,5.888738678489009,0.10940334347795548,1.6769763235384032,0.03438434514059989,0.87,118,6559
Midbrain GABAergic neuron,Spinal cord (cervical),6.029063789182998,0.034896183775562285,0.767972874103913,0.014679476078577277,0.69,118,41051
Midbrain GABAergic neuron,Spinal cord (lumbar),5.692508514689723,-0.15857670946490612,-1.8514163797926155,0.025170828868630285,0.92,118,12722
Midbrain GABAergic neuron,Spinal cord (sacral),5.610754988306714,-0.17286783936292505,-2.12886311740236,0.018332211143970354,0.71,118,5351
Midbrain GABAergic neuron,Spinal cord (thoracic),5.809008129279124,-0.11391253811939173,-1.541608194377628,0.027134131295373242,0.43,118,35061
Midbrain GABAergic neuron,Spinal cord interneuron progenitor,6.089051893900727,0.3258102063013366,4.67631754253365,0.06983866063707225,0.1,118,2196
Midbrain GABAergic neuron,Splanchnic mesoderm (cardiopulmonary),5.341132469398481,-0.26104529333415744,-3.686235845729049,0.006550297784565978,0.0,118,5768
Midbrain GABAergic neuron,Splanchnic mesoderm (gastric),5.32155464533714,-0.24976211403226323,-3.319919523134366,0.002042539737022845,0.02,118,3373
Midbrain GABAergic neuron,Splanchnic mesoderm (intestinal),5.405991106062115,-0.3958408259905634,-5.268375128652032,0.00371384059362488,0.0,118,9676
Midbrain GABAergic neuron,Splanchnic mesoderm (septum transversum),5.249737275543317,-0.26840273683726323,-4.1592521160239855,0.025408765567213706,0.13,118,2825
Midbrain GABAergic neuron,Subthalamic nucleus neuron,6.714125795616635,1.3144060242160818,17.836649377829044,0.028299440465973262,0.0,118,802
Midbrain GABAergic neuron,Surface ectoderm (posterior),5.071809042659754,0.04361662699474008,0.32266124017331266,0.006174129034381342,0.87,118,133
Midbrain GABAergic neuron,Telencephalon (dorsal),6.261468802039398,0.4547690660016445,6.481343386185384,0.042115867035764046,0.01,118,31059
Midbrain GABAergic neuron,Telencephalon (ventral),5.692899351381495,0.09864879265345235,1.331685922421621,0.017817312226825432,0.95,118,3241
Midbrain GABAergic neuron,Thyroid progenitor,5.17225040091079,0.028615373420717145,0.5986946856768748,0.0122773767003934,0.93,118,850
Midbrain GABAergic neuron,Trigeminal branchiomotor neuron,5.813248944836616,0.4504890701278474,5.049597644285332,0.0018527946449445744,0.0,118,872
Midbrain GABAergic neuron,Trigeminal ganglion neuron,5.237788909149747,-0.223494893395614,-3.1315747232155684,0.006431232929198011,0.08,118,1765
Midbrain GABAergic neuron,Trigeminal placode,5.221337274454808,-0.3925331946342281,-5.081360423855568,0.0015215161683661625,0.0,118,6546
Midbrain GABAergic neuron,Trigeminal sensory neuron,5.226548939991624,-0.26895287226354164,-3.568220499056865,0.004349459990065336,0.04,118,3198
Midbrain GABAergic neuron,Trochlear neuron,6.147159897727332,1.034441216492415,9.836729448827331,0.005877554088540676,0.0,118,153
Midbrain GABAergic neuron,Trunk neural crest,5.335221794509812,-0.3506820032608588,-4.4649523130420326,0.004412952213469003,0.0,118,6809
Midbrain GABAergic neuron,V0 interneuron,6.080527984644095,0.276523150405688,3.395233104417684,0.0009584406457457885,0.03,118,2114
Midbrain GABAergic neuron,V1 interneuron,5.865208889145225,0.14287741947389124,2.1568644188446,0.02909336402709171,0.96,118,1795
Midbrain GABAergic neuron,V2 interneuron,5.912109231101952,0.35748345988943075,4.09737566008331,0.054042391801019274,0.06,118,842
Midbrain GABAergic neuron,V3 interneuron,5.572099195673256,0.4026140748366842,4.211631907060572,0.01239945388820069,0.01,118,230
Midbrain GABAergic neuron,Vagal neural crest,5.363318121923545,-0.3404367918485101,-3.8272706053704044,0.003944067416070979,0.0,118,4937
Midbrain GABAergic neuron,Visceral motor neuron,5.832457504653061,0.3522065294676396,4.434037776875524,0.01669816791273221,0.01,118,2062
Midbrain GABAergic neuron,Yolk sac endothelial cell,5.032643821275143,0.0018415041110687962,-0.46781790851621236,0.11171900405226348,0.14,118,112
Midbrain neuron,Midbrain neuron,9.499999999995312,4.144832625267251e-15,2.9603318020515772e-05,3.986377107716846e-28,1.0,4345,4345
Midbrain neuron,Midgut,5.445616236378339,-0.4150291819715101,-19.359094407687486,0.008918520087587613,0.0,4345,1667
Midbrain neuron,Myotome,6.106685930246424,-0.27501545930927573,-13.13252685998601,0.00040277781342160427,0.0,4345,2201
Midbrain neuron,Nascent somite,6.309308323557196,-0.14679116901519032,-9.411337014707001,0.00026959227585362887,0.0,4345,6475
Midbrain neuron,Notochord,5.615115442038604,-0.3229776611947101,-12.494310853487411,0.010611448856828132,0.0,4345,956
Midbrain neuron,Oculomotor neuron,5.8192867201735625,0.20543586077538775,2.796423017673149,0.01731946711725645,0.28,4345,122
Midbrain neuron,Olfactory placode,6.109751691716871,-0.05163363428143164,-3.231393929565979,0.0008259144018492577,0.15,4345,5872
Midbrain neuron,Olfactory sensory neuron,5.844732264560115,-0.10784924008200598,-2.422498748465722,0.0035606491553040243,0.11,4345,389
Midbrain neuron,Otic placode,5.819432085322778,-0.20847337761229934,-10.35801806477823,0.024358681977612352,0.07,4345,2365
Midbrain neuron,Otic sensory neuron,5.68404089139158,-0.24106922138435424,-7.976138136588972,0.01808051465015597,0.0,4345,974
Midbrain neuron,Outflow tract,5.6106987885501525,-0.34469815100010565,-11.441283509729677,0.0005167080357833758,0.0,4345,890
Midbrain neuron,Pancreatic-biliary progenitor,5.3718560636518715,-0.43137190993174873,-11.319829755006332,0.014724783792517623,0.0,4345,373
Midbrain neuron,Paraventricular hypothalamic neuron,6.239618720955207,0.5162711844929829,8.809580668034291,0.014982455994785215,0.0,4345,192
Midbrain neuron,Periocular mesoderm,5.509134091478458,-0.3328747609720463,-15.165963368317698,0.01187863603722224,0.0,4345,1739
Midbrain neuron,Pharyngeal arch mesenchyme (p1-p2),6.641777199473357,0.2594367754269662,21.86749426406104,0.009542541928606398,0.0,4345,29887
Midbrain neuron,Pharyngeal arch mesenchyme (p3-p4),6.321221205155666,0.02262441986517653,1.4002599952248873,0.0015723308881209952,0.21,4345,9198
Midbrain neuron,Pharyngeal endoderm,5.609380387411169,-0.39733293153678506,-27.92053011678441,0.004499137815475723,0.0,4345,5045
Midbrain neuron,Pharyngeal mesoderm,5.843284068412438,-0.36788959752000494,-27.870231248193253,0.010159021823819935,0.0,4345,7691
Midbrain neuron,Presomitic mesoderm,6.288760408611419,-0.18278194899816658,-12.215013882063118,0.0005958330849913783,0.0,4345,8521
Midbrain neuron,Primordial germ cell,4.547043342761333,-0.6485401715250521,-4.790097650715522,0.029931205506111745,0.0,3144,25
Midbrain neuron,Respiratory progenitor,5.367682042871117,-0.4513116070583753,-17.692078214867195,0.014889447092467485,0.0,4345,1209
Midbrain neuron,Right ventricle,5.4699387088061435,-0.34138932691019025,-9.604293237704262,0.0009219389191362782,0.0,4345,730
Midbrain neuron,Roof plate (anterior),6.746872837625806,0.3955436146221043,22.4512410370324,0.004644569749599946,0.0,4345,3787
Midbrain neuron,Roof plate (posterior),6.316504305005377,-0.04389358171440231,-2.2520038781145204,0.0018811526280780584,0.75,4345,2248
Midbrain neuron,Sacral neural crest,6.0580469735424565,-0.16885972358445697,-7.594479367496814,0.0022459856554813387,0.0,4345,2156
Midbrain neuron,Sclerotome,6.295396835086087,-0.36883496974574265,-31.095326096004158,0.0011106956186068171,0.0,4345,74334
Midbrain neuron,Second heart field (anterior),5.649992482895372,-0.3021818394194578,-10.705082890599833,0.004707097130515212,0.0,4345,1040
Midbrain neuron,Somatic mesoderm (anterior),6.082014161468027,-0.34249658480517703,-26.848364123470592,0.005805072366055623,0.0,4345,14544
Midbrain neuron,Somatic mesoderm (posterior),6.208609035103049,-0.3272982069642847,-26.65546236558235,0.010812541041298928,0.0,4345,48596
Midbrain neuron,Somatic mesoderm (tailbud),5.9838166603304215,-0.2569026652712993,-13.582087351627502,0.00021894246492427648,0.0,4345,3011
Midbrain neuron,Somatic motor neuron,6.485344289255148,0.04238675201119572,2.9551791266831047,0.00035444263335545104,0.13,4345,6559
Midbrain neuron,Spinal cord (cervical),6.715750337444725,0.06867117725239662,5.947576790961322,0.002881587159645054,0.54,4345,41051
Midbrain neuron,Spinal cord (lumbar),6.381050146496862,-0.12243096689797313,-8.866557017283952,1.3818602466483222e-05,0.0,4345,12722
Midbrain neuron,Spinal cord (sacral),6.274829118580764,-0.1645423887881643,-9.85423916485797,0.00010200749381389344,0.0,4345,5351
Midbrain neuron,Spinal cord (thoracic),6.53837509063447,-0.03963690341072882,-3.1571150763532887,0.002425206846244056,0.52,4345,35061
Midbrain neuron,Spinal cord interneuron progenitor,6.6247354818598865,0.20972946240587712,9.233255811820976,0.00018832985064662515,0.0,4345,2196
Midbrain neuron,Splanchnic mesoderm (cardiopulmonary),5.933684692369288,-0.31228017894821597,-23.627259841346348,0.008234642117526034,0.0,4345,5768
Midbrain neuron,Splanchnic mesoderm (gastric),5.897620376659408,-0.3208838086670725,-18.653741015969008,0.017945816931562664,0.0,4345,3373
Midbrain neuron,Splanchnic mesoderm (intestinal),6.139138007570435,-0.3164383655137784,-21.23796339722929,0.016558981835922436,0.0,4345,9676
Midbrain neuron,Splanchnic mesoderm (septum transversum),5.841520037661102,-0.32750642941196517,-18.38562305007658,0.00052440111546774,0.0,4345,2825
Midbrain neuron,Subthalamic nucleus neuron,6.734837901047989,0.6831996579214575,23.059679238916534,0.004147407447200113,0.0,4345,802
Midbrain neuron,Surface ectoderm (posterior),5.429815331306578,-0.2575598220261999,-3.538305728909282,0.002780971731743607,0.01,4345,133
Midbrain neuron,Telencephalon (dorsal),7.252198596674018,0.7920818284051793,64.18764308596491,0.0038893897966203778,0.0,4345,31059
Midbrain neuron,Telencephalon (ventral),6.838627017871268,0.5882151673699628,32.99563550693795,0.0035975414943268725,0.0,4345,3241
Midbrain neuron,Thyroid progenitor,5.356813961736594,-0.43945304742323515,-14.67018003017729,0.012201919089164865,0.0,4345,850
Midbrain neuron,Trigeminal branchiomotor neuron,6.172503650645527,0.15894512111207426,5.529409583090664,0.002360859973795073,0.0,4345,872
Midbrain neuron,Trigeminal ganglion neuron,6.211946673337977,0.09654136189691857,4.1728077204025995,0.0063950130300629866,0.43,4345,1765
Midbrain neuron,Trigeminal placode,6.132684469820653,-0.12708585644589743,-8.357268956576558,0.0011026583715559024,0.0,4345,6546
Midbrain neuron,Trigeminal sensory neuron,6.030494877283719,-0.12628964521265237,-6.974885728960801,0.0034415744045477007,0.0,4345,3198
Midbrain neuron,Trochlear neuron,6.156842943809238,0.3921809402688569,5.739102018522314,0.026846785592119712,0.0,4345,153
Midbrain neuron,Trunk neural crest,6.190587779157269,-0.1478825436709211,-9.603336374603794,0.0020170717825756844,0.0,4345,6809
Midbrain neuron,V0 interneuron,6.7464966569468245,0.289981638986706,12.89350555019857,0.0027941231686219093,0.0,4345,2114
Midbrain neuron,V1 interneuron,6.533767462465761,0.15858198872932464,7.1122097478038375,0.0013302841692037423,0.0,4345,1795
Midbrain neuron,V2 interneuron,6.392983703358371,0.19283891591420912,6.41395896197517,0.006476115905458981,0.0,4345,842
Midbrain neuron,V3 interneuron,5.725260591448856,-0.09765466102891107,-1.7131546652909775,0.01475941888649973,0.66,4345,230
Midbrain neuron,Vagal neural crest,6.261002174182113,-0.08706571758846977,-5.319803002246486,0.00036753293348748567,0.0,4345,4937
Midbrain neuron,Visceral motor neuron,6.1744102213765375,0.0418135749414826,2.075530378502459,0.001956194074091304,0.82,4345,2062
Midbrain neuron,Yolk sac endothelial cell,5.317960698132933,-0.3503062972119804,-4.1587900839426135,0.017497752667505917,0.0,4345,112
Midgut,Midgut,9.500000000012399,-1.5395092608135503e-14,-0.00015392631770466667,1.3673589023830873e-29,1.0,1667,1667
Midgut,Myotome,5.511869134137306,-0.32919630806447103,-15.077161276734621,0.001425715005967962,0.0,1667,2201
Midgut,Nascent somite,5.552703154160294,-0.3613625025677652,-15.941356694830935,0.006642416820424321,0.0,1667,6475
Midgut,Notochord,5.473996052945867,0.07406183661006575,3.0530894591706708,0.003067455390254245,0.55,1667,956
Midgut,Oculomotor neuron,5.049007816440484,-0.03816994325817458,-0.5526318454610074,0.039899990681852376,0.85,1667,122
Midgut,Olfactory placode,5.3063967286367175,-0.3130467588472789,-14.36012186130241,0.003699889299405745,0.0,1667,5872
Midgut,Olfactory sensory neuron,5.181485637724054,-0.23400788616469934,-6.154367981855052,0.00028439399927808256,0.0,1667,389
Midgut,Otic placode,5.273665587563184,-0.21277465871349457,-8.276373992071841,0.01444946360079599,0.0,1667,2365
Midgut,Otic sensory neuron,5.221022341365416,-0.16522465550428547,-5.980345827957019,0.010580118340599876,0.0,1667,974
Midgut,Outflow tract,5.366750059146163,-0.048108667106852764,-1.9805018189460137,0.010875191145556086,0.04,1667,890
Midgut,Pancreatic-biliary progenitor,6.421922330495714,1.1577689139589646,32.191124438742854,0.022383594647077135,0.0,1667,373
Midgut,Paraventricular hypothalamic neuron,5.275494419422958,0.09283773332689933,2.0495958786553294,0.005076829087968397,0.79,1667,192
Midgut,Periocular mesoderm,5.421031897732238,0.11983808065240768,5.77787257635772,0.05500653349416241,0.0,1667,1739
Midgut,Pharyngeal arch mesenchyme (p1-p2),5.426464724119396,-0.41349086117928086,-21.08738785810461,0.006486713949002736,0.0,1667,29887
Midgut,Pharyngeal arch mesenchyme (p3-p4),5.398909111485136,-0.36115067629449954,-16.553015777623855,0.0023465032664055988,0.0,1667,9198
Midgut,Pharyngeal endoderm,6.050117509823203,0.5843396259213408,32.10470803384979,0.0031891331950421615,0.0,1667,5045
Midgut,Pharyngeal mesoderm,5.543376195437593,-0.1286872707988073,-7.539998562100088,0.00936273002883592,0.02,1667,7691
Midgut,Presomitic mesoderm,5.573239547355428,-0.3576253440763099,-17.543040118908298,0.0053293898576406915,0.0,1667,8521
Midgut,Primordial germ cell,4.749614599333587,0.09583229041107444,0.6069543378351064,0.04928517386062353,0.48,1138,25
Midgut,Respiratory progenitor,6.211507245430698,0.9295045584010184,35.4583446196491,0.011288583598371999,0.0,1667,1209
Midgut,Right ventricle,5.243587306452187,-0.029215459057292687,-0.9369859216056339,0.0033571031836607235,0.35,1667,730
Midgut,Roof plate (anterior),5.368815079288969,-0.44303212057954183,-20.778184120239008,0.005116273079935987,0.0,1667,3787
Midgut,Roof plate (posterior),5.44451858796532,-0.377087775949164,-15.53825722718886,0.003603156100696948,0.0,1667,2248
Midgut,Sacral neural crest,5.4000049644684545,-0.2862122706723375,-11.165232347374056,0.025653153824135768,0.0,1667,2156
Midgut,Sclerotome,5.680057781088897,-0.44322607137998765,-22.212540022445122,0.0019136043389824918,0.0,1667,74334
Midgut,Second heart field (anterior),5.412721028204534,0.002450765726259204,-0.3126781111286675,0.009204829569596406,0.63,1667,1040
Midgut,Somatic mesoderm (anterior),5.582793933550707,-0.30039804641942397,-14.933806507851145,0.0026271838656150947,0.0,1667,14544
Midgut,Somatic mesoderm (posterior),5.574631482000868,-0.4197277154259324,-21.265976918070923,0.012368240424363674,0.0,1667,48596
Midgut,Somatic mesoderm (tailbud),5.510850557087292,-0.18790326385916276,-8.326708543865907,0.023500882829394623,0.0,1667,3011
Midgut,Somatic motor neuron,5.5311947303806095,-0.3689052385481186,-16.360921005610663,0.021572410214269238,0.0,1667,6559
Midgut,Spinal cord (cervical),5.570088412420517,-0.5331664912800731,-25.218999024157,0.013186568717533358,0.0,1667,41051
Midgut,Spinal cord (lumbar),5.513037196078713,-0.4475621226219628,-21.905999602496646,0.010613164439638292,0.0,1667,12722
Midgut,Spinal cord (sacral),5.5025627421478625,-0.3958479949172391,-18.15715934842005,0.020582143530954163,0.0,1667,5351
Midgut,Spinal cord (thoracic),5.56085085542091,-0.4753730253601045,-24.170857013937283,0.009357601053243653,0.0,1667,35061
Midgut,Spinal cord interneuron progenitor,5.52372945428379,-0.35258611100275417,-12.68900040044902,0.01885764105400876,0.0,1667,2196
Midgut,Splanchnic mesoderm (cardiopulmonary),5.455241485877864,-0.2498335527896609,-12.301145274347576,0.0027537516636324273,0.0,1667,5768
Midgut,Splanchnic mesoderm (gastric),5.401204975491756,-0.2732104222878891,-12.140359305745683,0.00016963858017357358,0.0,1667,3373
Midgut,Splanchnic mesoderm (intestinal),5.549736532788162,-0.36518907141580187,-17.577007234751406,0.00683064299858102,0.0,1667,9676
Midgut,Splanchnic mesoderm (septum transversum),5.437257151991868,-0.19031882916501322,-10.063657195155857,0.0045473150586864955,0.0,1667,2825
Midgut,Subthalamic nucleus neuron,5.492894524467297,-0.018032463566801365,-0.5499824956327671,0.005365756895317651,0.1,1667,802
Midgut,Surface ectoderm (posterior),5.208332265319054,0.05800962549533898,0.79615933448635,0.030242782947915242,0.75,1667,133
Midgut,Telencephalon (dorsal),5.489820044173141,-0.42898969117428604,-21.442369855144573,0.006205453007960396,0.0,1667,31059
Midgut,Telencephalon (ventral),5.349172337890631,-0.35924717436661435,-16.244691644211084,0.017734891850894226,0.0,1667,3241
Midgut,Thyroid progenitor,5.918752184862392,0.6642751870941733,25.130742011146328,0.0006853499998178015,0.0,1667,850
Midgut,Trigeminal branchiomotor neuron,5.361079543846294,-0.11421734528989595,-3.7837128406877887,0.0016558758142625068,0.01,1667,872
Midgut,Trigeminal ganglion neuron,5.295126767769599,-0.2796915473960822,-11.762754603631551,0.00770812276234155,0.0,1667,1765
Midgut,Trigeminal placode,5.356936279237375,-0.36135414958435713,-16.37052773921333,0.010572197529344417,0.0,1667,6546
Midgut,Trigeminal sensory neuron,5.326556097023961,-0.28650558419339234,-13.205382510493928,0.024851731602958272,0.0,1667,3198
Midgut,Trochlear neuron,5.236033580364091,0.01800792775596231,0.31205727003401945,0.0020294189121947514,0.89,1667,153
Midgut,Trunk neural crest,5.432079279628565,-0.3640194905911803,-18.241534136681892,0.010207994203496282,0.0,1667,6809
Midgut,V0 interneuron,5.494573564805241,-0.41895353677736846,-17.833979182486747,0.009182300554724077,0.0,1667,2114
Midgut,V1 interneuron,5.474316405325773,-0.35899604594814427,-14.74820913618476,0.014823183578883238,0.0,1667,1795
Midgut,V2 interneuron,5.477934088170687,-0.18227263958131493,-5.822897421762185,0.013180863634674935,0.0,1667,842
Midgut,V3 interneuron,5.335053097899096,0.06380523138354526,1.551945835503122,0.00803795692537097,0.51,1667,230
Midgut,Vagal neural crest,5.419017766980734,-0.38814435323002056,-17.57828985622463,0.0056032163080767744,0.0,1667,4937
Midgut,Visceral motor neuron,5.464353017689447,-0.1287504882027847,-4.795199535159115,0.011123011505494879,0.53,1667,2062
Midgut,Yolk sac endothelial cell,5.118730483566201,-0.01582027665591716,-0.5983104469242383,0.03858808226868182,0.18,1667,112
Myotome,Myotome,9.500000000022968,1.9539925233402755e-14,0.00019536023796666666,1.262177448353619e-29,1.0,2201,2201
Myotome,Nascent somite,6.4502400715382535,0.015038111007696031,0.9266280600160268,0.005255470915732531,0.49,2201,6475
Myotome,Notochord,5.903316084095295,-0.016726636000610046,-0.5163382547436551,0.006520882341865255,0.22,2201,956
Myotome,Oculomotor neuron,5.67785374807174,0.07452064943870014,0.8352540107122257,0.02033887350575215,0.26,2201,122
Myotome,Olfactory placode,5.7742587745312575,-0.3651936861796689,-19.094065157125215,0.0036251842326660865,0.0,2201,5872
Myotome,Olfactory sensory neuron,5.620439728316623,-0.3109867559933486,-7.015168765397045,0.01624477643909603,0.0,2201,389
Myotome,Otic placode,5.67328063123464,-0.33392484753775226,-13.90565261842522,0.0007006307037377376,0.0,2201,2365
Myotome,Otic sensory neuron,5.578413345163207,-0.3301016076057974,-10.510391188276373,0.009376832897094813,0.0,2201,974
Myotome,Outflow tract,5.898724103539739,-0.0368915253386121,-1.4434444268430777,0.006878033549428234,0.13,2201,890
Myotome,Pancreatic-biliary progenitor,5.501857166143021,-0.2818803254250346,-7.586062174690251,0.016979252935608553,0.0,2201,373
Myotome,Paraventricular hypothalamic neuron,5.625659955144942,-0.07975708310706509,-1.470078373414416,0.007918136692922443,0.83,2201,192
Myotome,Periocular mesoderm,5.620461089211961,-0.20590017550522996,-9.547368724342741,0.017337759562883963,0.0,2201,1739
Myotome,Pharyngeal arch mesenchyme (p1-p2),5.963509371848148,-0.397839355780263,-23.48225324042454,0.0018029225965724848,0.0,2201,29887
Myotome,Pharyngeal arch mesenchyme (p3-p4),5.907661136012218,-0.370870962220262,-18.49727517003926,0.003441494384296015,0.0,2201,9198
Myotome,Pharyngeal endoderm,5.749361730908636,-0.2360784054516992,-13.54321691795729,0.0024274123606278365,0.0,2201,5045
Myotome,Pharyngeal mesoderm,6.119538984094976,-0.07351625578121694,-4.724493417161949,0.005560099242455872,0.55,2201,7691
Myotome,Presomitic mesoderm,6.431704715518897,-0.021456491193568777,-1.016926383050553,0.00573537988574096,0.23,2201,8521
Myotome,Primordial germ cell,4.626058420822234,-0.5421214859343397,-4.561903053517978,0.011891916239192868,0.0,1388,25
Myotome,Respiratory progenitor,5.538219181100139,-0.2660944369282105,-9.788841794236212,0.0024136431806415616,0.0,2201,1209
Myotome,Right ventricle,5.699369867752367,-0.09240519849798663,-3.0875298699254254,0.0024462426688362745,0.34,2201,730
Myotome,Roof plate (anterior),5.965110687109032,-0.36532181087384696,-17.19579332341355,0.006499808107798951,0.0,2201,3787
Myotome,Roof plate (posterior),6.059170824850388,-0.28274715900788827,-11.265564294568394,0.0015309301027733857,0.0,2201,2248
Myotome,Sacral neural crest,5.944837722492572,-0.25877528402604416,-10.208443917129204,0.008719516525284939,0.0,2201,2156
Myotome,Sclerotome,7.805491700382841,1.1610416278447522,69.69898586739747,0.00301902152838854,0.0,2201,74334
Myotome,Second heart field (anterior),5.837246174984505,-0.09234880310903766,-3.3498464386299234,0.0001613275837952497,0.01,2201,1040
Myotome,Somatic mesoderm (anterior),6.385129533268249,-0.0196127591097038,-1.0831697756123226,0.010594740277214871,0.5,2201,14544
Myotome,Somatic mesoderm (posterior),6.388585015739161,-0.12900547437742294,-7.775785571612396,0.0030897948600382297,0.0,2201,48596
Myotome,Somatic mesoderm (tailbud),5.9147194005986234,-0.305158291510162,-13.323049660602416,0.004556741211966065,0.0,2201,3011
Myotome,Somatic motor neuron,6.531916654712966,0.10934875824195493,5.148494733273877,0.009163649393253162,0.21,2201,6559
Myotome,Spinal cord (cervical),6.49117044006051,-0.13503175004543375,-7.37702892726832,0.001999209313933714,0.0,2201,41051
Myotome,Spinal cord (lumbar),6.4824294209313225,-0.0024033183567769476,-0.13294137272792264,0.005968673727317059,0.72,2201,12722
Myotome,Spinal cord (sacral),6.40365975678129,-0.017403564017626216,-1.1278892552060382,0.006110682452115511,0.35,2201,5351
Myotome,Spinal cord (thoracic),6.533853601919465,-0.024466147154122986,-1.2126895785256746,0.008716870567120283,0.0,2201,35061
Myotome,Spinal cord interneuron progenitor,6.384548435390542,-0.011345390160090396,-0.5269811074018976,0.001013156167719132,0.83,2201,2196
Myotome,Splanchnic mesoderm (cardiopulmonary),6.263351878186025,0.03675682079584804,1.8857474532494356,0.006891410477955355,0.0,2201,5768
Myotome,Splanchnic mesoderm (gastric),6.124054727506461,-0.07481550529545622,-3.581297780002872,0.0024989691493533337,0.45,2201,3373
Myotome,Splanchnic mesoderm (intestinal),6.282911570002953,-0.15132777448421564,-8.283809411993891,0.0036528646140686354,0.0,2201,9676
Myotome,Splanchnic mesoderm (septum transversum),5.916483679976256,-0.23171788820991157,-11.554032744527872,0.00030573655700562633,0.0,2201,2825
Myotome,Subthalamic nucleus neuron,5.95702495770868,-0.0690516807830391,-2.0864461805091747,0.001474812591606967,0.44,2201,802
Myotome,Surface ectoderm (posterior),5.390433380254685,-0.28550249401090166,-4.37299122137867,0.0016502047649433896,0.0,2201,133
Myotome,Telencephalon (dorsal),6.103205114936824,-0.3379310788353071,-20.676038411305957,0.0016425303557151747,0.0,2201,31059
Myotome,Telencephalon (ventral),5.914655588665969,-0.3145866053511049,-14.822257069513533,0.003644285610446402,0.0,2201,3241
Myotome,Thyroid progenitor,5.456810946584226,-0.3188885606608937,-10.789779401113051,0.005979383110791653,0.0,2201,850
Myotome,Trigeminal branchiomotor neuron,5.9789913811800135,-0.015690347916587893,-0.5496828241435582,0.0032232608820319496,0.46,2201,872
Myotome,Trigeminal ganglion neuron,5.741257357979573,-0.35424042362845903,-13.87415923121729,0.010426944294919511,0.0,2201,1765
Myotome,Trigeminal placode,5.82565775441568,-0.41710772051698025,-20.768737159696375,0.0005642187141639466,0.0,2201,6546
Myotome,Trigeminal sensory neuron,5.789668696181541,-0.3461999126166934,-16.285839460546864,0.0008581699499213425,0.0,2201,3198
Myotome,Trochlear neuron,5.724050036724615,-0.01913540627618578,-0.17779216710931198,0.002836429944599607,0.99,2201,153
Myotome,Trunk neural crest,6.050901258874606,-0.265731384664426,-14.56460941569929,0.0053410437145068775,0.0,2201,6809
Myotome,V0 interneuron,6.297566476728544,-0.13708716710202337,-5.5662763859287425,0.0036744848845353148,0.0,2201,2114
Myotome,V1 interneuron,6.318762645986045,-0.03377172660559206,-1.370937736809888,0.004748249454206571,0.03,2201,1795
Myotome,V2 interneuron,6.181012091078569,-7.633518514715831e-05,-0.03395559066211179,0.00020370741943019662,1.0,2201,842
Myotome,V3 interneuron,5.919057533058099,0.11903462199712116,2.3697167787090483,0.0032442957818324117,0.45,2201,230
Myotome,Vagal neural crest,6.031138879196548,-0.29838383765947807,-15.86666617502778,0.0038566166260313515,0.0,2201,4937
Myotome,Visceral motor neuron,6.265360178064842,0.15023561373856312,5.184025310864969,0.0065832209956654284,0.04,2201,2062
Myotome,Yolk sac endothelial cell,5.552315381575678,-0.10035926585791473,-1.1478882075766765,0.030581161952267212,0.12,2201,112
Nascent somite,Nascent somite,9.49999999998854,6.5133084111342514e-15,6.51193083315e-05,2.818862967989749e-28,1.0,6475,6475
Nascent somite,Notochord,5.831517772330796,-0.1614117003607166,-6.772928657964279,0.0011370647557572635,0.0,6475,956
Nascent somite,Oculomotor neuron,5.642279149909963,-0.03399111383402579,-0.5813454440394934,0.00694700113880402,0.55,6475,122
Nascent somite,Olfactory placode,6.083776585048209,-0.12838097680806312,-9.178289433381075,0.0009324189848338713,0.0,6475,5872
Nascent somite,Olfactory sensory neuron,5.91161417783636,-0.09172580525998046,-2.3900027824364796,0.005363064916391529,0.34,6475,389
Nascent somite,Otic placode,5.98009883552873,-0.10102517814905454,-5.462892725218443,0.0017144344234463049,0.0,6475,2365
Nascent somite,Otic sensory neuron,5.8019342895946435,-0.17856100481052076,-6.185064959030517,0.006863675760478558,0.0,6475,974
Nascent somite,Outflow tract,5.780430664484281,-0.2299913228027218,-8.83614563577622,2.5558268178039778e-05,0.0,6475,890
Nascent somite,Pancreatic-biliary progenitor,5.484358791446636,-0.3727926952586896,-8.87469794287796,0.014029426086413381,0.0,6475,373
Nascent somite,Paraventricular hypothalamic neuron,5.6754420224052735,-0.10298934311786982,-1.4883731950158456,0.01709901090827836,0.39,6475,192
Nascent somite,Periocular mesoderm,5.715871059377583,-0.1791422524158112,-7.404523065549296,0.026166918016442116,0.0,6475,1739
Nascent somite,Pharyngeal arch mesenchyme (p1-p2),6.283540586008722,-0.15043270844776035,-13.935332163309804,0.0024092306553549813,0.0,6475,29887
Nascent somite,Pharyngeal arch mesenchyme (p3-p4),6.3650878860912075,0.012211073854059803,0.7959104512617161,0.0003388038293810074,0.88,6475,9198
Nascent somite,Pharyngeal endoderm,5.733818535241319,-0.32553932926761614,-25.792225333303822,0.008975139977789972,0.0,6475,5045
Nascent somite,Pharyngeal mesoderm,5.984810550070114,-0.27916107587189093,-23.778159783710453,0.003754780522913701,0.0,6475,7691
Nascent somite,Presomitic mesoderm,8.103725862347874,1.5782761651761748,121.33344352501649,0.008643914492935901,0.0,6475,8521
Nascent somite,Primordial germ cell,4.743494184068274,-0.4861906302055319,-3.7034263608872937,0.0005805319151324845,0.0,4252,25
Nascent somite,Respiratory progenitor,5.514233343809786,-0.3603633590251641,-16.037727446003583,0.00999020105041287,0.0,6475,1209
Nascent somite,Right ventricle,5.646972091201704,-0.22024550912424345,-7.23718592337304,0.0011993062910527453,0.0,6475,730
Nascent somite,Roof plate (anterior),6.384289658026842,-0.01952670221644463,-1.1190672602671023,0.0025278702373284162,0.22,6475,3787
Nascent somite,Roof plate (posterior),6.708366876705289,0.29257023935273513,14.127774933688386,0.012152544899584956,0.0,6475,2248
Nascent somite,Sacral neural crest,6.880072441117496,0.5993088830862128,30.160912303128033,0.008230213181346945,0.0,6475,2156
Nascent somite,Sclerotome,7.023371766573843,0.3048353475583883,31.07704773036849,0.002715811675467112,0.0,6475,74334
Nascent somite,Second heart field (anterior),5.770114411296177,-0.23485018866658644,-9.699046175526236,0.0019196093505658173,0.0,6475,1040
Nascent somite,Somatic mesoderm (anterior),6.249047038832724,-0.22842349523104546,-19.253453063692977,0.010981078892027207,0.0,6475,14544
Nascent somite,Somatic mesoderm (posterior),6.730468500818765,0.1405484690003768,14.240112481377762,0.010648335748726818,0.0,6475,48596
Nascent somite,Somatic mesoderm (tailbud),7.257934665954333,0.9637349307794899,57.25396805634467,0.008862686435878463,0.0,6475,3011
Nascent somite,Somatic motor neuron,6.8998630524503595,0.40430219127174044,27.312125897355646,0.0003863410441779993,0.0,6475,6559
Nascent somite,Spinal cord (cervical),7.05249337128016,0.3529840592962514,33.80446692513872,0.0005861006675189602,0.0,6475,41051
Nascent somite,Spinal cord (lumbar),7.554834948786333,0.9979962536673316,90.87378974879782,0.005096299320817366,0.0,6475,12722
Nascent somite,Spinal cord (sacral),7.617529983566578,1.1259722994147492,78.09430937990368,0.0004225106240726619,0.0,6475,5351
Nascent somite,Spinal cord (thoracic),7.322835813334199,0.6910964212525995,67.4961362633956,0.0020337905237485967,0.0,6475,35061
Nascent somite,Spinal cord interneuron progenitor,6.645937279949957,0.17918031656765473,9.296495984514237,0.0029258267679999625,0.0,6475,2196
Nascent somite,Splanchnic mesoderm (cardiopulmonary),6.106226321389364,-0.19306295117741476,-15.959510229544827,0.008169083331207453,0.0,6475,5768
Nascent somite,Splanchnic mesoderm (gastric),6.0972322731172,-0.17407918345912776,-10.564571966542646,0.004997258465835047,0.0,6475,3373
Nascent somite,Splanchnic mesoderm (intestinal),6.527412975059921,0.0194121459695209,1.214263628292163,0.01654292701927953,0.0,6475,9676
Nascent somite,Splanchnic mesoderm (septum transversum),5.950476415532545,-0.27139928979158423,-16.69314801404027,0.005280580675300367,0.0,6475,2825
Nascent somite,Subthalamic nucleus neuron,5.9914876976099585,-0.10718501702313225,-3.4615533982368576,0.006051490606138891,0.15,6475,802
Nascent somite,Surface ectoderm (posterior),5.572420382008509,-0.17951315624891695,-2.610954896284649,0.0022462091717514194,0.07,6475,133
Nascent somite,Telencephalon (dorsal),6.347656831994268,-0.16407516470345898,-16.932586607790764,0.0002778709475612894,0.0,6475,31059
Nascent somite,Telencephalon (ventral),6.182546784280869,-0.11757713701285273,-6.855800540371351,0.005196117259154421,0.03,6475,3241
Nascent somite,Thyroid progenitor,5.435763292641911,-0.41239488679256436,-14.644556411978018,0.002800861083687639,0.0,6475,850
Nascent somite,Trigeminal branchiomotor neuron,6.057603861124545,-0.012474357497200828,-0.37933016100093925,0.001353299942008106,0.31,6475,872
Nascent somite,Trigeminal ganglion neuron,6.068468288890581,-0.10103572520799926,-5.1597165298197405,0.0026084667770302802,0.01,6475,1765
Nascent somite,Trigeminal placode,6.169833888343011,-0.14350336868012162,-10.727177538806535,0.0009041421149895495,0.0,6475,6546
Nascent somite,Trigeminal sensory neuron,6.049560392169501,-0.1585537376904688,-8.879652783519784,0.0014211330455836003,0.0,6475,3198
Nascent somite,Trochlear neuron,5.769913592853739,-0.03644560043819034,-0.6500704689513412,0.0018952260582623,0.98,6475,153
Nascent somite,Trunk neural crest,6.773131976935228,0.38148929104419516,28.79673177602915,0.009303517857345718,0.0,6475,6809
Nascent somite,V0 interneuron,6.644816312519215,0.13550525223614537,7.1554434135735585,0.0024540603009447787,0.0,6475,2114
Nascent somite,V1 interneuron,6.613664883132263,0.1861302217624671,8.812406747159393,0.007301302462411805,0.0,6475,1795
Nascent somite,V2 interneuron,6.312549621046717,0.060061282572357065,2.326877436896769,0.006067189264766605,0.36,6475,842
Nascent somite,V3 interneuron,6.083749338178143,0.2168065533025425,4.253500263612572,0.006466334721303709,0.0,6475,230
Nascent somite,Vagal neural crest,6.57325404595818,0.1716487377803834,12.53107666159462,0.00236190089828127,0.0,6475,4937
Nascent somite,Visceral motor neuron,6.280030837581662,0.09469186706361832,4.518260929232961,6.571768878105394e-05,0.0,6475,2062
Nascent somite,Yolk sac endothelial cell,5.44339879109187,-0.2806870536777358,-3.7007607061154855,0.0012667420258797631,0.0,6475,112
Notochord,Notochord,9.500000000008468,-9.473903143468002e-15,-9.47194714128255e-05,2.093110935186418e-28,1.0,956,956
Notochord,Oculomotor neuron,5.183675556271316,0.023203671692574684,0.43918225318708054,0.05162226740543892,0.58,956,122
Notochord,Olfactory placode,5.395428503719796,-0.3004498633385791,-11.856508661555763,0.006732306385389352,0.0,956,5872
Notochord,Olfactory sensory neuron,5.275262982423915,-0.2145110492199492,-5.290046924302305,0.019933848724721204,0.17,956,389
Notochord,Otic placode,5.335532114804653,-0.22500930303321542,-7.6235885886125265,0.015393415723481674,0.0,956,2365
Notochord,Otic sensory neuron,5.266713336518784,-0.19642421083764963,-6.121315773824971,0.010215899362300834,0.0,956,974
Notochord,Outflow tract,5.423648130315034,-0.06880706113270474,-2.999747090404346,0.02407528984184695,0.38,956,890
Notochord,Pancreatic-biliary progenitor,5.453217928954096,0.11166990015049727,3.0434170765041877,0.0089281602110699,0.3,956,373
Notochord,Paraventricular hypothalamic neuron,5.3699529911692885,0.11213658866451848,1.9218720439694195,0.0032078159877961666,0.37,956,192
Notochord,Periocular mesoderm,5.494105530235326,0.11553463056370106,5.012758084827996,0.017656728588016285,0.48,956,1739
Notochord,Pharyngeal arch mesenchyme (p1-p2),5.539065096091384,-0.3791238282071365,-15.33810272352652,0.015117262951225348,0.0,956,29887
Notochord,Pharyngeal arch mesenchyme (p3-p4),5.481724219468599,-0.353348881957712,-12.66878823255017,0.03880856452492272,0.0,956,9198
Notochord,Pharyngeal endoderm,5.751160257081281,0.20956569329713273,8.799329228725776,0.009828131974566324,0.0,956,5045
Notochord,Pharyngeal mesoderm,5.723670865261638,-0.024733080958973197,-1.4223928370981926,0.007385672957353339,0.48,956,7691
Notochord,Presomitic mesoderm,5.859035253234905,-0.15416171484976893,-6.516869890531296,0.014352344127648041,0.03,956,8521
Notochord,Primordial germ cell,4.5411366575422125,-0.1638390724830412,-1.7426176278720216,0.13515399429032676,0.44,712,25
Notochord,Respiratory progenitor,5.527302224042034,0.16861797566677725,5.007754367988139,0.012429390999968775,0.0,956,1209
Notochord,Right ventricle,5.388050423913351,0.03727601248538015,0.21373978473408073,0.0171819938393848,0.02,956,730
Notochord,Roof plate (anterior),5.524469029457445,-0.36270608006314414,-12.911371341201717,0.04644589755721587,0.0,956,3787
Notochord,Roof plate (posterior),5.5708566989840795,-0.3302781541679482,-12.413225685764814,0.021927652544562727,0.0,956,2248
Notochord,Sacral neural crest,5.481512454792988,-0.2831491496046616,-9.487151299462601,0.02665026084161804,0.0,956,2156
Notochord,Sclerotome,6.180071763368358,-0.021797373994054386,-1.0304122065786225,0.0021385862742315637,0.6,956,74334
Notochord,Second heart field (anterior),5.454408766691049,-0.03023263839069627,-1.3836715191860753,0.0088162788938853,0.84,956,1040
Notochord,Somatic mesoderm (anterior),5.7189107231210805,-0.2401639220110606,-11.056137654482344,0.0056179111529916,0.0,956,14544
Notochord,Somatic mesoderm (posterior),5.683050012440263,-0.3883655744914571,-16.708324516357393,0.013838458413066596,0.0,956,48596
Notochord,Somatic mesoderm (tailbud),5.466647327253896,-0.30844250823511804,-10.251512105622426,0.0101205336223547,0.0,956,3011
Notochord,Somatic motor neuron,5.893649813278338,-0.08585852404648235,-3.306362778744994,0.022075147783310715,0.93,956,6559
Notochord,Spinal cord (cervical),5.86389729896482,-0.3192119704352079,-12.12891471610171,0.011644081287250162,0.0,956,41051
Notochord,Spinal cord (lumbar),5.844701773411354,-0.19529192851043398,-9.126968690416328,0.024171189491410623,0.0,956,12722
Notochord,Spinal cord (sacral),5.819030108875752,-0.1541220086751182,-5.859884865041271,0.012853074507828487,0.01,956,5351
Notochord,Spinal cord (thoracic),5.862591265169779,-0.2516204488856119,-10.650693249412996,0.01288544477877273,0.0,956,35061
Notochord,Spinal cord interneuron progenitor,5.834333419987634,-0.11991318479455337,-4.839423377331324,0.030528638580889205,0.75,956,2196
Notochord,Splanchnic mesoderm (cardiopulmonary),5.638352654501644,-0.14436353596514184,-7.199261708450682,0.004985351535170778,0.0,956,5768
Notochord,Splanchnic mesoderm (gastric),5.532381709260815,-0.22179589549123513,-8.177474444684744,0.010320768490940822,0.0,956,3373
Notochord,Splanchnic mesoderm (intestinal),5.6009809398302615,-0.39044012250216625,-14.38376658281534,0.012394786922816415,0.0,956,9676
Notochord,Splanchnic mesoderm (septum transversum),5.5418805436172915,-0.16288226650849622,-6.79041793359398,0.00031909955044955826,0.0,956,2825
Notochord,Subthalamic nucleus neuron,5.547356795932622,-0.03667720437861869,-1.1158378186793572,0.0150425671338285,0.01,956,802
Notochord,Surface ectoderm (posterior),5.03321403228762,-0.19549965544038272,-3.070906741994607,0.026547934350998746,0.8,956,133
Notochord,Telencephalon (dorsal),5.675959890925803,-0.31943258907664607,-12.767942666482194,0.011134644639239185,0.0,956,31059
Notochord,Telencephalon (ventral),5.528892490558873,-0.25820591300320245,-10.392531292592857,0.002356111451223959,0.0,956,3241
Notochord,Thyroid progenitor,5.497104462128868,0.16348586965446663,5.653245532683594,0.0002491446551533326,0.0,956,850
Notochord,Trigeminal branchiomotor neuron,5.659133951252209,0.10858800433877629,3.095439659203793,0.022260939458902625,0.03,956,872
Notochord,Trigeminal ganglion neuron,5.3686455348742905,-0.2851083114549695,-9.460401486265518,0.0198367308754416,0.0,956,1765
Notochord,Trigeminal placode,5.43698300354315,-0.3581962155515554,-14.543295266270952,0.005284408561168389,0.0,956,6546
Notochord,Trigeminal sensory neuron,5.391220884992044,-0.30235590121101436,-12.010220536881784,0.0006541975374142681,0.0,956,3198
Notochord,Trochlear neuron,5.391289802372262,0.08752659817483573,1.3584141549316993,0.0047640045435184495,0.66,956,153
Notochord,Trunk neural crest,5.548714337744166,-0.3251167699637844,-11.646195879579189,0.010195658016869124,0.0,956,6809
Notochord,V0 interneuron,5.763736815439645,-0.23043617511174208,-8.180437912922669,0.01713126514447615,0.0,956,2114
Notochord,V1 interneuron,5.709204874026842,-0.19939784099243063,-6.940500685141413,0.014631590211117498,0.0,956,1795
Notochord,V2 interneuron,5.690572469630557,-0.041027212655030475,-1.2833429633429734,0.020465276336838065,0.41,956,842
Notochord,V3 interneuron,5.5639346004508,0.20737921178268928,3.6657807724215683,0.051267811660256075,0.94,956,230
Notochord,Vagal neural crest,5.55127934275098,-0.3356772955875004,-11.650785964349737,0.027285468767331192,0.0,956,4937
Notochord,Visceral motor neuron,5.795504132634779,0.12530730554606131,3.903343070451624,0.02256431351091109,0.16,956,2062
Notochord,Yolk sac endothelial cell,5.115104378891143,-0.09829194578675378,-0.9209674144927315,0.03777739997702619,0.21,956,112
Oculomotor neuron,Oculomotor neuron,9.500000000007281,3.552713678800501e-15,2.9593434191584826e-05,3.060780312257526e-28,1.0,122,122
Oculomotor neuron,Olfactory placode,5.128261255473065,-0.252956769406647,-3.3706719044282725,0.01234085932217396,0.04,122,5872
Oculomotor neuron,Olfactory sensory neuron,4.928461399086107,-0.2253566928426952,-2.655538807607629,0.004199759607727066,0.1,122,389
Oculomotor neuron,Otic placode,5.035130196687998,-0.20623969478626059,-2.5362503338293645,0.032139752427375864,0.71,122,2365
Oculomotor neuron,Otic sensory neuron,4.908900801950189,-0.245691816624405,-3.303613180520985,0.025301038494148262,0.28,122,974
Oculomotor neuron,Outflow tract,5.173787334337766,-0.00652879285534554,-0.0006968643613842751,0.0489510723492727,0.21,122,890
Oculomotor neuron,Pancreatic-biliary progenitor,4.978310845810622,-0.04460317594183927,-0.6221804805836142,0.007278664765535698,0.99,122,373
Oculomotor neuron,Paraventricular hypothalamic neuron,5.411015730205349,0.4633958750694361,4.643559430241041,0.036057498804748137,0.0,122,192
Oculomotor neuron,Periocular mesoderm,4.998551363775439,-0.06445102978457928,-0.9359153907961918,0.02090236743562997,0.88,122,1739
Oculomotor neuron,Pharyngeal arch mesenchyme (p1-p2),5.316262572865711,-0.2851322476339527,-4.088847807687489,0.02391583502051922,0.13,122,29887
Oculomotor neuron,Pharyngeal arch mesenchyme (p3-p4),5.295961411360429,-0.22428706892812103,-3.1612397177938765,0.006299272231770126,0.08,122,9198
Oculomotor neuron,Pharyngeal endoderm,5.212466876078074,-0.01511142508895258,-0.16349218920747322,0.01131346718037373,0.53,122,5045
Oculomotor neuron,Pharyngeal mesoderm,5.266240367288266,-0.1706701350755043,-2.9210872304248077,0.013987605813913524,0.52,122,7691
Oculomotor neuron,Presomitic mesoderm,5.643922050262094,-0.0509934821106528,-0.7259910749751737,0.008591542930746456,0.4,122,8521
Oculomotor neuron,Primordial germ cell,4.822121224914236,0.3446516675704152,1.9739587537298828,0.0498525232030583,0.28,94,25
Oculomotor neuron,Respiratory progenitor,4.904164087970416,-0.13617217622092484,-1.5019714105404793,0.033054376649683595,0.3,122,1209
Oculomotor neuron,Right ventricle,5.123782546942182,0.08362257385469037,0.8005474674008127,0.026251742624529683,0.1,122,730
Oculomotor neuron,Roof plate (anterior),5.452392053310788,-0.11502762709329506,-1.632560050095588,0.013199010712028203,0.82,122,3787
Oculomotor neuron,Roof plate (posterior),5.419130272617142,-0.1701999423832087,-1.9794318742635177,0.006165056214606534,0.19,122,2248
Oculomotor neuron,Sacral neural crest,5.245403579780857,-0.2049157031723956,-2.77166999496009,0.011872678901362914,0.1,122,2156
Oculomotor neuron,Sclerotome,5.802401067740285,-0.08683549319363475,-1.3915638099815348,0.012621742680587524,0.97,122,74334
Oculomotor neuron,Second heart field (anterior),5.172945722216831,-0.004967372297657017,-0.3581112929808669,0.0798631967910978,0.07,122,1040
Oculomotor neuron,Somatic mesoderm (anterior),5.3727639973186605,-0.2724359052508474,-3.8791533178854762,0.026157573618448577,0.13,122,14544
Oculomotor neuron,Somatic mesoderm (posterior),5.475067863684353,-0.28463709332155024,-4.048732810725233,0.000956134734425253,0.0,122,48596
Oculomotor neuron,Somatic mesoderm (tailbud),5.278007353946159,-0.19184180552175908,-2.47897032514283,0.0055522202612364735,0.15,122,3011
Oculomotor neuron,Somatic motor neuron,6.035001671268933,0.3737096370490723,4.85515390915302,0.012720738196038613,0.01,122,6559
Oculomotor neuron,Spinal cord (cervical),6.023523523484932,0.1557271800276876,2.1567787396907607,0.008266197617848461,0.44,122,41051
Oculomotor neuron,Spinal cord (lumbar),5.725398053203001,-0.002351641281348016,-0.03635692615003205,0.004484469890288245,0.82,122,12722
Oculomotor neuron,Spinal cord (sacral),5.601073660845048,-0.06780079049967498,-0.9866374624732847,0.008568300687685826,0.73,122,5351
Oculomotor neuron,Spinal cord (thoracic),5.824039185239674,0.0240939278607053,0.29719761199915246,0.0034864959615106723,0.7,122,35061
Oculomotor neuron,Spinal cord interneuron progenitor,6.2719754908687415,0.6297493163226499,8.38115119339323,0.002802539883098009,0.0,122,2196
Oculomotor neuron,Splanchnic mesoderm (cardiopulmonary),5.294351673401034,-0.17767341254825522,-2.7210986555888454,0.0022600506477342634,0.05,122,5768
Oculomotor neuron,Splanchnic mesoderm (gastric),5.169009306406701,-0.27561782036594035,-3.6493371593758526,0.010741044219429416,0.03,122,3373
Oculomotor neuron,Splanchnic mesoderm (intestinal),5.4001421559783,-0.2798227435789092,-3.7547910412191943,0.00433927343352815,0.01,122,9676
Oculomotor neuron,Splanchnic mesoderm (septum transversum),5.201477596388628,-0.1883231438969831,-3.0437145796415823,0.020127277399855044,0.37,122,2825
Oculomotor neuron,Subthalamic nucleus neuron,5.975208202694362,0.7014066663188409,8.886565563160964,0.05829886670956658,0.0,122,802
Oculomotor neuron,Surface ectoderm (posterior),4.910846737567468,0.00876307708984895,0.1236933302965579,0.04332228948201882,0.52,122,133
Oculomotor neuron,Telencephalon (dorsal),5.959108116601829,0.2828102594389807,4.015454662209502,0.00386068499654834,0.0,122,31059
Oculomotor neuron,Telencephalon (ventral),5.533904622547794,0.06692978683217632,1.0186589739795944,0.0025382170239246276,0.84,122,3241
Oculomotor neuron,Thyroid progenitor,5.011980916633256,-0.011202054878956721,-0.14746624495283944,0.014750748703918863,0.65,122,850
Oculomotor neuron,Trigeminal branchiomotor neuron,6.370555109084758,1.1429053140154426,13.353435009263295,0.00457116989075786,0.0,122,872
Oculomotor neuron,Trigeminal ganglion neuron,5.128490247941663,-0.21130778059478553,-2.7167169167100824,0.025593484217132284,0.62,122,1765
Oculomotor neuron,Trigeminal placode,5.203730820572954,-0.28028695631717593,-3.8219796346704062,0.023431579463617878,0.0,122,6546
Oculomotor neuron,Trigeminal sensory neuron,5.208276250996106,-0.16633020866054307,-2.3387865635732816,0.007147629379896837,0.43,122,3198
Oculomotor neuron,Trochlear neuron,5.883103710506453,0.8963576504654199,8.340499362920804,0.06745483698365097,0.0,122,153
Oculomotor neuron,Trunk neural crest,5.327857191332314,-0.23588143704338518,-2.91624818558034,0.006271902772751213,0.02,122,6809
Oculomotor neuron,V0 interneuron,5.87845407491827,0.20132947652697966,2.5744836308469874,0.0034615099418737506,0.12,122,2114
Oculomotor neuron,V1 interneuron,5.718595750980794,0.11898007374669343,1.4986098453354961,0.009261158287588951,0.55,122,1795
Oculomotor neuron,V2 interneuron,5.947553606867885,0.521920635527858,6.457344288432684,0.016291755901160672,0.0,122,842
Oculomotor neuron,V3 interneuron,5.420611608577995,0.3780974821188625,3.9707005608241914,0.07391469588735751,0.46,122,230
Oculomotor neuron,Vagal neural crest,5.357410015707251,-0.208838196682643,-2.836757485043383,0.0002571055703945646,0.02,122,4937
Oculomotor neuron,Visceral motor neuron,5.940485311749986,0.5884318901146903,7.574693067890827,0.000987750514424585,0.0,122,2062
Oculomotor neuron,Yolk sac endothelial cell,4.9547417148075175,0.06443869369325927,-0.004864944986759785,0.074549498414614,0.8,122,112
Olfactory placode,Olfactory placode,9.500000000001874,-1.0066022089934753e-14,-9.47163176501255e-05,2.5979819145278654e-28,1.0,5872,5872
Olfactory placode,Olfactory sensory neuron,7.930049723135517,2.22818389401691,50.88985150946482,0.006110045372711021,0.0,5872,389
Olfactory placode,Otic placode,6.300920714590678,0.5141976084822417,26.8761197202171,0.0038436822512855694,0.0,5872,2365
Olfactory placode,Otic sensory neuron,6.205764907817016,0.518469644911292,19.048945071073312,0.01460277186104976,0.0,5872,974
Olfactory placode,Outflow tract,5.4849514090758476,-0.22713071894827289,-7.926100282455846,0.008258427375948478,0.0,5872,890
Olfactory placode,Pancreatic-biliary progenitor,5.2602830382500025,-0.30309301522380433,-7.42996949479473,0.003090341878475129,0.0,5872,373
Olfactory placode,Paraventricular hypothalamic neuron,5.187958595597092,-0.2906978630370129,-4.971534491429927,0.0070955952172085095,0.0,5872,192
Olfactory placode,Periocular mesoderm,5.441612895464061,-0.1584828176377607,-7.940790756881678,0.0038474054141951863,0.01,5872,1739
Olfactory placode,Pharyngeal arch mesenchyme (p1-p2),6.702338110209866,0.5614747232289071,50.68468084850068,0.001042067528998767,0.0,5872,29887
Olfactory placode,Pharyngeal arch mesenchyme (p3-p4),6.397520352525866,0.34093651587584056,24.25395977770613,0.005642788636568068,0.0,5872,9198
Olfactory placode,Pharyngeal endoderm,5.4926609463940785,-0.27100462373091183,-19.37152861105991,0.017752528869740037,0.0,5872,5045
Olfactory placode,Pharyngeal mesoderm,5.768111763969297,-0.20209419042660168,-17.889078329220666,0.016378065566796243,0.0,5872,7691
Olfactory placode,Presomitic mesoderm,6.084503626639674,-0.14322407980790341,-11.247352396221856,0.0005363539639812006,0.0,5872,8521
Olfactory placode,Primordial germ cell,4.690202481041235,-0.3003428194096318,-2.5514984372759826,0.009980295612820208,0.15,4204,25
Olfactory placode,Respiratory progenitor,5.277353001325385,-0.30274738049835176,-11.588465120530252,0.0026917105497564022,0.0,5872,1209
Olfactory placode,Right ventricle,5.3761437210828165,-0.19237422423526476,-6.563778404198349,0.004204136189293043,0.02,5872,730
Olfactory placode,Roof plate (anterior),6.399952230334179,0.28963251038986587,17.382362737371082,0.006202178482001548,0.0,5872,3787
Olfactory placode,Roof plate (posterior),6.225522133577883,0.10665330613336839,5.837284270793314,0.013177705622896321,0.29,5872,2248
Olfactory placode,Sacral neural crest,6.1308233799323375,0.14491770297841958,7.476748849963201,0.006545142635455595,0.0,5872,2156
Olfactory placode,Sclerotome,6.029176566086164,-0.3938622523372996,-38.612702588308125,0.0001266298393839394,0.0,5872,74334
Olfactory placode,Second heart field (anterior),5.59031345071351,-0.12281635314462669,-4.866759189260471,0.0017745389822204085,0.0,5872,1040
Olfactory placode,Somatic mesoderm (anterior),6.096931719845578,-0.08547917993611787,-7.846180941315637,0.005367001277802225,0.2,5872,14544
Olfactory placode,Somatic mesoderm (posterior),6.351642917839101,0.05679186454884159,6.028115604952023,0.006169824366062283,0.8,5872,48596
Olfactory placode,Somatic mesoderm (tailbud),6.202383340485085,0.20403885512184208,11.657392701496093,0.002048016513269227,0.0,5872,3011
Olfactory placode,Somatic motor neuron,5.781214801791271,-0.41828612487444694,-26.91468075148121,3.661386062589195e-05,0.0,5872,6559
Olfactory placode,Spinal cord (cervical),6.205798085528504,-0.19719981506169879,-18.33629184559663,0.003856221725127223,0.0,5872,41051
Olfactory placode,Spinal cord (lumbar),6.062817503175534,-0.19833139022817323,-15.653190359947333,0.006796251804657362,0.0,5872,12722
Olfactory placode,Spinal cord (sacral),6.000450261571619,-0.1961974934508707,-12.13005644931998,0.002603330542627178,0.0,5872,5351
Olfactory placode,Spinal cord (thoracic),6.132903917114451,-0.2043713209757163,-17.59613983634387,0.004449772090953002,0.0,5872,35061
Olfactory placode,Spinal cord interneuron progenitor,5.836394338620024,-0.3370701550022934,-17.56485595044262,0.00286748707483234,0.0,5872,2196
Olfactory placode,Splanchnic mesoderm (cardiopulmonary),5.8678112259718676,-0.13730279598193196,-10.0513489087537,0.02242005869155472,0.75,5872,5768
Olfactory placode,Splanchnic mesoderm (gastric),5.898222273818232,-0.07838243721438391,-4.856781945801914,0.0039422350736088175,0.03,5872,3373
Olfactory placode,Splanchnic mesoderm (intestinal),6.2653505617528635,0.05195558238151291,3.7020507643653637,0.0014770131916177762,0.27,5872,9676
Olfactory placode,Splanchnic mesoderm (septum transversum),5.952692085698243,0.026417914171674124,0.7100564821060903,0.01112449536952359,0.04,5872,2825
Olfactory placode,Subthalamic nucleus neuron,5.453038777434354,-0.3526778536056587,-12.361355460786122,0.0006203883510953674,0.0,5872,802
Olfactory placode,Surface ectoderm (posterior),5.722183330735649,0.276751826649142,3.713530181009432,0.004187290363562123,0.0,5872,133
Olfactory placode,Telencephalon (dorsal),6.639215722527186,0.4222143825770465,38.86585529315151,0.004450692557308304,0.0,5872,31059
Olfactory placode,Telencephalon (ventral),6.34510215471794,0.3365932519632846,19.648276746245113,0.0005679374925507441,0.0,5872,3241
Olfactory placode,Thyroid progenitor,5.243556209541698,-0.3102604059663176,-12.055340346339877,0.0030825198241843984,0.0,5872,850
Olfactory placode,Trigeminal branchiomotor neuron,5.480780167766073,-0.2907356245947967,-10.443615592041342,0.002862088065464437,0.0,5872,872
Olfactory placode,Trigeminal ganglion neuron,6.304329307175098,0.43063819099269846,20.825713894636934,0.001687819040637084,0.0,5872,1765
Olfactory placode,Trigeminal placode,7.186974883938016,1.1696825128048014,82.51485937833695,0.002885439673828965,0.0,5872,6546
Olfactory placode,Trigeminal sensory neuron,6.794936902666513,0.8826021143432058,48.914838593860935,0.0035537566892299387,0.0,5872,3198
Olfactory placode,Trochlear neuron,5.271730802583824,-0.24870589988576577,-4.161696452633271,0.007254229948644757,0.03,5872,153
Olfactory placode,Trunk neural crest,6.2164441192519435,0.1210440353064272,8.547298689849598,0.009979523750833798,0.45,5872,6809
Olfactory placode,V0 interneuron,5.949752016376486,-0.2666153092890564,-14.380764891499929,0.0036094148198325526,0.0,5872,2114
Olfactory placode,V1 interneuron,5.857403329004271,-0.27360142748454014,-12.932711913850206,0.0014561617032426218,0.0,5872,1795
Olfactory placode,V2 interneuron,5.674123347159347,-0.28440352461683727,-10.671243647778,0.0023819613792195244,0.0,5872,842
Olfactory placode,V3 interneuron,5.296417587033383,-0.278064348848351,-5.28812552017949,0.0045591303437454945,0.0,5872,230
Olfactory placode,Vagal neural crest,6.248301809175094,0.14211236175812214,9.507744940390275,0.012040613591100908,0.01,5872,4937
Olfactory placode,Visceral motor neuron,5.517992068007655,-0.3721886782284661,-16.193930992238975,0.008854126905317542,0.0,5872,2062
Olfactory placode,Yolk sac endothelial cell,5.363840650638682,-0.051907725774468304,-0.3729823499306388,0.028069281606740153,0.19,5872,112
Olfactory sensory neuron,Olfactory sensory neuron,9.500000000038199,-1.1842378929335002e-15,-1.1845322769774505e-05,3.6077238732107605e-28,1.0,389,389
Olfactory sensory neuron,Otic placode,5.995191241557522,0.4209110261390414,9.463481101381978,0.0018657385516446215,0.0,389,2365
Olfactory sensory neuron,Otic sensory neuron,5.882647689799697,0.4039982988646094,8.8959044970002,0.005027038886473947,0.0,389,974
Olfactory sensory neuron,Outflow tract,5.318550427792652,-0.18754221940108481,-4.041182150931507,0.015778387914777644,0.26,389,890
Olfactory sensory neuron,Pancreatic-biliary progenitor,5.103503381642788,-0.2505825257968303,-4.541431620659807,0.005864484637235629,0.01,389,373
Olfactory sensory neuron,Paraventricular hypothalamic neuron,5.058505229066241,-0.21672091553835404,-2.7928663810266783,0.0069347855459360895,0.06,389,192
Olfactory sensory neuron,Periocular mesoderm,5.196538626383039,-0.1925117082089954,-5.232973163937557,0.012979323635765129,0.18,389,1739
Olfactory sensory neuron,Pharyngeal arch mesenchyme (p1-p2),6.402516076715227,0.4710613109245895,12.115720580423435,0.003230522085247847,0.0,389,29887
Olfactory sensory neuron,Pharyngeal arch mesenchyme (p3-p4),6.0952634451749255,0.24807090805192308,5.796004221066091,0.007464490939893839,0.0,389,9198
Olfactory sensory neuron,Pharyngeal endoderm,5.3224221102965705,-0.23521760888656443,-7.126847491234454,0.006083949925410195,0.0,389,5045
Olfactory sensory neuron,Pharyngeal mesoderm,5.570194940531226,-0.19162264829233985,-5.440408153345014,0.014761138334739476,0.08,389,7691
Olfactory sensory neuron,Presomitic mesoderm,5.885664438121214,-0.13311779961697923,-3.2113658622385004,0.0022828685691713797,0.06,389,8521
Olfactory sensory neuron,Primordial germ cell,4.632493302039791,-0.08719366027662279,-0.7452400264665979,0.040491254799913244,0.78,254,25
Olfactory sensory neuron,Respiratory progenitor,5.121426691406448,-0.2473922567203175,-4.8588940981027795,0.003378720396772784,0.0,389,1209
Olfactory sensory neuron,Right ventricle,5.247596398021079,-0.11294261515168784,-3.2358301247249632,0.017529258990418645,0.62,389,730
Olfactory sensory neuron,Roof plate (anterior),6.154204076260324,0.24858025108115545,5.920448578501315,0.0066264853049925986,0.0,389,3787
Olfactory sensory neuron,Roof plate (posterior),5.991165418919657,0.07277847903553376,1.5868126257273303,3.655784697375725e-05,0.15,389,2248
Olfactory sensory neuron,Sacral neural crest,5.829644708523468,0.05420208641064228,1.3447462560002073,0.006508988192900077,0.48,389,2156
Olfactory sensory neuron,Sclerotome,5.876720950937739,-0.3390350112176869,-8.33566657858842,0.002933882199350437,0.0,389,74334
Olfactory sensory neuron,Second heart field (anterior),5.419568949784964,-0.07741279996060868,-1.7903681206528097,0.004625868318169807,0.99,389,1040
Olfactory sensory neuron,Somatic mesoderm (anterior),5.869716585365897,-0.10435830847136056,-3.13177035983299,0.013459114324267281,0.47,389,14544
Olfactory sensory neuron,Somatic mesoderm (posterior),6.087427697898832,0.0006667026613804694,0.012389556660243217,0.00091755619767635,0.9,389,48596
Olfactory sensory neuron,Somatic mesoderm (tailbud),5.937349607937097,0.14914775224846188,3.2554601127315306,0.003866332942136564,0.07,389,3011
Olfactory sensory neuron,Somatic motor neuron,5.599671227892087,-0.3903820106519473,-8.670473907183384,0.003508163984002276,0.0,389,6559
Olfactory sensory neuron,Spinal cord (cervical),6.039546306130956,-0.15331254622118085,-3.609343434437942,0.0013933018886056483,0.01,389,41051
Olfactory sensory neuron,Spinal cord (lumbar),5.856743571331698,-0.200109517912626,-4.449891050291253,0.0027295949023974095,0.0,389,12722
Olfactory sensory neuron,Spinal cord (sacral),5.7950864665977235,-0.19476623353353162,-4.345495314703315,0.0003667169764668088,0.0,389,5351
Olfactory sensory neuron,Spinal cord (thoracic),5.912980701824046,-0.21493605332038404,-5.374494693572003,0.0009281597550539979,0.0,389,35061
Olfactory sensory neuron,Spinal cord interneuron progenitor,5.650353339508674,-0.31415184786629996,-6.914798628752032,0.02362667275947981,0.0,389,2196
Olfactory sensory neuron,Splanchnic mesoderm (cardiopulmonary),5.676144795795483,-0.11734025726441259,-3.382790259024768,0.0135580977760364,0.76,389,5768
Olfactory sensory neuron,Splanchnic mesoderm (gastric),5.676832877481295,-0.08995693906935702,-2.3826868492187416,0.01062336116872476,0.5,389,3373
Olfactory sensory neuron,Splanchnic mesoderm (intestinal),6.017391541328045,0.013373278973600597,0.3117735581141256,0.0011841388089653473,0.82,389,9676
Olfactory sensory neuron,Splanchnic mesoderm (septum transversum),5.708787997462584,-0.00841654893180562,-0.5576211848726688,0.005390451825526052,0.62,389,2825
Olfactory sensory neuron,Subthalamic nucleus neuron,5.264466349718224,-0.3329744944177868,-7.302133579751445,0.0013801234394283256,0.0,389,802
Olfactory sensory neuron,Surface ectoderm (posterior),5.295756288514693,0.05468943813206669,0.6168165197436934,0.0015472082600389357,0.94,389,133
Olfactory sensory neuron,Telencephalon (dorsal),6.245654048898467,0.23548342620068988,6.040903095896062,0.006913482450646581,0.0,389,31059
Olfactory sensory neuron,Telencephalon (ventral),5.936780824680246,0.13509516283998688,3.4592832161875133,0.003578550459370459,0.08,389,3241
Olfactory sensory neuron,Thyroid progenitor,5.116066144413055,-0.23074286560669321,-5.386661554489902,0.0035903638732218447,0.0,389,850
Olfactory sensory neuron,Trigeminal branchiomotor neuron,5.329708227325269,-0.2335465984296068,-4.699648568599826,0.00039978095555267103,0.0,389,872
Olfactory sensory neuron,Trigeminal ganglion neuron,5.969564906556808,0.30513396518692293,6.809439327287578,0.014562622227120854,0.0,389,1765
Olfactory sensory neuron,Trigeminal placode,6.750898612560943,0.9406842015883013,22.433751628351786,0.03294220507242952,0.0,389,6546
Olfactory sensory neuron,Trigeminal sensory neuron,6.234835150777006,0.5329305879408984,12.861639933549235,0.007122273349576857,0.0,389,3198
Olfactory sensory neuron,Trochlear neuron,5.107332517322354,-0.20187067587180016,-2.7784810891000546,0.006844900608708286,0.16,389,153
Olfactory sensory neuron,Trunk neural crest,5.923923567121328,0.03760210706311954,0.934403298440758,0.00012393233181565768,0.5,389,6809
Olfactory sensory neuron,V0 interneuron,5.765884674313312,-0.24398119360324552,-5.429283425576113,0.00789647348616549,0.0,389,2114
Olfactory sensory neuron,V1 interneuron,5.630904345956318,-0.2946950599929791,-6.629398479106811,0.0025882100852096758,0.0,389,1795
Olfactory sensory neuron,V2 interneuron,5.50008305362736,-0.24791563003235892,-4.505622936122486,0.005770564075901477,0.0,389,842
Olfactory sensory neuron,V3 interneuron,5.10320247928157,-0.2733445354496302,-4.005471112932542,0.0009979810243007003,0.0,389,230
Olfactory sensory neuron,Vagal neural crest,5.945351259640243,0.045964345208448755,1.0096190442700184,0.00022320566421440966,0.44,389,4937
Olfactory sensory neuron,Visceral motor neuron,5.3539235640813265,-0.3292748219742405,-6.651891170999861,0.013814279744197145,0.0,389,2062
Olfactory sensory neuron,Yolk sac endothelial cell,5.152560989941734,-0.0711436669154694,-0.29270901012480294,0.07793640066567893,0.06,389,112
Otic placode,Otic placode,9.500000000012044,-1.7763568394002505e-15,-5.9187706966023865e-06,1.3568407569801403e-28,1.0,2365,2365
Otic placode,Otic sensory neuron,7.730730464299149,2.175411147536892,68.36317796466744,0.008451082256563576,0.0,2365,974
Otic placode,Outflow tract,5.462301905630947,-0.12333322288419257,-4.0715471218604256,0.00026489050853354193,0.0,2365,890
Otic placode,Pancreatic-biliary progenitor,5.229691691424953,-0.19867775197951865,-4.510545045781876,0.007786404994301914,0.02,2365,373
Otic placode,Paraventricular hypothalamic neuron,5.197563423398205,-0.15662013882546186,-2.3333208587296768,0.015741816661826377,0.44,2365,192
Otic placode,Periocular mesoderm,5.344618031807326,-0.1227635623638094,-4.647481710527642,0.01507953312686932,0.55,2365,1739
Otic placode,Pharyngeal arch mesenchyme (p1-p2),6.483923862431014,0.47633920387935696,28.824541518026933,0.001922162947721674,0.0,2365,29887
Otic placode,Pharyngeal arch mesenchyme (p3-p4),6.393214969514865,0.46654139057299204,25.33185541645524,0.013110125788326144,0.0,2365,9198
Otic placode,Pharyngeal endoderm,5.486842016736854,-0.14418074884524254,-8.214742028779279,0.007941393470934057,0.01,2365,5045
Otic placode,Pharyngeal mesoderm,5.683907603996208,-0.15317894228792403,-9.763331265219167,0.01133190095997933,0.01,2365,7691
Otic placode,Presomitic mesoderm,5.993096270913109,-0.10255210380513624,-5.746903823568917,0.0001596321448012185,0.0,2365,8521
Otic placode,Primordial germ cell,4.7201832289985886,-0.08180841975636044,-0.6024733610222668,0.019413511312803312,0.91,1393,25
Otic placode,Respiratory progenitor,5.2193143256609895,-0.22793517474055017,-8.129818388606353,0.016067106706992764,0.0,2365,1209
Otic placode,Right ventricle,5.313227827655272,-0.12494770511972142,-3.0591731879374424,0.003941800230048132,0.02,2365,730
Otic placode,Roof plate (anterior),6.254759062305273,0.2767900072928402,12.420173611756354,0.00489440169645407,0.0,2365,3787
Otic placode,Roof plate (posterior),6.149925868428245,0.1627916307658793,6.510820839976236,0.0024771301483094044,0.0,2365,2248
Otic placode,Sacral neural crest,5.965479667914468,0.11304405389164766,4.95276283209956,0.014920344871751808,0.43,2365,2156
Otic placode,Sclerotome,5.932200874995984,-0.35813109508797947,-22.720980474949318,0.0019212800673047243,0.0,2365,74334
Otic placode,Second heart field (anterior),5.506149024077875,-0.07264645406419994,-2.3225402217680986,0.009761013363954397,0.49,2365,1040
Otic placode,Somatic mesoderm (anterior),6.008692279569542,-0.04331510071994386,-2.6859288254282734,0.0005431701235629893,0.18,2365,14544
Otic placode,Somatic mesoderm (posterior),6.28061700637516,0.11770504049488355,7.076109608567282,0.004797680277551921,0.0,2365,48596
Otic placode,Somatic mesoderm (tailbud),6.080544428272071,0.21485290265074633,9.290690569075826,0.0016974925524592033,0.0,2365,3011
Otic placode,Somatic motor neuron,5.622421833210072,-0.4428843878537719,-22.782593151335984,0.006272238064099504,0.0,2365,6559
Otic placode,Spinal cord (cervical),6.074686520907995,-0.19742654563717968,-11.787944685685815,0.0014257119347289653,0.0,2365,41051
Otic placode,Spinal cord (lumbar),5.921766777415094,-0.20610164486301544,-11.017876794311206,0.00021453299643262998,0.0,2365,12722
Otic placode,Spinal cord (sacral),5.892719984551056,-0.17196854500004566,-8.750063811889582,0.004158803935406568,0.0,2365,5351
Otic placode,Spinal cord (thoracic),5.986847058939504,-0.21657296874880316,-13.85181836437152,0.001842652483658645,0.0,2365,35061
Otic placode,Spinal cord interneuron progenitor,5.651752544895888,-0.39167965388137854,-15.811222905174425,0.010772987266147177,0.0,2365,2196
Otic placode,Splanchnic mesoderm (cardiopulmonary),5.782383836668473,-0.08970949450342876,-4.907692965957238,0.01013536990694796,0.74,2365,5768
Otic placode,Splanchnic mesoderm (gastric),5.791744769065566,-0.05272844497839765,-2.4638124015194856,0.00033997184957283515,0.1,2365,3373
Otic placode,Splanchnic mesoderm (intestinal),6.19667166929764,0.11436421462066419,5.64110409969737,0.00565974397497202,0.02,2365,9676
Otic placode,Splanchnic mesoderm (septum transversum),5.798009690569003,0.0034971440596021828,0.46020540554504813,0.016973959283764092,0.14,2365,2825
Otic placode,Subthalamic nucleus neuron,5.333126727651258,-0.3409017721452822,-10.704138945324205,0.007681800770436729,0.0,2365,802
Otic placode,Surface ectoderm (posterior),5.479027796341992,0.16561308046620157,2.132767708412763,0.0335272421517256,0.56,2365,133
Otic placode,Telencephalon (dorsal),5.966186006122179,-0.11790522225957467,-6.888986806897354,0.005817521785020644,0.03,2365,31059
Otic placode,Telencephalon (ventral),5.810231811022978,-0.06507814119675774,-3.1884743404216134,0.006157946265029106,0.75,2365,3241
Otic placode,Thyroid progenitor,5.238038117835287,-0.1866594277662609,-6.023862764415469,0.02621102014241225,0.03,2365,850
Otic placode,Trigeminal branchiomotor neuron,5.351703555292249,-0.29073094269285704,-9.527363074675375,0.012533603488019027,0.0,2365,872
Otic placode,Trigeminal ganglion neuron,6.205244732935988,0.46633057514836224,18.339656330464532,0.016889657658424095,0.0,2365,1765
Otic placode,Trigeminal placode,7.2065252368084,1.323276475091869,69.62350198684364,0.005020049967241094,0.0,2365,6546
Otic placode,Trigeminal sensory neuron,6.595128999753297,0.8128666547118627,36.531282921823085,0.02920508775934015,0.0,2365,3198
Otic placode,Trochlear neuron,5.167172165718312,-0.21935286373478924,-2.861755047081329,0.029406305518270406,0.13,2365,153
Otic placode,Trunk neural crest,6.098214652193586,0.1338921528651067,7.134505009167778,0.0010809772275939167,0.0,2365,6809
Otic placode,V0 interneuron,5.802888296186478,-0.2803016777633876,-10.450576160068861,0.006476362741835308,0.0,2365,2114
Otic placode,V1 interneuron,5.647599659594042,-0.3515355779666045,-14.146224691170794,0.00600850340006477,0.0,2365,1795
Otic placode,V2 interneuron,5.525830978115504,-0.30272659005558467,-8.380418291355957,0.0017983449133335628,0.0,2365,842
Otic placode,V3 interneuron,5.20862096817031,-0.23748926261198378,-4.285573898028863,0.03043844853840509,0.03,2365,230
Otic placode,Vagal neural crest,6.179508394004574,0.20623041132055211,9.895327473764217,0.007465521541348144,0.0,2365,4937
Otic placode,Visceral motor neuron,5.34752822605747,-0.4097927206756327,-15.897928040331665,0.00715418958254079,0.0,2365,2062
Otic placode,Yolk sac endothelial cell,5.2854732828401865,-0.012259149720708665,0.08838831596257286,0.007796125181883875,0.62,2365,112
Otic sensory neuron,Otic sensory neuron,9.499999999991994,-1.8947806286936004e-14,-0.0001953608686856,1.0518145402946829e-30,1.0,974,974
Otic sensory neuron,Outflow tract,5.403730870627626,-0.0736701250268365,-2.0574280099598954,0.002687967629007821,0.31,974,890
Otic sensory neuron,Pancreatic-biliary progenitor,5.196343879474125,-0.1345270947114988,-3.049053360529969,0.011696946309920013,0.35,974,373
Otic sensory neuron,Paraventricular hypothalamic neuron,5.101089949573795,-0.1454492336743236,-2.012010716504007,0.018685090850634276,0.51,974,192
Otic sensory neuron,Periocular mesoderm,5.302283000823942,-0.06494312128446555,-1.805211695482477,0.015392146321156399,0.01,974,1739
Otic sensory neuron,Pharyngeal arch mesenchyme (p1-p2),6.343345077866783,0.4352542172061007,18.187655778274102,0.0024182301267192704,0.0,974,29887
Otic sensory neuron,Pharyngeal arch mesenchyme (p3-p4),6.2116713688023415,0.386175640691054,12.58770140112199,0.008426314122658748,0.0,974,9198
Otic sensory neuron,Pharyngeal endoderm,5.4692983911261175,-0.06199701248838796,-2.8198272780857523,0.01740769646629946,0.13,974,5045
Otic sensory neuron,Pharyngeal mesoderm,5.602243380261382,-0.13462304297298644,-5.81118398996735,0.013375774076298313,0.96,974,7691
Otic sensory neuron,Presomitic mesoderm,5.845777368710126,-0.15306647540675714,-5.976548900771931,0.0003070740722336601,0.0,974,8521
Otic sensory neuron,Primordial germ cell,4.650981715170491,-0.025246338813681213,-0.38553763895115756,0.1574912884691861,0.07,629,25
Otic sensory neuron,Respiratory progenitor,5.253119272939252,-0.09406884969839968,-3.4660555667401556,0.03085188723212301,0.1,974,1209
Otic sensory neuron,Right ventricle,5.235661119710182,-0.10216849606530982,-2.210882155231127,0.01933878213283902,0.1,974,730
Otic sensory neuron,Roof plate (anterior),6.1177094565630545,0.2392706739241266,7.684741105946254,0.009801517033080001,0.0,974,3787
Otic sensory neuron,Roof plate (posterior),5.946071247430008,0.05753501764110395,1.8887937957068885,0.0004397053592344604,0.16,974,2248
Otic sensory neuron,Sacral neural crest,5.8227220193257905,0.07332966241486243,2.512000392901972,0.022205467752206595,0.72,974,2156
Otic sensory neuron,Sclerotome,5.839313268639798,-0.3527554741890375,-14.741171184985811,0.0013825616354364014,0.0,974,74334
Otic sensory neuron,Second heart field (anterior),5.470724660016711,-0.00648759114041475,0.19891505135498186,0.010273917237365645,0.69,974,1040
Otic sensory neuron,Somatic mesoderm (anterior),5.928234603625072,-0.02206250337683861,-0.8368997110940107,0.0004319358497320805,0.98,974,14544
Otic sensory neuron,Somatic mesoderm (posterior),6.155803408352593,0.09596600058206277,4.347867831292832,0.010537570371647268,0.92,974,48596
Otic sensory neuron,Somatic mesoderm (tailbud),5.887978570412763,0.12618844315428626,4.151362219061434,0.005619800949789647,0.06,974,3011
Otic sensory neuron,Somatic motor neuron,5.4811774247666705,-0.48636395270110216,-16.966240502033813,0.002356377300246509,0.0,974,6559
Otic sensory neuron,Spinal cord (cervical),5.925564960753747,-0.24785551692656002,-9.150354668489504,2.8715396904995028e-05,0.0,974,41051
Otic sensory neuron,Spinal cord (lumbar),5.778968005083182,-0.24953160824663367,-8.465141949793809,0.009023553306937916,0.0,974,12722
Otic sensory neuron,Spinal cord (sacral),5.742243482780353,-0.22265527294367202,-7.980342506652142,0.0046347935530414285,0.0,974,5351
Otic sensory neuron,Spinal cord (thoracic),5.831223875788094,-0.27228878478137936,-9.441946839339066,0.008059961063100581,0.0,974,35061
Otic sensory neuron,Spinal cord interneuron progenitor,5.511255977959611,-0.4289623085843492,-12.11694155691628,0.02948851967827429,0.0,974,2196
Otic sensory neuron,Splanchnic mesoderm (cardiopulmonary),5.655849672538094,-0.11592171064256569,-5.300126774415424,0.007019726815400279,0.25,974,5768
Otic sensory neuron,Splanchnic mesoderm (gastric),5.663632981400234,-0.07954622650103864,-2.8747100741376745,1.8542488553870926e-06,0.03,974,3373
Otic sensory neuron,Splanchnic mesoderm (intestinal),6.050379020995387,0.06760453131636002,2.530076381086754,0.015895117820590218,0.02,974,9676
Otic sensory neuron,Splanchnic mesoderm (septum transversum),5.7206065254984395,0.024366620171207387,0.8271404859247937,0.01757819674990485,0.04,974,2825
Otic sensory neuron,Subthalamic nucleus neuron,5.245519950217148,-0.33067613005040136,-7.851427906431719,0.006359370428028498,0.0,974,802
Otic sensory neuron,Surface ectoderm (posterior),5.32560128549276,0.11029831001618096,1.665203296524614,0.02127791694575902,0.61,974,133
Otic sensory neuron,Telencephalon (dorsal),5.827863859167741,-0.15858494408171828,-5.7159593695098545,0.006562762843052587,0.0,974,31059
Otic sensory neuron,Telencephalon (ventral),5.688726120691804,-0.0867560114862999,-2.6877162212438797,0.011868490513340154,0.56,974,3241
Otic sensory neuron,Thyroid progenitor,5.204100713468745,-0.11832126787403426,-3.5621762252259352,0.022619939276726883,0.54,974,850
Otic sensory neuron,Trigeminal branchiomotor neuron,5.2111777995478015,-0.3265506218047645,-8.621076637561425,0.009597795980350758,0.0,974,872
Otic sensory neuron,Trigeminal ganglion neuron,6.027558839078004,0.3873733684557748,13.385418861392333,0.017437793091387512,0.0,974,1765
Otic sensory neuron,Trigeminal placode,6.977260209487281,1.1915442317715301,44.491753201229734,0.02782043515744153,0.0,974,6546
Otic sensory neuron,Trigeminal sensory neuron,6.515790975452048,0.8309460416753861,29.451643348136383,0.08118880722242058,0.0,974,3198
Otic sensory neuron,Trochlear neuron,5.001545188385806,-0.28624109118622226,-4.115641528734303,0.009684773192961392,0.0,974,153
Otic sensory neuron,Trunk neural crest,5.899380458037374,0.03661690214402539,1.8978468484435933,0.008472354976343232,0.05,974,6809
Otic sensory neuron,V0 interneuron,5.625601443233298,-0.3574435818812285,-10.836855173071266,0.02500697830407028,0.0,974,2114
Otic sensory neuron,V1 interneuron,5.501984436167251,-0.4019663899431996,-11.84498525074729,0.025389711668302197,0.0,974,1795
Otic sensory neuron,V2 interneuron,5.362573041278595,-0.36040090506522987,-9.130326899464576,0.011990348844336746,0.0,974,842
Otic sensory neuron,V3 interneuron,5.1158260860467175,-0.22677272906344528,-4.223529821484206,0.04368264373053058,0.8,974,230
Otic sensory neuron,Vagal neural crest,5.990872374384395,0.11661745269044459,3.7647112990819562,0.006015036273140405,0.17,974,4937
Otic sensory neuron,Visceral motor neuron,5.2530460617311325,-0.406771069237817,-11.455339860209618,0.0034857308585162375,0.0,974,2062
Otic sensory neuron,Yolk sac endothelial cell,5.2144264921045,0.023254625254298073,0.7273527161332374,0.021136520142273872,0.33,974,112
Outflow tract,Outflow tract,9.500000000024198,-8.289665250534503e-15,-7.695916331318423e-05,2.408655297274823e-28,1.0,890,890
Outflow tract,Pancreatic-biliary progenitor,5.232325267127561,-0.12473180810235036,-2.8706904291210624,0.0035974872640119862,0.16,890,373
Outflow tract,Paraventricular hypothalamic neuron,5.150697015667274,-0.12392086843542405,-2.0848801574519995,0.017181605158391178,0.75,890,192
Outflow tract,Periocular mesoderm,5.408081579186436,0.014986185869476643,0.09325333603846649,0.025799353913906777,0.05,890,1739
Outflow tract,Pharyngeal arch mesenchyme (p1-p2),5.733748432569736,-0.20169934745638093,-7.231462243458874,0.019849140015386613,0.04,890,29887
Outflow tract,Pharyngeal arch mesenchyme (p3-p4),5.654203029207944,-0.19929876524263465,-6.807874260513444,0.009767684609788958,0.0,890,9198
Outflow tract,Pharyngeal endoderm,5.468242430946607,-0.09180565084106836,-3.915119610178513,0.0024458148148728534,0.11,890,5045
Outflow tract,Pharyngeal mesoderm,6.9414117403524465,1.1760625718089246,53.27193410038789,0.00541226051929346,0.0,890,7691
Outflow tract,Presomitic mesoderm,5.755234889378915,-0.2696289692459673,-10.016392183190591,0.0010736973914031271,0.0,890,8521
Outflow tract,Primordial germ cell,4.599865495375159,-0.17050040111058218,-1.687846835059997,0.04307844699560448,0.88,585,25
Outflow tract,Respiratory progenitor,5.258720046894429,-0.12036389436253032,-3.3679001064678533,0.010334300662850085,0.04,890,1209
Outflow tract,Right ventricle,7.25216662838618,1.884990596202767,51.034263613620624,0.28351725537719374,0.0,890,730
Outflow tract,Roof plate (anterior),5.626708786666531,-0.27934659515329824,-9.345224391331302,0.002449943623307767,0.0,890,3787
Outflow tract,Roof plate (posterior),5.687384649695314,-0.22988041626934516,-7.531815888327368,0.0012440924623364378,0.0,890,2248
Outflow tract,Sacral neural crest,5.5749544739191785,-0.20767964217182508,-6.389475491613482,0.009306165203731377,0.0,890,2156
Outflow tract,Sclerotome,6.14143314932518,-0.07445625084466083,-2.886454544753805,0.0006694230542533301,0.03,890,74334
Outflow tract,Second heart field (anterior),7.435502595981004,1.9277902573110373,63.454868717561396,0.06576928480255763,0.0,890,1040
Outflow tract,Somatic mesoderm (anterior),6.405363691946296,0.42790964526768455,17.465435768053467,0.0010647859564926416,0.0,890,14544
Outflow tract,Somatic mesoderm (posterior),6.022785631380209,-0.06872589868270218,-2.459874464570601,0.0008184725762827543,0.11,890,48596
Outflow tract,Somatic mesoderm (tailbud),5.690920684998879,-0.10189437477818271,-3.7279338429156934,0.0010899172146681857,0.01,890,3011
Outflow tract,Somatic motor neuron,5.650646765802814,-0.34518332572256555,-12.439609971805522,0.0002932030903258952,0.0,890,6559
Outflow tract,Spinal cord (cervical),5.7624242280754645,-0.4371580245220305,-15.402959240159062,0.0012078759009249407,0.0,890,41051
Outflow tract,Spinal cord (lumbar),5.754945027305461,-0.3024806077290414,-11.65491892774022,0.0004149397184405636,0.0,890,12722
Outflow tract,Spinal cord (sacral),5.718928159827509,-0.27296144330477645,-9.660127661045742,0.0012192285595436867,0.0,890,5351
Outflow tract,Spinal cord (thoracic),5.763896787830087,-0.3695647848159105,-13.480602455886663,0.0003952749850195364,0.0,890,35061
Outflow tract,Spinal cord interneuron progenitor,5.635819011780348,-0.3317885446750483,-9.907039883205583,0.0007109141865774596,0.0,890,2196
Outflow tract,Splanchnic mesoderm (cardiopulmonary),6.757879743812734,0.955899086223293,39.464351529085796,0.007176412138546254,0.0,890,5768
Outflow tract,Splanchnic mesoderm (gastric),5.782423435659649,0.010720116869608573,0.3278084259065259,0.0020648443814883103,0.33,890,3373
Outflow tract,Splanchnic mesoderm (intestinal),5.951681540378903,-0.05522977506854362,-2.0397525408787853,0.00239834641213513,0.88,890,9676
Outflow tract,Splanchnic mesoderm (septum transversum),6.011715915773216,0.29117375190587413,11.50558233696898,0.010126248179154834,0.0,890,2825
Outflow tract,Subthalamic nucleus neuron,5.3678141035469125,-0.2333899572534257,-6.941703910192607,0.00010614408586712239,0.0,890,802
Outflow tract,Surface ectoderm (posterior),5.1762250619748515,-0.06857466561144794,-1.1393941516793478,0.0011258763998261317,0.68,890,133
Outflow tract,Telencephalon (dorsal),5.662903914985755,-0.3485811260186118,-13.944363703405296,0.002480638920118849,0.0,890,31059
Outflow tract,Telencephalon (ventral),5.541913332635194,-0.2606668195120149,-9.193093113134754,0.009553219258856266,0.0,890,3241
Outflow tract,Thyroid progenitor,5.273106211613935,-0.07921810525303268,-2.3952744983276424,0.005807472910836128,0.38,890,850
Outflow tract,Trigeminal branchiomotor neuron,5.366716992513278,-0.20500486280211808,-5.884316332174644,0.0006280911470833561,0.0,890,872
Outflow tract,Trigeminal ganglion neuron,5.5200207032477016,-0.15010500280937192,-4.613222181012458,0.016312264596155823,0.71,890,1765
Outflow tract,Trigeminal placode,5.693969667755304,-0.11918322398418872,-4.330582431777741,0.008400814980946344,0.52,890,6546
Outflow tract,Trigeminal sensory neuron,5.557835406154922,-0.14866181856466673,-5.339219803851943,0.008349763531592506,0.06,890,3198
Outflow tract,Trochlear neuron,5.155578343071956,-0.1596362761984862,-2.6154303019238845,0.016262769340490563,0.8,890,153
Outflow tract,Trunk neural crest,5.680181367171511,-0.21044803592220016,-7.647974854173135,0.0017897450963810907,0.0,890,6809
Outflow tract,V0 interneuron,5.665117866841345,-0.347439922868654,-10.70032248703587,0.0018823750015550696,0.0,890,2114
Outflow tract,V1 interneuron,5.578285175940709,-0.35246787523881196,-11.316700364443447,0.002344793944922258,0.0,890,1795
Outflow tract,V2 interneuron,5.495426937611195,-0.25775141019062825,-7.132590831398832,0.0003953934267681536,0.0,890,842
Outflow tract,V3 interneuron,5.181517909788412,-0.18984292167004035,-3.216129652645767,0.0057470094095693315,0.02,890,230
Outflow tract,Vagal neural crest,5.69204466604041,-0.2095289710652072,-7.213952644599506,0.007425754914125584,0.0,890,4937
Outflow tract,Visceral motor neuron,5.3705550756450435,-0.31731142440158927,-9.342575228721293,0.00908153364215756,0.0,890,2062
Outflow tract,Yolk sac endothelial cell,5.259507972778572,0.03510436133113556,0.6494785885732394,0.022986265634631606,0.93,890,112
Pancreatic-biliary progenitor,Pancreatic-biliary progenitor,9.500000000014646,-9.473903143468002e-15,-8.28806682008118e-05,1.8091210093068536e-28,1.0,373,373
Pancreatic-biliary progenitor,Paraventricular hypothalamic neuron,5.211580238933534,0.08632237745592874,1.3985397501984742,0.024188398874842323,0.44,373,192
Pancreatic-biliary progenitor,Periocular mesoderm,5.479201815153164,0.232209013184419,6.026566549504241,0.062216831804259645,0.53,373,1739
Pancreatic-biliary progenitor,Pharyngeal arch mesenchyme (p1-p2),5.36197644998904,-0.42188814924752965,-10.598890844933548,0.0006143169400961036,0.0,373,29887
Pancreatic-biliary progenitor,Pharyngeal arch mesenchyme (p3-p4),5.284811827928151,-0.41392087042048686,-9.816006202775018,0.014752208604258011,0.0,373,9198
Pancreatic-biliary progenitor,Pharyngeal endoderm,6.2240376124327055,0.8169069069240941,24.437446412739117,0.01233536797874103,0.0,373,5045
Pancreatic-biliary progenitor,Pharyngeal mesoderm,5.499253886764734,-0.1114419251813376,-3.651413291568879,0.0033445551341517296,0.17,373,7691
Pancreatic-biliary progenitor,Presomitic mesoderm,5.491137902127754,-0.38198206888470193,-9.75500758151473,0.013547954097019105,0.0,373,8521
Pancreatic-biliary progenitor,Primordial germ cell,4.6645847525985555,0.08060543112021756,0.5431817716699596,0.03184854734867968,0.65,245,25
Pancreatic-biliary progenitor,Respiratory progenitor,6.652588283987906,1.4288866734191608,33.47661877425114,0.031301634129518995,0.0,373,1209
Pancreatic-biliary progenitor,Right ventricle,5.124050847268979,-0.08760910143792877,-2.774857583472677,0.02165614854706607,0.27,373,730
Pancreatic-biliary progenitor,Roof plate (anterior),5.311927872411116,-0.4491873219243863,-10.582574665786387,0.01962875923538522,0.0,373,3787
Pancreatic-biliary progenitor,Roof plate (posterior),5.34870149573399,-0.4127592281312135,-8.753673124085067,0.010455888951979346,0.0,373,2248
Pancreatic-biliary progenitor,Sacral neural crest,5.345207151186174,-0.28319394540777615,-6.232232326708888,0.03515588202480567,0.12,373,2156
Pancreatic-biliary progenitor,Sclerotome,5.664749727861531,-0.39909679122867797,-10.065932523074151,0.014879315406258574,0.0,373,74334
Pancreatic-biliary progenitor,Second heart field (anterior),5.253225660035966,-0.09615469868149311,-2.3138636733694935,2.784830258711951e-05,0.02,373,1040
Pancreatic-biliary progenitor,Somatic mesoderm (anterior),5.5174763215495775,-0.30261656179968277,-7.58874693900621,0.0027029191121456003,0.0,373,14544
Pancreatic-biliary progenitor,Somatic mesoderm (posterior),5.488114015105032,-0.45282320378452184,-12.293050908480353,0.012617914455998185,0.0,373,48596
Pancreatic-biliary progenitor,Somatic mesoderm (tailbud),5.384767870637922,-0.25881681736753287,-5.532424673643516,0.037938112844014216,0.12,373,3011
Pancreatic-biliary progenitor,Somatic motor neuron,5.476171226848563,-0.3673127052673193,-7.998749415063668,0.044132394641394006,0.0,373,6559
Pancreatic-biliary progenitor,Spinal cord (cervical),5.520906379631641,-0.5293912253593372,-12.595142948937083,0.023201582124760086,0.0,373,41051
Pancreatic-biliary progenitor,Spinal cord (lumbar),5.4685763894433235,-0.43769944615703454,-10.043081907490262,0.010848246553657294,0.0,373,12722
Pancreatic-biliary progenitor,Spinal cord (sacral),5.43940601375354,-0.4041312222165117,-9.904779007763192,0.017838016573509766,0.0,373,5351
Pancreatic-biliary progenitor,Spinal cord (thoracic),5.518635830493083,-0.4627177829505455,-11.271358720016613,0.019532709294742788,0.0,373,35061
Pancreatic-biliary progenitor,Spinal cord interneuron progenitor,5.44633791571093,-0.37332350006565945,-8.824933154194651,0.03188706799979984,0.0,373,2196
Pancreatic-biliary progenitor,Splanchnic mesoderm (cardiopulmonary),5.3649871344396365,-0.2834107555042132,-7.608344686081647,0.0007342333375492548,0.0,373,5768
Pancreatic-biliary progenitor,Splanchnic mesoderm (gastric),5.326719635996461,-0.2969438018837855,-7.320287914976998,0.007271165784146442,0.0,373,3373
Pancreatic-biliary progenitor,Splanchnic mesoderm (intestinal),5.446155547335999,-0.4086551406248802,-9.958065494148485,0.0043983667251553055,0.0,373,9676
Pancreatic-biliary progenitor,Splanchnic mesoderm (septum transversum),5.389254002480519,-0.18646211634633225,-5.169473243783627,0.0025590682658922213,0.0,373,2825
Pancreatic-biliary progenitor,Subthalamic nucleus neuron,5.392172570256913,-0.05793889647869547,-0.9843796246130697,0.019942951287296486,0.07,373,802
Pancreatic-biliary progenitor,Surface ectoderm (posterior),5.095252043909024,0.006397938358621087,0.16315624966131134,0.02465191028347077,0.63,373,133
Pancreatic-biliary progenitor,Telencephalon (dorsal),5.4212229161166725,-0.4432432227233483,-10.128661986820392,0.019311499961291334,0.0,373,31059
Pancreatic-biliary progenitor,Telencephalon (ventral),5.291046811072584,-0.3606640788357896,-8.195829214565654,0.015779923969412055,0.0,373,3241
Pancreatic-biliary progenitor,Thyroid progenitor,6.36064447296796,1.1601263768543009,28.871735322663017,0.01972164112636165,0.0,373,850
Pancreatic-biliary progenitor,Trigeminal branchiomotor neuron,5.322006476932545,-0.09488866549665431,-1.6783485745959095,0.006654183311364254,0.99,373,872
Pancreatic-biliary progenitor,Trigeminal ganglion neuron,5.172650299113874,-0.34453795233462553,-7.7677127459442366,0.004715420461936427,0.0,373,1765
Pancreatic-biliary progenitor,Trigeminal placode,5.3190687988347145,-0.3418837977800961,-7.854632923843879,0.007756749418841988,0.0,373,6546
Pancreatic-biliary progenitor,Trigeminal sensory neuron,5.268531013747977,-0.2934638319275947,-6.964425743827122,0.010290284386748037,0.0,373,3198
Pancreatic-biliary progenitor,Trochlear neuron,5.118514617456576,-0.04721315621267733,-0.6543034026850991,0.002240129351144212,1.0,373,153
Pancreatic-biliary progenitor,Trunk neural crest,5.347443116795542,-0.394209176506485,-8.897855035602976,0.0182433545782323,0.0,373,6809
Pancreatic-biliary progenitor,V0 interneuron,5.435093546706753,-0.42708911836965796,-9.448260689569725,0.013936781633121367,0.0,373,2114
Pancreatic-biliary progenitor,V1 interneuron,5.39919775713584,-0.3832967745189603,-8.345692700090718,0.029407302442376295,0.0,373,1795
Pancreatic-biliary progenitor,V2 interneuron,5.44004186602491,-0.1667074271545236,-3.4609286336840266,0.022045928762517555,0.54,373,842
Pancreatic-biliary progenitor,V3 interneuron,5.210168905095707,-0.011509066248511779,-0.16000941101005592,0.0007133342429665172,0.8,373,230
Pancreatic-biliary progenitor,Vagal neural crest,5.348304919892147,-0.4017416766575896,-9.035199004947216,0.010751126390616187,0.0,373,4937
Pancreatic-biliary progenitor,Visceral motor neuron,5.393503532995916,-0.13886856386132043,-2.614632920452503,0.023656578202231094,0.45,373,2062
Pancreatic-biliary progenitor,Yolk sac endothelial cell,5.01753857616873,-0.06201967053380889,-1.2267890589931476,0.020587376252633866,0.47,373,112
Paraventricular hypothalamic neuron,Paraventricular hypothalamic neuron,9.499999999965771,1.1842378929335004e-14,0.0001243255237700236,6.731613057885968e-29,1.0,192,192
Paraventricular hypothalamic neuron,Periocular mesoderm,5.191455713437144,0.032032045085886196,0.8301710454273635,0.018075875168081342,0.94,192,1739
Paraventricular hypothalamic neuron,Pharyngeal arch mesenchyme (p1-p2),5.436583596620653,-0.26181560716121205,-4.49200324744286,6.4269762506849e-05,0.0,192,29887
Paraventricular hypothalamic neuron,Pharyngeal arch mesenchyme (p3-p4),5.417319348961385,-0.198638207211415,-3.319176406498029,0.00031447090907557314,0.01,192,9198
Paraventricular hypothalamic neuron,Pharyngeal endoderm,5.4217715110773765,0.09198507861158856,1.931642879533765,0.015547062629715707,0.39,192,5045
Paraventricular hypothalamic neuron,Pharyngeal mesoderm,5.366576140010374,-0.16874710120593286,-4.546434049990658,0.014322604499364448,0.05,192,7691
Paraventricular hypothalamic neuron,Presomitic mesoderm,5.690327835593116,-0.1040211535974495,-1.6690675133027486,0.00767022694235444,0.64,192,8521
Paraventricular hypothalamic neuron,Primordial germ cell,4.705178845058901,0.12746532250022646,0.558997509884938,0.09458962260698571,0.58,139,25
Paraventricular hypothalamic neuron,Respiratory progenitor,5.2485110105118045,0.10184348265002423,1.8551626682146658,0.009845778936714115,0.9,192,1209
Paraventricular hypothalamic neuron,Right ventricle,5.108458748969238,-0.016817924071361883,-0.6021168550111896,0.006643376429697566,0.43,192,730
Paraventricular hypothalamic neuron,Roof plate (anterior),5.437771523131178,-0.23494892843941675,-4.062098058271402,0.001188295760533593,0.0,192,3787
Paraventricular hypothalamic neuron,Roof plate (posterior),5.36414363350359,-0.3186464244977527,-4.642526248690788,0.004199893888384459,0.0,192,2248
Paraventricular hypothalamic neuron,Sacral neural crest,5.243536880545318,-0.30286996404117755,-4.545653161305135,0.003261251708484591,0.0,192,2156
Paraventricular hypothalamic neuron,Sclerotome,5.80423561697562,-0.18314051999385553,-3.3746860943174375,0.004076004700145857,0.0,192,74334
Paraventricular hypothalamic neuron,Second heart field (anterior),5.218337437839338,-0.05965579030973286,-1.0831578435172444,0.007213809228400708,0.53,192,1040
Paraventricular hypothalamic neuron,Somatic mesoderm (anterior),5.442937737960388,-0.2996515250866034,-5.7102281852259145,0.005592931232498133,0.0,192,14544
Paraventricular hypothalamic neuron,Somatic mesoderm (posterior),5.462856775916468,-0.38967212704173476,-7.019377958522743,0.02499282424569653,0.0,192,48596
Paraventricular hypothalamic neuron,Somatic mesoderm (tailbud),5.2910186184352614,-0.27091159461380726,-4.445229996576192,0.0027882111026982653,0.0,192,3011
Paraventricular hypothalamic neuron,Somatic motor neuron,6.119303708527902,0.3583425974251642,5.710682801382279,0.02318105363690173,0.0,192,6559
Paraventricular hypothalamic neuron,Spinal cord (cervical),6.070687453553956,0.10257254112051346,1.777171340466058,0.008767442800265111,0.98,192,41051
Paraventricular hypothalamic neuron,Spinal cord (lumbar),5.761590216865051,-0.06091619907369387,-0.7977487418296384,0.01442162120032323,0.19,192,12722
Paraventricular hypothalamic neuron,Spinal cord (sacral),5.727539274723314,-0.03695436700745821,-0.4728642726141526,0.010680592818447215,0.77,192,5351
Paraventricular hypothalamic neuron,Spinal cord (thoracic),5.930060085978615,0.028108228124485695,0.5920688874629791,0.012252982508252337,0.86,192,35061
Paraventricular hypothalamic neuron,Spinal cord interneuron progenitor,6.1794795859583935,0.4452453134493828,6.7436270471234865,0.007295441296518372,0.0,192,2196
Paraventricular hypothalamic neuron,Splanchnic mesoderm (cardiopulmonary),5.323487817394654,-0.24610327270658358,-4.728327045569981,0.0028927260949678916,0.0,192,5768
Paraventricular hypothalamic neuron,Splanchnic mesoderm (gastric),5.286034457212467,-0.24621065297207512,-4.337342641711626,0.013643275446309408,0.06,192,3373
Paraventricular hypothalamic neuron,Splanchnic mesoderm (intestinal),5.398739228218184,-0.37814998065012634,-6.502942300793241,0.012730879978956994,0.0,192,9676
Paraventricular hypothalamic neuron,Splanchnic mesoderm (septum transversum),5.311836475817127,-0.17308125058893786,-3.3966452313649054,0.013443981648621869,0.18,192,2825
Paraventricular hypothalamic neuron,Subthalamic nucleus neuron,6.570839840475567,1.2065907507992752,21.40702198276745,0.014695667951231221,0.0,192,802
Paraventricular hypothalamic neuron,Surface ectoderm (posterior),4.95997565602443,-0.03482756697542241,-0.4016082413894619,0.016967237812174712,0.96,192,133
Paraventricular hypothalamic neuron,Telencephalon (dorsal),6.353275120669799,0.5780372521056751,11.09261744695388,0.011432784183882796,0.0,192,31059
Paraventricular hypothalamic neuron,Telencephalon (ventral),5.6650383861629505,0.09393467484634233,1.7780294833300705,0.003975232173964662,0.75,192,3241
Paraventricular hypothalamic neuron,Thyroid progenitor,5.1600328658784775,0.03674244293985011,0.5611028153523928,0.029987213156471307,0.67,192,850
Paraventricular hypothalamic neuron,Trigeminal branchiomotor neuron,6.093445870250554,0.7597184579180277,11.41907890143556,0.026819060973835053,0.0,192,872
Paraventricular hypothalamic neuron,Trigeminal ganglion neuron,5.247999049021794,-0.18884504199565377,-3.0838953418392947,0.0035395412452846682,0.04,192,1765
Paraventricular hypothalamic neuron,Trigeminal placode,5.244573681997094,-0.33598420348037433,-5.977770700700606,0.015619232472763377,0.0,192,6546
Paraventricular hypothalamic neuron,Trigeminal sensory neuron,5.295973189728063,-0.18130136302956382,-3.022047609270968,0.005084689637884312,0.01,192,3198
Paraventricular hypothalamic neuron,Trochlear neuron,5.686432673747471,0.6076483472987272,5.852741311615495,0.06443636245355402,0.0,192,153
Paraventricular hypothalamic neuron,Trunk neural crest,5.3525950561692355,-0.3041446899521718,-4.906457710842609,0.004167776384368658,0.0,192,6809
Paraventricular hypothalamic neuron,V0 interneuron,6.102737623572717,0.3256930495962041,5.051398148448347,0.002580291578911365,0.0,192,2114
Paraventricular hypothalamic neuron,V1 interneuron,5.928592162308292,0.23925145763001718,4.030428145341868,0.02438092102685261,0.21,192,1795
Paraventricular hypothalamic neuron,V2 interneuron,5.931985976515468,0.4161967806886266,6.787567361626814,0.017805403046852304,0.0,192,842
Paraventricular hypothalamic neuron,V3 interneuron,5.69249864482413,0.5458702157789705,5.75403045770694,0.08697083383180564,0.01,192,230
Paraventricular hypothalamic neuron,Vagal neural crest,5.368118368986117,-0.304837003871303,-4.83205470664998,0.002760032036633096,0.0,192,4937
Paraventricular hypothalamic neuron,Visceral motor neuron,6.104777461150053,0.6471738024577484,8.77946106320723,0.002742891227659729,0.0,192,2062
Paraventricular hypothalamic neuron,Yolk sac endothelial cell,4.927789278936268,-0.057350269892456986,-0.881388665607953,0.046863928844268196,0.65,192,112
Periocular mesoderm,Periocular mesoderm,9.500000000004325,2.960594732333751e-15,3.552503275553333e-05,4.428139214640613e-28,1.0,1739,1739
Periocular mesoderm,Pharyngeal arch mesenchyme (p1-p2),5.5683449651598425,-0.25465359217329225,-13.07645947016154,0.004934593915336857,0.0,1739,29887
Periocular mesoderm,Pharyngeal arch mesenchyme (p3-p4),5.419319729676579,-0.3219201583137794,-14.587572602243776,0.0012418346786903086,0.0,1739,9198
Periocular mesoderm,Pharyngeal endoderm,5.62280202797093,0.17484674954671675,10.339550045131626,0.06286464991720522,0.0,1739,5045
Periocular mesoderm,Pharyngeal mesoderm,6.34438010230664,0.6892380130120882,43.3749070339508,0.004396324803797075,0.0,1739,7691
Periocular mesoderm,Presomitic mesoderm,5.6239320987389805,-0.28863563303368345,-13.781781966638581,0.0065806813519693926,0.0,1739,8521
Periocular mesoderm,Primordial germ cell,4.408615914402178,-0.2429694331870862,-2.449059836197108,0.4454207902319497,0.11,1495,25
Periocular mesoderm,Respiratory progenitor,5.482832496949663,0.22184140102381575,8.729040388486665,0.05924568434898913,0.43,1739,1209
Periocular mesoderm,Right ventricle,5.431479806915971,0.1795350807740889,8.010466430747018,0.05274329104452487,0.11,1739,730
Periocular mesoderm,Roof plate (anterior),5.458218804719704,-0.3337346041388827,-15.42541429217877,0.009778355466851355,0.0,1739,3787
Periocular mesoderm,Roof plate (posterior),5.539589312035086,-0.26201856719262323,-9.6623329330848,0.0018561031940452916,0.0,1739,2248
Periocular mesoderm,Sacral neural crest,5.4375824038816765,-0.22999020645198667,-8.467587847195809,0.002879654468497538,0.0,1739,2156
Periocular mesoderm,Sclerotome,5.902170171087314,-0.2043505331920521,-11.725537196482392,0.00018210750454743683,0.0,1739,74334
Periocular mesoderm,Second heart field (anterior),5.570578420026595,0.1767465336365556,6.714057495141037,0.041542456966657225,0.13,1739,1040
Periocular mesoderm,Somatic mesoderm (anterior),5.799053277321975,-0.06466326287357187,-3.188010195744171,0.0005127554657496465,0.0,1739,14544
Periocular mesoderm,Somatic mesoderm (posterior),5.660525971293258,-0.3161672629893057,-14.882906418270318,0.010082286221556856,0.0,1739,48596
Periocular mesoderm,Somatic mesoderm (tailbud),5.483599404603782,-0.19487642156987275,-7.3171721466707345,0.03441252225786526,0.03,1739,3011
Periocular mesoderm,Somatic motor neuron,5.631204232446211,-0.2491598882732949,-12.00508010166557,0.007891963123890611,0.0,1739,6559
Periocular mesoderm,Spinal cord (cervical),5.716051842980974,-0.37040157331101725,-18.70549775955036,0.005098753339747292,0.0,1739,41051
Periocular mesoderm,Spinal cord (lumbar),5.672889730382981,-0.2699723204025162,-11.80685999845012,0.005661314301634279,0.0,1739,12722
Periocular mesoderm,Spinal cord (sacral),5.611375779972701,-0.2675736749351107,-12.232767397853287,0.004970829826421592,0.0,1739,5351
Periocular mesoderm,Spinal cord (thoracic),5.694107465443554,-0.32205144248151135,-16.01925022465986,0.0046882990364212436,0.0,1739,35061
Periocular mesoderm,Spinal cord interneuron progenitor,5.632526556525474,-0.22160663090166732,-8.85422765780785,0.019569015486970213,0.0,1739,2196
Periocular mesoderm,Splanchnic mesoderm (cardiopulmonary),5.584403675352512,-0.10328418364497487,-5.024916465135142,0.0005173177883243496,0.0,1739,5768
Periocular mesoderm,Splanchnic mesoderm (gastric),5.465258699430922,-0.19207021741505295,-8.080885234262572,0.010463796681921133,0.0,1739,3373
Periocular mesoderm,Splanchnic mesoderm (intestinal),5.550393714578738,-0.3452256332891987,-15.545639135109175,0.009605990729478556,0.0,1739,9676
Periocular mesoderm,Splanchnic mesoderm (septum transversum),5.602867368126411,-0.00577322192837008,0.09779499357292343,0.004530195888330252,0.79,1739,2825
Periocular mesoderm,Subthalamic nucleus neuron,5.403008731300619,-0.08716812232581213,-2.7684341522482945,0.0025626183426711007,0.11,1739,802
Periocular mesoderm,Surface ectoderm (posterior),5.0878938177928505,-0.04033782228791102,-0.8514924721264922,0.06672058192400424,0.01,1739,133
Periocular mesoderm,Telencephalon (dorsal),5.536956889757513,-0.3638697728687073,-19.207877246121853,0.024260889697047226,0.0,1739,31059
Periocular mesoderm,Telencephalon (ventral),5.396653233113106,-0.291632576047865,-14.0294786603201,0.018065688846872766,0.0,1739,3241
Periocular mesoderm,Thyroid progenitor,5.3905546326608835,0.15417567962170478,5.367549890294584,0.05427730003727499,0.6,1739,850
Periocular mesoderm,Trigeminal branchiomotor neuron,5.5171123109845785,0.06001694883389064,1.6245267717069887,0.02864796222460142,0.0,1739,872
Periocular mesoderm,Trigeminal ganglion neuron,5.3290128436615145,-0.22550869660559414,-8.432752287531782,0.010168575151988072,0.0,1739,1765
Periocular mesoderm,Trigeminal placode,5.438197955405827,-0.260348966526822,-12.040064905583487,0.0011196929881600328,0.0,1739,6546
Periocular mesoderm,Trigeminal sensory neuron,5.340295365374197,-0.25908704610442373,-10.367507647718655,0.02751051561036042,0.0,1739,3198
Periocular mesoderm,Trochlear neuron,5.136335429310217,-0.06129968673026376,-1.1184550399876398,0.0015206482533956264,0.8,1739,153
Periocular mesoderm,Trunk neural crest,5.521249919233224,-0.25666186151913745,-11.27963865327448,0.0019309066476568696,0.0,1739,6809
Periocular mesoderm,V0 interneuron,5.555488208505647,-0.342354964920674,-12.036833334747906,0.018778490256149465,0.0,1739,2114
Periocular mesoderm,V1 interneuron,5.519895232554606,-0.2947147021262128,-11.760922251617563,0.018794948178226682,0.0,1739,1795
Periocular mesoderm,V2 interneuron,5.538273170664026,-0.10077461390653812,-3.37719947121496,0.015574350150783497,0.61,1739,842
Periocular mesoderm,V3 interneuron,5.316625527833549,0.05641600687926177,1.070099875745939,0.006704822896182248,0.71,1739,230
Periocular mesoderm,Vagal neural crest,5.4936603847791,-0.29766502912584486,-12.549645456224775,0.0006376375852276229,0.0,1739,4937
Periocular mesoderm,Visceral motor neuron,5.52795800637088,-0.046922427680360514,-2.4498102777797595,0.018809817337368855,0.44,1739,2062
Periocular mesoderm,Yolk sac endothelial cell,5.259424824030526,0.14839929557370724,2.4969933237761848,0.01770079605664803,0.86,1739,112
Pharyngeal arch mesenchyme (p1-p2),Pharyngeal arch mesenchyme (p1-p2),9.500000000004823,6.5133084111342514e-15,6.512078015466667e-05,3.2290706387046753e-28,1.0,29887,29887
Pharyngeal arch mesenchyme (p1-p2),Pharyngeal arch mesenchyme (p3-p4),7.193898738528108,0.9163697358672748,102.18463898904271,0.0019168458588106946,0.0,29887,9198
Pharyngeal arch mesenchyme (p1-p2),Pharyngeal endoderm,5.573259927235021,-0.4122772962632884,-35.16005099100514,0.0014134263177337282,0.0,29887,5045
Pharyngeal arch mesenchyme (p1-p2),Pharyngeal mesoderm,5.909853687690494,-0.2821318778011017,-28.56382113669049,0.008512864841919711,0.0,29887,7691
Pharyngeal arch mesenchyme (p1-p2),Presomitic mesoderm,6.3000137723458565,-0.15186070906006233,-14.98725816139176,0.00028988068050586917,0.0,29887,8521
Pharyngeal arch mesenchyme (p1-p2),Primordial germ cell,4.633755866694066,-0.5224889236545045,-3.7794969659586375,0.010044548192765096,0.01,20315,25
Pharyngeal arch mesenchyme (p1-p2),Respiratory progenitor,5.301112298487044,-0.5014824008292829,-22.090249230046837,0.0006716978966860938,0.0,29887,1209
Pharyngeal arch mesenchyme (p1-p2),Right ventricle,5.547377085620346,-0.24150576066104948,-7.808254228762398,0.0040071373466659035,0.0,29887,730
Pharyngeal arch mesenchyme (p1-p2),Roof plate (anterior),7.106731641733849,0.7753609319768481,56.48931550912844,0.012213997015814515,0.0,29887,3787
Pharyngeal arch mesenchyme (p1-p2),Roof plate (posterior),6.542618554002675,0.20349151582833583,11.065733565372815,0.004058348908237299,0.0,29887,2248
Pharyngeal arch mesenchyme (p1-p2),Sacral neural crest,6.335713413585739,0.13002022795702808,7.374707458327113,0.006581803846045848,0.0,29887,2156
Pharyngeal arch mesenchyme (p1-p2),Sclerotome,6.262661433163582,-0.38200552109264646,-80.87771250342699,0.0018642801962907335,0.0,29887,74334
Pharyngeal arch mesenchyme (p1-p2),Second heart field (anterior),5.8240815682874585,-0.10909506989720856,-4.628426342361002,0.022896406769108306,0.22,29887,1040
Pharyngeal arch mesenchyme (p1-p2),Somatic mesoderm (anterior),6.233256319345681,-0.17062461204077994,-22.27323521152992,0.010949798062408192,0.0,29887,14544
Pharyngeal arch mesenchyme (p1-p2),Somatic mesoderm (posterior),6.52870635287164,0.013264810904791405,1.7798019959273812,0.008745078847264968,0.0,29887,48596
Pharyngeal arch mesenchyme (p1-p2),Somatic mesoderm (tailbud),6.337308888245938,0.11766896175459222,7.468754998067052,0.011741853553004725,0.95,29887,3011
Pharyngeal arch mesenchyme (p1-p2),Somatic motor neuron,6.011295853898769,-0.40994854153469323,-39.38095024227632,0.0005351641595020785,0.0,29887,6559
Pharyngeal arch mesenchyme (p1-p2),Spinal cord (cervical),6.5327007613870824,-0.09229387217812353,-17.74000479490509,0.0002433911839548888,0.0,29887,41051
Pharyngeal arch mesenchyme (p1-p2),Spinal cord (lumbar),6.333384665988054,-0.1500470784516453,-19.35253399671618,0.0003542952346196113,0.0,29887,12722
Pharyngeal arch mesenchyme (p1-p2),Spinal cord (sacral),6.226832082729742,-0.1916332821766087,-16.66891343300659,0.0006863824240817488,0.0,29887,5351
Pharyngeal arch mesenchyme (p1-p2),Spinal cord (thoracic),6.404798565512574,-0.15367639108868344,-26.98301150102955,0.000494735663486547,0.0,29887,35061
Pharyngeal arch mesenchyme (p1-p2),Spinal cord interneuron progenitor,6.059605746073285,-0.33470292564520204,-19.347781555465215,0.00650928743954022,0.0,29887,2196
Pharyngeal arch mesenchyme (p1-p2),Splanchnic mesoderm (cardiopulmonary),6.022734880546387,-0.20322796621572584,-18.524363040594544,0.005067727483089597,0.0,29887,5768
Pharyngeal arch mesenchyme (p1-p2),Splanchnic mesoderm (gastric),6.040706430795553,-0.15729984098337813,-13.422472045024497,0.01896314135107818,0.01,29887,3373
Pharyngeal arch mesenchyme (p1-p2),Splanchnic mesoderm (intestinal),6.438644303744507,0.003621759891561105,-0.13055712193098432,0.010284825885333086,0.0,29887,9676
Pharyngeal arch mesenchyme (p1-p2),Splanchnic mesoderm (septum transversum),6.028047930671831,-0.12116085740704759,-8.133233634930805,0.01577444753962818,0.24,29887,2825
Pharyngeal arch mesenchyme (p1-p2),Subthalamic nucleus neuron,5.684333926538694,-0.3438820548258918,-12.578072663591692,0.004985359220353562,0.0,29887,802
Pharyngeal arch mesenchyme (p1-p2),Surface ectoderm (posterior),5.706621943691419,0.035337605587092646,0.6073306012564648,0.0028100392411306283,1.0,29887,133
Pharyngeal arch mesenchyme (p1-p2),Telencephalon (dorsal),6.708765668823883,0.26982788146009157,46.527262409816764,0.007050530882273714,0.0,29887,31059
Pharyngeal arch mesenchyme (p1-p2),Telencephalon (ventral),6.484886142123649,0.2555207961618325,17.13145055047134,0.005975285541025391,0.0,29887,3241
Pharyngeal arch mesenchyme (p1-p2),Thyroid progenitor,5.335461022480207,-0.43939705663323103,-16.870982823590936,0.00022055967084341326,0.0,29887,850
Pharyngeal arch mesenchyme (p1-p2),Trigeminal branchiomotor neuron,5.574020825749126,-0.4213256191818253,-16.381742752618248,0.00903916177809665,0.0,29887,872
Pharyngeal arch mesenchyme (p1-p2),Trigeminal ganglion neuron,7.253625442436885,1.1581487990516404,65.76301068236414,0.0007855306799033764,0.0,29887,1765
Pharyngeal arch mesenchyme (p1-p2),Trigeminal placode,6.968852646494582,0.7303734798253609,67.54179614266009,0.0008035942130636388,0.0,29887,6546
Pharyngeal arch mesenchyme (p1-p2),Trigeminal sensory neuron,6.639631422549214,0.504128446915774,36.19370100428531,0.0031248763764848055,0.0,29887,3198
Pharyngeal arch mesenchyme (p1-p2),Trochlear neuron,5.460354185013528,-0.2767991011770832,-4.2942102958893384,0.012482178064866673,0.0,29887,153
Pharyngeal arch mesenchyme (p1-p2),Trunk neural crest,6.4779316213954,0.16093038197829954,14.883540493156644,0.0049601930681982195,0.0,29887,6809
Pharyngeal arch mesenchyme (p1-p2),V0 interneuron,6.278021813629544,-0.15824453909544753,-9.323780221768361,0.0035571545800119923,0.0,29887,2114
Pharyngeal arch mesenchyme (p1-p2),V1 interneuron,6.096319585169888,-0.2577531437483727,-15.615985032050299,2.513332658852629e-05,0.0,29887,1795
Pharyngeal arch mesenchyme (p1-p2),V2 interneuron,5.864852986531147,-0.31323610644503724,-12.176162957908344,0.0005850953635090354,0.0,29887,842
Pharyngeal arch mesenchyme (p1-p2),V3 interneuron,5.45057891371217,-0.3522985022879839,-6.669023285363248,0.003300489532808192,0.0,29887,230
Pharyngeal arch mesenchyme (p1-p2),Vagal neural crest,6.5987598610723595,0.27172353919970976,22.54213932338718,0.0011002509275315428,0.0,29887,4937
Pharyngeal arch mesenchyme (p1-p2),Visceral motor neuron,5.697338257512006,-0.4155688197511577,-22.27363947687687,0.008417240717809405,0.0,29887,2062
Pharyngeal arch mesenchyme (p1-p2),Yolk sac endothelial cell,5.463167591158864,-0.1892073432318059,-1.9148278129232876,0.04658656110751206,0.86,29887,112
Pharyngeal arch mesenchyme (p3-p4),Pharyngeal arch mesenchyme (p3-p4),9.500000000011873,4.144832625267251e-15,4.14429627177e-05,2.093110935186418e-28,1.0,9198,9198
Pharyngeal arch mesenchyme (p3-p4),Pharyngeal endoderm,5.557364919326641,-0.3464600110168486,-26.19911464061145,0.0022743589855400265,0.0,9198,5045
Pharyngeal arch mesenchyme (p3-p4),Pharyngeal mesoderm,5.858844314144078,-0.25023721585544845,-20.328287545654245,0.015566734425409895,0.0,9198,7691
Pharyngeal arch mesenchyme (p3-p4),Presomitic mesoderm,6.399892218392509,0.03136639226903496,2.5520728911845394,0.0014792921121476602,0.91,9198,8521
Pharyngeal arch mesenchyme (p3-p4),Primordial germ cell,4.696991143231897,-0.4070866737072012,-2.9282498208789334,0.0034485867961940825,0.0,6290,25
Pharyngeal arch mesenchyme (p3-p4),Respiratory progenitor,5.267924192283165,-0.449767276371072,-16.263295420573975,0.0025127092242638372,0.0,9198,1209
Pharyngeal arch mesenchyme (p3-p4),Right ventricle,5.514109146791745,-0.19541236290570918,-6.5200216470890195,0.011319061725897467,0.02,9198,730
Pharyngeal arch mesenchyme (p3-p4),Roof plate (anterior),7.208452589983193,0.9591103085779095,55.6945449713531,0.0002971937039117314,0.0,9198,3787
Pharyngeal arch mesenchyme (p3-p4),Roof plate (posterior),6.9423038052954285,0.6843394457504903,34.0270869162205,0.006007126742121129,0.0,9198,2248
Pharyngeal arch mesenchyme (p3-p4),Sacral neural crest,6.48366996252052,0.35999911570769577,18.388315955583064,0.0015615460938046715,0.0,9198,2156
Pharyngeal arch mesenchyme (p3-p4),Sclerotome,6.235170829406035,-0.32681033848917274,-38.11826245931877,0.00019322226925866788,0.0,9198,74334
Pharyngeal arch mesenchyme (p3-p4),Second heart field (anterior),5.677770223068605,-0.16974545905337854,-6.123917472283054,0.019161903927303214,0.0,9198,1040
Pharyngeal arch mesenchyme (p3-p4),Somatic mesoderm (anterior),6.162290179960729,-0.15849221470072164,-15.732150350887418,0.004085826927077703,0.0,9198,14544
Pharyngeal arch mesenchyme (p3-p4),Somatic mesoderm (posterior),6.482439617007738,0.04919131238817798,5.021657662386539,0.0091218369675059,0.0,9198,48596
Pharyngeal arch mesenchyme (p3-p4),Somatic mesoderm (tailbud),6.394251428253124,0.25827541690122136,13.931395807488542,0.010205510307221981,0.0,9198,3011
Pharyngeal arch mesenchyme (p3-p4),Somatic motor neuron,6.032264510409143,-0.3069039263389423,-22.890593881755148,0.0002896497865325441,0.0,9198,6559
Pharyngeal arch mesenchyme (p3-p4),Spinal cord (cervical),6.821944452738606,0.2778691393560819,28.918421516783607,0.0005532748088999772,0.0,9198,41051
Pharyngeal arch mesenchyme (p3-p4),Spinal cord (lumbar),6.423614847144525,0.023633372734784903,2.283890598609164,0.0022645147135277274,0.01,9198,12722
Pharyngeal arch mesenchyme (p3-p4),Spinal cord (sacral),6.341872494263903,0.006131982675816161,0.24514359856215814,0.0026448724665603073,0.76,9198,5351
Pharyngeal arch mesenchyme (p3-p4),Spinal cord (thoracic),6.524409737472527,0.048908828471547615,5.30373132975578,0.002121081427365939,0.69,9198,35061
Pharyngeal arch mesenchyme (p3-p4),Spinal cord interneuron progenitor,6.0516492292237345,-0.2611107253289647,-12.603247402525534,0.009030158246219253,0.0,9198,2196
Pharyngeal arch mesenchyme (p3-p4),Splanchnic mesoderm (cardiopulmonary),5.971621660841173,-0.17116819846165546,-12.976578695644859,0.00969556737266567,0.0,9198,5768
Pharyngeal arch mesenchyme (p3-p4),Splanchnic mesoderm (gastric),5.985534997595098,-0.12754700709976716,-8.1695787234125,0.005969998563524707,0.0,9198,3373
Pharyngeal arch mesenchyme (p3-p4),Splanchnic mesoderm (intestinal),6.400487326283755,0.04718838204758432,3.7238792606468816,0.011381823889128055,0.01,9198,9676
Pharyngeal arch mesenchyme (p3-p4),Splanchnic mesoderm (septum transversum),5.91533692512284,-0.15143630592412047,-8.341048302717647,0.009920267614696002,0.0,9198,2825
Pharyngeal arch mesenchyme (p3-p4),Subthalamic nucleus neuron,5.626522746038529,-0.3230779484415403,-11.65739137113114,0.0011906772923080354,0.0,9198,802
Pharyngeal arch mesenchyme (p3-p4),Surface ectoderm (posterior),5.5665910874720765,-0.02087761527589767,-0.2978197293156024,0.018940712898880534,0.71,9198,133
Pharyngeal arch mesenchyme (p3-p4),Telencephalon (dorsal),6.462536097012632,0.10673852174919614,10.713287240859076,0.002212077151528982,0.0,9198,31059
Pharyngeal arch mesenchyme (p3-p4),Telencephalon (ventral),6.262474636866446,0.11576075830939558,6.653732777662239,0.005739881437592673,0.0,9198,3241
Pharyngeal arch mesenchyme (p3-p4),Thyroid progenitor,5.322620909987415,-0.3726586719278678,-13.461890103521549,0.004041250664824317,0.0,9198,850
Pharyngeal arch mesenchyme (p3-p4),Trigeminal branchiomotor neuron,5.59661035630695,-0.3133936009057597,-12.01316999590013,0.0040232214855159855,0.0,9198,872
Pharyngeal arch mesenchyme (p3-p4),Trigeminal ganglion neuron,6.6508056359118655,0.6384554478832974,30.146612089007277,0.0025215050221513153,0.0,9198,1765
Pharyngeal arch mesenchyme (p3-p4),Trigeminal placode,6.59503576378026,0.4379311908524741,31.02343387222813,0.0026586418214194834,0.0,9198,6546
Pharyngeal arch mesenchyme (p3-p4),Trigeminal sensory neuron,6.320328001404641,0.26624292088838636,15.827901212255592,0.0017964454927845114,0.0,9198,3198
Pharyngeal arch mesenchyme (p3-p4),Trochlear neuron,5.4442641260512135,-0.21901103182150786,-3.0185280488510973,0.00592642862130319,0.0,9198,153
Pharyngeal arch mesenchyme (p3-p4),Trunk neural crest,6.716160194308986,0.48136459549570415,35.75116017945706,0.002038111648325248,0.0,9198,6809
Pharyngeal arch mesenchyme (p3-p4),V0 interneuron,6.349504735171319,-0.00585556487333605,-0.21364340159778314,0.00548352123931612,0.26,9198,2114
Pharyngeal arch mesenchyme (p3-p4),V1 interneuron,6.103537062845189,-0.16908800766136936,-7.983382863983028,0.0008708722286385794,0.0,9198,1795
Pharyngeal arch mesenchyme (p3-p4),V2 interneuron,5.813637669591027,-0.282700211251254,-9.125141073185047,0.006581227073816561,0.0,9198,842
Pharyngeal arch mesenchyme (p3-p4),V3 interneuron,5.37823679257334,-0.34035087482038734,-6.0443250626425,0.011210398933403483,0.0,9198,230
Pharyngeal arch mesenchyme (p3-p4),Vagal neural crest,7.068514948229725,0.821875266926369,58.103015161892415,0.0052886200114985755,0.0,9198,4937
Pharyngeal arch mesenchyme (p3-p4),Visceral motor neuron,5.675852330633234,-0.35481577754809024,-17.163481123126527,0.0057775707109066566,0.0,9198,2062
Pharyngeal arch mesenchyme (p3-p4),Yolk sac endothelial cell,5.40708209580018,-0.16348163615345937,-1.4121116036689074,0.02810571649925146,0.78,9198,112
Pharyngeal endoderm,Pharyngeal endoderm,9.500000000005528,-4.736951571734001e-15,-4.14431730022e-05,1.3989133385919275e-28,1.0,5045,5045
Pharyngeal endoderm,Pharyngeal mesoderm,5.721016769550541,-0.09422396434912479,-8.49407270914912,0.0032654733969842238,0.02,5045,7691
Pharyngeal endoderm,Presomitic mesoderm,5.726516668762507,-0.34879136793619914,-25.01035393827368,0.006352555454294035,0.0,5045,8521
Pharyngeal endoderm,Primordial germ cell,4.692369200749237,-0.09842675344612628,-0.9295708184678713,0.014846772856374152,0.94,3408,25
Pharyngeal endoderm,Respiratory progenitor,7.0945480477686935,1.6715801377854573,72.17068173368192,0.023235191927534062,0.0,5045,1209
Pharyngeal endoderm,Right ventricle,5.41620398223894,-0.000560982360207222,-1.330109830077473,0.020786353656516838,0.03,5045,730
Pharyngeal endoderm,Roof plate (anterior),5.577862763931546,-0.37877479051798196,-24.223898395028183,0.0051759495542512465,0.0,5045,3787
Pharyngeal endoderm,Roof plate (posterior),5.550668175472556,-0.4157483083530839,-22.592300547263918,0.003812837486437905,0.0,5045,2248
Pharyngeal endoderm,Sacral neural crest,5.502426240711782,-0.3288480919145466,-19.073832484720555,0.00791585743899313,0.0,5045,2156
Pharyngeal endoderm,Sclerotome,5.905475721205252,-0.36335954947307975,-31.99331072539347,3.668916374298106e-05,0.0,5045,74334
Pharyngeal endoderm,Second heart field (anterior),5.456860088781968,-0.09964835062295307,-4.637845626856836,0.0005643127877565957,0.0,5045,1040
Pharyngeal endoderm,Somatic mesoderm (anterior),5.730758457363798,-0.29802316487152974,-24.599286464740516,0.001569261628978995,0.0,5045,14544
Pharyngeal endoderm,Somatic mesoderm (posterior),5.7093282397027,-0.4318409426371265,-41.02279307435213,0.015507265087928582,0.0,5045,48596
Pharyngeal endoderm,Somatic mesoderm (tailbud),5.536448543501833,-0.3090819417283921,-19.663460352371995,0.02781295081189351,0.0,5045,3011
Pharyngeal endoderm,Somatic motor neuron,5.7640649266296995,-0.2807967654637113,-19.464222127954333,0.002091007930164619,0.0,5045,6559
Pharyngeal endoderm,Spinal cord (cervical),5.787935491201632,-0.4627955506973649,-38.22955338776783,0.002546687500575741,0.0,5045,41051
Pharyngeal endoderm,Spinal cord (lumbar),5.737223396093781,-0.370292423744029,-28.387920347927622,0.006859868176374533,0.0,5045,12722
Pharyngeal endoderm,Spinal cord (sacral),5.70661384548121,-0.3380873056281108,-23.639672676758483,0.01067447424742561,0.0,5045,5351
Pharyngeal endoderm,Spinal cord (thoracic),5.7828083587492785,-0.3993515319985252,-34.41114434477985,0.002447473797479218,0.0,5045,35061
Pharyngeal endoderm,Spinal cord interneuron progenitor,5.719421558712983,-0.30083769952573053,-16.5384912257913,0.0006791954537987075,0.0,5045,2196
Pharyngeal endoderm,Splanchnic mesoderm (cardiopulmonary),5.578377351681947,-0.2727028270379301,-20.924375270797995,0.003582498645044173,0.0,5045,5768
Pharyngeal endoderm,Splanchnic mesoderm (gastric),5.573010721029874,-0.24975525496169984,-17.458877873564067,0.00658346219363515,0.0,5045,3373
Pharyngeal endoderm,Splanchnic mesoderm (intestinal),5.661646353424427,-0.39960516718824896,-28.721213747297483,0.009705746325632243,0.0,5045,9676
Pharyngeal endoderm,Splanchnic mesoderm (septum transversum),5.6520886600980695,-0.12167178067418079,-7.879285152396148,0.0011186672717497822,0.0,5045,2825
Pharyngeal endoderm,Subthalamic nucleus neuron,5.566368736893769,-0.09044974410718994,-3.6023557715506755,0.003078709073016249,0.31,5045,802
Pharyngeal endoderm,Surface ectoderm (posterior),5.300378189964298,0.005587614462628565,-0.0016474564932373523,0.01830402892478388,1.0,5045,133
Pharyngeal endoderm,Telencephalon (dorsal),5.636859793924785,-0.4283412331495242,-35.06185965381615,0.009856885125348535,0.0,5045,31059
Pharyngeal endoderm,Telencephalon (ventral),5.529259990769938,-0.32404557891533337,-21.60185405319672,0.012411355863431386,0.0,5045,3241
Pharyngeal endoderm,Thyroid progenitor,7.067691222317268,1.6646301404755286,72.29964059413027,0.024593168567928914,0.0,5045,850
Pharyngeal endoderm,Trigeminal branchiomotor neuron,5.575366403968786,-0.044666994306178154,-1.9748778560000968,0.005100243453163302,0.21,5045,872
Pharyngeal endoderm,Trigeminal ganglion neuron,5.448915637253716,-0.2716901476946809,-15.552382556783234,0.0022982484005646003,0.0,5045,1765
Pharyngeal endoderm,Trigeminal placode,5.534327564080649,-0.32928235572388215,-22.845674563547334,0.01179877048423285,0.0,5045,6546
Pharyngeal endoderm,Trigeminal sensory neuron,5.540096858926302,-0.22044930761916368,-16.85329212517887,0.03639582425837072,0.86,5045,3198
Pharyngeal endoderm,Trochlear neuron,5.349840657775204,-0.014477619891700636,-0.38011127087398755,0.005754330762872061,0.82,5045,153
Pharyngeal endoderm,Trunk neural crest,5.554750494097277,-0.38816759496507175,-29.340808319944415,0.007969974939488419,0.0,5045,6809
Pharyngeal endoderm,V0 interneuron,5.677427956806516,-0.383617514842439,-21.26003763399898,0.00013916781526466808,0.0,5045,2114
Pharyngeal endoderm,V1 interneuron,5.691126881000088,-0.29024367047512545,-14.517847055180992,0.0013646990960876676,0.0,5045,1795
Pharyngeal endoderm,V2 interneuron,5.666632686675716,-0.13880814831467583,-5.546721860716372,0.0002173014270059522,0.0,5045,842
Pharyngeal endoderm,V3 interneuron,5.55036430033928,0.12419688877668171,2.655422130071375,0.011601411025997623,0.3,5045,230
Pharyngeal endoderm,Vagal neural crest,5.584048095923823,-0.37027484421891427,-26.31012889216538,0.003943126354868306,0.0,5045,4937
Pharyngeal endoderm,Visceral motor neuron,5.713287843681761,-0.024833200381917386,-1.6365396525595834,0.003182784141075874,0.06,5045,2062
Pharyngeal endoderm,Yolk sac endothelial cell,5.180088251311166,-0.09056893110111937,-1.4136612677148603,0.02598440419895359,0.44,5045,112
Pharyngeal mesoderm,Pharyngeal mesoderm,9.500000000008155,-1.0658141036401503e-14,-0.00011247641524129216,2.398137151871876e-28,1.0,7691,7691
Pharyngeal mesoderm,Presomitic mesoderm,5.955128003244023,-0.3256388333544186,-30.975426914228724,0.004557019365586431,0.0,7691,8521
Pharyngeal mesoderm,Primordial germ cell,4.63189329120096,-0.3647828828521167,-3.687872320419738,0.0577859833243234,0.14,5575,25
Pharyngeal mesoderm,Respiratory progenitor,5.540807110814277,-0.0894744859093158,-4.767219616661376,0.005813610626500765,0.24,7691,1209
Pharyngeal mesoderm,Right ventricle,6.654757541630414,1.0326205128371895,40.04548611686379,0.0011756570138325873,0.0,7691,730
Pharyngeal mesoderm,Roof plate (anterior),5.84632786830539,-0.31626788372709225,-24.332689823979916,0.015136539446175485,0.0,7691,3787
Pharyngeal mesoderm,Roof plate (posterior),5.887283923345856,-0.2850946571230614,-18.11993621661215,0.0033686990602362016,0.0,7691,2248
Pharyngeal mesoderm,Sacral neural crest,5.774707132829556,-0.26154074862989507,-15.742575292418886,0.005442394664145472,0.0,7691,2156
Pharyngeal mesoderm,Sclerotome,6.426672093011572,-0.04832870301724294,-6.204105249135059,0.004471997641481199,0.0,7691,74334
Pharyngeal mesoderm,Second heart field (anterior),6.804648955036733,1.042788198768754,51.52726342665227,0.006255739218865329,0.0,7691,1040
Pharyngeal mesoderm,Somatic mesoderm (anterior),6.72873868787373,0.494968089107697,51.69258117650412,0.0017696980977631373,0.0,7691,14544
Pharyngeal mesoderm,Somatic mesoderm (posterior),6.176620451736869,-0.16949568864779785,-18.683463791853914,0.001124522168981016,0.0,7691,48596
Pharyngeal mesoderm,Somatic mesoderm (tailbud),5.8969336027157295,-0.1553912887100184,-10.193824056444937,0.004871881587153466,0.0,7691,3011
Pharyngeal mesoderm,Somatic motor neuron,5.830936357648884,-0.4209887617935569,-36.979900446669745,0.005227591770337256,0.0,7691,6559
Pharyngeal mesoderm,Spinal cord (cervical),5.981670385804041,-0.47458479430977124,-47.941146111378174,0.002413995319294598,0.0,7691,41051
Pharyngeal mesoderm,Spinal cord (lumbar),5.946784585990858,-0.36723808748100534,-35.81815237551951,0.0015916930464703045,0.0,7691,12722
Pharyngeal mesoderm,Spinal cord (sacral),5.909135151791189,-0.34047571355643785,-30.99666177241995,0.002025009458449459,0.0,7691,5351
Pharyngeal mesoderm,Spinal cord (thoracic),5.9677251650328555,-0.421098744905047,-44.956261885867065,0.0007251496200861652,0.0,7691,35061
Pharyngeal mesoderm,Spinal cord interneuron progenitor,5.837163895998355,-0.3888040853871952,-24.886300445618435,0.0020187697653852215,0.0,7691,2196
Pharyngeal mesoderm,Splanchnic mesoderm (cardiopulmonary),6.910670836493117,0.853334534290771,79.83069384514414,0.0059900996754871545,0.0,7691,5768
Pharyngeal mesoderm,Splanchnic mesoderm (gastric),6.04413600215258,0.015479964435986501,1.135907020724604,0.005733447658510542,0.54,7691,3373
Pharyngeal mesoderm,Splanchnic mesoderm (intestinal),6.090027774132593,-0.17562709381682198,-15.261095915128697,0.0008563241338237352,0.0,7691,9676
Pharyngeal mesoderm,Splanchnic mesoderm (septum transversum),6.305998480068954,0.32707003108693505,23.69985663408673,0.022662556854459535,0.0,7691,2825
Pharyngeal mesoderm,Subthalamic nucleus neuron,5.59923935288668,-0.26060019392013584,-12.551099359100354,0.0028853308211210806,0.0,7691,802
Pharyngeal mesoderm,Surface ectoderm (posterior),5.3734660359331,-0.12355595764249443,-2.624394273689289,0.05937363469367423,0.13,7691,133
Pharyngeal mesoderm,Telencephalon (dorsal),5.8923439923036005,-0.3777004513906421,-39.581491386354394,0.010077634509244227,0.0,7691,31059
Pharyngeal mesoderm,Telencephalon (ventral),5.745433246739281,-0.31368971080444386,-21.69542310028591,0.017891489991505194,0.0,7691,3241
Pharyngeal mesoderm,Thyroid progenitor,5.487843148591712,-0.11656861929855082,-5.033094435390782,0.0016666954481228875,0.0,7691,850
Pharyngeal mesoderm,Trigeminal branchiomotor neuron,5.572760707631705,-0.25214546888346884,-11.519480083876068,0.013293684548574578,0.0,7691,872
Pharyngeal mesoderm,Trigeminal ganglion neuron,5.680877389539165,-0.24440909890177961,-14.420228231021076,0.026130814349866884,0.0,7691,1765
Pharyngeal mesoderm,Trigeminal placode,5.883417474930218,-0.18586854812065035,-16.30981283415521,0.006727789745203123,0.0,7691,6546
Pharyngeal mesoderm,Trigeminal sensory neuron,5.776275330065278,-0.19020712408991583,-13.346099186311738,0.017537426486189684,0.0,7691,3198
Pharyngeal mesoderm,Trochlear neuron,5.317905880998271,-0.2546343050078894,-5.173844787702028,0.015937550149462135,0.01,7691,153
Pharyngeal mesoderm,Trunk neural crest,5.878049420930168,-0.2708262021425609,-25.18722592365118,0.0026160225429981056,0.0,7691,6809
Pharyngeal mesoderm,V0 interneuron,5.873470279875366,-0.39277239967000216,-24.95357185508337,0.0021452282964405074,0.0,7691,2114
Pharyngeal mesoderm,V1 interneuron,5.817520531194503,-0.3645871100686655,-20.70825210856439,0.0021473929375637768,0.0,7691,1795
Pharyngeal mesoderm,V2 interneuron,5.721750352148597,-0.28820122444842217,-12.48425433811571,0.0043276040616843005,0.0,7691,842
Pharyngeal mesoderm,V3 interneuron,5.366148729742389,-0.26471691734072395,-6.475312245180554,0.025222373078440857,0.01,7691,230
Pharyngeal mesoderm,Vagal neural crest,5.8727625380326005,-0.2852289573623139,-22.704256165367685,0.0076640699589150775,0.0,7691,4937
Pharyngeal mesoderm,Visceral motor neuron,5.559544734278251,-0.3813393031925771,-22.272170928501115,0.014518998520727707,0.0,7691,2062
Pharyngeal mesoderm,Yolk sac endothelial cell,5.7041478574031865,0.22709714903290093,4.267189853788193,0.1295338300087213,0.01,7691,112
Presomitic mesoderm,Presomitic mesoderm,9.499999999998046,6.5133084111342514e-15,6.512120068993334e-05,2.6926452231543873e-28,1.0,8521,8521
Presomitic mesoderm,Primordial germ cell,4.748239681271064,-0.5077170899530694,-3.832005117894707,1.2415556089885634e-05,0.0,5758,25
Presomitic mesoderm,Respiratory progenitor,5.5234784017003,-0.37129486825396923,-15.523903534004967,0.016884998046743416,0.0,8521,1209
Presomitic mesoderm,Right ventricle,5.609401023827222,-0.2697398418346871,-9.409341521438193,0.0040896147945413625,0.0,8521,730
Presomitic mesoderm,Roof plate (anterior),6.429358402932675,0.006543564167703408,0.2740644604054785,0.0015279864888952713,0.14,8521,3787
Presomitic mesoderm,Roof plate (posterior),6.799250665612973,0.3677611993548009,18.93364296993147,0.0055809684329435495,0.0,8521,2248
Presomitic mesoderm,Sacral neural crest,7.099713779146749,0.8011897732661047,41.676648271344476,0.009270312323433385,0.0,8521,2156
Presomitic mesoderm,Sclerotome,6.919332485645353,0.18436651349151015,20.626801308833937,0.002071544496442674,0.0,8521,74334
Presomitic mesoderm,Second heart field (anterior),5.764754948118077,-0.25836074673369797,-11.014453444257716,0.006600561908968433,0.0,8521,1040
Presomitic mesoderm,Somatic mesoderm (anterior),6.234071958033856,-0.25931674824366474,-23.907097443141748,0.007629682174140054,0.0,8521,14544
Presomitic mesoderm,Somatic mesoderm (posterior),6.719565450038623,0.11325868393641929,12.953134279390207,0.014641980990681073,0.01,8521,48596
Presomitic mesoderm,Somatic mesoderm (tailbud),7.284602001852179,0.9734916262671222,57.202648143131604,0.02142756485306027,0.0,8521,3011
Presomitic mesoderm,Somatic motor neuron,6.937147009727234,0.42521669832712067,34.51235373028076,0.0016113761499957245,0.0,8521,6559
Presomitic mesoderm,Spinal cord (cervical),7.114980065371267,0.39997834990123654,40.29833089311497,0.00097292103320326,0.0,8521,41051
Presomitic mesoderm,Spinal cord (lumbar),7.823112601232098,1.2504378074273872,113.94782088686684,0.008625867453899209,0.0,8521,12722
Presomitic mesoderm,Spinal cord (sacral),7.952056242402382,1.4430147096967485,112.50231783106146,0.0027803379460147413,0.0,8521,5351
Presomitic mesoderm,Spinal cord (thoracic),7.4668428589159275,0.8175032060740373,92.79864336678435,0.00437197957858748,0.0,8521,35061
Presomitic mesoderm,Spinal cord interneuron progenitor,6.7027006675597045,0.21965258797475182,11.968797096893363,0.0014190085012523864,0.0,8521,2196
Presomitic mesoderm,Splanchnic mesoderm (cardiopulmonary),6.0895507245001,-0.22564189247329094,-19.712426998361497,0.010179407322915047,0.0,8521,5768
Presomitic mesoderm,Splanchnic mesoderm (gastric),6.07678945612279,-0.2098652877372332,-13.622528449391224,0.0033891754566029567,0.0,8521,3373
Presomitic mesoderm,Splanchnic mesoderm (intestinal),6.534073636627947,0.008166811093783366,1.0533874206785268,0.020668899550523544,0.0,8521,9676
Presomitic mesoderm,Splanchnic mesoderm (septum transversum),5.894547466492587,-0.3418386978819991,-20.85513265935325,0.00028312608437505314,0.0,8521,2825
Presomitic mesoderm,Subthalamic nucleus neuron,6.000852291248815,-0.11815846565063175,-3.8297925785912432,0.009527256980961784,0.9,8521,802
Presomitic mesoderm,Surface ectoderm (posterior),5.547656590754552,-0.21378476211603617,-2.8391984327112314,0.00923184011836779,0.06,8521,133
Presomitic mesoderm,Telencephalon (dorsal),6.347598169644507,-0.18169135755840227,-18.548837993634635,0.0001109374672844466,0.0,8521,31059
Presomitic mesoderm,Telencephalon (ventral),6.152959308207116,-0.1651843865267848,-10.51934456852383,0.0010462152518091762,0.0,8521,3241
Presomitic mesoderm,Thyroid progenitor,5.444843465253402,-0.42136947498882577,-14.739458543359135,0.002435987617350552,0.0,8521,850
Presomitic mesoderm,Trigeminal branchiomotor neuron,6.105565118952893,0.02136629925131602,0.6926828129150259,0.006753894647134584,0.9,8521,872
Presomitic mesoderm,Trigeminal ganglion neuron,6.073075203984082,-0.1121835042654628,-5.637319406539102,0.0007601554050268316,0.0,8521,1765
Presomitic mesoderm,Trigeminal placode,6.196324744562439,-0.1318161796464737,-9.884762827578749,0.0022298514119733744,0.0,8521,6546
Presomitic mesoderm,Trigeminal sensory neuron,6.05723617019677,-0.16966753418595518,-10.247555959855148,0.0003098272244103475,0.0,8521,3198
Presomitic mesoderm,Trochlear neuron,5.7743602464778165,-0.05762369614007282,-0.9968211631623628,0.005724902360830093,0.74,8521,153
Presomitic mesoderm,Trunk neural crest,6.865886733412315,0.45884473497643175,35.868401431930316,0.006830406717636674,0.0,8521,6809
Presomitic mesoderm,V0 interneuron,6.675366138416748,0.1485532281984545,7.6337670153973844,0.001667570934003361,0.0,8521,2114
Presomitic mesoderm,V1 interneuron,6.639627443810656,0.1968833447348528,9.878462251013014,0.006020420988496085,0.0,8521,1795
Presomitic mesoderm,V2 interneuron,6.349105019907526,0.07557042096804494,2.5889804188435814,0.002202165025738747,0.24,8521,842
Presomitic mesoderm,V3 interneuron,6.114742739171544,0.22433031907373438,4.075487782480674,0.006231612032001047,0.01,8521,230
Presomitic mesoderm,Vagal neural crest,6.644678999343846,0.2240952461972503,16.302320124458603,0.003559562656269716,0.0,8521,4937
Presomitic mesoderm,Visceral motor neuron,6.290461148739731,0.08829744420241721,3.6873187156523843,0.005964348428463915,0.99,8521,2062
Presomitic mesoderm,Yolk sac endothelial cell,5.483904713164574,-0.24804664526332587,-3.3905900537641993,0.003017718190445224,0.02,8521,112
Primordial germ cell,Primordial germ cell,9.500000000065777,-2.042810365310288e-14,-0.0001953610789252,1.5777218104420236e-30,1.0,25,25
Primordial germ cell,Respiratory progenitor,4.616990179699364,0.06853588322404525,0.46558300215394205,0.06650940037395281,0.49,25,808
Primordial germ cell,Right ventricle,4.638586779655456,-0.1629015853955882,-1.4256439134134125,1.4699905366343619e-07,0.28,25,649
Primordial germ cell,Roof plate (anterior),4.656793825172502,-0.5124958506339365,-3.4378854466146724,4.322582496682764e-05,0.0,25,3065
Primordial germ cell,Roof plate (posterior),4.688320510920601,-0.4738803228280446,-3.1884746363896452,0.0015922218347742283,0.0,25,1555
Primordial germ cell,Sacral neural crest,4.719313410357764,-0.2800615959970969,-1.8194591784084766,0.0068262785329276385,0.09,25,1327
Primordial germ cell,Sclerotome,4.763541501154957,-0.6909588796642367,-5.746985699901882,0.043665189076798054,0.0,25,50563
Primordial germ cell,Second heart field (anterior),4.731291187839116,-0.016826763940657852,-0.39545782313695566,0.032209321548286214,0.47,25,667
Primordial germ cell,Somatic mesoderm (anterior),4.7859080081631795,-0.4306730604998279,-3.6109561182015684,4.5214517446404055e-05,0.0,25,10036
Primordial germ cell,Somatic mesoderm (posterior),5.095683964131103,-0.23706326967744396,-2.141326083680962,0.18055085619688813,0.72,25,32735
Primordial germ cell,Somatic mesoderm (tailbud),4.666744467535777,-0.3549874668656905,-2.611236954867259,0.015494198380132076,0.11,25,1912
Primordial germ cell,Somatic motor neuron,4.684788990077844,-0.5645936130749174,-3.9746979148692496,0.02020482959102983,0.02,25,4647
Primordial germ cell,Spinal cord (cervical),4.684383144135109,-0.7753463886546155,-5.335758690512671,3.490394034724902e-06,0.0,25,29744
Primordial germ cell,Spinal cord (lumbar),4.660283618345501,-0.6374968964642491,-4.772167122671804,0.000741219831339683,0.0,25,8833
Primordial germ cell,Spinal cord (sacral),4.679432622893367,-0.5639652537213178,-4.134307693310769,0.0026712929000433728,0.0,25,3918
Primordial germ cell,Spinal cord (thoracic),4.6782379414047846,-0.7184352588631135,-5.327720166072959,2.4641074491015437e-08,0.0,25,23669
Primordial germ cell,Spinal cord interneuron progenitor,4.648657541134752,-0.5856285358081883,-3.9809225903337717,0.021097173355025887,0.0,25,1590
Primordial germ cell,Splanchnic mesoderm (cardiopulmonary),4.837869408207374,-0.21825482816659703,-2.024336110527532,0.01925390688164029,0.5,25,3841
Primordial germ cell,Splanchnic mesoderm (gastric),4.759403684810286,-0.24004909529093377,-1.8804736968601885,0.002560400801551868,0.22,25,2219
Primordial germ cell,Splanchnic mesoderm (intestinal),4.83561620240259,-0.39342949398407523,-3.2102340902004425,0.004719801601572044,0.0,25,6795
Primordial germ cell,Splanchnic mesoderm (septum transversum),4.7209459070907,-0.24564819082203382,-2.210757549009013,0.0004460059721640444,0.07,25,1829
Primordial germ cell,Subthalamic nucleus neuron,4.611602023595049,-0.22747196273654025,-2.1537395904212717,0.10002541796021945,1.0,25,543
Primordial germ cell,Surface ectoderm (posterior),4.699371867036161,0.23826846077537445,1.2191842575458982,0.018786567258049433,0.46,25,82
Primordial germ cell,Telencephalon (dorsal),4.653202208137509,-0.6264858005574578,-4.943932133719322,0.011441591774497087,0.0,25,23442
Primordial germ cell,Telencephalon (ventral),4.627024679080106,-0.4300136950021991,-3.385137639788516,3.130598331982904e-08,0.0,25,2400
Primordial germ cell,Thyroid progenitor,4.584573956625356,-0.004899822746784022,-0.42380824865520805,0.08116385092044223,0.19,25,526
Primordial germ cell,Trigeminal branchiomotor neuron,4.672130981700155,-0.16218093653632915,-1.139455406515477,0.05232657061800736,1.0,25,601
Primordial germ cell,Trigeminal ganglion neuron,4.679729845525545,-0.22843673407876208,-1.6290698714541123,0.0011398380432365521,0.22,25,1089
Primordial germ cell,Trigeminal placode,4.756022650865832,-0.3054967667114856,-2.3404552744236775,0.00013048107961044383,0.12,25,5129
Primordial germ cell,Trigeminal sensory neuron,4.5949543612431825,-0.34066470282788286,-2.7947642867014326,0.01484996465244872,0.09,25,2096
Primordial germ cell,Trochlear neuron,4.645865421217662,0.03189636127413831,0.1616346797336669,0.04913059010583189,0.45,25,121
Primordial germ cell,Trunk neural crest,4.716811273605803,-0.3977551136478299,-3.03847090632499,0.007205128876215484,0.0,25,4056
Primordial germ cell,V0 interneuron,4.689088456945533,-0.5917973319690168,-4.069199275783607,0.0004903713344153168,0.0,25,1480
Primordial germ cell,V1 interneuron,4.584527610266981,-0.6046769960108396,-5.005072658999913,0.031017251911261347,0.01,25,1328
Primordial germ cell,V2 interneuron,4.62711378280439,-0.3717504363765145,-2.3915920998344258,0.01260785830734894,0.07,25,602
Primordial germ cell,V3 interneuron,4.730583693945761,0.1524600313301434,0.7837379088619238,0.06353121759808139,0.83,25,148
Primordial germ cell,Vagal neural crest,4.659994926003934,-0.49016464124258574,-3.648180351006337,0.0036577597035217283,0.0,25,3088
Primordial germ cell,Visceral motor neuron,4.600550984275669,-0.3290293826091588,-2.0451629773665827,0.12743452472290714,0.69,25,1520
Primordial germ cell,Yolk sac endothelial cell,4.5753886468167275,0.21076739823047808,0.8294517303233598,0.027146528245808422,0.63,25,64
Respiratory progenitor,Respiratory progenitor,9.50000000000218,-1.3618735768735254e-14,-0.0001243137470784255,2.7241996593632277e-28,1.0,1209,1209
Respiratory progenitor,Right ventricle,5.162585284708615,-0.06673566724825264,-2.0372829017744656,0.024708374055876642,0.06,1209,730
Respiratory progenitor,Roof plate (anterior),5.305388229907367,-0.46857869116567424,-17.516536050050814,0.006167950569466578,0.0,1209,3787
Respiratory progenitor,Roof plate (posterior),5.298543024128833,-0.48371526732984255,-16.06318117527756,0.0012252613832944676,0.0,1209,2248
Respiratory progenitor,Sacral neural crest,5.31638082416669,-0.3309283636619851,-11.845303918396562,0.014220634838548556,0.0,1209,2156
Respiratory progenitor,Sclerotome,5.6928820500820905,-0.3932928858472611,-16.832714608325706,0.002148031227023047,0.0,1209,74334
Respiratory progenitor,Second heart field (anterior),5.310331858753275,-0.061040985144909854,-1.4828427277943284,0.010918987220601944,0.9,1209,1040
Respiratory progenitor,Somatic mesoderm (anterior),5.5738058145260245,-0.2697111843494853,-12.944806960810437,0.0014011662371744267,0.0,1209,14544
Respiratory progenitor,Somatic mesoderm (posterior),5.500969038115464,-0.4557713103571122,-19.76081186784081,0.015165609420623737,0.0,1209,48596
Respiratory progenitor,Somatic mesoderm (tailbud),5.357822906778279,-0.3018516709299061,-11.044592442319592,0.023261963202865086,0.0,1209,3011
Respiratory progenitor,Somatic motor neuron,5.493882826939252,-0.36838052160389595,-14.453345695547236,0.017522990779346256,0.0,1209,6559
Respiratory progenitor,Spinal cord (cervical),5.549453693070863,-0.515745666955104,-22.77490918420587,0.010328265602383513,0.0,1209,41051
Respiratory progenitor,Spinal cord (lumbar),5.509005189868167,-0.4139996389514815,-17.465256773071378,0.013850662654006342,0.0,1209,12722
Respiratory progenitor,Spinal cord (sacral),5.481233609355542,-0.375792793853889,-14.42342273503504,0.025037928921028553,0.0,1209,5351
Respiratory progenitor,Spinal cord (thoracic),5.534315416317502,-0.4642261648265406,-19.71682910533063,0.011767125590619919,0.0,1209,35061
Respiratory progenitor,Spinal cord interneuron progenitor,5.46430575639,-0.36839079442109285,-11.99748456895827,0.006167905064000882,0.0,1209,2196
Respiratory progenitor,Splanchnic mesoderm (cardiopulmonary),5.421045621615511,-0.24639314759143952,-11.5711425355441,0.005901385629547498,0.0,1209,5768
Respiratory progenitor,Splanchnic mesoderm (gastric),5.379222443402906,-0.2582890633302215,-9.286947119383457,0.00262266213506832,0.0,1209,3373
Respiratory progenitor,Splanchnic mesoderm (intestinal),5.446796463696603,-0.42851760353139934,-17.45925216343799,0.005242350918429643,0.0,1209,9676
Respiratory progenitor,Splanchnic mesoderm (septum transversum),5.460197960968343,-0.12876203957434296,-5.5429141569618325,0.0038504689625208756,0.02,1209,2825
Respiratory progenitor,Subthalamic nucleus neuron,5.370760465310546,-0.09945110856384609,-2.274150251670422,0.012243903999807966,0.82,1209,802
Respiratory progenitor,Surface ectoderm (posterior),5.0835003202980396,-0.02826140153668355,-0.30933704255048583,0.10371299529945271,0.01,1209,133
Respiratory progenitor,Telencephalon (dorsal),5.436522240110738,-0.44219721731280526,-20.85705131173216,0.016393637472090057,0.0,1209,31059
Respiratory progenitor,Telencephalon (ventral),5.314128274726687,-0.35705878402448626,-13.138011176846732,0.019642899552393015,0.0,1209,3241
Respiratory progenitor,Thyroid progenitor,7.376818304929489,2.1646534044353523,63.98162230678843,0.009672020991661083,0.0,1209,850
Respiratory progenitor,Trigeminal branchiomotor neuron,5.323263140071617,-0.10916369229770446,-2.7568248997421017,0.0031730696974397697,0.05,1209,872
Respiratory progenitor,Trigeminal ganglion neuron,5.132797739793197,-0.40091229577827053,-13.421569508906787,0.0068530309311681725,0.0,1209,1765
Respiratory progenitor,Trigeminal placode,5.295679321877753,-0.38562535699809547,-14.76373740199486,0.002265184399303776,0.0,1209,6546
Respiratory progenitor,Trigeminal sensory neuron,5.276181645941314,-0.2996134663538479,-11.173674287281935,0.0188529535975694,0.0,1209,3198
Respiratory progenitor,Trochlear neuron,5.111183660993565,-0.06579364348243229,-0.9099679610498234,0.0013681006305493984,0.73,1209,153
Respiratory progenitor,Trunk neural crest,5.339236486180595,-0.41693928882864356,-14.992705551243041,0.005559862557378417,0.0,1209,6809
Respiratory progenitor,V0 interneuron,5.4266845200790526,-0.4483970802388291,-14.12235353743533,0.012771442178312983,0.0,1209,2114
Respiratory progenitor,V1 interneuron,5.427547308305723,-0.3664198975278549,-12.263293910414868,0.0075022086575862075,0.0,1209,1795
Respiratory progenitor,V2 interneuron,5.406869457403705,-0.21092359197212515,-5.884895043121694,0.00853377909044505,0.0,1209,842
Respiratory progenitor,V3 interneuron,5.294562770098483,0.055496881687730294,1.091675556483006,0.0017685945882041439,0.88,1209,230
Respiratory progenitor,Vagal neural crest,5.3255012179089745,-0.44292400188793835,-15.773912346258273,0.0014144016205717587,0.0,1209,4937
Respiratory progenitor,Visceral motor neuron,5.424360223178638,-0.12705739042287809,-3.931918838548375,0.003626372806720047,0.0,1209,2062
Respiratory progenitor,Yolk sac endothelial cell,4.968126687096713,-0.12342738021713966,-1.6029846679434208,0.026074445925849545,0.3,1209,112
Right ventricle,Right ventricle,9.499999999999751,-5.921189464667502e-15,-5.3281976583999995e-05,3.6708327456284415e-28,1.0,730,730
Right ventricle,Roof plate (anterior),5.478200341834881,-0.28369416073478987,-8.999322279607181,0.003420420244103474,0.0,730,3787
Right ventricle,Roof plate (posterior),5.5898898870043645,-0.18192677577191732,-5.267021030660465,0.0075862041319543,0.01,730,2248
Right ventricle,Sacral neural crest,5.463158530648438,-0.17228368202758393,-5.276185809708138,0.01891452590367428,0.45,730,2156
Right ventricle,Sclerotome,5.993832233463187,-0.08295930163844556,-3.857449848102332,0.014425410115662488,0.35,730,74334
Right ventricle,Second heart field (anterior),6.77469391089285,1.408320073821119,39.483224629246244,0.03496990184036443,0.0,730,1040
Right ventricle,Somatic mesoderm (anterior),6.1136069949539165,0.2820791655180326,10.46362256483264,0.0006339461564595913,0.0,730,14544
Right ventricle,Somatic mesoderm (posterior),5.852933243631544,-0.0874407043310459,-3.211872420512575,0.0029253747073077086,0.57,730,48596
Right ventricle,Somatic mesoderm (tailbud),5.561241495451874,-0.09000422307291463,-2.9432679151091006,0.013223647060062325,0.57,730,3011
Right ventricle,Somatic motor neuron,5.525722385091838,-0.3267210065768357,-10.16906736252671,0.0037604986439861363,0.0,730,6559
Right ventricle,Spinal cord (cervical),5.6645891502285535,-0.388298796709518,-12.775463831995571,0.002784715292316771,0.0,730,41051
Right ventricle,Spinal cord (lumbar),5.647193821451097,-0.2650816472748427,-9.298918142140428,0.007397027921696137,0.0,730,12722
Right ventricle,Spinal cord (sacral),5.609806359364889,-0.24352969535221072,-7.607106979695302,0.010661951280736982,0.04,730,5351
Right ventricle,Spinal cord (thoracic),5.653384869775993,-0.34172962998166206,-11.324100552392304,0.0003653401503895586,0.0,730,35061
Right ventricle,Spinal cord interneuron progenitor,5.563394942283231,-0.25908276823876797,-8.206676066930676,0.012049920525946708,0.03,730,2196
Right ventricle,Splanchnic mesoderm (cardiopulmonary),6.235332581864174,0.5810004859888362,18.69331617866668,0.02775991574411385,0.0,730,5768
Right ventricle,Splanchnic mesoderm (gastric),5.58880233197285,-0.039276506727955095,-2.187571664665155,0.01329659666726602,0.89,730,3373
Right ventricle,Splanchnic mesoderm (intestinal),5.810265890858915,-0.05704253714629015,-2.7452481727415647,0.007595754525489951,0.39,730,9676
Right ventricle,Splanchnic mesoderm (septum transversum),5.839049883417812,0.25819962033315075,9.459279710028225,0.0026002076735367314,0.0,730,2825
Right ventricle,Subthalamic nucleus neuron,5.276150420480702,-0.18339944013131118,-5.400507660254159,0.007087272764318103,0.17,730,802
Right ventricle,Surface ectoderm (posterior),5.1849869486116,0.07618233644819779,1.0022584461958266,0.011588506818201092,0.98,730,133
Right ventricle,Telencephalon (dorsal),5.49797327312177,-0.37098173640041604,-12.489023549100489,0.0016241372182257399,0.0,730,31059
Right ventricle,Telencephalon (ventral),5.393730017423529,-0.26642423979154845,-8.204616758817922,0.002356978116013338,0.0,730,3241
Right ventricle,Thyroid progenitor,5.20002529581658,-0.009556089785306495,-1.1296699577841085,0.02423986072026537,0.05,730,850
Right ventricle,Trigeminal branchiomotor neuron,5.30991129513481,-0.11368466602192868,-3.216481109775972,0.005362782287376262,0.64,730,872
Right ventricle,Trigeminal ganglion neuron,5.410534546305037,-0.11392981939702818,-3.596820511056636,0.01157817738899592,0.35,730,1765
Right ventricle,Trigeminal placode,5.530168829780412,-0.13297376552460674,-4.490781446781809,0.0002537231500495647,0.0,730,6546
Right ventricle,Trigeminal sensory neuron,5.398784804528771,-0.16722668475886415,-4.731559597975475,0.005735023978878529,0.0,730,3198
Right ventricle,Trochlear neuron,5.026332476052462,-0.14008434079422147,-2.9192263646212737,0.05295832924448651,0.31,730,153
Right ventricle,Trunk neural crest,5.543927542481835,-0.20661749341785432,-5.966089080637306,0.007794660283121136,0.0,730,6809
Right ventricle,V0 interneuron,5.553556905822757,-0.31159671721040844,-9.436196993436742,0.0010368112555164742,0.0,730,2114
Right ventricle,V1 interneuron,5.504156860267364,-0.28239313289435675,-7.900486400726396,0.002567535389333923,0.0,730,1795
Right ventricle,V2 interneuron,5.416659199788325,-0.19082886312277866,-4.730012014701514,0.008061006338133557,0.13,730,842
Right ventricle,V3 interneuron,5.117988859910412,-0.11297755702893546,-2.45018917319208,0.012433812758631289,0.99,730,230
Right ventricle,Vagal neural crest,5.556925213789846,-0.19949580983028023,-6.242375489851159,0.011602535411822552,0.0,730,4937
Right ventricle,Visceral motor neuron,5.283262319457169,-0.2556674173162052,-7.118689586209347,0.006244564336007716,0.0,730,2062
Right ventricle,Yolk sac endothelial cell,5.104739988710691,0.017205084925759156,0.4481055833792831,0.01176646220618238,0.87,730,112
Roof plate (anterior),Roof plate (anterior),9.500000000018941,-1.6579330501069005e-14,-0.0001657615469325158,6.416068695797563e-29,1.0,3787,3787
Roof plate (anterior),Roof plate (posterior),6.766735578086215,0.4551332775580897,20.445779093593675,0.005131948156711669,0.0,3787,2248
Roof plate (anterior),Sacral neural crest,6.427123022430053,0.2507561098464525,11.56199415691259,0.003593609300701412,0.0,3787,2156
Roof plate (anterior),Sclerotome,6.267352850483319,-0.3476416047999639,-26.204997101281347,0.0004765879114908386,0.0,3787,74334
Roof plate (anterior),Second heart field (anterior),5.684883334367501,-0.22163218810505678,-8.164856250288018,0.007477588179913263,0.0,3787,1040
Roof plate (anterior),Somatic mesoderm (anterior),6.133594198674572,-0.23997238858201353,-16.613430458662318,0.003770035316428285,0.0,3787,14544
Roof plate (anterior),Somatic mesoderm (posterior),6.456669020533219,-0.028464274764237924,-1.266145996307329,0.009178267573899376,0.43,3787,48596
Roof plate (anterior),Somatic mesoderm (tailbud),6.299055949890409,0.1084338863000281,5.675633272933116,0.006298219040453255,0.15,3787,3011
Roof plate (anterior),Somatic motor neuron,6.158860647171572,-0.23425377640074027,-12.7123707034051,0.0005119266968478079,0.0,3787,6559
Roof plate (anterior),Spinal cord (cervical),6.785938396981254,0.19125556768962207,13.585000359485171,3.073951192791924e-05,0.0,3787,41051
Roof plate (anterior),Spinal cord (lumbar),6.462154166344811,0.008361588717200755,0.05615311569346907,0.003115482699150107,0.13,3787,12722
Roof plate (anterior),Spinal cord (sacral),6.3721487810921404,-0.01688560331684415,-1.0839171624783523,0.004431005996422405,0.66,3787,5351
Roof plate (anterior),Spinal cord (thoracic),6.560492015886286,0.0321281584914385,2.5931987525055344,0.003258878885782611,0.99,3787,35061
Roof plate (anterior),Spinal cord interneuron progenitor,6.223730941581355,-0.14005437391980605,-5.684182828981208,0.007010091241628579,0.0,3787,2196
Roof plate (anterior),Splanchnic mesoderm (cardiopulmonary),5.958249603078419,-0.23984186682236963,-15.903385181518386,0.0072794254130448014,0.0,3787,5768
Roof plate (anterior),Splanchnic mesoderm (gastric),5.972445230205313,-0.1956152691941524,-10.49054786973921,0.005074665519263501,0.0,3787,3373
Roof plate (anterior),Splanchnic mesoderm (intestinal),6.360489783887462,-0.046051347005550504,-2.3971965923347827,0.007287803636335379,0.05,3787,9676
Roof plate (anterior),Splanchnic mesoderm (septum transversum),5.9244487978751215,-0.1947479476746429,-11.926737588972427,0.008225984010702032,0.0,3787,2825
Roof plate (anterior),Subthalamic nucleus neuron,5.7471859475908085,-0.2557306026817712,-8.023414597099862,0.013254875302004435,0.0,3787,802
Roof plate (anterior),Surface ectoderm (posterior),5.589422389453588,-0.058925129543947165,-0.8139249016517462,0.0024756485351689833,0.96,3787,133
Roof plate (anterior),Telencephalon (dorsal),6.671794205639711,0.2610950831326573,19.839240905819715,0.004966829805727275,0.0,3787,31059
Roof plate (anterior),Telencephalon (ventral),6.4521503625480365,0.2510583437931346,13.37027631937139,0.008186791376486036,0.0,3787,3241
Roof plate (anterior),Thyroid progenitor,5.292128507848678,-0.45543064641653136,-15.62799157071362,0.010780394453231163,0.0,3787,850
Roof plate (anterior),Trigeminal branchiomotor neuron,5.694627330829834,-0.2698936172874256,-8.75744367266234,0.004631284688784069,0.0,3787,872
Roof plate (anterior),Trigeminal ganglion neuron,6.8527629696272285,0.7845871592848,32.1878717193473,0.04783376393078994,0.0,3787,1765
Roof plate (anterior),Trigeminal placode,6.494484405392193,0.2852298325820053,16.76576002982175,0.002204997515380527,0.0,3787,6546
Roof plate (anterior),Trigeminal sensory neuron,6.303155859602015,0.19598022095030063,10.092446862747513,0.0034002390240061796,0.0,3787,3198
Roof plate (anterior),Trochlear neuron,5.5437552556598915,-0.17505804396617997,-2.602402830354927,0.009429269146871996,0.12,3787,153
Roof plate (anterior),Trunk neural crest,6.594136984828637,0.30409831630163237,19.551956903042242,0.0024504815337415184,0.0,3787,6809
Roof plate (anterior),V0 interneuron,6.481569355607341,0.07306497215102266,3.4122831855880693,0.01183865838413895,0.15,3787,2114
Roof plate (anterior),V1 interneuron,6.284998771244243,-0.03903670542897212,-1.6939446597772652,0.0003699688502847544,0.26,3787,1795
Roof plate (anterior),V2 interneuron,6.000769009246575,-0.14675917036262684,-4.6995410992109266,0.0012996204943201864,0.0,3787,842
Roof plate (anterior),V3 interneuron,5.440139978886681,-0.33480318814427373,-5.8145990051247765,0.016406500647965037,0.0,3787,230
Roof plate (anterior),Vagal neural crest,6.7612789776887,0.46314537127167493,26.5578918921365,0.0009934984030077454,0.0,3787,4937
Roof plate (anterior),Visceral motor neuron,5.759595133467975,-0.3261918316584482,-14.154827193176045,0.012124238784789321,0.0,3787,2062
Roof plate (anterior),Yolk sac endothelial cell,5.464569777529804,-0.16300933366167078,-1.8009237910963112,0.030929238892455364,0.48,3787,112
Roof plate (posterior),Roof plate (posterior),9.500000000007958,-5.921189464667501e-16,-5.924238888074507e-06,2.1877742438129393e-28,1.0,2248,2248
Roof plate (posterior),Sacral neural crest,7.358508474234739,1.1719110499176668,46.678274165084765,0.002073457125341292,0.0,2248,2156
Roof plate (posterior),Sclerotome,6.431056266628143,-0.19480488061396825,-11.897877777420907,1.9085633501843283e-05,0.0,2248,74334
Roof plate (posterior),Second heart field (anterior),5.684921676036903,-0.22865174526690524,-8.414952971297549,0.0031585253243149123,0.0,2248,1040
Roof plate (posterior),Somatic mesoderm (anterior),6.233540736683838,-0.14889604594383568,-8.562123669118444,0.0035902688448710036,0.0,2248,14544
Roof plate (posterior),Somatic mesoderm (posterior),6.591558506024505,0.09694991371410744,6.226512418793944,0.02649651927394518,0.0,2248,48596
Roof plate (posterior),Somatic mesoderm (tailbud),6.613919789799049,0.4147211325799394,18.011589679988404,0.008740815023951179,0.0,2248,3011
Roof plate (posterior),Somatic motor neuron,6.349951477432899,-0.05109058405555208,-2.5893496713927484,0.005437046788381084,0.43,2248,6559
Roof plate (posterior),Spinal cord (cervical),7.566770930519657,0.9614868656569641,57.229630598080256,0.008474016251058317,0.0,2248,41051
Roof plate (posterior),Spinal cord (lumbar),7.051261873226408,0.5889698709993191,30.50154969569802,0.005867382785120369,0.0,2248,12722
Roof plate (posterior),Spinal cord (sacral),6.840022700135297,0.43892063854142666,20.64620923506729,0.006614033934429614,0.0,2248,5351
Roof plate (posterior),Spinal cord (thoracic),7.450310071431413,0.9111616405174928,51.618830725522,0.008764500003769382,0.0,2248,35061
Roof plate (posterior),Spinal cord interneuron progenitor,6.396584921167904,0.023910983736195195,1.4232691115909661,0.017646848659393078,0.0,2248,2196
Roof plate (posterior),Splanchnic mesoderm (cardiopulmonary),6.006785063452278,-0.2013552070331229,-11.670984837891526,0.001346739832311488,0.0,2248,5768
Roof plate (posterior),Splanchnic mesoderm (gastric),6.059408144196655,-0.11767413503019153,-5.135955056044377,0.0030076400544216714,0.01,2248,3373
Roof plate (posterior),Splanchnic mesoderm (intestinal),6.466244650182744,0.04952694064004811,2.223341004659462,0.029427881818621264,0.02,2248,9676
Roof plate (posterior),Splanchnic mesoderm (septum transversum),5.973330087524851,-0.15730798469380888,-8.350694750097299,0.005982487928588485,0.0,2248,2825
Roof plate (posterior),Subthalamic nucleus neuron,5.668877367964117,-0.34028804586290323,-10.015971954410945,0.0011713834103278258,0.0,2248,802
Roof plate (posterior),Surface ectoderm (posterior),5.605894228311956,-0.03996860456619503,-0.6425221555592685,0.007164438543341387,0.67,2248,133
Roof plate (posterior),Telencephalon (dorsal),6.39801368665395,-0.022027219587333075,-1.345995089798695,0.0011356347020918907,0.38,2248,31059
Roof plate (posterior),Telencephalon (ventral),6.211921722973902,0.002072602506950183,0.015114363296339453,0.0019588159061224323,1.0,2248,3241
Roof plate (posterior),Thyroid progenitor,5.305907972073714,-0.45082777904384724,-13.850495257129623,0.005084879691746355,0.0,2248,850
Roof plate (posterior),Trigeminal branchiomotor neuron,5.712238600195359,-0.261990837276147,-7.9168725836389475,0.0012544110271272067,0.0,2248,872
Roof plate (posterior),Trigeminal ganglion neuron,6.241056276376587,0.17010608743568975,6.287723057357266,0.020675945353555304,0.82,2248,1765
Roof plate (posterior),Trigeminal placode,6.361452413013563,0.14226571667987967,8.221544947110218,0.01583479572495676,0.5,2248,6546
Roof plate (posterior),Trigeminal sensory neuron,6.17377174947735,0.056747357609576866,2.355112069214362,0.00748246720837163,0.07,2248,3198
Roof plate (posterior),Trochlear neuron,5.522965208301135,-0.2023682082980939,-2.969850321867352,0.002364887697277815,0.0,2248,153
Roof plate (posterior),Trunk neural crest,7.76788739502798,1.4686044095028754,78.13621984938412,0.0005526655476773868,0.0,2248,6809
Roof plate (posterior),V0 interneuron,6.781180321916914,0.3660592902484397,15.165876343110313,0.00897769820586499,0.0,2248,2114
Roof plate (posterior),V1 interneuron,6.524732080551857,0.18890041518295556,7.310177169821599,0.001236004639821355,0.0,2248,1795
Roof plate (posterior),V2 interneuron,6.034004705374119,-0.12538207415482905,-3.4797484031519956,0.008632916856738473,0.51,2248,842
Roof plate (posterior),V3 interneuron,5.475298690522538,-0.3072706387034139,-5.254935263926709,0.0015566396903099644,0.0,2248,230
Roof plate (posterior),Vagal neural crest,7.631168569941511,1.3233088831359332,67.60465183984046,0.004397316137909206,0.0,2248,4937
Roof plate (posterior),Visceral motor neuron,5.772114629177255,-0.3199895136444697,-12.20245611403019,0.0008119444210335459,0.0,2248,2062
Roof plate (posterior),Yolk sac endothelial cell,5.4391460046226925,-0.1885928767275639,-2.1106692324844945,0.01347249788704638,0.32,2248,112
Sacral neural crest,Sacral neural crest,9.499999999984938,-1.7763568394002505e-15,-1.776325273194118e-05,1.5461673742331831e-28,1.0,2156,2156
Sacral neural crest,Sclerotome,6.405479384712206,-0.08591112610467692,-5.1990161046203776,0.004570928262836024,0.41,2156,74334
Sacral neural crest,Second heart field (anterior),5.574599554663794,-0.2019643263948702,-6.13714998541765,0.021789957117097292,0.18,2156,1040
Sacral neural crest,Somatic mesoderm (anterior),6.1358893005072845,-0.11224721841968203,-6.35213970987702,0.0066523418671596566,0.0,2156,14544
Sacral neural crest,Somatic mesoderm (posterior),6.627580545107492,0.2674007046549673,15.067515806561012,0.030371679508642897,0.0,2156,48596
Sacral neural crest,Somatic mesoderm (tailbud),6.8452653653650986,0.779475173876173,32.209029177121224,0.007334933007481427,0.0,2156,3011
Sacral neural crest,Somatic motor neuron,6.0876315085827,-0.17911374968663107,-9.038626959500055,0.0006599575947883547,0.0,2156,6559
Sacral neural crest,Spinal cord (cervical),6.903436342031912,0.43172678635985423,23.86922833226895,0.0006252725460567233,0.0,2156,41051
Sacral neural crest,Spinal cord (lumbar),7.756793169835606,1.4281114028742572,74.72492694641143,0.015402086634686016,0.0,2156,12722
Sacral neural crest,Spinal cord (sacral),7.324002696741849,1.0581102686578616,52.130756679912444,0.005717566559850382,0.0,2156,5351
Sacral neural crest,Spinal cord (thoracic),7.481947449139852,1.0783282216592316,63.46187815954352,0.004092669322622554,0.0,2156,35061
Sacral neural crest,Spinal cord interneuron progenitor,6.14802576718175,-0.0961241113400293,-3.5533480298359588,0.010245173875318592,0.87,2156,2196
Sacral neural crest,Splanchnic mesoderm (cardiopulmonary),5.927219931084996,-0.14473334607829239,-8.194842759401604,0.009309956021923917,0.0,2156,5768
Sacral neural crest,Splanchnic mesoderm (gastric),5.966051792296244,-0.0778267322940011,-3.53472352839834,0.006869507613780067,0.44,2156,3373
Sacral neural crest,Splanchnic mesoderm (intestinal),6.456156842464504,0.1739617838126879,8.632809104518868,0.02528274670234761,0.7,2156,9676
Sacral neural crest,Splanchnic mesoderm (septum transversum),5.855699895640599,-0.14177502528173935,-6.909023162242178,0.01061758522530814,0.05,2156,2825
Sacral neural crest,Subthalamic nucleus neuron,5.559072734985719,-0.31849917351271984,-9.764898623804557,0.0026852303704634367,0.0,2156,802
Sacral neural crest,Surface ectoderm (posterior),5.509272001206576,-0.0028577307602016453,-0.0715199681527015,0.005012279069845757,0.77,2156,133
Sacral neural crest,Telencephalon (dorsal),6.200017363520751,-0.08360003134035814,-5.010611909536293,9.003024480489641e-05,0.0,2156,31059
Sacral neural crest,Telencephalon (ventral),6.008445884435048,-0.0656023146865019,-2.83973047514622,0.0003465496145817454,0.06,2156,3241
Sacral neural crest,Thyroid progenitor,5.26257320878208,-0.3589872982096602,-11.295854316504817,0.003779249225660574,0.0,2156,850
Sacral neural crest,Trigeminal branchiomotor neuron,5.577032338550925,-0.2642517909298145,-7.714214583147686,2.1879850568368154e-05,0.0,2156,872
Sacral neural crest,Trigeminal ganglion neuron,6.018847913582849,0.0771455441524876,2.7801197792073133,0.02373974550951823,0.78,2156,1765
Sacral neural crest,Trigeminal placode,6.263491204494945,0.1796283602431273,8.4508163306944,9.420955071239564e-05,0.0,2156,6546
Sacral neural crest,Trigeminal sensory neuron,6.076376690960448,0.09663397475017692,4.373387834107647,0.0022802979821886183,0.08,2156,3198
Sacral neural crest,Trochlear neuron,5.352970125550961,-0.2263738317525116,-2.980546237062734,0.001796662694386001,0.03,2156,153
Sacral neural crest,Trunk neural crest,7.705759008247708,1.5435015282231068,74.9651036027908,0.000803489167739215,0.0,2156,6809
Sacral neural crest,V0 interneuron,6.3830190830059585,0.09907724203848851,3.8430349549590086,0.0004637462181932289,0.0,2156,2114
Sacral neural crest,V1 interneuron,6.186104265160302,-0.010111259620092442,-0.2378672127350335,0.006365641230142721,0.92,2156,1795
Sacral neural crest,V2 interneuron,5.834156276673087,-0.19146380884743022,-5.088504354767728,0.003989507707476562,0.0,2156,842
Sacral neural crest,V3 interneuron,5.379332226858549,-0.2658858983407126,-4.261988581346082,0.010502958472077481,0.01,2156,230
Sacral neural crest,Vagal neural crest,7.024928967930055,0.8518494914492795,41.80989497532491,0.001868382012335515,0.0,2156,4937
Sacral neural crest,Visceral motor neuron,5.595027396793424,-0.36153967443553786,-12.48697197080962,0.00218229780507799,0.0,2156,2062
Sacral neural crest,Yolk sac endothelial cell,5.435944579629241,-0.06182081014654154,-1.174450545119709,0.01717502745524014,0.64,2156,112
Sclerotome,Sclerotome,9.500000000005786,-1.7763568394002505e-15,-2.9598270924615174e-05,2.3034738432453545e-28,1.0,74334,74334
Sclerotome,Second heart field (anterior),6.065531276670794,-0.1507751439675943,-6.272493475500203,0.0017639228626119643,0.0,74334,1040
Sclerotome,Somatic mesoderm (anterior),6.70186742783734,0.014444133890421243,1.3010780142125693,0.0037293991566586804,0.03,74334,14544
Sclerotome,Somatic mesoderm (posterior),6.820193732687545,0.020431089372760464,3.3128411324493237,0.0051711391469615,0.0,74334,48596
Sclerotome,Somatic mesoderm (tailbud),6.455122686471668,-0.04756216685446457,-3.3608396546364623,0.0027063363634930253,0.55,74334,3011
Sclerotome,Somatic motor neuron,6.829219044596903,0.12424006061210797,13.39611933174102,0.004873526711486527,0.0,74334,6559
Sclerotome,Spinal cord (cervical),6.797702414711008,-0.11197500756097363,-24.700513304280804,0.00014776014373628127,0.0,74334,41051
Sclerotome,Spinal cord (lumbar),6.934114538354431,0.16773651869316128,23.729228260247165,0.003612644360879112,0.0,74334,12722
Sclerotome,Spinal cord (sacral),6.8770887873595115,0.17477662414725556,14.607202373781602,0.0018680752228738215,0.0,74334,5351
Sclerotome,Spinal cord (thoracic),6.931465738346176,0.08998249016791811,17.945666497473734,0.00394881659135225,0.0,74334,35061
Sclerotome,Spinal cord interneuron progenitor,6.615150295172023,-0.0632883178730695,-3.7242263536679197,0.00015824039934414388,0.0,74334,2196
Sclerotome,Splanchnic mesoderm (cardiopulmonary),6.681620494282124,0.17262332166854133,17.48813254703268,0.001349287816491543,0.0,74334,5768
Sclerotome,Splanchnic mesoderm (gastric),6.520696395429045,0.04102839662362653,2.703937519107383,0.006735090304685884,0.01,74334,3373
Sclerotome,Splanchnic mesoderm (intestinal),6.702190651883652,-0.016969341016805178,-2.302731410828442,0.000921763964932164,0.05,74334,9676
Sclerotome,Splanchnic mesoderm (septum transversum),6.197432883038978,-0.2361407696645322,-15.810600021339843,0.00830868171861266,0.0,74334,2825
Sclerotome,Subthalamic nucleus neuron,6.137370814391332,-0.17759947412827368,-6.760141327497963,0.010468067242734932,0.06,74334,802
Sclerotome,Surface ectoderm (posterior),5.600881764639067,-0.35536761969770164,-5.403633863270728,0.005502663850914474,0.0,74334,133
Sclerotome,Telencephalon (dorsal),6.329554048675553,-0.3928083478499473,-79.20893678901666,0.00011510939229231365,0.0,74334,31059
Sclerotome,Telencephalon (ventral),6.147078340484732,-0.36524679590487147,-26.79122704002694,0.0006973389877259544,0.0,74334,3241
Sclerotome,Thyroid progenitor,5.624092063165882,-0.4362343444524101,-16.527177367451813,0.009606352741980963,0.0,74334,850
Sclerotome,Trigeminal branchiomotor neuron,6.206021502154134,-0.07024398118668913,-2.4213664506133927,0.00402310787136803,0.31,74334,872
Sclerotome,Trigeminal ganglion neuron,6.059002927266416,-0.3198695492309159,-16.9833051569105,0.007475902667416656,0.0,74334,1765
Sclerotome,Trigeminal placode,6.091003226624911,-0.4320681007447649,-43.841355931128504,0.0005617150876047069,0.0,74334,6546
Sclerotome,Trigeminal sensory neuron,6.049469200281867,-0.37025168493276794,-26.962342310688882,0.0005821697824979361,0.0,74334,3198
Sclerotome,Trochlear neuron,5.951630345357002,-0.07045586672678834,-1.151973190892073,0.004465798962403765,0.93,74334,153
Sclerotome,Trunk neural crest,6.438912041213082,-0.16237198589787147,-16.188766521314175,6.383562748295805e-05,0.0,74334,6809
Sclerotome,V0 interneuron,6.555812954751669,-0.1632074377592024,-10.050964863412737,0.0013109646364108797,0.0,74334,2114
Sclerotome,V1 interneuron,6.570169805203215,-0.06759360976568167,-4.05845531949678,0.0016560301535954555,0.33,74334,1795
Sclerotome,V2 interneuron,6.3869618481090535,-0.07848378121515243,-3.2289638859051757,0.004742465900388825,0.7,74334,842
Sclerotome,V3 interneuron,6.3229858464956665,0.23714631752571455,4.561603340556106,6.635519082599126e-06,0.0,74334,230
Sclerotome,Vagal neural crest,6.360993689916508,-0.25112731079203154,-20.9283914237194,3.1412695731569425e-05,0.0,74334,4937
Sclerotome,Visceral motor neuron,6.520448582293738,0.12244480484317588,6.47806347444864,0.007316840381871745,0.03,74334,2062
Sclerotome,Yolk sac endothelial cell,5.90469049563426,-0.032676173493422965,-0.2403946788581881,0.014734468521253388,0.55,74334,112
Second heart field (anterior),Second heart field (anterior),9.500000000007725,1.4802973661668755e-14,0.00014800250013629362,1.146477848921204e-28,1.0,1040,1040
Second heart field (anterior),Somatic mesoderm (anterior),6.72761047147048,0.7527636421192522,30.214891162835517,0.012085151673426362,0.0,1040,14544
Second heart field (anterior),Somatic mesoderm (posterior),6.040206352307138,-0.04712422768045362,-1.8992799470585002,0.000806385684215249,0.35,1040,48596
Second heart field (anterior),Somatic mesoderm (tailbud),5.706625123782792,-0.08466017528838925,-3.321884878886537,0.006695670395510573,1.0,1040,3011
Second heart field (anterior),Somatic motor neuron,5.6184230188714075,-0.374960552089363,-13.22582307671329,0.005285766458318346,0.0,1040,6559
Second heart field (anterior),Spinal cord (cervical),5.748823604150066,-0.44812885208973857,-18.15135560410306,0.0016830769764955293,0.0,1040,41051
Second heart field (anterior),Spinal cord (lumbar),5.751683216410259,-0.30083258975630783,-11.739603926694793,0.003941079191098099,0.0,1040,12722
Second heart field (anterior),Spinal cord (sacral),5.719341851452199,-0.2687540643551663,-10.601228957583414,0.009735204376226395,0.0,1040,5351
Second heart field (anterior),Spinal cord (thoracic),5.7435601008052695,-0.38600074732814615,-14.774643369313251,0.0022144464854401535,0.0,1040,35061
Second heart field (anterior),Spinal cord interneuron progenitor,5.617336195978069,-0.3526954856309666,-11.946232643500375,0.006138774856858879,0.0,1040,2196
Second heart field (anterior),Splanchnic mesoderm (cardiopulmonary),6.684105100155548,0.8867336439698184,38.10559950127872,0.01459480511737523,0.0,1040,5768
Second heart field (anterior),Splanchnic mesoderm (gastric),5.784568053436104,0.016625431908840287,1.0566229769916877,0.008991621349176299,0.56,1040,3373
Second heart field (anterior),Splanchnic mesoderm (intestinal),5.962270165057052,-0.04599133903007798,-1.7753952500522239,0.0030460173480017297,0.42,1040,9676
Second heart field (anterior),Splanchnic mesoderm (septum transversum),6.112259348240728,0.3944055634566803,17.671551964223,0.028090600965804863,0.0,1040,2825
Second heart field (anterior),Subthalamic nucleus neuron,5.37577209267002,-0.2236630085357104,-7.067373936131805,0.002668778032585289,0.0,1040,802
Second heart field (anterior),Surface ectoderm (posterior),5.3933472266907385,0.1515332331142174,1.8546223616470536,0.05583752995774194,0.02,1040,133
Second heart field (anterior),Telencephalon (dorsal),5.686187852736705,-0.32273675828477205,-12.962590320523711,0.006794165078125864,0.0,1040,31059
Second heart field (anterior),Telencephalon (ventral),5.5690217736342476,-0.23322698921010657,-7.77824573273022,0.010366292770729285,0.0,1040,3241
Second heart field (anterior),Thyroid progenitor,5.2721895539597465,-0.07418132956281524,-2.3745555618139216,0.005375263278250386,0.98,1040,850
Second heart field (anterior),Trigeminal branchiomotor neuron,5.432292340583704,-0.13400174055759262,-3.9898087700854035,0.0008223474682095329,0.0,1040,872
Second heart field (anterior),Trigeminal ganglion neuron,5.626377249269823,-0.04181475607380373,-1.3631369491529248,0.02046066122381763,0.84,1040,1765
Second heart field (anterior),Trigeminal placode,5.754486335485518,-0.056042621050268394,-2.2145600718040015,0.003718559113811937,0.73,1040,6546
Second heart field (anterior),Trigeminal sensory neuron,5.654382860908768,-0.05355553286245721,-1.8270525677701024,0.004091593375298069,1.0,1040,3198
Second heart field (anterior),Trochlear neuron,5.214112451410697,-0.10222704593229744,-1.778323816060621,0.017235792947225888,0.46,1040,153
Second heart field (anterior),Trunk neural crest,5.657420126634769,-0.23116275685839938,-9.070833413857505,0.0016932524131491895,0.0,1040,6809
Second heart field (anterior),V0 interneuron,5.6542959240687365,-0.3530008283074902,-11.802054138546488,0.0046098475035232555,0.0,1040,2114
Second heart field (anterior),V1 interneuron,5.576177844335285,-0.34688103336297854,-10.589026489455016,0.017903528230636276,0.0,1040,1795
Second heart field (anterior),V2 interneuron,5.516267848079014,-0.2354998376730532,-6.60808405249838,0.0029914778861251856,0.0,1040,842
Second heart field (anterior),V3 interneuron,5.18833890776891,-0.18020231845123943,-3.719497017457932,0.01402076968637116,0.43,1040,230
Second heart field (anterior),Vagal neural crest,5.690101150502271,-0.2114847237195138,-7.5829966772123925,0.010652470645259638,0.0,1040,4937
Second heart field (anterior),Visceral motor neuron,5.417670560738048,-0.2647564648934768,-7.999640589206624,0.003626423378026427,0.0,1040,2062
Second heart field (anterior),Yolk sac endothelial cell,5.3718736002479845,0.14849528461062386,2.4119097100451534,0.013370361231188036,0.92,1040,112
Somatic mesoderm (anterior),Somatic mesoderm (anterior),9.50000000000616,-1.7763568394002505e-15,-1.7766406830700004e-05,4.070522270940421e-28,1.0,14544,14544
Somatic mesoderm (anterior),Somatic mesoderm (posterior),6.974312968338417,0.4156931847556476,60.84105052011103,9.539265239713006e-05,0.0,14544,48596
Somatic mesoderm (anterior),Somatic mesoderm (tailbud),6.198625112358921,-0.06370640528370035,-4.344726076193569,0.006030874366278131,0.05,14544,3011
Somatic mesoderm (anterior),Somatic motor neuron,6.011326080668279,-0.45282617508028,-38.09916035962802,0.003430134136886707,0.0,14544,6559
Somatic mesoderm (anterior),Spinal cord (cervical),6.262460761778679,-0.40602678479203025,-50.96091285601827,0.0029535356767769493,0.0,14544,41051
Somatic mesoderm (anterior),Spinal cord (lumbar),6.232375801163159,-0.2934477046618505,-31.996253058691522,0.0025989130717365217,0.0,14544,12722
Somatic mesoderm (anterior),Spinal cord (sacral),6.2002046605143635,-0.26112936071105813,-21.307327634583903,0.0042355401410239385,0.0,14544,5351
Somatic mesoderm (anterior),Spinal cord (thoracic),6.270351879119882,-0.3296614914056102,-44.64587254903946,0.0017209487837479744,0.0,14544,35061
Somatic mesoderm (anterior),Spinal cord interneuron progenitor,6.015653968710324,-0.421731846649051,-23.83461391150263,0.001483680287205995,0.0,14544,2196
Somatic mesoderm (anterior),Splanchnic mesoderm (cardiopulmonary),7.508987534492484,1.2404948977058525,102.80593597064798,0.006176021666902186,0.0,14544,5768
Somatic mesoderm (anterior),Splanchnic mesoderm (gastric),7.605688735825827,1.3667613836444417,96.76908632952222,0.003478300399063321,0.0,14544,3373
Somatic mesoderm (anterior),Splanchnic mesoderm (intestinal),6.88114776923354,0.40270982988835896,43.49934766241148,0.00615774020304989,0.0,14544,9676
Somatic mesoderm (anterior),Splanchnic mesoderm (septum transversum),7.406235219302812,1.2149618975601861,76.05017420924355,0.029577711974181627,0.0,14544,2825
Somatic mesoderm (anterior),Subthalamic nucleus neuron,5.6857919012606954,-0.3829625506777396,-13.430090747749864,0.002387548722782876,0.0,14544,802
Somatic mesoderm (anterior),Surface ectoderm (posterior),5.791293939144089,0.07509539862252772,1.001361634258595,0.008748728354368157,0.99,14544,133
Somatic mesoderm (anterior),Telencephalon (dorsal),6.113069739722604,-0.3692273990733754,-52.028350570475794,0.0008450743647745856,0.0,14544,31059
Somatic mesoderm (anterior),Telencephalon (ventral),5.99207645236829,-0.2795718901317891,-20.449442562622725,0.0038977690000018897,0.0,14544,3241
Somatic mesoderm (anterior),Thyroid progenitor,5.525065350019278,-0.29413534282603643,-11.44414988077739,0.0024130935999020315,0.0,14544,850
Somatic mesoderm (anterior),Trigeminal branchiomotor neuron,5.681892325783291,-0.3552812601863806,-12.921112486030921,0.005040249368269436,0.0,14544,872
Somatic mesoderm (anterior),Trigeminal ganglion neuron,6.003448513627994,-0.13249145412519928,-6.5606506630755375,0.001831576215447131,0.0,14544,1765
Somatic mesoderm (anterior),Trigeminal placode,6.199315476995298,-0.08177261953888859,-8.000443087587058,0.0033882330856642943,0.14,14544,6546
Somatic mesoderm (anterior),Trigeminal sensory neuron,6.123558187524409,-0.05337096221772756,-4.069289937092974,0.012190919598369657,0.0,14544,3198
Somatic mesoderm (anterior),Trochlear neuron,5.4912517530386395,-0.2913185130733362,-4.487884823022598,0.012647702068112266,0.0,14544,153
Somatic mesoderm (anterior),Trunk neural crest,6.235336560816282,-0.1244966315634013,-11.695902618292331,0.003604399160368247,0.0,14544,6809
Somatic mesoderm (anterior),V0 interneuron,6.114156789648185,-0.36555209403531386,-22.33296843065865,0.0008018678212561601,0.0,14544,2114
Somatic mesoderm (anterior),V1 interneuron,6.036207402421122,-0.36006550030627543,-18.547012038650294,0.002094955537539243,0.0,14544,1795
Somatic mesoderm (anterior),V2 interneuron,5.868888603391659,-0.35157978436599446,-13.564880435395269,0.003698537783259319,0.0,14544,842
Somatic mesoderm (anterior),V3 interneuron,5.520469696980935,-0.3205434773124483,-6.293950019747871,0.008993625021311034,0.0,14544,230
Somatic mesoderm (anterior),Vagal neural crest,6.213095235184077,-0.15643783457197044,-12.33454002255111,0.005922121732758186,0.0,14544,4937
Somatic mesoderm (anterior),Visceral motor neuron,5.70593090896951,-0.4492810179090873,-24.045614860024326,0.0016011897089821187,0.0,14544,2062
Somatic mesoderm (anterior),Yolk sac endothelial cell,5.936643949198841,0.24322095857390025,3.271888433523372,0.013096096580568033,0.09,14544,112
Somatic mesoderm (posterior),Somatic mesoderm (posterior),9.499999999999883,-1.7763568394002505e-15,-1.7757574581000003e-05,2.871453695004483e-28,1.0,48596,48596
Somatic mesoderm (posterior),Somatic mesoderm (tailbud),7.235320553844396,0.862073217633999,54.664319752507915,0.010697958003391439,0.0,48596,3011
Somatic mesoderm (posterior),Somatic motor neuron,6.189116856613221,-0.38705442390368255,-38.156683065281534,0.004749683716546698,0.0,48596,6559
Somatic mesoderm (posterior),Spinal cord (cervical),6.563489643144244,-0.21732319572510198,-44.5630981720111,0.008523926536966629,0.0,48596,41051
Somatic mesoderm (posterior),Spinal cord (lumbar),6.627469765125629,-0.01032389278709219,-1.3160057300663348,0.01442179808487312,0.0,48596,12722
Somatic mesoderm (posterior),Spinal cord (sacral),6.596730029193975,0.022878508050705904,2.752818213831788,0.01255672370564068,0.0,48596,5351
Somatic mesoderm (posterior),Spinal cord (thoracic),6.5987645421834555,-0.11399665763540678,-22.34495242377226,0.00849357468234999,0.01,48596,35061
Somatic mesoderm (posterior),Spinal cord interneuron progenitor,6.176965302424429,-0.37009714102845354,-21.603474757916718,0.004006571391399445,0.0,48596,2196
Somatic mesoderm (posterior),Splanchnic mesoderm (cardiopulmonary),6.446150823160373,0.06500414079802337,6.027660195494751,0.0018024033027988474,0.0,48596,5768
Somatic mesoderm (posterior),Splanchnic mesoderm (gastric),6.772250724868276,0.4202837500935018,30.68769490543434,0.002933776643053172,0.0,48596,3373
Somatic mesoderm (posterior),Splanchnic mesoderm (intestinal),8.134831840608685,1.5444577706638467,184.39616132335277,0.003108629999596897,0.0,48596,9676
Somatic mesoderm (posterior),Splanchnic mesoderm (septum transversum),6.426469583172419,0.12317148130155904,8.899395621578957,0.0013993964285446611,0.0,48596,2825
Somatic mesoderm (posterior),Subthalamic nucleus neuron,5.7501602374941,-0.43648056953565256,-16.90644217809182,0.0020824351409530423,0.0,48596,802
Somatic mesoderm (posterior),Surface ectoderm (posterior),6.037974764267218,0.21226762495988213,3.2080624405870757,0.00029019781197385834,0.0,48596,133
Somatic mesoderm (posterior),Telencephalon (dorsal),6.298289705552734,-0.29598809685773525,-54.76616816297619,0.005802855067369606,0.0,48596,31059
Somatic mesoderm (posterior),Telencephalon (ventral),6.111587498858409,-0.27002186210376217,-20.203405839826512,0.00601589361431037,0.0,48596,3241
Somatic mesoderm (posterior),Thyroid progenitor,5.447987851212581,-0.48259807676987404,-19.357509129388788,0.019537057904352364,0.0,48596,850
Somatic mesoderm (posterior),Trigeminal branchiomotor neuron,5.7972489363432205,-0.353396709015468,-13.112951299480244,0.006420081339849052,0.0,48596,872
Somatic mesoderm (posterior),Trigeminal ganglion neuron,6.265909991972887,0.015697376077058383,0.8496108466560074,0.036588398499266074,0.09,48596,1765
Somatic mesoderm (posterior),Trigeminal placode,6.5114757255862115,0.11695931883075843,12.16307668219599,0.008423199049026213,0.34,48596,6546
Somatic mesoderm (posterior),Trigeminal sensory neuron,6.397235053581255,0.10615804895002541,7.3592907937658305,0.0012504679188690688,0.0,48596,3198
Somatic mesoderm (posterior),Trochlear neuron,5.537544394202034,-0.3565272781798334,-5.88608116078553,0.0031687876274886545,0.0,48596,153
Somatic mesoderm (posterior),Trunk neural crest,6.647038520128177,0.17459398705200346,15.758518617308448,0.01397870951826062,0.0,48596,6809
Somatic mesoderm (posterior),V0 interneuron,6.2922888775752455,-0.2994277067839863,-17.13698585793748,0.005409822379358776,0.0,48596,2114
Somatic mesoderm (posterior),V1 interneuron,6.225345523827445,-0.28421334272507853,-14.914511086803538,0.0070749004690220975,0.0,48596,1795
Somatic mesoderm (posterior),V2 interneuron,5.963865348615073,-0.37148171274842845,-12.992944257054141,0.005154055928231294,0.0,48596,842
Somatic mesoderm (posterior),V3 interneuron,5.599833389395744,-0.35815841606508086,-6.865539969439233,0.008186725634582562,0.0,48596,230
Somatic mesoderm (posterior),Vagal neural crest,6.586813732984626,0.10412371623866819,7.888095668445978,0.006149490724137178,0.17,48596,4937
Somatic mesoderm (posterior),Visceral motor neuron,5.830431994667556,-0.4354982940305779,-24.101509591788044,0.006143267970058555,0.0,48596,2062
Somatic mesoderm (posterior),Yolk sac endothelial cell,6.023245426517698,0.22253024204228802,2.6129745352766283,0.007273897719278905,0.02,48596,112
Somatic mesoderm (tailbud),Somatic mesoderm (tailbud),9.49999999998576,5.921189464667502e-15,5.920116811846667e-05,3.6077238732107605e-28,1.0,3011,3011
Somatic mesoderm (tailbud),Somatic motor neuron,5.941939248748317,-0.3383736844041068,-18.58008543283614,0.0035909678606270987,0.0,3011,6559
Somatic mesoderm (tailbud),Spinal cord (cervical),6.470586316457926,-0.013763515972282647,-0.5941834349657001,0.0014816815154704583,0.23,3011,41051
Somatic mesoderm (tailbud),Spinal cord (lumbar),6.694468903666539,0.35435566156969295,21.739867891271757,0.005761217178921163,0.0,3011,12722
Somatic mesoderm (tailbud),Spinal cord (sacral),6.746996994961296,0.4693479083111809,25.068622742778583,0.009553257197869534,0.0,3011,5351
Somatic mesoderm (tailbud),Spinal cord (thoracic),6.574152921323933,0.15603397757577842,11.005448730022344,0.007972342347683072,0.0,3011,35061
Somatic mesoderm (tailbud),Spinal cord interneuron progenitor,5.950803515132392,-0.3020908345102746,-12.576973665399981,0.008840885072214373,0.0,3011,2196
Somatic mesoderm (tailbud),Splanchnic mesoderm (cardiopulmonary),6.029027987098547,-0.05640295562844155,-4.178794605968,0.0073256705331439355,0.06,3011,5768
Somatic mesoderm (tailbud),Splanchnic mesoderm (gastric),6.080667659932632,0.02468455713405948,0.7327003255020207,0.004599442235904234,0.34,3011,3373
Somatic mesoderm (tailbud),Splanchnic mesoderm (intestinal),6.795509890220067,0.49964440678626953,30.186432695003464,0.00856015776464676,0.0,3011,9676
Somatic mesoderm (tailbud),Splanchnic mesoderm (septum transversum),5.94131718261984,-0.06543103395276262,-3.702746252656459,0.010695937686962484,0.71,3011,2825
Somatic mesoderm (tailbud),Subthalamic nucleus neuron,5.5615457607530985,-0.32558999660622207,-10.692640785453532,0.0005583306778549476,0.0,3011,802
Somatic mesoderm (tailbud),Surface ectoderm (posterior),5.647456798355582,0.11332295876405674,1.2015366036045312,0.044364163105204885,0.55,3011,133
Somatic mesoderm (tailbud),Telencephalon (dorsal),6.126602100783905,-0.1717399614156605,-11.040689909587362,0.0006724853542608052,0.0,3011,31059
Somatic mesoderm (tailbud),Telencephalon (ventral),5.953327965796497,-0.13108613844570924,-6.635436420129774,0.0035844322334246835,0.0,3011,3241
Somatic mesoderm (tailbud),Thyroid progenitor,5.304882176187157,-0.33164161058682434,-11.092654963945384,0.02633290790582249,0.0,3011,850
Somatic mesoderm (tailbud),Trigeminal branchiomotor neuron,5.585174071323691,-0.26617166399291214,-8.702605967579393,0.0002801070183136962,0.0,3011,872
Somatic mesoderm (tailbud),Trigeminal ganglion neuron,6.046402015758253,0.09155901834740672,3.3902119324550846,0.02939392477215964,0.0,3011,1765
Somatic mesoderm (tailbud),Trigeminal placode,6.362004510157337,0.26475411512708114,14.834043690444565,0.00726624235485065,0.0,3011,6546
Somatic mesoderm (tailbud),Trigeminal sensory neuron,6.171832144507555,0.17868348075296492,8.648674668170854,0.0037196607443559532,0.0,3011,3198
Somatic mesoderm (tailbud),Trochlear neuron,5.340539125166987,-0.26725264907524426,-4.064021604266411,0.0027779928202332914,0.01,3011,153
Somatic mesoderm (tailbud),Trunk neural crest,6.753713935394509,0.5778777585067466,34.25490114601195,0.0015522695262667713,0.0,3011,6809
Somatic mesoderm (tailbud),V0 interneuron,6.076725668235807,-0.21669073950928444,-8.522081882275888,0.011364106054748926,0.0,3011,2114
Somatic mesoderm (tailbud),V1 interneuron,5.977935084905627,-0.23588995011331773,-9.194587279984644,0.009503009173056309,0.0,3011,1795
Somatic mesoderm (tailbud),V2 interneuron,5.727664824959252,-0.31132856210485765,-8.930490050036902,0.0008466796389237253,0.0,3011,842
Somatic mesoderm (tailbud),V3 interneuron,5.3245757318355045,-0.3306739693341229,-5.658162894696747,0.0009218620131833393,0.0,3011,230
Somatic mesoderm (tailbud),Vagal neural crest,6.570137946794987,0.3824800245304676,20.46868054449831,0.0022572713776286913,0.0,3011,4937
Somatic mesoderm (tailbud),Visceral motor neuron,5.574690381168732,-0.3939416922994292,-16.22654832048341,0.004642349377768149,0.0,3011,2062
Somatic mesoderm (tailbud),Yolk sac endothelial cell,5.410184658760682,-0.10586354685706567,-0.9802012700854155,0.01249723665314586,0.97,3011,112
Somatic motor neuron,Somatic motor neuron,9.500000000011818,-3.552713678800501e-15,-3.5526714672733324e-05,6.058451752097371e-28,1.0,6559,6559
Somatic motor neuron,Spinal cord (cervical),7.896507249156357,1.2103553198482455,114.74223904950081,0.006106001129184286,0.0,6559,41051
Somatic motor neuron,Spinal cord (lumbar),7.21670037787451,0.6723192890588189,60.523984700287606,0.001136875726658429,0.0,6559,12722
Somatic motor neuron,Spinal cord (sacral),7.041425133118158,0.5623041943241383,39.089698585932446,0.002546138082674904,0.0,6559,5351
Somatic motor neuron,Spinal cord (thoracic),7.843805144916331,1.2246802471818654,113.44841830096128,0.009228000320737893,0.0,6559,35061
Somatic motor neuron,Spinal cord interneuron progenitor,7.5773487491228835,1.1219674017280072,54.124090208307585,0.0039723280922632975,0.0,6559,2196
Somatic motor neuron,Splanchnic mesoderm (cardiopulmonary),5.892918028027267,-0.39322619601509307,-26.906859664356208,0.004515589409170717,0.0,6559,5768
Somatic motor neuron,Splanchnic mesoderm (gastric),5.8606056638209765,-0.39796211311439994,-23.705614543781905,0.0029641758864480537,0.0,6559,3373
Somatic motor neuron,Splanchnic mesoderm (intestinal),6.066061392065286,-0.42894483630444274,-34.289381003833824,0.014003950248271974,0.0,6559,9676
Somatic motor neuron,Splanchnic mesoderm (septum transversum),5.766001920222945,-0.44377357404425793,-23.472711045527422,0.0021435351474903682,0.0,6559,2825
Somatic motor neuron,Subthalamic nucleus neuron,6.418777472931922,0.3324004039063171,10.91181704607474,0.010608687681404765,0.0,6559,802
Somatic motor neuron,Surface ectoderm (posterior),5.346955056022275,-0.38521085465353383,-5.147222882636323,0.005064153490735361,0.0,6559,133
Somatic motor neuron,Telencephalon (dorsal),6.493721291133446,-0.006195396909268958,-0.40300600364561606,0.001362566235703674,0.41,6559,31059
Somatic motor neuron,Telencephalon (ventral),6.176440285281224,-0.11144638703245253,-6.318610507442284,0.007097731709175221,0.01,6559,3241
Somatic motor neuron,Thyroid progenitor,5.452451452668178,-0.3829443826876249,-13.157622944304551,0.01586679649485523,0.0,6559,850
Somatic motor neuron,Trigeminal branchiomotor neuron,6.630656984631607,0.5735879433139296,19.82702776745818,0.011684415008575522,0.0,6559,872
Somatic motor neuron,Trigeminal ganglion neuron,5.808762544513634,-0.3454725424642711,-15.391651509283458,0.0021101175450128156,0.0,6559,1765
Somatic motor neuron,Trigeminal placode,5.7977106562105805,-0.5023280592593634,-35.29872856174407,0.003753754241918897,0.0,6559,6546
Somatic motor neuron,Trigeminal sensory neuron,5.778523791884528,-0.41607743472981146,-22.805928556517472,0.0027068362451246027,0.0,6559,3198
Somatic motor neuron,Trochlear neuron,6.191962373668177,0.39395078124399,5.596416486234975,0.0019572683760807085,0.0,6559,153
Somatic motor neuron,Trunk neural crest,6.213078118257869,-0.16506139971252942,-12.522598814653152,0.006089841624021279,0.0,6559,6809
Somatic motor neuron,V0 interneuron,7.191603662197809,0.6936580288581716,32.94144606514117,0.0030020092812245787,0.0,6559,2114
Somatic motor neuron,V1 interneuron,7.488831254071744,1.0726836465880645,46.51620715910193,0.008817200649303573,0.0,6559,1795
Somatic motor neuron,V2 interneuron,7.172534924079102,0.9313481529152409,29.2061628309305,0.008922300353216216,0.0,6559,842
Somatic motor neuron,V3 interneuron,6.968971995887226,1.1130617710767658,20.283201567612714,0.007594275710202211,0.0,6559,230
Somatic motor neuron,Vagal neural crest,6.216397882541849,-0.17450805118929757,-11.1473474631007,0.0025786410756539094,0.0,6559,4937
Somatic motor neuron,Visceral motor neuron,7.44535985599584,1.272466425353196,56.76331636992702,0.002685165971969184,0.0,6559,2062
Somatic motor neuron,Yolk sac endothelial cell,5.3915265673587145,-0.3291857804097136,-3.8774163220537794,0.0018039967895341965,0.01,6559,112
Spinal cord (cervical),Spinal cord (cervical),9.500000000004857,-1.7171449447535753e-14,-0.00017168157957116666,5.153891247443943e-29,1.0,41051,41051
Spinal cord (cervical),Spinal cord (lumbar),7.354952197229271,0.6073097507979256,76.26654435894905,0.0005688647410132422,0.0,41051,12722
Spinal cord (cervical),Spinal cord (sacral),7.191341425572723,0.5073416906437437,44.27285300694884,0.0002857753213074656,0.0,41051,5351
Spinal cord (cervical),Spinal cord (thoracic),7.987179797668759,1.1644586433192419,202.74201351949907,0.0056617933073741245,0.0,41051,35061
Spinal cord (cervical),Spinal cord interneuron progenitor,7.604365622721339,0.943846483738476,53.91863179421972,0.007709360164454703,0.0,41051,2196
Spinal cord (cervical),Splanchnic mesoderm (cardiopulmonary),6.090824766230056,-0.3989597565456637,-34.045784584891486,0.0019404735136110192,0.0,41051,5768
Spinal cord (cervical),Splanchnic mesoderm (gastric),6.116592749689159,-0.34711162209351176,-23.462184266863048,0.0024574384814725885,0.0,41051,3373
Spinal cord (cervical),Splanchnic mesoderm (intestinal),6.4473299435037275,-0.25364641021110845,-28.758521911404262,0.01473721277438495,0.0,41051,9676
Spinal cord (cervical),Splanchnic mesoderm (septum transversum),5.98576862380891,-0.4272182349983937,-27.007309875163088,0.00485607831258855,0.0,41051,2825
Spinal cord (cervical),Subthalamic nucleus neuron,6.366156760780195,0.07339374125846465,2.705861434550531,0.010553789458811167,0.19,41051,802
Spinal cord (cervical),Surface ectoderm (posterior),5.624381997735722,-0.3100293152636076,-4.209186531327362,0.001085986320274987,0.0,41051,133
Spinal cord (cervical),Telencephalon (dorsal),6.702827468133296,-0.0012450263443657406,1.0436738005058428,0.004661463703921878,0.0,41051,31059
Spinal cord (cervical),Telencephalon (ventral),6.44909922455232,-0.04538686318798953,-2.919241603060916,0.015946060502471104,0.68,41051,3241
Spinal cord (cervical),Thyroid progenitor,5.497348835204981,-0.5465086974829395,-20.074957421261942,0.011833993369048033,0.0,41051,850
Spinal cord (cervical),Trigeminal branchiomotor neuron,6.5145353890334645,0.2536071489750527,8.999066451250085,0.0011740149444031214,0.0,41051,872
Spinal cord (cervical),Trigeminal ganglion neuron,6.3116789917653024,-0.04671676128115484,-2.3642505764000936,0.0002845799591841218,0.12,41051,1765
Spinal cord (cervical),Trigeminal placode,6.264180510843147,-0.23932826232723917,-21.050155349174204,0.00412198613172023,0.0,41051,6546
Spinal cord (cervical),Trigeminal sensory neuron,6.142648092307536,-0.2591356903412893,-16.919762144219323,0.005965055334326808,0.0,41051,3198
Spinal cord (cervical),Trochlear neuron,6.169450774328435,0.16176237021771053,2.6761471238304977,0.003107625533461396,0.11,41051,153
Spinal cord (cervical),Trunk neural crest,7.374615845409259,0.7941555202438586,80.40194476564211,0.004893596743342671,0.0,41051,6809
Spinal cord (cervical),V0 interneuron,7.7666752230442535,1.0651490245022517,57.064536887493894,0.004710253639806773,0.0,41051,2114
Spinal cord (cervical),V1 interneuron,7.794827840176477,1.1777845172383101,59.98777512492819,0.00010072406468600635,0.0,41051,1795
Spinal cord (cervical),V2 interneuron,7.1630032851809915,0.7197497586906826,25.581284103915422,0.00838705834292007,0.0,41051,842
Spinal cord (cervical),V3 interneuron,6.577792486869233,0.5101060335231912,9.771773706945877,0.0005000106258450212,0.0,41051,230
Spinal cord (cervical),Vagal neural crest,7.417823330778066,0.8243457862139202,72.19470970178571,0.003275267976209398,0.0,41051,4937
Spinal cord (cervical),Visceral motor neuron,7.0109280443640545,0.6354888874079784,36.68625273452121,0.0005213851680928838,0.0,41051,2062
Spinal cord (cervical),Yolk sac endothelial cell,5.535108847958011,-0.3801842479372013,-4.594025832563723,0.0040781752117845915,0.0,41051,112
Spinal cord (lumbar),Spinal cord (lumbar),9.500000000002919,-4.144832625267251e-15,-3.551578001536666e-05,1.9037843179333752e-28,1.0,12722,12722
Spinal cord (lumbar),Spinal cord (sacral),8.219932066795172,1.6781828974482533,131.25958287164306,0.009229709827519795,0.0,12722,5351
Spinal cord (lumbar),Spinal cord (thoracic),8.052148136039499,1.3727408905370162,161.86612313880593,0.0079659106147438,0.0,12722,35061
Spinal cord (lumbar),Spinal cord interneuron progenitor,6.930258854323948,0.4138240020096049,22.141197668961595,0.004650833887251666,0.0,12722,2196
Spinal cord (lumbar),Splanchnic mesoderm (cardiopulmonary),6.054834003697621,-0.2922926826787891,-24.07932520313106,0.004022035807996455,0.0,12722,5768
Spinal cord (lumbar),Splanchnic mesoderm (gastric),6.07213295844294,-0.2472400239052431,-16.073095311435875,0.003001677004524442,0.0,12722,3373
Spinal cord (lumbar),Splanchnic mesoderm (intestinal),6.460927308625936,-0.09648298479939428,-9.379756429257887,0.028753871768571124,0.0,12722,9676
Spinal cord (lumbar),Splanchnic mesoderm (septum transversum),5.912490031532642,-0.35859047534294525,-24.105460786297744,0.003909947789631166,0.0,12722,2825
Spinal cord (lumbar),Subthalamic nucleus neuron,6.066278827811506,-0.08248721531104912,-2.7239314134663215,0.01573195204781919,0.03,12722,802
Spinal cord (lumbar),Surface ectoderm (posterior),5.53667240510577,-0.25357094035728966,-3.7938705016608516,0.009862997830642989,0.1,12722,133
Spinal cord (lumbar),Telencephalon (dorsal),6.413894293521338,-0.14658515493413246,-17.97849630047263,0.000495057971045749,0.0,12722,31059
Spinal cord (lumbar),Telencephalon (ventral),6.195798735700784,-0.1540923136117828,-9.601693563036212,0.0024548136417248574,0.0,12722,3241
Spinal cord (lumbar),Thyroid progenitor,5.443912882315701,-0.45460287764120605,-16.85293341906514,0.012168125816688928,0.0,12722,850
Spinal cord (lumbar),Trigeminal branchiomotor neuron,6.144469990274826,0.028848210624354092,0.8670787814469598,0.0040366454172523535,0.88,12722,872
Spinal cord (lumbar),Trigeminal ganglion neuron,6.078626515546386,-0.13929959405240874,-6.517679600313112,0.006300133623739526,0.03,12722,1765
Spinal cord (lumbar),Trigeminal placode,6.151510658344736,-0.20911869990963292,-17.299784054535944,0.0051031771738629,0.0,12722,6546
Spinal cord (lumbar),Trigeminal sensory neuron,6.062600324224319,-0.19488116145205314,-12.128046747940374,0.0023627575843194917,0.0,12722,3198
Spinal cord (lumbar),Trochlear neuron,5.870214330083826,0.0015288873631347972,-0.2659875630023063,0.01623293972373631,0.83,12722,153
Spinal cord (lumbar),Trunk neural crest,7.13218882055111,0.6924288482947955,59.80349468900439,0.0020542135470766032,0.0,12722,6809
Spinal cord (lumbar),V0 interneuron,6.873365624745682,0.3146975462905874,17.24955715891952,0.0015976886673290855,0.0,12722,2114
Spinal cord (lumbar),V1 interneuron,6.870798216564306,0.3960305114969582,19.512648963599066,0.0006904779596607659,0.0,12722,1795
Spinal cord (lumbar),V2 interneuron,6.501189954322725,0.19835305558262148,6.742352960289504,0.010917363785740312,0.0,12722,842
Spinal cord (lumbar),V3 interneuron,6.262036340979581,0.3402090625117881,6.237023794298128,0.0007118523737893484,0.0,12722,230
Spinal cord (lumbar),Vagal neural crest,6.734395104668541,0.2850376074048843,20.79015475157082,0.001639285400725829,0.0,12722,4937
Spinal cord (lumbar),Visceral motor neuron,6.422986778073931,0.1884833932051911,9.824667721065664,0.006330894202448816,0.0,12722,2062
Spinal cord (lumbar),Yolk sac endothelial cell,5.496760120219908,-0.2791190789406575,-3.6565278527480456,0.0006064908928815093,0.04,12722,112
Spinal cord (sacral),Spinal cord (sacral),9.500000000022874,-1.0066022089934753e-14,-0.00010656984168188244,7.362701782062776e-30,1.0,5351,5351
Spinal cord (sacral),Spinal cord (thoracic),7.65106809260741,1.0350352875701292,90.04639760646997,0.003784017733550218,0.0,5351,35061
Spinal cord (sacral),Spinal cord interneuron progenitor,6.7710001601081915,0.3179241789044056,14.437658445771925,0.0030145945746792944,0.0,5351,2196
Spinal cord (sacral),Splanchnic mesoderm (cardiopulmonary),6.0201679389583225,-0.26330328612321424,-18.55168535443344,0.002389737623654398,0.0,5351,5768
Spinal cord (sacral),Splanchnic mesoderm (gastric),6.033835966173277,-0.22058463042796994,-12.778417328900128,0.0027858164987353373,0.0,5351,3373
Spinal cord (sacral),Splanchnic mesoderm (intestinal),6.419409432288433,-0.07472860499887417,-4.696378372917415,0.02097758789522801,0.41,5351,9676
Spinal cord (sacral),Splanchnic mesoderm (septum transversum),5.902667784265798,-0.30419730960574337,-17.759270753635647,0.004802573499846214,0.0,5351,2825
Spinal cord (sacral),Subthalamic nucleus neuron,5.999094287130842,-0.08913361367233641,-3.1630872016098386,0.013413219567931655,0.2,5351,802
Spinal cord (sacral),Surface ectoderm (posterior),5.512920636789574,-0.21621850050880345,-2.997228403317244,0.002967925446315744,0.01,5351,133
Spinal cord (sacral),Telencephalon (dorsal),6.328958864863764,-0.16837820880488508,-15.26573655500075,0.0002361114311934811,0.0,5351,31059
Spinal cord (sacral),Telencephalon (ventral),6.123569987436596,-0.16411015563250006,-9.201807791940475,0.0025385353490248196,0.0,5351,3241
Spinal cord (sacral),Thyroid progenitor,5.409537524926084,-0.4239867015151422,-14.003672010318077,0.012763256676934715,0.0,5351,850
Spinal cord (sacral),Trigeminal branchiomotor neuron,6.097366476380107,0.04255313029870352,1.367446186830571,0.004078312336370873,0.56,5351,872
Spinal cord (sacral),Trigeminal ganglion neuron,5.988382345193327,-0.16638167172750093,-7.518281485278107,0.006288509295964708,0.0,5351,1765
Spinal cord (sacral),Trigeminal placode,6.084901017618699,-0.21245741018295394,-14.798480483003805,0.00035084063082144727,0.0,5351,6546
Spinal cord (sacral),Trigeminal sensory neuron,5.977008436037593,-0.2150259733751243,-11.70611432339272,0.002234420916379845,0.0,5351,3198
Spinal cord (sacral),Trochlear neuron,5.777616736493445,-0.017259432511521844,-0.3534523447478662,0.005520559557116555,0.44,5351,153
Spinal cord (sacral),Trunk neural crest,6.914233287584953,0.5390325132396999,35.26560540230495,0.002395109248463236,0.0,5351,6809
Spinal cord (sacral),V0 interneuron,6.724483419691872,0.2308260535897082,10.279653380167588,0.00015812421517138035,0.0,5351,2114
Spinal cord (sacral),V1 interneuron,6.710041701475643,0.2974712517437048,13.210294438051676,0.00035303708338085815,0.0,5351,1795
Spinal cord (sacral),V2 interneuron,6.384975616803431,0.14669611630996146,4.972931664896952,0.01134974510571399,0.0,5351,842
Spinal cord (sacral),V3 interneuron,6.120823446106964,0.25963135442625873,5.114426834718069,0.009083326760000468,0.0,5351,230
Spinal cord (sacral),Vagal neural crest,6.619216255818441,0.23119887386799665,14.22572442085571,0.0029490661656719035,0.0,5351,4937
Spinal cord (sacral),Visceral motor neuron,6.318908745965694,0.1503818842332043,6.425174172801537,0.0027743880089627117,0.0,5351,2062
Spinal cord (sacral),Yolk sac endothelial cell,5.459519214828795,-0.2612112584813729,-3.3755876403805494,0.0006966875128285185,0.04,5351,112
Spinal cord (thoracic),Spinal cord (thoracic),9.500000000007915,-3.552713678800501e-15,-2.9602056145691024e-05,1.135959703518257e-28,1.0,35061,35061
Spinal cord (thoracic),Spinal cord interneuron progenitor,7.323388525682255,0.7327058767893545,41.941028245671106,0.0037278889719294874,0.0,35061,2196
Spinal cord (thoracic),Splanchnic mesoderm (cardiopulmonary),6.086160709638489,-0.3365691290484252,-30.088939641436752,0.000548449504547888,0.0,35061,5768
Spinal cord (thoracic),Splanchnic mesoderm (gastric),6.109717951637106,-0.28551485404833227,-22.23802227743114,0.0015358344205579464,0.0,35061,3373
Spinal cord (thoracic),Splanchnic mesoderm (intestinal),6.451657967290522,-0.18120967941059618,-19.660042138890105,0.019031917556321526,0.0,35061,9676
Spinal cord (thoracic),Splanchnic mesoderm (septum transversum),5.971989190939027,-0.37318300009217226,-25.674971884329526,0.0034834948555282777,0.0,35061,2825
Spinal cord (thoracic),Subthalamic nucleus neuron,6.176840360225949,-0.047393076669232016,-1.409247737123996,0.012475241623494272,0.31,35061,802
Spinal cord (thoracic),Surface ectoderm (posterior),5.551175243263124,-0.3206923800426524,-4.924365246739774,0.004060083057890814,0.0,35061,133
Spinal cord (thoracic),Telencephalon (dorsal),6.548990376942751,-0.08680620035949331,-15.181723071075517,0.0011891611996261535,0.0,35061,31059
Spinal cord (thoracic),Telencephalon (ventral),6.312862548652397,-0.11339493665875751,-7.538735667296392,0.0030037322695305,0.0,35061,3241
Spinal cord (thoracic),Thyroid progenitor,5.489852330185674,-0.48488706700751855,-17.744522467890377,0.013125075643054797,0.0,35061,850
Spinal cord (thoracic),Trigeminal branchiomotor neuron,6.28780650467824,0.09300738071468502,3.2875027915888926,0.00885683079579503,0.41,35061,872
Spinal cord (thoracic),Trigeminal ganglion neuron,6.2124674490803296,-0.0781416023054972,-3.9205416855404542,0.0027910185268401654,0.28,35061,1765
Spinal cord (thoracic),Trigeminal placode,6.226570509592385,-0.20907075235249106,-18.31527730372285,0.0038812918585461632,0.0,35061,6546
Spinal cord (thoracic),Trigeminal sensory neuron,6.144077356555218,-0.1878487210652041,-13.080404811689386,0.001437397532889991,0.0,35061,3198
Spinal cord (thoracic),Trochlear neuron,6.019432717723297,0.07895161430279825,0.9986399605827794,0.009143491177682988,0.97,35061,153
Spinal cord (thoracic),Trunk neural crest,7.575652152130054,1.0616565378457057,105.98224481850873,0.004725385950472921,0.0,35061,6809
Spinal cord (thoracic),V0 interneuron,7.254610578092213,0.6223768907064215,38.476221739633594,0.003971616068136099,0.0,35061,2114
Spinal cord (thoracic),V1 interneuron,7.346677331314848,0.7952250211485618,41.44917911757427,0.007330668892244494,0.0,35061,1795
Spinal cord (thoracic),V2 interneuron,6.762386514744893,0.3869460705372516,14.640743628397901,0.0073885437691796185,0.0,35061,842
Spinal cord (thoracic),V3 interneuron,6.68755072518395,0.6934313387933816,12.641221676560013,0.013517976391276342,0.0,35061,230
Spinal cord (thoracic),Vagal neural crest,7.115790922383423,0.5901983026933172,48.43292504705756,0.003284328966494293,0.0,35061,4937
Spinal cord (thoracic),Visceral motor neuron,6.634131123583203,0.32528111191290804,17.82864560288535,0.00021761161347392575,0.0,35061,2062
Spinal cord (thoracic),Yolk sac endothelial cell,5.518270632675012,-0.34516959678427234,-4.5911255884644,0.0006436199155265337,0.01,35061,112
Spinal cord interneuron progenitor,Spinal cord interneuron progenitor,9.499999999991134,1.1842378929335002e-15,2.9604369386766668e-05,3.418397255957718e-28,1.0,2196,2196
Spinal cord interneuron progenitor,Splanchnic mesoderm (cardiopulmonary),5.87200404758068,-0.3888785325160568,-22.065614783171075,0.00034883050812254323,0.0,2196,5768
Spinal cord interneuron progenitor,Splanchnic mesoderm (gastric),5.871288643458253,-0.3607503938101925,-17.337830801024214,0.0008822766949357291,0.0,2196,3373
Spinal cord interneuron progenitor,Splanchnic mesoderm (intestinal),6.069334111666486,-0.39725370316572456,-19.244777812109493,0.007834283944411222,0.0,2196,9676
Spinal cord interneuron progenitor,Splanchnic mesoderm (septum transversum),5.757312908771362,-0.42280727857040407,-20.338452370678898,0.0002228496701818753,0.0,2196,2825
Spinal cord interneuron progenitor,Subthalamic nucleus neuron,6.593526483934705,0.5293496071404009,15.619872971600444,0.01322643735531039,0.0,2196,802
Spinal cord interneuron progenitor,Surface ectoderm (posterior),5.387739825786582,-0.3168942726687165,-4.303093196002153,0.006412659149821243,0.0,2196,133
Spinal cord interneuron progenitor,Telencephalon (dorsal),6.593834277890252,0.12050523185481765,7.0919949858733276,0.00225981857336137,0.0,2196,31059
Spinal cord interneuron progenitor,Telencephalon (ventral),6.251008658500683,-0.011377120313370645,-0.4554528087943006,0.004455270639862818,0.9,2196,3241
Spinal cord interneuron progenitor,Thyroid progenitor,5.445986902807209,-0.3644139764035493,-10.326233961312852,0.01360146517358724,0.0,2196,850
Spinal cord interneuron progenitor,Trigeminal branchiomotor neuron,6.921905734558173,0.8921310012406293,27.947766978770233,0.003704679092555024,0.0,2196,872
Spinal cord interneuron progenitor,Trigeminal ganglion neuron,5.851289237066406,-0.277810870524168,-10.298725082824118,0.0052710389921306194,0.0,2196,1765
Spinal cord interneuron progenitor,Trigeminal placode,5.845900555712088,-0.42724773079734596,-20.690286398647924,0.005203998822293842,0.0,2196,6546
Spinal cord interneuron progenitor,Trigeminal sensory neuron,5.834390073583289,-0.33575793421121575,-15.92742754131532,0.0035390719340776286,0.0,2196,3198
Spinal cord interneuron progenitor,Trochlear neuron,6.2738361350318135,0.49864204576455506,7.067818690903377,4.68708765639493e-05,0.0,2196,153
Spinal cord interneuron progenitor,Trunk neural crest,6.301429226041994,-0.050355086725070386,-1.8584959257477156,0.014485824320265054,0.74,2196,6809
Spinal cord interneuron progenitor,V0 interneuron,7.3882475675497306,0.9189556010857162,38.21189316573378,0.00010891666231971917,0.0,2196,2114
Spinal cord interneuron progenitor,V1 interneuron,7.446489916342439,1.0579022240015659,43.50553906954997,0.0028707833834956593,0.0,2196,1795
Spinal cord interneuron progenitor,V2 interneuron,7.314990939606008,1.09818809957092,34.63955071915559,0.014211015957284037,0.0,2196,842
Spinal cord interneuron progenitor,V3 interneuron,6.280005526252122,0.451913302081671,8.130026914674728,0.007871812394305198,0.0,2196,230
Spinal cord interneuron progenitor,Vagal neural crest,6.277471159402977,-0.08552827858466827,-3.843992943137248,0.007207935863910242,0.95,2196,4937
Spinal cord interneuron progenitor,Visceral motor neuron,7.068437964666256,0.9219969371964458,31.851112993033794,0.0013324609653592085,0.0,2196,2062
Spinal cord interneuron progenitor,Yolk sac endothelial cell,5.347019617142888,-0.34029801793119435,-3.8945125312540845,0.0003217030835685857,0.0,2196,112
Splanchnic mesoderm (cardiopulmonary),Splanchnic mesoderm (cardiopulmonary),9.500000000009207,0.0,5.919191523266665e-06,2.5559093329160782e-28,1.0,5768,5768
Splanchnic mesoderm (cardiopulmonary),Splanchnic mesoderm (gastric),6.952297739825712,0.8906893080714688,53.13301519925489,0.001985916556885696,0.0,5768,3373
Splanchnic mesoderm (cardiopulmonary),Splanchnic mesoderm (intestinal),6.380546855941163,0.0812748482251046,5.897923486096128,0.006884965855913526,0.0,5768,9676
Splanchnic mesoderm (cardiopulmonary),Splanchnic mesoderm (septum transversum),6.694367458249844,0.6805890744768025,44.488361293821164,0.027151584660908216,0.0,5768,2825
Splanchnic mesoderm (cardiopulmonary),Subthalamic nucleus neuron,5.552386444974375,-0.3429064834084725,-13.574570461757213,0.0043617507062671205,0.0,5768,802
Splanchnic mesoderm (cardiopulmonary),Surface ectoderm (posterior),5.5396979204248495,0.00738338905889228,-0.47295609727670024,0.05091674080815094,0.79,5768,133
Splanchnic mesoderm (cardiopulmonary),Telencephalon (dorsal),5.9529382690482935,-0.3512668927825751,-30.962026425061385,0.004048703300424849,0.0,5768,31059
Splanchnic mesoderm (cardiopulmonary),Telencephalon (ventral),5.8292916065705285,-0.26527274466776785,-16.773346962852113,0.006381752736063362,0.0,5768,3241
Splanchnic mesoderm (cardiopulmonary),Thyroid progenitor,5.384369016117904,-0.25644220773984383,-10.176603114882283,0.0017752340846464048,0.0,5768,850
Splanchnic mesoderm (cardiopulmonary),Trigeminal branchiomotor neuron,5.552394420842865,-0.30505563493162285,-12.340801533948207,0.004410028706239773,0.0,5768,872
Splanchnic mesoderm (cardiopulmonary),Trigeminal ganglion neuron,5.819354827095853,-0.14028693125950062,-7.340167504522083,0.004790956985720478,0.0,5768,1765
Splanchnic mesoderm (cardiopulmonary),Trigeminal placode,6.010335057296743,-0.09282032621277025,-7.845847858416239,0.007645143381225191,0.1,5768,6546
Splanchnic mesoderm (cardiopulmonary),Trigeminal sensory neuron,5.861046857595323,-0.1401935269034329,-9.843143401409229,0.024178834255220168,0.73,5768,3198
Splanchnic mesoderm (cardiopulmonary),Trochlear neuron,5.336884621030083,-0.2693928262017229,-5.0456876374417625,0.015322151356931204,0.01,5768,153
Splanchnic mesoderm (cardiopulmonary),Trunk neural crest,6.024275176272975,-0.15822957624719614,-12.453259450406728,0.002696343994620841,0.0,5768,6809
Splanchnic mesoderm (cardiopulmonary),V0 interneuron,5.976473378364478,-0.3235649056744145,-17.1237841236242,0.002143916647736792,0.0,5768,2114
Splanchnic mesoderm (cardiopulmonary),V1 interneuron,5.878960569458852,-0.34012639297517655,-18.818152714696293,0.00010262726376233625,0.0,5768,1795
Splanchnic mesoderm (cardiopulmonary),V2 interneuron,5.740852774651668,-0.30272535505128434,-11.872851232087456,0.0010078414385967299,0.0,5768,842
Splanchnic mesoderm (cardiopulmonary),V3 interneuron,5.387064541210038,-0.28004056571997865,-6.054973732580694,0.01008311573454791,0.0,5768,230
Splanchnic mesoderm (cardiopulmonary),Vagal neural crest,5.999066543024519,-0.19392577055755034,-13.051625077059773,0.003895882241680068,0.0,5768,4937
Splanchnic mesoderm (cardiopulmonary),Visceral motor neuron,5.58933414559726,-0.38663927150676436,-20.38573915972174,0.00913869229505996,0.0,5768,2062
Splanchnic mesoderm (cardiopulmonary),Yolk sac endothelial cell,5.606013786398468,0.09025992423115259,2.4111005848604545,0.07715248050640953,0.08,5768,112
Splanchnic mesoderm (gastric),Splanchnic mesoderm (gastric),9.499999999997401,1.1250259982868252e-14,0.00011840443955216553,9.571512316681611e-29,1.0,3373,3373
Splanchnic mesoderm (gastric),Splanchnic mesoderm (intestinal),6.802753929340429,0.5319074758386849,34.37477481882007,6.506398610103881e-05,0.0,3373,9676
Splanchnic mesoderm (gastric),Splanchnic mesoderm (septum transversum),6.795239990307522,0.810777755256361,43.641226210988755,0.050016064840617144,0.0,3373,2825
Splanchnic mesoderm (gastric),Subthalamic nucleus neuron,5.527111285143415,-0.3353968954225787,-11.83728386705999,0.007197392009277111,0.0,3373,802
Splanchnic mesoderm (gastric),Surface ectoderm (posterior),5.546142220355407,0.039666265907662236,0.22567835586573715,0.03541624571324913,0.34,3373,133
Splanchnic mesoderm (gastric),Telencephalon (dorsal),5.9770234321097435,-0.2989253002695967,-21.228672583997763,0.006251394274267032,0.0,3373,31059
Splanchnic mesoderm (gastric),Telencephalon (ventral),5.8435121761177955,-0.22243612826585046,-11.383690377824877,0.004566090492188009,0.0,3373,3241
Splanchnic mesoderm (gastric),Thyroid progenitor,5.347505177972006,-0.2660744508413349,-9.667494515357783,0.003718435337379773,0.0,3373,850
Splanchnic mesoderm (gastric),Trigeminal branchiomotor neuron,5.524707630020134,-0.30385054045011994,-10.006176456732481,0.0006068728457661991,0.0,3373,872
Splanchnic mesoderm (gastric),Trigeminal ganglion neuron,5.799573008548866,-0.13313307485374182,-5.562923915019399,0.0012013530572859057,0.0,3373,1765
Splanchnic mesoderm (gastric),Trigeminal placode,6.003494620343943,-0.07153635107379704,-3.682292639891623,0.0035744688119294563,0.7,3373,6546
Splanchnic mesoderm (gastric),Trigeminal sensory neuron,5.901700826035417,-0.07069402429295273,-3.9818703440155194,0.01028978978012719,0.5,3373,3198
Splanchnic mesoderm (gastric),Trochlear neuron,5.306999822169104,-0.2716149158618002,-4.240081213260056,0.01646239350415081,0.03,3373,153
Splanchnic mesoderm (gastric),Trunk neural crest,6.062786793706359,-0.09015542002946948,-5.683070864102731,0.003539316146586918,0.15,3373,6809
Splanchnic mesoderm (gastric),V0 interneuron,5.967593856537129,-0.3039727806919415,-13.648221742362585,0.004225722605570345,0.0,3373,2114
Splanchnic mesoderm (gastric),V1 interneuron,5.888098210658952,-0.30015501422664376,-13.352128499733821,0.003613349095166832,0.0,3373,1795
Splanchnic mesoderm (gastric),V2 interneuron,5.70118722889373,-0.3127585456469779,-10.766024243220917,0.0021173635692976916,0.0,3373,842
Splanchnic mesoderm (gastric),V3 interneuron,5.341175209655627,-0.2966233494163684,-5.936459378220512,0.009623783929919196,0.0,3373,230
Splanchnic mesoderm (gastric),Vagal neural crest,6.064255141851617,-0.09933592583869218,-6.491474610080171,0.004012327109049536,0.15,3373,4937
Splanchnic mesoderm (gastric),Visceral motor neuron,5.545292962851684,-0.3995752698495411,-17.566044995486802,0.0036178891247746646,0.0,3373,2062
Splanchnic mesoderm (gastric),Yolk sac endothelial cell,5.581612014392324,0.08868765099801568,1.0084732494290176,0.015769326911743632,0.5,3373,112
Splanchnic mesoderm (intestinal),Splanchnic mesoderm (intestinal),9.499999999993797,4.144832625267251e-15,3.5523771284129986e-05,6.731613057885968e-29,1.0,9676,9676
Splanchnic mesoderm (intestinal),Splanchnic mesoderm (septum transversum),6.395802508603634,0.17403776553202258,11.09599393014136,0.0071681718160910846,0.0,9676,2825
Splanchnic mesoderm (intestinal),Subthalamic nucleus neuron,5.676813751800036,-0.4249491500548264,-13.23126559204377,0.009821177077044019,0.0,9676,802
Splanchnic mesoderm (intestinal),Surface ectoderm (posterior),5.84428025737851,0.0974620204267606,1.2593586397920602,0.002483808476032618,0.48,9676,133
Splanchnic mesoderm (intestinal),Telencephalon (dorsal),6.209724321047408,-0.30322860923050793,-34.88244987239424,0.007673699291129469,0.0,9676,31059
Splanchnic mesoderm (intestinal),Telencephalon (ventral),6.039004538927891,-0.26343589886866275,-16.26401863551513,0.01217591678792455,0.0,9676,3241
Splanchnic mesoderm (intestinal),Thyroid progenitor,5.416584745559695,-0.4352578844610993,-13.976280448428716,0.004989858537021826,0.0,9676,850
Splanchnic mesoderm (intestinal),Trigeminal branchiomotor neuron,5.7055610442298414,-0.3638627915344106,-12.401567018253942,0.01724342298709555,0.0,9676,872
Splanchnic mesoderm (intestinal),Trigeminal ganglion neuron,6.1757699692249455,0.006210261682520664,0.047972154444924975,0.024303633170365147,0.02,9676,1765
Splanchnic mesoderm (intestinal),Trigeminal placode,6.415821503919414,0.1035644165211999,7.616813141113582,0.002565994853331406,0.0,9676,6546
Splanchnic mesoderm (intestinal),Trigeminal sensory neuron,6.2911542042936555,0.08027450600902923,4.7593884500278,0.0006251869201094598,0.0,9676,3198
Splanchnic mesoderm (intestinal),Trochlear neuron,5.503242811922799,-0.31007905156794013,-4.5052730760381055,0.012132716825359269,0.0,9676,153
Splanchnic mesoderm (intestinal),Trunk neural crest,6.511391518789196,0.11939555380486559,7.864267051922553,0.014814160268166883,0.13,9676,6809
Splanchnic mesoderm (intestinal),V0 interneuron,6.201198277263956,-0.309254714510202,-16.461825873694362,0.013890132508434645,0.0,9676,2114
Splanchnic mesoderm (intestinal),V1 interneuron,6.11211259606736,-0.3168429136234332,-16.009248069006627,0.01315929741049272,0.0,9676,1795
Splanchnic mesoderm (intestinal),V2 interneuron,5.8766863040788735,-0.3798685608073624,-12.344521396977775,0.010334932877619786,0.0,9676,842
Splanchnic mesoderm (intestinal),V3 interneuron,5.514065046008395,-0.3615421692868705,-6.380156404956416,0.018670288636895873,0.0,9676,230
Splanchnic mesoderm (intestinal),Vagal neural crest,6.472942297221132,0.07206483507444439,4.529783862323797,0.010111518467073359,0.05,9676,4937
Splanchnic mesoderm (intestinal),Visceral motor neuron,5.721836991107959,-0.46424611318057946,-23.37291240848299,0.014354448906733541,0.0,9676,2062
Splanchnic mesoderm (intestinal),Yolk sac endothelial cell,5.964361688588293,0.23037487838740014,2.4747056446094002,0.018124523315289513,0.24,9676,112
Splanchnic mesoderm (septum transversum),Splanchnic mesoderm (septum transversum),9.500000000016357,1.0658141036401503e-14,0.00010656605619188183,5.99534287967969e-29,1.0,2825,2825
Splanchnic mesoderm (septum transversum),Subthalamic nucleus neuron,5.533826785303247,-0.28016295882107095,-10.382124038996809,0.006268487329204249,0.0,2825,802
Splanchnic mesoderm (septum transversum),Surface ectoderm (posterior),5.57145125188467,0.10971772721664468,1.2737817333141332,0.04288681673376117,0.73,2825,133
Splanchnic mesoderm (septum transversum),Telencephalon (dorsal),5.897841003244466,-0.32804692373764244,-22.182107151108482,0.0023174767815762587,0.0,2825,31059
Splanchnic mesoderm (septum transversum),Telencephalon (ventral),5.788892561213573,-0.22643968049149432,-12.991383516265122,0.0022310450349625546,0.0,2825,3241
Splanchnic mesoderm (septum transversum),Thyroid progenitor,5.424827408716927,-0.1355515669687802,-5.012122331799449,0.004593590623462514,0.0,2825,850
Splanchnic mesoderm (septum transversum),Trigeminal branchiomotor neuron,5.47336526692116,-0.30503930794733175,-11.387709884816525,0.0073107939186003775,0.0,2825,872
Splanchnic mesoderm (septum transversum),Trigeminal ganglion neuron,5.807890974827468,-0.07554584800021195,-3.5575499163017774,0.003906290281297079,0.77,2825,1765
Splanchnic mesoderm (septum transversum),Trigeminal placode,6.039738940520182,0.013971366903467342,0.7704370293645315,0.011448897448048539,0.85,2825,6546
Splanchnic mesoderm (septum transversum),Trigeminal sensory neuron,5.9640840392845185,0.04233920181177334,2.3064488101961333,0.023131604519919163,0.13,2825,3198
Splanchnic mesoderm (septum transversum),Trochlear neuron,5.27699305926495,-0.24848848224450246,-4.1931181586357456,0.020366871749606046,0.0,2825,153
Splanchnic mesoderm (septum transversum),Trunk neural crest,5.959883591840623,-0.14674345825398039,-9.064482468591626,0.008105373915886269,0.03,2825,6809
Splanchnic mesoderm (septum transversum),V0 interneuron,5.848069413154891,-0.3745317900785068,-18.46307204118929,0.0007506807554637356,0.0,2825,2114
Splanchnic mesoderm (septum transversum),V1 interneuron,5.803290051654486,-0.3398022209567613,-15.9618547411109,0.002771978902813459,0.0,2825,1795
Splanchnic mesoderm (septum transversum),V2 interneuron,5.656192664632923,-0.3132925476785419,-11.418362395830208,0.0015967055651467134,0.0,2825,842
Splanchnic mesoderm (septum transversum),V3 interneuron,5.358670984243038,-0.22575057294942655,-5.11224532334487,0.013443482426918792,0.16,2825,230
Splanchnic mesoderm (septum transversum),Vagal neural crest,5.976072598580171,-0.1365718282187697,-7.780170621909504,0.009264788845446585,0.0,2825,4937
Splanchnic mesoderm (septum transversum),Visceral motor neuron,5.502506688490187,-0.3966107115158133,-17.083904146272165,0.0005689425662742096,0.0,2825,2062
Splanchnic mesoderm (septum transversum),Yolk sac endothelial cell,5.4530820902322645,0.011042173039330786,-0.18054809515612216,0.011894562766708996,0.75,2825,112
Subthalamic nucleus neuron,Subthalamic nucleus neuron,9.500000000027901,1.1842378929335002e-15,5.923608034756947e-06,1.809121009306854e-28,1.0,802,802
Subthalamic nucleus neuron,Surface ectoderm (posterior),5.211036582165355,-0.11970424319554211,-1.888182298673085,0.024455811194554786,0.57,802,133
Subthalamic nucleus neuron,Telencephalon (dorsal),6.63125162718174,0.5251832846600175,19.16655663428072,0.005012970673557642,0.0,802,31059
Subthalamic nucleus neuron,Telencephalon (ventral),5.953532849140543,0.05916861236408918,2.068433215568517,5.9236073714792076e-05,0.05,802,3241
Subthalamic nucleus neuron,Thyroid progenitor,5.377256541280313,-0.06714896607875165,-1.788017457233772,0.01672112359735606,0.03,802,850
Subthalamic nucleus neuron,Trigeminal branchiomotor neuron,6.4443194696535215,0.780912687193488,18.795171752744256,0.01091066211190669,0.0,802,872
Subthalamic nucleus neuron,Trigeminal ganglion neuron,5.545225330258088,-0.21712099983518574,-6.051011671729529,0.0026836678711619497,0.0,802,1765
Subthalamic nucleus neuron,Trigeminal placode,5.507647329276676,-0.4001072726576013,-13.369688090125036,0.001639132773935831,0.0,802,6546
Subthalamic nucleus neuron,Trigeminal sensory neuron,5.453384950554946,-0.3484246075203978,-12.021786598115597,0.00328659998284811,0.0,802,3198
Subthalamic nucleus neuron,Trochlear neuron,6.705060428415632,1.2968545440444652,19.18175335543117,0.04056943058072977,0.0,802,153
Subthalamic nucleus neuron,Trunk neural crest,5.60776978762821,-0.3775980895502015,-13.375172893952042,0.0012316871019916506,0.0,802,6809
Subthalamic nucleus neuron,V0 interneuron,6.402007049192243,0.2968660210338463,9.844225535225261,0.000626265528245383,0.0,802,2114
Subthalamic nucleus neuron,V1 interneuron,6.288324164391973,0.2636772831314304,7.651775217543243,0.012058042376401693,0.0,802,1795
Subthalamic nucleus neuron,V2 interneuron,6.306452203625626,0.46052216077098035,10.91564690754592,0.004637944019600932,0.0,802,842
Subthalamic nucleus neuron,V3 interneuron,5.838138715801524,0.3714942923528379,6.683329959291989,0.012428668357657158,0.0,802,230
Subthalamic nucleus neuron,Vagal neural crest,5.6040112264456,-0.39292795342904974,-12.990107359369269,0.0005586864947003403,0.0,802,4937
Subthalamic nucleus neuron,Visceral motor neuron,6.389988280403368,0.6085390522452675,16.48003168258978,0.00405202377694411,0.0,802,2062
Subthalamic nucleus neuron,Yolk sac endothelial cell,5.028087769666683,-0.29100423834841455,-3.3474125995083077,0.0014561705303669582,0.05,802,112
Surface ectoderm (posterior),Surface ectoderm (posterior),9.500000000000297,-4.144832625267251e-15,-3.5523350659166667e-05,2.0615564989775774e-28,1.0,133,133
Surface ectoderm (posterior),Telencephalon (dorsal),5.500982213005744,-0.24513777854543406,-3.5430733697530687,0.003449776570374113,0.0,133,31059
Surface ectoderm (posterior),Telencephalon (ventral),5.340324648958181,-0.1969544087337655,-2.602021155856608,0.02259072323761658,0.13,133,3241
Surface ectoderm (posterior),Thyroid progenitor,5.091148984188551,0.006122236081414083,-0.14794553306998093,0.04524862990806841,0.94,133,850
Surface ectoderm (posterior),Trigeminal branchiomotor neuron,5.227117111241923,-0.07897248016844156,-1.2944480014636999,0.017510737489811738,0.99,133,872
Surface ectoderm (posterior),Trigeminal ganglion neuron,5.548646928923919,0.15186721979791842,2.154022348759297,0.000739730749441679,0.09,133,1765
Surface ectoderm (posterior),Trigeminal placode,5.854159519938773,0.3055179928661473,4.719276232427568,0.0006235788943865632,0.0,133,6546
Surface ectoderm (posterior),Trigeminal sensory neuron,5.7921054879645295,0.3513103514282146,4.993135944759286,0.004993915735813369,0.0,133,3198
Surface ectoderm (posterior),Trochlear neuron,4.904161852528321,-0.14496234959658535,-1.5465343127509532,0.048539314605751824,0.45,133,153
Surface ectoderm (posterior),Trunk neural crest,5.602812684543859,-0.02707658139979004,-0.593740957564216,0.009930370986974388,0.83,133,6809
Surface ectoderm (posterior),V0 interneuron,5.443450930905027,-0.2978353262102174,-4.106239307763331,0.002049111526067483,0.0,133,2114
Surface ectoderm (posterior),V1 interneuron,5.3947521512579195,-0.2664966136154551,-3.353692470126859,0.0010155909518979964,0.05,133,1795
Surface ectoderm (posterior),V2 interneuron,5.294352977035508,-0.18870124223808146,-2.385770906900786,0.0016099746775934671,0.06,133,842
Surface ectoderm (posterior),V3 interneuron,5.018931445609488,-0.08969073259961213,-1.1660075692211567,0.0052109138474264426,0.94,133,230
Surface ectoderm (posterior),Vagal neural crest,5.636531124916369,0.001162942500749331,-0.03409883972213186,0.001617531913330936,0.99,133,4937
Surface ectoderm (posterior),Visceral motor neuron,5.168409177848422,-0.24757783052042606,-2.9625950277195923,0.002418436463754931,0.05,133,2062
Surface ectoderm (posterior),Yolk sac endothelial cell,5.037532646496588,0.07244049772220744,0.4705119517099046,0.013450135819231247,0.68,133,112
Telencephalon (dorsal),Telencephalon (dorsal),9.50000000001282,4.736951571734001e-15,3.5523350659166667e-05,8.309334868327992e-29,1.0,31059,31059
Telencephalon (dorsal),Telencephalon (ventral),7.840126658846997,1.534270526345055,109.59537793369789,0.006778703291908734,0.0,31059,3241
Telencephalon (dorsal),Thyroid progenitor,5.380247386337323,-0.47036620621787656,-17.324086185203093,0.011464808306289964,0.0,31059,850
Telencephalon (dorsal),Trigeminal branchiomotor neuron,6.198622920776972,0.12304854543940931,4.679695395639965,0.0013727677600901048,0.0,31059,872
Telencephalon (dorsal),Trigeminal ganglion neuron,6.267873372296303,0.09407001588241688,5.336590595467072,0.007251153444278957,0.88,31059,1765
Telencephalon (dorsal),Trigeminal placode,6.427152407017478,0.11028141642799898,10.512312607795357,0.0031551347977169155,0.0,31059,6546
Telencephalon (dorsal),Trigeminal sensory neuron,6.196588188413405,-0.019177028848401,-0.8284220126045829,0.011138865628713936,0.14,31059,3198
Telencephalon (dorsal),Trochlear neuron,6.145674919135,0.3275448433572225,5.451910562148633,0.03197321542351854,0.11,31059,153
Telencephalon (dorsal),Trunk neural crest,6.306168633399229,-0.09009909372728941,-9.111991345571965,0.0015240382186488214,0.0,31059,6809
Telencephalon (dorsal),V0 interneuron,6.691602191537254,0.17764222347314865,10.46824394227999,0.006096624978379364,0.0,31059,2114
Telencephalon (dorsal),V1 interneuron,6.511254065193191,0.07841919265314405,4.105328965593053,0.0032835726559051997,0.38,31059,1795
Telencephalon (dorsal),V2 interneuron,6.413878045288729,0.1551509700410465,5.60115795590272,0.00410130160574902,0.0,31059,842
Telencephalon (dorsal),V3 interneuron,5.818133307584374,-0.061602962186948496,-0.865210703698304,0.029505875523726976,0.02,31059,230
Telencephalon (dorsal),Vagal neural crest,6.3831547358797645,-0.02297554597725367,-2.224236651684274,0.0009181257306870457,0.91,31059,4937
Telencephalon (dorsal),Visceral motor neuron,6.197762812542642,0.008191715147807995,1.081658895745135,0.010107826884365421,0.09,31059,2062
Telencephalon (dorsal),Yolk sac endothelial cell,5.399043712516135,-0.3292803113834779,-4.260404061090163,0.0038010258931406487,0.02,31059,112
Telencephalon (ventral),Telencephalon (ventral),9.50000000001759,3.552713678800501e-15,2.9601425258683092e-05,1.3568407569801403e-28,1.0,3241,3241
Telencephalon (ventral),Thyroid progenitor,5.252384806677566,-0.39200494622711207,-14.022686660226453,0.01597185274468603,0.0,3241,850
Telencephalon (ventral),Trigeminal branchiomotor neuron,5.84609730940787,-0.017119952285588862,-0.5945827393389645,0.009517615461617493,0.06,3241,872
Telencephalon (ventral),Trigeminal ganglion neuron,6.018694731569906,0.05530582427834189,1.978559269676329,0.020648207611256644,0.0,3241,1765
Telencephalon (ventral),Trigeminal placode,6.170602421432576,0.06273800286786162,3.6725043972650866,0.002577887969457954,0.71,3241,6546
Telencephalon (ventral),Trigeminal sensory neuron,6.019654787037726,0.015802399138225454,0.6297070086379075,0.009834068375119916,0.07,3241,3198
Telencephalon (ventral),Trochlear neuron,5.698546761800615,0.09383523151413353,1.4902002060677049,0.009086153226917441,0.93,3241,153
Telencephalon (ventral),Trunk neural crest,6.1352246439999405,-0.0497408353998526,-2.661337328222954,0.009294479050274189,0.0,3241,6809
Telencephalon (ventral),V0 interneuron,6.374948269946972,0.07124350277946097,3.2149313296275674,0.015438334142978667,0.01,3241,2114
Telencephalon (ventral),V1 interneuron,6.201850485663425,-0.019690663544358184,-0.5835707941916849,0.008496610055983506,0.64,3241,1795
Telencephalon (ventral),V2 interneuron,6.068706987754434,0.019205794368811684,0.6289644742182604,0.0012135828178381713,0.48,3241,842
Telencephalon (ventral),V3 interneuron,5.548004933652886,-0.11615631986168573,-1.8441152526223938,0.021617162005017843,0.36,3241,230
Telencephalon (ventral),Vagal neural crest,6.199887513858342,0.003732578664437843,0.2553104823891717,0.005067282757591855,0.46,3241,4937
Telencephalon (ventral),Visceral motor neuron,5.892220412650063,-0.09007336310121161,-3.9612785943988045,0.015799105337628155,0.13,3241,2062
Telencephalon (ventral),Yolk sac endothelial cell,5.240470008576643,-0.2824373609742672,-3.570548163858114,0.003484872003442261,0.0,3241,112
Thyroid progenitor,Thyroid progenitor,9.500000000010123,2.3684757858670005e-15,2.3688121364133323e-05,5.59565335436771e-28,1.0,850,850
Thyroid progenitor,Trigeminal branchiomotor neuron,5.293459619383097,-0.1165365278053218,-3.164700459043664,0.0014308837838795255,0.01,850,872
Thyroid progenitor,Trigeminal ganglion neuron,5.225777528251595,-0.28387888384592497,-8.509718447643069,0.008492676243646446,0.0,850,1765
Thyroid progenitor,Trigeminal placode,5.2823743812635096,-0.3703063750364919,-13.269368781359548,0.004967377743398116,0.0,850,6546
Thyroid progenitor,Trigeminal sensory neuron,5.214740485458044,-0.33647215191421626,-11.388568508764555,0.017455323904537596,0.0,850,3198
Thyroid progenitor,Trochlear neuron,5.121126703299966,-0.03629118934467179,-0.5496543372483087,0.019875307482414242,0.95,850,153
Thyroid progenitor,Trunk neural crest,5.28911128798924,-0.4465697322243051,-15.112402872357798,0.005523350163471736,0.0,850,6809
Thyroid progenitor,V0 interneuron,5.399618664139229,-0.45139191764060155,-13.292362731124546,0.011039993593810487,0.0,850,2114
Thyroid progenitor,V1 interneuron,5.394183298183027,-0.3745436469017373,-12.571460919689267,0.006009512714113772,0.0,850,1795
Thyroid progenitor,V2 interneuron,5.443057023892027,-0.1550076414670339,-4.311974950425751,0.011844178062444973,0.04,850,842
Thyroid progenitor,V3 interneuron,5.261337969691827,0.04952252396946418,1.084235071091803,0.008134407958164743,0.81,850,230
Thyroid progenitor,Vagal neural crest,5.293130849339857,-0.4515280799144958,-15.56685427714765,0.005514040812246962,0.0,850,4937
Thyroid progenitor,Visceral motor neuron,5.433580335560831,-0.0961092659735936,-3.011509618172729,0.01086040863163679,0.6,850,2062
Thyroid progenitor,Yolk sac endothelial cell,4.996287877347875,-0.06357769606116737,-1.2275989778751557,0.016984434625826453,0.96,850,112
Trigeminal branchiomotor neuron,Trigeminal branchiomotor neuron,9.500000000008015,-3.552713678800501e-15,-4.736278506073333e-05,9.781875224740546e-29,1.0,872,872
Trigeminal branchiomotor neuron,Trigeminal ganglion neuron,5.437419611435132,-0.288135891898128,-8.392986403366015,0.0016181146432856096,0.0,872,1765
Trigeminal branchiomotor neuron,Trigeminal placode,5.494073752389693,-0.3797417002939154,-13.866208927514885,0.003374172997164029,0.0,872,6546
Trigeminal branchiomotor neuron,Trigeminal sensory neuron,5.474351242624407,-0.29395061725186206,-9.86863592089072,0.006542551697848124,0.0,872,3198
Trigeminal branchiomotor neuron,Trochlear neuron,6.1908357267775775,0.8138127449655789,11.11599231847479,0.01456363106539895,0.0,872,153
Trigeminal branchiomotor neuron,Trunk neural crest,5.607919184199305,-0.3403273239832248,-11.5736518182394,0.0021825271240019156,0.0,872,6809
Trigeminal branchiomotor neuron,V0 interneuron,6.47542622772712,0.4039372106659765,12.389245587635218,0.010443289435921743,0.0,872,2114
Trigeminal branchiomotor neuron,V1 interneuron,6.396388546558131,0.407348887492977,13.884212354087248,0.007527838349807329,0.0,872,1795
Trigeminal branchiomotor neuron,V2 interneuron,6.603908728855035,0.7917886903991708,19.42151524748155,0.006355489840832423,0.0,872,842
Trigeminal branchiomotor neuron,V3 interneuron,6.0266895723048295,0.5922851369041311,8.78136254763879,0.07280749720815609,0.0,872,230
Trigeminal branchiomotor neuron,Vagal neural crest,5.6281105060879675,-0.3333959723280282,-10.774392060521947,0.00035046293340259,0.0,872,4937
Trigeminal branchiomotor neuron,Visceral motor neuron,6.77045916826913,1.0264817124716854,28.59167924498422,0.001178463454931579,0.0,872,2062
Trigeminal branchiomotor neuron,Yolk sac endothelial cell,5.070002802192379,-0.22229327286822573,-2.5514623359004918,0.0040053879672939195,0.04,872,112
Trigeminal ganglion neuron,Trigeminal ganglion neuron,9.499999999996154,5.329070518200751e-15,4.736278506073333e-05,1.9879294811569497e-28,1.0,1765,1765
Trigeminal ganglion neuron,Trigeminal placode,6.589180557675502,0.6157146453731492,27.59221934092196,0.013125040593254724,0.0,1765,6546
Trigeminal ganglion neuron,Trigeminal sensory neuron,6.306634501238939,0.4397454526697864,17.661115690874265,0.009599686143359834,0.0,1765,3198
Trigeminal ganglion neuron,Trochlear neuron,5.182661965845294,-0.29114016455216934,-4.073728953269345,0.015461858496210262,0.02,1765,153
Trigeminal ganglion neuron,Trunk neural crest,6.212520836035143,0.16153095915962368,7.595188233733844,0.01872892693636084,0.01,1765,6809
Trigeminal ganglion neuron,V0 interneuron,6.019575625982429,-0.1485612834823599,-5.302219887249286,0.010640190436789605,0.09,1765,2114
Trigeminal ganglion neuron,V1 interneuron,5.885249133228233,-0.20259867224107767,-7.355114494718241,0.0005516001001680811,0.0,1765,1795
Trigeminal ganglion neuron,V2 interneuron,5.693063803758722,-0.2219307982951483,-6.390767367406802,0.004512702994892847,0.0,1765,842
Trigeminal ganglion neuron,V3 interneuron,5.2222300102760135,-0.3104010807443475,-5.3545541694217285,0.005711155744665429,0.0,1765,230
Trigeminal ganglion neuron,Vagal neural crest,6.283168511960793,0.22239261362808507,10.10833270716652,0.006303407593026024,0.0,1765,4937
Trigeminal ganglion neuron,Visceral motor neuron,5.567108603389435,-0.2788889472598841,-10.14252707762376,0.0021404716244231175,0.0,1765,2062
Trigeminal ganglion neuron,Yolk sac endothelial cell,5.228890156298213,-0.1587644047203399,-1.7099156167780976,0.00614612719575665,0.3,1765,112
Trigeminal placode,Trigeminal placode,9.500000000006853,1.7763568394002505e-15,1.7760097927225488e-05,9.781875224740546e-29,1.0,6546,6546
Trigeminal placode,Trigeminal sensory neuron,7.5032448343623726,1.4905656538231264,87.41358361804838,0.021797566337290655,0.0,6546,3198
Trigeminal placode,Trochlear neuron,5.311236863996952,-0.3054385211489044,-4.601670656241706,0.014614665089592485,0.01,6546,153
Trigeminal placode,Trunk neural crest,6.370936980673746,0.17582902144581988,12.161166398820862,0.010542819355092903,0.0,6546,6809
Trigeminal placode,V0 interneuron,6.021000499547679,-0.29085267051056035,-13.48869275281517,0.003344836517037604,0.0,6546,2114
Trigeminal placode,V1 interneuron,5.882491108362064,-0.35108407944098285,-16.891332060507352,0.0038247911624016053,0.0,6546,1795
Trigeminal placode,V2 interneuron,5.677959609547357,-0.37941710787069943,-12.920883439128817,0.0002967421425075924,0.0,6546,842
Trigeminal placode,V3 interneuron,5.311898090641876,-0.3687905051354745,-7.033232752546489,0.006760054542569472,0.0,6546,230
Trigeminal placode,Vagal neural crest,6.3927745502845665,0.1866696508679757,12.658270190126409,0.0037535367856649416,0.0,6546,4937
Trigeminal placode,Visceral motor neuron,5.497867922101918,-0.49098221749543186,-23.772534395008865,0.0007008402024723923,0.0,6546,2062
Trigeminal placode,Yolk sac endothelial cell,5.424665073568252,-0.11408052668765922,-1.1466183584704128,0.030338228252624576,0.2,6546,112
Trigeminal sensory neuron,Trigeminal sensory neuron,9.500000000014264,-1.0658141036401503e-14,-0.00011248146220271815,1.5461673742331831e-28,1.0,3198,3198
Trigeminal sensory neuron,Trochlear neuron,5.27937059286939,-0.23118144811743532,-3.3106045994283853,0.002558196076209952,0.01,3198,153
Trigeminal sensory neuron,Trunk neural crest,6.169947455704475,0.07825713328376575,4.448555590528675,0.010139286675573716,0.78,3198,6809
Trigeminal sensory neuron,V0 interneuron,5.940423728014067,-0.27026015348631,-11.650187159092212,0.003222326144318602,0.0,3198,2114
Trigeminal sensory neuron,V1 interneuron,5.849326635352557,-0.27916032351158,-12.251121186102196,0.000896794417117025,0.0,3198,1795
Trigeminal sensory neuron,V2 interneuron,5.602437391911508,-0.35144420537141485,-10.98849529869449,0.00027998369112314036,0.0,3198,842
Trigeminal sensory neuron,V3 interneuron,5.300762926106484,-0.2748035118657312,-5.334300250078768,0.034015461917669326,0.01,3198,230
Trigeminal sensory neuron,Vagal neural crest,6.186370872010786,0.08374004320897299,4.649724614184925,0.008900822706971324,0.78,3198,4937
Trigeminal sensory neuron,Visceral motor neuron,5.506177264655245,-0.3815653907728622,-17.44032798315506,0.007040266958971745,0.0,3198,2062
Trigeminal sensory neuron,Yolk sac endothelial cell,5.346751676885044,-0.084380111879739,-0.6877401383422911,0.010253673568804694,0.83,3198,112
Trochlear neuron,Trochlear neuron,9.500000000026743,8.289665250534503e-15,7.104165388628423e-05,1.7775665730980133e-28,1.0,153,153
Trochlear neuron,Trunk neural crest,5.467695353639198,-0.22513850379041736,-3.4466281421932243,0.0003862120676659947,0.0,153,6809
Trochlear neuron,V0 interneuron,6.104577888643131,0.2845970513480663,4.299548633586684,0.008614056369923464,0.03,153,2114
Trochlear neuron,V1 interneuron,6.016101682881511,0.27878444786618406,4.192902556399502,0.0014706855996015483,0.0,153,1795
Trochlear neuron,V2 interneuron,5.985196343647428,0.4232446176544909,6.000430440325412,0.02531406193143032,0.0,153,842
Trochlear neuron,V3 interneuron,5.581710955357662,0.399411169633835,4.496559913589384,0.029974582910799748,0.01,153,230
Trochlear neuron,Vagal neural crest,5.466175854947281,-0.236857297623569,-3.703839704058332,0.007891405790104649,0.01,153,4937
Trochlear neuron,Visceral motor neuron,6.014017179534586,0.5138945822652069,6.626482706942805,0.0018029503574983805,0.0,153,2062
Trochlear neuron,Yolk sac endothelial cell,4.916443771307509,-0.10712553710325838,-1.0379298862439883,0.009788584995903465,0.95,153,112
Trunk neural crest,Trunk neural crest,9.500000000018042,4.144832625267251e-15,2.960268713350784e-05,1.7144577006803324e-28,1.0,6809,6809
Trunk neural crest,V0 interneuron,6.606340820285598,0.2143056140470018,11.447823442643864,0.012286556312196223,0.0,6809,2114
Trunk neural crest,V1 interneuron,6.391391821457845,0.08147410098885881,3.9229788366670078,0.0021099753356073536,0.17,6809,1795
Trunk neural crest,V2 interneuron,5.8949898457567285,-0.23975189309851697,-8.101418747010309,0.00010091461055622533,0.0,6809,842
Trunk neural crest,V3 interneuron,5.380189215710717,-0.37106047770690953,-6.287751405709188,0.0025008105206505466,0.0,6809,230
Trunk neural crest,Vagal neural crest,8.039195912857975,1.7547566744340222,114.29661240607858,0.014790675579873885,0.0,6809,4937
Trunk neural crest,Visceral motor neuron,5.674956697280123,-0.3945167723626864,-18.280260037623417,0.0026529006294658815,0.0,6809,2062
Trunk neural crest,Yolk sac endothelial cell,5.405196245855978,-0.21164942418200816,-2.5433870164354455,0.007941235902849638,0.13,6809,112
V0 interneuron,V0 interneuron,9.499999999998282,8.881784197001252e-15,7.696946817046479e-05,3.1554436208840472e-30,1.0,2114,2114
V0 interneuron,V1 interneuron,7.48226550843586,1.0530862085176578,42.02057681935943,0.001181072395421327,0.0,2114,1795
V0 interneuron,V2 interneuron,7.023569788109417,0.7718824659329698,22.877252961638046,0.0017287500357506013,0.0,2114,842
V0 interneuron,V3 interneuron,5.927422110458616,0.053554613962554676,1.006102984605104,0.00200334211557732,0.98,2114,230
V0 interneuron,Vagal neural crest,6.651466846492027,0.2478844878113898,11.900749884131054,0.005399621842559845,0.0,2114,4937
V0 interneuron,Visceral motor neuron,6.584053376989985,0.3971163172491403,14.498697336762143,0.0018124521490285239,0.0,2114,2062
V0 interneuron,Yolk sac endothelial cell,5.352294058418184,-0.3809021866669795,-4.691413154504461,0.006846086693084778,0.01,2114,112
V1 interneuron,V1 interneuron,9.499999999988695,-7.105427357601002e-15,-7.69593734856e-05,3.534096855390133e-28,1.0,1795,1795
V1 interneuron,V2 interneuron,7.059521563344037,0.8811508831173466,26.73030760239729,0.02028827385409155,0.0,1795,842
V1 interneuron,V3 interneuron,5.973194201485776,0.1786105075568288,3.5024212593397217,0.012766572327085123,0.49,1795,230
V1 interneuron,Vagal neural crest,6.379765148352239,0.059664286198819326,2.850553989939152,0.00044122666281424063,0.1,1795,4937
V1 interneuron,Visceral motor neuron,6.679836416054683,0.5724125577335171,20.109240905631577,0.0005538944532303471,0.0,1795,2062
V1 interneuron,Yolk sac endothelial cell,5.311875091442912,-0.3256238858849816,-4.176903319987963,0.005669474417309035,0.01,1795,112
V2 interneuron,V2 interneuron,9.499999999988958,-5.921189464667502e-15,-5.328008405754117e-05,2.3455464248571416e-28,1.0,842,842
V2 interneuron,V3 interneuron,5.9996502518499994,0.3829965551334382,6.641551605313747,0.039134251612854644,0.01,842,230
V2 interneuron,Vagal neural crest,5.950688560497678,-0.19380425468745224,-6.476823654901724,0.0004779921761856766,0.0,842,4937
V2 interneuron,Visceral motor neuron,6.852407192489221,0.9183299157121132,26.08471194395158,0.0014512609393436714,0.0,842,2062
V2 interneuron,Yolk sac endothelial cell,5.285423748544765,-0.18699474189589407,-2.0224333901309093,0.00819006200022042,0.35,842,112
V3 interneuron,V3 interneuron,9.499999999939844,-9.473903143468002e-15,-0.00010655680324995883,2.7241996593632273e-28,1.0,230,230
V3 interneuron,Vagal neural crest,5.402611883718531,-0.36702483113900514,-6.712172061368212,0.006400073208682821,0.0,230,4937
V3 interneuron,Visceral motor neuron,6.674272384086049,1.1254425507256711,17.69259970571225,0.011570379863596054,0.0,230,2062
V3 interneuron,Yolk sac endothelial cell,5.04584434485316,-0.03575893748600478,-0.6628724701096439,0.02329057163716637,0.9,230,112
Vagal neural crest,Vagal neural crest,9.499999999997437,5.921189464667502e-15,5.328639316271404e-05,1.9984476265598965e-29,1.0,4937,4937
Vagal neural crest,Visceral motor neuron,5.683701474981664,-0.39517326752730614,-17.652881590307885,5.0216286015907046e-05,0.0,4937,2062
Vagal neural crest,Yolk sac endothelial cell,5.429851328709101,-0.18485708296757628,-2.1241950026422236,0.02531121292905736,0.94,4937,112
Visceral motor neuron,Visceral motor neuron,9.500000000006532,4.736951571734001e-15,5.328260740376666e-05,2.21932868002178e-28,1.0,2062,2062
Visceral motor neuron,Yolk sac endothelial cell,5.077790751207716,-0.3332617375993652,-3.6338148529123466,0.021483857921007522,0.01,2062,112
Yolk sac endothelial cell,Yolk sac endothelial cell,9.499999999969807,3.552713678800501e-15,2.3684336815299998e-05,2.871453695004483e-28,1.0,112,112
