id,level,cell_subtype,cell_type,cluster,lineage,germ_layer,stages,n_cells,global_markers,local_markers,description,rationale
1,cell type,Rostral ectoderm,Rostral ectoderm,Early,Ectoderm,Ectoderm,E7.5,914,"Dnmt3b, Pou5f1, Epcam, Pim2, Utf1, Slc7a3, Pou3f1, Rbpms2, L1td1, Spint2","Utf1, Epcam, Dnmt3b, Slc7a3, Cldn6, L1td1, Pou5f1, Zfp36l2, Rbpms2, Car14","Rostral ectoderm at E7.5 represents the anterior-most portion of the embryonic ectoderm, positioned adjacent to the anterior visceral endoderm signaling center during early gastrulation. This population retains significant epiblast-like character—reflecting its recent emergence from the pluripotent epiblast—and has not yet committed to definitive neural or surface ectoderm fates. It will ultimately contribute to anterior neural structures including the forebrain and anterior surface ectoderm.","The persistent expression of pluripotency-associated genes such as Pou5f1 (Oct4), Utf1, L1td1, and Dnmt3b is consistent with the nascent, not-yet-fully-specified state of E7.5 ectoderm that has only recently segregated from the epiblast. Epithelial identity is reflected by Epcam and the tight junction component Cldn6, confirming this population's coherent epithelial organization typical of the ectoderm layer. Critically, the presence of Pou3f1 (Oct6) supports the rostral designation, as this POU-domain transcription factor is specifically enriched in the anterior ectoderm during early gastrulation and is one of the earliest markers distinguishing rostral from caudal ectoderm. Together, the co-expression of anterior ectoderm specification markers with residual pluripotency genes defines a transitional rostral ectodermal population at the onset of germ-layer patterning."
2,cell type,Amniotic ectoderm,Amniotic ectoderm,Extraembryonic and PGC,Extraembryonic ectoderm,Ectoderm,"E8.0, E8.5, E9.0, E9.5, E10.0",8885,"Igfbp2, Slc2a3, Ahnak, Krt8, Krt18, Anxa2, Pmp22, Slc2a1, Rbms3, Plac8","Plac8, Tac2, Ppp2r2b, Slc2a1, Lrp2, Kcnq5, Pmp22, Dlk1, Wfdc2, Dpf3","Amniotic ectoderm is the inner ectodermal epithelial layer of the amnion, the thin membrane that encloses the embryo within the amniotic cavity. Continuous with but distinct from the embryonic ectoderm, it forms as the amniotic folds close around E7.5–E8.0 and persists as a simple squamous-to-cuboidal epithelium that provides a protective fluid-filled environment for the developing embryo. As an extraembryonic ectoderm derivative, it does not contribute to embryonic tissues but plays roles in signaling and mechanical protection.","The simple epithelial keratins Krt8 and Krt18 among the top global markers are hallmarks of the amniotic epithelium, distinguishing it from the stratified embryonic surface ectoderm which expresses basal keratins. Strong expression of extraembryonic-associated genes such as Plac8 (the top local marker) and Igfbp2 confirms this population's identity outside the embryo proper, consistent with placement in the extraembryonic ectoderm lineage. The glucose transporters Slc2a1 and Slc2a3 reflect the metabolically active transport epithelium character of the amnion, while local markers Wfdc2 and Tac2 further separate this population from neighboring cell types such as surface ectoderm or chorion. Together, the combination of simple epithelial identity, extraembryonic gene enrichment, and stage presence from E8.5 onward—after amniotic fold closure—supports the designation as amniotic ectoderm."
3,cell type,Extraembryonic ectoderm,Extraembryonic ectoderm,Extraembryonic and PGC,Extraembryonic ectoderm,Ectoderm,E7.5,342,"Rhox5, Fabp3, Phlda2, Rps3a3, Morc4, Trap1a, Id2, Tex19.1, Sfmbt2, Bex1","Rhox5, Id2, Fabp3, Rps3a3, Morc4, Tex19.1, Sfmbt2, Xist, Trap1a, Utf1","Extraembryonic ectoderm is a transient trophoblast-derived epithelial tissue that forms the outer layer of the ectoplacental cone and lines the proamniotic cavity at pre- and early gastrulation stages. It contributes to the chorionic ectoderm and, ultimately, to the labyrinth layer of the placenta, playing essential roles in nutrient exchange, placental morphogenesis, and signaling to the underlying epiblast. Its restriction to E7.5 in this dataset is consistent with its rapid differentiation into downstream trophoblast subtypes during gastrulation.","The marker gene profile strongly supports a trophoblast/extraembryonic ectoderm identity. Rhox5, the top global and local marker, is a reproductive homeobox gene with well-characterized expression in trophoblast lineages, while Tex19.1 is an imprinted gene highly expressed in extraembryonic tissues and the germline. Phlda2 is a maternally expressed imprinted gene critical for placental growth, and Sfmbt2 is a paternally expressed gene whose imprinting is specific to extraembryonic lineages—together these imprinted loci are hallmarks of trophoblast identity. Additional markers such as Id2 (a BMP-responsive inhibitor of differentiation enriched in trophoblast stem cells), Fabp3 (involved in fatty acid transport in metabolically active extraembryonic tissues), and prominent Xist expression (consistent with the imprinted X-inactivation characteristic of extraembryonic ectoderm) collectively distinguish this population from embryonic ectoderm and confirm the extraembryonic ectoderm designation."
4,cell type,,Cranial neural crest,,Neural crest,Ectoderm,"E8.0, E8.5, E9.0, E9.5, E10.0",25427,"Cdh6, Crabp1, Tnik, Tfap2b, Sox10, Lmo4, Rbms3, Ets1, Zeb2, Mef2c","Gap43, Celf2, Twist1, Cited2, Id2, Hmcn1, Sfrp1, Plxna4, Col23a1, Ina","Cranial neural crest cells are a migratory population of ectoderm-derived cells that originate from the dorsal neural tube in the head region. They delaminate and migrate extensively to give rise to craniofacial cartilage and bone, cranial ganglia, smooth muscle, and connective tissue of the face and pharyngeal arches. This population is one of the largest neural crest subsets and is essential for building the vertebrate head.","The global markers strongly support a neural crest identity, with Sox10 and Tfap2b being canonical transcription factors for neural crest specification and Ets1, Zeb2, and Crabp1 marking migratory crest populations. Cranial-specific identity is reinforced by Mef2c, which drives craniofacial and pharyngeal arch mesenchyme differentiation, and by the local marker Twist1, a key regulator of cranial mesenchyme and craniofacial morphogenesis. Additional local markers such as Sfrp1 (a Wnt modulator in cranial crest patterning), Id2 (active in branchial arch crest), and Plxna4 (a semaphorin receptor guiding cranial crest migration streams) collectively distinguish this population from trunk or cardiac neural crest lineages."
4a,cell subtype,Cranial neural crest,Cranial neural crest,Early,Neural crest,Ectoderm,E8.0,201,"Sox9, Foxd3, Gadd45a, Ets1, Ptn, Pax3, Pak3, Mest, Id3, Tfap2a","Sox9, Foxd3, Ets1, Gadd45a, Pax3, Mest, Pak3, Tfap2a, Robo1, Id3","Cranial neural crest cells are a migratory multipotent cell population that delaminates from the dorsal neural tube in the head region and migrates into the pharyngeal arches and craniofacial primordia. At E8.0, these cells are among the earliest neural crest to emigrate, contributing to craniofacial cartilage, bone, connective tissue, and cranial ganglia. They are distinguished from trunk neural crest by their broader differentiation potential, including the ability to form skeletal and connective tissue derivatives.","The marker gene signature strongly supports a cranial neural crest identity. Foxd3 and Tfap2a are canonical neural crest specifiers required for induction and maintenance of the premigratory and early migratory crest, while Pax3 marks the dorsal neural tube border from which crest cells delaminate. Sox9 is a key regulator of chondrogenic fate in cranial crest and is highly enriched in the cranial rather than trunk population at this stage, and Ets1 drives cranial-specific crest migration into the pharyngeal arches. Additional markers such as Id3, which promotes neural crest stemness, and Robo1, involved in guidance of migrating cranial crest streams, further confirm the cranial migratory identity of this cluster."
4b,cell subtype,Cranial neural crest (anterior),Cranial neural crest,Neural crest,Neural crest,Ectoderm,"E8.5, E9.0, E9.5, E10.0",17118,"Cdh6, Tnik, Tfap2b, Sox10, Lmo4, Plp1, Nr2f1, Rbms3, Ets1, Mef2c","Celf2, Hmcn1, Id2, Gap43, Cited2, Id3, Tpi1, Mef2c, Slc16a3, Ppp2r2b","Cranial neural crest (anterior) cells are a subpopulation of cranial neural crest originating from the prosencephalic and mesencephalic neural folds that migrate into the frontonasal prominence and anterior pharyngeal arches. These cells give rise to much of the craniofacial mesenchyme—including cartilage, bone, and connective tissue of the face and anterior skull—and are captured here from E8.5 through E10.0 during active migration and early differentiation.","Core neural crest identity is established by Tfap2b, Sox10, and Ets1, which are master regulators of neural crest specification and migration, while Plp1 and Gap43 mark actively migrating neural crest progenitors. The anterior cranial designation is supported by Mef2c, a transcription factor essential for frontonasal and first pharyngeal arch development, and by Cited2, a cofactor enriched in anterior craniofacial structures—both of which appear as local markers distinguishing this population from other cranial neural crest subtypes. Local enrichment of Id2 and Id3 further indicates a less differentiated, progenitor-like state consistent with the sustained proliferative capacity characteristic of anterior cranial neural crest mesenchyme."
4c,cell subtype,Cranial neural crest (posterior),Cranial neural crest,Neural crest,Neural crest,Ectoderm,"E8.5, E9.0, E9.5, E10.0",8108,"Crabp1, Cdh6, Dcc, Nr2f1, Crabp2, Tnik, Tfap2b, Zeb2, Sox10, Ednra","Crabp1, Meis1, Ednra, Nr2f1, Zfp503, Unc5c, Fhod3, Meis2, Epha4, Arid3b","Cranial neural crest (posterior) cells are neural crest cells originating from the caudal cranial region, primarily the hindbrain (rhombomere) level. They migrate into the posterior pharyngeal arches and contribute to skeletal, connective tissue, and mesenchymal derivatives of the posterior head and neck. Present from E8.5 through E10.0, these cells span the period of active neural crest emigration, ventral migration, and colonization of pharyngeal arch targets.","The cranial neural crest identity is established by core neural crest transcription factors Sox10, Tfap2b, and Zeb2, along with the neural crest migration-associated receptor Ednra. The posterior designation is strongly supported by high expression of Crabp1 and Crabp2, which encode retinoic acid–binding proteins enriched in posterior cranial neural crest where RA signaling specifies caudal positional identity. Local markers further reinforce posterior regionalization: Meis1 and Meis2 are TALE-class homeodomain factors that mark hindbrain-derived neural crest and posterior pharyngeal arch mesenchyme, while Epha4 is associated with hindbrain rhombomere boundary formation and caudal cranial neural crest stream guidance. Nr2f1 (COUP-TFI), a transcription factor involved in posteriorizing patterning programs, and Zfp503, a zinc finger protein linked to caudal identity, collectively distinguish this population from more anterior cranial neural crest subtypes."
5,cell type,Frontonasal mesenchyme,Frontonasal mesenchyme,Neural crest,Neural crest,Ectoderm,"E8.5, E9.0, E9.5, E10.0",46044,"Crabp1, Cped1, Twist1, Alx3, Hmcn1, Prrx1, Col1a2, Cdh11, Col23a1, Col3a1","Alx3, Rarb, Crabp1, Col1a2, Alx1, Alx4, Crym, Ldhb, Pax3, Foxp1","Frontonasal mesenchyme is a neural crest-derived mesenchymal population that populates the frontonasal prominence of the developing embryo, ultimately contributing to midface structures including the nasal septum, nasal bridge, and forehead. This population emerges after cranial neural crest cells migrate into the frontonasal region and undergo an epithelial-to-mesenchymal transition, adopting a proliferative, matrix-producing mesenchymal identity that is patterned by retinoic acid and homeobox transcription factor gradients. Its presence from E8.5 through E10.0 is consistent with the progressive expansion of the frontonasal prominence during mid-gestation craniofacial morphogenesis.","The name is strongly supported by the co-expression of Alx3, Alx1, and Alx4, aristaless-like homeobox transcription factors that are the defining molecular signature of the frontonasal prominence mesenchyme; mutations in ALX3 cause frontonasal dysplasia in humans, and compound Alx1/Alx4 knockouts produce severe midface clefting in mice. Active retinoic acid signaling, a hallmark of frontonasal identity and anterior-posterior patterning of the face, is indicated by the local markers Crabp1 (cellular retinoic acid binding protein 1) and Rarb (retinoic acid receptor beta). The mesenchymal character of this population is confirmed by global markers including Twist1, Prrx1, Col1a2, Col3a1, and Cdh11, all of which are canonical markers of cranial mesenchyme, while Pax3 among the local markers reflects the neural crest origin of this population."
6,cell type,,Pharyngeal arch mesenchyme,,Neural crest,Ectoderm,"E8.5, E9.0, E9.5, E10.0",66888,"Twist1, Prrx1, Col23a1, Cped1, Crabp1, Mecom, Cdh11, Barx1, Fli1, Prrx2","Barx1, Rbp1, Dlx2, Ebf2, Dlx1, Col23a1, Dnajc1, Lrba, Fli1, Dlx5","Pharyngeal arch mesenchyme comprises neural crest-derived mesenchymal cells that populate the pharyngeal (branchial) arches, transient embryonic structures that give rise to craniofacial skeletal elements, connective tissues, and smooth muscle of the face, jaw, and neck. These cells undergo extensive proliferation and patterning between E8.5 and E10.0 as the arches form and are colonized by migrating cranial neural crest, ultimately differentiating into chondrocytes, osteoblasts, and other connective tissue cell types of the head and pharyngeal region.","The local markers strongly support a pharyngeal arch identity, with Barx1 being a definitive marker of pharyngeal arch mesenchyme required for molar tooth and craniofacial development, and the Dlx gene family members Dlx1, Dlx2, and Dlx5 establishing the nested dorsoventral patterning code (the ""Dlx code"") that specifies proximal-distal identity within the arches. Global markers Twist1 and Prrx1/Prrx2 confirm a mesenchymal identity, as these transcription factors are broadly expressed in cranial mesenchyme and essential for craniofacial morphogenesis. Neural crest origin is corroborated by Crabp1 (retinoic acid-binding protein prominent in migrating cranial crest) and Fli1 (an ETS factor expressed in crest-derived mesenchyme), while Col23a1 and Cdh11 reflect the extracellular matrix and adhesion properties of differentiating mesenchymal cells within the arch environment."
6a,cell subtype,Pharyngeal arch mesenchyme,Pharyngeal arch mesenchyme,Neural crest,Neural crest,Ectoderm,"E8.5, E9.0, E10.0",4711,"Twist1, Col23a1, Cdh11, Mef2c, Crabp1, Id1, Prrx1, Cped1, Lmo4, Adam12","Twist1, Mef2c, Hapln1, Plxna4, Cdh11, Adam12, Hopx, Ebf2, Id1, Plcb1","Pharyngeal arch mesenchyme comprises neural crest-derived mesenchymal cells that populate the pharyngeal (branchial) arches during mid-embryogenesis. These cells give rise to much of the craniofacial skeleton, connective tissue, and smooth muscle of the head and neck, contributing to structures such as the jaw, middle ear ossicles, and hyoid bone. Appearing from E8.5 onward, they represent a critical progenitor population for craniofacial morphogenesis.","The marker profile strongly supports a pharyngeal arch mesenchyme identity. Twist1 and Prrx1 are canonical transcription factors of cranial neural crest-derived mesenchyme, with Twist1 being essential for pharyngeal arch patterning and skeletal differentiation, while Mef2c marks second pharyngeal arch mesenchyme and is required for craniofacial development. Additional markers such as Cdh11, Adam12, and Col23a1 reflect the active extracellular matrix remodeling and mesenchymal adhesion characteristic of arch mesenchyme, and Crabp1 indicates retinoic acid signaling involvement typical of pharyngeal arch patterning. Local markers including Hapln1 (a cartilage matrix linker protein) and Ebf2 (involved in skeletal differentiation) further distinguish this population from related mesenchymal subtypes and reinforce its identity as the mesenchymal core of the pharyngeal arches."
6b,cell subtype,Pharyngeal arch mesenchyme (p1-p2),Pharyngeal arch mesenchyme,Neural crest,Neural crest,Ectoderm,"E9.0, E9.5, E10.0, E8.5",47310,"Twist1, Prrx1, Barx1, Col23a1, Mecom, Cped1, Bmpr1b, Gpc3, Fli1, Cdh11","Barx1, Stk26, Gpc3, Sema3a, Unc5c, Dlk1, Mab21l2, Bmpr1b, Ptn, Lrba","Pharyngeal arch mesenchyme (p1-p2) comprises neural crest-derived mesenchymal cells that populate the first and second pharyngeal (branchial) arches during mid-gestation mouse development. These cells give rise to much of the craniofacial skeleton, including the jaw (mandible and maxilla from arch 1) and hyoid apparatus (from arch 2), as well as associated connective tissues, tendons, and smooth muscle. Their appearance from E8.5 through E10.0 is consistent with the timeline of cranial neural crest migration into the anterior arches.","The designation as pharyngeal arch mesenchyme is strongly supported by global markers such as Twist1 and Prrx1, core transcription factors of cranial neural crest-derived mesenchyme, along with Fli1 and Cdh11, which mark migratory and condensing mesenchymal populations. The specific assignment to arches 1 and 2 (p1-p2) is principally justified by Barx1, which appears as both the top global and top local marker; Barx1 is a homeobox transcription factor with well-characterized restricted expression in the mesenchyme of the first and second pharyngeal arches but not more posterior arches. Additional local markers reinforce this anterior arch identity, including Mab21l2, which is required for proper first-arch morphogenesis, and Sema3a, which guides cranial nerve patterning around the anterior arches. BMP signaling components (Bmpr1b) and extracellular matrix genes (Gpc3, Ptn) further reflect the active mesenchymal differentiation and signaling environment characteristic of the early pharyngeal arch primordia."
6c,cell subtype,Pharyngeal arch mesenchyme (p3-p4),Pharyngeal arch mesenchyme,Neural crest,Neural crest,Ectoderm,"E9.0, E9.5, E10.0",14867,"Crabp1, Twist1, Prrx1, Col23a1, Mecom, Cped1, Nr2f1, Gpc5, Meis2, Fli1","Meis1, Meis2, Zfp503, Mecom, Meox1, Dcc, Gpc5, Slit2, Hoxb2, Foxp2","Pharyngeal arch mesenchyme (p3-p4) consists of neural crest-derived mesenchymal cells that populate the third and fourth pharyngeal arches during mid-embryogenesis. These arches give rise to skeletal and connective tissue elements of the lower jaw, hyoid, laryngeal cartilages, and associated vasculature including the great arteries. Appearing from E9.0 onward, this population is actively differentiating and being patterned by combinatorial Hox codes and retinoic acid signaling that distinguish it from more rostral arch mesenchyme.","The assignment to caudal pharyngeal arches (p3-p4) rather than rostral arches is strongly supported by Hoxb2, a local marker whose expression in neural crest-derived mesenchyme defines the third arch and beyond, distinguishing this population from Hox-negative first arch and Hoxa2-expressing second arch mesenchyme. Nr2f1 (COUP-TFI) and Mecom further reinforce a caudal arch identity, as both are preferentially expressed in posterior pharyngeal mesenchyme and are required for proper third and fourth arch development. The broad cranial mesenchyme markers Twist1, Prrx1, and Crabp1 confirm the neural crest mesenchymal character of this population, while Meis1 and Meis2 — TALE-class homeodomain factors enriched in posterior arches — along with Foxp2 and Zfp503, provide additional specificity for the p3-p4 domain over neighboring subtypes."
7,cell type,Trigeminal ganglion neuron,Trigeminal ganglion neuron,Neural crest,Neural crest,Ectoderm,"E9.5, E10.0",2806,"Thsd7b, Tubb3, Neurod1, Cadm1, Hmx1, Ppp1r14a, Tmsb4x, Ebf1, Eya2, Cotl1","Hmx1, Tnik, Ncam2, Ndst3, Edil3, Pde4b, Nrp1, Ddah1, Igfbp2, Synpo","Trigeminal ganglion neurons are sensory neurons of the trigeminal (cranial nerve V) ganglion, the largest cranial ganglion, which relays somatosensory information—including touch, pain, and temperature—from the face, oral cavity, and anterior cranium. Derived from both cranial neural crest and ectodermal placodes, these neurons begin differentiating and extending peripheral and central projections during E9.5–E10.0 in the mouse.","The neuronal identity of this cluster is firmly established by the pan-neuronal marker Tubb3 and the proneural transcription factor Neurod1, both top global markers essential for sensory neuron differentiation. Trigeminal ganglion identity is strongly supported by Hmx1, the top local marker and a transcription factor with highly restricted expression in the trigeminal and other cranial sensory ganglia during this developmental window. Additional markers reinforce a maturing sensory neuron signature: Ebf1 drives cranial sensory ganglion neurogenesis, Eya2 is a characteristic marker of placode-derived cranial ganglia, and Nrp1 encodes a semaphorin co-receptor critical for trigeminal axon guidance. The neural crest lineage assignment and cell-adhesion molecules Cadm1 and Ncam2 are consistent with the dual neural crest–placodal origin of the trigeminal ganglion."
8,cell type,Autonomic neuron,Autonomic neuron,Neural crest,Neural crest,Ectoderm,"E9.5, E10.0",622,"Phox2b, Cdkn1c, Ascl1, Nefl, Nefm, Tubb3, Tlx2, Srrm4, Cthrc1, Sox2ot","Id3, Tlx2, Sox2ot, Ascl1, Tspan18, Cthrc1, Id1, Tfap2b, Tanc2, Cdkn1c","Autonomic neurons are neural crest-derived neurons that give rise to the sympathetic, parasympathetic, and enteric divisions of the autonomic nervous system. Emerging at E9.5–E10.0, these cells have delaminated from the neural crest, migrated to target sites such as the sympathetic ganglia, and begun terminal neuronal differentiation, as reflected by their expression of neurofilament genes and cell cycle exit markers.","The name is strongly supported by Phox2b, the master transcription factor required for specification of all autonomic neuron lineages, together with Ascl1, a proneural factor essential for sympathetic neurogenesis. Tlx2, expressed in sympathetic and enteric neuron precursors, and Tfap2b, involved in sympathetic ganglion development, further confirm autonomic identity. Co-expression of the neuronal maturation markers Nefl, Nefm, and Tubb3 alongside the cell cycle inhibitor Cdkn1c indicates these are post-mitotic differentiating neurons rather than progenitors. The local markers Id1 and Id3, downstream effectors of BMP signaling that drives sympathetic specification from neural crest, help distinguish this population from related neural crest-derived cell types."
9,cell type,Autonomic progenitor,Autonomic progenitor,Neural crest,Neural crest,Ectoderm,"E9.5, E10.0",5462,"Cdh6, Crabp1, Tfap2b, Phox2b, Zeb2, Sntb1, Spon1, Lmo4, Cdh19, Ets1","Phox2b, Cdkn1c, Sox2ot, Ascl1, Sntb1, Peg10, Nell2, Fgf13, Spon1, Tshz2","Autonomic progenitors are neural crest-derived precursor cells that give rise to the neurons and glia of the autonomic nervous system, including the sympathetic, parasympathetic, and enteric divisions. Emerging at E9.5–E10.0 as migrating neural crest cells coalesce at sites of future ganglia, these progenitors undergo specification toward autonomic fates and begin exiting the cell cycle to initiate neuronal differentiation.","The designation ""Autonomic progenitor"" is strongly supported by the expression of Phox2b, the master transcription factor required for specification of all autonomic lineages, which appears as the top local marker and a prominent global marker. The local marker Ascl1 (Mash1) encodes a proneural factor essential for sympathetic and enteric neurogenesis, and together with Phox2b defines the core autonomic specification program. Broader neural crest identity is confirmed by global markers such as Tfap2b, Zeb2, Ets1, and Crabp1, which are characteristic of migrating and early-differentiating cranial and trunk neural crest populations. The presence of Cdkn1c among local markers suggests cells transitioning from proliferative progenitor to postmitotic neuronal states, consistent with a progenitor population poised for but not yet having completed terminal autonomic differentiation."
10,cell type,Dorsal root ganglion neuron,Dorsal root ganglion neuron,Neural crest,Neural crest,Ectoderm,"E9.0, E9.5, E10.0",2691,"Tubb3, Thsd7b, Pou4f1, Ppp1r14a, Cadm1, Neurod1, Isl1, Tmsb4x, Nav2, Ebf1","Crabp1, Crabp2, Hmx1, Hoxb8, Hoxb6, Hoxb9, Pou4f1, Hoxb4, Hoxc4, Dcc","Dorsal root ganglion (DRG) neurons are neural crest-derived sensory neurons that coalesce into ganglia flanking the spinal cord and relay somatosensory information—touch, pain, temperature, and proprioception—from the periphery to the central nervous system. Appearing from E9.0 onward, these cells represent newly differentiated sensory neurons emerging as trunk neural crest condenses into segmentally organized ganglia during mid-gestation mouse development.","The global marker Pou4f1 (Brn3a) is a canonical transcription factor required for DRG sensory neuron survival and differentiation, while Isl1 and Neurod1 are co-expressed during sensory neurogenesis and together define the committed DRG neuron fate. Tubb3 confirms post-mitotic neuronal identity, and Ebf1 contributes to DRG subtype specification. The local markers are particularly informative: the trunk-level Hox code (Hoxb4, Hoxb6, Hoxb8, Hoxb9, Hoxc4) establishes spinal-level positional identity consistent with DRG neurons rather than cranial sensory ganglia, while Dcc (a netrin receptor mediating axon guidance) and Hmx1 (expressed in specific DRG neuron subpopulations) further distinguish these cells from other neural crest derivatives such as melanocytes or mesenchyme. Crabp1 and Crabp2, which mediate retinoic acid signaling in neural crest lineages, reflect the developmental origin of these neurons from migrating trunk neural crest."
11,cell type,Dorsal root ganglion progenitor,Dorsal root ganglion progenitor,Neural crest,Neural crest,Ectoderm,"E9.5, E10.0",1703,"Ppp1r14a, Cadm1, Srrm4, Crabp2, Dcc, Pou4f1, Eya2, Tmsb4x, Galnt18, Nrp1","Crabp2, Dcc, H1f5, Top2a, Igfbpl1, Plk2, Gadd45g, Mki67, H1f4, Crabp1","Dorsal root ganglion (DRG) progenitors are neural crest-derived precursor cells that give rise to the sensory neurons of the dorsal root ganglia, which flank the developing spinal cord. Present at E9.5–E10.0, these progenitors are actively proliferating and beginning to commit to a somatosensory neuron fate, ultimately producing the neurons responsible for relaying pain, touch, temperature, and proprioceptive information from the periphery to the central nervous system.","The sensory neuron identity of this cluster is anchored by Pou4f1 (Brn3a), a POU-domain transcription factor that is a definitive marker of DRG sensory neurons essential for their survival and differentiation, along with the axon guidance receptors Dcc and Nrp1, which direct sensory neuron projections during development. Crabp1 and Crabp2, both prominent in the global and local marker lists, encode retinoic acid-binding proteins characteristic of neural crest derivatives and strongly expressed in the developing DRG. The progenitor designation is supported by local markers Top2a and Mki67, which indicate active proliferation, alongside Gadd45g, a cell-cycle exit gene associated with the transition from progenitor to postmitotic neuron during neurogenesis. Together, the co-expression of definitive DRG sensory neuron specification genes with proliferation markers distinguishes these cells as committed but still-dividing DRG progenitors rather than mature sensory neurons."
12,cell type,Sacral neural crest,Sacral neural crest,Neural crest,Neural crest,Ectoderm,"E9.0, E9.5, E10.0",3567,"Pax3, Tfap2b, Sox9, Ets1, Cdh6, Mest, Foxd3, Sox5, Slc35f1, Hoxb9","Sox9, Pak3, Greb1l, Hoxc10, Slc35f1, Tanc2, Dmd, Aldh1a2, Plagl1, Ccn1","Sacral neural crest cells are a posterior neural crest population arising from the sacral (caudal) level of the neural tube during mid-to-late organogenesis. These cells undergo epithelial-to-mesenchymal transition and migrate into surrounding tissues, where they contribute to the enteric nervous system of the hindgut, pelvic ganglia, and posterior mesenchymal derivatives. Their emergence at E9.0–E10.0 is consistent with the temporal window in which sacral-level neural crest delamination and migration occur in the mouse embryo.","The core neural crest identity of this population is established by global markers including the specifiers Pax3, Foxd3, and Tfap2b, along with the migratory and ectomesenchymal regulators Ets1, Sox9, and Sox5. The sacral (posterior) axial identity is defined by the posterior Hox genes Hoxb9 among global markers and, critically, Hoxc10 among local markers—Hoxc10 is expressed at lumbar-to-sacral levels and distinguishes this population from more anterior neural crest subtypes. Additional local markers reinforce this assignment: Aldh1a2 encodes a retinoic acid-synthesizing enzyme active in posterior patterning, and Greb1l has been linked to neural crest-derived kidney and ear development with mutations causing phenotypes associated with caudal neural crest defects. Together, the combination of pan-neural crest transcription factors with a posterior Hox code supports the designation as sacral neural crest."
13,cell type,Trunk neural crest,Trunk neural crest,Neural crest,Neural crest,Ectoderm,"E8.5, E9.0, E9.5, E10.0",11543,"Cdh6, Dcc, Tfap2b, Crabp2, Hoxb9, Metrn, Rbms3, Plp1, Pax3, Foxd3","Hoxb9, Hoxb8, Hoxa7, Hoxc6, Tshz2, Tmem132c, Hoxb5os, Hoxc8, Hoxa9, Dcc","Trunk neural crest cells are a migratory neural crest population originating from the post-otic axial levels of the closing neural tube, primarily giving rise to sensory and autonomic neurons of the peripheral nervous system, Schwann cell precursors, and melanocytes. Emerging from E8.5 onward in this dataset, they migrate along characteristic ventral and dorsolateral pathways adjacent to somites and are distinguished from cranial neural crest by their more posterior origin and restricted differentiation potential.","The designation ""trunk neural crest"" is strongly supported by the local marker profile, which is dominated by posterior Hox genes—Hoxb9, Hoxb8, Hoxa7, Hoxc6, Hoxc8, and Hoxa9—establishing a trunk-level axial identity (approximately somite 8 and caudal) that clearly distinguishes these cells from cranial or vagal neural crest populations. Global markers confirm core neural crest identity through Foxd3 and Tfap2b, two transcription factors essential for neural crest specification and maintenance, alongside Pax3, which marks the dorsal neural tube and early delaminating neural crest. Additional global markers such as Plp1 (a marker of Schwann cell precursors and glia), Crabp2 (retinoic acid signaling, active in trunk neural crest migration), and Dcc (axon guidance receptor expressed in migrating neural crest) reflect the migratory and differentiating states characteristic of trunk-level neural crest cells."
14,cell type,Vagal neural crest,Vagal neural crest,Neural crest,Neural crest,Ectoderm,"E8.5, E9.0, E9.5, E10.0",9686,"Cdh6, Crabp1, Tfap2b, Crabp2, Metrn, Zeb2, Dcc, Ednrb, Tnik, Sox10","Hoxb4, Rarb, Rbp1, Tshz2, Crabp1, Spon1, Nrp1, Sfrp5, Tshz1, Hoxb3","Vagal neural crest cells are a migratory neural crest population originating from the post-otic hindbrain at somite levels 1–7. They give rise to the enteric nervous system of the gut, contribute to cardiac outflow tract septation, and populate pharyngeal arch–derived structures. These cells emerge during mid-somitogenesis and are essential for proper innervation and patterning of the developing gastrointestinal tract.","The vagal axial identity of this population is established by the local markers Hoxb3 and Hoxb4, which define the posterior hindbrain region from which vagal neural crest emigrates. A prominent retinoic acid signaling signature—including Crabp1, Crabp2, Rarb, and Rbp1—is consistent with the known dependence of vagal neural crest specification on retinoic acid gradients along the anterior-posterior axis. Global markers Sox10 and Tfap2b confirm broad neural crest identity, while Ednrb and Zeb2 specifically implicate enteric nervous system precursors, as loss of either gene causes Hirschsprung disease–like aganglionosis in mice. Additional local markers such as Sfrp5, Nrp1, and Tshz1 further support a gut-colonizing migratory population, distinguishing these cells from cranial or trunk neural crest subtypes."
15,cell type,Forebrain,Forebrain,Early,Neural ectoderm,Ectoderm,E8.0,1722,"Dnmt3b, Slc2a1, Hesx1, Pou3f1, Sox2, Slc2a3, Otx2, Pim2, Emb, Greb1l","Hesx1, Six3, Shisa2, Epha7, Otx2, Mest, Lhx5, Greb1l, Lmo1, Kif21a","Forebrain (prosencephalon) progenitors are neuroectodermal cells of the anterior neural plate that, at E8.0, are undergoing regionalization to give rise to the telencephalon and diencephalon. These progenitors are specified by anterior signaling centers that suppress posterior (caudal) fates, establishing the rostral-most identity of the developing central nervous system. They will ultimately generate the cerebral cortex, hippocampus, hypothalamus, and eyes.","The name Forebrain is strongly supported by the local markers Hesx1, Six3, and Otx2, which are canonical anterior neuroectoderm transcription factors required for prosencephalon specification; Hesx1 is expressed exclusively in the prospective forebrain and anterior pituitary, while Six3 directly represses Wnt signaling to maintain rostral identity. Lhx5, a LIM-homeobox gene with prominent expression in the developing forebrain including the hippocampal anlage, and Shisa2, an antagonist of Wnt and FGF signaling that reinforces anterior neural fate, further corroborate this identity. The global markers Sox2 and Pou3f1 confirm a neural progenitor state, while the co-expression of Otx2 (anterior brain) without hindbrain or spinal cord markers precisely delimits this population as forebrain rather than a more general neural identity."
16,cell type,Hindbrain,Hindbrain,Early,Neural ectoderm,Ectoderm,E8.0,1111,"Dnmt3b, Pou5f1, Slc2a3, Ptn, Slc2a1, Ezr, Greb1l, Lin28a, Sox3, Akr1b1","Meis2, Ptn, Crabp1, Npas3, Epha4, Irx3, Id2, Mast4, Map1b, Greb1l","The hindbrain (rhombencephalon) is the posterior domain of the developing brain, which at E8.0 is undergoing segmentation into rhombomeres that will give rise to the cerebellum, pons, and medulla oblongata. At this early stage, hindbrain progenitors are being specified along the anterior-posterior axis through retinoic acid signaling gradients and combinatorial transcription factor codes, distinguishing them from midbrain and spinal cord neural progenitors.","The local marker profile strongly supports a hindbrain identity, with several canonical hindbrain patterning genes distinguishing this population from neighboring neural subtypes. Meis2 is a TALE-class homeodomain factor required for hindbrain rhombomere specification, while Crabp1 encodes a retinoic acid binding protein characteristic of the hindbrain, where RA signaling is the primary driver of anteroposterior regionalization. Epha4, a classic marker of rhombomeres 3 and 5 essential for boundary formation, and Irx3, an Iroquois homeobox gene involved in regional neural tube patterning, further confirm hindbrain identity. The neural progenitor markers Sox3, Ptn, and Map1b are consistent with an early neuroepithelial population at E8.0, while Npas3 reflects the nascent neuronal character of this brain region."
17,cell type,Spinal cord,Spinal cord,Early,Neural ectoderm,Ectoderm,E8.0,2321,"Slc2a1, Cdx1, Pou5f1, Nr6a1, Slc2a3, Hotairm1, Grsf1, Cdx2, Hoxa1, Sema3e","Cdx1, Hotairm1, Hoxaas3, Crabp2, Grsf1, Sema3e, Epha5, Hoxa1, Ncam1, Fgfbp3","Spinal cord progenitors are neuroepithelial cells of the caudal neural plate and nascent neural tube that will give rise to the neurons and glia of the spinal cord. At E8.0, these cells reside in the posterior embryo and are actively undergoing regionalization along the anteroposterior axis through Hox gene activation and retinoic acid signaling, establishing the segmental identity that defines distinct spinal cord domains.","The strong expression of caudal homeobox transcription factors Cdx1 and Cdx2 firmly establishes posterior axial identity, as these genes are master regulators of spinal cord versus hindbrain fate in the developing neural tube. Concurrent expression of Hoxa1 along with its associated lncRNAs Hotairm1 and Hoxaas3 reflects active chromatin remodeling at the Hox loci, a hallmark of progressive posteriorization in nascent spinal cord progenitors. Retinoic acid pathway engagement is indicated by Crabp2, which mediates nuclear delivery of retinoic acid to drive caudalizing gene expression programs. Neural identity is further supported by Ncam1, Epha5, and Sema3e, which mark committed neuroepithelial cells engaged in early axon guidance and cell adhesion programs characteristic of the differentiating spinal cord."
18,cell type,Diencephalon,Diencephalon,Anterior neural ectoderm,Neural ectoderm,Ectoderm,"E8.5, E9.0, E9.5, E10.0",23872,"Erbb4, Dcc, Adgrv1, Otx2, Sox2, Gm56811, Kif21a, Otx2os1, Npas3, Mecom","Erbb4, Dcc, Mecom, Rspo3, Pax6, Tcf7l2, Otx2, Otx2os1, Nr2f2, Slit2","The diencephalon is a major subdivision of the embryonic forebrain (prosencephalon) that gives rise to the thalamus, hypothalamus, epithalamus, and pretectum. Present from E8.5 through E10.0, these progenitors represent the phase of active regionalization and neurogenesis within the caudal forebrain, positioned between the telencephalon rostrally and the midbrain caudally. As a large and transcriptionally distinct population, the diencephalon is a primary source of relay and neuroendocrine centers in the mature brain.","The diencephalic identity of this cluster is strongly supported by the co-expression of Otx2, which marks the prosencephalon and mesencephalon but excludes the hindbrain, together with Tcf7l2, a Wnt pathway effector that is a well-established marker of the developing thalamus and a key regulator of thalamic fate specification. Pax6, which in the context of Otx2-positive forebrain tissue marks the diencephalon—particularly the pretectum and prethalamus—helps distinguish this population from telencephalic progenitors, while Nr2f2 (COUP-TFII) further refines the identity toward caudal forebrain regions including the prethalamus and hypothalamus. Additional local markers such as Rspo3 (a Wnt modulator enriched in the diencephalic roof plate), Slit2 (an axon guidance cue expressed in the developing diencephalon), and Mecom support a diencephalic rather than midbrain or telencephalic assignment, as these genes collectively define the signaling environment and transcriptional landscape characteristic of this forebrain compartment."
19,cell type,Eye field,Eye field,Anterior neural ectoderm,Neural ectoderm,Ectoderm,"E8.5, E9.0, E9.5, E10.0",20140,"Nlgn1, Lhx2, Egfem1, Six3os1, Six6, Six3, Pdzrn3, Adgrv1, Shisa2, Efna5","Nlgn1, Egfem1, Pdzrn3, Six6, Meis1, Pax2, Cdh11, Id2, Col9a1, Tenm2","The eye field is a domain of the anterior neural plate specified to give rise to the eyes. It is among the earliest identifiable regions of eye development, emerging around E8.5 as a single field within the prospective forebrain neuroepithelium that subsequently splits bilaterally to form the optic vesicles. These progenitors ultimately contribute to the retina, retinal pigment epithelium, and optic stalk.","The name is strongly supported by the co-expression of multiple canonical eye field transcription factors: Six3, Six6, and Lhx2 are among the top global markers, and together these define the classical eye field specification network. Six3os1, an antisense regulatory transcript of Six3, further reinforces the centrality of Six3 locus activity in this population. Local markers include Pax2, which marks the optic stalk and ventral optic cup, and Meis1, a TALE-class homeodomain factor with established roles in retinal progenitor identity, distinguishing these cells from other forebrain-derived populations. Additional markers such as Efna5 (ephrin-A5, involved in retinal axon guidance) and Shisa2 (a Wnt antagonist promoting anterior neural fate) are consistent with an anterior neuroectodermal population committed to eye development."
20,cell type,,Floor plate,,Neural ectoderm,Ectoderm,"E8.5, E9.0, E9.5, E10.0",34735,"Adgrv1, Ntn1, Spon1, Rfx4, Fgf14, Npas3, Fat3, Slit2, 9030622O22Rik, Sulf1","9030622O22Rik, Sulf1, Ntn1, Spon1, Slit2, Slit3, Slit1, Shh, Rnf220, Foxa2",The floor plate is a specialized midline signaling center located at the ventral-most region of the developing neural tube. It plays a critical role in dorsoventral patterning of the spinal cord and hindbrain by secreting morphogens that specify ventral neuronal subtypes and guide commissural axon trajectories across the midline.,"The local markers strongly support floor plate identity, with Shh and Foxa2 being canonical transcription factor and morphogen markers that define this structure. The prominent expression of axon guidance cues Slit1, Slit2, Slit3, and Ntn1 (Netrin-1) reflects the floor plate's well-established role in directing commissural axon crossing at the ventral midline. Additional markers such as Spon1 (F-spondin) and Sulf1, an extracellular sulfatase that modulates Shh signaling range, further corroborate ventral midline identity and the floor plate's function as a signaling organizer."
20a,cell subtype,Floor plate (posterior),Floor plate,Posterior neural ectoderm,Neural ectoderm,Ectoderm,"E8.5, E9.0, E9.5, E10.0",19520,"Adgrv1, Ntn1, Spon1, Rfx4, Fgf14, Slit1, Npas3, Ckb, Fat3, 9030622O22Rik","Spon1, Slit1, Slit3, Sox6, Ntn1, 9030622O22Rik, Peg3, Frmd4b, Slit2, Cdh6","The floor plate (posterior) comprises ventral midline cells of the developing hindbrain and spinal cord neural tube. These cells serve as a critical signaling and axon guidance center, secreting chemoattractant and chemorepellent molecules that direct commissural axon trajectories across and away from the midline. Present from E8.5 onward, this population expands as the posterior neural tube elongates during trunk and tail development.","The floor plate identity is strongly supported by the co-expression of canonical midline guidance cues, including Ntn1 (Netrin-1), Spon1 (F-spondin), and multiple Slit family members (Slit1, Slit2, Slit3), all of which are secreted by the floor plate to regulate commissural axon pathfinding. Rfx4, a transcription factor required for neural tube patterning, further corroborates ventral midline identity. The posterior designation is justified by the local enrichment of all three Slit ligands and Sox6 relative to the most similar cell types, a signature consistent with the spinal cord and hindbrain floor plate where Slit-Robo repulsive signaling is especially prominent in preventing commissural axon recrossing. The absence of anterior floor plate markers associated with midbrain dopaminergic specification reinforces this regional assignment."
20b,cell subtype,Floor plate (anterior),Floor plate,Anterior neural ectoderm,Neural ectoderm,Ectoderm,"E8.5, E9.0, E9.5, E10.0",15215,"Adgrv1, Rfx4, Sulf1, Ntn1, Spon1, Slit2, Npas3, Erbb4, Sox2, Fat3","Sulf1, Samd5, Slit2, Dkk2, 9030622O22Rik, Lrtm1, Ephb2, Ntn1, Cald1, Foxp2","The anterior floor plate is a specialized ventral midline cell population of the developing neural tube, located in the midbrain and forebrain regions. It serves as a critical signaling center that secretes morphogens and axon guidance cues to pattern ventral neural identity and direct commissural axon trajectories. During E8.5–E10.0, the anterior floor plate plays a key role in specifying midbrain dopaminergic neuron progenitors and establishing forebrain ventral midline structures.","Core floor plate identity is strongly supported by the global markers Ntn1 (Netrin-1) and Slit2, classic midline-secreted axon guidance molecules, along with Spon1 (F-spondin), an extracellular matrix glycoprotein that is a canonical floor plate marker, and Sulf1, a heparan sulfate endosulfatase that modulates Shh signaling gradient formation at the ventral midline. The anterior regional designation is justified by the local markers Dkk2, a secreted Wnt antagonist whose activity promotes anterior neural character, and Foxp2, a transcription factor with enriched expression in anterior brain structures including the midbrain and diencephalon. Additional global markers such as Rfx4, a ciliogenic transcription factor critical for forebrain development, and Npas3, a neuronal PAS-domain transcription factor associated with forebrain patterning, further corroborate the anterior positional identity of this floor plate subpopulation relative to its posterior counterpart."
21,cell type,Hypothalamus,Hypothalamus,Anterior neural ectoderm,Neural ectoderm,Ectoderm,"E8.5, E9.0, E9.5, E10.0",18557,"Erbb4, Sfta3-ps, Mest, Cdh6, Sox2, Nkx2-1, Dlk1, Spon1, Adgrv1, Lhx2","Gpc3, Sfta3-ps, Foxd1, Cdkn1c, Fndc3c1, Nkx2-1, Cdh6, Erbb4, Dbx1, Nkx2-4","The hypothalamus is a ventral diencephalic structure that serves as a critical neuroendocrine and homeostatic control center in the mature brain. During E8.5–E10.0, hypothalamic progenitors are specified within the ventral forebrain neuroepithelium through the combinatorial activity of region-specific transcription factors. This cluster captures early hypothalamic progenitors and nascent neurons as they emerge from the ventral diencephalic floor.","The hypothalamic identity of this cluster is most strongly established by Nkx2-1, the master transcription factor for ventral hypothalamic specification, together with its paralog Nkx2-4, which is highly restricted to the hypothalamic anlage—both appear as top local markers. Additional regional transcription factors reinforce this assignment: Foxd1 marks the hypothalamic neuroepithelium, Lhx2 is required for hypothalamic progenitor proliferation and patterning, and Dbx1 labels a specific progenitor domain within the developing hypothalamus. The co-expression of imprinted genes Mest and Dlk1, both known to be enriched in the developing hypothalamus, along with the neural progenitor marker Sox2, is consistent with an actively proliferating ventral diencephalic progenitor population at these early stages."
22,cell type,Midbrain,Midbrain,Anterior neural ectoderm,Neural ectoderm,Ectoderm,"E8.0, E8.5, E9.0, E9.5, E10.0",42185,"Adgrv1, Otx2, Erbb4, Ildr2, Adgrb3, Sox2, Rfx4, Npas3, Otx2os1, Efna2","Meis2, Otx2, Efna2, Otx2os1, Tal2, Mab21l2, Efna5, Nckap5, Ano1, Tmem132c","The midbrain (mesencephalon) is a major subdivision of the developing brain derived from the mesencephalic vesicle of the neural tube. In the mouse embryo from E8.0 to E10.0, midbrain progenitors undergo rapid proliferation and regional patterning, ultimately giving rise to structures such as the tectum (superior and inferior colliculi) and the tegmentum, which include dopaminergic neurons critical for motor control and reward circuits. This population represents the broad progenitor and early neuronal compartment of the midbrain across mid-to-late organogenesis stages.","The name ""Midbrain"" is strongly supported by the prominence of Otx2 and its antisense transcript Otx2os1 in both global and local marker lists, as Otx2 is the canonical transcription factor defining forebrain–midbrain identity, with its posterior expression boundary demarcating the midbrain–hindbrain boundary at the isthmus. Local markers such as Meis2, which is enriched in the dorsal midbrain (developing tectum), and Tal2, a bHLH factor specifically expressed in midbrain GABAergic precursors, distinguish this population from neighboring forebrain and hindbrain cell types. The ephrin ligands Efna2 and Efna5, which mediate topographic axon guidance in the midbrain tectum, further reinforce midbrain regional identity. Additional global markers including Sox2 and Rfx4 are consistent with an actively proliferating neural progenitor state, while Mab21l2, expressed in the midbrain and optic vesicle during this developmental window, corroborates mesencephalic specification."
23,cell type,,Roof plate,,Neural ectoderm,Ectoderm,"E8.5, E9.0, E9.5, E10.0",11619,"Colec12, Mafb, Msx1, Glis3, Zic2, Slit2, Sdk1, Wls, Id2, Unc5c","Colec12, Mafb, Msx1, Sdk1, Glis3, Slit2, Nkain3, Cdh11, Lmx1a, Bnc2","The roof plate is a specialized dorsal midline signaling center of the developing neural tube that secretes BMP and Wnt morphogens to pattern dorsal cell fates. It plays essential roles in specifying dorsal interneuron subtypes, guiding commissural axon trajectories, and inducing neural crest emigration from E8.5 onward as the neural tube closes along the rostrocaudal axis.","The marker profile strongly supports a roof plate identity. Lmx1a and Msx1 are canonical roof plate transcription factors required for its specification and maintenance, while Glis3 and Zic2 are additional dorsal midline-enriched transcription factors. Wls (Wntless), essential for Wnt ligand secretion, and Id2, a BMP-responsive target gene, reflect the roof plate's well-characterized role as a dual BMP/Wnt signaling center. Slit2, an axon guidance cue secreted by the roof plate to deflect commissural axons, further confirms dorsal midline identity, as does Colec12, which is highly enriched in roof plate cells."
23a,cell subtype,Roof plate (posterior),Roof plate,Posterior neural ectoderm,Neural ectoderm,Ectoderm,"E8.5, E9.0, E9.5, E10.0",5368,"Pax3, Msx1, Glis3, Ptn, Crabp2, Rspo3, Rfx4, Nrg3, Zic2, Wnt1","Aldh1a2, Pax3, Wnt1, Msx1, Tagln2, Glis3, Cdh6, Unc5c, Rspo3, Dmd","The roof plate (posterior) comprises the dorsal midline signaling cells of the caudal (spinal cord-level) neural tube during mouse embryogenesis. These cells act as a key organizer, secreting Wnt and BMP morphogens to pattern dorsal interneuron subtypes along the trunk and tail regions. Present from E8.5 onward, they coordinate dorsoventral patterning in concert with retinoic acid signaling that establishes posterior axial identity.","Roof plate identity is strongly supported by Wnt1 and Msx1, both canonical dorsal midline markers, along with Rspo3, an R-spondin family Wnt pathway modulator enriched in the roof plate, and Zic2, a dorsal neural tube transcription factor. Pax3 further marks the dorsal neural tube domain from which the roof plate derives. The posterior designation is justified by Aldh1a2, the top local marker, which encodes the principal retinoic acid–synthesizing enzyme in the trunk and is a hallmark of posterior axial identity, together with Crabp2, a retinoic acid–binding protein that facilitates RA signaling in caudal tissues. These retinoic acid pathway genes distinguish this population from anterior roof plate cells, which lack strong RA biosynthetic signatures."
23b,cell subtype,Roof plate (anterior),Roof plate,Anterior neural ectoderm,Neural ectoderm,Ectoderm,"E8.5, E9.0, E9.5, E10.0",6251,"Colec12, Mafb, Ctnna2, Nkain3, Mir100hg, Zic2, Wls, Slit2, Glis3, Msx1","Colec12, Nkain3, Mafb, Nfia, Ctnna2, Cdh11, Pcdh7, Sdk1, Eya4, Cdkn1c","The roof plate (anterior) comprises the dorsal midline signaling cells of the developing brain — spanning the forebrain, midbrain, and hindbrain regions of the neural tube. This specialized organizer tissue secretes Wnt, BMP, and axon guidance signals that pattern dorsal CNS identity and direct commissural axon trajectories in cranial regions. Present from E8.5 onward, it emerges as the anterior neural tube closes and continues to function as a signaling center through organogenesis stages.","Core roof plate identity is supported by Msx1, a canonical dorsal midline transcription factor, Wls (Wntless), which is required for secretion of Wnt ligands from the roof plate signaling center, and Slit2, a midline-derived axon guidance cue. Zic2 and Glis3 further confirm dorsal neural tube character. The anterior designation is justified by local markers that distinguish this population from posterior roof plate: Mafb is a transcription factor enriched in the hindbrain, Nfia drives forebrain and midbrain gliogenic programs, and Ctnna2 (αN-catenin) is a brain-enriched adherens junction component with minimal spinal cord expression. Additional brain-associated genes such as Eya4, which functions in cranial sensory development, and the neural adhesion molecules Pcdh7 and Sdk1 collectively reinforce an anterior cranial rather than spinal cord identity."
24,cell type,,Telencephalon,,Neural ectoderm,Ectoderm,"E8.5, E9.0, E9.5, E10.0",72465,"Lhx2, Sox2, Npas3, Mecom, Mest, Igfbp2, Gli3, Ptprz1, Cdh2, Sfrp1","Lhx2, Foxg1, Igfbp2, Dlk1, Gli3, Mecom, Prdm16, Nrg3, Hmga2, Shisa2","The telencephalon is the most anterior division of the embryonic forebrain, giving rise to the cerebral cortex, hippocampus, basal ganglia, and olfactory bulb. At E8.5–E10.0, this population represents early telencephalic neuroepithelial progenitors that are actively expanding and beginning to regionalize along dorsoventral and anteroposterior axes.","The local marker Foxg1 is the definitive transcription factor specifying telencephalic identity, expressed exclusively in the telencephalic neuroepithelium and absolutely required for its development. Lhx2, the top-ranked marker both globally and locally, is a master regulator of cortical fate within the telencephalon, distinguishing it from other forebrain regions. Additional markers reinforce this assignment: Gli3 mediates Shh-dependent dorsal telencephalic patterning, Prdm16 marks forebrain progenitors, and Nrg3 is enriched in the developing cortex. The co-expression of the neural progenitor marker Sox2 with these region-specific factors is consistent with a telencephalic progenitor population at these early embryonic stages."
24a,cell subtype,Telencephalon (dorsal),Telencephalon,Anterior neural ectoderm,Neural ectoderm,Ectoderm,"E8.5, E9.0, E9.5, E10.0",65188,"Lhx2, Sox2, Gli3, Igfbp2, Mecom, Npas3, Ptprz1, Mest, Ptn, Crabp2","Dach1, Igfbp2, Lhx2, Emx2, Sema6a, Robo2, Hmga2, Gli3, Ptprz1, Dmrta2","Dorsal telencephalic progenitors constitute the precursors of the cerebral cortex (pallium), including future neocortex and hippocampus. Arising from the anterior neural plate by E8.5, these cells form the dorsal wall of the telencephalic vesicles and are characterized by a proliferative neuroepithelium that will generate the layered cortical projection neurons in later development.","The local markers provide a definitive dorsal telencephalic signature. Lhx2 and Emx2 are master regulators of cortical identity—Lhx2 specifies dorsal pallial fate while suppressing cortical hem and antihem programs, and Emx2 patterns the cortical area map along the caudomedial–rostrolateral axis. Gli3, which functions primarily as a transcriptional repressor in the dorsal telencephalon, is essential for suppressing ventral (subpallial) fate, and Dmrta2 cooperates with Emx2 to establish dorsomedial telencephalic identity including the cortical hem. Additional markers such as Dach1 (cortical progenitor transcription factor), Robo2 and Sema6a (axon guidance receptors active in cortical circuit wiring), and Ptprz1 (a phosphatase enriched in neural progenitors) further support classification as dorsal telencephalon rather than ventral telencephalon or other forebrain domains."
24b,cell subtype,Telencephalon (ventral),Telencephalon,Anterior neural ectoderm,Neural ectoderm,Ectoderm,"E9.0, E9.5, E10.0",7277,"Dlk1, Lhx2, Foxg1, Nkx2-1, Mest, Npas3, Nnat, Sox2, Mecom, Ccnd1","Dlk1, Foxg1, Nnat, Nkx2-1, Aff2, Prdm16, Ano1, Mecom, Clstn2, Ephb1","The ventral telencephalon (subpallium) comprises progenitor cells of the ganglionic eminences and preoptic area in the developing mouse forebrain, emerging from E9.0 onward. These progenitors give rise to GABAergic interneurons and basal ganglia projection neurons, and are patterned by ventralizing morphogen signals including Shh from the underlying mesenchyme and ventral midline.","Foxg1 is a pan-telencephalic transcription factor that confirms forebrain identity, while Nkx2-1 is the hallmark transcription factor of the ventral telencephalon, specifically defining the medial ganglionic eminence and preoptic area and distinguishing this population from dorsal telencephalic progenitors. Among the local markers, Prdm16 is enriched in ventral forebrain progenitors, and Mecom is expressed in subpallial domains, further supporting a ventral rather than dorsal specification. The imprinted genes Dlk1, Nnat, and Mest are characteristically upregulated in ventral telencephalic progenitors during this developmental window, while Sox2 and Ccnd1 reflect the actively proliferating progenitor state expected at these early neurogenic stages."
25,cell type,Hindbrain (isthmic organizer),Hindbrain (isthmic organizer),Posterior neural ectoderm,Neural ectoderm,Ectoderm,"E8.5, E9.0, E9.5, E10.0",9304,"Pax5, Ptn, En2, En1, Rmst, Fgf8, Adgrv1, Fgf14, Adgrb3, Ccnd2","Pax5, Fgf8, En1, En2, Il17rd, Ptn, Fgf17, 2610027F03Rik, Pax8, Cnpy1","The isthmic organizer is a critical signaling center located at the mid-hindbrain boundary (MHB) that patterns the posterior midbrain (including the tectum) and anterior hindbrain (including the cerebellum). It functions by secreting FGF and WNT morphogens that establish concentration gradients across the MHB, orchestrating region-specific neuronal differentiation and survival. This population appears from E8.5 onward, consistent with the establishment of isthmic organizer identity shortly after neural plate formation.","The marker gene profile constitutes a textbook molecular signature of the isthmic organizer. Fgf8 and Fgf17 are the hallmark secreted morphogens of this signaling center, while Il17rd (also known as SEF) and Cnpy1 are well-characterized feedback modulators of FGF signaling at the isthmus. The engrailed transcription factors En1 and En2, together with the paired-box genes Pax5 and Pax8, form the core transcriptional network that specifies and maintains isthmic organizer identity at the mid-hindbrain boundary. The convergence of these canonical signaling molecules, their downstream modulators, and MHB-defining transcription factors leaves little ambiguity that this cluster represents the isthmic organizer rather than a generic hindbrain population."
26,cell type,Hindbrain (r1),Hindbrain (r1),Posterior neural ectoderm,Neural ectoderm,Ectoderm,"E8.5, E9.0, E9.5, E10.0",33182,"Adgrv1, Npas3, Ildr2, Sfrp2, Rfx4, Gm56811, Fat3, Sox2, Ptn, Fabp7","Slc44a5, Nebl, Mapk10, Sfrp2, Dab1, Pax5, En2, Ctnna2, Id2, Unc5c","Hindbrain rhombomere 1 (r1) is the most anterior segment of the developing hindbrain, lying immediately caudal to the midbrain-hindbrain boundary (isthmus). This domain gives rise to the cerebellum and contributes to pontine structures, and it is patterned by signals emanating from the isthmic organizer. Present from E8.5 through E10.0, these neural progenitors are actively undergoing regionalization and early neurogenesis during this developmental window.","The assignment to rhombomere 1 is strongly supported by the local markers En2 and Pax5, which together define the isthmus–r1 territory: En2 (Engrailed 2) is a homeodomain transcription factor with expression sharply restricted to the midbrain-hindbrain boundary and r1, while Pax5 (also known as Pax5/BSAP in other contexts) has one of the most spatially confined expression domains in the developing brain, marking the isthmic region and anterior r1. Unc5c, a netrin receptor critical for cerebellar granule cell migration, further supports an r1 identity, as the cerebellum is the principal derivative of this rhombomere. Global markers such as Sox2 and Fabp7 confirm a neural progenitor state, while Sfrp2 (a Wnt modulator prominent in both marker lists) and Dab1 (a Reelin signaling adaptor) reflect the active morphogen signaling and migratory programs characteristic of this organizing center."
27,cell type,Hindbrain (r2-r4),Hindbrain (r2-r4),Posterior neural ectoderm,Neural ectoderm,Ectoderm,"E8.5, E9.0, E9.5, E10.0",51467,"Crabp1, Adgrv1, Fat3, Crabp2, Sfrp2, Gm56811, Rfx4, Sox2, Sfrp1, Ildr2","Crabp1, Cyp26b1, Epha7, Tenm2, Epha4, Nr2f2, Mest, Erbb4, Sfrp1, Meis2","Hindbrain (r2-r4) cells are neural progenitors and early neurons arising from rhombomeres 2 through 4 of the developing hindbrain. These segments of the rhombencephalon are patterned by retinoic acid gradients and Hox gene codes, and they give rise to cranial motor neurons, sensory relay nuclei, and neural crest populations that contribute to craniofacial structures. This cluster emerges at E8.5, consistent with the onset of hindbrain segmentation, and expands through E10.0 as rhombomere-specific neuronal differentiation proceeds.","The strong expression of Crabp1 and Crabp2 among global markers reflects the intense retinoic acid signaling activity characteristic of the anterior hindbrain, where cellular RA-binding proteins regulate the availability of retinoic acid to pattern rhombomere identity. The local marker Epha4 is a classic marker of odd-numbered rhombomeres (r3 and r5), and its co-expression with Epha7 supports segmental boundary formation within the r2-r4 domain. Cyp26b1, which encodes a retinoic acid-degrading enzyme expressed in anterior rhombomeres to establish sharp RA boundaries, further localizes this population to the anterior hindbrain rather than posterior segments. Additionally, Meis2 is a TALE-class homeodomain cofactor for Hox proteins known to be expressed in r2-r5, and Nr2f2 (COUP-TFII) marks hindbrain progenitors, together supporting the assignment of this cluster to rhombomeres 2 through 4."
28,cell type,Hindbrain (r5-r8),Hindbrain (r5-r8),Posterior neural ectoderm,Neural ectoderm,Ectoderm,"E8.5, E9.0, E9.5, E10.0",51649,"Npas3, Adgrv1, Crabp2, Fat3, Rfx4, Rarb, Zfp536, Gm56811, Tox, Ckb","Rarb, Zfp536, Hoxb3, Tox, Npas3, Glra1, Dach1, Gm29478, Igfbp2, Hoxd4","Hindbrain (r5-r8) comprises the caudal rhombomeric segments of the developing rhombencephalon, spanning rhombomeres 5 through 8. These segments give rise to the myelencephalon (future medulla oblongata) and contribute to the caudal metencephalon, generating diverse neuronal populations including reticulospinal neurons, branchiomotor neurons of cranial nerves, and precerebellar nuclei. This population emerges at E8.5 as rhombomere boundaries become morphologically distinct and expands substantially through E10.0 as neurogenesis accelerates in the caudal hindbrain.","The Hox gene signature decisively localizes this population to rhombomeres 5–8: Hoxb3 has its anterior expression boundary at r5, while Hoxd4 is expressed from r7 posteriorly, together demarcating the caudal hindbrain domain. Prominent retinoic acid pathway genes Rarb and Crabp2 reinforce this caudal identity, as retinoic acid signaling is the principal caudalizing morphogen in hindbrain patterning and its targets are most strongly expressed in posterior rhombomeres. The local marker Glra1 (glycine receptor alpha 1) is consistent with brainstem and medullary neuronal differentiation, where glycinergic signaling is particularly enriched. Additional neural transcription factors such as Npas3, Tox, Dach1, and Zfp536 reflect the active neurogenic state of these hindbrain progenitors, while their distinction from neighboring cell types in the local marker analysis confirms a coherent caudal rhombomeric identity."
29,cell type,,Cranial motor neuron,,Neural ectoderm,Ectoderm,"E9.0, E9.5, E10.0",5952,"Tubb3, Ebf1, Phox2b, Ctnna2, Elavl4, Nkx6-1, Rtn1, Map1b, Stmn2, Crabp1","Phox2b, Phox2a, Ebf1, Nkx6-1, Nefl, Thsd7b, Slit3, Tbx20, Isl1, Plxna4","Cranial motor neurons are post-mitotic neurons originating from the ventral hindbrain that project axons through the cranial nerves to innervate muscles of the head, face, and pharyngeal arches, as well as visceral organs. They encompass both branchiomotor neurons (controlling jaw, facial, and pharyngeal muscles) and visceral motor neurons (parasympathetic preganglionic), and are among the earliest differentiating neuronal populations in the developing brainstem.","The co-expression of Phox2b and Phox2a is a definitive signature of branchiomotor and visceral motor neuron identity, as these paired-like homeodomain factors are master regulators required for the specification and survival of these populations. Isl1 and Nkx6-1 further support motor neuron identity — Isl1 is a canonical LIM-homeodomain factor essential for motor neuron differentiation, while Nkx6-1 marks ventral progenitor domains that give rise to motor neurons. The presence of Tbx20, which is specifically expressed in cranial motor nuclei of the hindbrain, together with Ebf1, distinguishes these as cranial rather than spinal motor neurons. Pan-neuronal maturation markers such as Tubb3, Elavl4, Nefl, and Stmn2 confirm these are differentiated post-mitotic neurons, while axon guidance genes Plxna4 and Slit3 reflect active axonal pathfinding consistent with the E9.0-E10.0 stages when cranial nerve projections are being established."
29a,cell subtype,Visceral motor neuron,Cranial motor neuron,Neuron,Neural ectoderm,Ectoderm,"E9.0, E9.5, E10.0",3174,"Tubb3, Ebf1, Phox2b, Ctnna2, Crabp1, Elavl4, Rtn1, Cacna2d1, Nkx6-1, Stmn2","Hoxb4, Meis2, Hoxb3, Crabp1, Prkce, Tshz3, Hoxc4, Fgf13, Enox2, Cacna2d1","Visceral motor neurons are a class of cranial motor neurons that innervate visceral organs and glandular structures, mediating parasympathetic and branchiomotor functions. Arising from ventral progenitors in the hindbrain, they include populations such as the dorsal motor nucleus of the vagus and nucleus ambiguus, which regulate autonomic functions including heart rate, gut motility, and airway control. Their appearance from E9.0 onward is consistent with the timing of hindbrain motor neuron differentiation in the mouse embryo.","The designation as visceral motor neurons is strongly supported by the prominent global expression of Phox2b, the master transcription factor required for specification of all visceral (branchiomotor and parasympathetic) motor neurons and a definitive marker distinguishing them from somatic motor neurons. Co-expression of Nkx6-1, a ventral neural tube patterning factor essential for motor neuron progenitor identity, together with pan-neuronal maturation markers such as Tubb3, Elavl4, and Stmn2, confirms these are post-mitotic motor neurons. The local markers Hoxb3, Hoxb4, and Hoxc4, along with the Hox cofactor Meis2, position these neurons in the caudal hindbrain consistent with vagal-level visceral motor columns, while Crabp1 reflects active retinoic acid signaling characteristic of posterior hindbrain patterning. Enrichment of Tshz3, which regulates connectivity and survival of specific motor neuron populations, further supports a visceral motor identity distinct from neighboring somatic motor neuron subtypes."
29b,cell subtype,Facial branchiomotor neuron,Cranial motor neuron,Neuron,Neural ectoderm,Ectoderm,"E9.0, E9.5, E10.0",973,"Tubb3, Ebf1, Crabp1, Phox2b, Cacna2d1, Rtn1, Ebf2, Nkx6-1, Nefl, Ctnna2","Mybpc1, Gata2, Hoxb1, Hoxb3os, Nalf1, Phox2a, Ccnd1, Phox2b, Fat3, Lhfpl6","Facial branchiomotor neurons are motor neurons of cranial nerve VII (the facial nerve) that arise in rhombomere 4 of the developing hindbrain and innervate muscles of facial expression derived from the second branchial arch. During the stages captured here (E9.0–E10.0), these neurons are being specified and undergoing their characteristic caudal migration from rhombomere 4 to rhombomere 6. They are among the earliest differentiating motor neuron populations in the hindbrain and serve as a classic model for neuronal migration and branchiomotor circuit assembly.","The name is strongly supported by Hoxb1, a local marker that is the defining transcription factor of rhombomere 4 identity and is required for facial branchiomotor neuron specification—its loss converts these neurons to a trigeminal-like fate. Branchiomotor identity is confirmed by the global marker Phox2b and the local marker Phox2a, paired-like homeodomain transcription factors that are essential for the development of all branchiomotor and visceral motor neurons. Gata2, another local marker, is a known downstream target of Phox2b in facial motor neuron differentiation, further distinguishing this population from somatic motor neurons. Pan-neuronal and motor neuron markers such as Tubb3, Nefl, and Nkx6-1 confirm post-mitotic neuronal and ventral progenitor-domain identity, while Crabp1 reflects the retinoic acid signaling environment of the caudal hindbrain in which these neurons are specified."
29c,cell subtype,Oculomotor neuron,Cranial motor neuron,Neuron,Neural ectoderm,Ectoderm,"E9.5, E10.0",182,"Phox2b, Tubb3, Elavl4, Ebf1, Nkx6-1, Ctnna2, Plxna4, Fgf14, St18, Phox2a","Sox2ot, Nav3, Ptn, Pax5, Fgf14, Gal, Hdac9, Plxna4, Eya1, Peg3","Oculomotor neurons are somatic motor neurons of cranial nerve III (CN III), originating from ventral midbrain progenitors. They innervate the majority of extraocular muscles—including the superior, inferior, and medial recti and the inferior oblique—and are among the earliest cranial motor neurons to differentiate, consistent with their emergence at E9.5. A subset also gives rise to parasympathetic preganglionic neurons that control pupillary constriction and lens accommodation.","The co-expression of Phox2a and Phox2b is a defining signature of oculomotor neurons; Phox2a in particular is indispensable for oculomotor and trochlear nucleus specification, and its loss results in complete agenesis of CN III. Nkx6-1 marks the ventral progenitor domain from which somatic motor neurons, including oculomotor neurons, are generated, while Tubb3 and Elavl4 confirm post-mitotic neuronal identity. Among the local markers, Pax5 expression is notable as it labels the midbrain–hindbrain boundary (isthmus) region where oculomotor precursors reside, helping distinguish this population from hindbrain-derived cranial motor neurons. Axon guidance genes such as Plxna4 and Nav3 are consistent with the long-range projection of CN III axons to their extraocular muscle targets."
29d,cell subtype,Trigeminal branchiomotor neuron,Cranial motor neuron,Neuron,Neural ectoderm,Ectoderm,"E9.0, E9.5, E10.0",1346,"Ebf1, Tubb3, Phox2b, Ctnna2, Nkx6-1, Elavl4, Ebf2, Isl1, Stmn2, St18","Cdh12, Tbx20, Gm26871, Akap6, Dpyd, Nrp1, Igfbp5, Sox1, Homer2, Rassf4","Trigeminal branchiomotor neurons are motor neurons of cranial nerve V that reside in the trigeminal motor nucleus of the hindbrain (rhombomeres 2–3) and innervate muscles derived from the first pharyngeal arch, most notably the muscles of mastication. They arise from ventral progenitors in the hindbrain neuroepithelium and undergo characteristic lateral migration before extending axons to their peripheral targets. In the mouse embryo, these neurons are specified between E9.0 and E10.0, consistent with the stages captured in this cluster.","The global markers Phox2b and Isl1 firmly establish branchiomotor neuron identity: Phox2b is a defining transcription factor for branchiomotor and visceromotor lineages, while Isl1 and Nkx6-1 confirm ventral motor neuron specification. Pan-neuronal maturation markers such as Tubb3, Elavl4, and Stmn2 indicate these are post-mitotic, differentiating neurons, and Ebf1/Ebf2 reflect ongoing neuronal fate consolidation. Among the local markers that distinguish this cluster from other cranial motor neuron subtypes, Tbx20 is particularly diagnostic—it is specifically expressed in the trigeminal motor nucleus and is required for trigeminal branchiomotor neuron development, distinguishing them from facial (VII) and other branchiomotor populations. Additional local markers including Nrp1, a semaphorin co-receptor critical for trigeminal axon guidance, and Cdh12, a cadherin involved in the differential adhesion that underpins trigeminal motor nucleus cohesion, further support the trigeminal identity of this cluster."
29e,cell subtype,Trochlear neuron,Cranial motor neuron,Neuron,Neural ectoderm,Ectoderm,"E9.5, E10.0",277,"Kcnb2, Tubb3, Ebf1, Phox2a, Plcb1, Elavl4, Nkx6-1, Phox2b, Myo16, Map2","Plcb1, Kcnb2, Phox2a, Ccnd2, Cacna2d3, Galnt18, Dlc1, Hs3st4, Eya2, Stxbp6","Trochlear neurons are the motor neurons of cranial nerve IV (the trochlear nerve), which exclusively innervates the superior oblique muscle of the eye to control downward and rotational gaze. They arise from progenitors in the ventral midbrain near the isthmus and are notable among cranial motor neurons for their dorsal axon exit and contralateral projection. These neurons appear at E9.5–E10.0, consistent with the known timing of trochlear nucleus differentiation in the mouse.","The assignment as trochlear neurons is strongly supported by the prominent expression of Phox2a, which appears in both global and local marker lists and is uniquely required for trochlear motor neuron specification—loss of Phox2a in mice leads to selective agenesis of the trochlear nucleus while other cranial motor nuclei remain largely intact. Co-expression of Phox2b and Nkx6-1 confirms a ventral cranial motor neuron identity, while pan-neuronal markers Tubb3, Elavl4, and Map2 indicate post-mitotic neuronal differentiation. Among the local markers that distinguish this population from the three most similar cranial motor neuron subtypes, Phox2a ranks highly alongside Eya2, a transcription factor implicated in motor neuron development, and Plcb1, consistent with a molecularly distinct motor neuron subtype within the midbrain."
30,cell type,,Hypothalamic neuron,,Neural ectoderm,Ectoderm,"E9.0, E9.5, E10.0",3532,"Dcc, Tubb3, Map2, Map1b, Ctnna2, Srrm4, Elavl4, Tubb2b, Ptprn2, Stmn2","Dlk1, Dcc, Sim1, Tmem163, Lhx5, Fat3, Celf2, Peg3, Erbb4, Nkx2-1","Hypothalamic neurons are ventral forebrain neurons arising from the diencephalic floor plate that will form the nuclei of the hypothalamus, a brain region critical for homeostatic regulation including feeding, thermoregulation, and neuroendocrine signaling. These neurons begin differentiating from progenitors in the ventral diencephalon around E9.0 in the mouse, consistent with their appearance at E9.0–E10.0 in this dataset.","The global markers (Tubb3, Map2, Map1b, Stmn2, Elavl4) confirm a post-mitotic neuronal identity. The hypothalamic assignment is strongly supported by local markers including Nkx2-1, a master transcription factor for ventral forebrain and hypothalamic specification, Sim1, which defines the prospective paraventricular and supraoptic nuclei of the hypothalamus, and Lhx5, a LIM-homeodomain factor required for hypothalamic development. The presence of the imprinted genes Dlk1 and Peg3, both of which are characteristically enriched in the developing hypothalamus, further reinforces this identity. Dcc, a netrin receptor guiding hypothalamic axon projections, is consistent with actively differentiating hypothalamic neurons extending axonal processes during this developmental window."
30a,cell subtype,Hypothalamic neuron,Hypothalamic neuron,Neuron,Neural ectoderm,Ectoderm,"E9.0, E9.5, E10.0",1718,"Dcc, Tubb3, Map2, Sox2ot, Cdkn1c, Dlk1, Pak3, Srrm4, Ctnna2, Grik2","Dlk1, Sox2ot, Isl1, Peg3, Sox5, Smoc1, Rian, Grik2, Sox6, Fndc3c1","Hypothalamic neurons are among the earliest-born neurons of the ventral diencephalon, arising from progenitors in the hypothalamic anlage beginning around E9.0 in the mouse. These neurons will ultimately populate hypothalamic nuclei that regulate neuroendocrine signaling, homeostasis, and autonomic function. At E9.0–E10.0, they represent newly postmitotic neurons actively extending axons and establishing the foundational circuitry of the developing hypothalamus.","Postmitotic neuronal identity is firmly established by the global markers Tubb3, Map2, Dcc, and Srrm4, all canonical indicators of differentiating neurons. The hypothalamic assignment is strongly supported by a striking enrichment of imprinted genes in the local markers—Dlk1, Rian (both from the Dlk1-Dio3 imprinted locus), Peg3, and Cdkn1c—which is a well-characterized molecular signature of the developing hypothalamus. Isl1, a LIM-homeodomain transcription factor that marks specific early hypothalamic neuron populations, further reinforces ventral diencephalic identity and distinguishes these cells from other nascent neuronal types. Together, the convergence of imprinted-gene expression and Isl1 provides a robust basis for the hypothalamic neuron designation."
30b,cell subtype,Paraventricular hypothalamic neuron,Hypothalamic neuron,Neuron,Neural ectoderm,Ectoderm,"E9.5, E10.0",419,"Dcc, Tubb3, Sim1, Robo1, Cacna2d1, Map2, Nnat, Tmem163, Igfbpl1, Pak3","Sim1, Cacna2d1, Tenm4, Otp, Tmem163, Robo1, Ccnd2, Kirrel3, Nnat, Edil3","Paraventricular hypothalamic neurons are a neuroendocrine population arising in the developing paraventricular nucleus (PVN) of the hypothalamus, one of the principal integration centers of the neuroendocrine and autonomic nervous systems. In the mature brain these neurons produce neuropeptides such as oxytocin, vasopressin, and corticotropin-releasing hormone to regulate stress responses, fluid balance, and metabolism. Their emergence at E9.5–E10.0 is consistent with the early specification of hypothalamic neuroendocrine progenitors during diencephalic patterning.","The name is strongly supported by the co-expression of Sim1 and Otp, two transcription factors that are jointly necessary and sufficient for the specification of paraventricular nucleus neurons and that define this nucleus from its earliest developmental stages. Sim1 is the top-ranked local marker and also a prominent global marker, while Otp appears among the local markers, and their combination is essentially pathognomonic for the PVN lineage. Additional markers reinforce a maturing neuronal identity within the hypothalamus: Tubb3 and Map2 indicate postmitotic neurons, Dcc and Robo1 reflect active axon guidance consistent with newly born hypothalamic projection neurons, and Nnat is associated with neuronal differentiation in the developing brain. The calcium channel subunit Cacna2d1 and the zinc transporter-associated Tmem163 further suggest early acquisition of the ion-channel repertoire characteristic of neuroendocrine PVN cells."
30c,cell subtype,Subthalamic nucleus neuron,Hypothalamic neuron,Neuron,Neural ectoderm,Ectoderm,"E9.0, E9.5, E10.0",1395,"Dcc, Tubb3, Map2, Ebf1, Onecut2, Sim1, Thsd7a, Stmn2, Map1b, Myo16","9030622O22Rik, Rnf220, Fbxl7, Pitx2, Tmem163, Fat3, Nova1, Sim1, Tenm2, Foxp2","The subthalamic nucleus (STN) is a glutamatergic nucleus of the ventral diencephalon that arises from the caudal hypothalamic neuroepithelium during embryonic development. It becomes a key component of the basal ganglia circuitry, serving as a major excitatory node that regulates motor control, and its dysfunction is central to the pathophysiology of Parkinson's disease. These early STN neurons, appearing from E9.0 onward, represent one of the first postmitotic neuronal populations to differentiate in the developing hypothalamic-subthalamic continuum.","The assignment of subthalamic nucleus identity is most strongly supported by the local marker Pitx2, a paired-like homeodomain transcription factor that is the definitive and essentially pathognomonic marker of STN neurons—genetic loss of Pitx2 results in complete absence of the subthalamic nucleus. Foxp2, another local marker, is co-expressed with Pitx2 in developing STN neurons and plays a role in their differentiation and connectivity. The global marker Sim1, also present as a local marker, is expressed in the caudal hypothalamic domain from which STN neurons originate, consistent with their developmental derivation from the hypothalamic-subthalamic boundary. The broader neuronal maturation signature—including Tubb3, Map2, Map1b, Stmn2, and the axon guidance receptor Dcc—confirms these are postmitotic, actively differentiating neurons extending axonal projections during this developmental window."
31,cell type,,Midbrain neuron,,Neural ectoderm,Ectoderm,"E8.5, E9.0, E9.5, E10.0",7622,"Tubb3, Dcc, Crabp1, Onecut2, Map2, Stmn2, Ctnna2, Srrm4, Map1b, Nav3","Nav3, Tfap2b, Crabp1, Pou3f1, Otx2, Lef1, 2510009E07Rik, Prkg1, Pou4f1, Otx2os1","Midbrain neurons are postmitotic neurons arising from the mesencephalic vesicle of the developing neural tube. During E8.5–E10.0, these cells differentiate from midbrain progenitors to populate structures that will give rise to the tectum, tegmentum, and associated nuclei. They are among the earliest neuronal populations to mature in the embryonic brain, playing roles in motor coordination, sensory relay, and dopaminergic circuitry.","The global markers confirm definitive neuronal identity, with pan-neuronal genes such as Tubb3, Map2, Map1b, and Stmn2 indicating postmitotic, cytoskeletally mature neurons. Regional identity is established by the local markers: Otx2 and its antisense transcript Otx2os1 are canonical markers of forebrain-midbrain territory, with Otx2 expression sharply defining the midbrain–hindbrain boundary. Additional local markers reinforce midbrain specification—Pou4f1 (Brn3a) labels specific midbrain neuronal populations including tectal neurons, Lef1 reflects active Wnt signaling characteristic of the dorsal midbrain, and Tfap2b marks midbrain GABAergic neuron lineages. The presence of Crabp1 among both global and local markers is consistent with retinoic acid signaling gradients that pattern the midbrain along the anteroposterior axis."
31a,cell subtype,Midbrain GABAergic neuron,Midbrain neuron,Neuron,Neural ectoderm,Ectoderm,"E9.5, E10.0",230,"Pak3, Nav2, Nrxn3, Cacna2d3, Thsd7a, Tubb3, Tal2, St18, Epha5, Zfpm2","Cacna2d3, Tal2, Nrxn3, Nav2, Lhx1, Zfpm2, Gata2, Epha5, Dscam, Pdzrn4","Midbrain GABAergic neurons are inhibitory interneurons arising in the mesencephalon that utilize gamma-aminobutyric acid (GABA) as their primary neurotransmitter. In the E9.5–E10.0 mouse embryo, these represent early-born postmitotic neurons differentiating within the midbrain ventricular and mantle zones, contributing to nascent inhibitory circuits in structures such as the superior and inferior colliculi.","The GABAergic identity of this cluster is strongly supported by the co-expression of Tal2, Gata2, and Zfpm2, which constitute a well-characterized transcriptional cascade specifically required for midbrain GABAergic neuron specification—Tal2 and Gata2 cooperatively drive GABAergic fate, while Zfpm2 (FOG2) acts as a GATA2 cofactor reinforcing this program. Lhx1, a local marker, further supports midbrain GABAergic differentiation, as it is expressed in postmitotic GABAergic precursors of the mesencephalon. Pan-neuronal markers such as Tubb3 and synaptic genes including Nrxn3 and Cacna2d3 confirm postmitotic neuronal maturation, while Epha5 is consistent with the axon guidance and topographic mapping activities characteristic of differentiating midbrain neurons. The prominence of this Tal2–Gata2–Zfpm2 module in both global and local marker lists clearly distinguishes these cells from glutamatergic or other midbrain neuron populations."
31b,cell subtype,Midbrain neuron,Midbrain neuron,Neuron,Neural ectoderm,Ectoderm,"E8.5, E9.0, E9.5, E10.0",7392,"Tubb3, Crabp1, Dcc, Onecut2, Map2, Stmn2, Ctnna2, Nav3, Srrm4, Map1b","Nav3, Tfap2b, Otx2, Prkg1, Crabp1, Ccnd2, Lef1, Armh4, Arhgap28, Tenm3","Midbrain neurons are post-mitotic neurons arising in the mesencephalic vesicle of the developing mouse brain during mid-gestation. They contribute to diverse midbrain structures including the tectum and tegmentum, extending axonal projections guided by cues such as netrins and teneurins. Present from E8.5 onward, these cells represent the earliest waves of neurogenesis in the midbrain territory.","The global markers Tubb3, Map2, Map1b, and Stmn2 establish a clear post-mitotic neuronal identity, while Srrm4 (a neuron-specific splicing regulator) and axon guidance receptors Dcc and Ctnna2 reinforce active neuronal differentiation and connectivity. Regional assignment to the midbrain is strongly supported by the local marker Otx2, a transcription factor that defines the forebrain–midbrain territory anterior to the isthmus organizer and is the principal gene distinguishing these cells from neighboring hindbrain populations. Additional local markers including Lef1, a Wnt pathway effector critical for midbrain–hindbrain boundary signaling, and Tfap2b, a transcription factor expressed in midbrain neuronal lineages, further corroborate mesencephalic identity. The axon guidance gene Tenm3 and the neuron navigator Nav3, both prominent local markers, are consistent with the long-range projection phenotypes characteristic of midbrain neurons."
32,cell type,Somatic motor neuron,Somatic motor neuron,Neuron,Neural ectoderm,Ectoderm,"E9.0, E9.5, E10.0",12734,"Slit3, Cacna2d1, Elavl4, Robo2, Isl1, Tubb3, Srrm4, Myo16, Gng2, Hecw2","Tenm3, Stk32a, Hecw2, Dach2, Mnx1, Mir100hg, Slit3, Sox2ot, Aff3, Cacna2d1","Somatic motor neurons are post-mitotic neurons arising from the pMN progenitor domain in the ventral spinal cord and hindbrain that extend axons peripherally to innervate skeletal muscles. They are among the earliest neurons to differentiate in the developing neural tube, appearing from E9.0 onward in the mouse, and are specified by Shh-dependent ventral patterning signals. These neurons are essential for voluntary movement and serve as a classic model for understanding neuronal subtype specification.","The somatic motor neuron identity is definitively established by the local marker Mnx1 (Hb9), the gold-standard transcription factor for post-mitotic somatic motor neurons that distinguishes them from other ventral spinal neuron types, together with the global marker Isl1, a LIM homeodomain factor required for motor neuron differentiation and survival. Pan-neuronal markers Tubb3, Elavl4, and Srrm4 confirm mature post-mitotic neuronal identity, while Slit3 and Robo2 reflect the axon guidance signaling active as these neurons project toward peripheral muscle targets. The local markers Tenm3 and Dach2 are consistent with the connectivity and transcriptional programs of differentiating motor neurons, and Cacna2d1 reflects the calcium channel expression expected in maturing neurons establishing synaptic competence."
33,cell type,,Spinal cord interneuron,,Neural ectoderm,Ectoderm,"E9.0, E9.5, E10.0",29592,"Dcc, Crabp1, Tubb3, Srrm4, Ebf2, Nckap5, Map2, Onecut2, Elavl4, Nav2","Crabp1, Ccnd1, Nav2, Nckap5, Plxna2, Hoxb3, Glra1, Greb1l, Meis2, Dcc","Spinal cord interneurons are post-mitotic neurons arising within the developing spinal cord that form local circuits mediating sensory processing, motor coordination, and reflexive behaviors. In the mouse embryo from E9.0 to E10.0, these cells are actively differentiating from ventral and dorsal progenitor domains, extending axons—including commissural projections across the floor plate—and beginning to establish the spinal cord's intrinsic circuitry.","The pan-neuronal markers Tubb3, Map2, Elavl4, and Srrm4 confirm a post-mitotic neuronal identity, while Dcc—the Netrin-1 receptor that guides commissural interneuron axons across the floor plate—is the top global marker, strongly implicating spinal cord interneuron populations. Spinal cord regional identity is supported by the local marker Hoxb3, a posterior Hox gene that specifies spinal cord rather than brain fate, and by Crabp1, which mediates retinoic acid signaling critical for spinal cord patterning. Onecut2, a transcription factor required for the specification of dorsal interneuron subtypes (dI classes), together with Glra1 (glycine receptor alpha 1, a hallmark of inhibitory/glycinergic interneurons in the spinal cord), further refines this population as interneuronal rather than motor neuronal. Axon guidance receptors Plxna2 and Nav2 are consistent with the active pathfinding expected of nascent spinal cord interneurons at these stages."
33a,cell subtype,V0 interneuron,Spinal cord interneuron,Neuron,Neural ectoderm,Ectoderm,"E9.0, E9.5, E10.0",5078,"Dcc, Crabp1, Ebf2, Srrm4, Tubb3, Pou3f2, Igfbpl1, Frmd4b, Nckap5, Srgap3","Dbx1, Ccnd1, Irx3, Neurog1, Igfbpl1, Robo1, Pde1c, Irx5, Dusp4, Lhx5","V0 interneurons are a class of ventral spinal cord interneurons that originate from the p0 progenitor domain, defined by expression of the transcription factor Dbx1. They are predominantly commissural neurons that project axons across the ventral midline and are essential for coordinating left-right alternation during locomotion. V0 interneurons emerge during mid-neurogenesis stages (E9.0–E10.0) as the ventral spinal cord becomes patterned along the dorsoventral axis.","The assignment of V0 interneuron identity is most strongly supported by Dbx1 as the top local marker, the canonical transcription factor that defines the p0 progenitor domain from which all V0 interneurons derive. Lhx5, also among the local markers, is expressed in postmitotic V0 interneurons and helps distinguish V0 subtypes from neighboring populations. The commissural projection identity of V0 neurons is reflected by the global marker Dcc and local marker Robo1, axon guidance receptors critical for midline crossing, while Ebf2 is associated with the maturation of V0 interneurons. Broad neuronal differentiation markers such as Tubb3 and Srrm4 confirm postmitotic neuronal identity, and Neurog1 among the local markers points to active neurogenesis within this domain."
33b,cell subtype,V1 interneuron,Spinal cord interneuron,Neuron,Neural ectoderm,Ectoderm,"E9.0, E9.5, E10.0",3993,"Dcc, Crabp1, Nlgn1, Elavl4, Tubb3, Srrm4, Onecut2, Tmsb4x, Pax2, Nhlh2","Pax2, Nlgn1, Cacna2d3, Jag1, Rnf220, Foxd3, Ccnd1, Ass1, En1, Lhx1","V1 interneurons are an inhibitory (GABAergic/glycinergic) interneuron population of the ventral spinal cord, arising from the p1 progenitor domain under the influence of graded Sonic hedgehog signaling. They function as key components of spinal locomotor circuits, providing ipsilateral inhibitory feedback onto motor neurons to regulate the speed and coordination of limb movement. Their appearance at E9.0–E10.0 is consistent with the timing of ventral interneuron differentiation during spinal cord neurogenesis.","The V1 interneuron identity is strongly supported by the local marker En1 (Engrailed-1), the canonical transcription factor that defines the V1 class and distinguishes it from all other spinal interneuron populations. Co-expression of Pax2 and Lhx1 reinforces an inhibitory interneuron fate within the ventral spinal cord, as both are characteristic of post-mitotic V1 neurons, while Foxd3 marks early V1 interneurons shortly after cell cycle exit from the p1 domain. The global markers Elavl4 and Tubb3 confirm a post-mitotic neuronal state, and Rnf220 among the local markers is implicated in ventral spinal cord patterning through regulation of Shh signaling, consistent with the ventral origin of this population."
33c,cell subtype,V2 interneuron,Spinal cord interneuron,Neuron,Neural ectoderm,Ectoderm,"E9.5, E10.0",2190,"Dcc, Crabp1, Tubb3, Ina, Onecut2, Ebf1, Stmn2, Elavl4, St18, Dcx","Zfpm2, St18, Ina, Pcdh17, Gata2, Esrrg, Ebf1, Ank3, Crabp1, Sox21","V2 interneurons are a cardinal class of spinal cord interneurons generated from the p2 progenitor domain during neural tube patterning. They subdivide into excitatory V2a and inhibitory V2b populations that integrate into central pattern generator circuits controlling locomotion. Appearing at E9.5–E10.0, this cluster captures V2 interneurons during their initial differentiation and early fate diversification in the developing spinal cord.","The V2 interneuron identity is most strongly supported by the local markers Gata2 and Zfpm2, which are hallmark transcription factors of the V2b inhibitory subtype—Gata2 is required for V2b specification and Zfpm2 (FOG2) acts as its essential GATA-family cofactor. The global marker Onecut2, associated with V2a interneuron diversification, together with the V2b markers suggests this cluster encompasses the broader V2 population rather than a single subtype. Additional local markers such as Sox21, implicated in ventral spinal cord neuronal differentiation, and Pcdh17, a protocadherin involved in interneuron circuit wiring, further support a spinal interneuron identity, while pan-neuronal markers including Tubb3, Elavl4, Dcx, and Ina confirm the postmitotic differentiating state expected of newly born V2 neurons."
33d,cell subtype,V3 interneuron,Spinal cord interneuron,Neuron,Neural ectoderm,Ectoderm,"E9.5, E10.0",616,"Map2, Ebf1, Tubb3, Dcc, Frmd4b, Nckap5, Pou3f2, Igfbpl1, Srrm4, Pde4d","Pde4d, Sim1, Hoxb9, Pam, Rora, Nkx2-2, Neurog3, 9030622O22Rik, Galnt18, Csrnp3","V3 interneurons are a class of excitatory glutamatergic neurons in the ventral spinal cord that arise from the Nkx2-2-expressing p3 progenitor domain. They play a critical role in establishing robust and balanced locomotor rhythms by providing excitatory drive to motor circuits. In the E9.5–E10.0 mouse embryo, these neurons are among the early-born ventral interneuron populations undergoing active differentiation and axon pathfinding.","The V3 interneuron identity is strongly supported by the local marker Sim1, the canonical postmitotic transcription factor that defines this class and distinguishes it from all other spinal interneuron subtypes. Nkx2-2 in the local markers confirms origin from the p3 progenitor domain, while Neurog3 marks the transitional stage during which p3 progenitors exit the cell cycle and commit to the V3 fate. Global markers such as Map2 and Tubb3 indicate neuronal maturation, and Dcc reflects active axon guidance consistent with newly differentiated interneurons extending commissural projections. The presence of Hoxb9 is consistent with a caudal spinal cord positional identity expected at these developmental stages."
33e,cell subtype,Dl1 interneuron,Spinal cord interneuron,Neuron,Neural ectoderm,Ectoderm,"E9.0, E9.5, E10.0",3216,"Dcc, Nav2, Crabp1, Srrm4, Map2, Rassf4, Tubb3, Ebf2, Pou3f2, Epha5","Atoh1, Epha5, Gria4, Cntn2, Adgrl3, Rassf4, Barhl1, Nkd1, Ptn, Pdzrn3","Dl1 (dI1) interneurons are a class of dorsal spinal cord interneurons that arise from the dp1 progenitor domain in the dorsal neural tube. They differentiate into commissural relay neurons that extend axons ventrally and across the midline, ultimately conveying proprioceptive and mechanosensory information to higher brain centers including the cerebellum. These neurons emerge during spinal cord neurogenesis from E9.0 onward, consistent with the stages observed here.","The name is strongly supported by Atoh1 and Barhl1, which are the canonical transcription factors that define the dI1 lineage — Atoh1 specifies dp1 progenitors while Barhl1 acts downstream to consolidate dI1 postmitotic identity. The commissural axon identity of dI1 neurons is reflected by Dcc, a netrin-1 receptor essential for midline crossing, and Cntn2 (TAG-1), a cell adhesion molecule that marks dI1 commissural axons as they navigate toward the floor plate. Additional markers such as Tubb3, Map2, and Srrm4 confirm active neuronal differentiation, while Epha5 and Ptn suggest ongoing axon guidance and target-field interactions consistent with maturing dI1 interneurons."
33f,cell subtype,Dl2-6 interneuron,Spinal cord interneuron,Neuron,Neural ectoderm,Ectoderm,"E9.0, E9.5, E10.0",9759,"Dcc, Crabp1, Nav2, Map2, Tubb3, Srrm4, Nckap5, Onecut2, Ckb, Gadd45g","Tfap2b, Pax3, Smoc1, Map2, Nckap5, Tfap2a, Ptn, Nav2, Tspan18, Msx3","Dl2-6 interneurons are class B dorsal interneurons arising from progenitor domains in the dorsal half of the developing spinal cord neural tube. These postmitotic neurons, encompassing dorsal interneuron populations dI2 through dI6, are generated between E9.0 and E10.0 as the spinal cord differentiates, and they contribute to diverse somatosensory and proprioceptive relay circuits, with many projecting commissural axons across the midline.","The dorsal interneuron identity of this cluster is strongly supported by the local markers Tfap2b and Tfap2a, which encode AP-2 transcription factors that are definitive markers of class B dorsal interneurons (dI2–dI5) in the developing spinal cord, along with Pax3 and Msx3, transcription factors that specify dorsal neural tube progenitor domains and their postmitotic derivatives. The global marker Dcc, encoding the netrin receptor essential for commissural axon guidance, is consistent with the commissural projection identity of several dI populations. Neuronal maturation markers such as Map2, Tubb3, and Gadd45g confirm these are postmitotic, differentiating neurons rather than progenitors, while the breadth of dorsal markers without restriction to a single dI class supports the grouping of multiple dorsal interneuron subtypes (dI2–dI6) into one cluster."
33g,cell subtype,Spinal cord interneuron progenitor,Spinal cord interneuron,Neuron,Neural ectoderm,Ectoderm,"E9.0, E9.5, E10.0",4740,"Dcc, Ebf2, Nckap5, Frmd4b, Rnf220, Srrm4, Ccnd1, Pou3f2, Gadd45g, Glra1","Ccnd1, Top2a, Rrm2, Nkx6-1, Hmgb2, Mki67, Pclaf, Mybl1, Dut, Atad2","Spinal cord interneuron progenitors are actively dividing neural progenitor cells residing in the ventricular zone of the developing spinal cord that are committed to generating postmitotic interneurons. These cells occupy defined progenitor domains along the dorsoventral axis of the neural tube and undergo symmetric and asymmetric divisions to expand the interneuron pool during spinal cord neurogenesis from E9.0 onward. Upon cell cycle exit, they give rise to diverse interneuron subtypes that mediate local circuit connectivity in the spinal cord.","The local markers are dominated by proliferation and S/G2-M phase genes — including Mki67, Top2a, Rrm2, Ccnd1, Pclaf, Hmgb2, Dut, and Atad2 — clearly distinguishing these cells from their postmitotic interneuron siblings and establishing their progenitor status. Nkx6-1, a key ventral spinal cord progenitor domain transcription factor that defines the p3 and pMN domains, directly links this proliferative signature to spinal cord identity. The global markers confirm spinal cord neuronal lineage commitment through Dcc (netrin receptor for commissural axon guidance), Rnf220 (Shh signaling effector in spinal cord patterning), Srrm4 (neuron-specific splicing regulator), and Pou3f2/Brn2 (neural progenitor transcription factor), while Gadd45g marks cells transitioning toward cell cycle exit during neurogenesis. Together, the co-expression of robust cell cycle activity with spinal cord interneuron lineage determinants — including Glra1 (glycine receptor subunit characteristic of inhibitory interneurons) and Ebf2 — supports the designation as spinal cord interneuron progenitors."
34,cell type,Spinal cord (cervical),Spinal cord (cervical),Posterior neural ectoderm,Neural ectoderm,Ectoderm,"E8.5, E9.0, E9.5, E10.0",74734,"Crabp2, Npas3, Rarb, Adgrv1, Dcc, Ckb, Pou3f2, Rfx4, Fat3, Mir100hg","Rarb, Tshz1, Hoxa5, Metrn, Hoxd4, Hoxb8, Hoxb3, Igfbp2, Hoxb4, Ckb","Spinal cord (cervical) cells are neural progenitors and neurons of the developing cervical spinal cord, arising from the caudal neural tube during mid-to-late embryogenesis. This population encompasses the anteroposterior domain of the spinal cord roughly corresponding to the future cervical vertebral segments, where retinoic acid signaling plays a central role in regional patterning and neuronal differentiation. Present from E8.5 through E10.0, these cells emerge as the neural tube closes and begins rostrocaudal regionalization.","The global markers confirm a spinal cord neural identity, with Pou3f2 (Brn2) and Rfx4 marking neural progenitors, Dcc encoding a netrin receptor essential for commissural axon guidance in the spinal cord, and Crabp2 and Rarb reflecting the strong retinoic acid signaling that specifies spinal cord fate. The cervical designation is robustly supported by the local marker Hox code: Hoxb3, Hoxb4, and Hoxd4 (paralog groups 3–4) define the hindbrain–cervical boundary and upper cervical cord, while Hoxa5 (paralog group 5) is a canonical marker of mid-cervical identity. The presence of Hoxb8, which initiates expression at the cervical-to-thoracic transition, further delineates this population as spanning the cervical domain rather than more posterior spinal cord. Tshz1, a zinc-finger transcription factor involved in spinal motor neuron diversification, and Metrn, a neurotrophic factor expressed in differentiating spinal cord, add additional support for a maturing cervical spinal cord identity distinct from neighboring neural populations."
35,cell type,Spinal cord (lumbar),Spinal cord (lumbar),Posterior neural ectoderm,Neural ectoderm,Ectoderm,"E9.0, E9.5, E10.0, E8.5",22368,"Greb1l, Mllt3, Fat3, Hoxc10, Pard3b, Ccnd2, Slc2a1, Crabp2, Ncam1, Ptn","Greb1l, Robo2, Hoxc10, Thsd4, Mllt3, Tmem132c, Hoxaas3, Slc2a3, Fam181b, Sema3a","Spinal cord (lumbar) cells are neural progenitors and early neurons of the caudal spinal cord corresponding to the lumbar segment, which will later innervate the hindlimb and pelvic regions. Arising from neural ectoderm between E8.5 and E10.0, these cells are actively undergoing neurogenesis and axon pathfinding as the spinal cord elongates along the anterior-posterior axis. This population represents one of the posterior-most specified domains of the developing spinal cord.","The designation ""lumbar"" is strongly supported by the expression of Hoxc10, a defining marker of lumbar spinal cord identity whose expression domain precisely demarcates the lumbar segment in the developing mouse embryo, and Hoxaas3, an antisense transcript at the HoxA locus consistent with active posterior Hox gene regulation. Spinal cord identity is reinforced by axon guidance genes Robo2 and Sema3a, the neural adhesion molecule Ncam1, and Crabp2, which mediates retinoic acid signaling critical for dorsoventral and anteroposterior patterning of the spinal cord. The prominence of Hoxc10 and Hoxaas3 among the local markers indicates that posterior Hox code expression is what most distinguishes this cluster from neighboring spinal cord populations, consistent with regional specification at the lumbar level. Additional markers such as Greb1l, which is implicated in neural tube closure, and proliferation-associated Ccnd2 reflect the actively developing state of this tissue during the sampled stages."
36,cell type,Spinal cord (sacral),Spinal cord (sacral),Posterior neural ectoderm,Neural ectoderm,Ectoderm,"E9.5, E10.0, E9.0",8080,"Hoxd11, Hoxc10, Ncam1, Greb1, Mllt3, Hoxa11os, Cdx4, Hoxa10, Slc2a3, Wnt5a","Hoxd11, Hoxa11os, Kirrel3, Foxd1, Hoxc10, Hoxa10, Ncam1, Wnt5a, Igfbp2, Hoxc11","Spinal cord (sacral) cells are neural progenitors and early neurons of the caudal-most specified region of the developing spinal cord, corresponding to future sacral segments. Emerging during posterior axis elongation at E9.0–E10.0, these cells arise from neuromesodermal progenitor-derived neural ectoderm and are patterned along the anteroposterior axis by a combinatorial Hox code that establishes sacral positional identity.","The sacral designation is supported by a dominant expression signature of posterior Hox paralogs 10 and 11, including Hoxc10, Hoxa10, Hoxd11, Hoxa11os, and Hoxc11, which collectively define lumbosacral regional identity in the developing spinal cord. Cdx4, a caudal-type transcription factor that directly activates posterior Hox gene expression, reinforces the posterior axial character of this population. Neural identity is confirmed by Ncam1, a neural cell adhesion molecule broadly expressed in differentiating neurons and neural progenitors, while Wnt5a reflects the active posterior elongation and caudal signaling environment in which these cells are specified. Among local markers, Foxd1 and Kirrel3 further distinguish this population from neighboring spinal cord subtypes, consistent with a distinct sacral-level transcriptional state."
37,cell type,Spinal cord (thoracic),Spinal cord (thoracic),Posterior neural ectoderm,Neural ectoderm,Ectoderm,"E8.5, E9.0, E9.5, E10.0",73676,"Ccnd2, Hoxb9, Fat3, Crabp2, Sox2, Sox2ot, Adgrv1, Rfx4, Pou3f2, Adgrb3","Hoxb9, Hoxc8, Hoxb5os, Ccnd2, Adgrb3, Hoxa7, Hoxa9, Hoxc9, Hoxb8, Maml3","Spinal cord (thoracic) cells are neural progenitors and early neurons of the developing spinal cord specified to thoracic axial identity. Arising from posterior neural tube closure during E8.5–E10.0, these cells give rise to the segment of spinal cord that innervates the trunk, including intercostal muscles and sympathetic ganglia. They are distinguished from other spinal cord regions by a combinatorial Hox transcription factor code that encodes positional information along the anterior-posterior axis.","The neural progenitor identity of this population is established by global markers Sox2, Pou3f2 (Brn2), and Rfx4, all canonical regulators of neural stem and progenitor cell maintenance in the developing spinal cord, while Crabp2 reflects active retinoic acid signaling that patterns the posterior neural tube. Thoracic regional identity is compellingly defined by the local markers, which are dominated by Hox genes from paralog groups 5–9: Hoxb5os, Hoxa7, Hoxb8, Hoxc8, Hoxb9, Hoxa9, and Hoxc9—precisely the combinatorial Hox code that specifies thoracic spinal cord segments in the mouse. These local markers distinguish this population from adjacent spinal cord subtypes (cervical or lumbar), as the enrichment of mid-range Hox paralogs from the HoxA, HoxB, and HoxC clusters is the hallmark transcriptional signature of thoracic positional identity. The presence of Ccnd2 among both global and local markers further supports an actively proliferating progenitor population consistent with the rapid expansion of the thoracic spinal cord during these developmental stages."
38,cell type,Epibranchial placode,Epibranchial placode,Surface ectoderm,Surface ectoderm,Ectoderm,"E8.5, E9.0, E9.5, E10.0",10158,"Epcam, Hs6st3, Igfbp5, Galnt3, Spint2, Npnt, Hs6st2, Wfdc2, Meis2, Slit2","Hs6st3, Prrx2, Galnt3, Hoxb2, Slit2, Arg1, Dach1, Foxi2, Crabp2, Tshz2","Epibranchial placodes are transient ectodermal thickenings that arise adjacent to the pharyngeal (branchial) clefts during mid-embryogenesis. They generate the sensory neurons of the geniculate, petrosal, and nodose cranial ganglia (cranial nerves VII, IX, and X), which relay visceral sensory information including taste and cardiorespiratory afferents. Their appearance from E8.5 through E10.0 aligns with the progressive formation and delamination of neuroblasts from these placodes during pharyngeal arch development.","The local marker Foxi2 is a definitive epibranchial placode transcription factor required for the specification and maintenance of this placodal domain, providing strong molecular evidence for the annotation. Dach1 further supports placodal identity as a component of the Six-Eya-Dach regulatory network central to placode development, while Hoxb2 reflects the posterior pharyngeal regional identity characteristic of epibranchial placodes associated with the second branchial arch and beyond. The global markers Epcam and Wfdc2 confirm the surface ectodermal epithelial character of these cells, and enrichment for Hs6st3 and Hs6st2 (heparan sulfate sulfotransferases) points to active modulation of FGF signaling, a pathway essential for epibranchial placode induction. Additionally, Crabp2 implicates retinoic acid signaling, which patterns the posterior epibranchial placodes, and Slit2 is consistent with the neurogenic program that guides axonal outgrowth from placode-derived sensory neurons."
39,cell type,Epibranchial sensory neuron,Epibranchial sensory neuron,Surface ectoderm,Surface ectoderm,Ectoderm,"E9.0, E9.5, E10.0",2832,"Nefl, Thsd7b, Neurod1, Tubb3, Phox2b, Phox2a, Nefm, Igfbpl1, Isl1, Ebf1","Phox2b, Phox2a, Nefl, Igfbpl1, Plxna4, Alcam, Eeig2, Nefm, Itpr1, Mybpc1","Epibranchial sensory neurons are visceral sensory neurons derived from the epibranchial placodes (geniculate, petrosal, and nodose), which delaminate from the surface ectoderm to populate cranial ganglia VII, IX, and X. These neurons relay taste, cardiovascular, and visceral organ information to the brainstem and are among the earliest placode-derived neurons to differentiate, consistent with their appearance from E9.0 onward. Their surface ectoderm lineage reflects their placodal rather than neural crest origin.","The defining feature of this population is the co-expression of Phox2b and Phox2a, paired-like homeodomain transcription factors that are the canonical markers of epibranchial placode-derived visceral sensory neurons and critically distinguish them from neural crest-derived somatosensory populations such as trigeminal neurons. Neurod1 and Isl1 further support a placodal sensory neuron identity, as both are required for the delamination, survival, and differentiation of epibranchial placode progenitors into postmitotic sensory neurons. The strong expression of neurofilament genes Nefl and Nefm along with Tubb3 indicates these are maturing, axon-extending neurons rather than progenitors, while axon guidance and adhesion molecules Plxna4 and Alcam reflect active navigation toward their central brainstem targets. The local enrichment of Phox2b and Phox2a over the most similar cell types in the dataset confirms that this cluster represents the visceral sensory (epibranchial) rather than somatosensory neuronal lineage."
40,cell type,,Epidermal progenitor,,Surface ectoderm,Ectoderm,"E8.5, E9.0, E9.5, E10.0",52806,"Pdgfa, Epcam, Wnt6, Hapln1, Igfbp2, Bcam, Trp63, S100a11, Pdgfc, Perp","Pdgfa, Galnt18, Trp63, Sdk1, Frmd4b, Pdgfc, Slc1a3, Hmga2, Cadm1, Perp","Epidermal progenitors are surface ectoderm cells that have committed to an epidermal fate and will give rise to the stratified epithelium of the skin. Emerging from E8.5 onward, these progenitors express the master transcription factor p63 (Trp63), which drives the stratified epithelial program, and progressively establish the basal layer of the developing epidermis. They also serve as a signaling center, secreting growth factors that pattern the underlying dermal mesenchyme.","The name ""Epidermal progenitor"" is strongly supported by the expression of Trp63, the master regulator of epidermal specification and stratified epithelial identity, along with its direct target Perp, a desmosomal component essential for cell-cell adhesion in stratified epithelia. Epcam and Bcam confirm an epithelial/basal cell identity, while Frmd4b is specifically linked to epidermal stem cell maintenance through the p63 regulatory network. The prominence of Pdgfa and Pdgfc reflects the known role of the developing epidermis in signaling to the underlying mesenchyme via PDGF ligands, and Wnt6 marks the surface ectoderm domain from which these progenitors arise. The ""progenitor"" designation is appropriate given the early stages (E8.5–E10.0) and expression of the self-renewal factor Hmga2."
40a,cell subtype,Epidermal progenitor (anterior),Epidermal progenitor,Surface ectoderm,Surface ectoderm,Ectoderm,"E9.0, E9.5, E10.0",15192,"Pdgfa, Epcam, Igfbp2, Igfbp5, Trp63, Pcdh7, Hs6st2, Krt18, Frem2, Meis2","Dlk1, Pitx1, Csrp2, Pitx2, Vcan, Epha4, Fgf8, Ccnd2, Pcdh7, Hs6st2","Epidermal progenitors (anterior) are surface ectoderm-derived cells that give rise to the epidermis and associated ectodermal appendages of the head and face during mid-gestation mouse development. Emerging from E9.0 onward, these progenitors express the stratification master regulator Trp63 and epithelial markers such as Epcam and Krt18, while carrying a positional identity that aligns them with craniofacial and anterior ectodermal fates. They contribute to the developing facial prominences, oral ectoderm, and anterior surface structures.","The epidermal progenitor identity is established by global markers including Trp63, the master transcription factor required for epidermal stratification and commitment, alongside epithelial markers Epcam and Krt18, and Frem2, which mediates epidermal–dermal basement membrane interactions. The anterior regional designation is strongly supported by the local markers Pitx1 and Pitx2, paired-like homeodomain transcription factors with well-characterized roles in craniofacial and oral ectoderm specification, as well as Fgf8, a key morphogen produced by the anterior surface ectoderm including the frontonasal ectoderm and facial prominences. The global marker Meis2, a TALE-class homeodomain factor involved in craniofacial and palatal development, further reinforces the anterior positional identity distinguishing this population from other epidermal progenitors."
40b,cell subtype,Epidermal progenitor (posterior),Epidermal progenitor,Surface ectoderm,Surface ectoderm,Ectoderm,"E8.5, E9.0, E9.5, E10.0",37614,"Pdgfa, Hapln1, Epcam, Wnt6, Slc2a3, S100a11, Perp, Bcam, Dag1, Egr1","Hapln1, Peg10, Sdk1, Mgat5, Cadm1, Cxcl14, Frmd4b, Parp8, Hs6st3, Hoxc8","Epidermal progenitors (posterior) are surface ectoderm-derived epithelial cells located in the posterior (trunk and caudal) regions of the mouse embryo. Emerging from E8.5 onward, these cells form the outer epithelial covering of the embryo and will ultimately give rise to the stratified epidermis and its appendages in posterior body segments. They share a core epidermal identity with other surface ectoderm populations but are distinguished by their posterior axial position.","The epidermal progenitor identity is supported by global markers characteristic of surface ectoderm, including Epcam (epithelial cell adhesion), Wnt6 (a canonical surface ectoderm signal), Perp (a desmosomal component of stratifying epithelia), and S100a11 (an epidermal calcium-binding protein), along with Frmd4b, which regulates epithelial cell polarity. The posterior designation is principally justified by the local marker Hoxc8, a trunk/posterior Hox gene whose expression provides clear positional identity along the anterior-posterior axis. Additional local markers such as Hs6st3 (heparan sulfate sulfotransferase, involved in region-specific modulation of growth factor signaling) and Cxcl14 (a chemokine enriched in posterior ectoderm) further distinguish this population from anterior epidermal progenitors. Together, these markers define a posteriorly regionalized surface ectoderm population with an established epidermal fate program."
41,cell type,Lens placode,Lens placode,Surface ectoderm,Surface ectoderm,Ectoderm,"E9.0, E9.5, E10.0",4716,"Aldh1a3, Pcdh9, Sema3a, Tenm2, Dab1, Epcam, Sostdc1, Ctnnd2, Egfem1, Ikzf2","Aldh1a3, Pcdh9, Tenm2, Lingo2, Egfem1, Dab1, Mgarp, Hmx1, Zfhx4, Trpm3","The lens placode is a thickened ectodermal epithelium overlying the optic vesicle that invaginates between E9.5 and E10.0 to form the lens pit and subsequently the lens vesicle, the precursor of the crystalline lens. Induced by signals from the underlying optic vesicle and surrounding mesenchyme, it is one of the cranial sensory placodes derived from the pre-placodal region of the surface ectoderm.","Aldh1a3, the top global and local marker, is a canonical lens placode gene encoding a retinoic acid-synthesizing enzyme essential for eye morphogenesis, and its strong enrichment is one of the most reliable molecular signatures distinguishing the lens placode from other surface ectoderm derivatives. Hmx1, a local marker, encodes a homeobox transcription factor expressed in the developing eye whose loss-of-function causes severe ocular defects in mouse, while Trpm3 encodes an ion channel with prominent expression in the embryonic lens. The epithelial identity of this placode is supported by Epcam, and the presence of cell adhesion and guidance molecules such as Pcdh9, Sema3a, and Tenm2 reflects the active morphogenetic remodeling occurring as the placode thickens and begins invagination, consistent with the E9.0–E10.0 staging of this cluster."
42,cell type,Olfactory placode,Olfactory placode,Surface ectoderm,Surface ectoderm,Ectoderm,"E8.5, E9.0, E9.5, E10.0",12536,"Epcam, Dlk1, Igfbp2, Mest, Dlx5, Sox2, Spint2, Pdgfa, Cldn7, Mecom","Dlk1, Mecom, Sox2ot, Sox2, Kcnd2, Lgr4, Six3, Six3os1, Ccdc171, Mir99ahg","The olfactory placode is a bilateral thickening of the cranial surface ectoderm that emerges around E9.0 in the mouse and gives rise to the olfactory epithelium, including olfactory sensory neurons and their supporting cells. It is one of the earliest sensory placodes to be specified and later invaginates to form the olfactory pit, which matures into the nasal cavity lining responsible for odor detection.","The identity of this cluster as olfactory placode is strongly supported by the global marker Dlx5, a transcription factor essential for olfactory placode induction and morphogenesis, and by the local markers Six3 and its antisense transcript Six3os1, which encode a homeodomain factor critical for anterior placode specification including the olfactory territory. Sustained Sox2 expression (along with its overlapping transcript Sox2ot) marks the proliferative progenitor pool of the olfactory epithelium, distinguishing it from more differentiated placodal derivatives. Epithelial identity is confirmed by Epcam and Cldn7, consistent with the surface ectoderm lineage, while Lgr4, a Wnt-responsive receptor expressed in developing olfactory epithelium, further supports assignment to this placode rather than to neighboring lens or adenohypophyseal placodes."
43,cell type,Olfactory sensory neuron,Olfactory sensory neuron,Surface ectoderm,Surface ectoderm,Ectoderm,"E9.5, E10.0",814,"Dcc, Tubb3, Elavl4, Ebf2, Neurod1, Gadd45a, Igfbpl1, Insm1, Tamalin, Robo2","Krt8, Gadd45a, Spint2, Epcam, Nfib, Cep152, Cadm1, Dscaml1, Eya2, Zmat4","Olfactory sensory neurons are the primary chemosensory neurons of the nasal epithelium, responsible for detecting odorants and transmitting signals to the olfactory bulb. They arise from the olfactory placode, a surface ectoderm-derived thickening that begins neurogenesis around E9.5 in the mouse, consistent with their appearance at E9.5–E10.0 in this dataset.","The global markers strongly support an olfactory sensory neuron identity, with Ebf2 serving as a hallmark transcription factor for olfactory neuron differentiation and Neurod1 and Insm1 marking the neurogenic cascade within the olfactory epithelium. Pan-neuronal markers Tubb3 and Elavl4 confirm post-mitotic neuronal identity, while the axon guidance receptors Dcc and Robo2 reflect the active pathfinding of nascent olfactory axons toward the developing olfactory bulb. The local markers further distinguish these cells from other neurons by the co-expression of epithelial genes Krt8, Epcam, and Spint2—consistent with their surface ectoderm origin in the olfactory epithelium—alongside the sensory placode transcription factor Eya2, which links them specifically to placode-derived rather than neural tube-derived neurogenesis."
44,cell type,Otic placode,Otic placode,Surface ectoderm,Surface ectoderm,Ectoderm,"E8.5, E9.0, E9.5, E10.0",6037,"Epcam, Trpm3, Ptn, Wfdc2, Bmpr1b, Ror1, Sox9, Ccser1, Lmx1a, Spint2","Ptn, Trpm3, Sox9, Unc5c, Lmx1a, 2610035D17Rik, Dach1, Bmpr1b, Rtn1, Ror1","The otic placode is a thickened ectodermal epithelium adjacent to the hindbrain that invaginates to form the otic vesicle (otocyst), the precursor of the entire inner ear including the cochlea and vestibular apparatus. Arising from the pre-placodal ectoderm around E8.0–E8.5 in mouse, it undergoes progressive morphogenesis through E9.5–E10.0, giving rise to the sensory, non-sensory, and neurogenic compartments of the developing inner ear.","The assignment as otic placode is strongly supported by Sox9, a transcription factor essential for otic vesicle formation and subsequent chondrogenesis of the otic capsule, and Lmx1a, which specifies the non-sensory (dorsal) domain of the otic vesicle and is required for proper semicircular canal and endolymphatic duct development. Ptn (pleiotrophin), a growth factor enriched in the developing otic epithelium, and Dach1, a transcription factor implicated in otic and epibranchial placode specification, further reinforce this identity. The epithelial character of the placode is confirmed by Epcam, Wfdc2, and Spint2, while Bmpr1b reflects active BMP signaling critical for dorsoventral patterning of the otic vesicle, and Ror1 and Unc5c point to Wnt and netrin guidance pathways operative during otic morphogenesis and neuroblast delamination."
45,cell type,Otic sensory neuron,Otic sensory neuron,Surface ectoderm,Surface ectoderm,Ectoderm,"E9.0, E9.5, E10.0",2170,"Neurod1, Thsd7b, Cadm1, Ebf1, Ppp1r14a, Tubb3, Ccnd1, Cotl1, Six1, Tmsb4x","Ccnd1, Fgf10, Bdnf, Kirrel3, Gfra1, Greb1l, Zfpm2, Irx1, Palld, Celf2",Otic sensory neurons are bipolar neurons that delaminate from the neurogenic region of the otic vesicle (developing inner ear) and coalesce to form the cochleovestibular ganglion (cranial nerve VIII). These neurons relay auditory and vestibular information from sensory hair cells to the brainstem. Their appearance at E9.0–E10.0 corresponds to the window of neuroblast delamination and early ganglion formation in mouse development.,"The name is strongly supported by Neurod1, a master transcription factor essential for otic neuroblast delamination, survival, and differentiation, alongside the pan-neuronal marker Tubb3 and the otic placode transcription factor Six1. Among local markers, Fgf10 specifically marks the neurogenic domain of the otic vesicle, while Bdnf encodes a neurotrophin critical for the survival and target innervation of cochleovestibular ganglion neurons. Additional local markers Gfra1 (a GDNF co-receptor enriching in otic neurons) and Greb1l (whose loss-of-function causes inner ear malformations) further distinguish these cells as otic-derived sensory neurons rather than other cranial sensory or placodal populations. The surface ectoderm lineage assignment is consistent with an otic placode origin."
46,cell type,Pre-placodal ectoderm,Pre-placodal ectoderm,Surface ectoderm,Surface ectoderm,Ectoderm,"E8.5, E9.0",4934,"Slc2a3, Epcam, Aldh1a3, Krt18, Sema3a, Spint2, Wfdc2, Cldn6, Igfbp5, Krt8","Aldh1a3, Map1b, Sema3a, Pcdh9, Phlda1, Nr2f1, Gas1, Zfhx4, Pkdcc, Sulf1","Pre-placodal ectoderm is a horseshoe-shaped domain of surface ectoderm that borders the anterior neural plate and gives rise to all cranial sensory placodes, including the olfactory, lens, otic, and epibranchial placodes. Present at E8.5–E9.0, this progenitor field is specified by the intersection of BMP attenuation, FGF, and retinoic acid signaling at the neural plate border, and represents a transient competence state before individual placodes become specified.","The surface ectoderm identity of this cluster is established by high expression of epithelial markers Epcam, Krt8, Krt18, and Cldn6, consistent with its placement in the surface ectoderm lineage. Strong enrichment of Aldh1a3, a retinoic acid-synthesizing enzyme prominently expressed in the pre-placodal region, is a hallmark of this cell type and its top local marker. Additional local markers Nr2f1 (COUP-TFI), a transcription factor active in placodal specification, and Sema3a, a semaphorin guiding cranial sensory neuron projections, further distinguish this population from neighboring surface ectoderm subtypes. The presence of signaling modulators Sulf1, Gas1, and Pkdcc alongside the E8.5–E9.0 staging aligns precisely with the window of pre-placodal ectoderm specification before resolution into discrete placodal territories."
47,cell type,,Surface ectoderm,,Surface ectoderm,Ectoderm,"E8.0, E8.5, E9.0, E9.5, E10.0",11237,"Epcam, Pdgfa, Fgf8, Wnt6, Adamts18, Trp63, Frem2, Bambi, Etl4, Fmn1","Fgf8, Bambi, Unc5c, Adamts18, Gja1, Wnt5a, Plpp3, Map2, Tcf7, Msx1","Surface ectoderm is the non-neural portion of the embryonic ectoderm that covers the outer surface of the embryo after neurulation. It gives rise to the epidermis, hair follicles, sensory placodes, and associated glands, and plays critical signaling roles in patterning underlying mesenchyme during craniofacial and limb development.","The marker gene profile strongly supports a surface ectoderm identity. Epcam and Trp63 (p63) are canonical markers of non-neural ectoderm and epidermal progenitors, while Wnt6 is specifically expressed in surface ectoderm where it signals to adjacent somitic mesoderm. Fgf8, Msx1, and Bambi point to ectodermal signaling centers involved in craniofacial and limb bud patterning, and Frem2 encodes an extracellular matrix protein essential for epidermal basement membrane integrity whose mutations cause skin blistering. The combination of epithelial adhesion markers (Epcam, Gja1), surface ectoderm-specific ligands (Wnt6, Fgf8, Wnt5a, Pdgfa), and ectodermal transcription factors (Trp63, Tcf7) collectively distinguishes this population from neural ectoderm and definitively identifies it as surface ectoderm."
47a,cell subtype,Apical ectodermal ridge,Surface ectoderm,Surface ectoderm,Surface ectoderm,Ectoderm,"E9.5, E10.0",4521,"Fgf8, Adamts18, Pdgfa, Igfbp5, Epcam, Egr1, Hs6st3, Bambi, Wnt6, Fmn1","Fgf8, Bambi, Adamts18, Wnt5a, Hs6st3, Map2, Plpp3, Gja1, Dcbld1, Kirrel3","The apical ectodermal ridge (AER) is a specialized thickened epithelial structure that forms at the distal tip of the developing limb bud, serving as a critical signaling center for limb outgrowth and proximal-distal patterning. It secretes FGF ligands that maintain the underlying mesenchyme in a proliferative, undifferentiated state, and its appearance at E9.5–E10.0 coincides with the onset of forelimb and hindlimb bud emergence in the mouse.","The top global and local marker Fgf8 is the hallmark gene of the AER, encoding the principal FGF ligand required for sustained limb bud outgrowth and mesenchymal survival. Wnt5a, a prominent local marker, drives convergent extension movements essential for proximal-distal limb elongation, while Wnt6 in the global markers reflects the broader surface ectoderm identity from which the AER derives. Bambi, a BMP signaling pseudoreceptor enriched in this cluster, is consistent with the tight regulation of BMP activity needed to maintain AER integrity, and Hs6st3, a heparan sulfate sulfotransferase, likely modulates FGF–heparan sulfate interactions critical for AER signaling range and specificity. The epithelial marker Epcam and the presence of Fmn1—originally identified at the mouse limb deformity locus—further support the identification of this population as AER."
47b,cell subtype,Surface ectoderm (anterior),Surface ectoderm,Surface ectoderm,Surface ectoderm,Ectoderm,"E8.0, E8.5, E9.0",4504,"Epcam, Slc2a3, Krt18, Emb, Wfdc2, Spint2, Slc2a1, Krt8, Etl4, Ikzf2","Dlk1, Trpm3, Has2, Nkx2-3, Socs2, Pcdh7, Otx2, Emb, Prkg1, Unc5c","Surface ectoderm (anterior) is the non-neural ectoderm overlying the rostral (head) region of the mouse embryo during early organogenesis. This epithelial tissue gives rise to the anterior epidermis and contributes to cranial sensory placodes, including the lens and olfactory placodes. Present from E8.0 through E9.0, it represents the anterior domain of the surface ectoderm as it becomes regionalized along the body axis.","The global markers Epcam, Krt8, and Krt18 confirm a simple epithelial identity consistent with surface ectoderm, while Wfdc2 and Spint2 further support a non-neural ectodermal character. The anterior designation is strongly supported by the local marker Otx2, a transcription factor that is a master regulator of anterior (rostral) identity in the developing embryo and a definitive marker distinguishing head from trunk ectoderm. Additional local markers such as Nkx2-3, which is expressed in the pharyngeal and anterior endodermal/ectodermal region, and Unc5c, a netrin receptor involved in anterior morphogenetic signaling, reinforce the rostral positioning of this population relative to the other surface ectoderm subtypes."
47c,cell subtype,Surface ectoderm (posterior),Surface ectoderm,Surface ectoderm,Surface ectoderm,Ectoderm,"E8.0, E8.5, E9.0, E9.5, E10.0",2212,"Slc2a3, Epcam, Pdgfa, Krt18, Wnt6, Krt8, Hapln1, Spint2, Cldn6, Msx1","Msx1, Cdx2, Crabp1, Hoxaas3, S100a10, Phlda2, Pmp22, Hoxc8, Wnt6, Hapln1","Surface ectoderm (posterior) is the non-neural ectoderm overlying the caudal (trunk and tail) region of the mouse embryo, present from E8.0 through E10.0 as the body axis elongates. This epithelial population will give rise to the posterior epidermis and contributes to dorsal–ventral patterning of underlying tissues through secreted signals such as WNT6. It is distinguished from anterior surface ectoderm by its expression of posterior positional identity genes rather than cranial or placodal programs.","The surface ectoderm identity is established by global markers including the epithelial genes Epcam, Krt8, Krt18, Cldn6, and Spint2, together with Wnt6, a well-characterized signal secreted by surface ectoderm that patterns the adjacent somites and neural tube. The posterior designation is strongly supported by the local markers that distinguish this cluster from other surface ectoderm subtypes: Cdx2 and Hoxc8 are canonical posterior transcription factors that define caudal axial identity, while Hoxaas3 (a HoxA-cluster antisense transcript) further reinforces posterior Hox pathway activity. Additionally, Crabp1, encoding a retinoic acid–binding protein involved in posteriorizing gradients, and Msx1, a boundary-zone transcription factor enriched in posterior and ventral ectoderm, together confirm that this population represents the caudalmost domain of the surface ectoderm."
48,cell type,Trigeminal placode,Trigeminal placode,Surface ectoderm,Surface ectoderm,Ectoderm,"E9.0, E9.5, E10.0",13443,"Igfbp2, Hapln1, Slc2a3, Sostdc1, S100a11, Epcam, Tpm1, Sema3a, Egr1, Wnt6","Igfbp2, Hapln1, Slc2a3, Ctnna2, Slit3, S100a10, S100a11, Sostdc1, Anxa2, Mt2","The trigeminal placode is a region of thickened surface ectoderm in the developing head that gives rise to somatosensory neurons of the trigeminal (cranial nerve V) ganglion, which mediates touch, pain, and temperature sensation across the face and jaw. Appearing from E9.0 onward in this dataset, these cells are undergoing specification and delamination from the surface ectoderm to contribute the placode-derived neuronal population of the trigeminal ganglion, complementing the neural crest-derived component. As part of the surface ectoderm lineage, trigeminal placode cells retain epithelial characteristics while activating a neurogenic program.","The surface ectoderm and epithelial identity of this cluster is supported by Epcam, Wnt6, Sostdc1, and the S100 family members S100a11 and S100a10, which collectively mark placodal ectoderm and distinguish it from neural crest-derived sensory neurons. Sema3a is a particularly informative marker, as it is a secreted guidance cue with a well-established role in trigeminal axon pathfinding and ganglion morphogenesis, strongly supporting trigeminal placode identity over other cranial placodes. The neurogenic character of these cells is reflected by Ctnna2 (neuronal alpha-N-catenin) and the axon guidance molecule Slit3, while Hapln1 and Igfbp2 suggest active extracellular matrix remodeling consistent with the delamination and migration of placode-derived neuroblasts during this developmental window."
49,cell type,Trigeminal sensory neuron,Trigeminal sensory neuron,Surface ectoderm,Surface ectoderm,Ectoderm,"E9.0, E9.5, E10.0",6382,"Tubb3, Sdk1, Thsd7b, Neurod1, Nrg1, Ebf1, Isl1, Cadm1, Eya2, Kcnb2","Nrg1, Ccnd2, Peg3, Ntm, Ptprd, Robo2, Sdk1, Kif19a, Elavl2, Tfap2a","Trigeminal sensory neurons are somatosensory neurons of the trigeminal ganglion (cranial nerve V) that innervate the face, jaw, and anterior head to relay touch, pain, and temperature signals. In the mouse embryo, a major population of these neurons derives from the trigeminal placode, a thickened region of surface ectoderm, consistent with the ectoderm/surface ectoderm lineage assignment. These neurons are among the earliest born sensory neurons, appearing from E9.0 onward as the trigeminal ganglion coalesces and extends peripheral and central projections.","The neuronal identity of this cluster is firmly established by pan-neuronal markers Tubb3 and Elavl2 together with the sensory neuron transcription factors Neurod1 and Isl1, both of which are essential for cranial sensory ganglion differentiation. A placode-derived trigeminal identity is supported by Eya2, a hallmark of placodal progenitors critical for trigeminal ganglion formation, and Tfap2a, which marks trigeminal placode-derived neurons and distinguishes them from neural crest-derived counterparts. Axon guidance and adhesion molecules such as Sdk1, Robo2, Nrg1, and Ntm reflect the active axonal outgrowth of trigeminal neurons during E9.0–E10.0 as they project toward their peripheral and central targets. The transcription factor Ebf1 further supports a sensory neuron classification, as it is expressed in developing cranial ganglia and required for proper sensory neuron maturation."
50,cell type,Definitive endoderm,Definitive endoderm,Early,Endoderm,Endoderm,E7.5,237,"Emb, Car4, Slc16a1, Slc2a3, Trh, Krt18, Krt8, Epcam, Spink1, Cldn6","Trh, Sfrp1, Cer1, Car2, Eda, Kitl, Elmo1, Sox17, Krt8, Cd24a","Definitive endoderm is an embryonic germ layer that emerges during gastrulation from the anterior primitive streak and displaces the earlier visceral endoderm to form the outermost epithelial layer of the embryo. Present at E7.5, these cells are the progenitors of the entire gut tube and its derivative organs, including the liver, pancreas, lungs, and thyroid. Definitive endoderm is distinguished from visceral (extraembryonic) endoderm by a distinct transcriptional program centered on key endoderm-specifying transcription factors.","The designation as definitive endoderm is strongly supported by the local marker Sox17, a master transcription factor that is both necessary and sufficient for definitive endoderm specification and is a canonical marker distinguishing this lineage from visceral endoderm. Cer1, another prominent local marker, encodes an anterior definitive endoderm signal that antagonizes Nodal, BMP, and Wnt pathways and is characteristic of the earliest definitive endoderm emerging from the anterior primitive streak. The epithelial identity of these cells is confirmed by global markers Krt8, Krt18, Epcam, and Cldn6, all hallmarks of endodermal epithelium, while Sfrp1 (a secreted Wnt antagonist enriched in nascent definitive endoderm) and Trh further refine the signature to this specific early endoderm population rather than later gut tube derivatives."
51,cell type,Gut,Gut,Early,Endoderm,Endoderm,E8.0,913,"Emb, Slc2a3, Car4, Krt18, Epcam, Krt8, Spink1, Slc16a1, Slc2a1, Apela","Apela, Spink1, Car4, Slc2a1, Trh, Slc16a1, Ifitm1, Emb, Cpn1, Sparc","Gut endoderm at E8.0 represents the nascent primitive gut tube forming as the definitive endoderm folds ventrally during embryo turning. At this stage, the gut epithelium is largely unregionalized, comprising a broad population of endoderm-derived cells that will subsequently pattern into foregut, midgut, and hindgut domains as organogenesis proceeds.","The epithelial identity of this population is established by strong expression of Krt8, Krt18, and Epcam, canonical markers of endoderm-derived epithelium. Enrichment for Spink1 (a serine protease inhibitor associated with gut and pancreatic epithelium) and Cpn1 (carboxypeptidase N) points specifically toward a gut epithelial rather than generic endodermal identity. Prominent expression of nutrient and metabolite transporters Slc2a1, Slc2a3, and Slc16a1 reflects the absorptive and metabolically active character of the emerging gut tube, while Apela—a key regulator of endoderm migration and gut morphogenesis—and Car4, which supports luminal pH homeostasis, further reinforce the designation as gut endoderm."
52,cell type,Prechordal plate,Prechordal plate,Endoderm and notochord,Mesoderm,Mesoderm,"E7.5, E8.0, E8.5, E9.0",243,"Shh, Slit2, T, Kirrel3, Krt8, Cthrc1, Krt19, Zfp385b, Krt18, Pcdh7","Kirrel3, Shh, Slit2, T, Zfp385b, Nog, Tmod2, Krt19, Alcam, Ptprd","The prechordal plate is a specialized axial mesendodermal structure situated at the anterior tip of the notochord, directly beneath the developing forebrain. It functions as a critical ventral midline signaling center during early embryogenesis, secreting morphogens that pattern the ventral forebrain, induce the hypothalamus, and establish bilateral symmetry of craniofacial structures. Its presence from E7.5 through E9.0 is consistent with its role in head organizer activity during gastrulation and early organogenesis.","The strong expression of Shh (Sonic hedgehog) is the hallmark of the prechordal plate, which serves as the primary source of Hedgehog signaling for ventral forebrain patterning and midline specification. Co-expression of T (Brachyury) confirms axial mesoderm identity, while Nog (Noggin), a BMP antagonist enriched in local markers, reflects the prechordal plate's organizer function in dorsalizing and anteriorizing adjacent neural tissue. The presence of Slit2, an axon guidance ligand expressed by midline structures, further supports an axial midline identity. Cytokeratins Krt8, Krt18, and Krt19 are consistent with the epithelial character of this mesendodermal derivative, distinguishing it from paraxial and lateral plate mesoderm populations."
53,cell type,,Foregut,,Endoderm,Endoderm,"E8.5, E9.0, E9.5, E10.0",7135,"Epcam, 9030622O22Rik, Peg3, Mecom, Emb, Cpm, Fras1, Sema3c, Rcan2, Frem2","Mecom, Cdh6, 9030622O22Rik, Meis1, Galntl6, Sema3c, Peg3, Reln, Cdkn1c, Sfta3-ps","The foregut is the anterior segment of the definitive endoderm tube, established during gut tube morphogenesis as the embryo undergoes anterior-to-posterior patterning. Present from E8.5 through E10.0, foregut endoderm gives rise to the thyroid, thymus, lungs, liver, stomach, and dorsal pancreas. It is distinguished from hindgut and midgut endoderm by a distinct transcriptional program driven by anterior signaling gradients.","The epithelial endoderm identity of this cluster is confirmed by the pan-epithelial marker Epcam, while Mecom (Evi1) — the top local marker and a prominent global marker — is a well-established transcription factor enriched in foregut endoderm and critical for its development. Cpm (carboxypeptidase M), a recognized marker of ventral foregut and early lung progenitors, further supports anterior endoderm identity, as does Sfta3-ps, a surfactant-associated pseudogene indicative of emerging respiratory fate. The local enrichment of Meis1, a TALE-class homeodomain factor involved in anterior patterning, and Cdh6, a cadherin that distinguishes foregut from other gut tube domains, corroborates the foregut designation relative to neighboring endoderm subtypes."
53a,cell subtype,Foregut,Foregut,Endoderm and notochord,Endoderm,Endoderm,"E8.5, E9.0",1723,"Ttr, Krt18, Bex1, Robo2, Emb, Krt8, Epcam, Car4, Bex4, Cldn6","Ttr, Cdkn1c, Reln, Hhex, Robo2, Peg10, Pyy, Apela, Phlda2, Car4","Foregut endoderm cells are the anterior portion of the definitive endoderm tube that gives rise to the thyroid, lungs, liver, pancreas, and proximal gastrointestinal tract. Present at E8.5–E9.0, these cells are undergoing regionalization and early organogenesis as the foregut pocket closes and visceral organ primordia begin to emerge.","The marker profile strongly supports a foregut endoderm identity. Ttr (transthyretin), the top global and local marker, is a classic marker of foregut-derived tissues including the developing liver and yolk sac endoderm. Hhex, a local marker, is a key transcription factor specifying foregut fate and is essential for liver and thyroid bud formation. Epithelial markers such as Krt18, Krt8, Epcam, and Cldn6 confirm the endodermal epithelial character of these cells, while Pyy (peptide YY) and Car4 (carbonic anhydrase 4) reflect early gut tube regionalization. The presence of Apela and the imprinted genes Peg10 and Phlda2 among local markers distinguishes this population from neighboring endoderm subtypes, consistent with the distinct signaling environment of the anterior endoderm."
53b,cell subtype,Pancreatic-biliary progenitor,Foregut,Endoderm and notochord,Endoderm,Endoderm,"E9.5, E10.0",1056,"Nepn, Epcam, 9030622O22Rik, Peg3, Krt18, Rbp4, Emb, Spint2, Krt8, Onecut2","Onecut2, Nepn, Flrt2, Rbms3, Sfrp5, Pdx1, Nkx6-2, Sox9, Prox1, Ambp","Pancreatic-biliary progenitors are multipotent endodermal cells of the posterior foregut that give rise to the pancreas, gallbladder, and extrahepatic bile ducts. Emerging around E8.5–E9.5 in mouse development, these progenitors occupy a critical branch point where pancreatic and biliary fates diverge under the influence of local signaling gradients. Their presence from E9.0 to E10.0 in this dataset is consistent with the developmental window during which the ventral pancreatic and biliary buds are specified and begin morphogenesis.","The local markers strongly support a pancreatic-biliary progenitor identity, with Pdx1 marking the earliest pancreatic progenitor domain, Sox9 labeling the multipotent pancreatic epithelial progenitor pool, and Nkx6-2 identifying ventral foregut endoderm fated toward the pancreatic lineage. Biliary specification is evidenced by Prox1, which is essential for hepatobiliary morphogenesis and marks the biliary progenitor compartment, and by Ambp, a secreted protein characteristic of hepatobiliary tissues. Onecut2, the top local marker, is a transcription factor with well-established roles in both pancreatic endocrine differentiation and bile duct development, reinforcing the bipotent pancreatic-biliary identity. The co-expression of Sfrp5, a Wnt antagonist enriched in the pancreatic epithelium, alongside epithelial markers such as Epcam, Krt8, and Krt18 further confirms these cells as an epithelial endodermal progenitor population bridging pancreatic and biliary fates."
53c,cell subtype,Respiratory progenitor,Foregut,Endoderm and notochord,Endoderm,Endoderm,"E9.0, E9.5, E10.0",2762,"Epcam, 9030622O22Rik, Krt18, Mecom, Peg3, Krt8, Emb, Bex1, Arg1, Cldn6","Sox2, 9030622O22Rik, Galntl6, Rarb, Ppp2r2b, Osr1, Hotairm1, Mecom, Meis1, Car4","Respiratory progenitors are ventral foregut endoderm cells that give rise to the trachea, bronchi, and lung epithelium, first specified around E9.0 in mouse development. This population represents the earliest committed precursors of the respiratory lineage, emerging as a bud from the anterior foregut and expanding through E10.0 as the lung buds undergo branching morphogenesis.","The local marker Sox2 is a key transcription factor that marks proximal airway progenitors and distinguishes the tracheal and bronchial epithelium from distal lung tip cells. Rarb (retinoic acid receptor beta) reflects active retinoic acid signaling, which is essential for respiratory specification from the foregut endoderm, while Mecom (a global and local marker) is a zinc-finger transcription factor implicated in lung epithelial development. Car4 (carbonic anhydrase 4) is characteristic of lung epithelial cells, and Osr1 has been associated with respiratory mesenchyme and progenitor patterning. The epithelial markers Epcam, Krt8, Krt18, and Cldn6 confirm the endodermal epithelial identity of this population, consistent with a foregut-derived respiratory progenitor state."
53d,cell subtype,Thyroid progenitor,Foregut,Endoderm and notochord,Endoderm,Endoderm,"E9.5, E10.0",1594,"Mecom, Sfta3-ps, Foxp2, Epcam, Nkx2-1, Shh, Sema3c, Ctnnd2, Krt18, Cpm","Sfta3-ps, Foxp2, Nkx2-1, Ctnnd2, Shh, Plcl1, Mecom, Lama3, Epha7, Irx2","Thyroid progenitors are a specialized population of foregut endoderm cells that give rise to the thyroid gland, the earliest endocrine organ to develop in the mouse embryo. These cells emerge from the pharyngeal floor of the anterior foregut around E8.5–E9.0, forming a midline bud that subsequently descends and bifurcates into the bilobed thyroid primordium by E10.0. They are characterized by expression of key transcription factors required for thyroid fate specification, maintenance of thyroid identity, and production of thyroid hormones in later development.","The designation as thyroid progenitor is strongly supported by the expression of Nkx2-1 (prominent in both global and local marker lists), the master transcription factor essential for thyroid bud specification and the earliest known marker of thyroid fate in the foregut endoderm. Shh, which is also highly ranked among both global and local markers, is expressed throughout the foregut endoderm and plays a critical signaling role in thyroid morphogenesis. Epithelial markers such as Epcam and Krt18 confirm the endodermal epithelial identity expected of foregut-derived thyroid progenitors, while Foxp2 and Irx2 are consistent with pharyngeal region patterning where the thyroid bud originates. The presence at E9.5–E10.0 aligns precisely with the developmental window of thyroid bud formation and early descent from the pharyngeal floor."
54,cell type,Hepatoblast,Hepatoblast,Endoderm and notochord,Endoderm,Endoderm,"E9.5, E10.0",2708,"Afp, Dlk1, Fgb, Reln, Ttr, Apoa2, Itih2, Rbp4, Apoe, Trf","Dlk1, Afp, Itih2, Reln, Fgb, Fabp5, Apoa2, Ambp, Serpina1b, Serpinf2","Hepatoblasts are the bipotential liver progenitor cells of the endoderm lineage that give rise to both hepatocytes and cholangiocytes (biliary epithelial cells). Emerging from the hepatic endoderm around E9.0 in the mouse as the liver bud forms, these cells rapidly proliferate and begin expressing early hepatic functions including serum protein synthesis and lipid metabolism, establishing the fetal liver as a major site of hematopoiesis and metabolic activity.","The marker gene profile strongly supports a hepatoblast identity, with Afp (alpha-fetoprotein) and Dlk1 (delta-like 1) serving as canonical markers of fetal liver progenitors that distinguish hepatoblasts from mature hepatocytes. Abundant expression of serum proteins such as Ttr (transthyretin), Apoa2, Apoe, Trf (transferrin), Rbp4, and Fgb (fibrinogen beta chain) reflects the early onset of hepatic secretory function characteristic of hepatoblasts. The presence of protease inhibitors Serpina1b, Serpinf2, Ambp, and the inter-alpha-trypsin inhibitor Itih2 further confirms hepatic identity, as these are hallmark products of liver parenchymal cells. The co-expression of Reln and Fabp5 alongside these liver-specific markers is consistent with the metabolically active, immature hepatic progenitor state seen at E9.0–E10.0, prior to full hepatocyte or cholangiocyte differentiation."
55,cell type,Hindgut,Hindgut,Endoderm and notochord,Endoderm,Endoderm,"E8.5, E9.0, E9.5, E10.0",7896,"Epcam, Gpc3, Spint2, Robo2, Cldn7, Cldn6, Bex1, Slc2a3, Ezr, Prickle1","Prickle1, Hoxa9, Map1b, Hoxa10, Mllt3, Amph, Fbn2, Wnt5a, Greb1, Trps1","The hindgut is the posterior segment of the embryonic gut tube, arising from the ventral folding of posterior definitive endoderm during embryo turning around E8.5. It gives rise to the distal large intestine, rectum, and contributes to the cloaca and allantois-associated structures. Its appearance at E8.5 and persistence through E10.0 is consistent with the progressive elongation and regionalization of the gut tube during these stages.","The hindgut identity is most clearly established by the local markers Hoxa9 and Hoxa10, posterior Hox genes whose expression defines the caudal domain of the gut tube and distinguishes hindgut from midgut and foregut endoderm along the anterior-posterior axis. Wnt5a, a non-canonical Wnt ligand essential for posterior body axis elongation and hindgut morphogenesis, further supports caudal gut identity. Global markers including Epcam, Cldn6, Cldn7, and Ezr confirm a definitive endoderm epithelial character, while Prickle1, a planar cell polarity component prominent in both marker lists, reflects the convergent extension movements driving gut tube elongation in this posterior region."
56,cell type,Midgut,Midgut,Endoderm and notochord,Endoderm,Endoderm,"E8.5, E9.0, E9.5, E10.0",6501,"Rbp4, Epcam, Nepn, Krt18, Bex1, Krt8, Spint2, Peg3, Robo2, Cldn6","Rbp4, Nepn, Kcnq3, Prdm1, Elmo1, Kif26b, Dpp4, Tdh, Klhl13, Pitx2","The midgut is the central segment of the embryonic gut tube that forms between E8.5 and E10.0 as the lateral endodermal folds close along the anterior-posterior axis. This region gives rise to the distal duodenum, jejunum, ileum, cecum, and ascending colon, and is a major site of nutrient absorption in the mature intestine. During the stages captured here, midgut endoderm is undergoing regionalization, elongation, and the early stages of villus morphogenesis.","The epithelial endodermal identity of this cluster is established by Epcam, Krt8, Krt18, and the tight junction component Cldn6, while Spint2 further marks gut epithelium. Midgut regional identity is supported by Rbp4 and Nepn, both enriched in the midgut endoderm relative to foregut and hindgut, and by Dpp4, a dipeptidyl peptidase characteristic of the intestinal brush border epithelium that derives from the midgut. Pitx2, which drives left-right asymmetric gut looping and is prominently expressed in the midgut mesendoderm, and Prdm1, which marks the midgut-hindgut transition zone and is required for intestinal identity, provide additional regional specificity distinguishing this cluster from adjacent foregut and hindgut populations."
57,cell type,Parietal endoderm,Parietal endoderm,Endoderm and notochord,Endoderm,Endoderm,"E7.5, E8.0, E9.0, E9.5, E10.0",37,"Sparc, Col4a1, Fst, Cd9, Lama1, Fabp3, Col4a2, Lamc1, Lamb1, Srgn","Fst, Col4a1, Lama1, Sparc, Col4a2, Serpinh1, Lamc1, Lamb1, Srgn, Nid1","Parietal endoderm is an extraembryonic endoderm lineage that derives from primitive endoderm and migrates along the inner surface of the trophectoderm in the mouse embryo. Its primary function is the secretion of Reichert's membrane, a thick specialized basement membrane that separates the embryo from maternal tissues and serves as a structural and molecular barrier during early post-implantation development.","The marker gene signature is dominated by core basement membrane components characteristic of Reichert's membrane production. Col4a1 and Col4a2 encode the type IV collagen α1 and α2 chains, while Lama1, Lamb1, and Lamc1 encode the three subunits of laminin-111 (α1β1γ1), together constituting the major structural scaffolds of Reichert's membrane. Nid1 (nidogen-1) bridges these laminin and collagen IV networks, and Sparc facilitates basement membrane assembly, while Serpinh1 (HSP47) acts as a collagen-specific chaperone essential for proper collagen folding and secretion. The co-expression of this complete Reichert's membrane biosynthetic program, along with Fst (follistatin) which is a known parietal endoderm marker, firmly identifies these cells as parietal endoderm rather than visceral endoderm or other endodermal populations."
58,cell type,Pharyngeal endoderm,Pharyngeal endoderm,Endoderm and notochord,Endoderm,Endoderm,"E8.5, E9.0, E9.5, E10.0",13027,"Epcam, Igfbp5, Krt18, Spint2, Cldn6, Wfdc2, Etl4, Cldn7, Bex1, Sulf1","Sulf1, Adgrv1, Tmsb4x, Palld, Cacna2d1, Pax9, Ccser1, Uchl1, Foxe1, Sparc","Pharyngeal endoderm is the epithelial lining of the pharyngeal arches and pouches, a transient series of structures in the developing head and neck region. This tissue serves as a critical signaling center for craniofacial morphogenesis and gives rise to derivatives including the thyroid, parathyroid glands, thymus, and ultimobranchial body. Its appearance from E8.5 onward is consistent with the timing of pharyngeal arch formation in the mouse embryo.","The global markers confirm a definitive endodermal epithelial identity, with strong expression of pan-epithelial genes such as Epcam, Krt18, Cldn6, and Cldn7. The local markers distinguish this population from other endoderm subtypes and provide compelling evidence for pharyngeal regionalization: Pax9 is a transcription factor essential for pharyngeal pouch patterning and arch-derived organ development, while Foxe1 marks the pharyngeal endoderm domain fated to form the thyroid primordium. Additionally, Sulf1, an extracellular sulfatase that modulates Wnt and BMP signaling gradients, is prominently expressed in pharyngeal endoderm where it regulates signaling to adjacent neural crest mesenchyme during craniofacial development."
59,cell type,Visceral endoderm,Visceral endoderm,Extraembryonic and PGC,Extraembryonic endoderm,Endoderm,"E7.5, E8.0, E9.0, E8.5, E9.5, E10.0",1402,"Ttr, Rbp4, Apoa1, Apob, Apoe, Cubn, Emb, Afp, Dab2, Amn","Ttr, Rbp4, Apoa1, Apob, Cubn, Afp, Dab2, Apom, Amn, Tdh","Visceral endoderm is an extraembryonic endoderm layer that envelops the egg cylinder in early mouse development, functioning as the primary nutrient-absorptive and metabolic epithelium before the definitive yolk sac and fetal liver mature. It mediates maternal-embryonic nutrient exchange through receptor-mediated endocytosis, synthesizes serum transport proteins and apolipoproteins, and plays critical signaling roles in anterior-posterior axis specification during gastrulation. This population persists from E7.5 through E10.0 as part of the visceral yolk sac endoderm.","The marker gene profile is a hallmark of visceral endoderm identity, dominated by genes encoding serum transport proteins (Ttr, Rbp4, Afp) and apolipoproteins (Apoa1, Apob, Apoe, Apom) that reflect this tissue's role as the embryo's principal metabolic exchange surface prior to liver development. The co-expression of Cubn, Amn, and Dab2 defines the endocytic machinery unique to visceral endoderm — Cubilin and Amnionless form the cubam receptor complex for nutrient uptake, while Dab2 is an essential endocytic adaptor required for its apical endocytosis. These endocytic markers are particularly informative in the local comparison, distinguishing visceral endoderm from related endoderm populations that lack this absorptive specialization. Together, the convergence of nutrient transport, apolipoprotein synthesis, and receptor-mediated endocytosis genes provides unambiguous support for the visceral endoderm designation."
60,cell type,Epiblast,Epiblast,Early,Epiblast,Epiblast,E7.5,635,"Pou5f1, Dnmt3b, Fst, Epcam, Bex4, Tceal8, Bex1, Emb, Spint2, Pim2","Cdx2, Mcc, Fst, Id3, Sp5, Pou5f1, Sema6a, Tceal8, Ptprm, Epcam","The epiblast is the pluripotent epithelial tissue of the early post-implantation embryo that gives rise to all somatic cell lineages and the germline. At E7.5, epiblast cells are actively undergoing gastrulation, with subsets delaminating through the primitive streak to form mesoderm and definitive endoderm, while the remaining epiblast retains pluripotency and contributes to the ectoderm.","The name Epiblast is strongly supported by the high expression of Pou5f1 (Oct4), a master regulator of pluripotency that is a hallmark of the undifferentiated epiblast prior to lineage commitment. Dnmt3b, a de novo DNA methyltransferase highly active during epiblast maturation, and Epcam, an epithelial adhesion molecule characteristic of the epiblast epithelium, further confirm this identity. Local markers such as Id3 and Fst suggest a pre-gastrulation or early-gastrulation epiblast state, as Id3 maintains an undifferentiated progenitor state and Fst (Follistatin) antagonizes BMP/Activin signaling to restrain premature differentiation. The presence of Cdx2 and Sp5 among local markers likely reflects proximity to posterior epiblast populations primed for primitive streak ingression, consistent with the E7.5 gastrulation stage."
61,cell type,Primitive streak,Primitive streak,Early,Epiblast,Epiblast,"E7.5, E8.0",1071,"T, Pou5f1, Fst, Dnmt3b, Tceal8, Apln, Sp5, Phlda2, Lef1, Emb","T, Fst, Hoxb1, Wnt3a, Alcam, Rbp1, Apln, Meis2, Hoxb2, Hes7","The primitive streak is a transient embryonic structure that forms at the posterior end of the epiblast during gastrulation, serving as the site where epiblast cells undergo epithelial-to-mesenchymal transition to ingress and form the mesoderm and definitive endoderm germ layers. Present at E7.5–E8.0, it is the organizing center for body axis specification and is essential for establishing the anterior-posterior polarity of the embryo.","The assignment of this cluster as primitive streak is strongly supported by high expression of T (Brachyury), the canonical marker of the streak and nascent mesoderm, along with Wnt3a, a key ligand required for streak induction and maintenance. Additional markers reinforce this identity: Sp5 and Lef1 are direct transcriptional targets of the Wnt/β-catenin signaling pathway that is active in the streak, while Fst (Follistatin) antagonizes BMP/Activin signaling to modulate the balance of mesoderm versus endoderm fate decisions. The presence of posterior Hox genes (Hoxb1, Hoxb2) and the somitogenesis oscillation gene Hes7 among local markers indicates posterior streak character, and co-expression of the pluripotency factor Pou5f1 (Oct4) is consistent with cells that have only recently departed the epiblast state."
62,cell type,Axial progenitor,Axial progenitor,Posterior neural ectoderm,Epiblast,Epiblast,"E8.0, E8.5, E9.0, E9.5, E10.0",10193,"Cdx4, Cyp26a1, Rspo3, T, Fgf8, Hoxaas3, Greb1, Cdx2, Kif26b, Mllt3","Cyp26a1, T, Fgf8, Rspo3, Cdx4, Cdx2, Fgf17, Tpm1, Epha5, Sema6a","Axial progenitors are a bipotent stem cell population residing in the caudal lateral epiblast and, later, in the tail bud region that fuels posterior body axis elongation from mid-gastrulation onward. They serve as a long-lived source of both spinal cord neural progenitors and paraxial mesoderm (somite precursors), and their gradual exhaustion determines the final length of the embryonic trunk and tail. Their persistence from E8.0 through E10.0 in this dataset is consistent with their known role in sustaining somitogenesis and spinal cord extension throughout this developmental window.","The hallmark transcription factor T (Brachyury), a top global and local marker, is a canonical axial progenitor gene required for posterior mesoderm specification and progenitor self-renewal. Co-expression of Cdx2 and Cdx4 further defines the caudal progenitor identity, as these homeobox genes maintain posterior Hox gene activation and are essential for axial progenitor maintenance. Active FGF signaling through Fgf8 and Fgf17, together with Wnt pathway potentiation via Rspo3, reflects the signaling niche that sustains progenitor multipotency in the tail bud, while high Cyp26a1 expression indicates active degradation of retinoic acid to shield this caudal domain from differentiation-promoting RA signals. Together, this marker signature—caudal transcription factors (T, Cdx2/4), posteriorizing growth factor ligands (Fgf8/17, Rspo3), and RA-clearance machinery (Cyp26a1)—is definitive for axial progenitors rather than their differentiated neural or mesodermal descendants."
63,cell type,Macrophage,Macrophage,Blood and endothelial,Blood,Mesoderm,"E9.0, E9.5, E10.0",2209,"Coro1a, Mef2c, Runx1, Fcer1g, Arpc1b, Lcp1, Tmsb4x, Arhgdib, Ccl3, Spi1","Ccl3, Coro1a, Cebpb, Spi1, Tyrobp, Ctsc, Lcp1, Apbb1ip, Plac8, C1qb","Macrophages are tissue-resident myeloid cells that arise from primitive and definitive hematopoiesis in the mouse embryo, becoming prominent from E8.5 onward as yolk sac-derived progenitors seed embryonic tissues. They function as professional phagocytes critical for tissue remodeling, clearance of apoptotic cells during morphogenesis, and innate immune defense.","The macrophage identity is strongly supported by expression of the master myeloid transcription factor Spi1 (PU.1), which is essential for macrophage differentiation, together with the myeloid-lineage transcription factors Cebpb and Runx1. Effector and signaling genes characteristic of mature macrophages are prominently represented, including the chemokine Ccl3 (MIP-1α), the complement component C1qb, the immunoreceptor adaptor Tyrobp (DAP12), the Fc receptor Fcer1g, and the lysosomal protease Ctsc (cathepsin C). Cytoskeletal regulators associated with phagocytic and migratory function—Coro1a, Lcp1 (L-plastin), Arpc1b, and Arhgdib—further confirm an activated macrophage phenotype. The local enrichment of Ccl3, Tyrobp, and C1qb relative to closely related blood cell types distinguishes these cells as committed, functionally mature macrophages rather than earlier myeloid progenitors."
64,cell type,Megakaryocyte,Megakaryocyte,Blood and endothelial,Blood,Mesoderm,"E9.0, E9.5, E10.0",833,"Pf4, Fermt3, Plek, Thbs1, Prkca, Rab27b, Prkar2b, Rap1b, Cd9, Itgb3","Pf4, Thbs1, Rab27b, Prkca, Fermt3, Rabgap1l, Pard3b, Plek, Itgb3, Cd9","Megakaryocytes are large polyploid cells of the blood lineage that arise from megakaryocyte-erythrocyte progenitors and are responsible for producing platelets, the anucleate cell fragments essential for hemostasis and wound repair. In the mouse embryo, megakaryopoiesis initiates in the yolk sac during primitive hematopoiesis and later transitions to the fetal liver, consistent with their appearance from E8.5 onward in this dataset.","The marker gene profile strongly supports a megakaryocyte identity. Pf4 (CXCL4), the top global and local marker, is a canonical megakaryocyte-specific chemokine stored in platelet alpha granules, while Itgb3 (GPIIIa/CD61) and Cd9 are surface integrins critical for platelet adhesion and aggregation. Thbs1 (thrombospondin-1) is an alpha-granule glycoprotein involved in platelet activation, and Plek (pleckstrin) is a major protein kinase C substrate in platelets that mediates granule secretion downstream of Prkca (PKCα). Additional markers such as Fermt3 (kindlin-3), which is required for integrin activation in megakaryocytes, and Rab27b, which regulates dense granule biogenesis and exocytosis, further confirm the megakaryocyte lineage assignment."
65,cell type,Primitive erythrocyte,Primitive erythrocyte,Blood and endothelial,Blood,Mesoderm,"E8.5, E9.0, E9.5, E10.0",55549,"Hbb-y, Hbb-bh1, Hba-x, Hba-a1, Hba-a2, Ahsp, Car2, Mgst3, Slc25a37, Gypa","Hba-x, Hbb-y, Hbb-bh1, Hba-a1, Hba-a2, Ahsp, Car2, Mgst3, Slc25a37, Gypa","Primitive erythrocytes are the first red blood cells produced during mammalian embryogenesis, arising from yolk sac blood islands during primitive hematopoiesis. Unlike definitive erythrocytes, they are large, nucleated cells that circulate in the embryonic bloodstream and serve as the primary oxygen carriers during early development, from approximately E7.5 through mid-gestation. Their presence from E8.5 to E10.0 in this dataset is consistent with the known window of primitive erythropoiesis in the mouse.","The marker gene signature is dominated by embryonic-type hemoglobins — Hbb-y (epsilon-y beta-globin), Hbb-bh1 (beta-H1 globin), and Hba-x (zeta-globin) — which are hallmarks of primitive erythrocytes and distinguish them from definitive red blood cells that instead express adult-type globins such as Hbb-bs and Hbb-bt. Co-expression of Hba-a1 and Hba-a2 (alpha-globins shared across erythroid lineages) alongside Ahsp (alpha-hemoglobin stabilizing protein) and Slc25a37 (mitochondrial iron transporter essential for heme biosynthesis) confirms active hemoglobin production. Additional markers including Car2 (carbonic anhydrase 2, critical for CO2 transport), Gypa (glycophorin A, a canonical erythrocyte surface marker), and Mgst3 (involved in oxidative stress protection in hemoglobin-rich cells) further support a mature, functional erythrocyte identity. The embryonic globin dominance — particularly Hba-x and Hbb-bh1 as the top local markers distinguishing these cells from related types — unambiguously identifies them as primitive rather than definitive erythrocytes."
66,cell type,Allantoic endothelial progenitor,Allantoic endothelial progenitor,Blood and endothelial,Extraembryonic mesoderm,Mesoderm,"E8.0, E8.5, E9.0, E10.0",3230,"Ramp2, Kdr, Mest, Fli1, Egfl7, Fn1, Plac1, Ptprm, Rhoj, Meg3","Meg3, Dlk1, Plac1, Rian, Peg3, Fn1, Mest, Hoxa9, Igf2r, Tmem158","Allantoic endothelial progenitors are extraembryonic mesoderm-derived cells within the allantois that give rise to the umbilical vasculature and contribute endothelial cells to the developing chorioallantoic placenta. Emerging around E8.0 as the allantois buds from the posterior embryo, these progenitors undergo vasculogenesis to form the blood vessels that will connect the embryonic and placental circulations. Their persistence through E10.0 reflects the ongoing vascular remodeling required as the placenta matures and the umbilical cord elongates.","The endothelial progenitor identity is supported by strong expression of canonical vascular markers including Kdr (VEGFR2, the master regulator of vasculogenesis), Fli1 (an ETS transcription factor essential for endothelial specification), Egfl7 (secreted by endothelial cells during vascular tube formation), Rhoj (an endothelial Rho GTPase), and Ramp2 (an endothelial receptor component). Allantoic and extraembryonic origin is indicated by Plac1 (a placenta-specific gene) and a striking enrichment of imprinted genes in the local markers—Meg3, Dlk1, Rian, Peg3, Mest, and Igf2r—which is a hallmark of extraembryonic and allantoic tissues where genomic imprinting is particularly active. The posterior Hox gene Hoxa9 further supports allantoic identity, consistent with the posterior embryonic origin of the allantois, while Fn1 reflects the mesodermal extracellular matrix environment in which these progenitors reside."
67,cell type,,Endothelial cell,,Mesoderm,Mesoderm,"E8.5, E9.0, E9.5, E10.0",18745,"Ptprm, Emcn, Ramp2, Kdr, Gng11, Cdh5, Flt1, Plvap, Vim, Hapln1","Piezo2, Arhgap18, Emcn, Pcdh17, Rapgef4, Gimap6, Mef2c, Clec1b, Dock4, Kitl","Endothelial cells form the inner lining of blood and lymphatic vessels throughout the embryo. Arising from lateral plate mesoderm, they are among the earliest vascular cell types to differentiate, establishing the primary vascular plexus during embryonic development and subsequently remodeling it into a mature circulatory network through vasculogenesis and angiogenesis.","The global markers strongly support an endothelial identity: Cdh5 (VE-cadherin) is the canonical endothelial adherens junction protein, Kdr (VEGFR2/Flk1) is the principal VEGF receptor driving vascular development, and Flt1 (VEGFR1) is a co-receptor that modulates VEGF signaling. Emcn (endomucin), which appears in both global and local marker lists, is a sialomucin selectively expressed on endothelial cells, while Plvap marks fenestrated and continuous endothelium. Additional global markers such as Ramp2, a co-receptor for adrenomedullin signaling critical for vascular integrity, and Gng11, a G-protein subunit enriched in endothelium, further reinforce the vascular endothelial designation. The local markers Mef2c, a transcription factor essential for vascular development, Clec1b, a C-type lectin involved in platelet-endothelial interactions, and Gimap6, an immune-vascular GTPase, distinguish these cells from neighboring mesodermal populations."
67a,cell subtype,Endothelial cell,Endothelial cell,Blood and endothelial,Mesoderm,Mesoderm,"E8.5, E9.0, E9.5, E10.0",18376,"Ptprm, Emcn, Ramp2, Kdr, Gng11, Cdh5, Flt1, Plvap, Hapln1, Vim","Piezo2, Arhgap18, Pcdh17, Aplnr, Rapgef4, Dock4, Mef2c, Clec1b, Ccnd1, Gng11","Endothelial cells form the inner lining of blood and lymphatic vessels throughout the developing embryo. Arising from lateral plate mesoderm, they are among the earliest vascular cell types to emerge during embryogenesis, establishing the primary vascular plexus through vasculogenesis beginning around E8.0 and subsequently remodeling it via angiogenesis through E10.0 and beyond.","The global marker signature strongly supports a generic endothelial identity, with canonical endothelial genes including Cdh5 (VE-cadherin, the definitive endothelial adhesion molecule), Kdr (VEGFR2, the principal VEGF receptor driving endothelial specification and survival), Flt1 (VEGFR1), and Emcn (endomucin), alongside Plvap (a fenestral diaphragm protein) and Ramp2 (an adrenomedullin co-receptor involved in vascular integrity). Additional markers such as Gng11 and Ptprm are broadly expressed across endothelial populations, while Vim reflects the mesenchymal origin of these cells. The local markers distinguish this cluster from closely related cell types: Aplnr (apelin receptor) marks actively proliferating or angiogenic endothelium, Mef2c is a transcription factor essential for endothelial differentiation, and Clec1b is associated with blood-island and hemogenic endothelial identity, consistent with the early developmental stages captured. The designation ""Endothelial cell"" is appropriate as a broad label for this population given its expression of pan-endothelial markers without strong specialization toward arterial, venous, or lymphatic subtypes."
67b,cell subtype,Yolk sac endothelial cell,Endothelial cell,Blood and endothelial,Extraembryonic mesoderm,Mesoderm,"E8.5, E9.0, E9.5, E10.0",369,"Ramp2, Gng11, Vim, Plvap, Mest, Igfbp4, Emcn, Sparc, Cdh5, Egfl7","Tmsb4x, Filip1l, Cavin3, Gap43, Rps8, Tagln2, Vim, Sparc, Calm1, Maged2","Yolk sac endothelial cells line the vasculature of the yolk sac, an extraembryonic membrane derived from mesoderm that serves as the primary site of primitive hematopoiesis and nutrient transport during early mouse development. These cells form the first functional vascular plexus in the embryo, appearing at E8.5 as blood islands remodel into a capillary network, and they persist through E10.0 as the yolk sac vasculature matures and supports circulation between the embryo and extraembryonic tissues.","The endothelial identity of this cluster is firmly established by canonical vascular markers including Cdh5 (VE-cadherin), Emcn (endomucin), Egfl7, Ramp2, and Gng11, all of which are hallmarks of endothelial gene programs. Plvap, encoding plasmalemma vesicle-associated protein, is particularly indicative of the fenestrated endothelium characteristic of the yolk sac vasculature, while Mest is an imprinted gene enriched in extraembryonic mesoderm-derived tissues, consistent with the yolk sac origin. The local markers Cavin3 and Filip1l further distinguish these cells from embryonic endothelial subtypes, reflecting the prominent caveolar transport and distinct migratory properties of yolk sac vessels. Classification within the extraembryonic mesoderm lineage, combined with this marker profile, supports the designation as yolk sac endothelial cells rather than intraembryonic vascular endothelium."
68,cell type,Allantois,Allantois,Extraembryonic and PGC,Extraembryonic mesoderm,Mesoderm,"E8.0, E8.5, E9.0, E9.5, E10.0",15588,"Phlda2, Pitx1, Tbx4, Spin2c, Slc38a4, Pmp22, Plac1, Unc5c, Hand1, Twist1","Phlda2, Cdkn1c, Tbx4, Pitx1, Spin2c, Pmp22, Krt8, Sgce, Unc5c, Hand1","The allantois is an extraembryonic mesodermal appendage that buds from the posterior end of the embryo around E7.5 and elongates across the exocoelomic cavity to fuse with the chorion, forming the chorioallantoic placenta essential for maternal-fetal exchange. It also gives rise to the umbilical vasculature. Its presence across all stages from E7.5 to E10.0 is consistent with the allantois's continuous growth and vascular remodeling during this developmental window.","The designation as Allantois is strongly supported by Tbx4, a T-box transcription factor that is a definitive marker of the allantois and is required for its outgrowth, along with Pitx1, which is co-expressed in this structure. Extraembryonic mesodermal identity is reinforced by Hand1 and Twist1, both bHLH transcription factors characteristic of lateral and extraembryonic mesoderm. The enrichment of imprinted and placenta-associated genes—Phlda2, Cdkn1c, Slc38a4, and Plac1—further anchors this population to the extraembryonic compartment, consistent with the allantois's role as the precursor to the fetal component of the placenta. Local markers such as Phlda2, Cdkn1c, and Krt8 distinguish this cluster from neighboring extraembryonic mesoderm subtypes, reflecting the allantois's unique transcriptional profile among related cell types."
69,cell type,Extraembryonic mesoderm,Extraembryonic mesoderm,Extraembryonic and PGC,Extraembryonic mesoderm,Mesoderm,"E7.5, E8.0, E8.5, E9.0, E9.5, E10.0",18742,"Col1a1, Postn, Lum, Col1a2, Col3a1, Dlk1, Acta2, Sparc, Arhgap6, Pmp22","Postn, Lum, Col1a1, Col3a1, Col1a2, Acta2, Nrp1, Dcn, Csrp2, Col5a2","Extraembryonic mesoderm is a mesoderm-derived population that gives rise to the mesenchymal and stromal layers of extraembryonic tissues, including the yolk sac mesothelium, allantois, and chorionic mesenchyme. These cells produce abundant extracellular matrix to provide structural support for the extraembryonic membranes and contribute to the developing vasculature that mediates nutrient and gas exchange between the embryo and maternal environment. Present from E7.5 through E10.0, this population persists as a major stromal compartment throughout early organogenesis.","The marker gene profile is dominated by fibrillar collagens (Col1a1, Col1a2, Col3a1, Col5a2) and extracellular matrix-associated genes (Postn, Lum, Dcn, Sparc), which define a mesenchymal/stromal identity consistent with the matrix-rich extraembryonic mesoderm that underlies the yolk sac endoderm and lines the exocoelomic cavity. Expression of Acta2 (smooth muscle actin) and Csrp2 reflects the presence of myofibroblastic and smooth muscle-like cells within this compartment, characteristic of the contractile mesenchyme surrounding extraembryonic blood vessels. Dlk1, a marker of immature mesenchymal progenitors, and Nrp1, a co-receptor involved in vascular development, further support assignment to an extraembryonic mesodermal identity rather than embryonic mesenchyme. The local markers reinforce this distinction, as the combination of heavy ECM production (Postn, Lum, Col1a1, Dcn) with vascular and contractile markers differentiates this population from the most similar embryonic mesodermal subtypes in the dataset."
70,cell type,,Intermediate mesoderm,,Intermediate mesoderm,Mesoderm,"E8.0, E8.5, E9.0, E9.5, E10.0",21854,"Tshz2, Ncam1, Ltbp1, Hmga2, Wt1, Meis2, Arid5b, Rbms3, Pax2, Mest","Ncam1, Pax2, Cadm1, Eya1, Hoxb9, Pax8, Meox1, Arid5b, Sall1, Hoxb8","Intermediate mesoderm (IM) is a strip of mesoderm situated between the paraxial and lateral plate mesoderm along the anteroposterior axis of the embryo. It gives rise to the urogenital system, including the pronephros, mesonephros, and metanephros (definitive kidney), as well as the gonads and associated ductal structures. IM specification begins around E8.0 and proceeds in an anterior-to-posterior wave, consistent with this cluster's presence from E8.0 through E10.0.","The local markers provide strong, specific evidence for intermediate mesoderm identity. Pax2 and Pax8 are master regulators of nephric lineage specification and are among the earliest markers of IM commitment, while Eya1 and Sall1 are essential transcription factors for kidney development whose loss causes renal agenesis. The global marker Wt1 is a hallmark of IM-derived structures, particularly the developing kidney and genital ridge. Posterior Hox genes Hoxb8 and Hoxb9 in the local markers reflect the axial position and anteroposterior patterning of IM, and Meox1 marks the mesodermal origin adjacent to somitic tissue. Additional global markers such as Meis2 and Arid5b are broadly expressed in mesodermal progenitors but are enriched in the nephrogenic lineage, further supporting the intermediate mesoderm designation."
70a,cell subtype,Intermediate mesoderm,Intermediate mesoderm,Intermediate and somatic mesoderm,Intermediate mesoderm,Mesoderm,"E8.0, E8.5",2409,"Phlda2, Ifitm1, Cited1, Hoxaas3, Lef1, Cdx4, Prtg, Rbp1, Osr1, Greb1l","Hoxaas3, Cited1, Rbp1, Maml3, Gm14226, Hoxb9, Cacna2d1, Cdx4, Cdx1, Rnf213","Intermediate mesoderm is a mesodermal population situated between the paraxial and lateral plate mesoderm along the mediolateral axis of the embryo. Specified during gastrulation and early somitogenesis (E7.5–E8.5), it serves as the principal precursor of the urogenital system, giving rise to the pronephros, mesonephros, metanephros (definitive kidney), and gonads.","The presence of Osr1, a defining transcription factor for intermediate mesoderm identity and early nephrogenesis, strongly supports this annotation. Greb1l further reinforces a renal progenitor identity, as mutations in this gene cause renal agenesis in both mouse and human. The posterior Hox and caudal genes Hoxb9, Hoxaas3, Cdx4, and Cdx1 reflect the caudal axial position from which intermediate mesoderm is derived, while Lef1 and Cited1 point to active Wnt signaling and nascent nephron progenitor character, respectively, consistent with the early specification and patterning of this lineage."
70b,cell subtype,Intermediate mesoderm (posterior),Intermediate mesoderm,Intermediate and somatic mesoderm,Intermediate mesoderm,Mesoderm,"E9.5, E10.0",6095,"Dlk1, Peg3, Gpc3, Gas1, Mest, Wt1, Meis1, Bnc2, Tshz2, Aldh1a2","Wt1, Palld, Creb5, Ror1, Cxcl12, Id3, Bmper, Nrg1, AU020206, Gas1","Intermediate mesoderm (posterior) represents the caudal segment of the intermediate mesoderm, the mesodermal territory positioned between the paraxial and lateral plate mesoderm that gives rise to the urogenital system. At E9.5–E10.0, this posterior population corresponds to less differentiated IM progenitors that will form the mesonephric and metanephric (definitive kidney) primordia, in contrast to more anterior IM that has already initiated nephric duct and tubule morphogenesis.","The strong expression of Wt1, a master transcription factor of intermediate mesoderm and nephric progenitor identity, in both global and local marker lists firmly establishes this population as IM. Posterior and progenitor-like character is supported by Aldh1a2, the principal enzyme for retinoic acid synthesis that patterns the caudal body axis and is required for posterior IM specification, together with Meis1, a TALE-class homeodomain factor associated with proximal–posterior mesodermal domains. Local enrichment of Id3 (an inhibitor of differentiation maintaining progenitor state), Bmper (a BMP signaling modulator involved in nephric patterning), and Cxcl12 (a chemokine expressed in kidney stromal progenitors) distinguishes this subtype from more anteriorly differentiated IM populations. The prominent imprinted gene signature (Dlk1, Peg3, Mest) is consistent with actively proliferating mesodermal progenitors characteristic of the posterior growth zone."
70c,cell subtype,Intermediate mesoderm (nephrogenic),Intermediate mesoderm,Intermediate and somatic mesoderm,Intermediate mesoderm,Mesoderm,"E9.0, E9.5, E10.0",13350,"Pax2, Ncam1, Gpc6, Tshz2, Arid5b, Ltbp1, Nrp1, Hmga2, Thsd4, Rdh10","Pax2, Wfdc2, Pax8, Ncam1, Rmst, Sim1, Arid5b, Cdkn1c, Dach1, Nrp1","Intermediate mesoderm (nephrogenic) represents the subset of intermediate mesoderm that has become specified toward the kidney-forming (nephrogenic) lineage during mid-gestation mouse development (E9.0–E10.0). These cells give rise to the nephric duct (Wolffian duct), mesonephric tubules, and ultimately contribute progenitors to the metanephric kidney, constituting the earliest committed renal precursor population in the embryo.","The nephrogenic identity of this population is strongly supported by the co-expression of Pax2 and Pax8, the two paired-box transcription factors that define the nephric lineage and are jointly required for nephric duct formation and early kidney morphogenesis. Wfdc2 (HE4), a top local marker, is a well-established marker of the nephric duct epithelium, reinforcing commitment to the renal tubular fate. Dach1, another local marker, is a component of the conserved Pax2-Eya-Six-Dach gene regulatory network that governs nephrogenesis, while Sim1 marks intermediate mesoderm subdomains contributing to pronephric and mesonephric structures. Global markers such as Rdh10, which mediates retinoic acid synthesis critical for anteroposterior patterning of the intermediate mesoderm and nephric field specification, further corroborate the nephrogenic designation of this cluster."
71,cell type,Lateral plate mesoderm,Lateral plate mesoderm,Splanchnic mesoderm,Lateral plate mesoderm,Mesoderm,E8.0,1395,"Ifitm1, Phlda2, Aldh1a2, Prtg, Arg1, Gata6, Twist1, Foxf1, Csrp2, Gpc3","Sfrp5, Aldh1a2, Dusp9, Gata6, Ifitm1, Lefty2, Dach1, Emb, Igfbpl1, Nhs","Lateral plate mesoderm (LPM) is a broad sheet of mesoderm that forms lateral to the paraxial and intermediate mesoderm during early gastrulation and body plan establishment. Present at E7.5–E8.0, this population represents the early, largely undifferentiated LPM prior to its splitting into somatic (body wall, limb) and splanchnic (heart, gut, vascular smooth muscle) layers, and serves as a common progenitor for diverse mesodermal derivatives including cardiovascular, hematopoietic, and visceral mesenchymal lineages.","The name is well supported by the co-expression of transcription factors that are hallmarks of LPM identity: Foxf1 and Gata6 are canonical regulators of lateral plate and splanchnic mesoderm specification, while Twist1 marks LPM-derived mesenchyme. Aldh1a2, encoding the principal retinoic acid–synthesizing enzyme RALDH2, is prominently expressed in LPM where it patterns the anteroposterior axis of mesodermal derivatives, and its appearance as both a global and local marker underscores the LPM character of this cluster. Among the local markers, Lefty2 is a Nodal antagonist specifically expressed in the left LPM to establish left-right asymmetry, and Sfrp5 encodes a secreted Wnt inhibitor enriched in lateral plate mesoderm, together distinguishing this population from adjacent paraxial or intermediate mesoderm subtypes."
72,cell type,Epicardium,Epicardium,Splanchnic mesoderm,Lateral plate mesoderm,Mesoderm,"E9.0, E9.5, E10.0",2516,"Kcnq5, Erbb4, Thsd4, Tmem108, Nfia, Arhgap6, Igfbp5, Flrt2, Tbx18, Itga4","Thsd4, Itga4, Ebf1, Sorcs1, Tbx18, Erbb4, Stk26, Wt1, Upk3b, Sox9","The epicardium is the outermost mesothelial layer enveloping the developing heart, derived from the proepicardial organ of the lateral plate mesoderm. Emerging around E9.0 as proepicardial cells migrate onto and spread across the myocardial surface, the epicardium serves as a critical signaling center for myocardial growth and as a source of progenitors that undergo epithelial-to-mesenchymal transition to generate cardiac fibroblasts, coronary vascular smooth muscle cells, and pericytes.","The annotation is strongly supported by the canonical epicardial transcription factors Tbx18 and Wt1, which together define the proepicardial organ and its derivative epicardial sheet and are among the most widely used lineage markers for this tissue. The local marker Upk3b (Uroplakin 3B) further confirms mesothelial identity, as it is characteristically expressed in serosal membranes including the epicardium. Additional markers reinforce this identity: Itga4 (integrin alpha-4) mediates epicardial cell adhesion and migration onto the heart surface, Flrt2 is required for epicardial integrity, and Erbb4 signaling contributes to epicardial-myocardial crosstalk during cardiac morphogenesis. The stage range of E9.0–E10.0 is consistent with the known developmental timing of proepicardial outgrowth and epicardial spreading over the ventricles in mouse."
73,cell type,,First heart field,,Lateral plate mesoderm,Mesoderm,"E8.0, E8.5, E9.0, E9.5, E10.0",5305,"Actc1, Myl7, Ttn, Myl4, Acta2, Tnnt2, Slc8a1, Tnni1, Myl3, Tnnc1","Actc1, Myl7, Myl3, Ttn, Myl4, Acta2, Nebl, Tnnt2, Myl2, Tnnc1","The first heart field (FHF) is a population of cardiac progenitor cells derived from lateral plate mesoderm that gives rise to the left ventricle and parts of the atria of the developing heart. FHF cells are among the earliest specified cardiac progenitors, differentiating into cardiomyocytes beginning around E8.0 as the linear heart tube forms, and they represent the primary contractile cells of the early embryonic heart.","The marker gene profile is dominated by sarcomeric and contractile genes characteristic of differentiated cardiomyocytes, including cardiac actins (Actc1, Acta2), myosin light chains (Myl7, Myl4, Myl3, Myl2), troponins (Tnnt2, Tnni1, Tnnc1), and the giant sarcomeric protein titin (Ttn). The strong expression of Myl7 (myosin light chain 7, an atrial/early cardiac marker) and Myl3 (a ventricular myosin light chain) is consistent with FHF identity, as these cells contribute to both ventricular and atrial chambers. Notably, the presence of Myl2 among local markers—a ventricular-specific myosin light chain—alongside Myl3 supports assignment to the first heart field, which primarily populates the left ventricle. The overall gene signature reflects mature, actively contracting cardiomyocytes rather than undifferentiated cardiac progenitors, consistent with the early differentiation program of the FHF compared to the later-differentiating second heart field."
73a,cell subtype,First heart field,First heart field,Splanchnic mesoderm,Lateral plate mesoderm,Mesoderm,E8.0,487,"Myl7, Actc1, Ttn, Myl4, Tnnt2, Acta2, Slc8a1, Tpm1, Ryr2, Tnni1","Phlda2, Sfrp5, Hmga2, Apoe, Mpped2, Cited2, Actg1, Hdgf, Map1b, Amph","The first heart field (FHF) is a population of cardiac progenitor cells within the lateral plate mesoderm that differentiates early to form the linear heart tube, ultimately contributing to the left ventricle and portions of the atria. Present at E8.0, these cells represent the earliest differentiating cardiomyocyte lineage during heart tube formation. The FHF is distinguished from the second heart field by its earlier differentiation and more limited proliferative capacity.","The global marker profile is dominated by sarcomeric and contractile genes—Myl7, Actc1, Ttn, Myl4, Tnnt2, Tpm1, and Tnni1—along with the calcium-handling genes Ryr2 and Slc8a1, confirming a differentiated cardiomyocyte identity consistent with the early-differentiating FHF at E8.0. The local markers distinguish this population from related cardiac progenitors, most notably through Sfrp5, a secreted Wnt antagonist that is a well-established marker of the FHF and cardiac crescent but is excluded from the second heart field. Cited2, a transcriptional cofactor critical for left-right cardiac patterning and specifically enriched in FHF-derived structures, further supports the first heart field designation. Additional local markers such as Hmga2 and Phlda2 reflect the early developmental state and active chromatin remodeling characteristic of this progenitor population as it transitions to a committed cardiomyocyte fate."
73b,cell subtype,Left ventricle,First heart field,Splanchnic mesoderm,Lateral plate mesoderm,Mesoderm,"E8.5, E9.0, E9.5, E10.0",3462,"Actc1, Myl7, Ttn, Myl4, Acta2, Tnnt2, Myl3, Tnni1, Slc8a1, Myl2","Myl2, Mest, Nppa, Acta1, Ccnd2, Smpx, Myl3, Myh7, Mpped2, Nppb","Left ventricular cardiomyocytes are the contractile muscle cells of the left ventricle, the principal systemic pumping chamber of the heart. Derived from the first heart field, these cells are among the earliest specified cardiac lineages in the mouse embryo, emerging around E8.0–E8.5 as the linear heart tube loops and chambers begin to form. By E9.5–E10.0, left ventricular cardiomyocytes are actively proliferating and establishing the compact and trabecular myocardial layers that will support systemic circulation.","The global markers confirm a cardiomyocyte identity, with high expression of sarcomeric genes such as Actc1, Ttn, Tnnt2, and Tnni1, as well as cardiac myosin light chains Myl7 and Myl4. Ventricular chamber identity is strongly supported by the top local marker Myl2 (MLC2v), the canonical ventricular myosin light chain that specifically marks ventricular over atrial or outflow tract cardiomyocytes, along with Myl3 (MLC1v), another ventricular-enriched isoform. Left ventricular specification is further reinforced by Myh7 (β-myosin heavy chain), which is preferentially expressed in the left ventricle and compact myocardium during embryonic development, and by the natriuretic peptides Nppa and Nppb, which mark differentiated working myocardium of the ventricular chambers. The assignment to the first heart field lineage is consistent with this identity, as the first heart field is the primary contributor to the left ventricle."
73c,cell subtype,Atrioventricular canal,First heart field,Splanchnic mesoderm,Lateral plate mesoderm,Mesoderm,"E8.5, E9.0, E9.5, E10.0",1356,"Actc1, Ttn, Myl7, Myl4, Slc8a1, Acta2, Tnnt2, Myh6, Ryr2, Tnni1","Rspo3, Rgs6, Cacna2d2, Tbx5, Bmp2, Zfpm2, Mlip, Wnt2, Myh6, Spon1","The atrioventricular canal (AVC) is a specialized myocardial region of the first heart field that forms the constriction between the developing atrial and ventricular chambers during mid-gestation. It serves as the precursor to the atrioventricular valves and septum, and its myocardium orchestrates endocardial-to-mesenchymal transition in the adjacent cardiac cushions. Present from E8.5 through E10.0, these cells are central to cardiac septation and valve morphogenesis.","The global markers (Actc1, Ttn, Myl7, Myl4, Tnnt2, Myh6, Ryr2, Tnni1) confirm a cardiomyocyte identity with contractile and calcium-handling machinery. Among the local markers, Bmp2 is a canonical AVC myocardial marker essential for specifying AVC fate and inducing cushion mesenchyme formation, while Rspo3 and Wnt2 reflect the active Wnt signaling axis characteristic of the AVC region. Tbx5 marks the atrial and AVC domains of the heart, and Rgs6 is associated with the atrioventricular conduction system, together distinguishing this population from neighboring ventricular and outflow tract cardiomyocytes. Zfpm2 (FOG2), a GATA4 cofactor critical for AVC development, and Spon1, expressed in AVC cushion-associated cells, further support an atrioventricular canal identity."
74,cell type,Juxtacardiac field,Juxtacardiac field,Splanchnic mesoderm,Lateral plate mesoderm,Mesoderm,"E8.0, E8.5, E9.0, E9.5, E10.0",4225,"Twist1, Kcnq5, Ppp2r2b, Tpm1, Rbms3, Arhgap6, Ccbe1, Mest, Dlk1, Tmem108","Fras1, Mab21l2, Ccbe1, Tmsb4x, Kcnh7, Ppp2r2b, Tagln, Tpm1, Arhgap6, Tmem108","The juxtacardiac field (JCF) is a lateral plate mesoderm-derived progenitor population situated adjacent to the cardiac crescent and developing heart tube. These cells contribute to the pericardium, ventral body wall mesenchyme, and portions of the heart, serving as a transitional progenitor pool that bridges cardiac and somatic lateral plate fates. Present from E8.0 through E10.0, the JCF persists as a mesenchymal population flanking the heart during organogenesis.","The designation ""juxtacardiac field"" is supported by a marker profile reflecting mesenchymal lateral plate identity with proximity to cardiac lineages. Twist1, a master regulator of mesenchymal specification in lateral plate mesoderm, is the top global marker, while contractile genes Tpm1 and Tagln indicate early myogenic priming consistent with a cardiogenic-adjacent field. The imprinted mesodermal genes Mest and Dlk1 further reinforce lateral plate mesoderm identity, and Ccbe1—required for cardiac and lymphatic development—along with Fras1 and Mab21l2, which are implicated in body wall morphogenesis and cardiac outflow tract formation, specifically distinguish this population from the differentiated heart fields. Tmsb4x, encoding thymosin β4, a key regulator of cardiac progenitor migration and survival, provides additional evidence for a progenitor population intimately associated with but distinct from the committed cardiac mesoderm."
75,cell type,,Second heart field,,Lateral plate mesoderm,Mesoderm,"E8.0, E8.5, E9.0, E9.5, E10.0",20828,"Myl7, Actc1, Myl4, Ttn, Acta2, Tnni1, Ryr2, Tnnt2, Slc8a1, Tpm1","Mef2c, Ttn, Myocd, Csrp2, Cacna1d, Rbm24, Ryr2, Isl1, Angpt1, Actc1","The second heart field (SHF) is a population of cardiac progenitor cells located in the pharyngeal and splanchnic mesoderm that progressively contributes to the elongating heart tube. SHF progenitors give rise to the outflow tract, right ventricle, and portions of the atria, complementing the first heart field which primarily forms the left ventricle. Its presence from E8.0 through E10.0 aligns with the period of active heart tube elongation, looping, and chamber septation in the mouse embryo.","The local marker Isl1 is the canonical transcription factor defining second heart field identity, distinguishing these progenitors from first heart field-derived cardiomyocytes. Mef2c, the top-ranked local marker, is another hallmark SHF gene widely used in lineage-tracing studies to label SHF derivatives. The global markers—including sarcomeric genes Myl7, Actc1, Myl4, Ttn, and Tnnt2, along with calcium-handling genes Ryr2 and Slc8a1—confirm a maturing cardiomyocyte transcriptional program, while the local enrichment of Myocd (a cardiac transcriptional coactivator) and Rbm24 (an RNA-binding protein regulating cardiac splicing) further supports active cardiac muscle differentiation within this population."
75a,cell subtype,Second heart field (anterior),Second heart field,Splanchnic mesoderm,Lateral plate mesoderm,Mesoderm,"E8.0, E8.5, E9.0, E9.5, E10.0",4005,"Mpped2, Prkg1, Armh4, Dlk1, Mecom, Kcnq5, Arhgap6, Runx1t1, Tnni1, Prrx2","Igfbpl1, Prtg, Armh4, Myl7, Ier2, Irx3, Mpped2, Npm3, Isl1, Pgk1","The anterior second heart field is a population of cardiac progenitor cells derived from the pharyngeal mesoderm that contributes primarily to the outflow tract, right ventricle, and portions of the interventricular septum during heart development. Present from E8.0 through E10.0, these progenitors progressively differentiate into cardiomyocytes as they are deployed to the arterial pole of the elongating heart tube.","The canonical second heart field transcription factor Isl1 appears among the local markers, firmly establishing this cluster as SHF progenitors rather than first heart field or differentiated cardiomyocytes. The anterior identity is supported by local expression of Irx3, an Iroquois family homeobox gene specifically associated with the anterior SHF and outflow tract patterning. Cardiac differentiation within this progenitor pool is evidenced by the myocardial markers Myl7 (cardiac myosin light chain) and Tnni1 (slow skeletal troponin I expressed in embryonic heart muscle), consistent with the progressive deployment of anterior SHF cells into functional cardiomyocytes. Additional global markers such as Mecom and Runx1t1, both transcriptional regulators active in cardiac progenitors, further corroborate the progenitor character of this population."
75b,cell subtype,Outflow tract,Second heart field,Splanchnic mesoderm,Lateral plate mesoderm,Mesoderm,"E9.0, E9.5, E10.0",2074,"Mecom, Rgs5, Armh4, Unc5c, Gpc3, Mef2c, Prkg1, Dlk1, Tnni1, Runx1t1","Mecom, Rgs5, Unc5c, Isl1, Foxp2, Tshz2, Grid2, Gpc3, Armh4, Mef2c","The outflow tract is a transient embryonic cardiac structure derived from the second heart field that connects the developing ventricles to the pharyngeal arch arteries. During E9.0–E10.0, it undergoes elongation, looping, and eventual septation to form the proximal segments of the aorta and pulmonary trunk. It comprises myocardial, smooth muscle, and mesenchymal cell populations and is a major site of congenital heart defects when its development is perturbed.","The name ""Outflow tract"" is supported by the co-expression of Isl1 and Mef2c, which together define the anterior second heart field progenitor population that is the primary source of outflow tract myocardium. Mecom, the top-ranked global and local marker, is highly enriched in the outflow tract myocardium and has been shown to regulate OFT elongation and remodeling. Rgs5, a regulator of G-protein signaling expressed in vascular smooth muscle and pericytes, reflects the smooth muscle component of the maturing outflow tract, while Tnni1 marks the differentiating cardiomyocytes within this structure. The presence of Foxp2 and Tshz2 among the local markers further distinguishes these cells from other second heart field derivatives, as both transcription factors show regionalized expression in the outflow tract domain during midgestational heart development."
75c,cell subtype,Right ventricle,Second heart field,Splanchnic mesoderm,Lateral plate mesoderm,Mesoderm,"E8.5, E9.0, E9.5, E10.0",2882,"Ttn, Actc1, Myl7, Acta2, Myl4, Tnnt2, Slc8a1, Tnni1, Tagln, Tpm1","Dlk1, Nrp2, Cripto, Fhl1, Cdkn1c, Rgs5, Mecom, Amph, Myh7, Armh4","The right ventricle is a muscular chamber of the developing heart responsible for pumping blood into the pulmonary circulation. In the mouse embryo, it is primarily derived from the second heart field and becomes morphologically distinct as cardiac looping and septation progress between E8.5 and E10.0. Right ventricular cardiomyocytes undergo rapid proliferation and maturation during this window, establishing the compact and trabecular myocardial layers that will support postnatal cardiac function.","The global marker profile—including sarcomeric genes Ttn, Actc1, Myl4, Myl7, Tnnt2, and Tnni1, along with the cardiac calcium exchanger Slc8a1—confirms a differentiated cardiomyocyte identity. Among the local markers that distinguish this cluster from other second heart field derivatives, Dlk1 and Mecom (Evi1) are particularly informative, as both are well-established markers of right ventricular myocardium in the developing mouse heart. The presence of Myh7 (beta-myosin heavy chain) further supports a ventricular chamber identity, while Cdkn1c, a cell cycle inhibitor associated with compact myocardium maturation, is consistent with the expanding ventricular wall at these stages. Together, the enrichment of Dlk1, Mecom, and Myh7 relative to neighboring second heart field populations provides strong justification for the right ventricle annotation."
75d,cell subtype,Second heart field (posterior),Second heart field,Splanchnic mesoderm,Lateral plate mesoderm,Mesoderm,"E8.0, E8.5, E9.0, E10.0",3136,"Ryr2, Myl4, Myl7, Actc1, Sfrp5, Tnni1, Wnt2, Tnnt2, Gata6, Ccdc141","Sfrp5, Nr2f2, Fabp5, Wnt2, Dusp9, Kitl, Sfrp1, Gpc6, Trabd2b, H1f5","The posterior second heart field (pSHF) is a subdomain of cardiac mesoderm progenitors that contributes primarily to the atria, sinus venosus, and dorsal mesenchymal protrusion of the developing heart. These progenitors are distinguished from their anterior counterparts by distinct signaling environments and transcription factor expression, and they play a critical role in atrial septation and pulmonary vein development during mid-gestational cardiogenesis.","Global markers such as Myl7, Myl4, Actc1, Tnnt2, Tnni1, and Ryr2 establish a clear cardiomyocyte and cardiac progenitor identity, while Gata6 confirms involvement in heart field specification. The posterior designation is strongly supported by the local markers Nr2f2 (COUP-TFII), the canonical transcription factor that defines posterior SHF identity and drives atrial over ventricular fate, and Wnt2, which is specifically expressed in the posterior SHF domain and marks progenitors contributing to atrial and pulmonary mesenchyme. The enrichment of Sfrp5 and Sfrp1, secreted Wnt antagonists characteristic of the posterior heart field signaling environment, further distinguishes this population from the anterior SHF, which is instead defined by Fgf-driven proliferative signaling."
75e,cell subtype,Atria,Second heart field,Splanchnic mesoderm,Lateral plate mesoderm,Mesoderm,"E8.5, E9.0, E9.5, E10.0",3413,"Actc1, Myl7, Ttn, Myl4, Acta2, Tnnt2, Myh6, Slc8a1, Ryr2, Tnnc1","Angpt1, Vsnl1, Kcnq3, Nr2f2, Itga6, Myh6, Fbxo32, Trabd2b, Rgs6, Sfrp1","Atrial cardiomyocytes are the contractile muscle cells that form the atrial chambers of the developing heart. Derived from second heart field progenitors, these cells differentiate during mid-embryogenesis (E8.5–E10.0) and acquire distinct electrophysiological and contractile properties that distinguish them from ventricular cardiomyocytes. They play essential roles in receiving blood flow and coordinating cardiac rhythm in the forming four-chambered heart.","The global markers confirm a strong cardiomyocyte identity, with sarcomeric and contractile genes such as Actc1, Ttn, Tnnt2, Tnnc1, Ryr2, and Slc8a1, while the atrial-enriched myosin genes Myl7, Myl4, and Myh6 specifically point to atrial rather than ventricular fate. Among the local markers that distinguish this cluster from related second heart field populations, Nr2f2 (COUP-TFII) is a master transcription factor required for atrial specification and the suppression of ventricular gene programs. Additional local markers reinforce atrial identity: Myh6 encodes the alpha-myosin heavy chain preferentially expressed in atrial myocardium, Rgs6 is enriched in atrial conduction tissue, and the potassium channel Kcnq3 reflects the distinct ion channel repertoire of atrial cardiomyocytes."
75f,cell subtype,Inflow tract,Second heart field,Splanchnic mesoderm,Lateral plate mesoderm,Mesoderm,"E9.0, E9.5, E10.0",5318,"Erbb4, Myl4, Ryr2, Slc8a1, Acta2, Myl7, Actc1, Tnni1, Zfpm2, Igfbp5","Ptn, Tenm3, Nfia, Plcb1, Mir99ahg, Unc5c, Shox2, Flrt2, Foxp2, Robo2","The inflow tract (venous pole) is the caudal segment of the embryonic heart tube that receives systemic venous return and gives rise to the sinus venosus, sinoatrial node, and atrial chambers. Derived from the posterior second heart field, these cardiomyocytes are actively differentiating during E9.0–E10.0 as the heart tube undergoes looping and chamber septation. This population is critical for establishing the cardiac pacemaker and patterning the atrial myocardium.","The global markers confirm a differentiated cardiomyocyte identity with strong expression of sarcomeric and calcium-handling genes (Actc1, Tnni1, Myl7, Ryr2, Slc8a1), while the co-expression of atrial myosin light chains Myl4 and Myl7 specifically points to an atrial/venous pole rather than ventricular identity. Among the local markers, Shox2 is the hallmark transcription factor of the cardiac inflow tract, where it maintains pacemaker cell fate in the sinus venosus and sinoatrial node by repressing the working myocardial program. Zfpm2 (FOG2) in the global markers further supports inflow tract identity, as it is required for proper atrial and venous pole morphogenesis. Additional local markers such as Ptn, Nfia, and Robo2 reflect the mesenchymal signaling and axon guidance cues characteristic of the venous pole microenvironment during cardiac innervation and remodeling."
76,cell type,Forelimb field,Forelimb field,Intermediate and somatic mesoderm,Lateral plate mesoderm,Mesoderm,"E9.5, E10.0",44643,"Prrx1, Mecom, Twist1, Gpc5, Sema3a, Lix1, Gpc3, Asb4, Lhx9, Cped1","Asb4, Lhx9, Sema3a, Lix1, Lhx2, Hoxd9, Gpc5, Tbx5, Hoxa9, Gli3","The forelimb field comprises lateral plate mesoderm progenitors at the forelimb level that condense and proliferate to initiate the forelimb bud between E9.5 and E10.0. These cells give rise to the skeletal, connective tissue, and tendon elements of the forelimb, and are distinguished from hindlimb progenitors by a distinct transcription factor code.","Tbx5 in the local markers is the definitive forelimb identity gene — it is both necessary and sufficient for forelimb bud initiation and is not expressed in the hindlimb field. The Hox9 paralog group genes Hoxa9 and Hoxd9 further specify forelimb-level axial identity along the anterior-posterior body axis, consistent with forelimb rather than hindlimb positioning. Broad limb mesenchyme identity is supported by Prrx1 and Twist1 (global markers), while Gli3, Lhx9, and Lhx2 reflect active limb patterning through Hedgehog signaling and LIM-homeodomain transcription factor networks. Glypicans Gpc3 and Gpc5, along with the axon guidance cue Sema3a, are characteristic of the signaling-rich environment of the emerging limb bud mesenchyme."
77,cell type,Hindlimb field,Hindlimb field,Intermediate and somatic mesoderm,Lateral plate mesoderm,Mesoderm,"E9.5, E10.0",13444,"Twist1, Prrx1, Pitx1, Tshz2, Tmem132c, Mecom, Dlk1, Cped1, Gpc6, Klf12","Pitx1, Hoxd11, Tshz2, Tbx4, Hoxa10, Pcdh7, Greb1l, Tril, Bach2, Hoxc10","The hindlimb field comprises lateral plate mesoderm progenitors that coalesce at the posterior flank of the embryo to form the hindlimb bud, emerging around E9.5 — slightly later than the forelimb field. These cells give rise to the skeletal, connective tissue, and dermal components of the hindlimb, and are specified by a unique combination of transcription factors that distinguish them from forelimb and other lateral plate mesoderm populations.","The name ""Hindlimb field"" is strongly supported by the co-expression of Pitx1 and Tbx4, the two master regulators of hindlimb identity — Pitx1 is both the top global and local marker, and its loss causes a classic hindlimb-to-forelimb transformation. The posterior Hox code further confirms hindlimb regional identity: Hoxa10 and Hoxc10 (paralog group 10) specify the lumbar/hindlimb-level axial position, while Hoxd11 contributes to distal limb patterning. General limb mesenchyme identity is reflected by Twist1 and Prrx1, which mark limb bud mesenchyme broadly, while the hindlimb-specific markers (Pitx1, Tbx4, posterior Hox genes) clearly separate this population from the forelimb field among locally similar cell types."
78,cell type,,Somatic mesoderm,,Lateral plate mesoderm,Mesoderm,"E8.5, E9.0, E9.5, E10.0",131446,"Dlk1, Twist1, Peg3, Prrx1, Mest, Meis2, Unc5c, Rbms3, Bnc2, Meis1","Dlk1, Sfrp1, Ccser1, Nrp2, Peg10, Crabp1, Ror1, Prrx2, Fgfr2, Postn","Somatic mesoderm is the layer of lateral plate mesoderm that lies adjacent to the surface ectoderm, forming the somatopleure. It gives rise to the body wall musculature, connective tissues, limb bud mesenchyme, and the parietal lining of the coelomic cavities. Present from E8.5 onward, this large population expands as the embryo grows and the body wall and limbs elaborate.","The global markers strongly support a somatic lateral plate identity: Twist1 is a master regulator of mesenchyme specification in the body wall and limb, while Prrx1 and Meis1/Meis2 are hallmark transcription factors of somatic lateral plate mesoderm and proximal limb patterning. Dlk1, Peg3, Mest, and the local marker Peg10 are imprinted genes characteristically enriched in mesodermal connective tissues. The local markers further refine the somatic identity relative to neighboring lateral plate derivatives — Postn (periostin) and Fgfr2 mark mesenchymal connective tissue, Sfrp1 and Crabp1 distinguish somatic from splanchnic mesoderm, and Prrx2 reinforces the body wall/limb mesenchyme signature shared with Prrx1."
78a,cell subtype,Somatic mesoderm,Somatic mesoderm,Intermediate and somatic mesoderm,Lateral plate mesoderm,Mesoderm,"E8.5, E9.0, E10.0",20318,"Twist1, Dlk1, Mest, Prrx1, Peg3, Gpc3, Prrx2, Kcnh7, Lef1, Bnc2","Kcnh7, Twist1, Crabp2, Mest, Plxna4, Dlk1, Ptn, Itga9, Lix1, Gas1","Somatic mesoderm is the dorsal (parietal) layer of the lateral plate mesoderm that forms after coelom cavitation splits the lateral plate into somatic and splanchnic sheets. It underlies the surface ectoderm to form the somatopleure and gives rise to the body wall connective tissue, limb bud mesenchyme, and dermis. Present from E8.5 through E10.0, this population expands as the limb buds emerge and the body wall closes.","The top global markers Prrx1 and Prrx2 are paired-related homeobox transcription factors that define limb bud and body wall mesenchyme derived from somatic lateral plate mesoderm, while Twist1 is a master regulator of mesenchymal identity essential for body wall closure and limb development. Local markers reinforce this identity: Lix1 (Limb Expression 1) and Crabp2 (cellular retinoic acid-binding protein 2) are hallmarks of limb bud mesenchyme patterning, and Gas1, a Hedgehog pathway modulator, is characteristic of limb mesenchymal progenitors. The enrichment of imprinted growth-regulatory genes (Dlk1, Mest, Peg3) and extracellular matrix/signaling factors (Gpc3, Ptn, Itga9) is consistent with a rapidly proliferating mesenchymal population, distinguishing this somatic compartment from the splanchnic mesoderm that instead contributes to gut and cardiovascular structures."
78b,cell subtype,Somatic mesoderm (anterior),Somatic mesoderm,Intermediate and somatic mesoderm,Lateral plate mesoderm,Mesoderm,"E8.5, E9.0, E9.5, E10.0",25588,"Ptn, Dlk1, Sema3a, Twist1, Sfrp1, Col3a1, Gpc3, Kcnq5, Meis2, Alcam","Ptn, Pbx1, Sema3a, Crabp2, Mir99ahg, Zfhx4, Gm56620, Nr2f1, Meis2, Vcan","Somatic mesoderm (anterior) is the dorsal layer of the lateral plate mesoderm positioned in the anterior (rostral) body axis of the mouse embryo. It forms the somatopleure together with overlying ectoderm and gives rise to anterior body wall connective tissue, limb bud mesenchyme, and dermis. This population expands from E8.5 onward as the lateral plate splits and the embryo undergoes anterior morphogenesis.","Broad somatic mesoderm identity is established by global markers such as Twist1, a master regulator of lateral plate and body wall mesenchyme, alongside extracellular matrix genes Col3a1 and Gpc3 and the mesenchymal growth factor Ptn. Anterior regional identity is strongly supported by the local markers Nr2f1 (COUP-TFI), a transcription factor that specifies anterior lateral plate mesoderm fate, and the TALE-class homeodomain factors Meis2 and Pbx1, which cooperatively pattern anterior and proximal mesoderm domains including the forelimb field. Additional local markers reinforce this anterior character: Sfrp1 encodes a Wnt antagonist enriched in anterior mesoderm where Wnt signaling must be attenuated relative to posterior domains, Crabp2 implicates active retinoic acid signaling characteristic of anterior trunk mesoderm, and Zfhx4 marks cranial and anterior mesenchymal populations."
78c,cell subtype,Somatic mesoderm (tailbud),Somatic mesoderm,Intermediate and somatic mesoderm,Lateral plate mesoderm,Mesoderm,"E9.0, E9.5, E10.0",5895,"Robo2, Prrx1, Twist1, Hoxd11, Tmem132c, Kif26b, Col23a1, Hoxa10, Ebf2, Hoxc10","Robo2, Ebf2, Hoxd11, Cadm1, Kif26b, Greb1l, 2610307P16Rik, Col23a1, Hoxc10, Sulf1","Somatic mesoderm (tailbud) is a population of lateral plate mesoderm-derived cells localized to the posterior tailbud region of the mouse embryo during mid-gestation (E9.0–E10.0). The somatic (parietal) layer of lateral plate mesoderm gives rise to body wall mesenchyme, limb bud mesenchyme, and connective tissues, and this subtype specifically represents the caudal extension of that lineage as the embryo elongates through the tailbud. These cells contribute to the mesenchymal framework of the posterior trunk and tail.","The somatic mesoderm identity is supported by robust expression of mesenchymal transcription factors Prrx1 and Twist1, both canonical markers of lateral plate-derived body wall and limb mesenchyme. The tailbud designation is strongly justified by the enrichment of posterior Hox genes from multiple paralog groups—Hoxa10, Hoxc10 (paralog group 10), and Hoxd11 (paralog group 11)—which specify lumbar, sacral, and caudal axial identity and are hallmarks of the posterior growth zone. Among local markers, Hoxd11 and Hoxc10 remain highly discriminative relative to other somatic mesoderm subtypes, confirming that posterior positional identity is the principal feature distinguishing this cluster. Additional markers such as Robo2, Kif26b, and Greb1l are consistent with actively migrating and signaling caudal mesenchyme during axial elongation."
78d,cell subtype,Somatic mesoderm (posterior),Somatic mesoderm,Intermediate and somatic mesoderm,Lateral plate mesoderm,Mesoderm,"E9.0, E9.5, E10.0",79645,"Dlk1, Twist1, Pitx1, Peg3, Col3a1, Unc5c, Gpc6, Bnc2, Mest, Prrx1","Pitx1, Sox6, Ppp2r2b, Pmp22, Unc5c, Mpped2, Hpse2, Bnc2, Ccser1, Postn","Somatic mesoderm (posterior) is the caudal portion of the somatic (parietal) layer of the lateral plate mesoderm, which lines the body wall and contributes to the limb bud mesenchyme of the developing hindlimb. Present from E9.0 to E10.0, this population gives rise to connective tissue, skeletal elements, and dermis of the posterior trunk and hindlimb, and is distinguished from its anterior counterpart by a distinct positional identity along the anteroposterior axis.","The somatic mesoderm identity is supported by global markers characteristic of lateral plate–derived mesenchyme, including the transcription factors Twist1 and Prrx1, the extracellular matrix gene Col3a1, and the mesenchymal-associated genes Dlk1, Mest, and Gpc6. The posterior designation is strongly justified by Pitx1, which is the top local marker and a canonical transcription factor required for hindlimb specification and posterior lateral plate mesoderm identity. Additional local markers such as Postn (periostin, associated with periosteal and limb connective tissue) and Sox6 (involved in chondrogenesis) further reflect the skeletal-mesenchymal character of posterior somatic mesoderm fated toward hindlimb and caudal body wall structures. The enrichment of Pitx1 relative to the most similar cell types provides the clearest molecular distinction between this posterior population and anterior somatic mesoderm."
79,cell type,Mesothelium,Mesothelium,Splanchnic mesoderm,Lateral plate mesoderm,Mesoderm,"E9.5, E10.0",506,"Aldh1a2, Epha7, Dlk1, Gpc3, Bnc2, Rbms3, Peg3, Arg1, Dpf3, Adgrl3","Aldh1a2, Dach2, Dpf3, Adgrl3, Epha7, Upk3b, Arg1, Rbms3, Hapln1, Tmem108","Mesothelium is the specialized simple squamous epithelium derived from lateral plate mesoderm that lines the coelomic cavities (pericardial, pleural, and peritoneal). Emerging at E9.5 as the intraembryonic coelom cavitates, mesothelial cells serve as a signaling center that produces retinoic acid to pattern adjacent developing organs, and later contribute progenitors to the vasculature and connective tissue of visceral organs through epithelial-to-mesenchymal transition.","The local marker Upk3b (Uroplakin 3b) is a canonical mesothelial marker used to definitively identify serosal linings in both embryonic and adult tissues, providing strong evidence for this annotation. Aldh1a2, the top-ranked global and local marker, encodes the principal retinoic acid–synthesizing enzyme and is characteristically expressed in the mesothelium, where it generates the retinoic acid signals critical for patterning the heart, lungs, and gut. Additional markers reinforce a mesothelial identity: Gpc3 (Glypican-3) is highly expressed in coelomic epithelium, Dach2 is a transcription factor enriched in mesothelial progenitors, and Epha7 is consistent with the epithelial boundary-forming role of this tissue. The lateral plate mesoderm lineage assignment and E9.5–E10.0 staging align with the developmental window in which the coelomic mesothelium becomes a molecularly distinct cell population."
80,cell type,,Splanchnic mesoderm,,Lateral plate mesoderm,Mesoderm,"E8.5, E9.0, E9.5, E10.0",60650,"Foxf1, Peg3, Bnc2, Tshz2, Robo2, Runx1t1, Meis2, Meis1, Dlk1, Unc5c","Foxf1, Ptch1, Ghr, Dsp, Csrp2, Tmem158, Fendrr, Hand1, Hsd11b2, D030025E07Rik","Splanchnic mesoderm is the visceral (medial) layer of the lateral plate mesoderm that closely apposes the endoderm-derived gut tube. It gives rise to the mesenchyme of the visceral organs, including the smooth muscle and connective tissue of the gastrointestinal and respiratory tracts, the heart, and the spleen, and it plays a critical role in reciprocal signaling with the adjacent endoderm to pattern these organ primordia.","The top global and local marker Foxf1 is a canonical transcription factor of splanchnic mesoderm, where it specifies visceral mesenchyme fate and is essential for gut and lung mesenchyme development. The local marker Fendrr, a long non-coding RNA transcribed divergently from the Foxf1 locus, is specifically expressed in lateral plate and splanchnic mesoderm and is required for proper lateral mesoderm differentiation. Hand1, another local marker, encodes a bHLH transcription factor enriched in the splanchnic layer that drives cardiac and visceral mesoderm programs. Expression of Ptch1 is consistent with active Hedgehog pathway reception from the adjacent gut endoderm, a hallmark signaling interaction of splanchnic mesoderm, while Meis1 and Meis2 are TALE-class homeodomain factors broadly expressed in lateral plate mesoderm progenitors."
80a,cell subtype,Splanchnic mesoderm,Splanchnic mesoderm,Splanchnic mesoderm,Lateral plate mesoderm,Mesoderm,"E8.5, E9.0, E10.0",21839,"Foxf1, Ifitm1, Peg3, Cdx4, Csrp2, Robo2, Hoxaas3, Phlda2, Hoxc8, Hand1","Foxf1, Dsp, Tmem158, Hoxc8, Pitx1, Krt18, Hsd11b2, Hoxa9, Vim, Greb1","Splanchnic mesoderm is the inner (visceral) layer of the lateral plate mesoderm that apposes the endoderm and gives rise to the gut mesenchyme, visceral smooth muscle, mesenteries, and cardiovascular progenitors. Present from E8.5 through E10.0, this population expands as the gut tube closes and visceral organ primordia are established, contributing mesenchymal stroma to the developing heart, lungs, and gastrointestinal tract.","The designation as splanchnic mesoderm is strongly supported by Foxf1, the top global and local marker, which is a canonical transcription factor of the splanchnic mesoderm layer essential for gut and lung mesenchyme specification. Hand1, another prominent global marker, encodes a bHLH factor required for splanchnic mesoderm identity and its derivatives including cardiac and extraembryonic mesoderm. Posterior Hox genes such as Hoxc8 and Hoxa9, along with the caudal homeobox gene Cdx4, indicate trunk-level axial identity consistent with splanchnic mesoderm lining the mid- and hindgut. Additional markers including Csrp2 (associated with visceral smooth muscle differentiation), Vim (a mesenchymal intermediate filament), and Krt18 (marking mesothelial character at the coelomic surface) further support a visceral lateral plate mesoderm identity distinct from the somatic mesoderm layer."
80b,cell subtype,Splanchnic mesoderm (cardiopulmonary),Splanchnic mesoderm,Splanchnic mesoderm,Lateral plate mesoderm,Mesoderm,"E8.5, E9.0, E9.5, E10.0",10176,"Foxp2, Kcnq5, Foxf1, Unc5c, D030025E07Rik, Slit3, Osr1, Cdh11, Gpc3, Bnc2","Unc5c, Tbx5, Kcnq5, D030025E07Rik, Sparcl1, Slit3, Ryr2, Tafa1, Pde4d, Prrx2","Splanchnic mesoderm (cardiopulmonary) is a population of visceral lateral plate mesoderm that gives rise to the heart and the mesenchymal components of the developing lung. Appearing from E8.5 onward, these cells encompass the second heart field progenitors and the pulmonary mesoderm that surrounds the nascent lung buds, contributing to cardiomyocytes, cardiac outflow tract, and pulmonary smooth muscle and vasculature. This population bridges cardiac and respiratory mesoderm fates, which share a common origin in the anterior and posterior splanchnic mesoderm.","The cardiopulmonary identity is strongly supported by the local marker Tbx5, a transcription factor that is essential for cardiac septation and forelimb development (Holt-Oram syndrome) and also plays a key role in lung bud specification from the foregut mesoderm. The global marker Foxf1 reinforces the pulmonary component, as it is a forkhead transcription factor critical for lung mesenchyme development and splanchnic mesoderm patterning, while Ryr2 (a local marker encoding the cardiac ryanodine receptor) points specifically to cardiomyocyte differentiation. Additional markers such as Osr1 (a lateral plate mesoderm transcription factor involved in cardiac and visceral organ development), Slit3 (expressed in cardiac and diaphragmatic mesoderm), and Foxp2 (enriched in developing lung mesenchyme) collectively distinguish this population from other splanchnic mesoderm subtypes and validate the combined cardiopulmonary designation."
80c,cell subtype,Splanchnic mesoderm (gastric),Splanchnic mesoderm,Splanchnic mesoderm,Lateral plate mesoderm,Mesoderm,"E9.5, E10.0",6254,"Barx1, Foxp2, Tshz2, Ccnd2, Foxf1, Bmpr1b, Bnc2, Dach2, Pdgfra, Gpc3","Barx1, Ccnd2, Isl1, Sorbs2, Bmpr1b, Dach2, ENSMUSG00000133633, Cadm1, Pdgfra, Pde5a","Splanchnic mesoderm (gastric) is the visceral mesenchyme enveloping the developing stomach, derived from the splanchnic layer of lateral plate mesoderm that lines the foregut endoderm. Present at E9.5–E10.0, these cells provide inductive signals that pattern the gastric epithelium and ultimately give rise to the smooth muscle, connective tissue, and submucosal layers of the stomach wall.","The gastric identity of this splanchnic mesoderm population is strongly supported by Barx1, the top-ranked global and local marker, which encodes a homeodomain transcription factor essential for stomach specification—Barx1-null mice undergo homeotic transformation of stomach epithelium to an intestinal fate. Foxf1 and Pdgfra confirm a general splanchnic mesoderm/gut mesenchyme identity, while Isl1 appearing among the local markers is consistent with foregut-level splanchnic mesoderm that includes the gastric domain. Additional markers such as Foxp2, Tshz2, and Bmpr1b reflect the signaling environment (BMP pathway) and transcriptional programs active in gut mesenchymal patterning, and Ccnd2 suggests robust proliferative expansion of this population during the E9.5–E10.0 window of stomach organogenesis."
80d,cell subtype,Splanchnic mesoderm (intestinal),Splanchnic mesoderm,Splanchnic mesoderm,Lateral plate mesoderm,Mesoderm,"E9.5, E10.0, E8.5",15739,"Tshz2, Bnc2, Col3a1, Runx1t1, Dlk1, Col23a1, Foxf1, Peg3, Hsd11b2, Hand1","Hand1, Kif26b, Dsp, Col23a1, Nrp2, Pmp22, Mab21l2, Ccser1, Ebf1, Dlk1","Splanchnic mesoderm (intestinal) is the visceral layer of lateral plate mesoderm that ensheathes the developing midgut and hindgut endoderm, giving rise to the smooth muscle, connective tissue, and vasculature of the intestinal wall. Present from E8.5 through E10.0, this population expands as the gut tube elongates and begins regional patterning along the anterior-posterior axis. It serves as a critical signaling center that directs intestinal epithelial morphogenesis through reciprocal mesenchymal-epithelial interactions.","The splanchnic mesoderm identity is strongly supported by Foxf1, a defining transcription factor of gut-associated splanchnic mesenchyme essential for intestinal development, together with Hand1, which marks ventral splanchnic mesoderm fated toward the gut rather than the heart. The intestinal regionalization is reinforced by local markers such as Kif26b, a Wnt signaling effector critical for kidney and gut mesenchyme morphogenesis, and Ebf1, which contributes to intestinal mesenchymal patterning and smooth muscle progenitor specification. Collagen genes Col3a1 and Col23a1 reflect the mesenchymal extracellular matrix production characteristic of the developing gut wall, while Hsd11b2 and the imprinted genes Dlk1 and Peg3 are consistent with visceral mesoderm surrounding the intestinal tube. The enrichment of Hand1, Dsp, and Mab21l2 as top local markers distinguishes this population from cardiac or pharyngeal splanchnic mesoderm subtypes, pointing specifically to a gut-associated mesenchymal identity."
80e,cell subtype,Splanchnic mesoderm (septum transversum),Splanchnic mesoderm,Splanchnic mesoderm,Lateral plate mesoderm,Mesoderm,"E8.5, E9.0, E9.5, E10.0",6642,"Zfpm2, Alcam, Dlk1, Plagl1, Robo2, Asb4, Gata4, Gata6, Itm2a, Ptn","Plagl1, Tgfbr3, Robo2, Alcam, Adam12, Ghr, Dlk1, Itm2a, Zfpm2, Hmcn1","The septum transversum is a mesodermal partition that forms between the developing heart and the foregut endoderm during mid-gestation, serving as a critical signaling center for hepatic induction and contributing to the diaphragm, epicardium, and hepatic stellate cells. This splanchnic mesoderm subpopulation appears from E8.5 onward as the septum transversum condenses ventral to the heart, producing mesenchymal cells that secrete signals (including BMPs and FGFs) essential for directing foregut endoderm toward a liver fate. It also gives rise to the proepicardial organ and stellate cell precursors that later colonize the liver bud.","The co-expression of Gata4 and Gata6 with their transcriptional cofactor Zfpm2 (FOG2) is a hallmark of the septum transversum mesenchyme, where GATA4 is required for its specification and survival. Dlk1 is a well-established marker of septum transversum-derived hepatic stellate cell precursors, and its prominence among both global and local markers strongly supports this identity. The enrichment of Tgfbr3 and Ghr in the local marker set further distinguishes this population from other splanchnic mesoderm subtypes, as both are characteristic of the hepatogenic mesenchyme surrounding the liver bud. Additional markers such as Alcam, Ptn, and Hmcn1 reflect the mesenchymal and extracellular-matrix-producing character of the septum transversum stroma."
81,cell type,Anterior mesoderm,Anterior mesoderm,Early,Mesoderm,Mesoderm,"E8.0, E8.5, E9.0",2379,"Twist1, Ebf1, Colec12, Prrx2, Col23a1, Ebf2, Cdh11, Fst, Pgk1, Fzd2","Ebf1, Ebf2, Nnat, Colec12, Fst, Tbx1, Col26a1, Ank3, Ror1, Kdr","Anterior mesoderm is a mesodermal population in the developing mouse embryo that gives rise to head mesenchyme, pharyngeal arch mesoderm, and portions of the second heart field. Present from E8.0 through E9.0, these cells contribute to craniofacial connective tissues, pharyngeal arch-derived structures, and outflow tract components of the developing heart.","The name Anterior mesoderm is supported by the strong expression of Tbx1, a hallmark transcription factor of the pharyngeal mesoderm and second heart field that is essential for anterior mesodermal patterning. Twist1 and Prrx2 are paired-type and bHLH transcription factors characteristic of cranial and anterior mesenchyme, while Ebf1 and Ebf2 mark anterior mesenchymal populations including pharyngeal arch-derived mesoderm. Additional markers such as Fst (an anterior signaling antagonist of BMP/activin), Cdh11 (mesenchymal cadherin), and collagens Col23a1 and Col26a1 reflect the mesenchymal character of this population, while Kdr indicates overlap with lateral plate-derived mesodermal progenitors consistent with an anterior mesodermal identity."
82,cell type,Nascent mesoderm,Nascent mesoderm,Early,Mesoderm,Mesoderm,E7.5,855,"Phlda2, Lefty2, Pou5f1, Mesp1, Emb, Lef1, Ifitm1, Pcdh19, Tenm4, Dll3","Lefty2, Phlda2, Mesp1, Twist1, Rasgrp3, Tenm4, Pcdh19, Col23a1, Dusp9, Dll3","Nascent mesoderm comprises the earliest mesodermal progenitors that have just delaminated from the primitive streak during gastrulation, having undergone epithelial-to-mesenchymal transition but not yet diversified into specific mesodermal subtypes. Present at E7.5–E8.0, these cells represent a transient state bridging epiblast exit and mesodermal lineage commitment, retaining residual pluripotency features while activating the core mesoderm transcriptional program.","The name ""Nascent mesoderm"" is supported by the co-expression of the early mesodermal master regulator Mesp1—one of the first transcription factors activated upon mesoderm specification—alongside the EMT driver Twist1 in the local markers, both hallmarks of newly formed mesoderm emerging from the streak. Retention of the pluripotency factor Pou5f1 and the epiblast-associated phosphatase Dusp9 indicates these cells have only recently departed the epiblast, consistent with a nascent rather than mature mesodermal identity. Active Wnt signaling, evidenced by the Wnt effector Lef1, together with the Nodal antagonist Lefty2, reflects the signaling environment of gastrulation-stage mesoderm induction. The Notch ligand Dll3 and cell adhesion molecules Pcdh19 and Tenm4 further point to cells undergoing the early tissue reorganization characteristic of freshly specified mesoderm, before commitment to paraxial, lateral, or cardiac fates."
83,cell type,Arterial endothelial cell,Arterial endothelial cell,Blood and endothelial,Mesoderm,Mesoderm,"E8.5, E9.0, E9.5, E10.0",2011,"Ramp2, Ptprm, Calcrl, Cdh5, Flt1, Plvap, Mecom, Emcn, Sparc, Gja4","Gja4, Mecom, Vegfc, Gja5, Sat1, Igfbp3, Calcrl, Efnb2, Tmem100, Nrp1","Arterial endothelial cells are vascular endothelial cells that line the inner walls of arteries, distinguished from venous and capillary endothelium by their unique molecular signature and role in maintaining high-pressure, oxygen-rich blood flow. In the mouse embryo from E8.5 onward, these cells emerge as the vascular plexus remodels into a hierarchical arterial-venous network, contributing to the dorsal aortae, pharyngeal arch arteries, and other major arterial vessels essential for embryonic circulation and organogenesis.","The arterial identity of this population is strongly supported by canonical arterial endothelial markers among both the global and local gene sets. Gja4 and Gja5 encode connexin37 and connexin40, gap junction proteins that are highly specific to arterial endothelium and required for arterial specification, while Efnb2 (ephrin-B2) is a definitive arterial marker that distinguishes arterial from venous endothelial cells during vascular development. Additional arterial-enriched genes such as Mecom (also known as Evi1/PRDM3), Nrp1 (neuropilin-1, an arterial-favored VEGF co-receptor), and Tmem100 (a BMP/ALK1-responsive transmembrane protein restricted to arterial endothelium) further reinforce the classification. Broad endothelial identity is confirmed by pan-endothelial markers including Cdh5 (VE-cadherin), Flt1 (VEGFR1), Emcn (endomucin), Plvap, and Ramp2/Calcrl (components of the adrenomedullin receptor complex critical for vascular integrity)."
84,cell type,Endocardial cell,Endocardial cell,Blood and endothelial,Lateral plate mesoderm,Mesoderm,"E8.5, E9.0, E9.5, E10.0",3701,"Hapln1, Ramp2, Ptprm, Fn1, Vim, Igf2r, Tagln2, Nfia, Calcrl, Nfib","Pdlim3, Cdkn1c, Igf2r, Kcnq5, Tbx20, Gata4, Nfia, Tmem108, Mical2, Nrxn3","Endocardial cells are the specialized endothelial cells that line the inner surface of the developing heart chambers. Arising from lateral plate mesoderm, they play essential roles in cardiac morphogenesis including valve formation, trabeculation, and endocardial-to-mesenchymal transition (EndMT) that contributes to the cardiac cushions and septa. Their appearance from E8.5 onward is consistent with the timing of heart tube formation and subsequent chamber remodeling in the mouse embryo.","The endocardial identity is strongly supported by local markers Tbx20 and Gata4, core cardiac transcription factors with well-established expression in the endocardium where they regulate chamber maturation and valve development. The global markers Ramp2 and Calcrl encode the two components of the adrenomedullin receptor complex, a signaling pathway critical for endocardial cell survival and cardiovascular development. Hapln1, a top global marker encoding a hyaluronan-binding link protein, reflects the abundant cardiac jelly extracellular matrix that endocardial cells produce and interact with during cushion morphogenesis. Together with the endothelial-associated matrix gene Fn1 and the cardiac-enriched LIM domain protein Pdlim3, these markers collectively distinguish endocardial cells from vascular endothelium and other cardiac cell populations."
85,cell type,Endothelial progenitor,Endothelial progenitor,Blood and endothelial,Mesoderm,Mesoderm,"E8.0, E8.5, E9.0, E9.5, E10.0",9446,"Hapln1, Kdr, Egfl7, Fli1, Lmo2, Ramp2, Igfbp4, Ptprm, Rhoj, Vav3","Etv2, Thsd4, Gadd45g, Cd24a, Colec12, Gpc3, Gpc6, Lmo2, Nrp2, Sorcs2","Endothelial progenitors are mesodermal precursor cells that give rise to the vascular endothelium during embryonic vasculogenesis. Present from E8.0 onward, these cells are specified from lateral plate mesoderm and represent the earliest committed endothelial lineage, forming the primitive vascular plexus before maturing into the diverse endothelial subtypes that line blood and lymphatic vessels.","The global marker profile strongly supports an endothelial identity, with Kdr (VEGFR2) as the canonical VEGF receptor essential for endothelial fate, Fli1 as a core endothelial ETS transcription factor, and Egfl7 and Rhoj as genes characteristically enriched in vascular endothelium. The progenitor designation is justified by the local markers that distinguish this population from more mature endothelial subtypes: Etv2 is the master transcription factor for endothelial specification from mesoderm that is transiently expressed during fate commitment and downregulated upon maturation, while Lmo2 marks the early hemangioblast-to-endothelial transition. Additional local markers such as Cd24a, a surface glycoprotein associated with progenitor states, and the glypicans Gpc3 and Gpc6, which modulate developmental growth factor signaling, further reflect an immature, actively differentiating population rather than fully differentiated endothelium."
86,cell type,Hematoendothelial progenitor,Hematoendothelial progenitor,Blood and endothelial,Mesoderm,Mesoderm,E7.5,270,"Lmo2, Fgf3, Rspo3, Runx1, Reln, Car2, Tal1, Fli1, Gata2, Phlda2","Reln, Runx1, Lmo2, Fgf3, Unc5c, Kcnq5, Cited2, Phlda1, Tal1, Ccnd2","Hematoendothelial progenitors are bipotent mesodermal precursors that arise in the yolk sac blood islands during gastrulation and give rise to both primitive hematopoietic cells and vascular endothelium. Present at E7.5–E8.0, these cells represent the earliest branch point between blood and endothelial fates and are functionally related to the hemangioblast, a transient population specified from lateral and posterior mesoderm under the influence of BMP and Wnt signaling.","The marker gene profile strongly supports a bipotent hematoendothelial identity, as it is dominated by transcription factors that co-regulate both blood and endothelial specification. Tal1 (SCL), Lmo2, and Gata2 form a core transcriptional complex essential for hemangioblast specification from mesoderm, while Fli1 is an ETS-family factor required for both endothelial integrity and hematopoietic development. Runx1, a top local and global marker, marks hemogenic endothelium and the onset of definitive hematopoiesis, and Rspo3 is a Wnt-pathway modulator with established roles in vascular remodeling. The co-expression of these hematopoietic and endothelial regulators—without commitment markers for either lineage alone—together with the early stage restriction to E7.5–E8.0, supports the designation as a progenitor population upstream of both fates rather than a committed blood or endothelial cell type."
87,cell type,Notochord,Notochord,Endoderm and notochord,Mesoderm,Mesoderm,"E7.5, E8.0, E8.5, E9.0, E9.5, E10.0",3484,"T, Slit2, Shh, Alcam, Cobl, Nav3, Etl4, Cthrc1, Pde4d, Samd3","T, Slit2, Alcam, Nav3, Cthrc1, Cobl, Shh, Vim, Lmx1a, Samd3","The notochord is a rod-shaped mesodermal structure running along the embryonic dorsal midline that serves as the primary axial scaffold and a critical ventral midline signaling center. It secretes morphogens that pattern the neural tube and somites, and in later development its remnants contribute to the nucleus pulposus of the intervertebral discs. Present from E7.5 through E10.0 in this dataset, the notochord is one of the earliest and most persistent mesodermal derivatives of the organizer.","The identity of this cluster as notochord is strongly supported by the co-expression of T (Brachyury) and Shh, a hallmark combination: T is a canonical notochord transcription factor that becomes restricted to this structure after gastrulation, while Shh encodes the key morphogen secreted by the notochord to induce floor plate and sclerotome differentiation. Additional markers reinforce this assignment, including Slit2, an axon guidance ligand produced by the notochord and floor plate, and Alcam, a cell adhesion molecule enriched in notochordal cells. The presence of Cthrc1, a collagen-related Wnt signaling modulator associated with notochord extracellular matrix, and Lmx1a, a LIM-homeodomain transcription factor expressed in midline signaling structures, further distinguishes this cluster from related mesodermal populations in both the global and local marker sets."
88,cell type,Pharyngeal mesoderm,Pharyngeal mesoderm,Splanchnic mesoderm,Paraxial mesoderm,Mesoderm,"E8.5, E9.0, E9.5, E10.0",17528,"Tshz2, Cdh11, Ebf1, Prkg1, Grid2, Nnat, Col26a1, Eya1, Tbx1, Gng11","Grid2, Tshz2, Tbx1, Eya4, Igfbp5, Gm266, Gng11, Celf2, Gfra1, Gm56620","Pharyngeal mesoderm is the mesodermal population that populates the pharyngeal (branchial) arches of the developing embryo, contributing to craniofacial muscles, connective tissues of the head and neck, and the secondary heart field. Arising from a distinct domain of paraxial/cranial mesoderm, these cells interact with neural crest and pharyngeal endoderm to pattern the arches and are essential for normal craniofacial and cardiac outflow tract morphogenesis. This population emerges at E8.5 as the pharyngeal arches begin to form and expands through E10.0 as successive arches are elaborated.","The name Pharyngeal mesoderm is strongly supported by the expression of Tbx1, the canonical transcription factor of pharyngeal arch core mesoderm whose loss-of-function underlies DiGeorge syndrome and pharyngeal arch defects. Co-expression of Eya1 and Eya4, members of the Eyes Absent transcriptional cofactor family required for pharyngeal arch-derived organ development (mutations cause branchio-oto-renal syndrome), reinforces this identity. Additional markers such as Tshz2 and Ebf1 are consistent with craniofacial mesenchymal fate specification, while Cdh11 and Col26a1 reflect the mesenchymal character of this population. The local markers further distinguish this cluster from related paraxial mesoderm subtypes, with Tbx1 and Eya4 serving as the most specific discriminators of pharyngeal arch mesoderm identity."
89,cell type,Dermomyotome,Dermomyotome,Paraxial mesoderm,Paraxial mesoderm,Mesoderm,"E8.5, E9.0, E9.5, E10.0",92662,"Meox1, Tcf15, Pax3, Ntn1, Plch1, Gas1, Fbn2, Mest, Rps6ka3, Dlk1","Plch1, Rps6ka3, Dmrt2, Sema3a, Gas1, Igfbp5, Pax3, Foxp2, Cdon, Sdk1","The dermomyotome is the dorsal epithelial layer of the maturing somite that serves as a multipotent progenitor pool for skeletal muscle (via the myotome), dorsal dermis, and brown fat. Present from E8.5 through E10.0, it maintains an epithelial sheet of proliferating precursors whose dorsomedial and ventrolateral lips progressively delaminate to seed myogenic and migratory muscle progenitor populations throughout the body wall and limb buds.","The name Dermomyotome is strongly supported by the co-expression of canonical dermomyotome transcription factors: Pax3, the definitive marker of the dermomyotome epithelium and its migratory muscle progenitors; Meox1, a homeobox gene required for proper somite segmentation and sclerotome/dermomyotome patterning; and Tcf15 (Paraxis), a bHLH factor essential for maintaining the epithelial state of the dermomyotome. Local markers further reinforce this identity, with Dmrt2 marking early somite compartmentalization and dermomyotome specification, while Gas1 and Cdon—both Hedgehog pathway modulators—reflect the signaling environment that distinguishes the dermomyotome from the Shh-responsive sclerotome and committed myotome. The presence of guidance cues such as Sema3a and extracellular matrix components like Fbn2 is consistent with the dermomyotome's role in organizing cell migration and tissue morphogenesis during somite maturation."
90,cell type,Head paraxial mesoderm,Head paraxial mesoderm,Paraxial mesoderm,Paraxial mesoderm,Mesoderm,"E8.5, E9.0, E9.5, E10.0",67945,"Col3a1, Cdh11, Twist1, Col23a1, Cped1, Ebf1, Colec12, Vcan, Foxd1, Tmem132c","Ctnna2, Alcam, Ptn, Unc5c, Flrt2, Ebf1, Col23a1, Limch1, Ror1, Sfrp1","Head paraxial mesoderm is a mesenchymal cell population derived from the unsegmented paraxial mesoderm anterior to the otic vesicle, contributing to craniofacial connective tissues, muscles of the head, and portions of the skull. Unlike trunk paraxial mesoderm, which segments into somites, head paraxial mesoderm remains unsegmented and gives rise to much of the cranial musculature and skeletal elements of the face and branchial arches during E8.5–E10.0.","The global marker profile strongly supports a mesenchymal paraxial mesoderm identity, with Col3a1, Cdh11, Twist1, and Vcan indicating an actively migrating, extracellular matrix-producing mesenchyme, and Twist1 in particular being a master regulator of cranial mesoderm specification and craniofacial morphogenesis. Ebf1 and Foxd1, both enriched globally, are transcription factors with well-characterized roles in head mesenchyme patterning and are not typically associated with somitic mesoderm, pointing specifically to the cranial domain. Among the local markers that distinguish this population from related paraxial mesoderm subtypes, Ptn (pleiotrophin), Alcam, and Sfrp1 are hallmarks of loosely organized cranial mesenchyme, while Unc5c and Flrt2 reflect the guidance-receptor signaling active in migrating head mesoderm progenitors. The combination of cranial mesenchyme transcription factors (Ebf1), head-enriched collagens (Col23a1), and the absence of somitogenesis-associated genes collectively justify the designation as head paraxial mesoderm rather than a trunk or somitic identity."
91,cell type,Hypaxial myogenic progenitor,Hypaxial myogenic progenitor,Paraxial mesoderm,Paraxial mesoderm,Mesoderm,"E9.0, E9.5, E10.0",8458,"Pax3, Ptn, Eya1, Lbx1, Mest, Hs6st3, Id2, Nav3, Asb4, Mir99ahg","Pax3, Hs6st3, Lbx1, Nav3, Id2, Inpp4b, Eya1, Met, Abr, Tmsb4x","Hypaxial myogenic progenitors are migratory muscle precursor cells that delaminate from the hypaxial dermomyotome of somites and travel to distant sites—including the limb buds, body wall, diaphragm, and tongue—where they later differentiate into skeletal muscle. Arising from paraxial mesoderm between E9.0 and E10.0, these progenitors maintain a proliferative, undifferentiated state during migration and are distinguished from epaxial progenitors (which form the deep back musculature) by their long-range migratory behavior and distinct transcriptional program.","The top marker Pax3 is the master transcription factor of the hypaxial dermomyotome, essential for specifying and maintaining migratory muscle progenitors, while Lbx1 is specifically required for the migration of hypaxial precursors into the limb buds and is not expressed in the epaxial lineage. The presence of Met (a direct Pax3 target encoding the HGF receptor) among the local markers further supports the hypaxial identity, as HGF/Met signaling drives delamination and migration from the somite. Eya1 reinforces this designation as a key component of the Pax3–Six–Eya regulatory network governing myogenic progenitor specification, and Id2 is consistent with an undifferentiated progenitor state, as it encodes an inhibitor of myogenic differentiation factors."
92,cell type,Myotome,Myotome,Paraxial mesoderm,Paraxial mesoderm,Mesoderm,"E8.5, E9.0, E9.5, E10.0",5029,"Cdkn1c, Ttn, Itm2a, Myog, Clstn2, Actc1, Ncam1, Tpm1, Nes, Slc24a3","Ncam1, Myog, Clstn2, Cdkn1a, Nes, Efna5, Cadm1, Lrrn1, Itm2a, Pde4d","The myotome is the muscle-forming compartment of the somite, arising from the dermomyotome as cells delaminate and differentiate into the first skeletal muscle cells of the embryo. Present from E8.5 onward, myotome cells are committed, largely post-mitotic myocytes that express myogenic regulatory factors and begin assembling sarcomeric contractile machinery, laying the foundation for axial and body wall musculature.","The name Myotome is strongly supported by the expression of Myog (myogenin), a myogenic regulatory factor that specifically marks committed, differentiating myotomal cells and distinguishes them from earlier progenitors in the dermomyotome. Sarcomeric structural genes Ttn, Actc1, and Tpm1 among the global markers confirm active assembly of contractile apparatus characteristic of nascent skeletal muscle. The cell cycle inhibitors Cdkn1c and Cdkn1a reflect the post-mitotic state of differentiating myocytes, while Ncam1—a classical myotome surface marker used in embryological studies to identify this compartment—appears as the top local marker, reinforcing the distinction from neighboring somitic cell types."
93,cell type,Nascent somite,Nascent somite,Paraxial mesoderm,Paraxial mesoderm,Mesoderm,"E8.0, E8.5, E9.0, E9.5, E10.0",14387,"Meox1, Kif26b, Tcf15, Lef1, Ifitm1, Smoc1, Pcdh19, Greb1l, Pcsk5, Tenm4","Meox1, Tcf15, Foxc2, Notch1, Ebf1, Kif26b, Pcdh8, Fgf18, Ntn1, Pcsk5","Nascent somites are the most recently formed epithelial segments of paraxial mesoderm, generated sequentially along the anterior-posterior axis through the segmentation clock during somitogenesis. These transient structures represent the initial epithelialized state of somitic mesoderm before further compartmentalization into sclerotome, dermomyotome, and myotome, which ultimately give rise to the axial skeleton, skeletal muscle, and dermis. Their presence from E8.0 through E10.0 reflects the continuous rostral-to-caudal progression of somite formation during this developmental window.","The top global and local marker Meox1 is a homeobox transcription factor with highly specific expression in newly formed somites, where it is required for proper somite maturation and sclerotome development. Tcf15 (Paraxis), the second-ranked marker in both lists, encodes a bHLH transcription factor essential for the mesenchymal-to-epithelial transition that defines nascent somite formation, distinguishing these cells from the still-unsegmented presomitic mesoderm. Additional local markers reinforce this identity: Foxc2 is a forkhead transcription factor expressed in early somites and required for their differentiation, Notch1 reflects the active Notch signaling pathway central to the segmentation clock, and Pcdh8 is a protocadherin involved in somite boundary formation and epithelialization. The presence of Lef1 (a Wnt pathway effector) and Fgf18 among the markers further supports the ""nascent"" designation, as Wnt and FGF signaling gradients are key regulators of the presomitic-mesoderm-to-somite transition rather than later somite compartmentalization."
94,cell type,Periocular mesoderm,Periocular mesoderm,Paraxial mesoderm,Paraxial mesoderm,Mesoderm,"E8.5, E9.0, E9.5, E10.0",3950,"Hpse2, Cdh11, Pitx2, Nnat, Robo2, Cped1, Col3a1, Foxp2, Colec12, Chsy3","Hpse2, Pitx2, Lmx1a, Robo2, Chsy3, Eya2, Dach1, Vegfc, Grik2, Slit2","Periocular mesoderm is a specialized cranial mesenchyme population derived from paraxial mesoderm that surrounds the developing eye. These cells contribute to the extraocular muscles, orbital connective tissues, sclera, and choroid, and play essential roles in anterior eye segment morphogenesis during mid-to-late organogenesis (E8.5–E10.0).","The periocular identity is most strongly supported by Pitx2, a transcription factor that is a definitive marker of periocular mesenchyme and is required for anterior eye segment development, with mutations causing Axenfeld-Rieger syndrome. The local markers Eya2 and Dach1 are core components of the Pax-Six-Eya-Dach network critical for eye and craniofacial development, while Lmx1a marks dorsal periocular mesenchyme involved in patterning around the optic cup. Mesenchymal identity is reinforced by global markers such as Col3a1 and Cdh11, and the guidance cues Robo2 and Slit2 reflect the active migratory and patterning processes occurring as these cells organize around the developing eye."
95,cell type,Presomitic mesoderm,Presomitic mesoderm,Paraxial mesoderm,Paraxial mesoderm,Mesoderm,"E8.0, E8.5, E9.0, E9.5, E10.0",29032,"Rspo3, 9530020I12Rik, Hoxaas3, Ifitm1, Lef1, Cited1, Kif26b, Dll3, Greb1l, Limch1","9530020I12Rik, Rspo3, Btg2, Smc6, Cited1, Tpm1, Dll3, Plxna2, Lmo2, Hoxaas3","Presomitic mesoderm (PSM) is the unsegmented paraxial mesoderm tissue located posterior to the last-formed somite, from which new somites sequentially bud off during body axis elongation. Present from E7.5 through E10.0, the PSM is maintained by active Wnt and Notch signaling gradients that drive the segmentation clock and coordinate periodic somite formation along the anterior-posterior axis.","The marker gene signature strongly reflects the Wnt and Notch signaling pathways that define the presomitic mesoderm identity. Rspo3, a potent Wnt agonist, and Lef1, a canonical Wnt/β-catenin transcriptional effector, are both top global markers, consistent with the high Wnt activity that maintains the unsegmented PSM state, while Kif26b is a known Wnt target gene in this tissue. Dll3, a Notch pathway ligand essential for the segmentation clock and proper somitogenesis, appears in both global and local marker lists and is a hallmark PSM gene whose disruption causes vertebral patterning defects. The presence of Hoxaas3, an antisense transcript from the HoxA locus, aligns with the collinear Hox gene activation that specifies axial identity within the PSM as it extends posteriorly."
96,cell type,Sclerotome,Sclerotome,Paraxial mesoderm,Paraxial mesoderm,Mesoderm,"E8.5, E9.0, E9.5, E10.0",129101,"Twist1, Col3a1, Cdh11, Foxd1, Meox1, Mest, Fbn2, Arg1, Foxp2, Fbxl7","Arg1, Foxd1, Dlk1, Col3a1, Pax1, Sncaip, Rnf220, Nrg1, Sema5a, Cxcl12","Sclerotome is the ventromedial compartment of the somite that undergoes epithelial-to-mesenchymal transition and migrates around the neural tube and notochord to form the axial skeleton, including vertebrae, ribs, and intervertebral discs. Emerging from E8.5 onward as somites mature, sclerotome cells become migratory mesenchymal progenitors that eventually differentiate into chondrocytes and osteoblasts, establishing the cartilaginous and bony framework of the vertebral column.","The designation Sclerotome is strongly supported by the local marker Pax1, the canonical transcription factor that defines sclerotome identity and is essential for vertebral column formation. Global markers Meox1 and Twist1 reinforce somite-derived mesenchymal identity, with Meox1 required for proper sclerotome specification and Twist1 regulating mesenchymal gene programs during skeletal development. The presence of Foxd1 among both global and local markers is consistent with sclerotome patterning, while Col3a1 and Cdh11 reflect the extracellular matrix-producing mesenchymal character of these cells, and Cxcl12 is a chemokine characteristically secreted by sclerotome to guide migrating neural crest and motor axons. Together, these markers—particularly the combination of Pax1, Foxd1, and Twist1—distinguish this population from other somite derivatives such as dermomyotome or syndetome."
97,cell type,Primordial germ cell,Primordial germ cell,Extraembryonic and PGC,Primordial germ cell,Primordial germ cell,"E7.5, E8.0, E8.5, E9.0, E9.5, E10.0",638,"Dppa3, Ifitm3, Pou5f1, Ifitm1, Phlda2, Tfap2c, Prdm1, L1td1, Dnd1, Alg13","Dppa3, Ifitm3, Ifitm1, Ttc28, Prdm1, Mast4, Zbtb20, Klf2, Kit, Thsd4","Primordial germ cells (PGCs) are the embryonic precursors of the gametes — sperm and oocytes — that carry genetic information to the next generation. Specified from proximal epiblast cells around E6.25–E7.25 in mouse, PGCs migrate through the hindgut endoderm to colonize the genital ridges by ~E10.5, maintaining pluripotency and undergoing extensive epigenetic reprogramming along the way. Their presence across E7.5–E10.0 in this dataset captures the full migratory phase of PGC development.","The global marker profile provides a textbook PGC signature: Dppa3 (Stella) is a canonical PGC-specific gene activated upon specification, Pou5f1 (Oct4) reflects maintained pluripotency, and Prdm1 (Blimp1) together with Tfap2c (AP-2γ) are the core transcriptional regulators that initiate and sustain germ cell fate. Ifitm1 and Ifitm3, among the earliest markers of nascent PGCs, confirm germ cell identity, while Dnd1 encodes an RNA-binding protein essential for PGC survival and L1td1 marks undifferentiated pluripotent cells. The local markers further distinguish PGCs from neighboring somatic lineages, with Kit (c-Kit receptor, critical for PGC migration and survival), Dppa3, Prdm1, and Klf2 separating this population from the most transcriptionally similar cell types in the dataset."
98,cell type,Hemogenic endothelium,Hemogenic endothelium,Blood and endothelial,Mesoderm,Mesoderm,"E9.0, E9.5, E10.0",354,"Calcrl, Runx1, Ramp2, Mecom, Cdh5, Ldb2, Plvap, Ptprm, Fli1, Tagln2","Runx1, Ikzf2, Marchf3, Mctp1, Slit2, Cacnb2, Cebpb, Hoxa9, Setbp1, Sfrp2","Hemogenic endothelium is a specialized subset of vascular endothelial cells uniquely capable of undergoing endothelial-to-hematopoietic transition (EHT), giving rise to definitive hematopoietic stem and progenitor cells. Found primarily in the aorta-gonad-mesonephros (AGM) region, yolk sac, and placenta, these cells are present during a narrow developmental window (here E9.0–E10.0) that coincides with the onset of definitive hematopoiesis in the mouse embryo.","The global markers establish a dual endothelial-hematopoietic identity: Cdh5 (VE-cadherin), Calcrl/Ramp2, Plvap, and Fli1 confirm endothelial character, while Runx1—the master transcription factor required for EHT—and Mecom (Evi1), a regulator of hematopoietic stem cell self-renewal, mark the hemogenic specification. Among the local markers, Runx1 is the top differentially expressed gene relative to the most similar cell types, directly supporting the ""hemogenic"" designation. Additional local markers including Ikzf2 (Helios), Hoxa9, and Cebpb represent hematopoietic transcription factors involved in stem cell function and myeloid priming, reinforcing that these endothelial cells are actively transitioning toward a hematopoietic fate."
99,cell type,Hematopoietic progenitor,Hematopoietic progenitor,Blood and endothelial,Blood,Mesoderm,"E8.5, E9.0, E9.5, E10.0",320,"Runx1, Tagln2, Mef2c, Mctp1, Arpc1b, Ptpre, Pla2g4a, Arhgdib, Coro1a, Klf2","Hmga2, Angpt1, Myb, Cmtm7, Ikzf1, Fut8, Dnmt3b, Tox, Kit, Mpo","Hematopoietic progenitors are multipotent blood precursors that emerge from hemogenic endothelium during definitive hematopoiesis in the mouse embryo. Present from E8.5 to E10.0, these cells arise in the yolk sac, para-aortic splanchnopleura, and aorta-gonad-mesonephros region, and give rise to the full spectrum of myeloid and lymphoid lineages.","The global marker Runx1 is the master transcription factor for the endothelial-to-hematopoietic transition and definitive hematopoiesis, while Kit (c-Kit) in the local markers is the canonical surface receptor marking hematopoietic stem and progenitor cells. The local marker Myb is essential for progenitor self-renewal and expansion during definitive hematopoiesis, and Dnmt3b is a de novo methyltransferase required for HSC emergence. The co-expression of early lineage-affiliated factors such as Mpo (myeloid), Ikzf1/Ikaros (lymphoid), and Tox (lymphoid) alongside pan-hematopoietic cytoskeletal genes (Arpc1b, Coro1a, Arhgdib) indicates a multipotent progenitor state poised for multilineage differentiation rather than a committed cell type."
