source,target,value,norm_value,z_score,norm_value_var,p_value,source_n,target_n,top5_for,proposed_explanation,novelty
Allantois,Allantois,9.499999999914719,-2.3684757858670005e-15,-2.3685598421199995e-05,3.6077238732107605e-28,1.0,78,78,,,
Allantois,Amniotic ectoderm,5.556955945206139,0.34818137882658257,3.805412229254379,0.02345639555671033,0.01,78,2288,,,
Allantois,Arterial endothelial cell,5.5380524897516645,0.25032899841493145,3.1281058541631936,0.022539792448788894,0.32,78,645,,,
Allantois,Autonomic neuron,4.776109087624133,-0.020772086480587742,-0.008706213651934766,0.07051421346118777,0.51,78,142,,,
Allantois,Autonomic progenitor,5.303943508334386,-0.04183537170330857,-0.301554768566016,0.0061781508326830825,0.96,78,3416,,,
Allantois,Axial progenitor,5.246847947736646,-0.28252670374098976,-3.186854733971833,0.002614503439722162,0.01,78,3170,,,
Allantois,Cranial motor neuron,5.0213986535509845,-0.3494909207114967,-3.3670358873187802,0.006695819240827279,0.02,78,3730,,,
Allantois,Cranial neural crest,5.62768195513328,0.04316101214842553,0.35999666517387535,0.006099695695788489,0.98,78,9523,,,
Allantois,Dermomyotome,5.584062830334233,-0.23942356925425953,-2.583581394166017,0.002581371119695989,0.03,78,47263,,,
Allantois,Diencephalon,5.328610649040533,-0.1902709551387615,-2.063387063200501,0.008636590141302643,0.44,78,14353,,,
Allantois,Dorsal root ganglion neuron,5.204428385389119,-0.07754157310886238,-0.6874543730707452,0.00511826076313006,0.75,78,1179,,,
Allantois,Dorsal root ganglion progenitor,5.271328160042692,-0.032670498105979995,-0.2555673581097679,0.0013233954918460227,0.89,78,921,,,
Allantois,Endocardial cell,5.173192548407024,-0.06661576729901715,-0.9066837446154454,0.00010175058784228782,0.44,78,1558,,,
Allantois,Endothelial cell,5.962315646565533,0.27475748307295333,3.242206828842061,0.027555364893793375,0.25,78,9605,,,
Allantois,Endothelial progenitor,5.553370775102628,-0.01619875602120402,-0.24300405492285107,0.0008292501939504984,0.97,78,1988,,,
Allantois,Epibranchial placode,5.478696717032883,0.33529298192092466,3.3079990928926684,0.019404447312622135,0.04,78,3606,,,
Allantois,Epibranchial sensory neuron,5.373973625013618,0.26617351406583456,2.331959678181922,0.040631333822182016,0.19,78,1270,,,
Allantois,Epicardium,5.174101370632514,-0.02482138152352853,-0.16402061719239888,0.00797336786913298,0.71,78,1288,,,
Allantois,Epidermal progenitor,5.862373641292034,0.4171409897066951,4.549294903693521,0.001672944180300391,0.0,78,24337,Allantois,"Both likely trace back to the posterior epiblast/primitive streak, where allantois (posterior extraembryonic mesoderm) and epidermal surface-ectoderm progenitors co-emerge from the same caudal region before full germ-layer segregation, giving them shared recent ancestry despite belonging to different germ layers.",4
Allantois,Extraembryonic mesoderm,5.461973298515484,0.2439314604040792,3.1800410786355866,0.02097969278854169,0.25,78,5300,,,
Allantois,Eye field,5.300216759401839,-0.1555483903319376,-1.642823286339203,0.0023202190811565256,0.25,78,8896,,,
Allantois,First heart field,5.209802272445751,-0.04444226057107888,-0.701677878955769,0.011300499975037553,0.54,78,1531,,,
Allantois,Floor plate,5.146174309629185,-0.41030216411221926,-3.8910627576141485,0.00446957740562,0.0,78,16788,,,
Allantois,Foregut,4.914789043294367,-0.13105743288819158,-1.6116610548276176,0.015219317411343657,0.91,78,2432,,,
Allantois,Forelimb field,5.536508984214881,0.0600892638380491,0.8482340295972494,0.005808807366219585,0.93,78,25891,,,
Allantois,Frontonasal mesenchyme,5.4982946501549685,0.006905309717828878,-0.18496399850339998,0.02005145763888918,0.66,78,24672,,,
Allantois,Head paraxial mesoderm,5.440239691483932,-0.014720482284564499,-0.4013004445779716,0.027600080762965554,0.21,78,32981,,,
Allantois,Hematopoietic progenitor,4.58479368661171,-0.10320838564309269,-0.5805923148292544,0.07359929994440562,0.75,78,87,,,
Allantois,Hemogenic endothelium,5.076013175382369,0.17181155697845796,1.2811219141160137,0.009717382408006186,0.65,78,141,,,
Allantois,Hepatoblast,4.700901656197634,-0.22737252177065828,-1.6077164082899174,0.08983783044793284,0.68,78,1255,,,
Allantois,Hindbrain (isthmic organizer),5.2500250066411285,-0.2353937200540542,-2.615976495247968,0.0021105785603639767,0.13,78,3921,,,
Allantois,Hindbrain (r1),5.412843436518361,-0.1967418532483872,-2.4652509203181427,0.00020411390912648797,0.07,78,16440,,,
Allantois,Hindbrain (r2-r4),5.463267014286187,-0.24472709828228734,-2.806611520699459,0.0005725098217981906,0.11,78,26863,,,
Allantois,Hindbrain (r5-r8),5.397309874910348,-0.34770550950909157,-3.6801142804635223,0.002288644235759533,0.0,78,28972,,,
Allantois,Hindgut,4.981022834667901,-0.012871660440815447,-0.22220274640630208,0.00039063056744635465,1.0,78,3029,,,
Allantois,Hindlimb field,6.108125490213841,0.6677947235041906,6.970100151869745,0.015269061450589854,0.0,78,6150,Allantois; Hindlimb field,Both arise from posterior primitive-streak-derived caudal mesoderm — the Tbx4/Isl1-expressing posterior lateral-plate/extraembryonic mesoderm pool that produces the allantois and the hindlimb field.,3
Allantois,Hypaxial myogenic progenitor,5.2534739047493675,-0.2583676596793178,-2.7154270614816256,0.014642082276275614,0.03,78,5322,,,
Allantois,Hypothalamic neuron,5.101402220437232,-0.23698290810046382,-2.703470349314571,0.004528534155477007,0.05,78,1528,,,
Allantois,Hypothalamus,5.1383985482805254,-0.21998033606991166,-2.228685730882979,0.010083281403871169,0.18,78,7652,,,
Allantois,Intermediate mesoderm,5.681185784872221,0.047624747322590956,0.7002475358502843,0.010031890390866521,0.96,78,10656,,,
Allantois,Juxtacardiac field,5.0656444800793645,-0.08672187364288024,-1.2739420027245114,0.02470922031753239,0.96,78,1386,,,
Allantois,Lens placode,5.4262332538824465,0.21938916688509824,2.249947604796009,0.00518374136809574,0.07,78,2811,,,
Allantois,Macrophage,4.610929450664102,-0.18848442132545884,-1.0083402075722456,0.11749590775954447,0.62,78,966,,,
Allantois,Megakaryocyte,4.773310306528188,-0.16132692990104966,-1.7884073488787715,0.0023982025540979406,0.15,78,482,,,
Allantois,Mesothelium,5.034731163876045,-0.08518923263940052,-0.8054999202339039,0.019829424359134804,0.48,78,346,,,
Allantois,Midbrain,5.320250665372548,-0.24244944090629605,-2.698888875340058,0.0034977340632221655,0.1,78,21466,,,
Allantois,Midbrain neuron,5.339100924934982,-0.20738069564677483,-2.323965216037019,0.014217433289873538,0.56,78,4463,,,
Allantois,Midgut,4.815810699384893,-0.1830511012848799,-2.387222287130437,0.005770745145355553,0.06,78,1667,,,
Allantois,Myotome,5.18738916036349,-0.33197073970485125,-3.938051215835479,0.006079753417646782,0.0,78,2201,,,
Allantois,Nascent somite,5.343728208240833,-0.23746521685597757,-2.6250109359957285,0.00258676417783912,0.06,78,6475,,,
Allantois,Notochord,4.91926638192769,-0.1495093723255906,-2.0177897487144794,0.018278203146757394,0.34,78,956,,,
Allantois,Olfactory placode,5.514568482730643,0.2116222493066188,2.296296971829924,0.006043833466908987,0.05,78,5872,,,
Allantois,Olfactory sensory neuron,4.9913547530689195,-0.09122614152003579,-0.7078428771190387,0.011460443935214696,0.68,78,389,,,
Allantois,Otic placode,5.370730722161215,0.20052932398357606,1.8032666630232395,0.020696773616250615,0.46,78,2365,,,
Allantois,Otic sensory neuron,5.253298908269417,0.18943263224376553,1.5161375963877013,0.06467942809832883,0.95,78,974,,,
Allantois,Periocular mesoderm,4.952127573385082,-0.019667485525837414,-0.04421215184962923,0.05444699122017182,0.67,78,1739,,,
Allantois,Pharyngeal arch mesenchyme,5.620652445987209,0.03743175994164331,0.26891347673414945,0.009421685704193074,0.99,78,39085,,,
Allantois,Pharyngeal endoderm,5.026471177417023,-0.11931591403268064,-1.7279093765156706,0.01893738685737835,0.61,78,5045,,,
Allantois,Pharyngeal mesoderm,5.330897549321579,-0.008740805117137818,-0.3445886429031559,0.008150277235427612,0.71,78,7691,,,
Allantois,Presomitic mesoderm,5.306356133475177,-0.3085889748691457,-3.5603403396300415,0.0007197472705535958,0.03,78,8521,,,
Allantois,Primordial germ cell,4.618690604847173,0.17555579658353038,0.9931865063805289,0.010462482067037546,0.45,65,25,,,
Allantois,Roof plate,5.529509200881925,-0.09831678827045091,-0.9450304521865238,0.0053689889324456215,0.93,78,6035,,,
Allantois,Sacral neural crest,5.276948251264285,-0.08699163677415456,-0.6393992534093697,0.008106002539609523,0.69,78,2156,,,
Allantois,Sclerotome,5.468590685038968,-0.3290952558570576,-3.599850080139413,0.0032750754158895187,0.0,78,74334,,,
Allantois,Second heart field,5.428479852234155,0.06613984815561628,0.7722298740859818,0.0014762190611747696,0.67,78,6952,,,
Allantois,Somatic mesoderm,6.71201371361888,0.9234399937199201,10.103828874113713,0.0016892125242005402,0.0,78,66151,Allantois; Somatic mesoderm,"Both arise from posterior primitive-streak/nascent mesoderm, with the allantois forming as an extraembryonic extension of the same lateral-plate (somatopleuric) mesoderm program that produces somatic mesoderm, giving them a shared posterior-mesodermal progenitor origin.",2
Allantois,Somatic motor neuron,5.206850274457492,-0.37685819592587855,-3.68173443846942,0.003575532654255007,0.0,78,6559,,,
Allantois,Spinal cord (cervical),5.391043665961436,-0.38582717471290007,-3.6330468888458256,0.0039909903603308206,0.0,78,41051,,,
Allantois,Spinal cord (lumbar),5.299846712105481,-0.3327922247839708,-3.7696017282714536,0.004156058886546901,0.01,78,12722,,,
Allantois,Spinal cord (sacral),5.285443984348181,-0.28786472431519766,-3.085270367410674,0.004004870031363463,0.12,78,5351,,,
Allantois,Spinal cord (thoracic),5.350159839535504,-0.36458115324564994,-3.639694960848957,0.005457058519279679,0.0,78,35061,,,
Allantois,Spinal cord interneuron,5.474042271468075,-0.38175074201089654,-4.084808137949568,0.000502837385387473,0.01,78,12470,,,
Allantois,Splanchnic mesoderm,6.203597646778054,0.5010533828237795,4.975146968705663,0.009511318921288913,0.0,78,21642,Allantois,"Both derive from posterior primitive-streak-derived lateral plate/extraembryonic mesoderm, with the allantois emerging as an outgrowth of the same posterior splanchnopleuric (visceral lateral plate) mesodermal progenitor pool that gives rise to splanchnic mesoderm.",2
Allantois,Surface ectoderm,5.547340000557164,0.43463682166734746,4.601371167397297,0.0022291995601633383,0.0,78,2649,Allantois,"Allantois (extraembryonic/posterior mesoderm) and surface ectoderm likely share ancestry because both descend from the caudal/posterior epiblast around the primitive streak, where germ-layer segregation occurs late and a common posterior progenitor pool (proximal-posterior epiblast contributing to allantoic mesoderm and adjacent non-neural surface ectoderm) is retained.",4
Allantois,Telencephalon,5.483336753645216,-0.11164955941940462,-1.4102300743943275,0.009625502922356258,1.0,78,34300,,,
Allantois,Trigeminal ganglion neuron,5.405746838425536,0.1550998567615117,1.4205659214176798,0.021120638010303654,0.66,78,1765,,,
Allantois,Trigeminal placode,5.643271903121551,0.2562737886902129,2.856846742701707,0.001133628152008866,0.01,78,6546,,,
Allantois,Trigeminal sensory neuron,5.5223886954796555,0.2345265310546374,2.792308280674408,0.011803459812783045,0.29,78,3198,,,
Allantois,Trunk neural crest,5.327787511101325,-0.13949709615476338,-1.32520265804173,0.010879627585265221,0.85,78,6809,,,
Allantois,Vagal neural crest,5.342634429068313,-0.14100004783269338,-1.3999292331619309,0.004050917328570776,0.39,78,4937,,,
Amniotic ectoderm,Amniotic ectoderm,9.500000000010036,1.3618735768735254e-14,0.00013616832256596666,7.362701782062776e-30,1.0,2288,2288,,,
Amniotic ectoderm,Arterial endothelial cell,5.97250336507885,0.15156345765571574,4.8347046642390445,0.004458261610844832,0.0,2288,645,,,
Amniotic ectoderm,Autonomic neuron,5.303286689654432,-0.017520466122154115,-0.04728228556864677,0.001971514085910525,0.92,2288,142,,,
Amniotic ectoderm,Autonomic progenitor,5.842928072886875,-0.038765650644849124,-1.8267317158691034,0.0015605336732694968,0.85,2288,3416,,,
Amniotic ectoderm,Axial progenitor,5.768139164710248,-0.2996231972333116,-13.686832581501909,0.006387416849012707,0.0,2288,3170,,,
Amniotic ectoderm,Cranial motor neuron,5.604062347321171,-0.3026878691043165,-13.270831917857235,2.2508570783637564e-05,0.0,2288,3730,,,
Amniotic ectoderm,Cranial neural crest,5.973606113545153,-0.1471229055178389,-8.001836334193884,0.00026635576319602273,0.0,2288,9523,,,
Amniotic ectoderm,Dermomyotome,5.952911402396808,-0.4071260625945303,-24.053025677502788,0.0003556780571315121,0.0,2288,47263,,,
Amniotic ectoderm,Diencephalon,5.744176729359853,-0.30219893245249835,-18.138887850358845,0.0008116149826646331,0.0,2288,14353,,,
Amniotic ectoderm,Dorsal root ganglion neuron,5.779308963060466,-0.03982307435046165,-1.2921879404136853,0.000816535547285355,0.41,2288,1179,,,
Amniotic ectoderm,Dorsal root ganglion progenitor,5.816707999683193,-0.021857406852240874,-0.7525051174264542,0.0015013055449098474,0.54,2288,921,,,
Amniotic ectoderm,Endocardial cell,5.776801366601589,-0.00546770768248835,0.03232898368269913,0.011364727682711448,0.95,2288,1558,,,
Amniotic ectoderm,Endothelial cell,6.175371607088856,-0.05131552983693292,-2.0881351296826813,0.008827252215987857,0.0,2288,9605,,,
Amniotic ectoderm,Endothelial progenitor,5.988405718981468,-0.11627039840962035,-5.499713310587798,0.0006722853004248668,0.0,2288,1988,,,
Amniotic ectoderm,Epibranchial placode,6.681563737556373,1.0006654744487087,43.386309161629036,0.0697833568769072,0.0,2288,3606,Amniotic ectoderm; Epibranchial placode,"Both are epiblast-derived non-neural/surface ectoderm derivatives, so their shared ancestry likely reflects a common pool of early surface-ectoderm progenitors (the non-neural ectoderm domain from which the amnion and the neural-plate-border preplacodal ectoderm giving rise to epibranchial placodes both segregate).",3
Amniotic ectoderm,Epibranchial sensory neuron,6.437055794018357,0.7937297579076835,28.117638406575125,0.0906086417937539,0.0,2288,1270,Amniotic ectoderm,"Both derive from the early proximal/non-neural (surface) ectoderm of the epiblast—amniotic ectoderm buds off this pool during gastrulation while epibranchial sensory neurons arise from cranial (epibranchial placodal) ectoderm at the neural/non-neural border, so they likely share a common epiblast-derived non-neural ectoderm progenitor before amnion and placodal fates diverge.",4
Amniotic ectoderm,Epicardium,5.778376380222794,0.0422588131123988,1.4141999911744978,0.003490425359929873,0.93,2288,1288,,,
Amniotic ectoderm,Epidermal progenitor,7.042248696389972,1.0630905781094668,65.43283631213109,0.0003995261605474041,0.0,2288,24337,Amniotic ectoderm,"Both amniotic ectoderm and epidermal progenitors derive from the same non-neural (surface) ectoderm lineage of the early epiblast, so they share a common Trp63+/Krt8+ surface-ectoderm progenitor pool rather than segregating into distinct germ-layer derivatives.",2
Amniotic ectoderm,Extraembryonic mesoderm,5.860749293885914,0.10351652561257385,5.62402365631604,0.006587317465615175,0.34,2288,5300,,,
Amniotic ectoderm,Eye field,5.6961908777735415,-0.29420932782001863,-16.210066221303332,0.004322614817646191,0.0,2288,8896,,,
Amniotic ectoderm,First heart field,5.712084876852562,-0.07330991671357001,-3.055541797604617,0.000600267527214517,0.03,2288,1531,,,
Amniotic ectoderm,Floor plate,5.6728168401043915,-0.42276685069455383,-22.175872079553866,0.002487213027899396,0.0,2288,16788,,,
Amniotic ectoderm,Foregut,5.424038666790779,-0.15672693920921077,-8.85576213790076,0.00970455008711243,0.0,2288,2432,,,
Amniotic ectoderm,Forelimb field,5.900501314377173,-0.11548058415963929,-6.908544380995308,0.002304471227088427,0.0,2288,25891,,,
Amniotic ectoderm,Frontonasal mesenchyme,5.984522959633776,-0.036107543353305495,-1.5272334202053057,0.006542788263483026,0.57,2288,24672,,,
Amniotic ectoderm,Head paraxial mesoderm,5.879681515719203,-0.10978097392728525,-7.219201219574486,0.0012271062618929647,0.0,2288,32981,,,
Amniotic ectoderm,Hematopoietic progenitor,5.320101422828377,0.09924562758593473,1.2211062562582478,0.006060275595209879,0.73,2288,87,,,
Amniotic ectoderm,Hemogenic endothelium,5.630015114550525,0.191553961154737,3.2498251832654823,0.024174604599664813,0.8,2288,141,,,
Amniotic ectoderm,Hepatoblast,5.392232745737047,-0.06593117739047294,-4.166738277057942,0.02236971849365555,0.41,2288,1255,,,
Amniotic ectoderm,Hindbrain (isthmic organizer),5.7060895206154205,-0.31178831709504795,-16.611812819812,0.002447750587256509,0.0,2288,3921,,,
Amniotic ectoderm,Hindbrain (r1),5.800390211057742,-0.3431988141570678,-21.264559376610507,0.0016488606690018433,0.0,2288,16440,,,
Amniotic ectoderm,Hindbrain (r2-r4),5.883083908030485,-0.35940338410611766,-21.388199538953174,0.005375057969844559,0.0,2288,26863,,,
Amniotic ectoderm,Hindbrain (r5-r8),5.8488582492338095,-0.4202459560165641,-25.020684444862514,0.0012583864680907816,0.0,2288,28972,,,
Amniotic ectoderm,Hindgut,5.387255600684932,-0.14019090754896593,-7.2607812403223555,0.01252652506420818,0.35,2288,3029,,,
Amniotic ectoderm,Hindlimb field,6.0813394507436165,0.10540493279320362,5.957789035800752,0.003164819395704298,0.01,2288,6150,,,
Amniotic ectoderm,Hypaxial myogenic progenitor,5.759110956270091,-0.2916955417050963,-15.646069115881247,0.003390644499275402,0.0,2288,5322,,,
Amniotic ectoderm,Hypothalamic neuron,5.616239707148247,-0.2605323883470714,-10.530134254735307,0.0009022675959402316,0.0,2288,1528,,,
Amniotic ectoderm,Hypothalamus,5.6228268492104805,-0.27434223994386464,-15.712673789960315,0.0034488785723550725,0.0,2288,7652,,,
Amniotic ectoderm,Intermediate mesoderm,5.9674954065726835,-0.2085929964223192,-10.822580607281752,0.0006525557419017163,0.0,2288,10656,,,
Amniotic ectoderm,Juxtacardiac field,5.738055697439102,0.0531076020087499,1.3982738513443396,0.011940110476391787,0.0,2288,1386,,,
Amniotic ectoderm,Lens placode,6.270813686731088,0.5219826837816223,23.509348046796543,0.03814328674711673,0.0,2288,2811,Amniotic ectoderm,Both derive from epiblast-descended non-neural (surface) ectoderm — the amniotic ectoderm and the pre-placodal cranial surface ectoderm that gives rise to the lens placode share a common Tfap2/Krt+ squamous ectodermal progenitor pool set aside early rather than committing to neural fate.,3
Amniotic ectoderm,Macrophage,5.479056820046459,0.1272264138366094,3.452025777349951,0.05755730688150667,0.65,2288,966,,,
Amniotic ectoderm,Megakaryocyte,5.4216527828619006,-0.04485033797756177,-1.071261405778506,0.013974562127676875,0.68,2288,482,,,
Amniotic ectoderm,Mesothelium,5.575511306791552,-0.0856593182845596,-1.6545663315531396,0.026436542713829517,0.08,2288,346,,,
Amniotic ectoderm,Midbrain,5.7934092094437775,-0.3162838185470334,-18.710051967517774,0.002133743769817772,0.0,2288,21466,,,
Amniotic ectoderm,Midbrain neuron,5.7777536310260125,-0.2999626150632671,-15.902657120905594,0.0032903000098413937,0.0,2288,4463,,,
Amniotic ectoderm,Midgut,5.323697221685799,-0.20556012509834964,-8.631224031674881,0.015849135636109773,0.0,2288,1667,,,
Amniotic ectoderm,Myotome,5.714470046986391,-0.3360732728988835,-14.735993259667078,0.0013974103952511944,0.0,2288,2201,,,
Amniotic ectoderm,Nascent somite,5.870141330987823,-0.2526436363408931,-13.584576964732065,0.008259584930708299,0.0,2288,6475,,,
Amniotic ectoderm,Notochord,5.4167630146703125,-0.18816118807390372,-7.179647913574317,0.000819402008464318,0.0,2288,956,,,
Amniotic ectoderm,Olfactory placode,6.219086530764694,0.39058050252924037,19.701404115171147,0.028685501613064712,0.0,2288,5872,,,
Amniotic ectoderm,Olfactory sensory neuron,5.782819212180331,0.16262300674279473,4.461408901194452,0.005166504239148665,0.04,2288,389,,,
Amniotic ectoderm,Otic placode,5.992064331860171,0.29600598838162256,12.321070655195308,0.019626727543803686,0.0,2288,2365,,,
Amniotic ectoderm,Otic sensory neuron,5.921048079439525,0.3239320002406781,10.53887850120663,0.027580612206838384,0.0,2288,974,,,
Amniotic ectoderm,Periocular mesoderm,5.472146976518655,-0.03892637470778482,-1.4894763773628175,0.005907139305865681,0.15,2288,1739,,,
Amniotic ectoderm,Pharyngeal arch mesenchyme,6.08049370411316,-0.03701599843890779,-2.0228223962464464,0.00032745594475988636,0.2,2288,39085,,,
Amniotic ectoderm,Pharyngeal endoderm,5.57997120473397,-0.09571173056600409,-6.463771912067853,0.019575782198915252,0.69,2288,5045,,,
Amniotic ectoderm,Pharyngeal mesoderm,5.747715671992744,-0.13313644321350626,-7.736805297340884,0.0016623603591877818,0.0,2288,7691,,,
Amniotic ectoderm,Presomitic mesoderm,5.8543297424320295,-0.28552589841445436,-15.115035493567804,0.011256537504126063,0.0,2288,8521,,,
Amniotic ectoderm,Primordial germ cell,5.224881826951597,0.42212680043114137,3.980330731877794,0.16530062191505812,0.4,1247,25,,,
Amniotic ectoderm,Roof plate,5.950820245459436,-0.22522581718840642,-12.363860962298425,0.0008997456954963054,0.0,2288,6035,,,
Amniotic ectoderm,Sacral neural crest,5.779909660404257,-0.1165029321216468,-4.680608468667425,0.006867744806916286,0.02,2288,2156,,,
Amniotic ectoderm,Sclerotome,5.875437313567784,-0.45871550239632225,-26.95504373751271,0.0021254038883907838,0.0,2288,74334,,,
Amniotic ectoderm,Second heart field,5.950893124055252,0.04891523786513977,3.132266849204663,0.0012219924212944872,0.5,2288,6952,,,
Amniotic ectoderm,Somatic mesoderm,6.436732905376197,0.11836278680587704,7.375974461380153,0.0030981959284582077,0.0,2288,66151,,,
Amniotic ectoderm,Somatic motor neuron,5.67182782783156,-0.44075185908969444,-21.376325267023343,0.0010985184970204941,0.0,2288,6559,,,
Amniotic ectoderm,Spinal cord (cervical),5.890120821252275,-0.42389215719419643,-23.58409800923499,0.00183957399315389,0.0,2288,41051,,,
Amniotic ectoderm,Spinal cord (lumbar),5.848286444923247,-0.3239666870442545,-17.889346443249494,0.006968868032652873,0.0,2288,12722,,,
Amniotic ectoderm,Spinal cord (sacral),5.812625863284372,-0.29241672807641067,-13.099016120337375,0.017959710791373436,0.0,2288,5351,,,
Amniotic ectoderm,Spinal cord (thoracic),5.852466931747215,-0.3950247983714081,-22.3261722895533,0.008746324867387635,0.0,2288,35061,,,
Amniotic ectoderm,Spinal cord interneuron,5.908451843796938,-0.48116560773459643,-25.01315726208165,8.903184031607444e-05,0.0,2288,12470,,,
Amniotic ectoderm,Splanchnic mesoderm,6.241814887680472,0.011154514451545102,1.2523821176165117,0.009897601331181588,0.54,2288,21642,,,
Amniotic ectoderm,Surface ectoderm,6.916888293691258,1.2655555927573638,58.939309013994226,0.006290146653362368,0.0,2288,2649,Amniotic ectoderm; Surface ectoderm,"Both are non-neural squamous ectodermal epithelia derived from the pluripotent epiblast, with amniotic ectoderm arising from posterior/proximal epiblast adjacent to the primitive streak and surface (non-neural) ectoderm from embryonic ectoderm, so they share a recent common epiblast-derived progenitor pool.",2
Amniotic ectoderm,Telencephalon,5.867542968228068,-0.2611436431503608,-16.71933402440609,0.0033443547940394665,0.0,2288,34300,,,
Amniotic ectoderm,Trigeminal ganglion neuron,5.8403800004744575,0.05877612849049404,2.427627873415961,0.0006663456632537463,0.17,2288,1765,,,
Amniotic ectoderm,Trigeminal placode,6.339116121687511,0.4125304376604572,19.956606307699925,0.016798696588583118,0.0,2288,6546,,,
Amniotic ectoderm,Trigeminal sensory neuron,6.231770121956994,0.4067376306118839,18.281426192190008,0.0028301418021906277,0.0,2288,3198,,,
Amniotic ectoderm,Trunk neural crest,5.857453364426135,-0.14844781354232653,-7.705723449284616,0.0026588379842642723,0.0,2288,6809,,,
Amniotic ectoderm,Vagal neural crest,5.883739129909766,-0.13412328561927556,-6.3417530827047095,0.0010748263060362995,0.0,2288,4937,,,
Arterial endothelial cell,Arterial endothelial cell,9.499999999996554,-9.473903143468002e-15,-0.00011248945374041576,1.682903264471492e-29,1.0,645,645,,,
Arterial endothelial cell,Autonomic neuron,5.257462754474282,-0.15362418754159504,-1.1800379224864752,0.07348514220843941,0.45,645,142,,,
Arterial endothelial cell,Autonomic progenitor,5.912803810883776,-0.05696418614498189,-1.66085195111007,0.000786164321759241,0.41,645,3416,,,
Arterial endothelial cell,Axial progenitor,5.919262833316506,-0.23015681359500917,-7.1117788173080525,0.00012714506881899876,0.0,645,3170,,,
Arterial endothelial cell,Cranial motor neuron,5.638634950312407,-0.3568531250263283,-9.167009725731619,0.0005791771979356486,0.0,645,3730,,,
Arterial endothelial cell,Cranial neural crest,5.999115999184642,-0.2058709311279371,-6.583028140302294,0.0011106727156324017,0.0,645,9523,,,
Arterial endothelial cell,Dermomyotome,6.2173448671760765,-0.22770023898248107,-7.332328411532494,0.003544172562398035,0.0,645,47263,,,
Arterial endothelial cell,Diencephalon,5.805081624084998,-0.32447852944630756,-11.502229668682775,0.00021262778472773088,0.0,645,14353,,,
Arterial endothelial cell,Dorsal root ganglion neuron,5.901784760890557,-0.0006776895302689212,-0.015281559343356843,0.003867028441757113,0.67,645,1179,,,
Arterial endothelial cell,Dorsal root ganglion progenitor,5.933950583384174,0.010600803230847925,0.2503883584239951,0.0014368538902856532,0.5,645,921,,,
Arterial endothelial cell,Endocardial cell,6.179167738745697,0.31488375753281755,10.601223488382194,0.004794481017667687,0.0,645,1558,,,
Arterial endothelial cell,Endothelial cell,6.840806874286442,0.527422198251001,19.083401454561685,0.002113800084183947,0.0,645,9605,Arterial endothelial cell,"Arterial endothelial cells are a specialized subset of endothelial cells that differentiate (via VEGF/Notch signaling) from the same mesoderm-derived angioblast/hemangioblast progenitor pool that gives rise to the general endothelial population, so their shared ancestry reflects a direct subtype–parent lineage relationship.",1
Arterial endothelial cell,Endothelial progenitor,6.311118623933415,0.119710234086759,3.504161309417384,0.0023591753722037537,0.06,645,1988,,,
Arterial endothelial cell,Epibranchial placode,5.922943711148594,0.1620922180558472,4.644233167370619,0.0027903118524320205,0.0,645,3606,,,
Arterial endothelial cell,Epibranchial sensory neuron,5.845698050545599,0.12231281925445803,3.1509291749223407,0.004128903017410843,0.17,645,1270,,,
Arterial endothelial cell,Epicardium,6.045840113699936,0.22660959931732716,7.876017853419164,0.0004188723234275877,0.0,645,1288,,,
Arterial endothelial cell,Epidermal progenitor,6.196885410707369,0.13648536898836058,4.611645729999301,0.003867088589907422,0.01,645,24337,,,
Arterial endothelial cell,Extraembryonic mesoderm,6.089229096899914,0.2467272540926988,9.867698990559743,0.008380424952978359,0.0,645,5300,,,
Arterial endothelial cell,Eye field,5.792010663787884,-0.2834839348649461,-9.07607080048205,0.00032305480513065065,0.0,645,8896,,,
Arterial endothelial cell,First heart field,6.018131762271931,0.15188604390549099,5.629997406867653,0.003648874881876039,0.0,645,1531,,,
Arterial endothelial cell,Floor plate,5.74861249799885,-0.4299370703974592,-11.567805519629822,0.0013187380437326723,0.0,645,16788,,,
Arterial endothelial cell,Foregut,5.429103382095573,-0.2307105331738087,-8.420589697169442,0.0016901294514873586,0.0,645,2432,,,
Arterial endothelial cell,Forelimb field,6.271167813711476,0.1677349860896283,5.619630975914795,0.005770950905463794,0.0,645,25891,,,
Arterial endothelial cell,Frontonasal mesenchyme,5.9814973371359565,-0.12000764934859316,-4.092181513175194,0.002127740733413106,0.0,645,24672,,,
Arterial endothelial cell,Head paraxial mesoderm,6.24458054236862,0.1719577711421613,5.990806674251837,0.0010779031994053612,0.0,645,32981,,,
Arterial endothelial cell,Hematopoietic progenitor,5.402510578995684,0.08742741350099752,1.1847073489079991,0.13073643958711462,0.7,645,87,,,
Arterial endothelial cell,Hemogenic endothelium,6.176674595037103,0.6526872365614071,9.639785076856036,0.017330724208594578,0.0,645,141,Arterial endothelial cell; Hemogenic endothelium,"Both arise from a shared hemangioblast/lateral-plate-mesoderm-derived endothelial progenitor pool, with hemogenic endothelium being an arterial-identity-specialized subset of the dorsal aorta/AGM endothelium (Notch/Runx1-driven) that undergoes endothelial-to-hematopoietic transition, so the two are essentially sibling states of the same arterial endothelial lineage.",1
Arterial endothelial cell,Hepatoblast,5.318695443690978,-0.22320161061956392,-5.513696692226819,0.003178843431589179,0.0,645,1255,,,
Arterial endothelial cell,Hindbrain (isthmic organizer),5.777439389010098,-0.3207303388034708,-9.549357191829525,0.002306319627926125,0.0,645,3921,,,
Arterial endothelial cell,Hindbrain (r1),5.875037741458854,-0.35424716029938913,-11.710887610344988,0.0009318395357828729,0.0,645,16440,,,
Arterial endothelial cell,Hindbrain (r2-r4),5.970446455774639,-0.35481436030274577,-12.127305461007046,0.0007443356125482084,0.0,645,26863,,,
Arterial endothelial cell,Hindbrain (r5-r8),5.986674378617566,-0.3625640306923887,-11.713681437737122,0.0013018230701456707,0.0,645,28972,,,
Arterial endothelial cell,Hindgut,5.44957240122145,-0.16355278136894333,-5.856656578431507,0.01267057327515348,0.0,645,3029,,,
Arterial endothelial cell,Hindlimb field,6.300077004249161,0.24323934662752963,7.090191535223472,0.011278695736778577,0.0,645,6150,,,
Arterial endothelial cell,Hypaxial myogenic progenitor,6.038920293509392,-0.09593440905500472,-3.02478154018103,0.00047352190376487736,0.02,645,5322,,,
Arterial endothelial cell,Hypothalamic neuron,5.6453535550602325,-0.31603405285427844,-9.039940967721671,0.0010181700232886083,0.0,645,1528,,,
Arterial endothelial cell,Hypothalamus,5.68893368140218,-0.2884757866633416,-8.970657467502006,0.0002020441730975877,0.0,645,7652,,,
Arterial endothelial cell,Intermediate mesoderm,6.192211408381802,-0.06805167836769972,-2.0931234611655682,0.0020317355827399043,0.54,645,10656,,,
Arterial endothelial cell,Juxtacardiac field,6.094695449392051,0.3256084959009498,9.884634270842804,0.004742705303837851,0.0,645,1386,,,
Arterial endothelial cell,Lens placode,5.840514182248199,0.010352384766017112,0.3143242289415586,0.00589987733800019,0.18,645,2811,,,
Arterial endothelial cell,Macrophage,5.300140257618469,-0.13699389445699892,-3.7332971784628803,0.007809223767770516,0.63,645,966,,,
Arterial endothelial cell,Megakaryocyte,5.383093777741508,-0.17016531557871328,-3.7940358915669754,0.008229733277980699,0.01,645,482,,,
Arterial endothelial cell,Mesothelium,5.746039381056559,0.0008482852685277228,0.3272982826469953,0.023132420203848196,0.17,645,346,,,
Arterial endothelial cell,Midbrain,5.8619071133992895,-0.32773355461106696,-12.873289335619624,0.00015790534623191888,0.0,645,21466,,,
Arterial endothelial cell,Midbrain neuron,5.839610162657887,-0.32475244829105837,-9.71310501825332,0.00012267984889612461,0.0,645,4463,,,
Arterial endothelial cell,Midgut,5.4127129429159515,-0.19837869739132744,-6.2341494583260415,0.010885347959014384,0.0,645,1667,,,
Arterial endothelial cell,Myotome,5.9526218727034825,-0.18188614898202213,-4.8622768088003605,0.009527998543088655,0.04,645,2201,,,
Arterial endothelial cell,Nascent somite,5.980628339954951,-0.22541449111995013,-6.945926371151917,0.001151281935049348,0.0,645,6475,,,
Arterial endothelial cell,Notochord,5.595650013345293,-0.09290348502943946,-2.8331980448144485,0.0021257101565005103,0.06,645,956,,,
Arterial endothelial cell,Olfactory placode,5.8251287366843885,-0.0863666219552437,-2.890643666316174,0.00435830002955651,0.39,645,5872,,,
Arterial endothelial cell,Olfactory sensory neuron,5.5257179187077945,-0.17632652270937785,-4.103656980475098,0.007913827326394918,0.03,645,389,,,
Arterial endothelial cell,Otic placode,5.7868637285624045,0.005794004911949813,0.13656499089297916,0.0037328969446040992,0.55,645,2365,,,
Arterial endothelial cell,Otic sensory neuron,5.657564213224785,-0.021709122747820626,-0.3706216354533402,0.01460175706232102,0.2,645,974,,,
Arterial endothelial cell,Periocular mesoderm,5.518843642121311,-0.07910918030137075,-2.753367636727528,0.013426057070032832,0.47,645,1739,,,
Arterial endothelial cell,Pharyngeal arch mesenchyme,6.078873300674381,-0.1222355760361588,-3.849528084971912,0.0020111692732862354,0.0,645,39085,,,
Arterial endothelial cell,Pharyngeal endoderm,5.591681549198573,-0.16600218686720147,-6.839775209279381,0.004787511406787999,0.0,645,5045,,,
Arterial endothelial cell,Pharyngeal mesoderm,6.401344933180542,0.4360512014345212,16.562898729783544,0.005084161048934551,0.0,645,7691,Arterial endothelial cell,"Both cell types derive from the anterior splanchnic (cardiopharyngeal/second heart field) mesoderm, where bipotent angioblast-competent progenitors give rise to pharyngeal muscle mesenchyme as well as the arterial endothelium that lines the pharyngeal arch arteries and great vessels.",2
Arterial endothelial cell,Presomitic mesoderm,5.96553433100643,-0.2556137766084576,-7.969287373354947,0.0009900203138899935,0.0,645,8521,,,
Arterial endothelial cell,Primordial germ cell,4.662642089451063,-0.28057082230161345,-2.2741400336264337,0.003913037058033637,0.03,401,25,Primordial germ cell,"Both lineages likely trace back to the posterior-proximal epiblast/nascent extraembryonic mesoderm at the base of the allantois, where BMP4-induced PGCs are specified immediately adjacent to the angioblasts/hemangioblast-derived mesoderm that gives rise to arterial endothelium, so they co-emerge from a shared posterior primitive-streak progenitor pool.",4
Arterial endothelial cell,Roof plate,6.043816282774164,-0.21356720007994964,-6.599694891105948,0.0005955974755603684,0.0,645,6035,,,
Arterial endothelial cell,Sacral neural crest,5.8519250724773215,-0.12520554329985364,-3.4046182523109505,0.0006190098682287864,0.0,645,2156,,,
Arterial endothelial cell,Sclerotome,6.204080566250723,-0.21252380619945063,-6.876092628794601,0.0008731664660142735,0.0,645,74334,,,
Arterial endothelial cell,Second heart field,6.512196747641977,0.5293799662464908,20.268402495721308,0.005585537093414611,0.0,645,6952,Arterial endothelial cell,"Both likely descend from a common splanchnic/pharyngeal mesoderm progenitor pool, as second heart field (SHF) progenitors are multipotent and give rise not only to cardiomyocytes but also to endothelial/endocardial cells of the outflow tract and great arteries, explaining shared ancestry with arterial endothelial cells.",2
Arterial endothelial cell,Somatic mesoderm,6.825539413151056,0.42160801416644844,13.764094344825287,0.0037300595875418576,0.0,645,66151,,,
Arterial endothelial cell,Somatic motor neuron,5.806927804085603,-0.3842846511093357,-12.309198032271048,0.001367310175135887,0.0,645,6559,,,
Arterial endothelial cell,Spinal cord (cervical),6.024518888985786,-0.3722669443489413,-11.800665554769362,0.0025000426808001876,0.0,645,41051,,,
Arterial endothelial cell,Spinal cord (lumbar),5.975789175346679,-0.27583252840092953,-8.831800645036688,0.0009137117778283616,0.0,645,12722,,,
Arterial endothelial cell,Spinal cord (sacral),5.9371964273108615,-0.2592190268899716,-7.950784432032733,0.003708309171670493,0.0,645,5351,,,
Arterial endothelial cell,Spinal cord (thoracic),6.0062537784247985,-0.32349082010900015,-10.68680548302793,0.003777070516819159,0.0,645,35061,,,
Arterial endothelial cell,Spinal cord interneuron,6.02209233797342,-0.4500898722086231,-13.44707124732688,0.0021664604759573966,0.0,645,12470,,,
Arterial endothelial cell,Splanchnic mesoderm,6.799070778423346,0.4833725597222938,14.914841758386162,0.0006551886838165637,0.0,645,21642,Arterial endothelial cell,"Arterial endothelial cells arise from angioblasts/hemangioblast progenitors resident within the splanchnic (lateral plate) mesoderm, so both cell types descend from a common lateral-plate mesodermal progenitor pool.",2
Arterial endothelial cell,Surface ectoderm,5.917166655726372,0.1882728120284979,5.500887565861421,0.002368986722288867,0.0,645,2649,,,
Arterial endothelial cell,Telencephalon,5.889529520939186,-0.32549730550035455,-10.768009082214064,0.00038770016577034303,0.0,645,34300,,,
Arterial endothelial cell,Trigeminal ganglion neuron,5.753443328588079,-0.11507276154923692,-3.3728493842572065,0.006275099673201229,0.15,645,1765,,,
Arterial endothelial cell,Trigeminal placode,6.027786109535242,0.0157634426581638,0.492760741292015,0.00037956101756121,1.0,645,6546,,,
Arterial endothelial cell,Trigeminal sensory neuron,5.9083080745205185,0.0008765739561633623,0.050340671679809636,0.005585313881801349,0.46,645,3198,,,
Arterial endothelial cell,Trunk neural crest,5.970866871764084,-0.1193815395467898,-4.0907956101682785,0.0022334813521291846,0.02,645,6809,,,
Arterial endothelial cell,Vagal neural crest,5.97659151934564,-0.12550389170599038,-3.7695602874621277,0.00035154288097651444,0.0,645,4937,,,
Autonomic neuron,Autonomic neuron,9.499999999991507,-2.960594732333751e-15,-3.5520826842267796e-05,1.020260104085842e-28,1.0,142,142,,,
Autonomic neuron,Autonomic progenitor,7.12524109647921,1.6565411620553696,26.12265221897751,0.02515749234448885,0.0,142,3416,Autonomic neuron; Autonomic progenitor,"Autonomic neurons are the direct differentiated progeny of autonomic progenitors—both derive from the neural crest/sympathoadrenal lineage (e.g., trunk neural crest–derived sympathoblasts), so the progenitor-to-neuron transition within a single clone produces their strong shared ancestry.",1
Autonomic neuron,Axial progenitor,5.768045691429841,0.11617533599532504,1.5953392938273534,0.01652689039225515,0.97,142,3170,,,
Autonomic neuron,Cranial motor neuron,5.08517680674197,-0.4127342053100402,-5.111339292988664,0.004541750824675679,0.0,142,3730,,,
Autonomic neuron,Cranial neural crest,6.237278656019967,0.5320249402080132,7.860690754859118,0.0013752880694391989,0.0,142,9523,,,
Autonomic neuron,Dermomyotome,5.930413089506615,-0.014174034794483129,-0.8348675360558304,0.033405449620875355,0.4,142,47263,,,
Autonomic neuron,Diencephalon,5.377697603109968,-0.24380629735097128,-3.1526806907585123,0.0096570302013904,0.0,142,14353,,,
Autonomic neuron,Dorsal root ganglion neuron,6.502571250756016,1.1007314574042564,15.881354791688034,0.10748848937387086,0.0,142,1179,Autonomic neuron; Dorsal root ganglion neuron,"Both cell types derive from trunk neural crest cells, which delaminate from the dorsal neural tube and give rise to sensory neurons of the dorsal root ganglia as well as sympathetic/autonomic neurons of the peripheral nervous system.",1
Autonomic neuron,Dorsal root ganglion progenitor,6.40565478971564,0.9764530158455459,12.971331927521717,0.007597836466439367,0.0,142,921,Autonomic neuron; Dorsal root ganglion progenitor,"Both derive from trunk neural crest cells, which delaminate from the dorsal neural tube and migrate to give rise to sensory neurons of the dorsal root ganglia and to autonomic (sympathetic/parasympathetic) neurons, so they share a common multipotent neural crest progenitor pool.",1
Autonomic neuron,Endocardial cell,5.365863491298543,0.0007858985214547568,-1.1279392261359762,0.043487149540125836,0.07,142,1558,,,
Autonomic neuron,Endothelial cell,5.709465618521833,-0.1135532135102304,-2.7661925314894487,0.02836613920687283,0.63,142,9605,,,
Autonomic neuron,Endothelial progenitor,5.748575387166937,0.05335300855147699,-0.23075529843425668,0.06079853229552369,1.0,142,1988,,,
Autonomic neuron,Epibranchial placode,5.4835325609213,0.2084644896453156,3.2843727255452637,0.023945976386385567,0.87,142,3606,,,
Autonomic neuron,Epibranchial sensory neuron,5.4643541377870575,0.2368094618663843,3.4171102861279548,0.0036417546716036213,0.23,142,1270,,,
Autonomic neuron,Epicardium,5.264545681386014,-0.06016963063049463,-1.8354383435736388,0.013577236623845771,0.56,142,1288,,,
Autonomic neuron,Epidermal progenitor,5.934576163308729,0.3666878210330218,5.7378384288995425,0.007352897924652348,0.05,142,24337,,,
Autonomic neuron,Extraembryonic mesoderm,5.307161151835331,-0.04273006995983675,-2.0766701443908864,0.046516308194568895,0.1,142,5300,,,
Autonomic neuron,Eye field,5.424337657909724,-0.1574922990724561,-2.1719774290466196,0.002604399226350818,0.15,142,8896,,,
Autonomic neuron,First heart field,5.236922277425377,-0.1285027346202936,-2.9965513834376742,0.020000270215878253,0.99,142,1531,,,
Autonomic neuron,Floor plate,5.2658100690833765,-0.4239776690664436,-5.638112976545853,0.0012644624914235527,0.03,142,16788,,,
Autonomic neuron,Foregut,4.891528798303502,-0.27537440337081964,-4.9338095673939,0.01109501057328389,0.11,142,2432,,,
Autonomic neuron,Forelimb field,5.578518056100827,-0.026068429576431445,-0.6258777081921414,0.023188505569788465,0.92,142,25891,,,
Autonomic neuron,Frontonasal mesenchyme,5.862134425053071,0.2582773262922225,4.234947570081901,0.00947640346635277,0.11,142,24672,,,
Autonomic neuron,Head paraxial mesoderm,5.296568951742816,-0.2824628239878466,-3.4600696637469626,0.06346464807689405,0.24,142,32981,,,
Autonomic neuron,Hematopoietic progenitor,4.765739941019036,-0.05311801460025922,-0.3965507672117546,0.003951789556824245,0.91,142,87,,,
Autonomic neuron,Hemogenic endothelium,5.107390868980128,0.07413128636767219,1.1401771513830345,0.03799316699794576,0.44,142,141,,,
Autonomic neuron,Hepatoblast,4.70220409038604,-0.34416402786529626,-5.017259480352405,0.017079148375936232,0.05,142,1255,,,
Autonomic neuron,Hindbrain (isthmic organizer),5.458275114528594,-0.14585816696642606,-1.4852934329480327,0.02045021975236114,0.81,142,3921,,,
Autonomic neuron,Hindbrain (r1),5.594896936641604,-0.13068502055964584,-0.6237529596778312,0.06353230739982266,0.87,142,16440,,,
Autonomic neuron,Hindbrain (r2-r4),5.894623789302568,0.056737846425231275,1.0902473094090908,0.001712743992135003,0.94,142,26863,,,
Autonomic neuron,Hindbrain (r5-r8),6.08635176614325,0.22154163944610486,3.270028889654719,0.0024145928897850674,0.23,142,28972,,,
Autonomic neuron,Hindgut,4.974817093993948,-0.145417229623822,-2.5030288877265856,0.006605762536006625,0.24,142,3029,,,
Autonomic neuron,Hindlimb field,5.706586319736278,0.1442849552614446,2.6782562737538655,0.018694436450193253,0.97,142,6150,,,
Autonomic neuron,Hypaxial myogenic progenitor,5.551509472748834,-0.0969571428916991,-2.912737855820822,0.06822938753267087,0.23,142,5322,,,
Autonomic neuron,Hypothalamic neuron,5.1241987233350565,-0.3386749206529395,-4.433517501000263,0.00014294725182913167,0.03,142,1528,,,
Autonomic neuron,Hypothalamus,5.113767396144768,-0.36739798096679355,-5.028064406301355,0.0014684405710627061,0.02,142,7652,,,
Autonomic neuron,Intermediate mesoderm,5.952321829217856,0.19677213403565266,2.0574690525815584,0.0220057831379763,0.09,142,10656,,,
Autonomic neuron,Juxtacardiac field,5.258557322510042,-0.013438889367174115,-1.1096805341463114,0.03283415536240201,0.13,142,1386,,,
Autonomic neuron,Lens placode,5.569273437584562,0.2238263195457361,3.567590952397372,0.016473490156593145,0.61,142,2811,,,
Autonomic neuron,Macrophage,4.826195202654169,-0.10994061821589618,-2.3747210319836998,0.07311281684280736,0.19,142,966,,,
Autonomic neuron,Megakaryocyte,4.983563712164531,-0.06488257396457264,-1.3110700934711905,0.03890828645781023,0.22,142,482,,,
Autonomic neuron,Mesothelium,5.334933046855023,0.09137164751253213,0.15868711638397168,0.05720842088130215,0.31,142,346,,,
Autonomic neuron,Midbrain,5.485015899665757,-0.21488575028302215,-2.3508899271987764,0.04033278539822544,0.43,142,21466,,,
Autonomic neuron,Midbrain neuron,5.498895054437281,-0.17133603555030893,-1.8332529930959165,0.033723240889979106,0.71,142,4463,,,
Autonomic neuron,Midgut,4.99303689637017,-0.12226291497098973,-2.9117598408647734,0.03267464115536486,0.83,142,1667,,,
Autonomic neuron,Myotome,5.505380088873102,-0.13320936657299853,-2.858263221951835,0.06023797640208368,0.38,142,2201,,,
Autonomic neuron,Nascent somite,5.810195626482588,0.105482339937003,1.1400679342196491,0.012343061006385053,0.81,142,6475,,,
Autonomic neuron,Notochord,4.957562607413444,-0.23653209784276777,-3.718931285904509,0.021775454327937923,0.16,142,956,,,
Autonomic neuron,Olfactory placode,5.677466530889614,0.2516102320144397,4.213627942941306,0.03811386626366322,0.37,142,5872,,,
Autonomic neuron,Olfactory sensory neuron,5.465106078480112,0.2583809443792984,2.553169084039794,0.004504098013297093,0.04,142,389,,,
Autonomic neuron,Otic placode,5.653846933834546,0.3748580655919798,4.763783565950965,0.028855628903539262,0.01,142,2365,,,
Autonomic neuron,Otic sensory neuron,5.521735822865973,0.3417989315049678,3.8452428288369265,0.03827130994218081,0.05,142,974,,,
Autonomic neuron,Periocular mesoderm,4.732214083672277,-0.36716912595175827,-6.098040116890426,0.007732008566500288,0.04,142,1739,,,
Autonomic neuron,Pharyngeal arch mesenchyme,6.2366319282934795,0.5276840942838836,7.521655198101738,0.007358744352593444,0.01,142,39085,,,
Autonomic neuron,Pharyngeal endoderm,5.061850017821944,-0.19617084124712184,-4.01406305141079,0.04524466546027749,0.46,142,5045,,,
Autonomic neuron,Pharyngeal mesoderm,5.235765037103487,-0.23317384390762896,-4.327757349245414,0.02113566525691421,0.26,142,7691,,,
Autonomic neuron,Presomitic mesoderm,5.879242839822386,0.15611500751151297,1.6925652598686973,0.020861594337678487,0.85,142,8521,,,
Autonomic neuron,Primordial germ cell,4.1385185313687645,-0.22329619548589275,-1.0566625819140225,0.054123668404568934,0.71,74,25,,,
Autonomic neuron,Roof plate,6.342448747326181,0.5799607896684057,7.468096533694047,0.010088863488119423,0.01,142,6035,,,
Autonomic neuron,Sacral neural crest,6.0395249953207,0.5433091055399514,6.212527035258553,0.03231993365641951,0.0,142,2156,,,
Autonomic neuron,Sclerotome,5.781519534640389,-0.1329535973844136,-3.0375675070666723,0.05617746917676329,0.42,142,74334,,,
Autonomic neuron,Second heart field,5.424479715037736,-0.0615807555245409,-1.7554876403878341,0.018426816933172434,0.5,142,6952,,,
Autonomic neuron,Somatic mesoderm,6.006529446138667,0.09292603464201754,1.0007817771113359,0.012875882753457175,0.62,142,66151,,,
Autonomic neuron,Somatic motor neuron,5.463275007279755,-0.2274112187035744,-3.272755275178747,0.01273475244693175,0.38,142,6559,,,
Autonomic neuron,Spinal cord (cervical),6.3945353704958015,0.4825552211043857,7.096310456958126,0.007642763273569128,0.0,142,41051,,,
Autonomic neuron,Spinal cord (lumbar),5.922451766649348,0.1621593383165818,2.2698803201318394,0.04104997810177067,0.59,142,12722,,,
Autonomic neuron,Spinal cord (sacral),5.842435024317099,0.13951322978418576,1.9442688302950764,0.015170461727061199,0.79,142,5351,,,
Autonomic neuron,Spinal cord (thoracic),6.122970791647084,0.2851147495282585,3.7342374077377465,0.028927738276366917,0.16,142,35061,,,
Autonomic neuron,Spinal cord interneuron,6.241914294307054,0.2678162791560726,3.2973607911685074,0.017894875445305512,0.03,142,12470,,,
Autonomic neuron,Splanchnic mesoderm,5.765901699513453,-0.05286663290532445,-0.9305400844016339,0.004101788400560759,0.96,142,21642,,,
Autonomic neuron,Surface ectoderm,5.451717229002528,0.21062334434387017,3.1421039415169907,0.023010857160584524,0.85,142,2649,,,
Autonomic neuron,Telencephalon,5.718990430789191,0.01179113846196748,0.34537943598243254,0.0039810866564611615,0.84,142,34300,,,
Autonomic neuron,Trigeminal ganglion neuron,5.502963100484977,0.13069753277423413,1.7611160515885285,0.0019192330632746076,0.56,142,1765,,,
Autonomic neuron,Trigeminal placode,5.824830671219769,0.30235183269361315,5.527276565662034,0.01881130125728816,0.32,142,6546,,,
Autonomic neuron,Trigeminal sensory neuron,5.7088098082058805,0.2916131918629823,4.107923474190806,0.005643178440576862,0.04,142,3198,,,
Autonomic neuron,Trunk neural crest,6.451167816149748,0.8621913406003555,12.484751953524212,0.049219658094911765,0.0,142,6809,Autonomic neuron,"Autonomic (sympathetic/enteric) neurons are direct derivatives of trunk neural crest cells, which delaminate from the dorsal neural tube and migrate ventrally to form the sympathoadrenal and autonomic ganglion lineages, so both cell types descend from a common trunk neural-crest progenitor pool.",1
Autonomic neuron,Vagal neural crest,6.782041911068677,1.1797541806929512,16.7378888788581,0.04796686739366765,0.0,142,4937,Autonomic neuron; Vagal neural crest,"Autonomic neurons derive directly from neural crest, and vagal neural crest is the specific migratory progenitor population that seeds parasympathetic and enteric autonomic neurons, so they represent successive stages of one continuous lineage.",1
Autonomic progenitor,Autonomic progenitor,9.50000000001189,9.473903143468002e-15,0.00010064476194733095,7.993790506239586e-29,1.0,3416,3416,,,
Autonomic progenitor,Axial progenitor,6.307625469600609,0.09658948184788407,5.139255380355377,0.007210442459839672,0.03,3416,3170,,,
Autonomic progenitor,Cranial motor neuron,5.654165421274155,-0.3989182647162511,-21.012379214130508,0.006481179360414206,0.0,3416,3730,,,
Autonomic progenitor,Cranial neural crest,6.880587140398711,0.6139583328955179,42.05502632788885,0.0022538342298154585,0.0,3416,9523,,,
Autonomic progenitor,Dermomyotome,6.3641985965336305,-0.14086981533853601,-9.551929064756488,0.00251808326488311,0.0,3416,47263,,,
Autonomic progenitor,Diencephalon,5.9727205381240696,-0.21631916038769225,-15.411758012621307,0.0014021970967517201,0.0,3416,14353,,,
Autonomic progenitor,Dorsal root ganglion neuron,7.393908395856708,1.4334684420355595,51.33648172815105,0.001656211887881104,0.0,3416,1179,Autonomic progenitor; Dorsal root ganglion neuron,"Autonomic progenitors and dorsal root ganglion neurons both descend from trunk neural crest cells, which delaminate from the dorsal neural tube and generate both autonomic (sympathetic/parasympathetic) and sensory (DRG) lineages, so their linkage reflects a shared multipotent neural crest progenitor pool.",1
Autonomic progenitor,Dorsal root ganglion progenitor,7.310590304503681,1.3306674813665034,48.07028811870499,0.0013682185102346493,0.0,3416,921,Autonomic progenitor; Dorsal root ganglion progenitor,"Both autonomic (sympathetic/parasympathetic) and dorsal root ganglion sensory progenitors are derived from a common pool of trunk neural crest cells that delaminate from the dorsal neural tube and migrate ventrally, so their shared ancestry reflects this single multipotent neural crest origin.",1
Autonomic progenitor,Endocardial cell,5.736093865230877,-0.18818747392635368,-8.705585741031404,0.0031222079054556246,0.0,3416,1558,,,
Autonomic progenitor,Endothelial cell,6.173609256264798,-0.19592436563782675,-13.256954468508093,0.0011828596457578793,0.0,3416,9605,,,
Autonomic progenitor,Endothelial progenitor,6.198295685772664,-0.048175912891104566,-2.288316421457178,0.00013904260629269495,0.09,3416,1988,,,
Autonomic progenitor,Epibranchial placode,6.10746797244013,0.2849958426113212,16.31042694952608,0.008004589829715435,0.0,3416,3606,,,
Autonomic progenitor,Epibranchial sensory neuron,6.011818719906799,0.22597690110580584,9.205556741749248,0.014612650048496774,0.01,3416,1270,,,
Autonomic progenitor,Epicardium,5.797585929427602,-0.0803581957997741,-3.651218339785391,0.0031593084084181005,0.53,3416,1288,,,
Autonomic progenitor,Epidermal progenitor,6.490878075138756,0.3680358491501394,26.115371518211834,0.0034915862066481323,0.0,3416,24337,,,
Autonomic progenitor,Extraembryonic mesoderm,5.733741843342863,-0.16784179440225255,-11.36423100161746,0.01845281394564827,0.36,3416,5300,,,
Autonomic progenitor,Eye field,6.0052614102256,-0.12840982099848505,-9.120813035722671,0.005501853056411692,0.0,3416,8896,,,
Autonomic progenitor,First heart field,5.750220703282807,-0.17377068482131897,-7.384726374918928,0.005231534007075624,0.0,3416,1531,,,
Autonomic progenitor,Floor plate,5.783093331151282,-0.45560241709971167,-33.47295100847354,0.0014745710625417156,0.0,3416,16788,,,
Autonomic progenitor,Foregut,5.403330862951699,-0.32173161512203247,-15.102991464530055,0.0031253210957555054,0.0,3416,2432,,,
Autonomic progenitor,Forelimb field,6.094824301581962,-0.06593217402522988,-5.347903231883383,0.0017912829906968964,0.07,3416,25891,,,
Autonomic progenitor,Frontonasal mesenchyme,6.375507824968367,0.21111973468553766,15.562151571293606,0.002222125044425996,0.0,3416,24672,,,
Autonomic progenitor,Head paraxial mesoderm,5.898125962541475,-0.23513411620697244,-18.435809196333544,0.009268384337682093,0.0,3416,32981,,,
Autonomic progenitor,Hematopoietic progenitor,5.19293259376413,-0.18775360872092564,-2.0835012053670603,0.0016117590265488574,0.06,3416,87,,,
Autonomic progenitor,Hemogenic endothelium,5.643282029369861,0.06367194553773074,1.1300650930878813,0.002280329185897788,0.65,3416,141,,,
Autonomic progenitor,Hepatoblast,5.26354905764428,-0.3403837904228609,-12.657589389668084,0.00042340354659697974,0.0,3416,1255,,,
Autonomic progenitor,Hindbrain (isthmic organizer),5.9806031218507485,-0.1800261933222762,-9.537189383067757,0.010815335949703436,0.0,3416,3921,,,
Autonomic progenitor,Hindbrain (r1),6.217109141925057,-0.07170506264436434,-4.465374152174459,0.004575655733292947,0.43,3416,16440,,,
Autonomic progenitor,Hindbrain (r2-r4),6.447125940334838,0.059019436756679276,4.476450862759656,0.004020862342294051,0.71,3416,26863,,,
Autonomic progenitor,Hindbrain (r5-r8),6.695852940040975,0.2827321589622332,19.069125621199543,0.018359752187490037,0.0,3416,28972,,,
Autonomic progenitor,Hindgut,5.424100426844075,-0.24788011700806992,-13.420255629006105,0.0011834231407809252,0.0,3416,3029,,,
Autonomic progenitor,Hindlimb field,6.380282024316922,0.2602752723518866,15.733005781397404,0.00786339402684227,0.0,3416,6150,,,
Autonomic progenitor,Hypaxial myogenic progenitor,5.980796529894408,-0.21352634735198053,-12.693567450677577,0.0017703281971223673,0.0,3416,5322,,,
Autonomic progenitor,Hypothalamic neuron,5.68224786589673,-0.3378764449886263,-15.25766459853326,0.0007528445857798968,0.0,3416,1528,,,
Autonomic progenitor,Hypothalamus,5.731478840740678,-0.30755197361331515,-20.54354240225447,0.00232994290840948,0.0,3416,7652,,,
Autonomic progenitor,Intermediate mesoderm,6.475950191634783,0.15826392860863572,10.0943056533449,0.0050569911651650225,0.0,3416,10656,,,
Autonomic progenitor,Juxtacardiac field,5.719978676886991,-0.10728856354244905,-4.883217437721907,0.0054437820723797145,0.25,3416,1386,,,
Autonomic progenitor,Lens placode,6.065532559744994,0.17253043528954817,9.212458864911119,0.021316389274310246,0.0,3416,2811,,,
Autonomic progenitor,Macrophage,5.267616415125436,-0.22819532619700342,-8.541397094428818,0.0016142912531643778,0.0,3416,966,,,
Autonomic progenitor,Megakaryocyte,5.396231899848534,-0.21510048641469717,-6.088327435433281,0.01668477470737631,0.09,3416,482,,,
Autonomic progenitor,Mesothelium,5.727071574234567,-0.07091656518083737,-1.482258087604044,0.002665157234443967,0.47,3416,346,,,
Autonomic progenitor,Midbrain,6.0978583180477335,-0.151151775284409,-10.902140022362873,0.00025081526293709646,0.0,3416,21466,,,
Autonomic progenitor,Midbrain neuron,6.112972244473698,-0.10873968850836994,-5.89124443753774,0.00042959754659493055,0.0,3416,4463,,,
Autonomic progenitor,Midgut,5.394021361939419,-0.2800649233689973,-12.52254364328845,0.005119961275393178,0.0,3416,1667,,,
Autonomic progenitor,Myotome,5.881566438206588,-0.31294732554156823,-16.346006926341175,0.005117815549478678,0.0,3416,2201,,,
Autonomic progenitor,Nascent somite,6.336504604116803,0.06992414118538814,4.335069930586168,6.202118697565208e-05,0.0,3416,6475,,,
Autonomic progenitor,Notochord,5.465979869390407,-0.28335353741299585,-10.031862802111421,0.029679942307933756,0.0,3416,956,,,
Autonomic progenitor,Olfactory placode,6.204234373439813,0.23229001086092863,12.306967849665577,0.014508890673575602,0.0,3416,5872,,,
Autonomic progenitor,Olfactory sensory neuron,5.956202232986059,0.19379103788968907,4.359657387219442,0.006908861261027817,0.01,3416,389,,,
Autonomic progenitor,Otic placode,6.240967186923792,0.40145190664791536,18.430777150650467,0.021748313259777174,0.0,3416,2365,,,
Autonomic progenitor,Otic sensory neuron,6.036087523398083,0.3002061873009234,9.891897859130408,0.03642968818879913,0.0,3416,974,,,
Autonomic progenitor,Periocular mesoderm,5.405823053957395,-0.2481982341768898,-9.96271655174566,0.010085152257316187,0.0,3416,1739,,,
Autonomic progenitor,Pharyngeal arch mesenchyme,6.979712525152077,0.7186480370953845,53.33490459290321,0.0019600099076358766,0.0,3416,39085,Pharyngeal arch mesenchyme,"Autonomic neuron progenitors and pharyngeal arch mesenchyme (ectomesenchyme) are both neural crest derivatives, sharing ancestry through a common cranial/cardiac-vagal neural crest progenitor pool that delaminates from the dorsal neural tube and migrates ventrally.",2
Autonomic progenitor,Pharyngeal endoderm,5.52022193969314,-0.29764141840578784,-19.548212989075836,0.005283799008279097,0.0,3416,5045,,,
Autonomic progenitor,Pharyngeal mesoderm,5.818189887815991,-0.20688007438284176,-15.733456438569903,0.01059496505510025,0.0,3416,7691,,,
Autonomic progenitor,Presomitic mesoderm,6.402359988352861,0.1181251997608787,7.67511901089414,0.004251629088409445,0.0,3416,8521,,,
Autonomic progenitor,Primordial germ cell,4.6595625763273265,-0.3255141023949446,-2.4555011935980042,0.0006915960921775431,0.07,2122,25,,,
Autonomic progenitor,Roof plate,7.112268281877849,0.793811012598372,44.12621523414604,0.0009349882975599962,0.0,3416,6035,,,
Autonomic progenitor,Sacral neural crest,6.724500068882398,0.6822791762206419,29.367230532726442,0.017649326947092685,0.0,3416,2156,,,
Autonomic progenitor,Sclerotome,6.209161129482157,-0.2686115623943654,-20.693630219921502,0.0006574675609400695,0.0,3416,74334,,,
Autonomic progenitor,Second heart field,5.937570587755385,-0.10641550226481566,-7.37797130283075,0.011457270561561313,0.34,3416,6952,,,
Autonomic progenitor,Somatic mesoderm,6.520363404982464,0.058648001231950055,3.949303094702461,0.007006087876475178,0.02,3416,66151,,,
Autonomic progenitor,Somatic motor neuron,5.953817807166662,-0.3008677966869418,-16.824133724809208,0.00843576330317113,0.0,3416,6559,,,
Autonomic progenitor,Spinal cord (cervical),7.032548661958045,0.5739927122144692,40.27125316521066,0.006122697654626794,0.0,3416,41051,,,
Autonomic progenitor,Spinal cord (lumbar),6.493116768418478,0.17861397124541542,12.435590407820948,0.008359308119381176,0.0,3416,12722,,,
Autonomic progenitor,Spinal cord (sacral),6.383582770327763,0.13371438916346592,7.685673278199924,0.004746372690000852,0.0,3416,5351,,,
Autonomic progenitor,Spinal cord (thoracic),6.675421871741762,0.2852126930707133,22.65536463694615,0.009510503139185746,0.0,3416,35061,,,
Autonomic progenitor,Spinal cord interneuron,6.8178644177795595,0.2870840726978541,18.363552955423454,0.007249197148740736,0.0,3416,12470,,,
Autonomic progenitor,Splanchnic mesoderm,6.35648486072463,-0.01860429037065951,-1.4376069592869163,0.001240829113220481,0.29,3416,21642,,,
Autonomic progenitor,Surface ectoderm,5.9224538982869035,0.1309618899868671,6.256189643348986,0.0006778000799504188,0.0,3416,2649,,,
Autonomic progenitor,Telencephalon,6.269640464373391,-0.0035906169165720314,-0.6859745929541141,0.0008349290337715905,0.67,3416,34300,,,
Autonomic progenitor,Trigeminal ganglion neuron,6.166423578073151,0.2379808359107196,10.143302018906974,0.01504726302965009,0.0,3416,1765,,,
Autonomic progenitor,Trigeminal placode,6.443856135767864,0.37278471565270327,20.96335837035604,0.0021365493080001607,0.0,3416,6546,,,
Autonomic progenitor,Trigeminal sensory neuron,6.179471315451029,0.2119051097665139,10.296862803098952,0.007661367645839053,0.0,3416,3198,,,
Autonomic progenitor,Trunk neural crest,7.373201129962155,1.2238715787331989,70.72927588688542,0.0024657413814460974,0.0,3416,6809,Autonomic progenitor; Trunk neural crest,"Trunk neural crest cells migrating ventrally along the sympathoadrenal pathway are the direct progenitors of autonomic (sympathetic) neurons, so the two cell types are sequential stages of a single neural-crest-derived lineage sharing a common recent progenitor pool.",1
Autonomic progenitor,Vagal neural crest,7.90361766335193,1.742292451496528,96.89688663991653,0.0006073353339520456,0.0,3416,4937,Autonomic progenitor; Vagal neural crest,"Autonomic progenitors are direct descendants of neural crest, and vagal (post-otic) neural crest is a well-established source of autonomic (parasympathetic/enteric and sympathoadrenal) neurons via a shared SOX10+/PHOX2B+ crest-derived progenitor pool, so the two cell types lie on the same delaminating-crest-to-autonomic-neuron lineage.",1
Axial progenitor,Axial progenitor,9.500000000008262,-4.144832625267251e-15,-5.3278401826726956e-05,2.2824375524394607e-28,1.0,3170,3170,,,
Axial progenitor,Cranial motor neuron,6.318280569534001,0.07785242463222275,3.3470042146731234,0.0053134612172307865,0.86,3170,3730,,,
Axial progenitor,Cranial neural crest,6.33211661839363,-0.1187677814305846,-7.682897109569475,0.0015740684423626835,0.0,3170,9523,,,
Axial progenitor,Dermomyotome,7.192708275626949,0.5016010884644606,35.416474176256564,0.0035190472132862966,0.0,3170,47263,,,
Axial progenitor,Diencephalon,6.207464647798441,-0.1657528183588631,-11.119478077023535,0.003720805533310074,0.0,3170,14353,,,
Axial progenitor,Dorsal root ganglion neuron,6.320934359180044,0.17364571647609198,6.407582979348123,0.005211673786930108,0.0,3170,1179,,,
Axial progenitor,Dorsal root ganglion progenitor,6.398601712114764,0.23141661647577058,7.602673750271275,0.01373444346504308,0.0,3170,921,,,
Axial progenitor,Endocardial cell,5.817555534701259,-0.29377607111168214,-13.473439568933422,0.003285461815270209,0.0,3170,1558,,,
Axial progenitor,Endothelial cell,6.321813672590409,-0.23528384864699495,-16.40345103584908,0.00577707332104921,0.0,3170,9605,,,
Axial progenitor,Endothelial progenitor,6.383596981544343,-0.051110452424260856,-2.446295352204391,0.002198015630854825,0.76,3170,1988,,,
Axial progenitor,Epibranchial placode,5.797118729775275,-0.21167098958122152,-10.881048032704077,0.0011031476771315967,0.0,3170,3606,,,
Axial progenitor,Epibranchial sensory neuron,5.752917790597924,-0.2172027390213843,-6.94439338696682,0.01830506159753631,0.0,3170,1270,,,
Axial progenitor,Epicardium,5.769302314328143,-0.295465226832345,-11.425971514570918,0.002608772096067352,0.0,3170,1288,,,
Axial progenitor,Epidermal progenitor,6.173815619570779,-0.13518343047669865,-8.715108175255832,0.004517485204426254,0.0,3170,24337,,,
Axial progenitor,Extraembryonic mesoderm,5.759328667582466,-0.33057585119558236,-21.16928087592129,0.001086124649608504,0.0,3170,5300,,,
Axial progenitor,Eye field,6.174932165963702,-0.14333080453283742,-8.707509928552096,0.00392686566636657,0.0,3170,8896,,,
Axial progenitor,First heart field,5.801769022190514,-0.3119825342894318,-14.869218078726691,0.0035025510983566505,0.0,3170,1531,,,
Axial progenitor,Floor plate,6.573919127428376,0.14984998092718657,9.09698533829916,0.0018448136794977246,0.0,3170,16788,,,
Axial progenitor,Foregut,5.5382328667937735,-0.3728146523518685,-18.03918752824836,0.01803065163660442,0.0,3170,2432,,,
Axial progenitor,Forelimb field,6.230769520561515,-0.1139569755244872,-8.716204574962548,0.004560155846032893,0.0,3170,25891,,,
Axial progenitor,Frontonasal mesenchyme,6.152336385039255,-0.19760830213277134,-14.346040899687468,0.0010273180455968017,0.0,3170,24672,,,
Axial progenitor,Head paraxial mesoderm,6.074762612945734,-0.24360075324251618,-18.29303141133237,0.00012105732395465945,0.0,3170,32981,,,
Axial progenitor,Hematopoietic progenitor,5.218001985073863,-0.3392641328011816,-3.826498443359475,0.011666689504894792,0.01,3170,87,,,
Axial progenitor,Hemogenic endothelium,5.54499203327484,-0.21748209190813986,-3.012733579689501,0.0036247088336547975,0.03,3170,141,,,
Axial progenitor,Hepatoblast,5.459890397154031,-0.3317128059097598,-11.461553291462815,0.021653718402606287,0.0,3170,1255,,,
Axial progenitor,Hindbrain (isthmic organizer),6.200850319133679,-0.14495749595122062,-8.359289212413247,0.0038886348923765756,0.0,3170,3921,,,
Axial progenitor,Hindbrain (r1),6.375846075861291,-0.09900039109517215,-5.928776434757073,0.004752249927600924,0.18,3170,16440,,,
Axial progenitor,Hindbrain (r2-r4),6.639347985067062,0.0672250095280873,5.166614119670427,0.005273773643880129,0.26,3170,26863,,,
Axial progenitor,Hindbrain (r5-r8),6.810534074092046,0.21229958991312436,13.914848247389722,0.0011438760184742489,0.0,3170,28972,,,
Axial progenitor,Hindgut,5.61837619132455,-0.2388172428716627,-12.299571254401984,0.0025089050176818044,0.0,3170,3029,,,
Axial progenitor,Hindlimb field,6.424837986685346,0.12003841239964815,6.635620568524254,0.009499921620308419,0.42,3170,6150,,,
Axial progenitor,Hypaxial myogenic progenitor,6.297901722323215,-0.08274259927250831,-5.257978841561738,0.0026838095075185607,0.12,3170,5322,,,
Axial progenitor,Hypothalamic neuron,6.097149768098542,-0.108396509172211,-4.7131035134308705,0.006213302602135999,0.49,3170,1528,,,
Axial progenitor,Hypothalamus,6.103051273217054,-0.12143309968251022,-7.0264056673246005,0.0029936578817757065,0.0,3170,7652,,,
Axial progenitor,Intermediate mesoderm,6.745862900798166,0.24067189277001097,14.624213795388643,0.0009019636864215844,0.0,3170,10656,,,
Axial progenitor,Juxtacardiac field,5.74929331249542,-0.26386501170469057,-10.838797643364652,0.006709521350365605,0.0,3170,1386,,,
Axial progenitor,Lens placode,5.882971160695438,-0.19746311938706076,-9.770425313354997,0.0063829405393134525,0.0,3170,2811,,,
Axial progenitor,Macrophage,5.329321396564014,-0.35302856289596135,-11.203021353181283,0.010132631293210312,0.0,3170,966,,,
Axial progenitor,Megakaryocyte,5.3997359961922955,-0.39615219504155136,-10.158157107365748,0.0022658855451161875,0.0,3170,482,,,
Axial progenitor,Mesothelium,5.851504626951322,-0.13483404475288374,-2.9083326833677248,0.008246205806390594,0.37,3170,346,,,
Axial progenitor,Midbrain,6.305083424874567,-0.13144495302379244,-8.459253960117358,0.0017338714654510357,0.0,3170,21466,,,
Axial progenitor,Midbrain neuron,6.242855694995356,-0.16342492095574013,-9.38106380654681,0.006337330513272453,0.0,3170,4463,,,
Axial progenitor,Midgut,5.492105146644836,-0.3679508484117253,-17.843788312790092,0.011874960222190806,0.0,3170,1667,,,
Axial progenitor,Myotome,6.359378590363466,-0.023179766508404736,-1.2223230173412722,0.008663997352928875,0.01,3170,2201,,,
Axial progenitor,Nascent somite,7.614839156274592,1.164582659145361,71.06283733889823,0.005879568187926411,0.0,3170,6475,Axial progenitor; Nascent somite,"Axial progenitors include neuromesodermal progenitors (NMPs) in the caudal epiblast/tailbud that bipotentially generate paraxial (presomitic) mesoderm, which directly segments into nascent somites, so the two share a recent common progenitor pool.",1
Axial progenitor,Notochord,5.775395277481683,-0.16322401541638065,-5.840114770996,0.0032567260270697585,0.0,3170,956,,,
Axial progenitor,Olfactory placode,5.975585409709278,-0.18231458638922238,-10.270055776325542,0.0016127573724206462,0.0,3170,5872,,,
Axial progenitor,Olfactory sensory neuron,5.728239365464041,-0.2237543970290202,-5.059853504366252,0.007416585491824067,0.01,3170,389,,,
Axial progenitor,Otic placode,5.891769711155793,-0.13336994485113607,-5.696853599411525,0.00022114353339447232,0.0,3170,2365,,,
Axial progenitor,Otic sensory neuron,5.7547369575362,-0.16994256350395412,-5.696779312882538,0.00016277700598462986,0.0,3170,974,,,
Axial progenitor,Periocular mesoderm,5.5515032530268975,-0.2933075350155206,-11.448741067715547,0.004083468880325509,0.0,3170,1739,,,
Axial progenitor,Pharyngeal arch mesenchyme,6.329718049865092,-0.11951403596129466,-7.772879303759027,0.0010537281434359125,0.0,3170,39085,,,
Axial progenitor,Pharyngeal endoderm,5.683420711101533,-0.31991561366802657,-20.114566863460094,0.006553011556726266,0.0,3170,5045,,,
Axial progenitor,Pharyngeal mesoderm,5.91350986364844,-0.2966321486478076,-23.529284073804657,0.002240544837713111,0.0,3170,7691,,,
Axial progenitor,Presomitic mesoderm,8.096256422864023,1.6252734350053915,95.30940517240892,0.006069400911915683,0.0,3170,8521,Axial progenitor; Presomitic mesoderm,"Axial progenitors (neuromesodermal progenitors in the caudal lateral epiblast/tailbud) are the direct bipotent source of presomitic mesoderm, so the two cell types share ancestry because PSM is continuously generated from this Tbx6+/Sox2+ progenitor pool alongside spinal neural tube.",1
Axial progenitor,Primordial germ cell,4.638484343076102,-0.5571993194831997,-4.408136497988007,0.00019236327326648244,0.0,2248,25,,,
Axial progenitor,Roof plate,6.700854510638571,0.19594360768545224,11.022600470014732,0.01077438082931421,0.0,3170,6035,,,
Axial progenitor,Sacral neural crest,7.027634690028539,0.8024526462174446,35.57937532148021,0.005574555370369087,0.0,3170,2156,,,
Axial progenitor,Sclerotome,6.8258422539519215,0.16374613389802248,11.271021265196971,0.00819669481531018,0.0,3170,74334,,,
Axial progenitor,Second heart field,5.95719500387649,-0.271749844781775,-18.074912563636754,0.003527089215938838,0.0,3170,6952,,,
Axial progenitor,Somatic mesoderm,6.699266091296899,0.05260685890343986,4.102970652211857,0.004403830391962226,0.25,3170,66151,,,
Axial progenitor,Somatic motor neuron,6.945854973379355,0.506107762329895,28.931475246253115,0.0030894494523883795,0.0,3170,6559,,,
Axial progenitor,Spinal cord (cervical),7.106038833022698,0.4627845189927558,32.379743394542416,0.0019231792673978653,0.0,3170,41051,,,
Axial progenitor,Spinal cord (lumbar),7.872854980993626,1.3719171044569485,82.49441985326781,0.010326335913397435,0.0,3170,12722,Axial progenitor; Spinal cord (lumbar),"Axial progenitors (neuromesodermal progenitors, NMPs) in the caudal lateral epiblast/tailbud directly generate the posterior neural tube, so lumbar (posterior) spinal cord neurectoderm descends from this same self-renewing progenitor pool.",1
Axial progenitor,Spinal cord (sacral),8.219897068979005,1.7837424102861814,96.62975972355433,0.005145007940272871,0.0,3170,5351,Axial progenitor; Spinal cord (sacral),"Axial progenitors (neuromesodermal progenitors of the caudal lateral epiblast/tailbud) are the direct bipotent source of caudal neural tube, so sacral spinal cord neurectoderm is generated from this same Sox2/T-expressing progenitor pool, explaining their strong shared ancestry.",1
Axial progenitor,Spinal cord (thoracic),7.484267490697351,0.9086996120811088,63.33334989214011,0.007003461119998407,0.0,3170,35061,Axial progenitor,"Axial progenitors (neuromesodermal progenitors, NMPs) in the caudal lateral epiblast/tailbud are the direct source of posterior/trunk spinal cord neuroepithelium, so thoracic spinal cord cells arise from this same self-renewing progenitor pool during body-axis elongation.",1
Axial progenitor,Spinal cord interneuron,6.990858800248245,0.27317587803965004,18.57413856839237,0.002815914480469777,0.0,3170,12470,,,
Axial progenitor,Splanchnic mesoderm,6.37299358659756,-0.18693840650373872,-11.489792509003188,0.00975065665232457,0.0,3170,21642,,,
Axial progenitor,Surface ectoderm,5.732338013076368,-0.24562173296747206,-10.780977512254509,0.0014759996980043817,0.0,3170,2649,,,
Axial progenitor,Telencephalon,6.299280410230794,-0.16007772636811315,-11.542277760055185,0.001896185070073208,0.0,3170,34300,,,
Axial progenitor,Trigeminal ganglion neuron,5.917772691588554,-0.1944409077133106,-8.172641055541652,0.0050183003809519625,0.0,3170,1765,,,
Axial progenitor,Trigeminal placode,6.071514470979269,-0.1856817777141888,-10.525531873440373,0.006243456249909157,0.0,3170,6546,,,
Axial progenitor,Trigeminal sensory neuron,5.965619893385557,-0.1874477436370506,-9.49434949504486,0.001352430061655374,0.0,3170,3198,,,
Axial progenitor,Trunk neural crest,6.775328435628474,0.44122515195487316,24.34770850094874,0.003645918741611175,0.0,3170,6809,,,
Axial progenitor,Vagal neural crest,6.547377972902322,0.2009706924428709,10.387413620187127,0.0024652134678250764,0.0,3170,4937,,,
Cranial motor neuron,Cranial motor neuron,9.500000000006745,-1.7763568394002505e-15,-1.7762621811360296e-05,1.3568407569801403e-28,1.0,3730,3730,,,
Cranial motor neuron,Cranial neural crest,5.913422245435466,-0.38265715943578965,-23.59050257406245,0.0029067362486346576,0.0,3730,9523,,,
Cranial motor neuron,Dermomyotome,6.522201455692037,-0.00982574923635878,-0.9795436625068371,0.0017309062117614282,0.71,3730,47263,,,
Cranial motor neuron,Diencephalon,6.495641290443225,0.2787208226409185,18.52914255139857,0.011276204103042788,0.0,3730,14353,,,
Cranial motor neuron,Dorsal root ganglion neuron,5.610482256722901,-0.3820854820073765,-12.774811968635797,0.00981726755321979,0.0,3730,1179,,,
Cranial motor neuron,Dorsal root ganglion progenitor,5.677085023937907,-0.3339730137416665,-11.088168948162112,0.0001695413679742815,0.0,3730,921,,,
Cranial motor neuron,Endocardial cell,5.656036705852049,-0.2968598994937093,-13.236182649313882,0.010551374732502772,0.0,3730,1558,,,
Cranial motor neuron,Endothelial cell,5.985814182359573,-0.41369782085454404,-28.62276880746843,0.008784997188350631,0.0,3730,9605,,,
Cranial motor neuron,Endothelial progenitor,5.966717165844297,-0.3092060690036167,-13.206574232728377,0.003473955045105004,0.0,3730,1988,,,
Cranial motor neuron,Epibranchial placode,5.523225667064938,-0.3261631229536128,-16.07267760308657,0.005925991089543143,0.0,3730,3606,,,
Cranial motor neuron,Epibranchial sensory neuron,5.491426054989361,-0.32468839765525787,-11.34955587550778,0.0037806945146754787,0.0,3730,1270,,,
Cranial motor neuron,Epicardium,5.613245435517803,-0.29444783187600204,-11.339368294495799,0.00437379861805166,0.0,3730,1288,,,
Cranial motor neuron,Epidermal progenitor,5.701932584832483,-0.4467772145017612,-31.91311223436131,0.001833841492255126,0.0,3730,24337,,,
Cranial motor neuron,Extraembryonic mesoderm,5.58803261572663,-0.3431889669142049,-22.991809436126733,0.008847642197874477,0.0,3730,5300,,,
Cranial motor neuron,Eye field,6.396303943206564,0.2339421980619134,14.428899060267634,0.018664269900288563,0.0,3730,8896,,,
Cranial motor neuron,First heart field,5.701516573580683,-0.25212854757106956,-10.336976925465175,0.006158749660026527,0.0,3730,1531,,,
Cranial motor neuron,Floor plate,7.8083821080588365,1.5432971405561637,102.47136004864915,0.0036745864316653507,0.0,3730,16788,Cranial motor neuron; Floor plate,"Both derive from the ventral neural tube neuroepithelium, where cranial motor neurons (from the pMN/basal-plate domain) and the floor plate (the ventral-most FP domain) arise as spatially adjacent progenitor populations patterned by graded Shh from the notochord, so they share recent common ancestors within the ventral neural progenitor pool.",2
Cranial motor neuron,Foregut,5.586270266269364,-0.1647876973395368,-7.824597624383071,0.009669044117766404,0.0,3730,2432,,,
Cranial motor neuron,Forelimb field,5.806868297934746,-0.3794059247442612,-30.21037256790946,0.01047062157641701,0.0,3730,25891,,,
Cranial motor neuron,Frontonasal mesenchyme,5.845448813250051,-0.34625559144484086,-26.123748844948693,0.0036616437042057462,0.0,3730,24672,,,
Cranial motor neuron,Head paraxial mesoderm,5.946166423276405,-0.21342777400443028,-16.30244506216214,0.00423109090177741,0.0,3730,32981,,,
Cranial motor neuron,Hematopoietic progenitor,5.140121629939021,-0.2577590183454929,-2.731925756216666,0.009035777234023363,0.18,3730,87,,,
Cranial motor neuron,Hemogenic endothelium,5.296109670895869,-0.3194785862857348,-4.630872558273908,0.022865513441850723,0.03,3730,141,,,
Cranial motor neuron,Hepatoblast,5.562157581189364,-0.06304568365352381,-1.0051828092826491,0.02410107398850089,0.0,3730,1255,,,
Cranial motor neuron,Hindbrain (isthmic organizer),6.6612773513715355,0.47141554330365515,25.172871002846804,0.006766481636019021,0.0,3730,3921,,,
Cranial motor neuron,Hindbrain (r1),6.7700530106502255,0.4551518646115789,32.61339347468768,0.0006009501784208228,0.0,3730,16440,,,
Cranial motor neuron,Hindbrain (r2-r4),7.21988003582565,0.805602128188131,57.55118210871538,0.003067072436528278,0.0,3730,26863,Hindbrain (r2-r4),Cranial motor neurons are born directly within the hindbrain neuroepithelium—rhombomeres r2–r4 host the trigeminal (V) and facial (VII) branchiomotor/visceromotor progenitors in their basal plate—so both cell types derive from the same rhombomeric neural progenitor pool.,1
Cranial motor neuron,Hindbrain (r5-r8),7.291411608677005,0.8514067053336397,63.991997775854564,0.0018296995606234296,0.0,3730,28972,Cranial motor neuron; Hindbrain (r5-r8),"Cranial motor neurons (branchiomotor/visceromotor/somatic nuclei of cranial nerves) are born directly from the ventral (pMN/Nkx6+ Olig2+) neuroepithelial progenitors of the caudal hindbrain rhombomeres r5–r8, so the two cell types are simply progenitor and differentiated derivative within the same rhombomeric neural-tube lineage.",1
Cranial motor neuron,Hindgut,5.534191324177013,-0.162681675740866,-8.962293498351702,0.026664768636957745,0.29,3730,3029,,,
Cranial motor neuron,Hindlimb field,5.7325047540309155,-0.41329163694574395,-24.511012630793715,0.018514047756484686,0.0,3730,6150,,,
Cranial motor neuron,Hypaxial myogenic progenitor,6.131687416242483,-0.0891078410009835,-5.599279679376134,0.004499194991958188,0.0,3730,5322,,,
Cranial motor neuron,Hypothalamic neuron,6.864963375371779,0.8162524469766289,33.865557829881006,0.0005018571211886554,0.0,3730,1528,Cranial motor neuron,Both are ventral CNS neurons derived from the same neuroectodermal lineage—Shh/Nkx2.1-patterned ventral neural tube progenitors (basal plate/floor-plate-adjacent neuroepithelium spanning the ventral diencephalon and hindbrain)—so their shared ancestry reflects a common neural-plate/neural-tube origin rather than distinct germ-layer sources.,2
Cranial motor neuron,Hypothalamus,6.947744987598663,0.8820135882858713,53.83951542411676,0.0012955471726482342,0.0,3730,7652,Cranial motor neuron,Both are ventral CNS neuronal populations arising from the anterior neuroectoderm/neural plate under Shh-dependent basal-plate programs — cranial motor neurons from the hindbrain basal plate and hypothalamic neurons from the ventral diencephalon — reflecting a shared ventral neural progenitor origin.,2
Cranial motor neuron,Intermediate mesoderm,6.001990570397401,-0.3437160661504069,-20.898224285315724,0.018414974283469755,0.0,3730,10656,,,
Cranial motor neuron,Juxtacardiac field,5.586332304108513,-0.26990017500655633,-9.509010815628557,0.0030860846941904944,0.0,3730,1386,,,
Cranial motor neuron,Lens placode,5.472791834721822,-0.44729608281807626,-22.823877932369328,0.0014051272999732324,0.0,3730,2811,,,
Cranial motor neuron,Macrophage,5.284469159987791,-0.23503720390507285,-7.152564911408593,0.016955192393614496,0.01,3730,966,,,
Cranial motor neuron,Megakaryocyte,5.32294676132571,-0.31446837484131507,-7.383568442945815,0.0025928616502861697,0.0,3730,482,,,
Cranial motor neuron,Mesothelium,5.608939320122583,-0.2174960694930149,-4.235362684027149,0.009082983143147285,0.08,3730,346,,,
Cranial motor neuron,Midbrain,6.702637581205404,0.4234444731084602,28.093948674673012,0.002941892928723755,0.0,3730,21466,,,
Cranial motor neuron,Midbrain neuron,6.40758465844182,0.15945433315554128,8.935054918571684,0.0018034500929251947,0.0,3730,4463,,,
Cranial motor neuron,Midgut,5.5022764224813345,-0.19813393786205058,-8.138111647798768,0.009272555448631314,0.0,3730,1667,,,
Cranial motor neuron,Myotome,6.316485341823566,0.09223448944009771,4.262088393423207,0.005341727635395905,0.67,3730,2201,,,
Cranial motor neuron,Nascent somite,6.3523228255881605,0.056659976378351,3.2948216987234944,0.0018615277708007609,0.59,3730,6475,,,
Cranial motor neuron,Notochord,5.880207815033923,0.1014022150218749,3.122201802270339,0.014991604124677274,0.14,3730,956,,,
Cranial motor neuron,Olfactory placode,5.603687718173322,-0.39561925949379795,-22.912294272982148,0.005784195234371813,0.0,3730,5872,,,
Cranial motor neuron,Olfactory sensory neuron,5.455973144927,-0.33377588403204567,-7.204217330703467,0.010489617477417956,0.0,3730,389,,,
Cranial motor neuron,Otic placode,5.4634355096299005,-0.4066161773672106,-18.744617431804397,0.005498793710692784,0.0,3730,2365,,,
Cranial motor neuron,Otic sensory neuron,5.332149332423479,-0.43524534569865114,-14.027871098113588,0.0012074932976888072,0.0,3730,974,,,
Cranial motor neuron,Periocular mesoderm,5.587318252176267,-0.09595496849694178,-4.393113192622918,0.014848013995653452,0.33,3730,1739,,,
Cranial motor neuron,Pharyngeal arch mesenchyme,5.824498258766748,-0.4648142049559357,-34.0466342694861,0.0046593389081680085,0.0,3730,39085,,,
Cranial motor neuron,Pharyngeal endoderm,5.741213000523143,-0.10572790404432049,-6.795377838343929,0.005614577561155678,0.08,3730,5045,,,
Cranial motor neuron,Pharyngeal mesoderm,5.69369664079142,-0.35752660758049615,-25.76788107662883,0.009760369257711093,0.0,3730,7691,,,
Cranial motor neuron,Presomitic mesoderm,6.372029408202419,0.06077382661774836,3.7622937289677805,0.0021058478654548594,0.46,3730,8521,,,
Cranial motor neuron,Primordial germ cell,4.652572321040681,-0.38540835477161783,-2.512591040325681,0.07563133121997849,0.28,2668,25,,,
Cranial motor neuron,Roof plate,5.979451631973009,-0.36528189731891797,-21.403464772962263,0.003822335021017295,0.0,3730,6035,,,
Cranial motor neuron,Sacral neural crest,5.695923350116542,-0.36864945678945144,-15.247780523414006,0.0010903615541853556,0.0,3730,2156,,,
Cranial motor neuron,Sclerotome,6.5472668365507785,0.0431323179408194,2.962822504659298,0.004325350310101202,0.05,3730,74334,,,
Cranial motor neuron,Second heart field,5.689815596809101,-0.3817521195248507,-25.74993158802758,1.1057105893843893e-05,0.0,3730,6952,,,
Cranial motor neuron,Somatic mesoderm,5.976278449379787,-0.5126665403186937,-38.60760856176426,0.0035943852658960403,0.0,3730,66151,,,
Cranial motor neuron,Somatic motor neuron,7.3953386863344805,1.1138688877379297,61.62458055816305,0.0003796298511143234,0.0,3730,6559,Cranial motor neuron; Somatic motor neuron,"Both are motor neurons arising from the same ventral neural-tube progenitor program (Olig2+/Nkx6.1+ pMN domain giving rise to MNX1/Hb9+ motor neurons), differing only in axial level (hindbrain cranial vs. spinal somatic), so they share a common ventral neuroepithelial progenitor lineage.",1
Cranial motor neuron,Spinal cord (cervical),6.996694448138666,0.5117490626260377,34.0433579379474,0.0015006635919093238,0.0,3730,41051,,,
Cranial motor neuron,Spinal cord (lumbar),6.488453967815084,0.14523503580091526,8.932264460766342,0.00385579540566575,0.0,3730,12722,,,
Cranial motor neuron,Spinal cord (sacral),6.409667230331853,0.13061094010395072,7.309598309983962,0.001472541320167359,0.0,3730,5351,,,
Cranial motor neuron,Spinal cord (thoracic),6.692454938435572,0.274130946194183,19.469653177185986,0.00013358849502927551,0.0,3730,35061,,,
Cranial motor neuron,Spinal cord interneuron,7.156440681768305,0.5955789987186026,40.75613769967014,0.0015772135106447709,0.0,3730,12470,,,
Cranial motor neuron,Splanchnic mesoderm,5.864191188574606,-0.5398213267702413,-37.371216096233454,0.008373299567406112,0.0,3730,21642,,,
Cranial motor neuron,Surface ectoderm,5.5005192436122,-0.32002080759054535,-14.016679379021317,0.005047668038828674,0.0,3730,2649,,,
Cranial motor neuron,Telencephalon,6.374136939905071,0.07346269117629263,5.721874247823053,0.005140240304698276,0.67,3730,34300,,,
Cranial motor neuron,Trigeminal ganglion neuron,5.627894815168971,-0.3278448680886532,-13.839130925272082,0.0018715312420314414,0.0,3730,1765,,,
Cranial motor neuron,Trigeminal placode,5.6088726257743176,-0.49041232351798786,-27.367475229011934,0.00023540532986252068,0.0,3730,6546,,,
Cranial motor neuron,Trigeminal sensory neuron,5.595754516519655,-0.4005784112369879,-19.737931410194197,0.0029639871808682084,0.0,3730,3198,,,
Cranial motor neuron,Trunk neural crest,5.780002256309821,-0.39714787783963185,-22.233332072094996,0.0006333559725570682,0.0,3730,6809,,,
Cranial motor neuron,Vagal neural crest,5.8059187991040675,-0.38207672605756304,-18.992135581214306,0.0008382568863628643,0.0,3730,4937,,,
Cranial neural crest,Cranial neural crest,9.49999999999526,-2.3684757858670005e-15,-2.3678027710166667e-05,2.061556498977578e-28,1.0,9523,9523,,,
Cranial neural crest,Dermomyotome,6.463051039066279,-0.28134918865959185,-34.75652766005533,0.0010165910865605808,0.0,9523,47263,,,
Cranial neural crest,Diencephalon,6.559938375803214,0.1312537311227393,12.558150855307533,0.0005771904418919267,0.0,9523,14353,,,
Cranial neural crest,Dorsal root ganglion neuron,6.653662214647045,0.45079669829391467,18.69728620420395,0.004201442760526555,0.0,9523,1179,,,
Cranial neural crest,Dorsal root ganglion progenitor,6.618199538970603,0.39323462415764077,14.34322017412201,0.01425331271476009,0.0,9523,921,,,
Cranial neural crest,Endocardial cell,5.809915011885963,-0.3516213874544185,-17.357724828348505,0.003709621051334441,0.0,9523,1558,,,
Cranial neural crest,Endothelial cell,6.276776770702807,-0.3343928462538835,-28.958888031363028,0.002823961008276697,0.0,9523,9605,,,
Cranial neural crest,Endothelial progenitor,6.264451706301908,-0.22430700375397153,-11.634215956056112,0.0016987543741615223,0.0,9523,1988,,,
Cranial neural crest,Epibranchial placode,6.110205466430894,0.0473523248816603,3.3185805362834,0.0015780794345493785,0.48,9523,3606,,,
Cranial neural crest,Epibranchial sensory neuron,6.107216210793855,0.08394906064793813,3.934119682021555,0.010487924753209539,0.43,9523,1270,,,
Cranial neural crest,Epicardium,5.801762695311722,-0.31920996015734193,-13.382736786990671,0.0007016715405879294,0.0,9523,1288,,,
Cranial neural crest,Epidermal progenitor,6.490361417027873,0.12653816945044127,13.859067337350416,7.366896313110905e-05,0.0,9523,24337,,,
Cranial neural crest,Extraembryonic mesoderm,5.782731206991738,-0.359724342270393,-28.71332186511171,0.007474279178883569,0.0,9523,5300,,,
Cranial neural crest,Eye field,6.4439572455839,0.06892863874426809,6.494122056179548,0.003013806352352342,0.09,9523,8896,,,
Cranial neural crest,First heart field,5.798110662039163,-0.3712067850500646,-17.552632545159252,0.002921014249163614,0.0,9523,1531,,,
Cranial neural crest,Floor plate,6.086782661311621,-0.3924132439487857,-35.648817555130016,0.00037117509389984196,0.0,9523,16788,,,
Cranial neural crest,Foregut,5.444251140738703,-0.5199295563505822,-28.60519209672621,0.008323718049926904,0.0,9523,2432,,,
Cranial neural crest,Forelimb field,6.240213467827338,-0.1595364735026085,-16.99059521290796,0.010586567660983641,0.0,9523,25891,,,
Cranial neural crest,Frontonasal mesenchyme,7.10501120427475,0.7012437407987692,81.37834548493157,0.007341882677689942,0.0,9523,24672,Cranial neural crest; Frontonasal mesenchyme,"Frontonasal mesenchyme is largely populated by cranial (frontonasal-prominence) neural crest cells that delaminate from the anterior neural folds and migrate ventrally, so both cell types descend from a shared cranial neural crest progenitor pool.",1
Cranial neural crest,Head paraxial mesoderm,6.044753606145945,-0.3295474563269594,-40.13107848378785,0.0003258139649084128,0.0,9523,32981,,,
Cranial neural crest,Hematopoietic progenitor,5.271691317021612,-0.33814215169101686,-3.964026198754398,0.002166619534556823,0.0,9523,87,,,
Cranial neural crest,Hemogenic endothelium,5.786069168188199,-0.03743584290550691,-0.5245757244079434,0.0015527493752370254,0.94,9523,141,,,
Cranial neural crest,Hepatoblast,5.382234810077243,-0.4615925742038686,-18.46132609587444,0.007468086466429429,0.0,9523,1255,,,
Cranial neural crest,Hindbrain (isthmic organizer),6.524402737481803,0.12404452739465437,8.250962802288255,0.013484178971633922,0.0,9523,3921,,,
Cranial neural crest,Hindbrain (r1),6.861150941440633,0.33254116959517194,32.29598258591427,0.0036624128378243575,0.0,9523,16440,,,
Cranial neural crest,Hindbrain (r2-r4),7.036223158921433,0.40883627086336133,44.1837392146536,0.003615954632186786,0.0,9523,26863,,,
Cranial neural crest,Hindbrain (r5-r8),6.895119566524085,0.2419552616213032,27.231926383513525,0.0006465727052441449,0.0,9523,28972,,,
Cranial neural crest,Hindgut,5.50723790107849,-0.4043829171384348,-27.067794766503212,0.003108807517930492,0.0,9523,3029,,,
Cranial neural crest,Hindlimb field,6.4240704864002725,0.06577563309772157,4.546295407771754,0.013326331344605313,0.0,9523,6150,,,
Cranial neural crest,Hypaxial myogenic progenitor,6.115216575560982,-0.3196175073338434,-24.63865107036418,0.0008919140542287035,0.0,9523,5322,,,
Cranial neural crest,Hypothalamic neuron,5.997908707623736,-0.2627461200949117,-11.4858455528544,0.0030564295140257155,0.0,9523,1528,,,
Cranial neural crest,Hypothalamus,5.997401422340652,-0.28176867300904124,-23.013729267737673,0.0016651106468179837,0.0,9523,7652,,,
Cranial neural crest,Intermediate mesoderm,6.510817348247119,-0.04775317105349745,-4.819399102614425,0.011736754655579705,0.0,9523,10656,,,
Cranial neural crest,Juxtacardiac field,5.745671656577174,-0.32469801317605346,-14.216782935409908,0.0009031541807124724,0.0,9523,1386,,,
Cranial neural crest,Lens placode,6.385955458190895,0.2528716999519955,15.3530582403571,0.004628815024473525,0.0,9523,2811,,,
Cranial neural crest,Macrophage,5.320057358639914,-0.41667059844712284,-15.999026778340456,0.0012204167857195467,0.0,9523,966,,,
Cranial neural crest,Megakaryocyte,5.404915672410726,-0.4489018494220476,-11.784440326263217,0.0026582017400117184,0.0,9523,482,,,
Cranial neural crest,Mesothelium,5.919235550289772,-0.12093469873610256,-2.856860696368145,0.008021355537235817,0.32,9523,346,,,
Cranial neural crest,Midbrain,6.704164609749054,0.2130396977700683,22.99207489381438,0.0054240919416361525,0.0,9523,21466,,,
Cranial neural crest,Midbrain neuron,6.8115069873305565,0.3476231460900694,22.518413462740458,0.004495209336909206,0.0,9523,4463,,,
Cranial neural crest,Midgut,5.449607218973635,-0.4641250501413176,-23.334488902698137,0.0009245731544530018,0.0,9523,1667,,,
Cranial neural crest,Myotome,6.0400916538552565,-0.3931790525405754,-20.14668874610068,0.0006974052203490525,0.0,9523,2201,,,
Cranial neural crest,Nascent somite,6.431448835313451,-0.07652660622396794,-6.227918410011891,0.0007479610386756432,0.0,9523,6475,,,
Cranial neural crest,Notochord,5.616122153576071,-0.37379218094094924,-14.851485989623868,0.020438138300574456,0.0,9523,956,,,
Cranial neural crest,Olfactory placode,6.55274591038749,0.3411750328901049,25.62615768783898,0.0007828413798559017,0.0,9523,5872,,,
Cranial neural crest,Olfactory sensory neuron,6.253914789290815,0.2508664905463546,6.205540563202592,0.0009379921189834883,0.0,9523,389,,,
Cranial neural crest,Otic placode,6.358169064169424,0.27719552297438926,15.27084017750594,0.00559440832187723,0.0,9523,2365,,,
Cranial neural crest,Otic sensory neuron,6.1870331849034885,0.20455953412596806,8.094729003301643,0.002722520322923341,0.0,9523,974,,,
Cranial neural crest,Periocular mesoderm,5.499979084620417,-0.3928398765946062,-18.53826270644232,0.005432808633155758,0.0,9523,1739,,,
Cranial neural crest,Pharyngeal arch mesenchyme,7.692910588914178,1.1898547453466766,133.33480609075445,0.0017790568791575417,0.0,9523,39085,Cranial neural crest; Pharyngeal arch mesenchyme,"Cranial neural crest cells delaminate from the dorsal neural folds and migrate ventrally into the pharyngeal arches where they form the ectomesenchyme, so pharyngeal arch mesenchyme is largely a direct descendant of cranial neural crest, giving them a shared progenitor origin.",1
Cranial neural crest,Pharyngeal endoderm,5.616233127172194,-0.4430226544560343,-34.94713539770006,0.006342033104296888,0.0,9523,5045,,,
Cranial neural crest,Pharyngeal mesoderm,5.888527483577189,-0.3754486587621481,-34.129588060575095,0.005073600938449739,0.0,9523,7691,,,
Cranial neural crest,Presomitic mesoderm,6.462709566288457,-0.06146185588511225,-5.760003967516482,0.0007079023622359258,0.0,9523,8521,,,
Cranial neural crest,Primordial germ cell,4.640785955631834,-0.6197300610687302,-4.615412435124445,0.005254351581821411,0.0,6410,25,,,
Cranial neural crest,Roof plate,7.447282057997396,0.8883221843405439,66.5243206329993,0.020130315763294652,0.0,9523,6035,Cranial neural crest; Roof plate,"Cranial neural crest and roof plate both originate from the dorsal neuroepithelium/neural plate border of the anterior neural tube, where premigratory neural crest delaminates from the same dorsal progenitors that give rise to the roof plate, so they share recent common ancestors in this dorsal neural progenitor pool.",2
Cranial neural crest,Sacral neural crest,6.518161763289908,0.2393747425017357,12.308323996274845,0.0034205544923251356,0.0,9523,2156,,,
Cranial neural crest,Sclerotome,6.344568488797603,-0.37337488992448503,-44.59927794785255,8.651797853687607e-05,0.0,9523,74334,,,
Cranial neural crest,Second heart field,5.965514386105871,-0.3179428701030191,-28.5450128789064,0.0008988380473143862,0.0,9523,6952,,,
Cranial neural crest,Somatic mesoderm,6.5829707182195465,-0.11846452434108852,-14.569589987096029,0.011096063594151395,0.17,9523,66151,,,
Cranial neural crest,Somatic motor neuron,6.194203186609134,-0.2989887720765149,-22.425053423685913,0.002069611495697342,0.0,9523,6559,,,
Cranial neural crest,Spinal cord (cervical),6.8462990736352785,0.1474439523224529,15.104529493003346,0.0002220301687258631,0.0,9523,41051,,,
Cranial neural crest,Spinal cord (lumbar),6.50979011100279,-0.045767820245104396,-4.334223089447026,0.0013735649249406532,0.72,9523,12722,,,
Cranial neural crest,Spinal cord (sacral),6.388701521511547,-0.10304623260773127,-7.016489543263745,0.003721302853389084,0.02,9523,5351,,,
Cranial neural crest,Spinal cord (thoracic),6.641324429103648,0.009955772717981167,1.0131027555777028,0.0015644569294867984,0.0,9523,35061,,,
Cranial neural crest,Spinal cord interneuron,7.071813848051253,0.2987260872419351,29.092594357103376,0.002734146736212853,0.0,9523,12470,,,
Cranial neural crest,Splanchnic mesoderm,6.400196004756314,-0.2141993395494509,-21.911389093934805,0.00769617995165481,0.0,9523,21642,,,
Cranial neural crest,Surface ectoderm,5.987114794376715,-0.044652211874333624,-2.1163264863346893,0.006140378104513296,0.64,9523,2649,,,
Cranial neural crest,Telencephalon,6.843838325513363,0.3298924407840295,39.93797584107313,0.003133797169011635,0.0,9523,34300,,,
Cranial neural crest,Trigeminal ganglion neuron,7.567394812818294,1.4003077694011201,69.81433354792252,0.005039361610877105,0.0,9523,1765,Cranial neural crest; Trigeminal ganglion neuron,"Cranial (particularly the trigeminal-level) neural crest is the direct progenitor of the neurons of the trigeminal ganglion, so the two cell types share ancestry because the ganglion neurons delaminate and differentiate directly from cranial neural crest cells (with an additional contribution from trigeminal placodes).",1
Cranial neural crest,Trigeminal placode,6.718711175554657,0.40743768898805427,33.35854561006686,0.0005849498315059036,0.0,9523,6546,,,
Cranial neural crest,Trigeminal sensory neuron,6.46197582228044,0.25251168595602813,14.4330306800723,0.00935153843380775,0.0,9523,3198,,,
Cranial neural crest,Trunk neural crest,6.747153715875143,0.3556526613188498,26.867768550790288,0.00016092762564118407,0.0,9523,6809,,,
Cranial neural crest,Vagal neural crest,7.025717890567254,0.6259209470833698,46.72570475252101,0.0019161937878475672,0.0,9523,4937,Cranial neural crest,"Both are neural crest populations delaminating from the dorsal neural folds/neural plate border, differing only in anteroposterior axial level (cranial vs. vagal), so they descend from a common premigratory neural crest progenitor pool along a continuous rostrocaudal domain.",1
Dermomyotome,Dermomyotome,9.500000000003249,-2.960594732333751e-15,-3.5523350659166667e-05,2.8188629679897487e-28,1.0,47263,47263,,,
Dermomyotome,Diencephalon,6.313667641479107,-0.35411704678451156,-48.18684757963896,0.0023833239657417506,0.0,47263,14353,,,
Dermomyotome,Dorsal root ganglion neuron,6.363899609383162,-0.07629259696734862,-2.9865408053403915,0.004135089675199587,0.09,47263,1179,,,
Dermomyotome,Dorsal root ganglion progenitor,6.419522002355824,-0.04054516522778773,-1.8333343410037262,0.006958915167287793,0.07,47263,921,,,
Dermomyotome,Endocardial cell,6.053140378258021,-0.3486074169727352,-18.670089010708406,0.0039727616656929305,0.0,47263,1558,,,
Dermomyotome,Endothelial cell,6.880869617070446,0.032413840034376896,3.4501633455414287,0.0018504129580145395,0.43,47263,9605,,,
Dermomyotome,Endothelial progenitor,7.230239659055246,0.5032105817002757,27.493994851529845,0.007463665340977569,0.0,47263,1988,Endothelial progenitor,"Both cell types descend from paraxial (somitic) mesoderm, where the central dermomyotome acts as a demonstrated multipotent progenitor pool that generates not only dermis and myotome but also angioblasts/endothelial progenitors contributing to trunk and limb vasculature (dermomyotomal endothelial lineage, Ben-Yair & Kalcheim).",2
Dermomyotome,Epibranchial placode,6.022963503807548,-0.2790498138066641,-22.20211232322076,0.001713633902804121,0.0,47263,3606,,,
Dermomyotome,Epibranchial sensory neuron,5.961010839149758,-0.30187290921497983,-13.488262619847655,0.0036241489220178416,0.0,47263,1270,,,
Dermomyotome,Epicardium,5.9713263999555215,-0.3867020657048365,-19.051386859474462,0.0024049613854043666,0.0,47263,1288,,,
Dermomyotome,Epidermal progenitor,6.28255228362717,-0.3196257141926946,-55.793941107396556,0.00019192791072340895,0.0,47263,24337,,,
Dermomyotome,Extraembryonic mesoderm,5.881360932850061,-0.49907946820602217,-43.93747165002237,0.0008988982302429489,0.0,47263,5300,,,
Dermomyotome,Eye field,6.261162039837565,-0.3509683353739999,-39.973644510671676,0.002313554521597161,0.0,47263,8896,,,
Dermomyotome,First heart field,5.9640957135826556,-0.4411978579412841,-21.44770874084359,0.00015355599573920196,0.0,47263,1531,,,
Dermomyotome,Floor plate,6.746747608232006,0.02918820894704351,3.412626952732985,0.00780982441394475,0.0,47263,16788,,,
Dermomyotome,Foregut,5.7124043494348955,-0.48987745059647764,-31.390135096103347,0.0025150103357095763,0.0,47263,2432,,,
Dermomyotome,Forelimb field,6.736954624695415,0.09844453134645399,16.544876966702066,0.0038343180339175187,0.0,47263,25891,,,
Dermomyotome,Frontonasal mesenchyme,6.3136943644814245,-0.32835852500179313,-55.91389778076978,0.0006362879628467211,0.0,47263,24672,,,
Dermomyotome,Head paraxial mesoderm,6.545977371810099,-0.06527751156556623,-12.022831938365181,0.001171325239611415,0.0,47263,32981,,,
Dermomyotome,Hematopoietic progenitor,5.399873286095303,-0.44072389406441675,-5.582551801920804,0.000997451459103257,0.0,47263,87,,,
Dermomyotome,Hemogenic endothelium,5.8375477852892255,-0.22588024374635504,-3.1829479939303855,0.012487775867754467,0.09,47263,141,,,
Dermomyotome,Hepatoblast,5.5838688288576135,-0.497257023186734,-22.523482058126064,0.007558259526747667,0.0,47263,1255,,,
Dermomyotome,Hindbrain (isthmic organizer),6.352158193860142,-0.2852623826239317,-21.68431332518333,0.00043850677237827404,0.0,47263,3921,,,
Dermomyotome,Hindbrain (r1),6.488568131992822,-0.278359781174873,-44.374524150124934,0.002885074784629138,0.0,47263,16440,,,
Dermomyotome,Hindbrain (r2-r4),6.688183767354556,-0.17757114360964424,-31.502091529998637,0.0013537372908853243,0.0,47263,26863,,,
Dermomyotome,Hindbrain (r5-r8),6.815587348647468,-0.07499241130741356,-12.20088386975449,0.0005608296363716445,0.0,47263,28972,,,
Dermomyotome,Hindgut,5.66300837344819,-0.487105518060142,-37.3723521782731,0.004239410791329897,0.0,47263,3029,,,
Dermomyotome,Hindlimb field,6.770985594857883,0.17569294197521992,17.21400198365888,0.002477661082330436,0.0,47263,6150,,,
Dermomyotome,Hypaxial myogenic progenitor,7.586082864143315,0.913512678979831,82.58541381311574,0.0020387057310097914,0.0,47263,5322,Dermomyotome; Hypaxial myogenic progenitor,"The hypaxial myogenic progenitors delaminate directly from the ventrolateral lip of the dermomyotome (the Pax3+ somitic dermomyotome), so both cell types derive from the same paraxial-mesoderm/dermomyotome progenitor pool.",1
Dermomyotome,Hypothalamic neuron,6.2281928008439955,-0.27303121806245123,-14.555694136907626,0.004621133788882715,0.0,47263,1528,,,
Dermomyotome,Hypothalamus,6.2832267646045805,-0.23379021636617114,-23.5319170665482,0.00228128534588257,0.0,47263,7652,,,
Dermomyotome,Intermediate mesoderm,7.524888665304971,0.7280897661286195,83.27793567046864,0.0003128767545228159,0.0,47263,10656,Dermomyotome; Intermediate mesoderm,"Both derive from adjacent mediolateral domains of nascent trunk mesoderm ingressing through the anterior/mid primitive streak (fed by the caudal NMP/posterior progenitor pool), so the dermomyotome (dorsal paraxial/somite derivative) and the immediately lateral intermediate mesoderm share recently divergent mesodermal progenitors.",2
Dermomyotome,Juxtacardiac field,6.009507865535233,-0.29768159989869564,-13.96454556090797,0.0011516877739463157,0.0,47263,1386,,,
Dermomyotome,Lens placode,6.048315310991518,-0.32508362191835616,-21.071272775979413,0.009618098800280693,0.0,47263,2811,,,
Dermomyotome,Macrophage,5.414702204131889,-0.5569815396420642,-22.588292317268298,0.0009360943698507509,0.0,47263,966,,,
Dermomyotome,Megakaryocyte,5.512490965415256,-0.5803859080918045,-15.774710703960752,0.00022594660140653664,0.0,47263,482,,,
Dermomyotome,Mesothelium,6.473306293284264,0.19419714069108393,4.68019236077392,0.005091749493341492,0.01,47263,346,,,
Dermomyotome,Midbrain,6.419760580879796,-0.3090978515957697,-48.62243691308381,0.0010503168549388987,0.0,47263,21466,,,
Dermomyotome,Midbrain neuron,6.379847547304087,-0.32045907592450923,-26.02590025714041,0.00021978356934896097,0.0,47263,4463,,,
Dermomyotome,Midgut,5.636791001367033,-0.5141031924068388,-27.85006101771853,0.000281209449894323,0.0,47263,1667,,,
Dermomyotome,Myotome,7.77964489980404,1.1072910193668835,69.2346433847693,0.003426495626834407,0.0,47263,2201,Dermomyotome; Myotome,"The myotome is directly derived from the dermomyotome, as Pax3+ myogenic progenitors delaminate from the dorsomedial and ventrolateral lips of the dermomyotome to form the differentiating myotome, so they share a direct progenitor-progeny somitic lineage.",1
Dermomyotome,Nascent somite,7.629610829035083,0.8837551350452392,82.6013144834125,0.005332425636888127,0.0,47263,6475,Dermomyotome; Nascent somite,"Nascent somites, which bud from paraxial/presomitic mesoderm, directly compartmentalize into the dorsal dermomyotome (and ventral sclerotome), so the dermomyotome is an immediate descendant of the somite and both derive from the same paraxial mesoderm progenitor pool.",1
Dermomyotome,Notochord,6.037684033341553,-0.19014768739763208,-8.720219205897587,0.009170675744508321,0.0,47263,956,,,
Dermomyotome,Olfactory placode,6.129743326176217,-0.3206359825202316,-32.35525515698683,0.0038204710070177507,0.0,47263,5872,,,
Dermomyotome,Olfactory sensory neuron,5.942177671608931,-0.3011068365632535,-7.594159299034646,0.004553572295460421,0.0,47263,389,,,
Dermomyotome,Otic placode,5.994132754874035,-0.32324271065794424,-20.038050668208772,0.0005535928377639265,0.0,47263,2365,,,
Dermomyotome,Otic sensory neuron,5.859993831952305,-0.3602892442890277,-14.55362286313219,0.014255107228967634,0.0,47263,974,,,
Dermomyotome,Periocular mesoderm,5.800091400419983,-0.33329373405637863,-16.253391579924354,0.0014959120474722443,0.0,47263,1739,,,
Dermomyotome,Pharyngeal arch mesenchyme,6.445404012478747,-0.29499689800043577,-59.014611978979424,2.3133216718942016e-06,0.0,47263,39085,,,
Dermomyotome,Pharyngeal endoderm,5.851156041676639,-0.4448001907343029,-36.94112042648515,0.001190940986041208,0.0,47263,5045,,,
Dermomyotome,Pharyngeal mesoderm,6.350677731955283,-0.15134266873833724,-16.570691395546927,0.007988109224861848,0.0,47263,7691,,,
Dermomyotome,Presomitic mesoderm,7.383088037038195,0.6209115761767124,73.25726517398937,0.0031352851227836364,0.0,47263,8521,,,
Dermomyotome,Primordial germ cell,4.805658204255344,-0.6718650548810317,-5.511807919131674,0.026497077692035916,0.0,31737,25,,,
Dermomyotome,Roof plate,6.631584700935446,-0.16521566906663843,-15.049010929243982,0.0009445718176414849,0.0,47263,6035,,,
Dermomyotome,Sacral neural crest,6.716486191572405,0.1982065097862525,11.33775328209916,0.0023983650598899398,0.0,47263,2156,,,
Dermomyotome,Sclerotome,8.166669424064166,1.2110102518609427,267.2223713926723,0.00585822508403911,0.0,47263,74334,Dermomyotome; Sclerotome,"Dermomyotome and sclerotome are the dorsal and ventral compartments of the somite, both derived from a common segmented paraxial mesoderm/somite progenitor that partitions under opposing dorsal Wnt/BMP-antagonist and ventral Shh (notochord/floor-plate) signals.",1
Dermomyotome,Second heart field,6.308109190314062,-0.21355900224732208,-22.840282786308588,0.0024506817498827437,0.0,47263,6952,,,
Dermomyotome,Somatic mesoderm,7.133761515219692,0.19412849370587595,43.2462144918536,0.003985598865891603,0.0,47263,66151,,,
Dermomyotome,Somatic motor neuron,6.9426393893687965,0.21012158895033087,21.25155983123093,0.0005034811276086698,0.0,47263,6559,,,
Dermomyotome,Spinal cord (cervical),6.974757891317009,0.038217736311464634,7.623695625660592,1.5051070090958262e-05,0.0,47263,41051,,,
Dermomyotome,Spinal cord (lumbar),7.26180803513643,0.4683691581901875,64.0652343170832,0.001375994147162172,0.0,47263,12722,,,
Dermomyotome,Spinal cord (sacral),7.24352828339691,0.5146730753923358,49.672798817056645,0.0011185789693283414,0.0,47263,5351,,,
Dermomyotome,Spinal cord (thoracic),7.165120443099106,0.2963998698276029,51.798745155414814,0.0015199896111436277,0.0,47263,35061,,,
Dermomyotome,Spinal cord interneuron,6.898134183772297,-0.11325457504970811,-14.123539833585193,0.0009970430536874006,0.0,47263,12470,,,
Dermomyotome,Splanchnic mesoderm,6.909384391690516,0.05635632501892177,8.30563354419126,0.007414410943445341,0.02,47263,21642,,,
Dermomyotome,Surface ectoderm,5.943825835735118,-0.32640125598381137,-20.584121457571218,0.0029394713956303904,0.0,47263,2649,,,
Dermomyotome,Telencephalon,6.401293288084806,-0.35069881736986047,-63.9020415151171,0.00020801744439805434,0.0,47263,34300,,,
Dermomyotome,Trigeminal ganglion neuron,6.134034587434434,-0.2715139640325859,-13.90759430676743,0.0013786688151145262,0.0,47263,1765,,,
Dermomyotome,Trigeminal placode,6.190045890353896,-0.3606034453598956,-36.059139910189906,0.0027028312972255547,0.0,47263,6546,,,
Dermomyotome,Trigeminal sensory neuron,6.140289201329048,-0.3056855309542499,-22.66915518951386,0.0006871598345551331,0.0,47263,3198,,,
Dermomyotome,Trunk neural crest,6.673613653741267,0.04444104539482385,4.161925671966355,0.00036504425545694756,0.0,47263,6809,,,
Dermomyotome,Vagal neural crest,6.550217905754359,-0.08889892009046196,-7.855857818021701,0.00033856748842715187,0.0,47263,4937,,,
Diencephalon,Diencephalon,9.500000000001174,-5.921189464667501e-16,-5.9261312465078496e-06,3.797050490463804e-28,1.0,14353,14353,,,
Diencephalon,Dorsal root ganglion neuron,5.963120387387704,-0.16553390906580093,-6.691083529923671,0.0031435054942282746,0.0,14353,1179,,,
Diencephalon,Dorsal root ganglion progenitor,5.98165729635588,-0.16309726411749814,-6.125554181310311,0.004481263392099935,0.0,14353,921,,,
Diencephalon,Endocardial cell,5.731571283624195,-0.35566832429215633,-19.062168102520108,0.00025552078191816793,0.0,14353,1558,,,
Diencephalon,Endothelial cell,6.068696582612188,-0.46495158462734815,-44.204362548154336,0.0003355899531429375,0.0,14353,9605,,,
Diencephalon,Endothelial progenitor,6.078289358992059,-0.3346548820710223,-18.917435697373936,0.0025315605472508353,0.0,14353,1988,,,
Diencephalon,Epibranchial placode,5.766549569302545,-0.21811267418161684,-14.449024340054264,0.002378543377065476,0.0,14353,3606,,,
Diencephalon,Epibranchial sensory neuron,5.734434700064289,-0.2137780717630736,-9.41299669054074,0.006470186103597453,0.0,14353,1270,,,
Diencephalon,Epicardium,5.6756990095162365,-0.36828107836945073,-16.509576688914716,0.0013407582590980753,0.0,14353,1288,,,
Diencephalon,Epidermal progenitor,5.943438483058709,-0.3420145281411762,-45.2922044299627,0.0031455431530827364,0.0,14353,24337,,,
Diencephalon,Extraembryonic mesoderm,5.669032801169472,-0.3970197688246702,-32.502981344932884,0.0010884243053513162,0.0,14353,5300,,,
Diencephalon,Eye field,7.381583887454215,1.0842456402006322,95.04756486981421,0.011067704644871144,0.0,14353,8896,Diencephalon; Eye field,"The eye field and diencephalon both arise from the same anterior neural plate/prosencephalic neuroectoderm, with the eye field originating as a specified domain within prospective diencephalon whose optic vesicles evaginate directly from the diencephalic wall, giving them a shared forebrain progenitor pool.",1
Diencephalon,First heart field,5.737668069019492,-0.35273620335609124,-18.225794099039543,5.987393799225024e-05,0.0,14353,1531,,,
Diencephalon,Floor plate,6.969728390405524,0.5676307706479813,63.255168187628385,0.014009034283439553,0.0,14353,16788,,,
Diencephalon,Foregut,5.495922184465338,-0.3912613975800732,-23.689557322978384,0.023702609010389473,0.0,14353,2432,,,
Diencephalon,Forelimb field,6.006311847895678,-0.3161278141814898,-40.52758343315279,0.0036103544458836595,0.0,14353,25891,,,
Diencephalon,Frontonasal mesenchyme,6.617272126898716,0.29120705135670494,37.8813928069256,0.0023316670851973305,0.0,14353,24672,,,
Diencephalon,Head paraxial mesoderm,5.9580484223623,-0.337211918606501,-48.05074065777742,0.00047791217153321535,0.0,14353,32981,,,
Diencephalon,Hematopoietic progenitor,5.180247537753888,-0.36076310783831494,-4.082066681023708,0.004168031248858051,0.0,14353,87,,,
Diencephalon,Hemogenic endothelium,5.452716125455602,-0.2887655551404036,-4.084141066821646,0.0018442126476406445,0.01,14353,141,,,
Diencephalon,Hepatoblast,5.451663947028486,-0.3143716920512191,-12.77466589245001,0.019114657529640724,0.0,14353,1255,,,
Diencephalon,Hindbrain (isthmic organizer),7.0528557497706155,0.7284749149967101,49.29299457692351,0.0015263922643860882,0.0,14353,3921,Hindbrain (isthmic organizer),"Both are dorsal CNS neuroectoderm derivatives that arise from the anterior neural plate/neural tube, so diencephalic (forebrain) and isthmic (midbrain–hindbrain boundary) progenitors descend from a shared anterior neuroectodermal progenitor pool during neurulation.",2
Diencephalon,Hindbrain (r1),7.117252151347365,0.6653779398615013,82.70201233554984,0.0021548500526247056,0.0,14353,16440,,,
Diencephalon,Hindbrain (r2-r4),6.907699434216117,0.3579972007799537,46.202569583373,0.003269673952133203,0.0,14353,26863,,,
Diencephalon,Hindbrain (r5-r8),6.760320935099688,0.1859163887250581,23.378940176915922,0.0033081495729914805,0.0,14353,28972,,,
Diencephalon,Hindgut,5.499974784811517,-0.3325240524109046,-21.900256766714122,0.003687225723363156,0.0,14353,3029,,,
Diencephalon,Hindlimb field,5.9758889500950225,-0.3048144943958411,-23.936136149587117,0.005833952830609008,0.0,14353,6150,,,
Diencephalon,Hypaxial myogenic progenitor,6.071477899263132,-0.2848313320533619,-24.228553059423177,0.0005533450807344954,0.0,14353,5322,,,
Diencephalon,Hypothalamic neuron,7.247582781063716,1.0644369590723155,51.51367442629542,0.004101146050684208,0.0,14353,1528,Diencephalon; Hypothalamic neuron,"The hypothalamus is a ventral subdivision of the diencephalon itself, so hypothalamic neurons arise directly from diencephalic (prosomere/ventral forebrain) neuroepithelial progenitors, making them essentially a regional sublineage of the diencephalon.",1
Diencephalon,Hypothalamus,7.240143544329103,1.0397483248148822,99.4846275164878,0.0034638632080296957,0.0,14353,7652,Hypothalamus,"The hypothalamus is the ventral subdivision of the diencephalon itself, so both cell types descend from the same prosomeric diencephalic neuroepithelium (prosomeres p1–p3 of the forebrain neural plate) and inevitably share recent common progenitors.",1
Diencephalon,Intermediate mesoderm,6.165739351947287,-0.3155413004007679,-32.09015580374737,0.010620725185045258,0.0,14353,10656,,,
Diencephalon,Juxtacardiac field,5.666898128556017,-0.3241127546471472,-16.57730205592393,0.007197712620763163,0.0,14353,1386,,,
Diencephalon,Lens placode,5.809405655751466,-0.24721635680152687,-13.913036916077568,0.015178807983707084,0.0,14353,2811,,,
Diencephalon,Macrophage,5.259696506633563,-0.3990143700897786,-14.998100690387849,0.004556457925971062,0.0,14353,966,,,
Diencephalon,Megakaryocyte,5.37071643381715,-0.40193250784500734,-10.788984424142525,0.010832190161460264,0.0,14353,482,,,
Diencephalon,Mesothelium,5.710536007002773,-0.2559143442599992,-5.834009362570143,0.0032605193329354374,0.0,14353,346,,,
Diencephalon,Midbrain,7.4899251169222865,1.0762440885221307,130.6369635269958,0.005687491281489971,0.0,14353,21466,Diencephalon; Midbrain,"The diencephalon and midbrain are adjacent anteroposterior compartments of the neural tube that both arise from the anterior neuroectoderm (neural plate) via shared prosencephalic/mesencephalic neural progenitors, so their close ancestry reflects a common early neural-plate origin.",1
Diencephalon,Midbrain neuron,7.750327482133353,1.3666258216507343,107.9076564562837,0.00940870494351484,0.0,14353,4463,Diencephalon; Midbrain neuron,"Both derive from the anterior neuroepithelium of the neural plate/tube, with the diencephalon (caudal forebrain) and mesencephalon being immediately adjacent prosomeric neighbors whose progenitors share recent common ancestry within the early anterior neuroectoderm.",1
Diencephalon,Midgut,5.461891610231561,-0.37245203626952517,-16.872437989179588,0.01822627505223813,0.0,14353,1667,,,
Diencephalon,Myotome,6.095252867489681,-0.26270713950654984,-14.344363776372441,0.0009273329994513274,0.0,14353,2201,,,
Diencephalon,Nascent somite,6.218399426161149,-0.20969018874746195,-17.190975416118583,0.001394889641922698,0.0,14353,6475,,,
Diencephalon,Notochord,5.64540090729781,-0.2649325443252186,-10.390099508158182,0.002088299430472057,0.0,14353,956,,,
Diencephalon,Olfactory placode,6.027689701140048,-0.10778116239378151,-9.751275001454056,0.0018426070530588687,0.0,14353,5872,,,
Diencephalon,Olfactory sensory neuron,5.761945732624461,-0.16355428028144559,-3.759452442014851,0.0015520310980374863,0.0,14353,389,,,
Diencephalon,Otic placode,5.733766356800679,-0.27015229930787904,-16.27612183529227,0.007052190638915772,0.0,14353,2365,,,
Diencephalon,Otic sensory neuron,5.613132280467369,-0.28900680542022084,-10.504346410369862,0.00979310760182161,0.0,14353,974,,,
Diencephalon,Periocular mesoderm,5.507466368474989,-0.30928743330804015,-15.320606137751277,0.021934742179776895,0.0,14353,1739,,,
Diencephalon,Pharyngeal arch mesenchyme,6.431158950443799,0.006925096643862538,0.8764145287911704,0.0007091943593509751,0.35,14353,39085,,,
Diencephalon,Pharyngeal endoderm,5.629037563136646,-0.3522309184650941,-28.902188974698134,0.009553303064199775,0.0,14353,5045,,,
Diencephalon,Pharyngeal mesoderm,5.816726756726677,-0.3701642143853758,-36.47181829452468,0.00601250344855165,0.0,14353,7691,,,
Diencephalon,Presomitic mesoderm,6.232806104314442,-0.21516075413516855,-21.20348788091086,0.0007853205679395522,0.0,14353,8521,,,
Diencephalon,Primordial germ cell,4.608214833110383,-0.5829735662409932,-4.584788156725986,0.007035012072289629,0.0,11282,25,,,
Diencephalon,Roof plate,6.503915299997889,0.02237809992955005,2.0255082487362315,0.00042468373672088593,0.72,14353,6035,,,
Diencephalon,Sacral neural crest,5.967120800342329,-0.23443676091341814,-11.568853453636416,0.00661841560908042,0.0,14353,2156,,,
Diencephalon,Sclerotome,6.281270680173293,-0.3577779325397996,-49.77467107113222,0.0018698690076385679,0.0,14353,74334,,,
Diencephalon,Second heart field,5.844741921936074,-0.3613302032961189,-32.323855387571534,0.0007344436119594536,0.0,14353,6952,,,
Diencephalon,Somatic mesoderm,6.18202592196042,-0.441779376435413,-62.771479177181625,0.003694272650753801,0.0,14353,66151,,,
Diencephalon,Somatic motor neuron,6.505322409172675,0.08933526861136147,8.128776251731784,0.010738033123277538,0.09,14353,6559,,,
Diencephalon,Spinal cord (cervical),6.672986995084067,0.052735090774797065,7.724313450009127,0.0072306500202520465,0.0,14353,41051,,,
Diencephalon,Spinal cord (lumbar),6.317161407452528,-0.16121976328772666,-17.09216669344985,0.0003050569402172936,0.0,14353,12722,,,
Diencephalon,Spinal cord (sacral),6.227854913551629,-0.1863719730510581,-13.721335682276859,0.000991552206122198,0.0,14353,5351,,,
Diencephalon,Spinal cord (thoracic),6.477321666308921,-0.07650318581439179,-8.99955417301185,0.002293933566303168,0.0,14353,35061,,,
Diencephalon,Spinal cord interneuron,6.896210516820129,0.2012301541707071,19.401467770078522,0.0035311155166753063,0.0,14353,12470,,,
Diencephalon,Splanchnic mesoderm,6.075367189561692,-0.4625005832103953,-54.16411315124032,0.005412417762318161,0.0,14353,21642,,,
Diencephalon,Surface ectoderm,5.692391915229059,-0.26309500899318,-15.55153388022458,0.003498447838495946,0.0,14353,2649,,,
Diencephalon,Telencephalon,7.658026653542794,1.2218553681467592,169.55424981808142,0.003410390900817871,0.0,14353,34300,Diencephalon; Telencephalon,"The diencephalon and telencephalon are both prosencephalon (forebrain) derivatives arising from a common pool of anterior neural plate/neuroectoderm progenitors, so their strong shared ancestry simply reflects their origin from the same regionalized forebrain neuroepithelium.",1
Diencephalon,Trigeminal ganglion neuron,6.026493716620153,-0.06270716012976803,-3.041555843706449,0.008563288402812497,0.2,14353,1765,,,
Diencephalon,Trigeminal placode,6.022587465326205,-0.21216646192183072,-16.915502789231933,0.0023366982820957533,0.0,14353,6546,,,
Diencephalon,Trigeminal sensory neuron,5.919719661403614,-0.21044367296250854,-13.119702551235747,0.005491295228781716,0.0,14353,3198,,,
Diencephalon,Trunk neural crest,6.097422683768783,-0.21635357945446407,-17.84948147194561,0.0015231770675686546,0.0,14353,6809,,,
Diencephalon,Vagal neural crest,6.15314004420544,-0.1709849302197505,-12.02613909765284,0.00043608046991558375,0.0,14353,4937,,,
Dorsal root ganglion neuron,Dorsal root ganglion neuron,9.500000000012589,-1.7171449447535753e-14,-0.00017168389228566666,1.682903264471492e-29,1.0,1179,1179,,,
Dorsal root ganglion neuron,Dorsal root ganglion progenitor,7.7053975640893215,1.784412759090599,54.44810115617761,0.004337239672550923,0.0,1179,921,Dorsal root ganglion neuron; Dorsal root ganglion progenitor,"Dorsal root ganglion neurons differentiate directly from dorsal root ganglion progenitors (neural crest–derived sensory neuroblasts), so they share ancestry through an immediate precursor-to-product lineage relationship within the trunk neural crest.",1
Dorsal root ganglion neuron,Endocardial cell,5.707523213165781,-0.15427226228808255,-5.986205393582792,3.224157364898971e-05,0.0,1179,1558,,,
Dorsal root ganglion neuron,Endothelial cell,6.141571194744354,-0.16509333609638718,-7.331116949899756,0.00013472641659605013,0.0,1179,9605,,,
Dorsal root ganglion neuron,Endothelial progenitor,6.154195290082332,-0.03298210937204319,-1.1714950568269868,0.004299052975937443,0.15,1179,1988,,,
Dorsal root ganglion neuron,Epibranchial placode,5.987479771565661,0.22462154417143557,8.035224754049906,0.005780762765747627,0.0,1179,3606,,,
Dorsal root ganglion neuron,Epibranchial sensory neuron,5.860856970799389,0.1358376802639881,4.224359627597519,0.015689675698801534,0.95,1179,1270,,,
Dorsal root ganglion neuron,Epicardium,5.708709137765157,-0.10914103777732424,-3.8246397324488073,0.0006962022009429467,0.0,1179,1288,,,
Dorsal root ganglion neuron,Epidermal progenitor,6.274841755131805,0.2141560034424043,8.957287545934353,0.0038101537298636697,0.0,1179,24337,,,
Dorsal root ganglion neuron,Extraembryonic mesoderm,5.671587020143757,-0.16818320218230198,-8.463566545182708,0.005887183461759109,0.0,1179,5300,,,
Dorsal root ganglion neuron,Eye field,5.921626274194272,-0.14995085859580767,-6.309758610050945,0.006682995409191535,0.01,1179,8896,,,
Dorsal root ganglion neuron,First heart field,5.700260475945226,-0.16428369586367383,-6.519249648469862,0.0006788276634136674,0.0,1179,1531,,,
Dorsal root ganglion neuron,Floor plate,5.760499519557108,-0.4165972292722584,-16.45002932585898,0.0016378395687396197,0.0,1179,16788,,,
Dorsal root ganglion neuron,Foregut,5.340403120379482,-0.3193045033721891,-12.970713395644287,0.003064742524900605,0.0,1179,2432,,,
Dorsal root ganglion neuron,Forelimb field,6.071206877518841,-0.026516495771550908,-1.2593451939586715,0.0030930403122408725,0.67,1179,25891,,,
Dorsal root ganglion neuron,Frontonasal mesenchyme,6.246299110914941,0.14774337995994044,6.383351035590902,0.0021070901131756627,0.0,1179,24672,,,
Dorsal root ganglion neuron,Head paraxial mesoderm,5.865295787607953,-0.20565283090661404,-9.954985276983903,0.0010862132755799694,0.0,1179,32981,,,
Dorsal root ganglion neuron,Hematopoietic progenitor,5.105529649080503,-0.20158076128249677,-2.2383932010764074,0.0029726921824814456,0.06,1179,87,,,
Dorsal root ganglion neuron,Hemogenic endothelium,5.530666642448985,0.009958823142065457,0.25667785280610544,0.00594890741536272,0.57,1179,141,,,
Dorsal root ganglion neuron,Hepatoblast,5.260871239615342,-0.2774458143195388,-8.117525840361761,0.0033131195435899107,0.0,1179,1255,,,
Dorsal root ganglion neuron,Hindbrain (isthmic organizer),5.9521082079370595,-0.14684643183644486,-5.21708115073309,0.009459200673093186,0.0,1179,3921,,,
Dorsal root ganglion neuron,Hindbrain (r1),6.162975712790181,-0.0636008514770241,-2.2284122781675753,0.004212976144212874,1.0,1179,16440,,,
Dorsal root ganglion neuron,Hindbrain (r2-r4),6.342033266122883,0.014677678344561981,1.193580499280861,0.005763961788863148,0.22,1179,26863,,,
Dorsal root ganglion neuron,Hindbrain (r5-r8),6.646551107269494,0.29729420117511235,12.988755409799586,0.005958190809831863,0.0,1179,28972,,,
Dorsal root ganglion neuron,Hindgut,5.344892686710629,-0.26388152404400006,-10.193219312011438,0.008719111394929072,0.0,1179,3029,,,
Dorsal root ganglion neuron,Hindlimb field,6.228384623176321,0.17272827431442117,6.762782450395744,0.014177782914154963,0.15,1179,6150,,,
Dorsal root ganglion neuron,Hypaxial myogenic progenitor,6.003730108569743,-0.13065246542485168,-5.49599239703985,1.3530378345738058e-05,0.0,1179,5322,,,
Dorsal root ganglion neuron,Hypothalamic neuron,5.624209507808266,-0.3340052009258014,-11.939078899155389,0.003859395549088928,0.0,1179,1528,,,
Dorsal root ganglion neuron,Hypothalamus,5.669167364709988,-0.3068823863459193,-12.595292174121191,0.00501167807554543,0.0,1179,7652,,,
Dorsal root ganglion neuron,Intermediate mesoderm,6.40219747350791,0.14810050646523987,6.4060861408912055,0.002179048235396607,0.0,1179,10656,,,
Dorsal root ganglion neuron,Juxtacardiac field,5.663962413586543,-0.1001533331239397,-3.772859060765322,0.0011927274715579424,0.04,1179,1386,,,
Dorsal root ganglion neuron,Lens placode,5.9352682037425195,0.10662890395247349,4.3495082828807865,0.018329704999330478,0.29,1179,2811,,,
Dorsal root ganglion neuron,Macrophage,5.174524456884451,-0.2577677484713951,-7.245019858546243,0.0020725834729013745,0.0,1179,966,,,
Dorsal root ganglion neuron,Megakaryocyte,5.334796301072643,-0.21149351546831063,-4.9481238834435155,0.016760029086568137,0.18,1179,482,,,
Dorsal root ganglion neuron,Mesothelium,5.710391832339549,-0.027731297541521666,-0.4550985838717007,0.002489527596445997,0.72,1179,346,,,
Dorsal root ganglion neuron,Midbrain,6.070854731321148,-0.11730663497759537,-5.090229271719587,0.0014129773396432687,0.0,1179,21466,,,
Dorsal root ganglion neuron,Midbrain neuron,6.066708671108583,-0.09079058156936674,-3.6315084440644783,0.0016819022834794642,0.07,1179,4463,,,
Dorsal root ganglion neuron,Midgut,5.357230716277447,-0.25230018987737984,-10.43479141157428,0.007259970306191263,0.0,1179,1667,,,
Dorsal root ganglion neuron,Myotome,5.929216037505436,-0.20063353470349052,-7.034153993668004,0.0056484742299748635,0.0,1179,2201,,,
Dorsal root ganglion neuron,Nascent somite,6.329821174176601,0.12550576656889265,6.072652998884213,0.01130724052066903,0.9,1179,6475,,,
Dorsal root ganglion neuron,Notochord,5.452370956447986,-0.2398891547774659,-7.689900196400635,0.016442487090511625,0.0,1179,956,,,
Dorsal root ganglion neuron,Olfactory placode,6.034116182157139,0.12616156184716734,5.333149821474148,0.015665728958676635,0.1,1179,5872,,,
Dorsal root ganglion neuron,Olfactory sensory neuron,5.714242260958517,0.01344208321570702,0.45703404929864694,0.0064585937849904965,0.94,1179,389,,,
Dorsal root ganglion neuron,Otic placode,5.9858450283261675,0.21007783889172416,7.835202738488039,0.004172431036947714,0.0,1179,2365,,,
Dorsal root ganglion neuron,Otic sensory neuron,5.789242415291322,0.11139867380502988,3.19951943153197,0.007853652065727221,0.39,1179,974,,,
Dorsal root ganglion neuron,Periocular mesoderm,5.353577724260067,-0.24103786563630494,-8.974303604625826,8.223559951201172e-05,0.0,1179,1739,,,
Dorsal root ganglion neuron,Pharyngeal arch mesenchyme,6.617057492820549,0.4171816098076029,16.12859953367565,0.004383711335843562,0.0,1179,39085,,,
Dorsal root ganglion neuron,Pharyngeal endoderm,5.475466448148251,-0.27892201036056835,-12.660711084576874,0.007050077907424532,0.0,1179,5045,,,
Dorsal root ganglion neuron,Pharyngeal mesoderm,5.763333949795911,-0.19875739860840547,-9.423629347400489,0.001293818394536069,0.0,1179,7691,,,
Dorsal root ganglion neuron,Presomitic mesoderm,6.404703223216381,0.18466970666855786,8.408113524433146,0.0058776156543707166,0.0,1179,8521,,,
Dorsal root ganglion neuron,Primordial germ cell,4.564460437150682,-0.3643506160294727,-3.048452703924521,0.0008069303076468665,0.02,660,25,,,
Dorsal root ganglion neuron,Roof plate,7.026975869120098,0.7727413792286232,27.511723424203666,0.0011172356925232526,0.0,1179,6035,,,
Dorsal root ganglion neuron,Sacral neural crest,6.677121139626196,0.7021060712123708,22.769107767093384,0.03095430538925028,0.0,1179,2156,,,
Dorsal root ganglion neuron,Sclerotome,6.229850770009999,-0.18518921561914561,-8.466745261111713,0.0003095958081032989,0.0,1179,74334,,,
Dorsal root ganglion neuron,Second heart field,5.851961133691598,-0.12843893893489877,-6.052299421158845,0.0010190908944143501,0.0,1179,6952,,,
Dorsal root ganglion neuron,Somatic mesoderm,6.457052544550798,0.055264495567346174,2.6047873850227043,0.0031246963396027987,0.38,1179,66151,,,
Dorsal root ganglion neuron,Somatic motor neuron,5.962795432645621,-0.2309548588780812,-8.48676398713217,0.00800487132080673,0.0,1179,6559,,,
Dorsal root ganglion neuron,Spinal cord (cervical),7.06050535072804,0.6652266333436033,30.874703817821466,0.0036864834880218993,0.0,1179,41051,,,
Dorsal root ganglion neuron,Spinal cord (lumbar),6.516981665771737,0.26467742845658354,11.228287121556065,0.0032880696859937403,0.0,1179,12722,,,
Dorsal root ganglion neuron,Spinal cord (sacral),6.380528981020153,0.18993425092172492,7.528058542675716,0.0019784595317597926,0.0,1179,5351,,,
Dorsal root ganglion neuron,Spinal cord (thoracic),6.848561304136528,0.5202860331819673,21.71007694762824,0.01731920942307022,0.0,1179,35061,,,
Dorsal root ganglion neuron,Spinal cord interneuron,6.807790962312418,0.3387026504326605,13.837486714039358,0.0018671701555490398,0.0,1179,12470,,,
Dorsal root ganglion neuron,Splanchnic mesoderm,6.305113012003537,-0.008518321303227161,-0.4319261945335661,0.0014346899090586945,0.31,1179,21642,,,
Dorsal root ganglion neuron,Surface ectoderm,5.7561654209862745,0.029281268928143273,1.016696849253826,0.002023465090269133,0.59,1179,2649,,,
Dorsal root ganglion neuron,Telencephalon,6.1510857357651325,-0.057955713145167564,-2.6862662739458187,0.0022419006023339043,0.68,1179,34300,,,
Dorsal root ganglion neuron,Trigeminal ganglion neuron,6.138838658755127,0.2761501483240248,9.463533301952378,0.016763992805647936,0.0,1179,1765,,,
Dorsal root ganglion neuron,Trigeminal placode,6.2054637757448425,0.1957583893482099,7.588962900189437,0.004985745079663284,0.0,1179,6546,,,
Dorsal root ganglion neuron,Trigeminal sensory neuron,6.025690352277723,0.11938425253159313,3.9510025583105777,0.026462859812399618,0.21,1179,3198,,,
Dorsal root ganglion neuron,Trunk neural crest,7.6348778446136905,1.5470034225937377,66.36949044070978,0.015430498029751508,0.0,1179,6809,Dorsal root ganglion neuron; Trunk neural crest,"Dorsal root ganglion sensory neurons are direct derivatives of trunk neural crest cells, which delaminate from the dorsal neural tube, migrate ventrally, and coalesce to form DRG, so the two share a common neural crest progenitor lineage.",1
Dorsal root ganglion neuron,Vagal neural crest,7.740314422262472,1.644352680657961,66.9542367995874,0.005047941146255371,0.0,1179,4937,Dorsal root ganglion neuron; Vagal neural crest,Both derive from the common neural crest lineage delaminating from the dorsal neural tube—DRG sensory neurons from trunk-level crest and vagal neural crest from anterior somite levels—so they trace back to a shared premigratory neural crest progenitor pool.,2
Dorsal root ganglion progenitor,Dorsal root ganglion progenitor,9.500000000147836,-2.960594732333751e-15,-2.36851778635e-05,3.2921795111223562e-28,1.0,921,921,,,
Dorsal root ganglion progenitor,Endocardial cell,5.752548872791557,-0.12598473073833252,-4.767137199070029,0.00430284462357973,0.14,921,1558,,,
Dorsal root ganglion progenitor,Endothelial cell,6.18591569865801,-0.13894215688191647,-5.631745216681181,0.0041060026656633865,0.0,921,9605,,,
Dorsal root ganglion progenitor,Endothelial progenitor,6.197914825650865,-0.005574839375333281,-0.11460819557596362,0.004910767882153729,0.21,921,1988,,,
Dorsal root ganglion progenitor,Epibranchial placode,6.0679182250572055,0.2876144861281036,9.721862724799141,0.0001838776395255912,0.0,921,3606,,,
Dorsal root ganglion progenitor,Epibranchial sensory neuron,5.939985221306468,0.20249590109953264,5.805156827958858,0.016071582555815714,0.15,921,1270,,,
Dorsal root ganglion progenitor,Epicardium,5.751006894692648,-0.08361491430351038,-2.8728226666309618,0.002610386152413281,0.44,921,1288,,,
Dorsal root ganglion progenitor,Epidermal progenitor,6.342680710555289,0.2636003480646994,9.86431542101032,0.0021645121724890087,0.0,921,24337,,,
Dorsal root ganglion progenitor,Extraembryonic mesoderm,5.730363426572279,-0.1265085919006473,-5.827838693667573,0.014318913491850193,0.95,921,5300,,,
Dorsal root ganglion progenitor,Eye field,5.944605675194995,-0.14482544292806043,-5.577765602616573,0.01040564936401676,0.2,921,8896,,,
Dorsal root ganglion progenitor,First heart field,5.750336970061293,-0.13115104868283792,-5.003345028112284,0.002563000246853773,0.0,921,1531,,,
Dorsal root ganglion progenitor,Floor plate,5.783479015283281,-0.40922437795178074,-14.604786434399537,0.001575131200014822,0.0,921,16788,,,
Dorsal root ganglion progenitor,Foregut,5.366980308948676,-0.31345214808383187,-11.72865233010055,0.010219550609779702,0.0,921,2432,,,
Dorsal root ganglion progenitor,Forelimb field,6.1004050746257485,-0.013529267950844748,-0.7223380576102306,0.002940790385345902,0.29,921,25891,,,
Dorsal root ganglion progenitor,Frontonasal mesenchyme,6.269750294156148,0.15281129814950875,6.0678527628833185,0.0017051826013203962,0.0,921,24672,,,
Dorsal root ganglion progenitor,Head paraxial mesoderm,5.863870351694165,-0.22493798721542824,-9.169630710838833,0.00418863878567108,0.0,921,32981,,,
Dorsal root ganglion progenitor,Hematopoietic progenitor,5.17344652997678,-0.14813167622102044,-1.7459664731436264,0.009681499867700486,0.65,921,87,,,
Dorsal root ganglion progenitor,Hemogenic endothelium,5.592162586045511,0.057904826699229694,0.8205755057990366,0.002038300210869628,0.89,921,141,,,
Dorsal root ganglion progenitor,Hepatoblast,5.299718594628799,-0.2605996192013779,-6.9979227554176235,0.005139763914437628,0.0,921,1255,,,
Dorsal root ganglion progenitor,Hindbrain (isthmic organizer),5.986238175809288,-0.1288811243000909,-4.23428871500628,0.012354784597168952,0.02,921,3921,,,
Dorsal root ganglion progenitor,Hindbrain (r1),6.1925502320948835,-0.0515909887523763,-1.6991038233886293,0.012936369611989977,0.08,921,16440,,,
Dorsal root ganglion progenitor,Hindbrain (r2-r4),6.405948962035603,0.06341152045325178,3.1007438116924297,0.013304938938873266,0.03,921,26863,,,
Dorsal root ganglion progenitor,Hindbrain (r5-r8),6.638138514385784,0.2702139781284689,10.820208894237071,0.012754278604492252,0.0,921,28972,,,
Dorsal root ganglion progenitor,Hindgut,5.332011226581751,-0.2962210978228817,-10.543965741210798,0.01929197770554535,0.0,921,3029,,,
Dorsal root ganglion progenitor,Hindlimb field,6.299097617364873,0.22540422585422615,8.094039846685439,0.011953102296128193,0.0,921,6150,,,
Dorsal root ganglion progenitor,Hypaxial myogenic progenitor,6.025487506920101,-0.1219304104411408,-4.662392947135796,0.0012534296794889292,0.0,921,5322,,,
Dorsal root ganglion progenitor,Hypothalamic neuron,5.668643880060052,-0.30743160123667224,-8.861154220107812,0.005594358460379242,0.0,921,1528,,,
Dorsal root ganglion progenitor,Hypothalamus,5.713653321038078,-0.27780102041520305,-10.356110115400536,0.015652110569819647,0.0,921,7652,,,
Dorsal root ganglion progenitor,Intermediate mesoderm,6.440787680266136,0.16404904675542653,5.891548955826529,0.017277800350869482,0.06,921,10656,,,
Dorsal root ganglion progenitor,Juxtacardiac field,5.721331411639176,-0.06214232587475207,-2.18733545787191,0.003175987648670309,0.96,921,1386,,,
Dorsal root ganglion progenitor,Lens placode,6.003670678996546,0.1573678966713604,5.158915373088214,0.026459665233212217,0.13,921,2811,,,
Dorsal root ganglion progenitor,Macrophage,5.258503929916558,-0.18990347374406902,-5.736862486188286,0.017917257127894624,0.43,921,966,,,
Dorsal root ganglion progenitor,Megakaryocyte,5.3977569450675125,-0.1635989916699847,-3.712803653291362,0.012281706560551803,0.09,921,482,,,
Dorsal root ganglion progenitor,Mesothelium,5.7523136501969665,-0.006561956566569549,-0.01710705891393549,0.0012053584579135267,0.77,921,346,,,
Dorsal root ganglion progenitor,Midbrain,6.065475645084384,-0.13888969040590915,-6.114140535157078,0.005635794016490239,0.0,921,21466,,,
Dorsal root ganglion progenitor,Midbrain neuron,6.0565901951867,-0.1212279098891041,-4.306860201063173,0.0014568964507234478,0.0,921,4463,,,
Dorsal root ganglion progenitor,Midgut,5.368502649164237,-0.2597182273658592,-9.41542201344147,0.01405190302636412,0.0,921,1667,,,
Dorsal root ganglion progenitor,Myotome,5.91876329153873,-0.23428323273132592,-8.162730241591781,0.0015860743482192156,0.0,921,2201,,,
Dorsal root ganglion progenitor,Nascent somite,6.40464766159869,0.18097764719881937,6.388360387205342,0.002739217379220204,0.0,921,6475,,,
Dorsal root ganglion progenitor,Notochord,5.472143592818454,-0.2321020850826884,-7.11954013943253,0.009141135891580257,0.0,921,956,,,
Dorsal root ganglion progenitor,Olfactory placode,6.112923474348999,0.18618942204855404,6.730468386379061,0.007405086377157853,0.0,921,5872,,,
Dorsal root ganglion progenitor,Olfactory sensory neuron,5.80489841227513,0.08484795490705939,1.9406931309522903,0.0035601696332582607,0.73,921,389,,,
Dorsal root ganglion progenitor,Otic placode,6.058869059415938,0.26520150773988327,7.856966926321722,0.002574747369482357,0.0,921,2365,,,
Dorsal root ganglion progenitor,Otic sensory neuron,5.886100472916708,0.1915332284007487,5.403993716311582,0.01311636327010901,0.01,921,974,,,
Dorsal root ganglion progenitor,Periocular mesoderm,5.433911313297959,-0.17204678883514082,-5.741258392062879,0.0031218892046286956,0.01,921,1739,,,
Dorsal root ganglion progenitor,Pharyngeal arch mesenchyme,6.613385237699526,0.39665116672572126,16.197830038524938,0.004129206929129934,0.0,921,39085,,,
Dorsal root ganglion progenitor,Pharyngeal endoderm,5.5433330048097895,-0.22989942793195883,-10.37225125959045,0.020378880873589456,0.0,921,5045,,,
Dorsal root ganglion progenitor,Pharyngeal mesoderm,5.801876998059214,-0.17730924181238125,-8.104106906123851,0.002530586390039241,0.0,921,7691,,,
Dorsal root ganglion progenitor,Presomitic mesoderm,6.476433730074821,0.23762023441357125,8.416084924974237,0.00282236969099809,0.0,921,8521,,,
Dorsal root ganglion progenitor,Primordial germ cell,4.68255446993649,-0.28827103109723407,-1.8331544612823318,0.06424305510397214,0.35,515,25,,,
Dorsal root ganglion progenitor,Roof plate,7.148935899315389,0.8746894354198483,28.540610216658454,0.00041582541854391105,0.0,921,6035,Roof plate,"Both cell types derive from the dorsal-most neural tube / neural plate border, where premigratory trunk neural crest (which gives rise to DRG progenitors) delaminates from the same dorsal neuroepithelium that forms the roof plate, so they share a common dorsal progenitor pool.",2
Dorsal root ganglion progenitor,Sacral neural crest,6.82073254092947,0.8263779577135439,24.137525650605962,0.028688894139253473,0.0,921,2156,,,
Dorsal root ganglion progenitor,Sclerotome,6.273075260694874,-0.1609975034228679,-6.377775938441835,0.005176252096439097,0.0,921,74334,,,
Dorsal root ganglion progenitor,Second heart field,5.916138197889807,-0.08209789545080841,-3.7548056831967216,0.006890171745183714,0.57,921,6952,,,
Dorsal root ganglion progenitor,Somatic mesoderm,6.536391253985719,0.12166977493722501,4.460230064692843,0.010238099924164683,0.76,921,66151,,,
Dorsal root ganglion progenitor,Somatic motor neuron,6.013649327437712,-0.19479208221729008,-6.639591808982338,0.003276084466149328,0.0,921,6559,,,
Dorsal root ganglion progenitor,Spinal cord (cervical),7.12296260082337,0.7117739425329536,24.41018859122131,0.0060969734811112865,0.0,921,41051,,,
Dorsal root ganglion progenitor,Spinal cord (lumbar),6.588999591219637,0.3167827045091582,11.45517662343415,0.010594237249799278,0.0,921,12722,,,
Dorsal root ganglion progenitor,Spinal cord (sacral),6.46008955729097,0.2546438766306416,8.899725615195235,0.009218784966710279,0.0,921,5351,,,
Dorsal root ganglion progenitor,Spinal cord (thoracic),7.018548352952448,0.6709531559529864,24.532820789771026,0.003297023574689877,0.0,921,35061,,,
Dorsal root ganglion progenitor,Spinal cord interneuron,6.883585445160425,0.3937832279885223,14.55259414940736,0.006472557541730356,0.0,921,12470,,,
Dorsal root ganglion progenitor,Splanchnic mesoderm,6.35567324500655,0.027011260956649963,0.7747861483397416,0.007844223637870107,0.01,921,21642,,,
Dorsal root ganglion progenitor,Surface ectoderm,5.839975111105431,0.09302196331438466,3.1927763556848556,0.0009417913562774305,0.06,921,2649,,,
Dorsal root ganglion progenitor,Telencephalon,6.193856159463306,-0.035629245510620855,-1.5278452569971142,0.00629186448837705,0.2,921,34300,,,
Dorsal root ganglion progenitor,Trigeminal ganglion neuron,6.1301595282374395,0.24931748786991825,7.418032391662405,0.0005297069292425001,0.0,921,1765,,,
Dorsal root ganglion progenitor,Trigeminal placode,6.304092924310445,0.2739196773814901,9.28880206916761,0.004942785329352774,0.0,921,6546,,,
Dorsal root ganglion progenitor,Trigeminal sensory neuron,6.066729797594401,0.14417742704104194,4.582045067343169,0.012020255036441826,0.09,921,3198,,,
Dorsal root ganglion progenitor,Trunk neural crest,7.898655679179676,1.7943697787861952,62.719348738322985,0.001833853060743752,0.0,921,6809,Dorsal root ganglion progenitor; Trunk neural crest,"Dorsal root ganglion progenitors are a direct derivative of trunk neural crest, which delaminates from the dorsal neural tube and migrates ventrally to form the sensory DRG neurons and glia, so the two cell types share a recent common neural-crest progenitor.",1
Dorsal root ganglion progenitor,Vagal neural crest,7.827937441757542,1.7101353239007133,64.17701631781462,0.005870320484698787,0.0,921,4937,Dorsal root ganglion progenitor; Vagal neural crest,"Dorsal root ganglion progenitors and vagal neural crest both arise from the common premigratory neural crest lineage delaminating from the dorsal neural tube, with vagal (anterior) and trunk-level crest representing contiguous positions along the same axial progenitor pool.",2
Endocardial cell,Endocardial cell,9.499999999998378,7.105427357601002e-15,6.512624807717451e-05,4.1020767071492614e-29,1.0,1558,1558,,,
Endocardial cell,Endothelial cell,6.465573500625504,0.19828390067363197,10.824228375423148,0.00012373595349634414,0.0,1558,9605,,,
Endocardial cell,Endothelial progenitor,6.165958027740661,0.018463283217111954,1.0121305937754135,0.0031930972296215676,0.73,1558,1988,,,
Endocardial cell,Epibranchial placode,5.673142391748993,-0.04826548665315785,-1.8218727352802313,0.0030213824820618258,0.8,1558,3606,,,
Endocardial cell,Epibranchial sensory neuron,5.65736586022133,-0.02546787102971404,-0.8336216433524605,0.0016424092254937476,0.35,1558,1270,,,
Endocardial cell,Epicardium,6.4248304957074085,0.6491867136966502,30.464046673338668,0.005295428222624217,0.0,1558,1288,Endocardial cell; Epicardium,"Endocardial cells and epicardium both derive from cardiogenic lateral plate mesoderm (juxta-cardiac field/proepicardial region), where a common Nkx2.5/Isl1-lineage cardiac mesodermal progenitor pool gives rise to both the endothelial lining and the epicardial covering of the developing heart, explaining their shared recent ancestry.",2
Endocardial cell,Epidermal progenitor,5.9582456578483844,-0.06272283744753111,-3.0306124939332455,0.007870556258306084,0.03,1558,24337,,,
Endocardial cell,Extraembryonic mesoderm,6.153199443383603,0.3526233941100922,20.40376027498554,5.7432246098645485e-05,0.0,1558,5300,Extraembryonic mesoderm,"Endocardium and extraembryonic (yolk-sac) mesoderm both arise from Mesp1⁺ early/posterior primitive-streak mesoderm and specifically share a common pool of early angioblast/hemangioblast endothelial progenitors, so their endothelial descendants retain recent common ancestry.",3
Endocardial cell,Eye field,5.704305146264399,-0.32773359926572176,-17.85792067114167,0.001010857931376143,0.0,1558,8896,,,
Endocardial cell,First heart field,6.65998671766739,0.8345298274177321,41.22609813800235,0.012054170567829975,0.0,1558,1531,Endocardial cell; First heart field,"Endocardial cells and first-heart-field myocardium both descend from Mesp1+/Nkx2-5+ multipotent cardiovascular progenitors in the cardiac crescent, which are known to be bipotent for endocardial and myocardial fates.",2
Endocardial cell,Floor plate,5.7580984306708105,-0.3803100555525794,-17.691354105033298,0.003463793547225026,0.0,1558,16788,,,
Endocardial cell,Foregut,5.667821413880032,0.04734610240761287,2.0169429227718734,0.010741973804130492,0.11,1558,2432,,,
Endocardial cell,Forelimb field,5.962356827138936,-0.09715173397086267,-5.228328260385207,0.009659692786728746,0.37,1558,25891,,,
Endocardial cell,Frontonasal mesenchyme,5.818228963041386,-0.2429967126746749,-12.882402133511759,0.004965716428737598,0.0,1558,24672,,,
Endocardial cell,Head paraxial mesoderm,6.246860680704664,0.21719524226913745,12.056610833521205,0.00032373924292594344,0.0,1558,32981,,,
Endocardial cell,Hematopoietic progenitor,5.260426193793447,-0.01226586829552693,-0.14994653337283526,0.007862274431512335,0.37,1558,87,,,
Endocardial cell,Hemogenic endothelium,5.505545071517722,0.022540114516230503,0.6193938395659397,0.00867375774120537,0.22,1558,141,,,
Endocardial cell,Hepatoblast,5.435662523174631,-0.0653579317370389,-3.03300097459325,0.00825598978276602,0.45,1558,1255,,,
Endocardial cell,Hindbrain (isthmic organizer),5.718009528238295,-0.3413812335147508,-15.748852899583225,0.0006287695871037484,0.0,1558,3921,,,
Endocardial cell,Hindbrain (r1),5.784883729351418,-0.40226016192901753,-20.17948545483767,0.0012999422717562504,0.0,1558,16440,,,
Endocardial cell,Hindbrain (r2-r4),5.85042552775933,-0.43547147948690973,-22.678502486099983,0.0004616616282657533,0.0,1558,26863,,,
Endocardial cell,Hindbrain (r5-r8),5.847749670728336,-0.4634816148266457,-24.528192749407722,0.0003050832290800616,0.0,1558,28972,,,
Endocardial cell,Hindgut,5.628268877233066,0.05798078910989505,2.2011589790526154,0.015184367741994331,0.0,1558,3029,,,
Endocardial cell,Hindlimb field,5.879075011619743,-0.1390279593699537,-6.155769283975007,0.005278245506788759,0.02,1558,6150,,,
Endocardial cell,Hypaxial myogenic progenitor,5.9435675916500985,-0.14760886175098076,-7.252691240105039,0.0006784318747333452,0.0,1558,5322,,,
Endocardial cell,Hypothalamic neuron,5.658534318845697,-0.2615474278390926,-10.783868128362341,0.005145511015377489,0.0,1558,1528,,,
Endocardial cell,Hypothalamus,5.6833205107959515,-0.2514201639414792,-12.456632604684401,0.003873393910150704,0.0,1558,7652,,,
Endocardial cell,Intermediate mesoderm,5.898999693871424,-0.3166183841178369,-15.159518551147164,0.0062371711106706884,0.0,1558,10656,,,
Endocardial cell,Juxtacardiac field,6.374160135809851,0.6468500940515037,28.57862927522456,0.03465747681865459,0.0,1558,1386,Endocardial cell; Juxtacardiac field,"Both cell types descend from Mesp1+ anterior lateral-plate (cardiogenic) mesoderm of the cardiac crescent, where the juxtacardiac field is a recently described multipotent progenitor pool that co-emerges with, and shares clones with, the endocardial/endothelial precursors lining the forming heart.",3
Endocardial cell,Lens placode,5.684232332738269,-0.10785257115857227,-4.807130466915379,0.006200531900252632,0.52,1558,2811,,,
Endocardial cell,Macrophage,5.4384796790136045,0.045495755562691066,1.846188901109904,0.00321215500823536,0.52,1558,966,,,
Endocardial cell,Megakaryocyte,5.533099692262063,0.024626615697348697,0.8400757680614106,0.0013295761366473844,0.67,1558,482,,,
Endocardial cell,Mesothelium,5.656354572675075,-0.04545618422059613,-1.328707820494065,0.007956945082550067,0.15,1558,346,,,
Endocardial cell,Midbrain,5.771774413431004,-0.37543929370272416,-19.71200394701574,0.00015788534588304415,0.0,1558,21466,,,
Endocardial cell,Midbrain neuron,5.749308788384115,-0.37060568510970854,-17.9504366681245,0.0004664478206895514,0.0,1558,4463,,,
Endocardial cell,Midgut,5.62610870426854,0.055919766077847655,1.81396369495493,0.04394955026907012,0.0,1558,1667,,,
Endocardial cell,Myotome,5.871967223047142,-0.220271321697829,-10.118621159263371,0.0016396548170310925,0.0,1558,2201,,,
Endocardial cell,Nascent somite,5.887866900147388,-0.2750355401163356,-13.279007165957578,0.0021542205447242424,0.0,1558,6475,,,
Endocardial cell,Notochord,5.627807599918756,-0.021547856521345683,-1.4118056167801065,0.020955416064988838,0.0,1558,956,,,
Endocardial cell,Olfactory placode,5.706695903070035,-0.16159434654121294,-7.221276783382511,0.01156886927595366,0.1,1558,5872,,,
Endocardial cell,Olfactory sensory neuron,5.511079124628516,-0.15315976455787675,-4.208846803764133,0.006861305968794244,0.08,1558,389,,,
Endocardial cell,Otic placode,5.629308722454577,-0.10884574958417807,-4.534770487050337,0.0037979775491058087,0.05,1558,2365,,,
Endocardial cell,Otic sensory neuron,5.522871821686288,-0.11665794468341684,-3.9773787766374915,0.002477127250283201,0.0,1558,974,,,
Endocardial cell,Periocular mesoderm,5.890214727188153,0.33775361143655935,14.449277218616052,0.02568098244638935,0.0,1558,1739,,,
Endocardial cell,Pharyngeal arch mesenchyme,5.856690009829632,-0.3028031064137,-14.432337225799943,0.00781962593547605,0.0,1558,39085,,,
Endocardial cell,Pharyngeal endoderm,5.76461608181101,0.0473358559509626,2.241384049908651,0.011824929807644262,0.0,1558,5045,,,
Endocardial cell,Pharyngeal mesoderm,6.489431532253346,0.5679889834687261,30.05181932185413,0.011409123948559294,0.0,1558,7691,Endocardial cell; Pharyngeal mesoderm,"Both derive from the anterior splanchnic/lateral plate mesoderm of the cardiopharyngeal field (Mesp1+ second-heart-field progenitors), where endocardial endothelium and pharyngeal/branchiomeric mesoderm co-emerge from a shared multipotent progenitor pool.",2
Endocardial cell,Presomitic mesoderm,5.863413177036814,-0.31724266195616097,-16.436333939231183,0.004883701848353612,0.0,1558,8521,,,
Endocardial cell,Primordial germ cell,4.698857884312593,-0.20900722982249986,-2.4857171035084207,0.030570252340604096,0.58,982,25,,,
Endocardial cell,Roof plate,5.822960279964889,-0.39231202705973,-16.349391397656195,0.003257095200756922,0.0,1558,6035,,,
Endocardial cell,Sacral neural crest,5.723498398614512,-0.21332428249868793,-9.067193245269964,0.0015324199474197684,0.0,1558,2156,,,
Endocardial cell,Sclerotome,6.091345230819226,-0.2832482150255397,-14.53184728292855,0.0010076331485020357,0.0,1558,74334,,,
Endocardial cell,Second heart field,6.7194064306473775,0.7764831651717916,47.338559809531,0.00038724909429316084,0.0,1558,6952,Endocardial cell; Second heart field,"Both cell types derive from the Mesp1+ anterior/cardiogenic splanchnic mesoderm, with endocardial (endothelial) cells and second-heart-field myocardial progenitors emerging from a shared multipotent cardiovascular progenitor pool (Isl1+/Nkx2-5+) that lineage-tracing has shown gives rise to both endocardium and SHF derivatives.",2
Endocardial cell,Somatic mesoderm,6.291763343960345,-0.06676510845008436,-3.419518237039298,7.187079767662645e-05,0.02,1558,66151,,,
Endocardial cell,Somatic motor neuron,5.760260320026116,-0.39048195355528686,-15.911437752668945,0.006676745680781267,0.0,1558,6559,,,
Endocardial cell,Spinal cord (cervical),5.891596806896125,-0.4639556736757653,-21.47445359093517,0.0007104846252764876,0.0,1558,41051,,,
Endocardial cell,Spinal cord (lumbar),5.875514826314197,-0.33740739484606025,-16.98129577893171,0.004635538346910934,0.0,1558,12722,,,
Endocardial cell,Spinal cord (sacral),5.855121597899046,-0.2946119020763929,-14.398877002081653,0.003304423694656628,0.0,1558,5351,,,
Endocardial cell,Spinal cord (thoracic),5.888012488225577,-0.40015397307314576,-18.97886510488978,0.0007844157856885621,0.0,1558,35061,,,
Endocardial cell,Spinal cord interneuron,5.88340082323382,-0.5477246844727972,-26.291175688228225,0.0006786212437311534,0.0,1558,12470,,,
Endocardial cell,Splanchnic mesoderm,6.372953247981328,0.10050997461996698,4.633655827322462,0.00446307657785859,0.02,1558,21642,,,
Endocardial cell,Surface ectoderm,5.685922883945044,-0.003320432724022974,-0.1850487317485019,0.018111770930108028,0.0,1558,2649,,,
Endocardial cell,Telencephalon,5.80627667505442,-0.3658739213769027,-18.663684344904084,0.002253183635260254,0.0,1558,34300,,,
Endocardial cell,Trigeminal ganglion neuron,5.63693507132908,-0.18808489163855283,-7.286514775836809,0.013609918826443313,0.0,1558,1765,,,
Endocardial cell,Trigeminal placode,5.805251124503708,-0.16383117645642228,-7.776035698982451,0.009183495600586296,0.0,1558,6546,,,
Endocardial cell,Trigeminal sensory neuron,5.7109725914008616,-0.15386776442331454,-6.391871686060161,0.006680677966982931,0.0,1558,3198,,,
Endocardial cell,Trunk neural crest,5.797997138197508,-0.2499378690063955,-12.20196055247248,0.0010601749793274142,0.0,1558,6809,,,
Endocardial cell,Vagal neural crest,5.816204218101042,-0.24213386700576875,-10.523757167079884,0.005234190563557367,0.0,1558,4937,,,
Endothelial cell,Endothelial cell,9.500000000017076,-5.329070518200751e-15,-5.328218684606667e-05,4.00741339852274e-28,1.0,9605,9605,,,
Endothelial cell,Endothelial progenitor,7.0678760726302245,0.4746340140656307,27.348284062158367,0.001228320650192915,0.0,9605,1988,,,
Endothelial cell,Epibranchial placode,6.10563242594008,-0.06449240701814023,-4.350345556008288,0.0003899669368835533,0.01,9605,3606,,,
Endothelial cell,Epibranchial sensory neuron,6.023970350488493,-0.1037808593893456,-4.274663957687955,0.009102614673988449,0.24,9605,1270,,,
Endothelial cell,Epicardium,6.304625379276087,0.08136507697423163,4.014135867274338,0.002768361584337655,0.06,9605,1288,,,
Endothelial cell,Epidermal progenitor,6.416673711805991,-0.05091945569675538,-5.793310984300718,0.0009521477478400581,0.02,9605,24337,,,
Endothelial cell,Extraembryonic mesoderm,6.153991130892905,-0.0932958839321459,-7.549408148806509,0.0002547326477649053,0.0,9605,5300,,,
Endothelial cell,Eye field,6.029680776925223,-0.4485473759507472,-42.88451985981044,0.0011476012842045996,0.0,9605,8896,,,
Endothelial cell,First heart field,6.259863711414858,-0.0116949860823737,-0.5996803883536264,0.0004157667674988768,0.6,9605,1531,,,
Endothelial cell,Floor plate,6.088477415323555,-0.49448439399346594,-47.725976488209625,0.002257879871097574,0.0,9605,16788,,,
Endothelial cell,Foregut,5.669842771139266,-0.39884669913028503,-26.121192664684475,0.0013039164952501354,0.0,9605,2432,,,
Endothelial cell,Forelimb field,7.053953836810472,0.5505290684807645,62.48906234326373,0.0022600218253230717,0.0,9605,25891,Endothelial cell; Forelimb field,"Both cell types derive from lateral plate mesoderm—the forelimb field is somatopleuric LPM and much of the local limb/trunk vasculature arises from LPM-derived angioblasts (Flk1+/Etv2+ endothelial progenitors), so they emerge from a shared mesodermal progenitor pool.",2
Endothelial cell,Frontonasal mesenchyme,6.2246065592450215,-0.283628617364438,-33.00102290640224,0.005083022817377807,0.0,9605,24672,,,
Endothelial cell,Head paraxial mesoderm,6.963892348302044,0.4865513585811468,55.43184142448447,0.002658495846455179,0.0,9605,32981,Head paraxial mesoderm,"Both cell types derive from nascent mesoderm ingressing through the anterior primitive streak, and cranial/head paraxial mesoderm is a documented source of angioblasts that give rise to head endothelium, so they share a common paraxial-mesodermal progenitor pool.",2
Endothelial cell,Hematopoietic progenitor,5.555571267779396,-0.15523735867028332,-1.9813398031775817,0.03174727369670669,0.73,9605,87,,,
Endothelial cell,Hemogenic endothelium,6.527803047550866,0.603173366922848,8.874581176003003,0.001786316140508933,0.0,9605,141,Endothelial cell; Hemogenic endothelium,"Hemogenic endothelium is a specialized subset of vascular endothelium, and both arise from a common mesodermal endothelial/hemangioblast progenitor (lateral plate/extraembryonic mesoderm) before hemogenic endothelium diverges via the endothelial-to-hematopoietic transition, so they naturally share very recent common ancestors.",1
Endothelial cell,Hepatoblast,5.520350142599294,-0.42525339128587775,-18.781562974693383,0.0012075790431622924,0.0,9605,1255,,,
Endothelial cell,Hindbrain (isthmic organizer),6.059323962806535,-0.4469096174466681,-32.82349850456588,0.0014517419903025985,0.0,9605,3921,,,
Endothelial cell,Hindbrain (r1),6.1643027835841115,-0.4696268123668966,-48.66489551200984,0.0009324413998046371,0.0,9605,16440,,,
Endothelial cell,Hindbrain (r2-r4),6.277815150933859,-0.4530986882182342,-48.269839093419854,0.0004023341294458924,0.0,9605,26863,,,
Endothelial cell,Hindbrain (r5-r8),6.323691503509504,-0.43287635775086714,-49.67005644074163,0.002863554596929975,0.0,9605,28972,,,
Endothelial cell,Hindgut,5.6341418185993435,-0.3824007643633518,-25.04445966848816,0.0004433404472193031,0.0,9605,3029,,,
Endothelial cell,Hindlimb field,6.830330952913054,0.3665603358574557,29.171287467520347,0.013647220713988748,0.0,9605,6150,,,
Endothelial cell,Hypaxial myogenic progenitor,6.970550935833129,0.4320823394366225,37.849451654947956,0.005374849141720038,0.0,9605,5322,,,
Endothelial cell,Hypothalamic neuron,5.920700290117249,-0.44328559855454347,-22.508760396067036,0.0010909890697795935,0.0,9605,1528,,,
Endothelial cell,Hypothalamus,5.962823271669261,-0.420583984558309,-38.21486737064811,0.0002638653172815544,0.0,9605,7652,,,
Endothelial cell,Intermediate mesoderm,6.866873063897207,0.2046632709155558,19.66472182008901,0.0024139585258499113,0.0,9605,10656,,,
Endothelial cell,Juxtacardiac field,6.401716308871421,0.22965148684158296,10.744937618649274,0.0014228977721400535,0.0,9605,1386,,,
Endothelial cell,Lens placode,6.0860461811569095,-0.1525926527631801,-9.79574162250586,0.002418038336103695,0.0,9605,2811,,,
Endothelial cell,Macrophage,5.479048970242744,-0.35838476213681947,-14.454236388384976,0.0033499015062707716,0.0,9605,966,,,
Endothelial cell,Megakaryocyte,5.566855128499402,-0.38947420516548714,-10.463968627723283,0.004254167446597,0.0,9605,482,,,
Endothelial cell,Mesothelium,6.554408070719805,0.4069687642586448,11.204842702620637,0.004545968079608942,0.0,9605,346,Mesothelium,"Endothelial cells and mesothelium both arise from lateral plate mesoderm—likely a shared splanchnic/hemato-vascular mesodermal progenitor pool—and mesothelium (e.g., epicardium/serosa) is itself a known source of endothelium via EMT during early organogenesis.",2
Endothelial cell,Midbrain,6.1174125997473965,-0.4767846947139267,-47.01160528383207,0.000740322606837672,0.0,9605,21466,,,
Endothelial cell,Midbrain neuron,6.127149005798823,-0.43986770728528474,-32.846897780420676,0.0033967659759289604,0.0,9605,4463,,,
Endothelial cell,Midgut,5.629558516501366,-0.3878449198326921,-21.125376492297413,0.004845079909157278,0.0,9605,1667,,,
Endothelial cell,Myotome,6.607266554654056,0.07021294917161362,4.10999209258742,0.002377120332252726,0.0,9605,2201,,,
Endothelial cell,Nascent somite,6.397305203392439,-0.2153356176055805,-18.156497054044973,0.005206004456351456,0.0,9605,6475,,,
Endothelial cell,Notochord,5.8139707251540615,-0.28235241995171645,-12.48178475725994,0.0019579559537075747,0.0,9605,956,,,
Endothelial cell,Olfactory placode,6.118557939439449,-0.19897373788744557,-16.412851115572803,0.006239671589588027,0.0,9605,5872,,,
Endothelial cell,Olfactory sensory neuron,5.895793434517494,-0.2140133153328779,-5.898424191412096,0.003257542586665799,0.0,9605,389,,,
Endothelial cell,Otic placode,6.0452533526229955,-0.13793875108809614,-8.344564781430691,0.001631047321350345,0.0,9605,2365,,,
Endothelial cell,Otic sensory neuron,5.96065538144775,-0.12237997750010621,-4.689863099251365,0.002143605672899832,0.0,9605,974,,,
Endothelial cell,Periocular mesoderm,6.4605725940066945,0.4616196235765697,24.147394398341344,0.00150851148522748,0.0,9605,1739,Periocular mesoderm,"Both cell types likely descend from cranial/paraxial head mesoderm, where a common angioblast-plus-mesenchyme progenitor pool gives rise to periocular head endothelium and the surrounding periocular mesenchyme, driving their shared ancestry.",3
Endothelial cell,Pharyngeal arch mesenchyme,6.336372683963732,-0.27074940835176875,-30.95625884080682,0.0018424037090858459,0.0,9605,39085,,,
Endothelial cell,Pharyngeal endoderm,5.799078392799154,-0.36407535919852546,-31.374444026894853,0.004250651559332256,0.0,9605,5045,,,
Endothelial cell,Pharyngeal mesoderm,6.935399043181118,0.5668139502281869,55.34859575567594,0.0009048894140938072,0.0,9605,7691,Endothelial cell,"Both derive from Mesp1+ anterior splanchnic/cardiopharyngeal lateral-plate mesoderm, a multipotent progenitor field that co-generates pharyngeal (head/branchiomeric) muscle and mesodermal endothelial/endocardial cells.",2
Endothelial cell,Presomitic mesoderm,6.387102028566793,-0.2419389067861101,-20.106557644106502,0.0041559998097683085,0.0,9605,8521,,,
Endothelial cell,Primordial germ cell,4.741593086026421,-0.6041210108686017,-5.574197239827964,0.01661986334235445,0.0,5551,25,,,
Endothelial cell,Roof plate,6.320816174139889,-0.3419224052850372,-29.076515852995282,0.003794263571375433,0.0,9605,6035,,,
Endothelial cell,Sacral neural crest,6.241806688396864,-0.1420853145079235,-8.803286318965954,0.00477015534972141,0.0,9605,2156,,,
Endothelial cell,Sclerotome,6.921579455107906,0.09878831436656998,11.870279915486416,0.0005827994262967931,0.0,9605,74334,,,
Endothelial cell,Second heart field,6.758767258411744,0.37045131105776036,35.45309508836252,0.0009462493008755048,0.0,9605,6952,,,
Endothelial cell,Somatic mesoderm,7.431582492440512,0.6258462207232988,75.15003331292017,0.00038916524471684154,0.0,9605,66151,Endothelial cell,"Both lineages are mesodermal derivatives arising from a shared lateral-plate/somatic mesoderm progenitor pool, from which FLK1+/KDR+ angioblasts delaminate out of the same mesenchyme that also forms the somatic (parietal) mesoderm.",2
Endothelial cell,Somatic motor neuron,6.211159508820811,-0.3875851170277536,-34.439247574351135,0.00782342182483757,0.0,9605,6559,,,
Endothelial cell,Spinal cord (cervical),6.391379296376413,-0.41201884753679757,-43.40779769215809,0.005108933397593489,0.0,9605,41051,,,
Endothelial cell,Spinal cord (lumbar),6.392861056601908,-0.2685627676142577,-27.325336600982997,0.005121997119159412,0.0,9605,12722,,,
Endothelial cell,Spinal cord (sacral),6.3507742584323275,-0.24467450457482798,-19.500691471253308,0.004959536486144186,0.0,9605,5351,,,
Endothelial cell,Spinal cord (thoracic),6.398007830660865,-0.33788806204719,-38.07325942312264,0.004020846281513528,0.0,9605,35061,,,
Endothelial cell,Spinal cord interneuron,6.362708372967789,-0.5121048404160696,-50.37481261650637,0.0026497463681502357,0.0,9605,12470,,,
Endothelial cell,Splanchnic mesoderm,7.344885737515836,0.6257689564110676,65.26699251400366,0.0017778209959593537,0.0,9605,21642,Endothelial cell,"Endothelial cells and splanchnic mesoderm share ancestry because both derive from lateral plate mesoderm, with the splanchnic (visceral) layer serving as a major source of hemangioblast/hemogenic-endothelial progenitors that generate the vascular endothelium of the gut, heart, and yolk sac.",2
Endothelial cell,Surface ectoderm,6.11957204764659,-0.015523097041458081,-0.9797134324579945,0.00028948255049509355,0.98,9605,2649,,,
Endothelial cell,Telencephalon,6.158143679143547,-0.459638833593018,-52.46584363773345,0.001518089759270763,0.0,9605,34300,,,
Endothelial cell,Trigeminal ganglion neuron,6.041679887289605,-0.23034882955349487,-12.114663940802606,0.004306569641703937,0.0,9605,1765,,,
Endothelial cell,Trigeminal placode,6.235024555077445,-0.1821771243466269,-14.845295484224797,4.678608778133814e-05,0.0,9605,6546,,,
Endothelial cell,Trigeminal sensory neuron,6.159887477618464,-0.15366616298552613,-10.656828293922873,0.000552612237753125,0.0,9605,3198,,,
Endothelial cell,Trunk neural crest,6.30052474335321,-0.19434012179014518,-16.36103877611632,0.002652756641385798,0.0,9605,6809,,,
Endothelial cell,Vagal neural crest,6.266756031720469,-0.23863161616380513,-18.635954504751947,0.0024006553684728683,0.0,9605,4937,,,
Endothelial progenitor,Endothelial progenitor,9.499999999991696,-2.3684757858670005e-15,-3.5523981478933335e-05,4.23881259738757e-28,1.0,1988,1988,,,
Endothelial progenitor,Epibranchial placode,5.990944272678327,-0.05384300868245647,-2.3963867367977927,0.002281768674954096,0.36,1988,3606,,,
Endothelial progenitor,Epibranchial sensory neuron,5.914861937376241,-0.09696011093129157,-3.2142226477279334,0.010648383283784238,0.35,1988,1270,,,
Endothelial progenitor,Epicardium,6.068048072568189,-0.03576550132779133,-1.3218067769414446,0.00728152394017971,0.02,1988,1288,,,
Endothelial progenitor,Epidermal progenitor,6.228656804829832,-0.11639814953857137,-6.192465799994788,0.002795344929350362,0.0,1988,24337,,,
Endothelial progenitor,Extraembryonic mesoderm,5.948189464177872,-0.17644645712970863,-10.656354157832418,0.0014576823042479947,0.0,1988,5300,,,
Endothelial progenitor,Eye field,6.047386146403077,-0.3109833044395624,-16.63982523697928,0.0028843516924841285,0.0,1988,8896,,,
Endothelial progenitor,First heart field,6.020810582241513,-0.12984108503107686,-5.168396760789838,0.0020196366980351856,0.0,1988,1531,,,
Endothelial progenitor,Floor plate,6.113841864183325,-0.347723848050492,-16.8133774433178,0.0006795855004810858,0.0,1988,16788,,,
Endothelial progenitor,Foregut,5.621838443653393,-0.3253130590876771,-14.76483298384114,0.0021470558448755082,0.0,1988,2432,,,
Endothelial progenitor,Forelimb field,6.7274468705187305,0.3453293388890805,20.01716488431228,0.0024176027489696797,0.0,1988,25891,,,
Endothelial progenitor,Frontonasal mesenchyme,6.2116163607305515,-0.172855705449147,-11.369072197502419,0.002158167338201666,0.0,1988,24672,,,
Endothelial progenitor,Head paraxial mesoderm,6.494488826481697,0.1366889575851813,9.079832935335785,0.005801518191818808,0.0,1988,32981,,,
Endothelial progenitor,Hematopoietic progenitor,5.342269820338875,-0.2531358130806529,-3.143213548961581,0.003925067442265974,0.02,1988,87,Hematopoietic progenitor,"Endothelial and hematopoietic progenitors share ancestry because both descend from the bipotent hemangioblast/hemogenic endothelium of the extraembryonic yolk-sac blood islands and lateral plate mesoderm, the classic common origin of blood and vessels.",1
Endothelial progenitor,Hemogenic endothelium,5.842706860510539,0.039660711291195604,0.6242862247680335,0.031112912256414826,0.97,1988,141,,,
Endothelial progenitor,Hepatoblast,5.514102944404674,-0.31089429007658936,-11.107863371084738,0.0008930694555047912,0.0,1988,1255,,,
Endothelial progenitor,Hindbrain (isthmic organizer),6.088814312724811,-0.29310010673328346,-15.229262210953436,0.001472751842124543,0.0,1988,3921,,,
Endothelial progenitor,Hindbrain (r1),6.203882037454636,-0.30648670912273673,-16.747298169427705,6.197335047515919e-05,0.0,1988,16440,,,
Endothelial progenitor,Hindbrain (r2-r4),6.342278785063918,-0.2677363110137148,-15.542555026162939,0.0013742209070792886,0.0,1988,26863,,,
Endothelial progenitor,Hindbrain (r5-r8),6.369641624882495,-0.2656533757626187,-14.655546643780362,0.004295543013231309,0.0,1988,28972,,,
Endothelial progenitor,Hindgut,5.587491331852177,-0.3050057996249566,-15.444890567236968,0.0023923386362395306,0.0,1988,3029,,,
Endothelial progenitor,Hindlimb field,6.591334043231622,0.24962488452531298,11.878080595828317,0.014930089430236857,0.0,1988,6150,,,
Endothelial progenitor,Hypaxial myogenic progenitor,7.103815836771279,0.6879678853492018,36.17674651487209,0.004664191237062367,0.0,1988,5322,Endothelial progenitor; Hypaxial myogenic progenitor,"Both cell types descend from the somitic dermomyotome, where Pax3+ progenitors are known to be bipotent for skeletal muscle and endothelium, so hypaxial (limb/body-wall) myogenic progenitors and endothelial progenitors co-emerge from this shared paraxial-mesoderm progenitor pool.",2
Endothelial progenitor,Hypothalamic neuron,5.885588725648145,-0.3566627587545854,-13.40258876381741,0.0002623257307835272,0.0,1988,1528,,,
Endothelial progenitor,Hypothalamus,5.950917159817675,-0.31143264149336325,-16.24366580502738,0.0027849912434095786,0.0,1988,7652,,,
Endothelial progenitor,Intermediate mesoderm,7.144641911073388,0.6039136363709158,30.325075807868064,0.0036161015119006426,0.0,1988,10656,Endothelial progenitor; Intermediate mesoderm,"Both cell types descend from nascent posterior mesoderm ingressing through the primitive streak, and endothelial progenitors (angioblasts) are known to bud from the same intermediate/lateral mesodermal field that generates intermediate mesoderm, reflecting a shared FLK1+ mesodermal progenitor pool.",2
Endothelial progenitor,Juxtacardiac field,6.157427452405872,0.10815677766401599,4.384199784288015,0.0017407514876398031,0.03,1988,1386,,,
Endothelial progenitor,Lens placode,5.951607077633433,-0.16199224318997155,-7.580094771112709,0.005113892883508996,0.0,1988,2811,,,
Endothelial progenitor,Macrophage,5.430485063378238,-0.28795113346445483,-8.93057560568755,0.002230649274092722,0.0,1988,966,,,
Endothelial progenitor,Megakaryocyte,5.490836472425923,-0.3426768849222359,-9.089870410824835,0.002644076361467932,0.0,1988,482,,,
Endothelial progenitor,Mesothelium,6.372754545913736,0.3538442758949489,8.268605240432374,0.010995772753775722,0.0,1988,346,,,
Endothelial progenitor,Midbrain,6.155922055140064,-0.31513618404439264,-17.79084205735283,0.0009517093492348093,0.0,1988,21466,,,
Endothelial progenitor,Midbrain neuron,6.153446467943053,-0.2912699185830367,-13.080536930613192,0.005449612439266764,0.0,1988,4463,,,
Endothelial progenitor,Midgut,5.5490917953187235,-0.3466048738893586,-15.962567527608186,0.0013651185684931647,0.0,1988,1667,,,
Endothelial progenitor,Myotome,6.718595714396922,0.29997657501987085,13.215408673069023,0.002810719184000385,0.0,1988,2201,Myotome,"Both arise from paraxial mesoderm/somites, where Pax3+ central-dermomyotome progenitors are known to be bipotent for skeletal muscle (myotome) and endothelium, so the two lineages descend from a shared somitic angioblast/myogenic progenitor pool.",2
Endothelial progenitor,Nascent somite,6.517319895917645,0.028419602432492457,1.2247756572533415,0.0015079219876553845,0.48,1988,6475,,,
Endothelial progenitor,Notochord,5.714568588934287,-0.258949463991829,-9.52681612219139,0.00219829627179331,0.0,1988,956,,,
Endothelial progenitor,Olfactory placode,5.999665782598232,-0.19336383056966464,-10.49374962709422,0.0032820412867815025,0.0,1988,5872,,,
Endothelial progenitor,Olfactory sensory neuron,5.815528339235745,-0.1735283726368643,-3.9837250522590506,0.00778605699126537,0.06,1988,389,,,
Endothelial progenitor,Otic placode,5.904695794312019,-0.15774691126250762,-6.77348688150614,0.0026054348550089536,0.0,1988,2365,,,
Endothelial progenitor,Otic sensory neuron,5.827808204604854,-0.13409180051012726,-4.534600087853742,0.00108489090394479,0.0,1988,974,,,
Endothelial progenitor,Periocular mesoderm,6.141297501146017,0.2629094291505494,11.193482183755373,0.03645237241362248,0.15,1988,1739,,,
Endothelial progenitor,Pharyngeal arch mesenchyme,6.309389089983451,-0.17688935223949778,-10.298315102051006,0.0030215341058005595,0.0,1988,39085,,,
Endothelial progenitor,Pharyngeal endoderm,5.742980272342886,-0.29858880518719627,-16.89350667104374,0.006793313178743985,0.0,1988,5045,,,
Endothelial progenitor,Pharyngeal mesoderm,6.775146449985417,0.5290636534541386,34.18439217316787,0.0026247701701543956,0.0,1988,7691,Endothelial progenitor,"Both cell types arise from anterior/splanchnic (cardiopharyngeal-field) mesoderm, where a common Mesp1+ multipotent progenitor pool gives rise to pharyngeal/head mesoderm and to endothelial (endocardial/vascular) progenitors, explaining their recent shared ancestry.",2
Endothelial progenitor,Presomitic mesoderm,6.5022959414213775,-0.005229012209212532,-0.4165131614539202,0.0009883446462010496,0.63,1988,8521,,,
Endothelial progenitor,Primordial germ cell,4.780486265192627,-0.4536943643916076,-3.8413113661076244,0.005504187785058772,0.01,1400,25,,,
Endothelial progenitor,Roof plate,6.380102854682626,-0.15906539504870962,-7.958148760796263,0.0001490565862354122,0.0,1988,6035,,,
Endothelial progenitor,Sacral neural crest,6.301079524519885,0.03985878883953268,1.6604420300903184,0.009441246363059892,0.0,1988,2156,,,
Endothelial progenitor,Sclerotome,7.200519275173363,0.5010220953290929,29.86617951680864,0.0039008988115411002,0.0,1988,74334,Endothelial progenitor; Sclerotome,"Both derive from paraxial (presomitic/somitic) mesoderm — sclerotome is the ventral somite compartment, and somite-derived angioblasts are a well-documented source of endothelial progenitors (contributing to the dorsal aorta and body-wall/limb vasculature), so the two share a common somitic progenitor pool.",2
Endothelial progenitor,Second heart field,6.569654676297202,0.30428396811840663,19.51043234462675,0.0019486589984236177,0.0,1988,6952,,,
Endothelial progenitor,Somatic mesoderm,7.107232581316194,0.4224905142111002,25.078027231037606,0.000615697103428572,0.0,1988,66151,,,
Endothelial progenitor,Somatic motor neuron,6.252434328508248,-0.22443202385993852,-11.756247240006791,0.003787424096648729,0.0,1988,6559,,,
Endothelial progenitor,Spinal cord (cervical),6.476931340571437,-0.2032726514916039,-10.093047662159323,0.0019088358600580005,0.0,1988,41051,,,
Endothelial progenitor,Spinal cord (lumbar),6.498408406199807,-0.04142564058111997,-2.2670764811284383,0.001627803555288276,0.91,1988,12722,,,
Endothelial progenitor,Spinal cord (sacral),6.428432957242545,-0.04488826387496007,-2.3004541596022303,0.0013296076974525326,0.6,1988,5351,,,
Endothelial progenitor,Spinal cord (thoracic),6.519423349473393,-0.09338553322181535,-5.592813220650112,0.0018684008520509048,0.0,1988,35061,,,
Endothelial progenitor,Spinal cord interneuron,6.4469390596574145,-0.3077450580405176,-16.526021831993514,0.0011548808681227103,0.0,1988,12470,,,
Endothelial progenitor,Splanchnic mesoderm,7.0298619591036795,0.4328005854239831,22.270001303587765,0.0017526009780000846,0.0,1988,21642,,,
Endothelial progenitor,Surface ectoderm,5.920473046885654,-0.09428808054004811,-3.8274858596869508,0.002167704863812039,0.06,1988,2649,,,
Endothelial progenitor,Telencephalon,6.171687030807772,-0.32164889934705904,-18.85196669452532,0.0009952940486891296,0.0,1988,34300,,,
Endothelial progenitor,Trigeminal ganglion neuron,5.968196534563464,-0.18074589310777198,-7.5385626146212585,0.0014115689159162836,0.0,1988,1765,,,
Endothelial progenitor,Trigeminal placode,6.0842881813952046,-0.21096058814280058,-11.501369807044506,0.007610317861093918,0.0,1988,6546,,,
Endothelial progenitor,Trigeminal sensory neuron,5.972057335690199,-0.2188270924089677,-10.47457975576362,2.7889554799818313e-05,0.0,1988,3198,,,
Endothelial progenitor,Trunk neural crest,6.343717525744186,-0.0304422645404836,-1.5683412198463709,0.00022324576846873524,0.37,1988,6809,,,
Endothelial progenitor,Vagal neural crest,6.307044005486666,-0.07798762911478896,-3.6448226987148367,0.0009658796033591066,0.01,1988,4937,,,
Epibranchial placode,Epibranchial placode,9.500000000005164,4.736951571734001e-15,5.9195490875093636e-05,3.165961766286994e-28,1.0,3606,3606,,,
Epibranchial placode,Epibranchial sensory neuron,8.074964505026095,2.4934443937622492,90.54506565445456,0.010585258493543697,0.0,3606,1270,Epibranchial placode; Epibranchial sensory neuron,"Epibranchial sensory neurons are the direct differentiated progeny of the epibranchial placodes, which are ectodermal thickenings that delaminate to form the distal (geniculate, petrosal, nodose) cranial sensory ganglion neurons, so the two share a direct placodal progenitor lineage.",1
Epibranchial placode,Epicardium,5.6988567067872795,0.021912077845753924,0.9263789322680346,0.0024095278887892686,0.54,3606,1288,,,
Epibranchial placode,Epidermal progenitor,7.274332848890045,1.352881790971794,99.44141072139875,0.006260078289321728,0.0,3606,24337,Epibranchial placode; Epidermal progenitor,"Both cell types derive from the non-neural surface ectoderm, with epibranchial placodes emerging from the posterior pre-placodal region at the neural plate border that is lineally continuous with the general epidermal ectoderm, so they share a common surface-ectoderm progenitor pool.",2
Epibranchial placode,Extraembryonic mesoderm,5.77002491677267,0.0699970723128569,3.4721803841660996,0.01968320909978845,0.98,3606,5300,,,
Epibranchial placode,Eye field,5.70184340483351,-0.2292943171092654,-16.50442423899403,0.00045526673356121683,0.0,3606,8896,,,
Epibranchial placode,First heart field,5.635497281918746,-0.0873227327762122,-3.3374308244211406,0.002581161038557536,0.07,3606,1531,,,
Epibranchial placode,Floor plate,5.584529620295318,-0.4522695039203149,-30.176786564750813,0.012072761370758633,0.0,3606,16788,,,
Epibranchial placode,Foregut,5.361120770803588,-0.15928457409350236,-8.945862841505066,0.04302241329419656,0.0,3606,2432,,,
Epibranchial placode,Forelimb field,5.964347545955239,0.0071209690119108755,0.5894030755848504,0.000270448659665547,0.49,3606,25891,,,
Epibranchial placode,Frontonasal mesenchyme,6.108402977181797,0.14727059882272128,13.137902277034442,0.03241034601948281,0.0,3606,24672,,,
Epibranchial placode,Head paraxial mesoderm,5.763122756449107,-0.16865322677830363,-13.552332743120518,9.015899783289449e-05,0.0,3606,32981,,,
Epibranchial placode,Hematopoietic progenitor,5.096860242663431,-0.06427610117060804,-0.6595816861210099,0.014741130036541792,0.68,3606,87,,,
Epibranchial placode,Hemogenic endothelium,5.546076564722779,0.16698710194980246,2.067487861014308,0.018998623910756483,0.25,3606,141,,,
Epibranchial placode,Hepatoblast,5.311660637078625,-0.08851661567433962,-5.698626024375237,0.060915965360321754,0.0,3606,1255,,,
Epibranchial placode,Hindbrain (isthmic organizer),5.638914193362267,-0.3190571927464874,-17.710449398977374,0.01490317495907804,0.0,3606,3921,,,
Epibranchial placode,Hindbrain (r1),5.8282425684555434,-0.2578724468279357,-19.01865225281249,0.004843461068455409,0.0,3606,16440,,,
Epibranchial placode,Hindbrain (r2-r4),5.954675518212664,-0.2302577001870585,-16.590437649897996,0.0020704368779797377,0.0,3606,26863,,,
Epibranchial placode,Hindbrain (r5-r8),5.92444099277968,-0.2842164339132047,-20.25616173409409,0.0007861192611785584,0.0,3606,28972,,,
Epibranchial placode,Hindgut,5.2815517198281094,-0.18681736415907224,-9.186116380026304,0.032580539395244704,0.32,3606,3029,,,
Epibranchial placode,Hindlimb field,6.201358745496772,0.28507106977706914,14.847457504774473,0.011074354051029127,0.0,3606,6150,,,
Epibranchial placode,Hypaxial myogenic progenitor,5.732684684911066,-0.25838907292694113,-16.540081791097425,0.0007153663674461685,0.0,3606,5322,,,
Epibranchial placode,Hypothalamic neuron,5.517154232689742,-0.3006168581720707,-12.175441789845815,0.010022782921528951,0.0,3606,1528,,,
Epibranchial placode,Hypothalamus,5.537928266542919,-0.29809001717343353,-19.894753729053104,0.01846665743700052,0.0,3606,7652,,,
Epibranchial placode,Intermediate mesoderm,6.076374442728924,-0.04018183069761753,-2.5665750613999188,0.00026054683742995086,0.11,3606,10656,,,
Epibranchial placode,Juxtacardiac field,5.648902047049695,0.023482890409733354,0.6414611877781596,0.004886328150922077,0.14,3606,1386,,,
Epibranchial placode,Lens placode,6.518832631310059,0.829865056989639,38.32600598738554,0.057157642850000745,0.0,3606,2811,,,
Epibranchial placode,Macrophage,5.307537276641763,0.018094056809113173,-0.6727506608455727,0.051342293363513244,0.11,3606,966,,,
Epibranchial placode,Megakaryocyte,5.38221857024686,-0.027885214202867974,-0.5264233242484525,0.008124800295868293,0.59,3606,482,,,
Epibranchial placode,Mesothelium,5.476375220215857,-0.12354037358287832,-2.552313724494466,0.024739262065534395,0.81,3606,346,,,
Epibranchial placode,Midbrain,5.76152306752662,-0.2853770201070687,-19.20018001318243,0.007834097511047093,0.0,3606,21466,,,
Epibranchial placode,Midbrain neuron,5.791108643959934,-0.22708671778557812,-12.404600361823329,0.0006637465708840371,0.0,3606,4463,,,
Epibranchial placode,Midgut,5.292381271503423,-0.17742876603580152,-8.280924162375891,0.020958746134929557,0.64,3606,1667,,,
Epibranchial placode,Myotome,5.690553535631925,-0.3032803286045092,-13.60203171834119,0.00033220428075149904,0.0,3606,2201,,,
Epibranchial placode,Nascent somite,5.992536131620891,-0.07157918795641353,-4.264322129813529,0.00042089998515395404,0.02,3606,6475,,,
Epibranchial placode,Notochord,5.371351334611881,-0.1751490619513453,-5.593193707134525,0.008530657924517009,0.04,3606,956,,,
Epibranchial placode,Olfactory placode,6.353273002738239,0.5828888909627482,30.921345872522835,0.02650019649006641,0.0,3606,5872,,,
Epibranchial placode,Olfactory sensory neuron,5.909725908641211,0.3473521978252796,8.051928052822568,0.06633973963855631,0.01,3606,389,,,
Epibranchial placode,Otic placode,6.601798831315563,0.9666749612494169,44.25656933265222,0.0031813029290464617,0.0,3606,2365,Otic placode,"Both are cranial (posterior) placodes that arise from the common preplacodal ectoderm at the anterior neural plate border, sharing the posterior placodal area/otic-epibranchial progenitor field induced by FGF signaling.",1
Epibranchial placode,Otic sensory neuron,6.380340961744939,0.8434616562969124,28.935346109769096,0.022155913168994127,0.0,3606,974,Otic sensory neuron,"Both cell types arise from the preplacodal ectoderm via a shared otic-epibranchial progenitor domain (OEPD), a common Pax2/Pax8/Sox3+ posterior placodal field that segregates into otic placode–derived (vestibulocochlear) and epibranchial placode–derived sensory neurons.",2
Epibranchial placode,Periocular mesoderm,5.270625020442921,-0.18057929443488874,-6.024250552110531,0.028861676394035234,0.05,3606,1739,,,
Epibranchial placode,Pharyngeal arch mesenchyme,6.299417360252572,0.2412820732794613,18.894230115945703,0.0052429047500143254,0.0,3606,39085,,,
Epibranchial placode,Pharyngeal endoderm,5.719393740792923,0.10472459038158011,5.258890764563993,0.09595532943699132,0.04,3606,5045,,,
Epibranchial placode,Pharyngeal mesoderm,5.738918752018403,-0.0826813964090644,-6.080423393272114,0.008440751465159676,0.17,3606,7691,,,
Epibranchial placode,Presomitic mesoderm,5.946907469350634,-0.1346168053129757,-8.128541268289561,0.00021306298351623474,0.0,3606,8521,,,
Epibranchial placode,Primordial germ cell,4.742328149852712,-0.0671053949306879,-0.36995175281669174,0.009563685331312886,0.99,2199,25,,,
Epibranchial placode,Roof plate,6.176739743831296,0.0616063045108343,3.8930433098781108,0.004824375225499711,0.95,3606,6035,,,
Epibranchial placode,Sacral neural crest,5.8939921853990995,0.057459540779481046,2.801057708249273,0.001229464080740105,0.4,3606,2156,,,
Epibranchial placode,Sclerotome,5.908371785697298,-0.3658025429267348,-26.853236458744647,0.0013234059035230634,0.0,3606,74334,,,
Epibranchial placode,Second heart field,5.910982945624966,0.07082677090504348,4.357321648198109,0.0022451292075177445,0.19,3606,6952,,,
Epibranchial placode,Somatic mesoderm,6.438821681830515,0.18047812159398577,12.825821806739492,0.003229787454269122,0.0,3606,66151,,,
Epibranchial placode,Somatic motor neuron,5.65935443739966,-0.39227402354844604,-22.151235923237635,0.0042996540067406705,0.0,3606,6559,,,
Epibranchial placode,Spinal cord (cervical),6.015046603619308,-0.24070037800571153,-15.959720663287682,0.0015246214733848525,0.0,3606,41051,,,
Epibranchial placode,Spinal cord (lumbar),5.90873424410148,-0.20267959006673988,-13.082746200818839,0.002210165094493315,0.0,3606,12722,,,
Epibranchial placode,Spinal cord (sacral),5.864837380249452,-0.1847252455431502,-10.252507043078284,0.00031503816210578904,0.0,3606,5351,,,
Epibranchial placode,Spinal cord (thoracic),5.950904508103942,-0.23793321667866074,-18.5050750461034,0.005730199875499221,0.0,3606,35061,,,
Epibranchial placode,Spinal cord interneuron,6.006508027097442,-0.3217843867608104,-19.258972803812004,0.0011318676792669764,0.0,3606,12470,,,
Epibranchial placode,Splanchnic mesoderm,6.245025462503054,0.07286130425288295,4.885271288964083,0.003520678438374587,0.26,3606,21642,,,
Epibranchial placode,Surface ectoderm,6.657851488573095,1.0680155139753642,48.79380364517986,0.0019814473648601992,0.0,3606,2649,Epibranchial placode; Surface ectoderm,"Epibranchial placodes are thickenings that delaminate directly from the non-neural surface (cranial) ectoderm via the pan-placodal ectoderm, so both cell types descend from a shared surface-ectoderm progenitor pool at the neural plate border.",1
Epibranchial placode,Telencephalon,5.95105207575939,-0.11982606518626682,-8.684306984360953,0.0032765239928905427,0.0,3606,34300,,,
Epibranchial placode,Trigeminal ganglion neuron,5.977898482671463,0.2520897281220729,10.189046050054236,0.0007129171051744934,0.0,3606,1765,,,
Epibranchial placode,Trigeminal placode,6.897766027753846,1.0290554998168033,55.77390599715098,0.0008777044449336605,0.0,3606,6546,Epibranchial placode,"Both are cranial neurogenic placodes that arise from the common pre-placodal ectoderm (a Six1/Eya-expressing band at the anterior neural plate border), so they share a recent progenitor pool within this placodal domain before segregating into trigeminal versus epibranchial (geniculate/petrosal/nodose) fates.",1
Epibranchial placode,Trigeminal sensory neuron,6.5524255731577545,0.7862980459773773,38.88657017600455,0.0058223868205489315,0.0,3606,3198,,,
Epibranchial placode,Trunk neural crest,6.065811249194794,0.11711242709234959,6.627834841399403,0.0002768724762456662,0.0,3606,6809,,,
Epibranchial placode,Vagal neural crest,6.086127479791357,0.12917241000074053,6.816715750791528,0.0019828098865732353,0.0,3606,4937,,,
Epibranchial sensory neuron,Epibranchial sensory neuron,9.500000000013637,-4.144832625267251e-15,-4.144317300219999e-05,1.020260104085842e-28,1.0,1270,1270,,,
Epibranchial sensory neuron,Epicardium,5.700892302775178,0.06421878741701843,2.570566049167798,0.002188686653898761,0.63,1270,1288,,,
Epibranchial sensory neuron,Epidermal progenitor,7.14655105320147,1.2663958240061914,56.165281988019764,0.004024244728529172,0.0,1270,24337,Epibranchial sensory neuron; Epidermal progenitor,"Epibranchial sensory neurons delaminate from epibranchial placodes, which arise from the same non-neural/surface (preplacodal) ectoderm that gives rise to epidermal progenitors, so both share a common surface-ectoderm progenitor pool at the neural plate border.",2
Epibranchial sensory neuron,Extraembryonic mesoderm,5.705465824862724,0.045685316096584515,1.8611900148136515,0.003011125620930662,0.48,1270,5300,,,
Epibranchial sensory neuron,Eye field,5.678817118485594,-0.2166611691841691,-9.041264819578641,0.0009880505926403806,0.0,1270,8896,,,
Epibranchial sensory neuron,First heart field,5.660688061029585,-0.025316939467925792,-0.712424792333135,0.006141031240666728,0.01,1270,1531,,,
Epibranchial sensory neuron,Floor plate,5.564029832974949,-0.4311762715860154,-16.461642337475144,0.008954175977487763,0.0,1270,16788,,,
Epibranchial sensory neuron,Foregut,5.329685043636815,-0.1505266953385543,-6.8004712590346195,0.021881861816035724,0.65,1270,2432,,,
Epibranchial sensory neuron,Forelimb field,5.915576321953696,-0.0026172814893022553,0.3279456315406688,0.0028920622539950103,0.87,1270,25891,,,
Epibranchial sensory neuron,Frontonasal mesenchyme,6.056899240100681,0.13463202190417167,7.391869631155622,0.03810314360152687,0.0,1270,24672,,,
Epibranchial sensory neuron,Head paraxial mesoderm,5.754073116722338,-0.13666943757577363,-6.534158392420443,0.0018916767667810674,0.0,1270,32981,,,
Epibranchial sensory neuron,Hematopoietic progenitor,5.064498220237113,-0.06190366771898681,-0.6640548012393689,0.0015984969859501408,0.71,1270,87,,,
Epibranchial sensory neuron,Hemogenic endothelium,5.493508900701105,0.15467177865615364,2.04088267829418,0.0042571839941788455,0.22,1270,141,,,
Epibranchial sensory neuron,Hepatoblast,5.284257470503686,-0.07605865037986437,-4.129341694683695,0.03313318342086061,0.95,1270,1255,,,
Epibranchial sensory neuron,Hindbrain (isthmic organizer),5.637743834709585,-0.2831192254095904,-11.651376373786187,0.015785864259721564,0.0,1270,3921,,,
Epibranchial sensory neuron,Hindbrain (r1),5.824100738241857,-0.22360688621939495,-9.142653435853866,0.010822007714415771,0.0,1270,16440,,,
Epibranchial sensory neuron,Hindbrain (r2-r4),5.929276953171712,-0.21900096424103457,-10.315491229192164,0.015679475436101535,0.0,1270,26863,,,
Epibranchial sensory neuron,Hindbrain (r5-r8),5.874712524580609,-0.2958816812680798,-11.912278190839038,0.009556674337605976,0.0,1270,28972,,,
Epibranchial sensory neuron,Hindgut,5.2807696248138845,-0.149144570074523,-6.050638186886045,0.03246487631642221,0.04,1270,3029,,,
Epibranchial sensory neuron,Hindlimb field,6.078799585908321,0.2009234530181964,8.40052863524358,0.04327724326015665,0.61,1270,6150,,,
Epibranchial sensory neuron,Hypaxial myogenic progenitor,5.663085266973892,-0.2913558529806097,-12.543856587179079,0.0019066539694849887,0.0,1270,5322,,,
Epibranchial sensory neuron,Hypothalamic neuron,5.483309094946757,-0.29660017979196684,-9.995408504039318,0.003152046953085977,0.0,1270,1528,,,
Epibranchial sensory neuron,Hypothalamus,5.50359630330463,-0.2926436404657604,-11.666983838444603,0.004280843066251933,0.0,1270,7652,,,
Epibranchial sensory neuron,Intermediate mesoderm,5.998685052469976,-0.07929553580683575,-2.617927146926726,0.012322089344643357,0.56,1270,10656,,,
Epibranchial sensory neuron,Juxtacardiac field,5.6311973297163425,0.04288831716591653,1.2712296848850109,0.0025969456318949346,0.92,1270,1386,,,
Epibranchial sensory neuron,Lens placode,6.448679113481543,0.7966020856001071,28.58650129803392,0.019219133714497127,0.0,1270,2811,,,
Epibranchial sensory neuron,Macrophage,5.2910513123108736,0.03482117767614815,0.3100618471369742,0.01524133991140125,0.52,1270,966,,,
Epibranchial sensory neuron,Megakaryocyte,5.279047341820104,-0.08945811554909344,-2.0302557223550046,0.0019868520662024974,0.34,1270,482,,,
Epibranchial sensory neuron,Mesothelium,5.490148370045056,-0.0731108100523145,-0.920135224813888,0.035158642923918064,0.63,1270,346,,,
Epibranchial sensory neuron,Midbrain,5.73915808977866,-0.26878941410431434,-11.135835473760652,0.025627253424060616,0.0,1270,21466,,,
Epibranchial sensory neuron,Midbrain neuron,5.75238480521931,-0.22689768745166372,-8.503626075301367,0.011670925337879256,0.0,1270,4463,,,
Epibranchial sensory neuron,Midgut,5.237711460606143,-0.19322410653543662,-7.403812057960843,0.04794724841242264,0.02,1270,1667,,,
Epibranchial sensory neuron,Myotome,5.643463488794836,-0.3076002165445117,-11.079835038629156,0.0004900759470372744,0.0,1270,2201,,,
Epibranchial sensory neuron,Nascent somite,5.92976256754967,-0.09626469381920917,-4.017382950402737,0.003013537564409722,0.07,1270,6475,,,
Epibranchial sensory neuron,Notochord,5.361942287941914,-0.14836679724471905,-4.7360275342236084,0.007313231946561721,0.02,1270,956,,,
Epibranchial sensory neuron,Olfactory placode,6.292503832883028,0.5583609434161033,23.862873016909415,0.0013417719839609308,0.0,1270,5872,,,
Epibranchial sensory neuron,Olfactory sensory neuron,5.870461595453168,0.3510116197551107,7.518099370752118,0.01549009291220058,0.0,1270,389,,,
Epibranchial sensory neuron,Otic placode,6.600322509945554,1.0049440763444037,34.11757366887857,0.014036036816732022,0.0,1270,2365,Epibranchial sensory neuron; Otic placode,Both cell types arise from the common posterior cranial pre-placodal ectoderm—specifically the Pax2/Pax8+ otic-epibranchial progenitor domain (OEPD)—which co-generates the otic placode and the epibranchial placodes that give rise to epibranchial sensory neurons.,2
Epibranchial sensory neuron,Otic sensory neuron,6.486365614160163,0.9857940270012447,27.95467629578279,0.007473586384420578,0.0,1270,974,Epibranchial sensory neuron; Otic sensory neuron,"Both are neurogenic cranial-placode derivatives that emerge from the shared otic-epibranchial progenitor domain (OEPD) within the posterior preplacodal ectoderm, so their sensory neurons descend from a common Pax2/Foxi-expressing placodal progenitor pool.",2
Epibranchial sensory neuron,Periocular mesoderm,5.244726966799852,-0.16973720097149206,-5.931355017841142,0.011196775736893093,0.04,1270,1739,,,
Epibranchial sensory neuron,Pharyngeal arch mesenchyme,6.254401327031126,0.23391322489628705,11.99145593878737,0.0235281443006469,0.05,1270,39085,,,
Epibranchial sensory neuron,Pharyngeal endoderm,5.578817056548599,0.001234978569818838,0.15625621776519694,0.05389224451003365,0.0,1270,5045,,,
Epibranchial sensory neuron,Pharyngeal mesoderm,5.690213896760795,-0.0929785451360529,-4.358288769046264,0.0038769118716710147,0.28,1270,7691,,,
Epibranchial sensory neuron,Presomitic mesoderm,5.914738950429282,-0.13019099703962814,-5.08832451256366,0.012171387403068185,0.0,1270,8521,,,
Epibranchial sensory neuron,Primordial germ cell,4.770108800294688,0.025341193070650636,0.08218207173466927,0.015450465085323082,0.56,762,25,,,
Epibranchial sensory neuron,Roof plate,6.107361789296994,0.030831858586579663,1.8405562954347534,0.012731706738485928,0.13,1270,6035,,,
Epibranchial sensory neuron,Sacral neural crest,5.81536263293768,0.017367044495221567,0.8245895814162661,0.01805932953623546,0.14,1270,2156,,,
Epibranchial sensory neuron,Sclerotome,5.860624887443706,-0.37440334502006056,-16.9894648977106,0.0049483988820823895,0.0,1270,74334,,,
Epibranchial sensory neuron,Second heart field,5.89242723870959,0.09090029340972035,4.517327164972784,3.365926420734009e-05,0.01,1270,6952,,,
Epibranchial sensory neuron,Somatic mesoderm,6.333413776761137,0.11353734246181062,5.21107178276277,0.005882065627821484,0.03,1270,66151,,,
Epibranchial sensory neuron,Somatic motor neuron,5.587209232263679,-0.42402382452124926,-15.27391084427853,0.00511197463954453,0.0,1270,6559,,,
Epibranchial sensory neuron,Spinal cord (cervical),5.954437902632137,-0.26240036921187776,-10.292025447901473,0.00737171054192407,0.0,1270,41051,,,
Epibranchial sensory neuron,Spinal cord (lumbar),5.845454851774446,-0.23021553665342154,-9.706933763887168,0.009422623868592769,0.0,1270,12722,,,
Epibranchial sensory neuron,Spinal cord (sacral),5.797447021451943,-0.21257626595462664,-7.193774910830705,0.016537324070803085,0.0,1270,5351,,,
Epibranchial sensory neuron,Spinal cord (thoracic),5.904838754311585,-0.24132667175712333,-9.203431828041998,0.018832363816751095,0.0,1270,35061,,,
Epibranchial sensory neuron,Spinal cord interneuron,5.965155047321112,-0.32490242051968704,-12.072832712585239,0.011780335584321787,0.0,1270,12470,,,
Epibranchial sensory neuron,Splanchnic mesoderm,6.194629201784174,0.06080875554488122,2.8923968714264885,0.0014427064804575867,0.17,1270,21642,,,
Epibranchial sensory neuron,Surface ectoderm,6.352076364462701,0.8019961764091699,28.593861244959232,0.008937545745634583,0.0,1270,2649,Surface ectoderm,"Epibranchial sensory neurons delaminate from epibranchial placodes, which are focal thickenings of cranial surface ectoderm derived from the preplacodal/panplacodal ectoderm, so both cell types share a common surface-ectodermal progenitor pool.",2
Epibranchial sensory neuron,Telencephalon,5.929679438699144,-0.10170911901298396,-4.297070939227721,0.0015109947250383894,0.0,1270,34300,,,
Epibranchial sensory neuron,Trigeminal ganglion neuron,5.885200579540381,0.19745184125072926,6.838548280978554,0.012632447938270308,0.02,1270,1765,,,
Epibranchial sensory neuron,Trigeminal placode,6.908136342483934,1.0791582955883332,44.762587579726244,0.0021810061195730265,0.0,1270,6546,Epibranchial sensory neuron,"Both cell types derive from the common preplacodal ectoderm at the cranial neural-plate border, where the trigeminal and epibranchial placodes (the latter giving rise to epibranchial sensory neurons) emerge from a shared cranial placodal progenitor field.",2
Epibranchial sensory neuron,Trigeminal sensory neuron,6.590525294083041,0.8615179928290516,32.934468246388214,0.012851892389747334,0.0,1270,3198,Trigeminal sensory neuron,"Both are cranial sensory neurons derived from neurogenic ectodermal placodes arising from the common pre-placodal region (the trigeminal/ophthalmic-maxillomandibular placode and the epibranchial placodes), giving them a shared placodal progenitor origin.",2
Epibranchial sensory neuron,Trunk neural crest,5.959499518641071,0.04905212650154726,3.0305951749963467,0.01719193456340091,0.0,1270,6809,,,
Epibranchial sensory neuron,Vagal neural crest,6.016916086409217,0.0963519189220543,3.863576861781006,0.01028030244683587,0.67,1270,4937,,,
Epicardium,Epicardium,9.500000000024436,-4.736951571734001e-15,-5.328344858639215e-05,1.0833689765035227e-28,1.0,1288,1288,,,
Epicardium,Epidermal progenitor,5.990913949636666,0.015386331927037311,0.5745197588042479,0.005081008607576607,0.57,1288,24337,,,
Epicardium,Extraembryonic mesoderm,6.067662393807276,0.3112443737382617,16.195819272714118,0.016201183278373582,0.0,1288,5300,Extraembryonic mesoderm,"Both derive from early posterior/proximal nascent mesoderm emerging from the primitive streak, and specifically the proepicardium/septum-transversum region that gives rise to the epicardium is contiguous with and lineage-related to the anterior extraembryonic (allantoic/amniotic) mesoderm, likely via a shared Hand1+ juxta-cardiac-field-like mesodermal progenitor pool.",3
Epicardium,Eye field,5.674025426670744,-0.3126285364425847,-14.33850565677694,0.0012010094101445445,0.0,1288,8896,,,
Epicardium,First heart field,6.637121423684879,0.8567638593733239,43.19218223370325,0.005078259795174364,0.0,1288,1531,Epicardium; First heart field,"Both derive from the same anterior lateral-plate/cardiogenic mesoderm—specifically the first heart field and its adjacent juxta-cardiac field, a bipotent pool that gives rise to both myocardium and the proepicardium/epicardium.",2
Epicardium,Floor plate,5.685449267378431,-0.4073985201749126,-16.034403605603853,0.005250918101567014,0.0,1288,16788,,,
Epicardium,Foregut,5.559925468942585,-0.01789531762416659,-0.7266989887265151,0.005941376275473813,0.06,1288,2432,,,
Epicardium,Forelimb field,5.932662089774239,-0.08013021175065631,-3.8909456997006955,0.0020808440325262843,0.12,1288,25891,,,
Epicardium,Frontonasal mesenchyme,5.7996529955127185,-0.21778857305413654,-10.282046602957784,0.003961579066189663,0.0,1288,24672,,,
Epicardium,Head paraxial mesoderm,6.094829542017371,0.11092104633643303,5.354984781555472,0.002213367613395262,0.02,1288,32981,,,
Epicardium,Hematopoietic progenitor,5.3159525651523145,0.08172147858510304,1.1779362813418237,0.007051389030917395,0.75,1288,87,,,
Epicardium,Hemogenic endothelium,5.498174038148555,0.05933418730632933,0.9979766719556084,8.067138637499786e-05,0.48,1288,141,,,
Epicardium,Hepatoblast,5.431589912250075,-0.022248078815819916,-0.905600516989317,0.0009105839557146941,0.72,1288,1255,,,
Epicardium,Hindbrain (isthmic organizer),5.650298164831525,-0.3641329012036669,-16.252735146249584,0.0016899730590764492,0.0,1288,3921,,,
Epicardium,Hindbrain (r1),5.74021631918033,-0.4031439425050592,-19.286833167539626,0.0011007456742030712,0.0,1288,16440,,,
Epicardium,Hindbrain (r2-r4),5.848912309139966,-0.38995021427176163,-17.997607003574764,0.0005858016544007204,0.0,1288,26863,,,
Epicardium,Hindbrain (r5-r8),5.849930774127761,-0.415812307586027,-17.358333036945922,0.0016901862346455205,0.0,1288,28972,,,
Epicardium,Hindgut,5.47893769293655,-0.04769717033957329,-2.4673936513786625,0.007343604430822469,0.85,1288,3029,,,
Epicardium,Hindlimb field,5.830058640151829,-0.14039900865950164,-5.952743514335002,0.0005358619295949123,0.0,1288,6150,,,
Epicardium,Hypaxial myogenic progenitor,5.876553443109621,-0.17095076882164614,-7.327960162427044,0.006160555227550348,0.0,1288,5322,,,
Epicardium,Hypothalamic neuron,5.595958706134134,-0.2772648638755764,-10.950511049544959,0.008823248558796754,0.0,1288,1528,,,
Epicardium,Hypothalamus,5.605599605135638,-0.28714797224752225,-12.486984284508116,0.0060261698782547255,0.0,1288,7652,,,
Epicardium,Intermediate mesoderm,5.838898458268285,-0.3325670257761348,-14.75119688081493,0.0018758974352838646,0.0,1288,10656,,,
Epicardium,Juxtacardiac field,6.7032320727848616,1.0230777969216034,43.19963119210368,0.0006287181190846149,0.0,1288,1386,Epicardium; Juxtacardiac field,"The juxtacardiac field—a Mab21l2+/Hand1+ pool of anterior lateral plate mesoderm adjacent to the cardiac crescent—is a recently defined progenitor source that directly gives rise to the epicardium (and septum transversum), so the two cell types descend from this shared JCF/lateral plate mesoderm progenitor.",2
Epicardium,Lens placode,5.713641573241364,-0.0328860350934009,-0.9731519804346922,0.025803413355531518,0.0,1288,2811,,,
Epicardium,Macrophage,5.4908738098322045,0.14541013631990385,4.230710672111885,0.00640862618022289,0.04,1288,966,Macrophage,"Both cell types likely descend from posterior/lateral plate mesoderm at the venous pole–yolk sac interface, where the proepicardium (giving rise to epicardium) emerges adjacent to the extraembryonic/yolk-sac hemogenic mesoderm that generates the erythro-myeloid progenitors (EMPs) producing E9.5 primitive macrophages.",4
Epicardium,Megakaryocyte,5.497031691528517,0.03203298876609928,0.9031327803940776,0.001909386113446306,0.87,1288,482,,,
Epicardium,Mesothelium,5.6474856878157835,0.0020519027268995535,0.13353772352494322,0.006621796934521427,0.64,1288,346,,,
Epicardium,Midbrain,5.740450844903756,-0.3624710169991315,-16.954849324349368,0.0008302798826349012,0.0,1288,21466,,,
Epicardium,Midbrain neuron,5.720270242019043,-0.3531996660028704,-15.479054839619119,0.00011540850449588433,0.0,1288,4463,,,
Epicardium,Midgut,5.490926561149429,-0.038273456429006814,-2.134965755469796,0.02217890078692095,0.49,1288,1667,,,
Epicardium,Myotome,5.811192980221871,-0.2355503342740152,-10.246160629382961,0.0034000685465690175,0.0,1288,2201,,,
Epicardium,Nascent somite,5.858115352849194,-0.26281266122146035,-12.126108099719005,0.005266278417498766,0.0,1288,6475,,,
Epicardium,Notochord,5.571176108078901,-0.03489344331191221,-1.7231517158360887,0.013737683285122515,0.0,1288,956,,,
Epicardium,Olfactory placode,5.763974288061312,-0.06290164436084063,-2.1272485982060956,0.021013511118028856,0.0,1288,5872,,,
Epicardium,Olfactory sensory neuron,5.546703593003162,-0.06657674278491725,-1.4623211593193446,0.026996941044539886,0.0,1288,389,,,
Epicardium,Otic placode,5.645741494525523,-0.04912099813221923,-1.8051892993539198,0.0014267065871319585,0.64,1288,2365,,,
Epicardium,Otic sensory neuron,5.612783976787452,0.021206135380245367,0.6655292536693834,0.0015021771488434887,0.67,1288,974,,,
Epicardium,Periocular mesoderm,5.754134399777869,0.24809429379748593,10.850469463413553,0.02446030292155789,0.01,1288,1739,,,
Epicardium,Pharyngeal arch mesenchyme,5.8829650602114425,-0.22925027535853312,-10.03630469247583,0.005294963097276697,0.0,1288,39085,,,
Epicardium,Pharyngeal endoderm,5.680745087317358,0.010179654100094027,0.43854698870234327,0.0014190339420383172,0.52,1288,5045,,,
Epicardium,Pharyngeal mesoderm,6.396712386654893,0.5203822053594281,28.198065802696572,0.003964080912372171,0.0,1288,7691,Epicardium,"Both epicardium (via the proepicardium/juxta-cardiac field) and pharyngeal mesoderm (second heart field and head-muscle progenitors) arise from the anterior lateral plate mesoderm / cardiopharyngeal field, so they share recent common progenitors in this cardiogenic-splanchnic domain.",2
Epicardium,Presomitic mesoderm,5.825175328861101,-0.3113123499962045,-12.515505088665165,0.0018464143726804878,0.0,1288,8521,,,
Epicardium,Primordial germ cell,4.606136639330499,-0.27717074061061675,-2.8461373332734095,0.00025270086285071695,0.01,781,25,Primordial germ cell,"Both may trace to the posterior primitive streak/proximal-posterior epiblast that generates posterior lateral plate mesoderm (the septum-transversum–derived proepicardium that forms epicardium) and the adjacent extraembryonic/allantoic mesoderm in which primordial germ cells are specified, giving them a shared posterior-mesodermal progenitor origin.",3
Epicardium,Roof plate,5.859398952829903,-0.31246710860652743,-12.563102796353997,0.0017754921487741029,0.0,1288,6035,,,
Epicardium,Sacral neural crest,5.695425207133603,-0.19339626580230718,-7.015795515940373,0.00041751476804791787,0.0,1288,2156,,,
Epicardium,Sclerotome,5.96716800716752,-0.3647073613182374,-17.807598822827764,0.005818017776307784,0.0,1288,74334,,,
Epicardium,Second heart field,6.993042089071335,1.0980850650442469,53.85222773907609,0.0017814803528304242,0.0,1288,6952,Epicardium; Second heart field,Both the epicardium (via the proepicardium) and the second heart field derive from a shared pool of cardiogenic lateral plate/splanchnic mesoderm—the juxta-cardiac field/posterior second heart field—whose progenitors give rise to both the epicardial lineage and SHF-derived myocardium.,2
Epicardium,Somatic mesoderm,6.4875131432697755,0.17141860563988795,8.190172310299827,0.009450451407040629,0.0,1288,66151,,,
Epicardium,Somatic motor neuron,5.723218057531217,-0.3855939833697981,-16.770273966429738,0.005922496553084358,0.0,1288,6559,,,
Epicardium,Spinal cord (cervical),5.873065827230512,-0.4391612566590754,-18.51506636036626,0.0012897677602679454,0.0,1288,41051,,,
Epicardium,Spinal cord (lumbar),5.824829739318722,-0.3426438188565803,-14.652704387971667,0.005858792760008565,0.0,1288,12722,,,
Epicardium,Spinal cord (sacral),5.78319834425545,-0.322294582148879,-13.889490080853484,0.007196025742120516,0.0,1288,5351,,,
Epicardium,Spinal cord (thoracic),5.8431167609094565,-0.3999012750273234,-16.80638201412123,0.0035600551546516295,0.0,1288,35061,,,
Epicardium,Spinal cord interneuron,5.87442845294629,-0.51018706519727,-21.3138408772185,6.886646389269164e-05,0.0,1288,12470,,,
Epicardium,Splanchnic mesoderm,6.583843147460101,0.3573415765207031,17.59815896338984,0.013739404600786688,0.0,1288,21642,,,
Epicardium,Surface ectoderm,5.755429666133641,0.10782547431437894,3.956075126040797,0.007979030036363993,0.34,1288,2649,,,
Epicardium,Telencephalon,5.778904243862159,-0.34711950453396617,-16.182642111065217,0.0013260491021070539,0.0,1288,34300,,,
Epicardium,Trigeminal ganglion neuron,5.677275508425102,-0.10397414684833055,-3.9223735306875334,0.0032242303869960956,0.02,1288,1765,,,
Epicardium,Trigeminal placode,5.847277762293875,-0.0765989953706739,-3.116590506239659,0.014714488462114773,0.0,1288,6546,,,
Epicardium,Trigeminal sensory neuron,5.758648836293934,-0.06357445354218694,-2.232719087506066,0.012380389990006877,0.0,1288,3198,,,
Epicardium,Trunk neural crest,5.783202065679968,-0.22008124167372975,-9.148707966054722,0.0017741218171337463,0.0,1288,6809,,,
Epicardium,Vagal neural crest,5.824807017176216,-0.18766736032675566,-7.844856846055554,0.001211291148373159,0.0,1288,4937,,,
Epidermal progenitor,Epidermal progenitor,9.500000000004801,9.473903143468002e-15,9.472535984826668e-05,7.047157419974373e-29,1.0,24337,24337,,,
Epidermal progenitor,Extraembryonic mesoderm,5.967324366075886,-0.03235006718906567,-3.7740263138567083,0.00450224407265391,0.0,24337,5300,,,
Epidermal progenitor,Eye field,5.959923203870555,-0.2711871288344992,-28.559660805822418,0.002409077206782555,0.0,24337,8896,,,
Epidermal progenitor,First heart field,5.911239194428883,-0.11261026414981679,-6.006285615677304,0.0030556611985937507,0.0,24337,1531,,,
Epidermal progenitor,Floor plate,5.81145825392787,-0.5236047481035578,-61.770186901972146,0.0017218215138645639,0.0,24337,16788,,,
Epidermal progenitor,Foregut,5.596640785052607,-0.2261542422738989,-13.045300539433883,0.010335785568704216,0.0,24337,2432,,,
Epidermal progenitor,Forelimb field,6.284278168543065,0.02747223399120576,3.368290689983558,0.0032114780253120574,0.0,24337,25891,,,
Epidermal progenitor,Frontonasal mesenchyme,6.480087150162533,0.2191872090958983,36.22467170363081,0.015318964654817817,0.0,24337,24672,,,
Epidermal progenitor,Head paraxial mesoderm,6.019398092249016,-0.21044038348033775,-32.7608349585244,0.0002057780426909933,0.0,24337,32981,,,
Epidermal progenitor,Hematopoietic progenitor,5.345217067015484,-0.12153739022214616,-1.5327478635078797,0.010699798678052843,0.77,24337,87,,,
Epidermal progenitor,Hemogenic endothelium,5.9807271096561,0.2985460443633767,4.565657939680907,0.01501627825363587,0.0,24337,141,,,
Epidermal progenitor,Hepatoblast,5.474734209064034,-0.22581425208091765,-12.311652545427586,0.033753618002568334,0.0,24337,1255,,,
Epidermal progenitor,Hindbrain (isthmic organizer),5.903660008915392,-0.3548961510186099,-26.34652140635517,0.006837734406456238,0.0,24337,3921,,,
Epidermal progenitor,Hindbrain (r1),6.058191662000358,-0.3272402864609238,-42.92493473432381,0.0064181209800041866,0.0,24337,16440,,,
Epidermal progenitor,Hindbrain (r2-r4),6.211338954016102,-0.27299430968998983,-39.497571207528665,0.0015012273800699858,0.0,24337,26863,,,
Epidermal progenitor,Hindbrain (r5-r8),6.184432930435971,-0.32433094050608374,-45.63302309610691,0.0006647827502330758,0.0,24337,28972,,,
Epidermal progenitor,Hindgut,5.553678124849809,-0.21292109635469578,-14.044728917954428,0.0049742759258062435,0.0,24337,3029,,,
Epidermal progenitor,Hindlimb field,6.602590741381515,0.3860492426830599,33.85936221812824,0.009897265795036803,0.0,24337,6150,Hindlimb field,"The epidermal progenitors overlying the posterior body wall and the hindlimb-field lateral plate mesoderm likely co-emerge from the same caudal epiblast/primitive-streak territory, so a shared regional posterior-epiblast progenitor pool couples surface ectoderm and limb-field mesoderm despite their different germ layers.",3
Epidermal progenitor,Hypaxial myogenic progenitor,5.9713538027569415,-0.3202445492821158,-30.502961161040528,0.0014895945502060182,0.0,24337,5322,,,
Epidermal progenitor,Hypothalamic neuron,5.755476154458222,-0.36100905881100537,-18.284591273780208,0.0009651296957564081,0.0,24337,1528,,,
Epidermal progenitor,Hypothalamus,5.7509835375661424,-0.38386175447498666,-38.83163154730452,0.0001496364903650732,0.0,24337,7652,,,
Epidermal progenitor,Intermediate mesoderm,6.450939349001122,0.035751395200186074,4.546103681805481,0.0030698865905521185,0.05,24337,10656,,,
Epidermal progenitor,Juxtacardiac field,5.864720983669533,-0.05892461173521676,-2.934191850049011,0.002183378904675902,0.23,24337,1386,,,
Epidermal progenitor,Lens placode,7.238190968007204,1.2471494506615655,83.7404320400408,0.005582730932595937,0.0,24337,2811,Epidermal progenitor; Lens placode,"Both cell types derive from the same surface (non-neural) ectoderm progenitor pool—the lens placode is a local thickening of head surface ectoderm, the same epithelium that produces epidermal progenitors—so their shared ancestry reflects a common surface-ectoderm origin.",2
Epidermal progenitor,Macrophage,5.433351932668991,-0.15706313780371536,-6.356454174773763,0.011020883855429719,0.21,24337,966,,,
Epidermal progenitor,Megakaryocyte,5.547064025972613,-0.1565648955772252,-4.31204086612028,0.00222481998923106,0.0,24337,482,,,
Epidermal progenitor,Mesothelium,5.87546752363468,-0.02658135714673519,-0.3923464672282266,0.00391574201975649,0.84,24337,346,,,
Epidermal progenitor,Midbrain,5.997964641817698,-0.3492725184635237,-50.30231227168476,0.0027303973890997965,0.0,24337,21466,,,
Epidermal progenitor,Midbrain neuron,6.030788425285941,-0.2866903084793678,-21.67811025848187,0.0008086223685654695,0.0,24337,4463,,,
Epidermal progenitor,Midgut,5.5301198444103425,-0.2399242043808029,-12.925317976162832,0.01325355986282798,0.0,24337,1667,,,
Epidermal progenitor,Myotome,5.918633763461965,-0.3739105387665151,-22.120018820643946,0.0007999442565802441,0.0,24337,2201,,,
Epidermal progenitor,Nascent somite,6.270458450441197,-0.09301191500683181,-9.127355287637096,0.0006037238211218697,0.0,24337,6475,,,
Epidermal progenitor,Notochord,5.607128464881783,-0.2405951195626086,-10.175170000067313,0.0037801205063286644,0.0,24337,956,,,
Epidermal progenitor,Olfactory placode,6.97543637759177,0.9061147176515757,82.31849266593353,0.005489146606285763,0.0,24337,5872,Olfactory placode,"Both cell types derive from the non-neural surface ectoderm—the olfactory placode arises from the anterior preplacodal ectoderm at the neural plate border, a specialized domain of the same surface ectoderm that gives rise to epidermal progenitors—so they share a recent common ectodermal progenitor pool.",2
Epidermal progenitor,Olfactory sensory neuron,6.547882948801942,0.6907913138703631,16.35706146552954,8.631904112544222e-05,0.0,24337,389,Olfactory sensory neuron,"Both derive from the non-neural surface (cranial) ectoderm—olfactory sensory neurons arise from the olfactory placode, an ectodermal placode that buds from the same surface ectoderm sheet that generates epidermal progenitors, so they share a recent common ectodermal progenitor pool in the anterior head region.",2
Epidermal progenitor,Otic placode,6.82448844121582,0.8882700635515762,52.13540559363088,0.008543389299065462,0.0,24337,2365,Otic placode,"Both cell types derive from surface (non-neural) ectoderm—the otic placode arises from the preplacodal ectoderm at the neural plate border, the same surface-ectoderm sheet that gives rise to epidermis, so they share a common ectodermal progenitor pool.",1
Epidermal progenitor,Otic sensory neuron,6.684557642088453,0.8503261983720822,35.35225414359882,0.012972796728616615,0.0,24337,974,Otic sensory neuron,"Both cell types arise from surface (non-neural) ectoderm—epidermal progenitors directly, and otic sensory neurons via the otic placode that delaminates from preplacodal/surface ectoderm adjacent to the hindbrain—so they share a common ectodermal progenitor pool.",2
Epidermal progenitor,Periocular mesoderm,5.568591298542601,-0.18303719945598415,-7.885583499653339,0.01004342355510246,0.0,24337,1739,,,
Epidermal progenitor,Pharyngeal arch mesenchyme,6.691410457339792,0.3325325843032747,55.06584741525776,0.0007674801429191993,0.0,24337,39085,,,
Epidermal progenitor,Pharyngeal endoderm,5.880819277417832,-0.03487256006729241,-2.848894200899172,0.028723142127125435,0.42,24337,5045,,,
Epidermal progenitor,Pharyngeal mesoderm,5.99907140141304,-0.12180687717247392,-14.258711528610602,0.006448182485574105,0.0,24337,7691,,,
Epidermal progenitor,Presomitic mesoderm,6.2932733408981685,-0.08766196517006601,-9.105173135164907,0.0012880943939230908,0.0,24337,8521,,,
Epidermal progenitor,Primordial germ cell,4.7954901600438475,-0.30014551750132057,-2.1765566562479655,0.01852550218088929,0.06,15453,25,,,
Epidermal progenitor,Roof plate,6.487052092133669,0.07036260419856699,6.6277797734810555,0.0019164743574622894,0.02,24337,6035,,,
Epidermal progenitor,Sacral neural crest,6.382605806939658,0.2467201602945742,14.128860270417496,0.0011217831424186011,0.0,24337,2156,,,
Epidermal progenitor,Sclerotome,6.167025847116025,-0.4062986504606177,-78.94046338167954,0.0005765493751083004,0.0,24337,74334,,,
Epidermal progenitor,Second heart field,6.19849257262883,0.05705263543807396,5.149022046029825,0.00779401991491534,0.0,24337,6952,,,
Epidermal progenitor,Somatic mesoderm,6.812823422734364,0.2541867378522354,45.798019834095065,0.003368387201106376,0.0,24337,66151,,,
Epidermal progenitor,Somatic motor neuron,5.872356791151181,-0.4786525765914427,-44.617177394669135,0.0010298051488032258,0.0,24337,6559,,,
Epidermal progenitor,Spinal cord (cervical),6.253683227632319,-0.30166205328568907,-46.528211294312825,0.0012890847514131845,0.0,24337,41051,,,
Epidermal progenitor,Spinal cord (lumbar),6.237780682107105,-0.17425526580865056,-20.572184553444668,0.0010758761559615422,0.0,24337,12722,,,
Epidermal progenitor,Spinal cord (sacral),6.199805471484033,-0.1481232261184262,-13.16067387069466,0.0007499313433109498,0.0,24337,5351,,,
Epidermal progenitor,Spinal cord (thoracic),6.237067468170565,-0.25064136087518535,-40.37876377980741,0.0010488284777045648,0.0,24337,35061,,,
Epidermal progenitor,Spinal cord interneuron,6.26909402018062,-0.3598003815544913,-39.21729146044168,0.0010304735765490998,0.0,24337,12470,,,
Epidermal progenitor,Splanchnic mesoderm,6.608700685767661,0.13648592134916213,17.60732484768548,4.840173482799686e-05,0.0,24337,21642,,,
Epidermal progenitor,Surface ectoderm,7.573796632676949,1.682066343142156,100.72724532457103,0.004712117369350968,0.0,24337,2649,Epidermal progenitor; Surface ectoderm,"Epidermal progenitors are the direct descendants of surface (non-neural) ectoderm, which is specified by BMP-driven lineage restriction of the ectodermal epiblast, so the two cell types are essentially sequential stages of the same surface-ectoderm-to-epidermis lineage.",1
Epidermal progenitor,Telencephalon,6.253038644117066,-0.11747506547147246,-17.2346528868795,0.0021953470071566185,0.0,24337,34300,,,
Epidermal progenitor,Trigeminal ganglion neuron,6.363114509697912,0.33850139004199836,17.58510468970912,0.007320977003560816,0.0,24337,1765,,,
Epidermal progenitor,Trigeminal placode,7.138818940462493,0.9706011652114462,92.173556036948,0.0002617621481516592,0.0,24337,6546,,,
Epidermal progenitor,Trigeminal sensory neuron,7.234676757727336,1.1695949628293334,82.97809169580967,0.008274728684614355,0.0,24337,3198,Epidermal progenitor; Trigeminal sensory neuron,"Both derive from cranial surface (non-neural) ectoderm—epidermal progenitors from the general surface ectoderm and trigeminal sensory neurons from the neurogenic placodes (ophthalmic/maxillomandibular trigeminal placodes) that bud off the adjacent preplacodal ectoderm at the neural-plate border, giving them a recent shared ectodermal progenitor pool.",2
Epidermal progenitor,Trunk neural crest,6.4575754994600425,0.21169760235636778,19.167919827188683,0.005581375176604439,0.0,24337,6809,,,
Epidermal progenitor,Vagal neural crest,6.432400257054364,0.1740351405424443,14.990582514246535,0.0013368020390071384,0.0,24337,4937,,,
Extraembryonic mesoderm,Extraembryonic mesoderm,9.500000000027711,7.105427357601002e-15,5.920137836933333e-05,4.070522270940421e-28,1.0,5300,5300,,,
Extraembryonic mesoderm,Eye field,5.6642440155255045,-0.34515794597470634,-24.832402115590483,0.00045109117753297317,0.0,5300,8896,,,
Extraembryonic mesoderm,First heart field,6.144759169140493,0.343109192541843,18.78870768663479,4.6817529162956226e-05,0.0,5300,1531,Extraembryonic mesoderm,"Both derive from the earliest wave of Mesp1+ nascent mesoderm ingressing through the posterior/proximal primitive streak, where first-wave mesoderm produces extraembryonic (yolk-sac/allantois) mesoderm alongside first-heart-field/juxtacardiac cardiac progenitors from a shared early progenitor pool.",3
Extraembryonic mesoderm,Floor plate,5.661412956289223,-0.4533735516836804,-35.2123416054211,0.000891417585555876,0.0,5300,16788,,,
Extraembryonic mesoderm,Foregut,5.64299432275421,0.04244003361099905,2.973971249761739,0.0024353532152601633,0.83,5300,2432,,,
Extraembryonic mesoderm,Forelimb field,5.904349632961881,-0.13133038317520315,-12.186878950009957,0.0005203756886088658,0.0,5300,25891,,,
Extraembryonic mesoderm,Frontonasal mesenchyme,5.812679435443182,-0.2269173252646158,-23.137179223064948,0.0107970147486894,0.0,5300,24672,,,
Extraembryonic mesoderm,Head paraxial mesoderm,5.952066314953058,-0.05796936502982586,-5.656128634466985,0.005438726091349784,0.04,5300,32981,,,
Extraembryonic mesoderm,Hematopoietic progenitor,5.486219623504745,0.23784156753566896,3.5958651688276504,0.014019304987868873,0.1,5300,87,,,
Extraembryonic mesoderm,Hemogenic endothelium,5.56018450905011,0.09693025726466005,2.4041474997864243,0.014442699913839712,0.69,5300,141,,,
Extraembryonic mesoderm,Hepatoblast,5.407503043200371,-0.06993543135148883,-3.6262778578448454,0.0032711160520494803,0.63,5300,1255,,,
Extraembryonic mesoderm,Hindbrain (isthmic organizer),5.633348851494816,-0.4025506252315439,-29.399946275741456,0.0016980140127394636,0.0,5300,3921,,,
Extraembryonic mesoderm,Hindbrain (r1),5.731664400145438,-0.43393870708365717,-36.64688741648842,0.0009699178308048544,0.0,5300,16440,,,
Extraembryonic mesoderm,Hindbrain (r2-r4),5.808995146148566,-0.4531161431742999,-41.46792714549435,0.00024327393537959755,0.0,5300,26863,,,
Extraembryonic mesoderm,Hindbrain (r5-r8),5.782587394114863,-0.5063087957175828,-42.922256969602756,4.6000923188082776e-05,0.0,5300,28972,,,
Extraembryonic mesoderm,Hindgut,5.6320174852876255,0.08469056784769376,5.315019080008013,0.004129604987038048,0.15,5300,3029,,,
Extraembryonic mesoderm,Hindlimb field,5.841179408809167,-0.152798337255977,-11.45379127990489,0.007496658432934778,0.0,5300,6150,,,
Extraembryonic mesoderm,Hypaxial myogenic progenitor,5.7761262905878334,-0.2936812695753292,-24.24894224476377,0.0030580605385870444,0.0,5300,5322,,,
Extraembryonic mesoderm,Hypothalamic neuron,5.564652494760083,-0.3324551505289932,-17.747289765880875,0.0012133667800446695,0.0,5300,1528,,,
Extraembryonic mesoderm,Hypothalamus,5.5766707565117315,-0.3378873316226005,-27.426175707553522,0.000687734982406024,0.0,5300,7652,,,
Extraembryonic mesoderm,Intermediate mesoderm,5.849527183128306,-0.3451006513314659,-28.237629867439967,0.00682442072615342,0.0,5300,10656,,,
Extraembryonic mesoderm,Juxtacardiac field,5.960160009265685,0.2550279052709617,13.31042194645071,0.01096551616074006,0.0,5300,1386,,,
Extraembryonic mesoderm,Lens placode,5.733328612056854,-0.034258657293883964,-2.858128927816123,0.008131043440112184,0.2,5300,2811,,,
Extraembryonic mesoderm,Macrophage,5.697659708169668,0.32589439548686333,13.928838466909836,0.0053665782101481995,0.0,5300,966,Extraembryonic mesoderm; Macrophage,"The first wave of tissue macrophages in the mouse arises from primitive/erythromyeloid progenitors in the yolk-sac blood islands, which are themselves derived from extraembryonic (yolk-sac) mesoderm, so the two cell types share a common yolk-sac hemangioblast/hemogenic progenitor origin.",2
Extraembryonic mesoderm,Megakaryocyte,5.852742307011162,0.3635733136953476,12.375392376311597,0.014709904678710693,0.0,5300,482,Extraembryonic mesoderm; Megakaryocyte,"Both lineages trace to yolk-sac extraembryonic (splanchnic) mesoderm, where blood-island hemangioblast/hemogenic-endothelium progenitors generate the primitive hematopoietic wave—including the first megakaryocytes—so megakaryocytes and their surrounding extraembryonic mesoderm share recent common progenitors.",2
Extraembryonic mesoderm,Mesothelium,5.618949269385478,-0.05762242054654395,-1.3836386784573949,0.009812247431311443,0.09,5300,346,,,
Extraembryonic mesoderm,Midbrain,5.712051161383403,-0.4158001335101356,-35.80320917976892,0.00010405346693061258,0.0,5300,21466,,,
Extraembryonic mesoderm,Midbrain neuron,5.692770885093299,-0.40521536869519953,-30.454136057893226,0.0005317550509497293,0.0,5300,4463,,,
Extraembryonic mesoderm,Midgut,5.654728353260951,0.10485020356863,6.4483436076807275,0.007558491496933037,0.16,5300,1667,,,
Extraembryonic mesoderm,Myotome,5.744413174791332,-0.3274353689194574,-19.727018875175016,0.0037017321439277687,0.0,5300,2201,,,
Extraembryonic mesoderm,Nascent somite,5.8106941986964555,-0.33246199978009433,-26.320721602776512,0.0019011130523046843,0.0,5300,6475,,,
Extraembryonic mesoderm,Notochord,5.560575714981572,-0.06473433307943861,-3.3284598994839936,0.012282427784221086,0.05,5300,956,,,
Extraembryonic mesoderm,Olfactory placode,5.7888345162911135,-0.0581615663341409,-5.758612256426507,0.026480333674660423,0.16,5300,5872,,,
Extraembryonic mesoderm,Olfactory sensory neuron,5.592007321917276,-0.048089682637972864,-1.5491883542028784,0.02890551646041477,0.22,5300,389,,,
Extraembryonic mesoderm,Otic placode,5.666547710343903,-0.049211306983810786,-3.47413289081676,0.016100149011496423,0.0,5300,2365,,,
Extraembryonic mesoderm,Otic sensory neuron,5.543577851553138,-0.07369454226483747,-3.502036364657991,0.005478880848193063,0.96,5300,974,,,
Extraembryonic mesoderm,Periocular mesoderm,5.73416460615783,0.2052109527739967,11.80342352117527,0.007812957206524978,0.0,5300,1739,,,
Extraembryonic mesoderm,Pharyngeal arch mesenchyme,5.827526507406961,-0.30952082504074063,-25.93222900201324,0.012649502111018139,0.0,5300,39085,,,
Extraembryonic mesoderm,Pharyngeal endoderm,5.72476312560055,0.028103615198408427,2.1353452286333585,0.0017791845530637865,0.95,5300,5045,,,
Extraembryonic mesoderm,Pharyngeal mesoderm,6.005752474924219,0.10607882256927177,10.071992745977221,1.9510126561182668e-05,0.0,5300,7691,,,
Extraembryonic mesoderm,Presomitic mesoderm,5.820108973461398,-0.339620872204694,-26.913948250345197,0.0016022915877343907,0.0,5300,8521,,,
Extraembryonic mesoderm,Primordial germ cell,4.754200998900792,-0.10940748337689365,-0.8846933540963334,0.012217397259763967,0.63,3780,25,,,
Extraembryonic mesoderm,Roof plate,5.812609722710929,-0.38264515239145275,-29.040965968092195,0.005729211815538832,0.0,5300,6035,,,
Extraembryonic mesoderm,Sacral neural crest,5.709267678323466,-0.20644550816994922,-11.503060349115444,0.003313283790846034,0.0,5300,2156,,,
Extraembryonic mesoderm,Sclerotome,5.87910001618739,-0.4738150448138268,-41.686612919345265,6.924543952995019e-05,0.0,5300,74334,,,
Extraembryonic mesoderm,Second heart field,6.19460044333594,0.27572782121926104,24.189346888764973,0.0020702187559362606,0.0,5300,6952,,,
Extraembryonic mesoderm,Somatic mesoderm,6.317131063671227,-0.02022551695414195,-1.876571520084217,8.457886626189788e-06,0.11,5300,66151,,,
Extraembryonic mesoderm,Somatic motor neuron,5.694980645292856,-0.4353789710521472,-32.608893838212246,0.004952331166621025,0.0,5300,6559,,,
Extraembryonic mesoderm,Spinal cord (cervical),5.817999438327621,-0.5158920393531435,-43.87348494798767,0.0005501690132325061,0.0,5300,41051,,,
Extraembryonic mesoderm,Spinal cord (lumbar),5.784731580065354,-0.40778734839116915,-32.85694636368678,0.0024435705457772905,0.0,5300,12722,,,
Extraembryonic mesoderm,Spinal cord (sacral),5.767427888434054,-0.3600208399318608,-24.924025122942215,0.0005360582266712756,0.0,5300,5351,,,
Extraembryonic mesoderm,Spinal cord (thoracic),5.79560157229313,-0.4711108369276313,-41.944167868989304,0.0005466898011202924,0.0,5300,35061,,,
Extraembryonic mesoderm,Spinal cord interneuron,5.817497758385628,-0.5910256427652257,-45.7629553094504,0.0011062984711920519,0.0,5300,12470,,,
Extraembryonic mesoderm,Splanchnic mesoderm,6.163078627554595,-0.08833317561459204,-7.550147987104647,0.00016766473471802295,0.0,5300,21642,,,
Extraembryonic mesoderm,Surface ectoderm,5.7360115028635645,0.06569074027419752,2.887852563002429,0.024681136320229013,0.1,5300,2649,,,
Extraembryonic mesoderm,Telencephalon,5.775000774628542,-0.373861430098757,-37.024883957801315,0.0030488683457151056,0.0,5300,34300,,,
Extraembryonic mesoderm,Trigeminal ganglion neuron,5.623263620985198,-0.18071106655898164,-9.965914274610407,0.025079043395932952,0.08,5300,1765,,,
Extraembryonic mesoderm,Trigeminal placode,5.832329192452334,-0.11388333263321145,-9.84721176749248,0.00913040737882434,0.0,5300,6546,,,
Extraembryonic mesoderm,Trigeminal sensory neuron,5.764203185592379,-0.07903047196942126,-4.989194363408259,0.013333517876032288,0.0,5300,3198,,,
Extraembryonic mesoderm,Trunk neural crest,5.765918046052701,-0.2593879008055368,-19.182186924734353,0.007385695655069655,0.0,5300,6809,,,
Extraembryonic mesoderm,Vagal neural crest,5.760580718760689,-0.2767138840027714,-18.762609116551918,0.007365062801036125,0.0,5300,4937,,,
Eye field,Eye field,9.500000000003261,1.7763568394002505e-15,1.7757574581000003e-05,3.5025424191812924e-28,1.0,8896,8896,,,
Eye field,First heart field,5.704834967574989,-0.32925249030001663,-16.46120866961425,0.00020222516856365072,0.0,8896,1531,,,
Eye field,Floor plate,6.726298148504711,0.3809808852833803,35.987140566084655,0.018646557065211053,0.0,8896,16788,,,
Eye field,Foregut,5.525967167315284,-0.30612893008277303,-17.45489074729006,0.011545469688989321,0.0,8896,2432,,,
Eye field,Forelimb field,5.982848183884282,-0.28459384325109394,-29.25730645959545,0.004892671389223848,0.0,8896,25891,,,
Eye field,Frontonasal mesenchyme,6.421596727386649,0.15060804817264964,16.211935814553602,0.005306869499436387,0.0,8896,24672,,,
Eye field,Head paraxial mesoderm,5.917051943336389,-0.3231233710246559,-36.474043393640095,0.005070089038254489,0.0,8896,32981,,,
Eye field,Hematopoietic progenitor,5.137394663199111,-0.3346488053896162,-4.115175020940629,0.002440850620401759,0.0,8896,87,,,
Eye field,Hemogenic endothelium,5.436272869443741,-0.25652031895059785,-3.7911449190535635,0.004756371292144115,0.01,8896,141,,,
Eye field,Hepatoblast,5.474401270749177,-0.23613936479852674,-9.025076724779629,0.020814644073056953,0.0,8896,1255,,,
Eye field,Hindbrain (isthmic organizer),6.8447613770822935,0.5746705373114901,37.78131389413509,0.007596174737990893,0.0,8896,3921,,,
Eye field,Hindbrain (r1),6.906370318580059,0.5089993015336223,48.36875592997313,0.02023514809727077,0.0,8896,16440,,,
Eye field,Hindbrain (r2-r4),6.773554156637826,0.27956148592759167,30.971938941233688,0.005009767428788431,0.0,8896,26863,,,
Eye field,Hindbrain (r5-r8),6.6732397389284115,0.15177161002395442,15.41130440339361,0.005419989525067081,0.0,8896,28972,,,
Eye field,Hindgut,5.516511572145045,-0.26231335620559487,-16.254656359454,0.00012082018681526587,0.0,8896,3029,,,
Eye field,Hindlimb field,5.93452191890039,-0.2913850034833955,-22.065447499188497,0.004135067662992754,0.0,8896,6150,,,
Eye field,Hypaxial myogenic progenitor,6.027069751691812,-0.2752120880694668,-21.51296376683224,0.003961564019480707,0.0,8896,5322,,,
Eye field,Hypothalamic neuron,7.014791792600339,0.8867848546170443,43.17032436492084,0.012473603426544163,0.0,8896,1528,Eye field; Hypothalamic neuron,The eye field and the hypothalamus both arise from the anterior neural plate—specifically contiguous rostral prosencephalic (ventral diencephalic) neuroectoderm sharing Rax/Six3/Otx2+ progenitors—so their close spatial and molecular co-emergence gives them recent common ancestors.,2
Eye field,Hypothalamus,7.213228857988344,1.0672141352686193,87.68531597326648,0.005927322468144065,0.0,8896,7652,Eye field; Hypothalamus,"The eye field and prospective hypothalamus arise from adjacent, initially contiguous Six3/Rx-expressing progenitors in the rostral anterior neural plate (ventral prosencephalon/diencephalon), so they share a common forebrain progenitor pool that splits during optic vesicle evagination.",2
Eye field,Intermediate mesoderm,6.1215484622453,-0.30385134891222965,-26.42938002069606,0.006965163083808755,0.0,8896,10656,,,
Eye field,Juxtacardiac field,5.659952868683682,-0.27694001961833364,-11.991549752285692,0.007405362726269477,0.0,8896,1386,,,
Eye field,Lens placode,5.748767240816226,-0.2531347725506337,-15.281827823378755,0.00911051362112031,0.0,8896,2811,,,
Eye field,Macrophage,5.270472373786327,-0.3315444048099326,-13.946946278443605,0.020298192823975533,0.0,8896,966,,,
Eye field,Megakaryocyte,5.363192183379122,-0.35510327881707787,-9.57435881811579,0.01552631640110348,0.0,8896,482,,,
Eye field,Mesothelium,5.695324482919925,-0.21303474354032037,-5.266039546554308,0.006579874333680741,0.01,8896,346,,,
Eye field,Midbrain,7.0666037035935885,0.707642853187691,77.58015337089809,0.02130019758077388,0.0,8896,21466,,,
Eye field,Midbrain neuron,7.1011049657531276,0.7729514544095405,54.36787252966392,0.0034454354635902198,0.0,8896,4463,Eye field,"The eye field (prospective retina/diencephalon) and midbrain neurons both derive from adjacent domains of the anterior neural plate, tracing back to a shared pool of anterior neuroectoderm progenitors specified during gastrulation.",2
Eye field,Midgut,5.487997431273686,-0.29260825415129305,-13.825516167557675,0.009774223314686303,0.0,8896,1667,,,
Eye field,Myotome,6.0417477002220865,-0.26138962085490264,-14.251608261417026,0.0002834690238572716,0.0,8896,2201,,,
Eye field,Nascent somite,6.188503769827303,-0.18645136664950032,-15.031067248434809,0.00047558986856571865,0.0,8896,6475,,,
Eye field,Notochord,5.675356519019107,-0.18315089726416348,-7.037489054513006,0.008948259561995074,0.01,8896,956,,,
Eye field,Olfactory placode,6.053437027083567,-0.026535232770155126,-2.0389204492154533,0.000983303468253556,0.57,8896,5872,,,
Eye field,Olfactory sensory neuron,5.7964891266186065,-0.07532102138943753,-1.6136597930912193,0.006970361342561246,0.86,8896,389,,,
Eye field,Otic placode,5.702167027662772,-0.2445600197307399,-13.144435468025462,0.007126064540153774,0.0,8896,2365,,,
Eye field,Otic sensory neuron,5.575563419128927,-0.2739403175464335,-10.304574187756478,0.006784010170692583,0.0,8896,974,,,
Eye field,Periocular mesoderm,5.523858043024748,-0.2390688735420765,-12.03232790129519,0.031333955466974456,0.0,8896,1739,,,
Eye field,Pharyngeal arch mesenchyme,6.351049201587788,-0.018948755063688278,-2.198612261468993,0.0007038522064720454,0.21,8896,39085,,,
Eye field,Pharyngeal endoderm,5.65354972081947,-0.27264953525682173,-20.905234769227118,0.011103569317750438,0.0,8896,5045,,,
Eye field,Pharyngeal mesoderm,5.813239566920811,-0.318209383528061,-26.934751148997204,0.014722596663499258,0.0,8896,7691,,,
Eye field,Presomitic mesoderm,6.20352626321453,-0.18731892516794493,-15.968651706842342,0.0010916754201928467,0.0,8896,8521,,,
Eye field,Primordial germ cell,4.621404818815586,-0.5197205961385638,-3.9841535418785656,0.0005145264951236934,0.01,6610,25,,,
Eye field,Roof plate,6.410123819653305,-0.015871322171014352,-1.2010329088638998,0.00022401064393584802,0.94,8896,6035,,,
Eye field,Sacral neural crest,5.94562723713361,-0.20383080942714216,-10.354380079641052,0.0036210406366841627,0.0,8896,2156,,,
Eye field,Sclerotome,6.226115558089174,-0.36039319822704563,-46.290146391138386,0.0010033865976517983,0.0,8896,74334,,,
Eye field,Second heart field,5.814113398269306,-0.33800111319617887,-28.620041997971796,0.001248187810757788,0.0,8896,6952,,,
Eye field,Somatic mesoderm,6.140658081020004,-0.42816508469077047,-45.229091139012496,0.004272005823396122,0.0,8896,66151,,,
Eye field,Somatic motor neuron,6.418228690587198,0.056104442064736006,4.29054618138629,0.011519676785777469,0.18,8896,6559,,,
Eye field,Spinal cord (cervical),6.577598288888214,0.012848147517029082,1.5590611925963362,0.008739490471925345,0.11,8896,41051,,,
Eye field,Spinal cord (lumbar),6.247682931424769,-0.1749079438675111,-16.679572735072515,0.0014294035915590844,0.0,8896,12722,,,
Eye field,Spinal cord (sacral),6.199377497533697,-0.1604583473125265,-11.770134260882687,0.0024561250008851084,0.0,8896,5351,,,
Eye field,Spinal cord (thoracic),6.410538718963422,-0.08828019604878505,-8.199911053820827,0.0006556866097230855,0.0,8896,35061,,,
Eye field,Spinal cord interneuron,6.77968792468339,0.14061825534029962,12.588515580683806,0.005036335319031989,0.0,8896,12470,,,
Eye field,Splanchnic mesoderm,6.034081372019607,-0.44980389186607156,-48.71419295091264,0.003916601642537665,0.0,8896,21642,,,
Eye field,Surface ectoderm,5.685329000706584,-0.2166024819315234,-11.99899034724668,0.006680767867634862,0.0,8896,2649,,,
Eye field,Telencephalon,7.920394207419899,1.5392014008076496,167.4806491991752,0.00014549485328981603,0.0,8896,34300,Eye field; Telencephalon,"The eye field and telencephalon both arise from the anterior neural plate/prosencephalic neuroectoderm, sharing a common forebrain progenitor pool in which the single eye field is initially specified as a medial domain contiguous with the prospective telencephalon before separating.",1
Eye field,Trigeminal ganglion neuron,5.910718845303488,-0.12549870788237824,-6.105392468041782,0.00961261611219462,0.0,8896,1765,,,
Eye field,Trigeminal placode,5.979646461395904,-0.20056584047965753,-14.695419994211756,0.003679359095784045,0.0,8896,6546,,,
Eye field,Trigeminal sensory neuron,5.870272833649659,-0.20595108219884603,-13.357550945844226,0.0038975095958609543,0.0,8896,3198,,,
Eye field,Trunk neural crest,6.079671066426417,-0.1784469080058481,-14.632386037407676,0.0025843687308690993,0.0,8896,6809,,,
Eye field,Vagal neural crest,6.1155424417621544,-0.15225242560125393,-12.491897849912705,0.0011397516838813015,0.0,8896,4937,,,
First heart field,First heart field,9.499999999999423,-1.1842378929335002e-15,-1.184322009329028e-05,1.809121009306854e-28,1.0,1531,1531,,,
First heart field,Floor plate,5.774800465943045,-0.36546173291481193,-16.834730689399237,0.0021672716190135758,0.0,1531,16788,,,
First heart field,Foregut,5.788749938147198,0.1634202702636577,8.199615130422535,0.016591805794791088,0.37,1531,2432,,,
First heart field,Forelimb field,5.865775474618888,-0.19488394872547202,-9.980289451048433,0.0011444956235982968,0.0,1531,25891,,,
First heart field,Frontonasal mesenchyme,5.7968757428127065,-0.26932782944089134,-14.780226097948502,0.011864634603955891,0.0,1531,24672,,,
First heart field,Head paraxial mesoderm,6.153547144530912,0.12049575263416686,6.407089336558857,0.0005920334980149196,0.0,1531,32981,,,
First heart field,Hematopoietic progenitor,5.316091710542714,0.042104425970083646,0.6180172077468189,0.01726746369289748,0.06,1531,87,,,
First heart field,Hemogenic endothelium,5.483035294626306,-0.0030039808940021118,-0.02110838497281679,0.005492416870761767,0.69,1531,141,,,
First heart field,Hepatoblast,5.560312533010417,0.06063405007183853,1.6768802709560893,0.007994772159835168,0.02,1531,1255,,,
First heart field,Hindbrain (isthmic organizer),5.722994358370443,-0.33996775987356137,-15.814488980988008,0.0015769010801344329,0.0,1531,3921,,,
First heart field,Hindbrain (r1),5.796797339931072,-0.3923695739356165,-21.01328671971537,0.0012994191632338318,0.0,1531,16440,,,
First heart field,Hindbrain (r2-r4),5.868972407620247,-0.41888257200800183,-21.16978311906935,0.0004696469414237293,0.0,1531,26863,,,
First heart field,Hindbrain (r5-r8),5.857094655553197,-0.4554837676499333,-21.733987812457354,0.0015398142102724525,0.0,1531,28972,,,
First heart field,Hindgut,5.65354637521857,0.08140193031875025,4.132813093099794,0.050949082050229855,0.0,1531,3029,,,
First heart field,Hindlimb field,5.793358152324743,-0.22504925266688236,-10.203758356504716,0.0019299969735533623,0.0,1531,6150,,,
First heart field,Hypaxial myogenic progenitor,5.85996233916445,-0.23527913421481758,-11.853456227005436,0.0008016954294752198,0.0,1531,5322,,,
First heart field,Hypothalamic neuron,5.681299999430659,-0.23772393474808803,-9.651678233227825,0.01186699927513212,0.0,1531,1528,,,
First heart field,Hypothalamus,5.710245049168943,-0.23019085443504603,-10.96728340941389,0.004220926467230835,0.0,1531,7652,,,
First heart field,Intermediate mesoderm,5.855539022202602,-0.36403809171672,-15.901515058321133,0.001482676469548175,0.0,1531,10656,,,
First heart field,Juxtacardiac field,6.505838857651842,0.7765136157983958,35.67999135758417,0.06592295045264973,0.0,1531,1386,First heart field; Juxtacardiac field,"Both fields arise from the same Mesp1+ anterior cardiogenic (splanchnic) mesoderm, with the juxta-cardiac field described as a common progenitor pool that directly feeds first-heart-field cardiomyocytes (and epicardium), so their strong shared ancestry reflects a recent common cardiac-mesoderm progenitor.",2
First heart field,Lens placode,5.653863225005206,-0.13859217614371033,-6.277708580656706,0.008968189603900396,0.23,1531,2811,,,
First heart field,Macrophage,5.515783270432775,0.12112482400046194,3.5423871696917586,0.009665836073184983,0.02,1531,966,,,
First heart field,Megakaryocyte,5.502127495888772,-0.008491162079212819,-0.0875512292567,0.003721010965314442,0.86,1531,482,,,
First heart field,Mesothelium,5.62091860500323,-0.08279647954117515,-2.4765609498067853,0.00426381479102428,0.54,1531,346,,,
First heart field,Midbrain,5.779966401716954,-0.3743770575587477,-19.159077492337346,0.001143235910384872,0.0,1531,21466,,,
First heart field,Midbrain neuron,5.739400659430214,-0.38453739648663543,-18.14841710655254,0.0005532064837377095,0.0,1531,4463,,,
First heart field,Midgut,5.700161708272909,0.12448743197262264,6.096138708365447,0.04702593819083975,0.0,1531,1667,Midgut,"Although the first heart field is lateral-plate mesoderm and the midgut is definitive endoderm, both likely descend from a shared bipotent mesendoderm progenitor pool ingressing through the anterior primitive streak during gastrulation, whose daughters partition into anterior cardiac mesoderm and gut endoderm.",3
First heart field,Myotome,5.841542137403503,-0.2519181051946404,-11.457626832143793,0.00017844379611518254,0.0,1531,2201,,,
First heart field,Nascent somite,5.844572554522906,-0.32293107956850875,-15.591382966928188,0.0011505909983112995,0.0,1531,6475,,,
First heart field,Notochord,5.668703690551951,0.016343126335064777,0.5770911814006113,0.004844400190644285,0.38,1531,956,,,
First heart field,Olfactory placode,5.677379672768399,-0.1962875725318002,-9.851262619047185,0.020068525087187157,0.05,1531,5872,,,
First heart field,Olfactory sensory neuron,5.503951412642267,-0.16148824952858445,-5.012565336562505,0.022055384742644055,0.56,1531,389,,,
First heart field,Otic placode,5.6487826742572596,-0.0934018304284896,-3.6600958380665065,0.002984427151944649,0.03,1531,2365,,,
First heart field,Otic sensory neuron,5.576888842042268,-0.06365575053077273,-2.545922844593275,0.00010692721321605435,0.05,1531,974,,,
First heart field,Periocular mesoderm,5.959174034915121,0.40381719760730955,18.340861297568342,0.004089987479208234,0.0,1531,1739,First heart field; Periocular mesoderm,Both cell types likely descend from the early anterior mesoderm that ingresses through the anterior primitive streak during gastrulation—the first heart field arising from anterior splanchnic lateral plate/cardiac crescent mesoderm and the mesodermal component of the periocular mesenchyme from adjacent cranial/paraxial (head) mesoderm—so they share a common anterior mesodermal progenitor pool before splitting into cardiac versus cranial fates.,3
First heart field,Pharyngeal arch mesenchyme,5.8092875825249735,-0.35550512747944235,-16.400846714297625,0.00470984374635075,0.0,1531,39085,,,
First heart field,Pharyngeal endoderm,5.837461029978979,0.11770033118615153,6.961159522454568,0.007810407664489797,0.34,1531,5045,,,
First heart field,Pharyngeal mesoderm,6.3077327184108,0.3816160752976874,21.735320203327976,0.00762447025226767,0.0,1531,7691,,,
First heart field,Presomitic mesoderm,5.819291279134077,-0.3649097187796781,-18.459700707546876,0.0014799813964946574,0.0,1531,8521,,,
First heart field,Primordial germ cell,4.5868219599082725,-0.3317782635816293,-3.6178266088004842,0.002470170303577507,0.02,1056,25,,,
First heart field,Roof plate,5.808402931135216,-0.4101322203171686,-17.89019161371651,0.0011852340492345382,0.0,1531,6035,,,
First heart field,Sacral neural crest,5.717509743770933,-0.2198335768415006,-8.203401648201098,0.00015059273041123034,0.0,1531,2156,,,
First heart field,Sclerotome,5.99085407464248,-0.38601020989430673,-19.56533823269078,0.00044913319319737433,0.0,1531,74334,,,
First heart field,Second heart field,6.626228637801599,0.6807351586708371,38.90606838047628,0.013649188627495645,0.0,1531,6952,First heart field,"The first and second heart fields both derive from the common cardiogenic (anterior splanchnic) mesoderm arising from the early cardiac crescent, so they share a recent Mesp1+ cardiac progenitor pool.",1
First heart field,Somatic mesoderm,6.159813279823209,-0.20341422883858407,-9.257730502423799,0.00010528867662319843,0.0,1531,66151,,,
First heart field,Somatic motor neuron,5.778360876806887,-0.3777278826840673,-16.891609543558786,0.006766619374970085,0.0,1531,6559,,,
First heart field,Spinal cord (cervical),5.883191329152826,-0.4758874188181184,-23.587909272312697,0.0018268606009515776,0.0,1531,41051,,,
First heart field,Spinal cord (lumbar),5.835175401006739,-0.3808838174355558,-17.78446800054532,0.004748898862475258,0.0,1531,12722,,,
First heart field,Spinal cord (sacral),5.809181857106257,-0.34238488521400673,-16.411181148403525,0.002136737794805371,0.0,1531,5351,,,
First heart field,Spinal cord (thoracic),5.871269110870102,-0.42050506895787354,-20.833244035835403,0.0012715531903954732,0.0,1531,35061,,,
First heart field,Spinal cord interneuron,5.892701495704444,-0.5438391901693352,-26.22974027789688,0.0003504048120620409,0.0,1531,12470,,,
First heart field,Splanchnic mesoderm,6.219424481590107,-0.058021476655975235,-2.8759428541118726,0.000715170264198457,0.09,1531,21642,,,
First heart field,Surface ectoderm,5.670651351977504,-0.023926922139916762,-0.5834967834505517,0.013693140885639792,0.3,1531,2649,,,
First heart field,Telencephalon,5.799036174883902,-0.37663949542042285,-20.356726801062248,0.0025133354417672706,0.0,1531,34300,,,
First heart field,Trigeminal ganglion neuron,5.659024248469656,-0.17219749274604398,-6.184067341126773,0.01738375989763449,0.0,1531,1765,,,
First heart field,Trigeminal placode,5.794672826858558,-0.17911796719701348,-8.489788201509674,0.013527528286681401,0.0,1531,6546,,,
First heart field,Trigeminal sensory neuron,5.705456050842929,-0.1646479999139725,-7.410954139347741,0.004239661240839458,0.0,1531,3198,,,
First heart field,Trunk neural crest,5.778389043105385,-0.27288614770429503,-13.055729169903367,0.0007368290866464245,0.0,1531,6809,,,
First heart field,Vagal neural crest,5.785440363661148,-0.2784755098209688,-11.806978913551418,0.003419834798172712,0.0,1531,4937,,,
Floor plate,Floor plate,9.500000000012227,1.2434497875801753e-14,0.0001243118547199509,3.4394335467636115e-28,1.0,16788,16788,,,
Floor plate,Foregut,5.6791287875745615,-0.25728783699327007,-14.464281705387569,0.027211157822145667,0.0,16788,2432,,,
Floor plate,Forelimb field,5.969125657289678,-0.40314269627344174,-51.56788306998343,0.0011243897522910601,0.0,16788,25891,,,
Floor plate,Frontonasal mesenchyme,6.002980417948632,-0.3732520453474025,-46.816598148444164,0.003550779135835417,0.0,16788,24672,,,
Floor plate,Head paraxial mesoderm,6.04750098361766,-0.297953385731969,-41.252578220353996,0.006103998321250986,0.0,16788,32981,,,
Floor plate,Hematopoietic progenitor,5.183772023036909,-0.40742410116539646,-4.401645699221168,0.0042836456902740185,0.0,16788,87,,,
Floor plate,Hemogenic endothelium,5.368413151580538,-0.43246327068744456,-6.314577909299991,0.010275623065238005,0.0,16788,141,,,
Floor plate,Hepatoblast,5.595990481970911,-0.21689956299782676,-7.175862539551784,0.05703760651492665,0.0,16788,1255,,,
Floor plate,Hindbrain (isthmic organizer),7.047623157849721,0.6747292836758474,47.558623211763525,0.007124215807613942,0.0,16788,3921,,,
Floor plate,Hindbrain (r1),7.006753169748589,0.5053555297197226,55.218068561382125,0.0036462377546816523,0.0,16788,16440,,,
Floor plate,Hindbrain (r2-r4),7.080717932083904,0.4816982557692322,68.06289750335186,0.003049186113286806,0.0,16788,26863,,,
Floor plate,Hindbrain (r5-r8),7.0936828150419196,0.4686252552994243,56.1340073199259,0.0038470396676553494,0.0,16788,28972,,,
Floor plate,Hindgut,5.611986270051901,-0.2708459517240171,-16.263428238961318,0.007167290171010654,0.0,16788,3029,,,
Floor plate,Hindlimb field,5.8448499981239905,-0.4865079839735064,-37.42672972641707,0.014797821828055297,0.0,16788,6150,,,
Floor plate,Hypaxial myogenic progenitor,6.299404521633467,-0.1069111692598576,-8.224157938743913,0.007690198189855276,0.49,16788,5322,,,
Floor plate,Hypothalamic neuron,7.5438761173773266,1.3104088346068261,58.619890584485994,0.00014722440126639785,0.0,16788,1528,Floor plate; Hypothalamic neuron,"Both derive from Shh⁺/Foxa2⁺/Nkx2.1⁺ ventral midline neuroepithelium, with the hypothalamus arising from the rostral (anterior) extension of the floor plate in the ventral forebrain, so they share this common ventral neural-plate progenitor pool.",2
Floor plate,Hypothalamus,7.49183116557501,1.2416993129184144,104.40366244907408,0.0023054303627097015,0.0,16788,7652,Floor plate; Hypothalamus,"Both derive from the ventral midline of the neural plate/tube — the hypothalamus arises from the rostral-most extension of the Shh+/Foxa2+ floor-plate lineage, so they share Foxa2/Shh-specified ventral midline progenitors.",2
Floor plate,Intermediate mesoderm,6.159374704084853,-0.3725651103242133,-35.311597583092116,0.005630778867932723,0.0,16788,10656,,,
Floor plate,Juxtacardiac field,5.713562757148446,-0.32452604771888155,-13.872067753984965,0.006425881730434978,0.0,16788,1386,,,
Floor plate,Lens placode,5.59923508795625,-0.5059590396069797,-29.911467238299423,0.003831696139629593,0.0,16788,2811,,,
Floor plate,Macrophage,5.30921329381448,-0.3969760453898135,-13.830932913387235,0.011782629786785532,0.0,16788,966,,,
Floor plate,Megakaryocyte,5.347285493013654,-0.4773626421888751,-11.920726447676055,0.004139901362485988,0.0,16788,482,,,
Floor plate,Mesothelium,5.7560476125784525,-0.25556410700209636,-5.4868575346977595,0.006627865924273238,0.0,16788,346,,,
Floor plate,Midbrain,7.143895911162228,0.6807705703272235,82.57689176784572,0.006509293691807065,0.0,16788,21466,Floor plate,"Floor plate and midbrain both derive from the same dorsoventrally-patterned neural tube neuroepithelium, with midbrain (mesencephalic) floor plate arising from the ventral midline of that anterior neural plate/tube, so they share a common neuroectodermal progenitor pool.",1
Floor plate,Midbrain neuron,6.791692708263574,0.35607482070923907,23.929685034441306,0.0006013931721994684,0.0,16788,4463,,,
Floor plate,Midgut,5.599944003513659,-0.2864288580987126,-12.396161113682872,0.02395584199225089,0.0,16788,1667,,,
Floor plate,Myotome,6.501586917505928,0.09386634366373976,5.067411677348888,0.008407301370213532,0.86,16788,2201,,,
Floor plate,Nascent somite,6.565116921570964,0.08579192030846598,7.18471865568274,0.0032977677399470937,0.09,16788,6475,,,
Floor plate,Notochord,6.047163313923005,0.08169864091497352,2.5613305970216644,0.01948620500940096,0.01,16788,956,Notochord,"Both the notochord and the medial floor plate descend from Foxa2/Shh-expressing axial progenitors in the node/organizer (axial mesendoderm), so their shared ancestry reflects a common node-derived lineage rather than only the classic notochord-to-floor-plate Shh induction.",2
Floor plate,Olfactory placode,5.71889357578847,-0.46532315741414215,-35.76649691718908,0.0010946175573411474,0.0,16788,5872,,,
Floor plate,Olfactory sensory neuron,5.581466611669992,-0.3938085195239666,-8.709295922614352,0.001244199772672523,0.0,16788,389,,,
Floor plate,Otic placode,5.575541390307916,-0.47565021718818085,-27.118243204813467,0.006144960756625631,0.0,16788,2365,,,
Floor plate,Otic sensory neuron,5.473326179099902,-0.4789524754687582,-17.57860393823235,0.003837920368223314,0.0,16788,974,,,
Floor plate,Periocular mesoderm,5.649160976988228,-0.21920184898990622,-10.687784143577991,0.00657612074219601,0.0,16788,1739,,,
Floor plate,Pharyngeal arch mesenchyme,5.996724372174956,-0.4784086416401359,-66.79763961095402,0.0004835484868402681,0.0,16788,39085,,,
Floor plate,Pharyngeal endoderm,5.780366628365072,-0.2522015307606136,-20.025041536817035,0.012868719048832706,0.0,16788,5045,,,
Floor plate,Pharyngeal mesoderm,5.81515577032764,-0.4211522176103048,-39.37093884601157,0.002935263038910497,0.0,16788,7691,,,
Floor plate,Presomitic mesoderm,6.6106391082845875,0.11391342534105024,10.600649520865135,0.004155090447231098,0.0,16788,8521,,,
Floor plate,Primordial germ cell,4.701145091679202,-0.5406248942856,-4.299495590395946,0.02481400849052496,0.04,12841,25,,,
Floor plate,Roof plate,6.135671302827916,-0.39428959964248467,-29.823347403926377,0.0006467316594933089,0.0,16788,6035,,,
Floor plate,Sacral neural crest,5.888829159083541,-0.3614671394850812,-18.72673987051392,0.0021984971158803,0.0,16788,2156,,,
Floor plate,Sclerotome,6.746658676535429,0.0566982554344199,6.4957735819785904,0.01563184040819786,0.0,16788,74334,,,
Floor plate,Second heart field,5.82403389212604,-0.4314697108399293,-36.543306059182136,0.0017262937596688502,0.0,16788,6952,,,
Floor plate,Somatic mesoderm,6.082513761078832,-0.5911264244890738,-84.72887268825554,0.0016019071674131613,0.0,16788,66151,,,
Floor plate,Somatic motor neuron,7.566091539524435,1.100696612853695,83.29869969967005,0.014928419587729704,0.0,16788,6559,Floor plate; Somatic motor neuron,"Floor plate and somatic motor neurons both arise from ventral neural tube neuroepithelium, sharing a common medial/ventral neural plate progenitor pool that is Shh-patterned into the midline floor plate and the adjacent pMN (Olig2+) motor neuron domain.",2
Floor plate,Spinal cord (cervical),7.0683004528308615,0.3979142439551744,54.73424373698352,0.0031375810254537675,0.0,16788,41051,,,
Floor plate,Spinal cord (lumbar),6.832840242856197,0.30640296310701726,32.41647631761051,0.0038079868269655093,0.0,16788,12722,,,
Floor plate,Spinal cord (sacral),6.70032978962108,0.2345085066174096,18.660306274136076,0.0025953128998750974,0.0,16788,5351,,,
Floor plate,Spinal cord (thoracic),7.11261688161586,0.5094012716676231,69.55528204270746,0.01439785408607842,0.0,16788,35061,,,
Floor plate,Spinal cord interneuron,7.203631108225838,0.45889537690810095,43.434708541340946,0.004541735119819952,0.0,16788,12470,,,
Floor plate,Splanchnic mesoderm,6.001996561659067,-0.5855211682072126,-68.14707552698998,0.001893561181322993,0.0,16788,21642,,,
Floor plate,Surface ectoderm,5.629479512653705,-0.3743010699034593,-20.38422911981016,0.0014156605516078198,0.0,16788,2649,,,
Floor plate,Telencephalon,6.715707186392428,0.22959989957713253,34.061248460115316,0.008219378401857744,0.0,16788,34300,,,
Floor plate,Trigeminal ganglion neuron,5.80014061251071,-0.33986892046210126,-16.398736790947158,0.0016010660176269955,0.0,16788,1765,,,
Floor plate,Trigeminal placode,5.727670732295887,-0.5559220743018155,-44.41158946097977,0.0051962827013843525,0.0,16788,6546,,,
Floor plate,Trigeminal sensory neuron,5.6900673881407995,-0.4904488879188727,-32.6308029516695,0.012937294654503348,0.0,16788,3198,,,
Floor plate,Trunk neural crest,5.938358382856857,-0.42451255709628527,-35.55946454897483,1.280453104571563e-05,0.0,16788,6809,,,
Floor plate,Vagal neural crest,5.9524856314799335,-0.421401010913567,-32.037919133594734,0.00038618971742868964,0.0,16788,4937,,,
Foregut,Foregut,9.500000000006553,-1.1842378929335002e-15,-2.368118208900299e-05,7.047157419974372e-29,1.0,2432,2432,,,
Foregut,Forelimb field,5.503072207820306,-0.3542647384525388,-22.612088840782622,0.010550989412009368,0.0,2432,25891,,,
Foregut,Frontonasal mesenchyme,5.422942108071698,-0.43678188295373194,-27.449194910088025,0.0037267559846417765,0.0,2432,24672,,,
Foregut,Head paraxial mesoderm,5.652240637240298,-0.17640727737227793,-11.695597983040228,0.002187846269159686,0.0,2432,32981,,,
Foregut,Hematopoietic progenitor,5.206871641091156,0.14010441310440816,1.6156431830119777,0.06217052663724054,0.32,2432,87,,,
Foregut,Hemogenic endothelium,5.131190473866116,-0.14590542294884448,-3.010138467448145,0.018809372781758746,0.5,2432,141,,,
Foregut,Hepatoblast,6.894616256446308,1.5930113891295121,63.30108740939341,0.02854727247263307,0.0,2432,1255,Foregut; Hepatoblast,"Hepatoblasts are specified directly from the ventral foregut definitive endoderm (the hepatic diverticulum), so foregut and hepatoblast cells share a recent common progenitor in the anterior endodermal lineage.",1
Foregut,Hindbrain (isthmic organizer),5.486567075222219,-0.3714085550701431,-19.691455730243394,0.016215151927765424,0.0,2432,3921,,,
Foregut,Hindbrain (r1),5.511999150401922,-0.4747152330474454,-28.603612344541464,0.01972634775028044,0.0,2432,16440,,,
Foregut,Hindbrain (r2-r4),5.59663475433495,-0.4889557566186265,-29.69259417670888,0.015410161637392273,0.0,2432,26863,,,
Foregut,Hindbrain (r5-r8),5.587462673332531,-0.5228668971610176,-30.71301013425089,0.026986763274474468,0.0,2432,28972,,,
Foregut,Hindgut,5.9491504883893285,0.5794840545576033,33.317691150678755,0.014237664430976942,0.0,2432,3029,Foregut; Hindgut,"Foregut and hindgut are both derivatives of the definitive endoderm, which emerges as a single sheet during gastrulation and is subsequently patterned along the anterior-posterior axis into foregut, midgut, and hindgut, so they share a common endodermal progenitor pool.",1
Foregut,Hindlimb field,5.473863506037081,-0.3418850205086172,-17.276725997381504,0.019288397759991097,0.0,2432,6150,,,
Foregut,Hypaxial myogenic progenitor,5.59085457354373,-0.3028538574822077,-16.64903471013553,0.023293604783742337,0.0,2432,5322,,,
Foregut,Hypothalamic neuron,5.541350266528556,-0.17669966827238337,-8.0604603509211,0.013677767105240251,0.03,2432,1528,,,
Foregut,Hypothalamus,5.5558718241289595,-0.18137946650499112,-10.417687580936395,0.026221475244855377,0.25,2432,7652,,,
Foregut,Intermediate mesoderm,5.6186340688653855,-0.3980901673219123,-22.99643372640901,0.006027866984049445,0.0,2432,10656,,,
Foregut,Juxtacardiac field,5.545188791241039,0.016944094207022548,0.3044377020188378,0.013748804640751643,0.05,2432,1386,,,
Foregut,Lens placode,5.327142999625375,-0.263955809640039,-13.238524012265543,0.010405061707173003,0.0,2432,2811,,,
Foregut,Macrophage,5.3523956993770065,0.1602243215256053,5.3845220843911585,0.030381805252955287,0.4,2432,966,,,
Foregut,Megakaryocyte,5.446324009002114,0.13570838300629853,4.198618531316643,0.03674805973844985,0.08,2432,482,,,
Foregut,Mesothelium,5.273715823867133,-0.22488822441109146,-6.012477862801046,0.004197123767911006,0.0,2432,346,,,
Foregut,Midbrain,5.5524392373957525,-0.3972019739421224,-23.927682500137617,0.008352587553997674,0.0,2432,21466,,,
Foregut,Midbrain neuron,5.480775600495865,-0.4373454520261584,-23.665079157300642,0.01761465476350794,0.0,2432,4463,,,
Foregut,Midgut,6.366877282233109,0.9969155021350581,51.5318575009818,0.006508182837733379,0.0,2432,1667,Foregut; Midgut,"Foregut and midgut are adjacent anterior-posterior subdivisions of the same primitive gut tube, both deriving from a common definitive endoderm progenitor pool specified during gastrulation.",1
Foregut,Myotome,5.622691549438784,-0.27000318513505867,-12.968943262001885,0.006318215016355869,0.0,2432,2201,,,
Foregut,Nascent somite,5.593949585942657,-0.3714017986938695,-21.29897281359736,0.008239218390707096,0.0,2432,6475,,,
Foregut,Notochord,5.639778992621018,0.18964936771467075,8.052102554105902,0.0032760098188448737,0.0,2432,956,Foregut; Notochord,"Both arise from the Foxa2+ anterior primitive streak/node-derived axial mesendoderm, where early notochord progenitors are transiently intercalated within the definitive (gut) endoderm before delaminating, giving foregut and notochord a shared progenitor pool.",2
Foregut,Olfactory placode,5.349024525245436,-0.31990129982408,-18.13320701941218,0.0022779849084226473,0.0,2432,5872,,,
Foregut,Olfactory sensory neuron,5.1938880483065,-0.26833447741827704,-8.28499048232552,0.0014499035814163333,0.0,2432,389,,,
Foregut,Otic placode,5.320147849171245,-0.2170663757827492,-10.783883886036298,0.015368703833020624,0.0,2432,2365,,,
Foregut,Otic sensory neuron,5.3077424039720915,-0.1295634398412163,-5.634310935974618,0.02639472721110756,0.36,2432,974,,,
Foregut,Periocular mesoderm,5.571875486088619,0.21866179497834595,11.311807557151802,0.06519862003351423,0.5,2432,1739,,,
Foregut,Pharyngeal arch mesenchyme,5.458423032591424,-0.5007810633633936,-32.253496541766346,0.0002825297061638669,0.0,2432,39085,,,
Foregut,Pharyngeal endoderm,7.1822317643979545,1.6652589707403305,101.73476204845224,0.03041904243668286,0.0,2432,5045,Foregut; Pharyngeal endoderm,"Both derive from anterior definitive endoderm—the pharyngeal endoderm is regionally the rostral/anterior part of the foregut tube itself, so they descend from the same anterior foregut endoderm progenitor pool.",1
Foregut,Pharyngeal mesoderm,5.622728546233767,-0.0995821474085566,-6.337075668484086,0.0017228656739868538,0.0,2432,7691,,,
Foregut,Presomitic mesoderm,5.598899820318464,-0.3820582338856653,-21.09892777075889,0.011894984771113193,0.0,2432,8521,,,
Foregut,Primordial germ cell,4.627491430395793,-0.047394398771217094,-0.653070675557579,0.04508909855284856,0.44,1579,25,,,
Foregut,Roof plate,5.452656420615476,-0.5670015404107369,-30.924419818769422,0.00766264535489237,0.0,2432,6035,,,
Foregut,Sacral neural crest,5.398691151641139,-0.34065580851356775,-17.08669333478439,0.012995872009352307,0.0,2432,2156,,,
Foregut,Sclerotome,5.774556030777852,-0.40091753493650756,-25.371871812642908,0.008070312829696653,0.0,2432,74334,,,
Foregut,Second heart field,5.625633371928866,-0.11596279137331915,-8.135225870636045,0.003542472755830193,0.01,2432,6952,,,
Foregut,Somatic mesoderm,5.673552808316162,-0.4864414030560334,-27.699437172290647,0.011969350202200392,0.0,2432,66151,,,
Foregut,Somatic motor neuron,5.588303629740704,-0.36402724755272214,-19.52207507422499,0.019777500289025564,0.0,2432,6559,,,
Foregut,Spinal cord (cervical),5.627364264397758,-0.5286590510553232,-30.236943260019657,0.01107310073164987,0.0,2432,41051,,,
Foregut,Spinal cord (lumbar),5.58855217310215,-0.424547234316018,-25.390293447621314,0.010830530407034262,0.0,2432,12722,,,
Foregut,Spinal cord (sacral),5.552449599540357,-0.3953101242096186,-20.548123889738147,0.017950325825126928,0.0,2432,5351,,,
Foregut,Spinal cord (thoracic),5.624782353580322,-0.4637835018200421,-27.49188575957207,0.010752760263759577,0.0,2432,35061,,,
Foregut,Spinal cord interneuron,5.633618683397091,-0.596203330346504,-35.04784031368187,0.008906436943535108,0.0,2432,12470,,,
Foregut,Splanchnic mesoderm,5.635830150378193,-0.4373771442917113,-24.267254738482766,0.000688279248550891,0.0,2432,21642,,,
Foregut,Surface ectoderm,5.3651155861087245,-0.12472260569584866,-7.012121927532481,0.03405080927802174,0.05,2432,2649,,,
Foregut,Telencephalon,5.51588022423741,-0.4552606334539175,-28.49686197392003,0.01383043790204945,0.0,2432,34300,,,
Foregut,Trigeminal ganglion neuron,5.280179739033385,-0.34637311152542044,-15.484390296625767,0.0016968507912687497,0.0,2432,1765,,,
Foregut,Trigeminal placode,5.390675844475406,-0.3792650346283886,-18.96450746457655,0.0069964968359394804,0.0,2432,6546,,,
Foregut,Trigeminal sensory neuron,5.371825351907332,-0.29418386478334835,-15.130027779186863,0.013021438358868377,0.0,2432,3198,,,
Foregut,Trunk neural crest,5.422107682495677,-0.424467471973571,-23.484481632110896,0.008292680188118745,0.0,2432,6809,,,
Foregut,Vagal neural crest,5.424191763060127,-0.4349650540537325,-22.556536739153827,0.0033490684394287483,0.0,2432,4937,,,
Forelimb field,Forelimb field,9.500000000008674,-1.7763568394002505e-15,-2.366961633179217e-05,3.4394335467636115e-28,1.0,25891,25891,,,
Forelimb field,Frontonasal mesenchyme,6.1453714425881145,-0.15199844745143606,-23.10190989850105,0.01757811532355046,0.0,25891,24672,,,
Forelimb field,Head paraxial mesoderm,6.1555332919057335,-0.11118267667899318,-21.70677289290995,0.015290414816315417,0.0,25891,32981,,,
Forelimb field,Hematopoietic progenitor,5.293473084197126,-0.206949444955411,-2.563538130718269,0.02523902329994739,0.58,25891,87,,,
Forelimb field,Hemogenic endothelium,6.030488406783785,0.311193515317638,5.507470069096243,0.005842850177144915,0.0,25891,141,,,
Forelimb field,Hepatoblast,5.403193987647705,-0.3334359548918468,-14.625043455425518,0.0013953826628127842,0.0,25891,1255,,,
Forelimb field,Hindbrain (isthmic organizer),5.959189147034607,-0.33575006534889934,-25.80944351597033,0.0022430707478511094,0.0,25891,3921,,,
Forelimb field,Hindbrain (r1),6.108507565387651,-0.31428084643092696,-42.651000300275065,0.0019635278176312713,0.0,25891,16440,,,
Forelimb field,Hindbrain (r2-r4),6.209433479203,-0.3108614714551547,-47.86164478451226,0.001875364106971034,0.0,25891,26863,,,
Forelimb field,Hindbrain (r5-r8),6.252146892885502,-0.29390135363035785,-45.75987093479959,0.005131886854117718,0.0,25891,28972,,,
Forelimb field,Hindgut,5.465763196764185,-0.33848651073326036,-24.16181121984873,0.0035747301902823814,0.0,25891,3029,,,
Forelimb field,Hindlimb field,6.435343684116286,0.18318007139299652,16.526775126550344,0.0015492453297151331,0.0,25891,6150,,,
Forelimb field,Hypaxial myogenic progenitor,6.853967714243247,0.5254586924740042,45.025327647415686,0.0013637403679795101,0.0,25891,5322,Forelimb field,"Both arise from mesoderm at the same forelimb axial level—the forelimb field being lateral plate mesoderm and hypaxial myogenic progenitors delaminating from the adjacent limb-level dermomyotome (paraxial mesoderm)—so they trace back to a shared posterior/paraxial-plus-lateral mesodermal progenitor pool at that axial position, consistent with the muscle progenitors' migration into and co-emergence with the limb field.",2
Forelimb field,Hypothalamic neuron,5.773332813264719,-0.3816687686055982,-19.897441300032465,0.0009551163645165561,0.0,25891,1528,,,
Forelimb field,Hypothalamus,5.799160976953281,-0.3728159614770403,-35.71220610694303,0.002318601847455635,0.0,25891,7652,,,
Forelimb field,Intermediate mesoderm,6.919039098078187,0.4671859991252238,55.555414483394806,0.0022336649454156084,0.0,25891,10656,,,
Forelimb field,Juxtacardiac field,5.851167775514348,-0.10983507230040335,-5.489816474062202,0.0008252948256016099,0.0,25891,1386,,,
Forelimb field,Lens placode,6.015062655936556,-0.012307066846657241,-0.8448916663387287,0.00013431102525000903,0.92,25891,2811,,,
Forelimb field,Macrophage,5.318222699496833,-0.3080856489368327,-13.131041547542523,0.0019924872771317445,0.0,25891,966,,,
Forelimb field,Megakaryocyte,5.39979255464674,-0.3473523221856268,-9.807527369851885,0.005033317936547986,0.0,25891,482,,,
Forelimb field,Mesothelium,7.238604539960072,1.3003927742175467,33.1710589418234,0.00041597579528030327,0.0,25891,346,Forelimb field; Mesothelium,The forelimb field and mesothelium share ancestry because both arise from the somatic layer of the lateral plate mesoderm (somatopleure)—the forelimb bud from the somatopleuric LPM and the coelomic mesothelium from the same LPM sheet lining the body cavity.,2
Forelimb field,Midbrain,6.035523042495071,-0.348368731055998,-55.04360770277335,0.0054430272243291295,0.0,25891,21466,,,
Forelimb field,Midbrain neuron,6.075905573415713,-0.2798180619472615,-23.723085684796647,0.017105860767664745,0.0,25891,4463,,,
Forelimb field,Midgut,5.494894568802757,-0.3103711810455261,-15.735485640909372,0.0041214717241557465,0.0,25891,1667,,,
Forelimb field,Myotome,6.38519212937688,0.05638869663599877,3.2143477057755976,0.004106179515906509,0.19,25891,2201,,,
Forelimb field,Nascent somite,6.333851786258346,-0.06625671614341784,-6.465639751002246,0.008176472313178149,0.0,25891,6475,,,
Forelimb field,Notochord,5.615318631378948,-0.26826442861830585,-10.997932003842097,0.023324538370875864,0.0,25891,956,,,
Forelimb field,Olfactory placode,6.07081081471978,-0.034726181050795134,-4.001095422871926,0.00819871568055804,0.58,25891,5872,,,
Forelimb field,Olfactory sensory neuron,5.860848669962613,-0.03297092924665771,-0.9946602663298574,0.004729783295777947,0.85,25891,389,,,
Forelimb field,Otic placode,5.969406287321394,-0.002627238527560157,-0.3543628382479717,0.0015550589599517266,0.49,25891,2365,,,
Forelimb field,Otic sensory neuron,5.87158927362982,-0.0015615602131665203,0.2231318551503382,0.0033478781237008706,0.96,25891,974,,,
Forelimb field,Periocular mesoderm,5.554816555370588,-0.23454772208422744,-12.715489366167256,0.001069645017220669,0.0,25891,1739,,,
Forelimb field,Pharyngeal arch mesenchyme,6.324393635582301,-0.07084578749754537,-12.073661632462603,0.014447194721448418,0.0,25891,39085,,,
Forelimb field,Pharyngeal endoderm,5.617477062187127,-0.33441549163585665,-29.97590287279081,0.0024793188586489092,0.0,25891,5045,,,
Forelimb field,Pharyngeal mesoderm,6.097360816482418,-0.06108952513461752,-7.303554174316274,0.004297530252659841,0.52,25891,7691,,,
Forelimb field,Presomitic mesoderm,6.313490427703197,-0.10434418628491689,-11.361266025440463,0.007034486297744927,0.06,25891,8521,,,
Forelimb field,Primordial germ cell,4.699245512004204,-0.4299975595953258,-3.3103834982434743,0.005909896555127163,0.0,16359,25,,,
Forelimb field,Roof plate,6.2954255684681995,-0.1567966976332628,-15.427056557841036,0.006672688931442728,0.0,25891,6035,,,
Forelimb field,Sacral neural crest,6.183147143964692,0.010776913406747765,0.42884148726356663,0.009468231790736291,0.04,25891,2156,,,
Forelimb field,Sclerotome,6.777180415934141,0.16628866159640646,31.435553528968985,0.007428303934851503,0.0,25891,74334,,,
Forelimb field,Second heart field,6.3078795121558855,0.1318114456968559,13.878387358100879,0.0013356971921381837,0.0,25891,6952,,,
Forelimb field,Somatic mesoderm,7.634161427911799,1.0385556548225559,196.3902247626073,0.0006814419040645483,0.0,25891,66151,Forelimb field; Somatic mesoderm,"The forelimb field is a regional subdomain of the somatic (parietal) layer of the lateral plate mesoderm, so both cell types derive from the same somatic lateral plate mesoderm progenitor pool that forms the limb bud mesenchyme and body wall.",1
Forelimb field,Somatic motor neuron,6.078351442773098,-0.30892644878539804,-30.86520940738697,0.0034177705880837506,0.0,25891,6559,,,
Forelimb field,Spinal cord (cervical),6.318273594953813,-0.2736767111164055,-42.96548236393824,0.00489958665190133,0.0,25891,41051,,,
Forelimb field,Spinal cord (lumbar),6.315008921090683,-0.13425186654268076,-16.752051528296217,0.008143031975335183,0.0,25891,12722,,,
Forelimb field,Spinal cord (sacral),6.258229453637372,-0.12747992430409028,-11.898193208557188,0.009420198007990009,0.15,25891,5351,,,
Forelimb field,Spinal cord (thoracic),6.340139898284835,-0.18433476206061764,-29.583262259197266,0.005033006029781573,0.0,25891,35061,,,
Forelimb field,Spinal cord interneuron,6.297073095004678,-0.36824938072660424,-44.38975981079714,0.002935885125233564,0.0,25891,12470,,,
Forelimb field,Splanchnic mesoderm,7.517547037267724,1.0093705079233262,138.3153764632814,0.0023485048019760515,0.0,25891,21642,Forelimb field; Splanchnic mesoderm,"Both cell types descend from lateral plate mesoderm, which splits into a somatic (parietal) layer giving rise to the limb-field mesenchyme and a splanchnic (visceral) layer, so their shared ancestry reflects a common lateral-plate mesoderm progenitor pool prior to the somatic/splanchnic bifurcation.",2
Forelimb field,Surface ectoderm,5.9307980939711475,0.003426109766855312,-0.24194170887747365,0.003574544310878112,0.29,25891,2649,,,
Forelimb field,Telencephalon,6.132626211181325,-0.2749147215855201,-49.81499743697606,0.007166817251139431,0.0,25891,34300,,,
Forelimb field,Trigeminal ganglion neuron,5.9769118182464736,-0.08262665622238015,-4.342647943896973,0.006746116855113448,0.51,25891,1765,,,
Forelimb field,Trigeminal placode,6.147508305793157,-0.05760557398338051,-5.8745558455223374,0.00026353478822775764,0.0,25891,6546,,,
Forelimb field,Trigeminal sensory neuron,6.050761311872172,-0.051302660308876945,-4.492914945245345,0.00753502864824992,0.05,25891,3198,,,
Forelimb field,Trunk neural crest,6.2516809713033155,-0.03233548062554211,-3.6159590667254093,0.011863387170318254,0.0,25891,6809,,,
Forelimb field,Vagal neural crest,6.210166472013394,-0.08357346446013765,-7.236590676078243,0.006547999547823898,0.5,25891,4937,,,
Frontonasal mesenchyme,Frontonasal mesenchyme,9.500000000010354,-1.1842378929335004e-14,-0.00010656416343006666,1.1780322851300441e-28,1.0,24672,24672,,,
Frontonasal mesenchyme,Head paraxial mesoderm,6.142222661932425,-0.12792812190385514,-22.29637228427056,0.002967600805189175,0.0,24672,32981,,,
Frontonasal mesenchyme,Hematopoietic progenitor,5.236219351710807,-0.2703316120227702,-3.5696173070298727,0.005127566228880462,0.02,24672,87,,,
Frontonasal mesenchyme,Hemogenic endothelium,5.658394342580607,-0.06082322587940029,-0.6496010969292153,0.018798433433021525,0.59,24672,141,,,
Frontonasal mesenchyme,Hepatoblast,5.358037943016801,-0.3833396907085402,-17.588246636978152,0.003769763206589222,0.0,24672,1255,,,
Frontonasal mesenchyme,Hindbrain (isthmic organizer),6.351253904265886,0.05205166604218873,4.9645219177760245,0.0075594830292756215,0.17,24672,3921,,,
Frontonasal mesenchyme,Hindbrain (r1),6.522396765507362,0.0961055418553034,14.400340147349233,0.0047583874202405275,0.0,24672,16440,,,
Frontonasal mesenchyme,Hindbrain (r2-r4),6.535678436614852,0.011789108243326574,3.1713810630616415,0.0036296704355477725,0.1,24672,26863,,,
Frontonasal mesenchyme,Hindbrain (r5-r8),6.424087057663286,-0.12530763234501427,-19.87819646636584,0.003505171842118713,0.0,24672,28972,,,
Frontonasal mesenchyme,Hindgut,5.464663191299603,-0.3446636039959576,-23.931162611145165,0.001713618490634403,0.0,24672,3029,,,
Frontonasal mesenchyme,Hindlimb field,6.275358405220019,0.019504462736219235,1.678855972552024,0.008973592638698272,0.04,24672,6150,,,
Frontonasal mesenchyme,Hypaxial myogenic progenitor,6.061492496604877,-0.27001056492017356,-24.09678289109972,0.0006860848850215056,0.0,24672,5322,,,
Frontonasal mesenchyme,Hypothalamic neuron,5.925926894688331,-0.23406012094089826,-11.483416967377423,0.011041517434904656,0.0,24672,1528,,,
Frontonasal mesenchyme,Hypothalamus,5.900338598172457,-0.2746610123628536,-29.320923955147123,0.003696717719720526,0.0,24672,7652,,,
Frontonasal mesenchyme,Intermediate mesoderm,6.328192388724375,-0.1278278883999482,-15.92602459916808,0.008294670322708983,0.0,24672,10656,,,
Frontonasal mesenchyme,Juxtacardiac field,5.76361282580545,-0.2017585279504678,-10.525270931317529,0.006735948980740291,0.0,24672,1386,,,
Frontonasal mesenchyme,Lens placode,6.567403135157927,0.5373441781434997,35.600940975861484,0.020400242374860253,0.0,24672,2811,,,
Frontonasal mesenchyme,Macrophage,5.306681740142016,-0.32663672505691527,-14.305863999434996,0.002064148690768448,0.0,24672,966,,,
Frontonasal mesenchyme,Megakaryocyte,5.387723005629623,-0.3625759748449748,-10.49994096545745,0.0011727714790430146,0.0,24672,482,,,
Frontonasal mesenchyme,Mesothelium,5.836458507242008,-0.10278960682808187,-3.011391212096466,0.011354235853777641,0.45,24672,346,,,
Frontonasal mesenchyme,Midbrain,6.541627515452922,0.15410726420848478,23.293154175549095,0.009563999397342232,0.0,24672,21466,,,
Frontonasal mesenchyme,Midbrain neuron,6.722129852766289,0.3629055541180269,29.388901263743602,0.0077534817576911325,0.0,24672,4463,,,
Frontonasal mesenchyme,Midgut,5.4222752905978515,-0.3872243339744168,-21.68561567761448,0.002631430583299027,0.0,24672,1667,,,
Frontonasal mesenchyme,Myotome,6.000129792056971,-0.3302405495761797,-20.215895476574484,0.0007187093370355594,0.0,24672,2201,,,
Frontonasal mesenchyme,Nascent somite,6.252234459394715,-0.15179555880072884,-14.222536598977607,0.003988699397974947,0.0,24672,6475,,,
Frontonasal mesenchyme,Notochord,5.589457965133889,-0.2997390006172142,-12.331048006772212,0.006869800505314581,0.0,24672,956,,,
Frontonasal mesenchyme,Olfactory placode,6.834761318590864,0.7263606936812526,67.94246661653148,0.004905034305179509,0.0,24672,5872,Frontonasal mesenchyme,"Both derive from the anterior neural plate border / rostral head ectoderm, where cranial (frontonasal) neural-crest-derived mesenchyme and the preplacodal ectoderm that forms the olfactory placode arise as sister lineages and co-emerge within the developing frontonasal prominence.",3
Frontonasal mesenchyme,Olfactory sensory neuron,6.4441318631898925,0.5416064539116382,15.267251833284183,0.005077624401789846,0.0,24672,389,Olfactory sensory neuron,"Frontonasal mesenchyme (cranial neural crest) and olfactory sensory neurons (olfactory placode) likely share ancestry because both derive from the anterior neural plate border and co-emerge within the rostral frontonasal/nasal region, so lineage-tracing captures their common origin in the anterior head progenitor pool.",3
Frontonasal mesenchyme,Otic placode,6.274470948349074,0.2959485260387528,18.637018541727812,0.0057568282061966946,0.0,24672,2365,,,
Frontonasal mesenchyme,Otic sensory neuron,6.143526262679089,0.26491488518023143,10.916913989428819,0.013568467278399412,0.0,24672,974,,,
Frontonasal mesenchyme,Periocular mesoderm,5.721151870701405,-0.07147124085078034,-3.1252627486234625,0.03329921126063672,0.0,24672,1739,,,
Frontonasal mesenchyme,Pharyngeal arch mesenchyme,7.363268737209796,0.9643147982700494,147.51366159399936,0.0028850901457011316,0.0,24672,39085,Frontonasal mesenchyme; Pharyngeal arch mesenchyme,"Both mesenchymal populations are predominantly derived from cranial neural crest cells emigrating from the dorsal midbrain/hindbrain neural folds, with frontonasal mesenchyme arising from forebrain–midbrain crest and pharyngeal arch mesenchyme from partially overlapping hindbrain crest streams, giving them a common ectomesenchymal progenitor origin.",2
Frontonasal mesenchyme,Pharyngeal endoderm,5.590846520874622,-0.36490374180420443,-33.49080301726718,0.008808888852015206,0.0,24672,5045,,,
Frontonasal mesenchyme,Pharyngeal mesoderm,5.917798697703911,-0.24387144565039134,-27.680047801880914,0.0050378982237600225,0.0,24672,7691,,,
Frontonasal mesenchyme,Presomitic mesoderm,6.244375676513183,-0.17689900139905834,-19.326396339657,0.0019578226204603664,0.0,24672,8521,,,
Frontonasal mesenchyme,Primordial germ cell,4.679367987636409,-0.4714041134484743,-3.6130088149601702,1.1280011430381685e-05,0.01,18369,25,,,
Frontonasal mesenchyme,Roof plate,6.765167414272294,0.3096989818199504,30.441734081156852,0.02126057804855667,0.0,24672,6035,,,
Frontonasal mesenchyme,Sacral neural crest,6.230137914708647,0.053278343490590054,3.376924757258191,0.000554630284259718,0.06,24672,2156,,,
Frontonasal mesenchyme,Sclerotome,6.228476040521535,-0.3864745480423875,-68.98617103101986,0.0016043808506576826,0.0,24672,74334,,,
Frontonasal mesenchyme,Second heart field,5.986747409132158,-0.1936247036786908,-20.366639533744518,0.005215886871125054,0.0,24672,6952,,,
Frontonasal mesenchyme,Somatic mesoderm,6.468051179717264,-0.1309288520398161,-23.012992160321982,0.00010066415564376191,0.0,24672,66151,,,
Frontonasal mesenchyme,Somatic motor neuron,6.0335483780651655,-0.35744716917109925,-33.84119628548702,0.006549196696348125,0.0,24672,6559,,,
Frontonasal mesenchyme,Spinal cord (cervical),6.446851863313703,-0.14901804810620276,-24.759168386415855,0.004601103312537331,0.0,24672,41051,,,
Frontonasal mesenchyme,Spinal cord (lumbar),6.263336641907984,-0.1884650947361847,-23.910040708735522,0.0014195704600035094,0.0,24672,12722,,,
Frontonasal mesenchyme,Spinal cord (sacral),6.185021521935897,-0.203391315064537,-18.716878288349736,0.001417559965500378,0.0,24672,5351,,,
Frontonasal mesenchyme,Spinal cord (thoracic),6.340358478927971,-0.18740547456480852,-28.913294170145843,0.00406852804289119,0.0,24672,35061,,,
Frontonasal mesenchyme,Spinal cord interneuron,6.572213127771882,-0.09704141792007093,-10.99156231692299,0.006943812977964944,0.0,24672,12470,,,
Frontonasal mesenchyme,Splanchnic mesoderm,6.3122434042684175,-0.19993625789339595,-30.450458610897524,0.0027134860799057125,0.0,24672,21642,,,
Frontonasal mesenchyme,Surface ectoderm,5.943515215343685,0.013347806607391691,1.5787146458341097,0.029290310270371666,0.0,24672,2649,,,
Frontonasal mesenchyme,Telencephalon,7.027992671234505,0.6167350851490463,98.37946965301053,0.006464252149235673,0.0,24672,34300,Frontonasal mesenchyme,"Frontonasal mesenchyme is cranial neural crest that delaminates from the anterior neural folds immediately adjacent to the prospective telencephalon, so both trace back to a shared anterior neuroectoderm/neural-plate-border progenitor pool in the forebrain region.",2
Frontonasal mesenchyme,Trigeminal ganglion neuron,6.5882376578525585,0.5225352937159098,28.135746625406753,0.012450665293775465,0.0,24672,1765,Trigeminal ganglion neuron,"Both cell types derive from cranial (largely midbrain/hindbrain) neural crest — frontonasal mesenchyme is ectomesenchymal neural crest, and a substantial fraction of trigeminal ganglion neurons are neural-crest-derived — so they trace back to a shared premigratory cranial neural crest progenitor pool.",2
Frontonasal mesenchyme,Trigeminal placode,6.912252482395444,0.7021594296980848,68.1762536506301,0.0027540032607287026,0.0,24672,6546,Frontonasal mesenchyme,Both trace to the anterior neural plate border ectoderm—frontonasal mesenchyme as forebrain/midbrain cranial neural crest ectomesenchyme and the trigeminal placode from the adjacent preplacodal ectoderm—so they arise as neighboring border derivatives that co-emerge in the same anterior head field (and even co-assemble the trigeminal ganglion).,2
Frontonasal mesenchyme,Trigeminal sensory neuron,6.553449435203588,0.4470468829266447,32.3999618964514,0.00804222272044126,0.0,24672,3198,,,
Frontonasal mesenchyme,Trunk neural crest,6.3389921656704855,0.051397117006503734,5.257939536471149,0.0064490652161844075,0.0,24672,6809,,,
Frontonasal mesenchyme,Vagal neural crest,6.428257583079707,0.1295254696386099,11.18422622832879,0.0022815262101735854,0.0,24672,4937,,,
Head paraxial mesoderm,Head paraxial mesoderm,9.500000000004212,2.960594732333751e-15,4.14431730022e-05,2.21932868002178e-28,1.0,32981,32981,,,
Head paraxial mesoderm,Hematopoietic progenitor,5.3885100798007555,-0.09500359265188892,-1.2711430101159324,0.010186809052625862,0.88,32981,87,,,
Head paraxial mesoderm,Hemogenic endothelium,5.543724640180801,-0.14678962628967027,-2.14876236214681,0.005427989989589183,0.09,32981,141,,,
Head paraxial mesoderm,Hepatoblast,5.5827413333967355,-0.12739316789190536,-5.895797168896286,0.011389383387542326,0.0,32981,1255,,,
Head paraxial mesoderm,Hindbrain (isthmic organizer),5.933473928012574,-0.33490228132429617,-28.888056004381635,0.0026276392322074175,0.0,32981,3921,,,
Head paraxial mesoderm,Hindbrain (r1),6.023852323117111,-0.3716023332726091,-53.87586275499795,0.0008864585054927113,0.0,32981,16440,,,
Head paraxial mesoderm,Hindbrain (r2-r4),6.120287565997812,-0.37340640471686637,-65.89575674438784,0.0017157743712958224,0.0,32981,26863,,,
Head paraxial mesoderm,Hindbrain (r5-r8),6.12514716188441,-0.3938136931407967,-64.26088428588531,0.0009910556832997493,0.0,32981,28972,,,
Head paraxial mesoderm,Hindgut,5.557095745578874,-0.22044477371829382,-16.883357714243065,0.001168710746357205,0.0,32981,3029,,,
Head paraxial mesoderm,Hindlimb field,6.048218140484505,-0.17705010354876016,-17.74497755099035,0.00039996108326550837,0.0,32981,6150,,,
Head paraxial mesoderm,Hypaxial myogenic progenitor,6.376230019022752,0.07580269644952213,7.191094086908424,0.001015697082878885,0.0,32981,5322,,,
Head paraxial mesoderm,Hypothalamic neuron,5.854091841670517,-0.2734194623626909,-15.153760202048796,0.001452154859172971,0.0,32981,1528,,,
Head paraxial mesoderm,Hypothalamus,5.9074044024168515,-0.23785420873303753,-26.676407091618046,0.0021033684549975236,0.0,32981,7652,,,
Head paraxial mesoderm,Intermediate mesoderm,6.168892007680139,-0.2549611804312984,-33.576297551168274,0.0005428293112476263,0.0,32981,10656,,,
Head paraxial mesoderm,Juxtacardiac field,6.217844409789854,0.28319402668356286,14.71897356391492,3.8960577515752945e-05,0.0,32981,1386,,,
Head paraxial mesoderm,Lens placode,5.86144782089859,-0.13830748503170032,-10.522582330120223,0.004990766132332309,0.0,32981,2811,,,
Head paraxial mesoderm,Macrophage,5.497635400016184,-0.10307454413939876,-4.747886291500163,0.0006171939393020921,0.0,32981,966,,,
Head paraxial mesoderm,Megakaryocyte,5.491747151099749,-0.22712337633330412,-7.198205358407129,0.0026895267513733787,0.0,32981,482,,,
Head paraxial mesoderm,Mesothelium,5.899942356602007,-0.01283872988815086,-0.49593164911619986,0.015021004780863656,0.45,32981,346,,,
Head paraxial mesoderm,Midbrain,5.992918988540179,-0.3642593275932888,-58.3923004738362,0.0019275743456935953,0.0,32981,21466,,,
Head paraxial mesoderm,Midbrain neuron,5.998396361677556,-0.32973391777939387,-30.256422324335077,0.0024084263437048055,0.0,32981,4463,,,
Head paraxial mesoderm,Midgut,5.601452554093636,-0.1785584459259256,-10.07598089457477,0.002232787436434144,0.0,32981,1667,,,
Head paraxial mesoderm,Myotome,6.378806239189807,0.07731844868244586,5.355131359745692,0.0006893920687697438,0.0,32981,2201,,,
Head paraxial mesoderm,Nascent somite,6.117252886237037,-0.2566353390073415,-26.60190747200488,0.0026780607310397516,0.0,32981,6475,,,
Head paraxial mesoderm,Notochord,5.93208795591502,0.07256114384298791,3.064088263831492,0.00014497572777342628,0.0,32981,956,Notochord,"Both cell types emerge from the anterior primitive streak/node region during gastrulation, where axial (notochord) progenitors and cranial paraxial mesoderm progenitors are closely juxtaposed and share a common node-derived mesodermal progenitor pool.",2
Head paraxial mesoderm,Olfactory placode,5.866252178485339,-0.21235467194863933,-21.413239474960402,0.002678004384248603,0.0,32981,5872,,,
Head paraxial mesoderm,Olfactory sensory neuron,5.669531071531677,-0.20004156511156732,-5.416270816388548,0.005695711376482005,0.0,32981,389,,,
Head paraxial mesoderm,Otic placode,5.773834499287784,-0.17329560505210098,-11.090219471080992,0.000705776011060284,0.0,32981,2365,,,
Head paraxial mesoderm,Otic sensory neuron,5.675089993077229,-0.17204794460514736,-7.147663358543366,0.010206221006410353,0.0,32981,974,,,
Head paraxial mesoderm,Periocular mesoderm,6.6717773547479995,0.9114772701875303,47.30296387535872,0.0006039231422865694,0.0,32981,1739,Head paraxial mesoderm; Periocular mesoderm,"Periocular mesoderm arises largely from cranial (head) paraxial mesoderm, so both cell types descend from the same anterior paraxial mesodermal progenitor pool emerging from the anterior primitive streak/cranial mesenchyme.",1
Head paraxial mesoderm,Pharyngeal arch mesenchyme,6.157069661484648,-0.21052407151108188,-39.416437213006304,0.0011977918182190558,0.0,32981,39085,,,
Head paraxial mesoderm,Pharyngeal endoderm,5.769772812899632,-0.15565122763055297,-14.186806158146679,0.0013135629803317798,0.0,32981,5045,,,
Head paraxial mesoderm,Pharyngeal mesoderm,6.9495757057064464,0.8180988042548307,89.72649488792285,0.0012934648210249152,0.0,32981,7691,Head paraxial mesoderm; Pharyngeal mesoderm,"Both are cranial mesoderm derivatives that emerge together from the anterior primitive streak/prechordal-to-anterior mesendoderm, sharing a common cranial (head) mesoderm progenitor pool before segregating into paraxial (somitomeric) versus pharyngeal/splanchnic populations.",2
Head paraxial mesoderm,Presomitic mesoderm,6.113592123481632,-0.2772120209490412,-31.8054082138963,0.0015672413196804657,0.0,32981,8521,,,
Head paraxial mesoderm,Primordial germ cell,4.757213755825042,-0.3836364956807339,-3.502928157482657,0.0635172895205725,0.2,26789,25,,,
Head paraxial mesoderm,Roof plate,6.078575090964686,-0.3465092299344971,-33.65480445607894,0.001603791982087886,0.0,32981,6035,,,
Head paraxial mesoderm,Sacral neural crest,5.85738807737502,-0.2880306068207374,-18.246159611236504,0.0016258329791373654,0.0,32981,2156,,,
Head paraxial mesoderm,Sclerotome,6.911035611645164,0.32679038409137107,66.72894966179794,0.0027710119145498468,0.0,32981,74334,Head paraxial mesoderm,"Both cell types are paraxial mesoderm derivatives arising from the anterior primitive streak: head paraxial mesoderm is the unsegmented cranial paraxial mesoderm while sclerotome is the ventromedial somite compartment, so they share a common paraxial mesoderm progenitor pool.",2
Head paraxial mesoderm,Second heart field,6.483380691053468,0.3336115557334883,40.19463391911287,0.00010656206078704383,0.0,32981,6952,Head paraxial mesoderm,"Both derive from anterior/cranial mesoderm of the cardiopharyngeal field, where the second heart field and head paraxial (branchiomeric muscle) progenitors share a common Isl1+/Tbx1+ pharyngeal mesoderm origin.",2
Head paraxial mesoderm,Somatic mesoderm,6.399448025091689,-0.1683352919557081,-32.6484759429295,0.0006052465360921741,0.0,32981,66151,,,
Head paraxial mesoderm,Somatic motor neuron,6.062175660147542,-0.29902545772230305,-31.297710825330313,0.0017171107036018907,0.0,32981,6559,,,
Head paraxial mesoderm,Spinal cord (cervical),6.167818673359144,-0.3972178610192187,-70.51401095737806,0.0006991601075581064,0.0,32981,41051,,,
Head paraxial mesoderm,Spinal cord (lumbar),6.127635809622599,-0.29451049100138843,-36.76025672645692,0.0010007625147180931,0.0,32981,12722,,,
Head paraxial mesoderm,Spinal cord (sacral),6.0781444880408175,-0.27969703263676493,-28.127176028353787,0.001004415429891459,0.0,32981,5351,,,
Head paraxial mesoderm,Spinal cord (thoracic),6.149213817102985,-0.3484793563578439,-58.87209425736623,0.0022400855048549987,0.0,32981,35061,,,
Head paraxial mesoderm,Spinal cord interneuron,6.178638427952223,-0.46048085573363373,-58.77516930737003,0.001750359349382221,0.0,32981,12470,,,
Head paraxial mesoderm,Splanchnic mesoderm,6.4151949073631025,-0.0662226471690559,-9.600582380681638,0.002523587291103765,0.0,32981,21642,,,
Head paraxial mesoderm,Surface ectoderm,5.746423166933776,-0.15307597556256228,-11.913574788204803,0.007357793181328108,0.02,32981,2649,,,
Head paraxial mesoderm,Telencephalon,6.017056536043829,-0.3629361504461996,-68.37697353654728,0.004846303498000555,0.0,32981,34300,,,
Head paraxial mesoderm,Trigeminal ganglion neuron,5.908385088677586,-0.12714009153631492,-7.502145225599231,0.006894143900907406,0.0,32981,1765,,,
Head paraxial mesoderm,Trigeminal placode,5.973822765537512,-0.2046870173690817,-22.06395615837344,0.0018780929560199174,0.0,32981,6546,,,
Head paraxial mesoderm,Trigeminal sensory neuron,5.914188123339724,-0.16082629793286873,-11.747294183504339,0.0004920902891117956,0.0,32981,3198,,,
Head paraxial mesoderm,Trunk neural crest,5.956228608512148,-0.30054195296802205,-29.793427536052278,0.0008971517037949356,0.0,32981,6809,,,
Head paraxial mesoderm,Vagal neural crest,5.97205097722036,-0.2952355387632286,-27.93516336586552,0.0018766625886488654,0.0,32981,4937,,,
Hematopoietic progenitor,Hematopoietic progenitor,9.499999999978924,-1.7763568394002505e-15,-1.7765145224849107e-05,3.534096855390133e-28,1.0,87,87,,,
Hematopoietic progenitor,Hemogenic endothelium,5.2534125789443,0.323760623076927,3.6210859630719905,0.1636785477725744,0.59,87,141,,,
Hematopoietic progenitor,Hepatoblast,5.146666842393579,0.20140033984870728,2.1322462563164297,0.02395384209956053,0.8,87,1255,,,
Hematopoietic progenitor,Hindbrain (isthmic organizer),5.158324396769069,-0.34771827201479216,-4.244641144078731,0.0031084392592320544,0.0,87,3921,,,
Hematopoietic progenitor,Hindbrain (r1),5.226876119186227,-0.4031796419751785,-5.159870582424449,0.003045418372054166,0.0,87,16440,,,
Hematopoietic progenitor,Hindbrain (r2-r4),5.288503111360853,-0.43982497444200597,-5.354001309581612,0.006044161665145294,0.0,87,26863,,,
Hematopoietic progenitor,Hindbrain (r5-r8),5.2547939524753975,-0.49860179570878377,-5.406401631015956,0.01295297201455825,0.0,87,28972,,,
Hematopoietic progenitor,Hindgut,5.026835698571319,0.013732270079091316,0.20384025203420456,0.008968024020175762,0.88,87,3029,,,
Hematopoietic progenitor,Hindlimb field,5.286271480829996,-0.18343176547459242,-1.9960580328803559,0.009045545479036615,0.31,87,6150,,,
Hematopoietic progenitor,Hypaxial myogenic progenitor,5.346499127755162,-0.18581981767121766,-2.3828125270078004,0.002257112034437059,0.06,87,5322,,,
Hematopoietic progenitor,Hypothalamic neuron,5.069919069003849,-0.29879454869358596,-3.3841193029395353,0.0015739596748733887,0.01,87,1528,,,
Hematopoietic progenitor,Hypothalamus,5.106797556050506,-0.2799877240264668,-3.465968218686227,0.003917608743322679,0.01,87,7652,,,
Hematopoietic progenitor,Intermediate mesoderm,5.300550354631342,-0.3655769353271762,-4.320412747174455,0.01205987615843319,0.01,87,10656,,,
Hematopoietic progenitor,Juxtacardiac field,5.173661297305463,-0.002271110258974159,-0.07239878028844553,0.0008078120105940526,0.93,87,1386,,,
Hematopoietic progenitor,Lens placode,5.169652710076471,-0.0710283799984263,-0.8049941580194088,0.003519025235152326,0.71,87,2811,,,
Hematopoietic progenitor,Macrophage,6.207752784214132,1.3607405028665551,15.294989403844589,0.3433713938834351,0.0,87,966,Hematopoietic progenitor; Macrophage,"Both cell types derive from the same yolk-sac/AGM hematopoietic lineage, with embryonic macrophages differentiating directly from hematopoietic (erythro-myeloid) progenitors, so they share recent common progenitors.",1
Hematopoietic progenitor,Megakaryocyte,5.87480467907283,0.9188111384743184,11.093919091188193,0.16601595050235837,0.0,87,482,Hematopoietic progenitor; Megakaryocyte,"Megakaryocytes are a direct hematopoietic derivative, arising from the same hematopoietic progenitor pool (via the megakaryocyte-erythroid progenitor, MEP) that emerges in the yolk-sac/AGM blood-forming program at this stage, so the two share immediate ancestry within a single blood lineage.",1
Hematopoietic progenitor,Mesothelium,5.014732890299335,-0.1356357164612986,-1.4239871191678601,0.0045669374825197985,0.49,87,346,,,
Hematopoietic progenitor,Midbrain,5.198941463966695,-0.3911710436994289,-4.758614006070039,0.0016433715696732296,0.0,87,21466,,,
Hematopoietic progenitor,Midbrain neuron,5.1617113031845845,-0.41034828766168846,-4.930233787426034,0.0020924308802799684,0.0,87,4463,,,
Hematopoietic progenitor,Midgut,5.076163906365476,0.05685077101279212,0.7597494704096315,0.08761166535104287,0.12,87,1667,,,
Hematopoietic progenitor,Myotome,5.275252471859455,-0.2695636337832636,-3.382546985298879,0.0040018469819138695,0.0,87,2201,,,
Hematopoietic progenitor,Nascent somite,5.212181230386946,-0.3945256875030803,-4.949305316105858,0.02265750817214477,0.0,87,6475,,,
Hematopoietic progenitor,Notochord,5.015296795239962,-0.07819787799823086,-1.0803546638422448,0.008487726944283985,0.69,87,956,,,
Hematopoietic progenitor,Olfactory placode,5.230742404689028,-0.08036304744583174,-0.8851993167691455,0.0014371806271228937,0.42,87,5872,,,
Hematopoietic progenitor,Olfactory sensory neuron,5.020968677717392,-0.08418108035605343,-0.8627961491566577,0.0038009763486458363,0.91,87,389,,,
Hematopoietic progenitor,Otic placode,5.071801228748256,-0.1069715282887455,-1.1929215212830582,0.0032496011207106355,0.6,87,2365,,,
Hematopoietic progenitor,Otic sensory neuron,5.025998508587693,-0.06185149520445569,-0.6784227783839958,0.0032936765099719225,1.0,87,974,,,
Hematopoietic progenitor,Periocular mesoderm,4.921118042766257,-0.09212653686984051,-1.3182646930474577,0.017976354308077216,0.95,87,1739,,,
Hematopoietic progenitor,Pharyngeal arch mesenchyme,5.30813997412251,-0.30376786557300023,-3.486855828698962,0.0018689772659507267,0.0,87,39085,,,
Hematopoietic progenitor,Pharyngeal endoderm,5.238520072376327,0.07819413247229672,1.1049419472827176,0.03568119347104351,0.03,87,5045,Hematopoietic progenitor,"The two likely trace back to bipotent mesendoderm progenitors emerging from the anterior primitive streak during gastrulation, where definitive (foregut/pharyngeal) endoderm and nascent mesoderm — including the anterior lateral-plate/pharyngeal mesoderm that seeds early hematopoietic-endothelial progenitors — segregate relatively late from a shared founder pool.",3
Hematopoietic progenitor,Pharyngeal mesoderm,5.266692756497563,-0.10395108629700663,-1.6377132082626737,0.008202516957930207,0.91,87,7691,,,
Hematopoietic progenitor,Presomitic mesoderm,5.228292398267321,-0.3987731889276385,-4.625437595369672,0.011445223481254974,0.0,87,8521,,,
Hematopoietic progenitor,Primordial germ cell,4.733083233606775,0.4175743139972883,2.3529144108650644,0.1088996780850999,0.24,56,25,,,
Hematopoietic progenitor,Roof plate,5.277115466562879,-0.38062517504154414,-4.1873234603306,0.0048269976573782495,0.0,87,6035,,,
Hematopoietic progenitor,Sacral neural crest,5.144950847238882,-0.23646256135571728,-2.5718187179048115,0.0009669465246534227,0.04,87,2156,Hematopoietic progenitor,"The statistic is actually negative (norm_value −0.236, z −2.57), a significant DEPLETION of shared ancestry that fits their distinct germ-layer origins — mesodermal hematopoietic progenitors (blood islands/hemogenic endothelium) versus neuroectodermal sacral neural crest — which segregate at gastrulation; a genuinely positive linkage would have no obvious shared progenitor.",4
Hematopoietic progenitor,Sclerotome,5.422003539456946,-0.4015494726891147,-4.810835881567459,0.004308622606700161,0.0,87,74334,,,
Hematopoietic progenitor,Second heart field,5.354132860989235,-0.03722801087650781,-0.4975410384427952,0.011468707618895324,0.41,87,6952,,,
Hematopoietic progenitor,Somatic mesoderm,5.6354960000370395,-0.17229975943655843,-2.0163369396521977,0.04273682162404314,0.54,87,66151,,,
Hematopoietic progenitor,Somatic motor neuron,5.173483842077591,-0.42347270855674485,-4.648199594858048,0.007760649500835214,0.0,87,6559,,,
Hematopoietic progenitor,Spinal cord (cervical),5.275262897817376,-0.5310148131476554,-6.2752193836924635,0.015268591374603985,0.0,87,41051,,,
Hematopoietic progenitor,Spinal cord (lumbar),5.206981374750666,-0.4504702286789337,-4.9774119353056845,0.005714002203205602,0.0,87,12722,,,
Hematopoietic progenitor,Spinal cord (sacral),5.203796581558102,-0.4008104912942437,-4.386515053531833,0.018152610292848592,0.0,87,5351,,,
Hematopoietic progenitor,Spinal cord (thoracic),5.240274838262775,-0.49647917352280846,-5.840665185956698,0.0071851121326561036,0.0,87,35061,,,
Hematopoietic progenitor,Spinal cord interneuron,5.277626207734786,-0.6052428659033705,-6.978403705681889,0.00427120448703105,0.0,87,12470,,,
Hematopoietic progenitor,Splanchnic mesoderm,5.555977530515726,-0.16745891240236124,-2.064291376413383,0.023680793318466124,1.0,87,21642,,,
Hematopoietic progenitor,Surface ectoderm,5.160544380418678,0.029188983379546524,0.17361540142770196,0.03618472151724594,0.91,87,2649,,,
Hematopoietic progenitor,Telencephalon,5.216677645290006,-0.39778832585125584,-4.684369720555639,0.002814702574340546,0.0,87,34300,,,
Hematopoietic progenitor,Trigeminal ganglion neuron,5.152477767028054,-0.12167268897875842,-1.3384399489279641,0.0050681708264614465,0.62,87,1765,,,
Hematopoietic progenitor,Trigeminal placode,5.2549525168696745,-0.15564776326729715,-1.8026830743886697,0.0014957252737357815,0.21,87,6546,,,
Hematopoietic progenitor,Trigeminal sensory neuron,5.18738662013946,-0.1322056787496185,-1.4600626227355724,0.013916984982181298,0.89,87,3198,,,
Hematopoietic progenitor,Trunk neural crest,5.222329556793546,-0.2686932466955024,-3.1378527226152784,0.008892890990063651,0.03,87,6809,,,
Hematopoietic progenitor,Vagal neural crest,5.218832706145467,-0.2804645160244208,-3.291237589727882,0.006040015479520733,0.0,87,4937,,,
Hemogenic endothelium,Hemogenic endothelium,9.499999999938483,-5.329070518200751e-15,-5.920158863140001e-05,3.407879110554771e-28,1.0,141,141,,,
Hemogenic endothelium,Hepatoblast,5.0726260600862325,-0.08992021822473362,-1.7381278217784306,0.010733954028231286,0.79,141,1255,,,
Hemogenic endothelium,Hindbrain (isthmic organizer),5.454561449265438,-0.2596385416083195,-4.07075797364383,0.0013672875586085871,0.0,141,3921,,,
Hemogenic endothelium,Hindbrain (r1),5.589912590766453,-0.2644580295655728,-4.556841533062747,0.0015095171496989606,0.01,141,16440,,,
Hemogenic endothelium,Hindbrain (r2-r4),5.698444120283395,-0.24666619300551348,-3.9199978055167612,2.7201763370258293e-06,0.0,141,26863,,,
Hemogenic endothelium,Hindbrain (r5-r8),5.6726091598246535,-0.3027061236644804,-4.49112937443386,0.0011561288067998613,0.0,141,28972,,,
Hemogenic endothelium,Hindgut,5.191278919349334,-0.03496573409651808,-0.7208494160354499,0.0026855769130831866,0.79,141,3029,,,
Hemogenic endothelium,Hindlimb field,6.0195318173278975,0.33930451893747665,4.55916480672928,0.028627811109958948,0.03,141,6150,Hemogenic endothelium,"Both derive from posterior lateral plate/nascent mesoderm ingressing through the caudal primitive streak, where hindlimb-field mesenchyme and Kdr+ hemogenic-endothelial (hemangioblast-like) progenitors co-emerge from a shared posterior mesodermal progenitor pool.",3
Hemogenic endothelium,Hypaxial myogenic progenitor,5.621998522095242,-0.130411815300041,-1.8931503248260169,0.003609001544361272,0.08,141,5322,,,
Hemogenic endothelium,Hypothalamic neuron,5.3078881850040815,-0.2684485849218114,-4.535814958430748,0.036958185120394754,0.53,141,1528,,,
Hemogenic endothelium,Hypothalamus,5.301911388793263,-0.2999589591568901,-4.5912543414712985,0.018918103828958498,0.08,141,7652,,,
Hemogenic endothelium,Intermediate mesoderm,5.881208637134352,0.005068962164256933,0.149529483145015,0.03827965277244697,0.51,141,10656,,,
Hemogenic endothelium,Juxtacardiac field,5.357264000535513,-0.02721567428599177,-0.8154846331434666,0.03122774836756413,0.56,141,1386,,,
Hemogenic endothelium,Lens placode,5.588107308104672,0.13345475597963516,2.0368753648622944,0.008499921643652493,0.57,141,2811,,,
Hemogenic endothelium,Macrophage,5.019826949903178,-0.036689046798926185,-1.2512060991730751,0.02618644348997347,0.89,141,966,,,
Hemogenic endothelium,Megakaryocyte,5.004885725008958,-0.17045585665572963,-2.867003749708083,0.030408336346536294,0.92,141,482,,,
Hemogenic endothelium,Mesothelium,5.3671760961223045,0.010879969517358035,0.3641826551855674,0.020592958904061237,0.89,141,346,,,
Hemogenic endothelium,Midbrain,5.529452910831119,-0.2798975671316987,-4.589275162116628,0.004192742313872249,0.02,141,21466,,,
Hemogenic endothelium,Midbrain neuron,5.502835199187882,-0.2750046400357788,-4.225861409597581,0.006385019939656032,0.01,141,4463,,,
Hemogenic endothelium,Midgut,5.154318156174397,-0.07208591052344963,-1.9344952851277968,0.028660795097281214,0.77,141,1667,,,
Hemogenic endothelium,Myotome,5.507917470468191,-0.2445635642360496,-3.7950237489108347,0.017117220516717293,0.0,141,2201,,,
Hemogenic endothelium,Nascent somite,5.631489789005229,-0.1950944084217238,-2.8918672676611887,0.01977223307139066,0.57,141,6475,,,
Hemogenic endothelium,Notochord,5.150372649260228,-0.15507360511729562,-2.437191523070322,0.016434413788177223,0.73,141,956,,,
Hemogenic endothelium,Olfactory placode,5.609655254422734,0.07555077272649029,1.2960557098040686,0.00903433680379453,0.81,141,5872,,,
Hemogenic endothelium,Olfactory sensory neuron,5.361152917822518,0.040025902149204796,0.610019359397151,0.010531685962957787,0.51,141,389,,,
Hemogenic endothelium,Otic placode,5.597403726381784,0.20234661261614217,2.5425303276885143,0.006653839657600105,0.06,141,2365,,,
Hemogenic endothelium,Otic sensory neuron,5.5117146855786645,0.21450323744068012,2.842936270048431,0.014021260648871863,0.42,141,974,,,
Hemogenic endothelium,Periocular mesoderm,5.037705892957123,-0.17950439768871304,-3.334868769494497,0.03934315465660368,0.65,141,1739,,,
Hemogenic endothelium,Pharyngeal arch mesenchyme,5.819365478675324,-0.004250146806120607,0.046843285214681264,0.004671094014109066,0.6,141,39085,,,
Hemogenic endothelium,Pharyngeal endoderm,5.2751872617384015,-0.09679736666760519,-1.9585190204660698,0.04209145347374275,0.85,141,5045,,,
Hemogenic endothelium,Pharyngeal mesoderm,5.5161864130345215,-0.06473909876023527,-1.281828927591617,0.0014973792644454478,0.49,141,7691,,,
Hemogenic endothelium,Presomitic mesoderm,5.647738746181072,-0.19753069485556138,-2.8525199227573315,0.022017099325233144,0.64,141,8521,,,
Hemogenic endothelium,Primordial germ cell,4.730602863594536,0.24804350015996635,1.2560016746098732,0.0009528122243301211,0.2,73,25,,,
Hemogenic endothelium,Roof plate,5.810132906353364,-0.05934339561623444,-0.8001768621657256,0.004329063936045184,0.91,141,6035,,,
Hemogenic endothelium,Sacral neural crest,5.618233293635964,0.01931594196600687,0.21605986875727767,0.003970759343541347,0.83,141,2156,,,
Hemogenic endothelium,Sclerotome,5.819318095796799,-0.22345060328271948,-3.4839346138466083,0.005762107709731843,0.04,141,74334,,,
Hemogenic endothelium,Second heart field,5.682492558008022,0.08233167904438361,1.6011442888779712,0.004866039098732231,0.98,141,6952,,,
Hemogenic endothelium,Somatic mesoderm,6.755078722661421,0.7394889923554379,11.50116613768413,0.0006749502552837093,0.0,141,66151,Hemogenic endothelium,"Both cell types derive from the same early lateral plate/posterior mesoderm progenitor pool, with hemogenic endothelium (the source of definitive blood via endothelial-to-hematopoietic transition) and somatic (somatopleuric) mesoderm splitting from a common Mesp1+ nascent mesodermal lineage during gastrulation.",2
Hemogenic endothelium,Somatic motor neuron,5.450399101646023,-0.3580215194898561,-5.206443763396297,0.015576728553343779,0.02,141,6559,,,
Hemogenic endothelium,Spinal cord (cervical),5.72465560764585,-0.2938308005850357,-4.4177202631298895,0.001404505153418396,0.01,141,41051,,,
Hemogenic endothelium,Spinal cord (lumbar),5.647677378770289,-0.2254110727375179,-3.922536393972275,0.006368827111464727,0.04,141,12722,,,
Hemogenic endothelium,Spinal cord (sacral),5.622883282636735,-0.18261189155742752,-2.57311829885375,0.0030498272130074764,0.08,141,5351,,,
Hemogenic endothelium,Spinal cord (thoracic),5.699699869486184,-0.24156473683799065,-3.4351780974115624,0.0045863927970251645,0.01,141,35061,,,
Hemogenic endothelium,Spinal cord interneuron,5.7372633797475,-0.3512049975014359,-4.977553330088878,0.0016968468237480287,0.0,141,12470,,,
Hemogenic endothelium,Splanchnic mesoderm,6.653516685808978,0.7223121998875891,11.746659813582065,0.0029760009455588174,0.0,141,21642,Hemogenic endothelium,"Hemogenic endothelium arises from the same lateral plate/splanchnic mesoderm progenitor pool that generates yolk-sac and gut-associated endothelium and blood islands, so both cell types descend from a shared posterior/visceral lateral plate mesoderm lineage (via hemangioblast/hemogenic endothelial specification).",2
Hemogenic endothelium,Surface ectoderm,5.609951673250091,0.26712893116263015,3.695682877477058,0.04220072905064984,0.32,141,2649,,,
Hemogenic endothelium,Telencephalon,5.633351670651639,-0.20318803536355082,-2.93610321999234,0.004109966854400557,0.08,141,34300,,,
Hemogenic endothelium,Trigeminal ganglion neuron,5.600549214835304,0.11315140754792512,1.492507603305029,0.010413113889305044,0.72,141,1765,,,
Hemogenic endothelium,Trigeminal placode,5.812613667347578,0.1827056307471627,2.7774956273634963,0.0007807245207979558,0.05,141,6546,,,
Hemogenic endothelium,Trigeminal sensory neuron,5.639800035960417,0.11052027658208896,1.6667688242700016,0.008231598113596594,0.68,141,3198,,,
Hemogenic endothelium,Trunk neural crest,5.692887504413865,-0.00983447962898983,-0.15463786466408938,0.0008943265906095981,0.87,141,6809,,,
Hemogenic endothelium,Vagal neural crest,5.688963290923435,-0.03862099394086549,-0.43632471221608043,0.005760682196280454,0.74,141,4937,,,
Hepatoblast,Hepatoblast,9.500000000003231,7.105427357601002e-15,8.28884492411813e-05,1.262177448353619e-29,1.0,1255,1255,,,
Hepatoblast,Hindbrain (isthmic organizer),5.412516156342296,-0.3244820485898714,-11.807817610418136,0.01622925083135668,0.0,1255,3921,,,
Hepatoblast,Hindbrain (r1),5.448003038284676,-0.41638162352753216,-16.293291460352393,0.021777906302890917,0.0,1255,16440,,,
Hepatoblast,Hindbrain (r2-r4),5.520552765332322,-0.4408191275266325,-18.78949178103897,0.02786713695610229,0.0,1255,26863,,,
Hepatoblast,Hindbrain (r5-r8),5.5252816189954475,-0.46311115903467953,-19.45869269913591,0.023112187264918562,0.0,1255,28972,,,
Hepatoblast,Hindgut,5.579173359982396,0.33175429750249413,12.914756094839548,0.02409815088671434,0.0,1255,3029,Hepatoblast; Hindgut,"Both hepatoblasts (derived from ventral foregut endoderm) and hindgut cells originate from the common definitive endoderm sheet laid down during gastrulation, so they share an endodermal progenitor pool despite occupying opposite ends of the anterior-posterior gut axis.",2
Hepatoblast,Hindlimb field,5.394358329154247,-0.3004084706686365,-12.500996114739296,0.014677523236199207,0.0,1255,6150,,,
Hepatoblast,Hypaxial myogenic progenitor,5.5460979443902225,-0.22471821366485076,-8.43342855235819,0.020036623317983355,0.0,1255,5322,,,
Hepatoblast,Hypothalamic neuron,5.4531977122725905,-0.1458720583717946,-4.11594126319714,0.04294673480934999,0.0,1255,1528,,,
Hepatoblast,Hypothalamus,5.491348006750968,-0.12431717015518225,-3.354957312209656,0.04488197581310987,0.0,1255,7652,,,
Hepatoblast,Intermediate mesoderm,5.485801573593679,-0.409933423619998,-17.23171236931948,0.0033069673315814945,0.0,1255,10656,,,
Hepatoblast,Juxtacardiac field,5.3965366575921285,-0.008877059213830307,-0.6160845172049849,0.006910920098318699,0.16,1255,1386,,,
Hepatoblast,Lens placode,5.207661936322418,-0.26334159954172875,-11.352938115478109,0.028468105364263314,0.0,1255,2811,,,
Hepatoblast,Macrophage,5.345533952808325,0.27312455919747425,7.1992930688686085,0.014682198565438719,0.0,1255,966,Hepatoblast; Macrophage,"Although hepatoblasts derive from foregut endoderm and E9.5 macrophages from yolk-sac/EMP hemogenic-endothelial (mesodermal) progenitors, their shared linkage likely reflects a common early clonal origin in the posterior epiblast/nascent mesendoderm plus tight spatiotemporal co-emergence in the septum-transversum/hepatic region that seeds the fetal-liver hematopoietic niche.",4
Hepatoblast,Megakaryocyte,5.359261166366714,0.17328898174429538,4.1196023483331485,0.06384486568587619,0.0,1255,482,Megakaryocyte,"Because they are germ-layer-distinct (endodermal hepatoblast vs. mesodermal megakaryocyte), their shared ancestry most likely reflects clonal co-emergence from a common anterior/ventral progenitor field where the hepatoblast-inducing ventral foregut endoderm and the hemogenic lateral-plate/septum-transversum mesoderm (source of early EMP-derived megakaryocytes) are spatially and temporally co-specified around E9.5.",4
Hepatoblast,Mesothelium,5.221614330765347,-0.1560613782684852,-3.5561341027576163,0.0016733049983431829,0.05,1255,346,,,
Hepatoblast,Midbrain,5.508952694832292,-0.31743839732560425,-12.707067085588966,0.026746952484785674,0.0,1255,21466,,,
Hepatoblast,Midbrain neuron,5.43916630036334,-0.35941213696634006,-13.579728679894089,0.023651892691285543,0.0,1255,4463,,,
Hepatoblast,Midgut,5.957353701228413,0.7068213988914476,25.482755886287332,0.015709797688200952,0.0,1255,1667,Hepatoblast; Midgut,"Hepatoblasts (the bipotent hepatocyte/cholangiocyte progenitors budding from the ventral foregut) and midgut both derive from definitive (gut-tube) endoderm and emerge from adjacent domains of the ventral foregut–midgut endodermal sheet, so they share a recent common endodermal progenitor pool.",2
Hepatoblast,Myotome,5.50209091994856,-0.2680141273594992,-9.46049848060121,0.006108681449603082,0.0,1255,2201,,,
Hepatoblast,Nascent somite,5.468620006522958,-0.3742326166033105,-14.613315164798358,0.023323873208329984,0.0,1255,6475,,,
Hepatoblast,Notochord,5.588412515486369,0.263168766847369,8.86289857432548,0.003486039558843956,0.0,1255,956,Notochord,"Both cell types likely descend from the anterior primitive streak/node (axial mesendoderm), the region that ingresses to form definitive foregut endoderm (giving rise to hepatoblasts) and the notochordal plate, which transiently intercalates into the gut endoderm before segregating as notochord.",3
Hepatoblast,Olfactory placode,5.270947762909114,-0.27891138101436014,-10.795558793238087,0.003364404677971668,0.0,1255,5872,,,
Hepatoblast,Olfactory sensory neuron,5.079784956133577,-0.25607668969048686,-5.982800833140826,7.571306427610869e-05,0.0,1255,389,,,
Hepatoblast,Otic placode,5.167981835033825,-0.24924299822473164,-9.447541157583649,0.017447991927659084,0.0,1255,2365,,,
Hepatoblast,Otic sensory neuron,5.139204909429332,-0.18073806417630234,-5.898644941558849,0.023466266399466383,0.31,1255,974,,,
Hepatoblast,Periocular mesoderm,5.381014575201758,0.14853517283417825,5.5007814483736865,0.01552030219812817,0.0,1255,1739,,,
Hepatoblast,Pharyngeal arch mesenchyme,5.3462117699173595,-0.49030198490178023,-21.159900177656606,0.005658034324576332,0.0,1255,39085,,,
Hepatoblast,Pharyngeal endoderm,6.568861716379167,1.1744023918604196,50.156556967586454,0.045505742946725075,0.0,1255,5045,Hepatoblast; Pharyngeal endoderm,"Both cell types derive from the anterior/foregut definitive endoderm, with hepatoblasts budding from the ventral foregut and pharyngeal endoderm forming the adjacent anterior foregut, so they emerge from a shared foregut endodermal progenitor pool during gut tube regionalization.",2
Hepatoblast,Pharyngeal mesoderm,5.4894860749404595,-0.11012426801981749,-4.7736717666619155,0.009039963654600604,0.03,1255,7691,,,
Hepatoblast,Presomitic mesoderm,5.49727445359384,-0.36291819693489735,-13.842940349482582,0.010697439024172549,0.0,1255,8521,,,
Hepatoblast,Primordial germ cell,4.636988975581844,0.07764404963662663,0.5097386716467407,0.017151372273729818,0.92,603,25,,,
Hepatoblast,Roof plate,5.371428496222493,-0.5247253040605516,-18.56734041306291,0.008201643913393229,0.0,1255,6035,,,
Hepatoblast,Sacral neural crest,5.332506549764282,-0.28311822745387677,-9.54138631258324,0.01754472287433669,0.0,1255,2156,,,
Hepatoblast,Sclerotome,5.654949977113787,-0.40061365471027316,-19.76067517842813,0.009404100131319315,0.0,1255,74334,,,
Hepatoblast,Second heart field,5.451771291660151,-0.16765197599038592,-8.593783072424108,0.0058516670293260655,0.0,1255,6952,,,
Hepatoblast,Somatic mesoderm,5.562076971744907,-0.47600947248391606,-22.672423507668768,0.005253661916216384,0.0,1255,66151,,,
Hepatoblast,Somatic motor neuron,5.510544573127578,-0.3191326147352032,-11.181838022199033,0.028325512378880088,0.0,1255,6559,,,
Hepatoblast,Spinal cord (cervical),5.558748003026334,-0.476135902231617,-19.55619664883034,0.01950396756009314,0.0,1255,41051,,,
Hepatoblast,Spinal cord (lumbar),5.512149709286581,-0.3803965856096851,-15.37027674872877,0.02537075931636391,0.0,1255,12722,,,
Hepatoblast,Spinal cord (sacral),5.49532205402947,-0.3347204375950487,-11.931052106806106,0.030737348011815716,0.0,1255,5351,,,
Hepatoblast,Spinal cord (thoracic),5.529386930311941,-0.4349490188787213,-17.02797887289067,0.024726571262132457,0.0,1255,35061,,,
Hepatoblast,Spinal cord interneuron,5.525225815910432,-0.583065997679982,-23.491624445977337,0.026234846420921037,0.0,1255,12470,,,
Hepatoblast,Splanchnic mesoderm,5.509817327993261,-0.44494240377258887,-18.773403900844663,0.0030440906627290077,0.0,1255,21642,,,
Hepatoblast,Surface ectoderm,5.327259635931646,-0.04283909643873093,-2.8192168835640654,0.054024126753906394,0.68,1255,2649,,,
Hepatoblast,Telencephalon,5.470074757939128,-0.3809184786736595,-17.35453572381854,0.008699884770251364,0.0,1255,34300,,,
Hepatoblast,Trigeminal ganglion neuron,5.218251758264161,-0.28673440540601547,-8.63865430772754,0.012855053739036513,0.0,1255,1765,,,
Hepatoblast,Trigeminal placode,5.2725212214000665,-0.3741743779471743,-16.32697382844385,0.006232620836753922,0.0,1255,6546,,,
Hepatoblast,Trigeminal sensory neuron,5.270324359727186,-0.2737904774655589,-11.436863252204764,0.020468084739727183,0.0,1255,3198,,,
Hepatoblast,Trunk neural crest,5.344836682062904,-0.38602481413138917,-15.199785355305423,0.006780765360238552,0.0,1255,6809,,,
Hepatoblast,Vagal neural crest,5.3436970508220485,-0.39193411118402316,-15.022857606333382,0.0070641823111580685,0.0,1255,4937,,,
Hindbrain (isthmic organizer),Hindbrain (isthmic organizer),9.50000000001883,-4.736951571734001e-15,-5.32830280062746e-05,1.0833689765035227e-28,1.0,3921,3921,,,
Hindbrain (isthmic organizer),Hindbrain (r1),7.925126877006794,1.5016983823250867,109.14028311859205,0.00711337677200863,0.0,3921,16440,Hindbrain (isthmic organizer); Hindbrain (r1),"The isthmic organizer sits at the midbrain–hindbrain boundary immediately rostral to rhombomere 1, so both cell types descend from the same anterior hindbrain neuroepithelium (the rostral-most hindbrain/isthmic neural plate that the FGF8-secreting organizer itself patterns), explaining their tight shared ancestry.",1
Hindbrain (isthmic organizer),Hindbrain (r2-r4),7.07538673022049,0.553152162202689,45.258078054700825,0.00016829497656437235,0.0,3921,26863,Hindbrain (r2-r4),"Both are contiguous anteroposterior subdivisions of the same anterior neural tube neuroepithelium, arising from a common regional progenitor pool in the hindbrain/midbrain-hindbrain-boundary neural plate before rhombomeric segmentation partitions them.",1
Hindbrain (isthmic organizer),Hindbrain (r5-r8),6.8525245404192505,0.3040428062183178,22.98505925833672,0.0003984876886361612,0.0,3921,28972,,,
Hindbrain (isthmic organizer),Hindgut,5.513925604935518,-0.29134610180181103,-17.522282649137004,0.0012293163638934072,0.0,3921,3029,,,
Hindbrain (isthmic organizer),Hindlimb field,5.97650095844313,-0.2765735401965094,-15.803316178269469,0.00046222126862071873,0.0,3921,6150,,,
Hindbrain (isthmic organizer),Hypaxial myogenic progenitor,6.085361718924101,-0.24460178393413953,-15.514391573368302,0.004664327017446132,0.0,3921,5322,,,
Hindbrain (isthmic organizer),Hypothalamic neuron,6.864576408605669,0.7088288490835574,29.855473113982043,0.0007403622340113491,0.0,3921,1528,Hindbrain (isthmic organizer),"Both are anterior-neuroectoderm derivatives specified early from a common pool of anterior neural-plate/neural-tube progenitors, so early clones seeded before anteroposterior regionalization contribute to both the forebrain (ventral hypothalamic) and midbrain-hindbrain-boundary (isthmic organizer) domains.",3
Hindbrain (isthmic organizer),Hypothalamus,6.815708383533743,0.6419688610506628,41.5683802673931,0.001374125015950925,0.0,3921,7652,,,
Hindbrain (isthmic organizer),Intermediate mesoderm,6.196778070120414,-0.25703454410700566,-15.952241350528192,0.0022829051145666166,0.0,3921,10656,,,
Hindbrain (isthmic organizer),Juxtacardiac field,5.640368012130415,-0.3235922121677426,-14.536569394640834,0.003347763891487681,0.0,3921,1386,,,
Hindbrain (isthmic organizer),Lens placode,5.748545382268575,-0.2803704093567232,-13.784726391411427,0.013300874673034997,0.0,3921,2811,,,
Hindbrain (isthmic organizer),Macrophage,5.278795674983139,-0.3512468910227324,-12.074724821285564,0.009292459203008342,0.0,3921,966,,,
Hindbrain (isthmic organizer),Megakaryocyte,5.372334521255489,-0.37104110282267566,-10.716619541664372,0.010629065031467134,0.0,3921,482,,,
Hindbrain (isthmic organizer),Mesothelium,5.694736222406692,-0.2459205641530128,-5.886583092493164,0.00284281272381259,0.0,3921,346,,,
Hindbrain (isthmic organizer),Midbrain,7.816061459456974,1.430593570371653,98.61632134068441,0.007675095152949226,0.0,3921,21466,Hindbrain (isthmic organizer); Midbrain,"The isthmic organizer forms precisely at the midbrain-hindbrain boundary, so both cell types arise from the same anterior neuroectoderm progenitor pool of the caudal midbrain/rostral hindbrain neural plate (Otx2/Gbx2 interface), explaining their shared recent ancestry.",1
Hindbrain (isthmic organizer),Midbrain neuron,7.341497085044021,0.9857921528185537,59.63854488670635,0.006764091764846695,0.0,3921,4463,Hindbrain (isthmic organizer); Midbrain neuron,"The isthmic organizer forms at the midbrain-hindbrain boundary directly adjacent to the midbrain, so both cell types descend from the same contiguous anterior neuroectoderm/neural-plate progenitors of the mesencephalon-metencephalon region.",1
Hindbrain (isthmic organizer),Midgut,5.416299054475722,-0.39246582730861085,-17.07235620094582,0.0065118925637260815,0.0,3921,1667,,,
Hindbrain (isthmic organizer),Myotome,6.1238267453357835,-0.20473209502989173,-10.144240685784277,0.0035652234670930155,0.0,3921,2201,,,
Hindbrain (isthmic organizer),Nascent somite,6.264366387815616,-0.1385406468906464,-8.989109194438507,0.004758713303211854,0.0,3921,6475,,,
Hindbrain (isthmic organizer),Notochord,5.695342718999278,-0.18818790577592073,-7.3853889961233135,0.01104647904257882,0.0,3921,956,,,
Hindbrain (isthmic organizer),Olfactory placode,5.901408977825196,-0.2054077278646241,-13.706522674399627,0.009347411289247454,0.0,3921,5872,,,
Hindbrain (isthmic organizer),Olfactory sensory neuron,5.656648744522545,-0.24198223932902874,-5.9431284090883025,0.021566471591313092,0.02,3921,389,,,
Hindbrain (isthmic organizer),Otic placode,5.6799353029903985,-0.2947074789412258,-13.515285430200151,0.012360828443560698,0.0,3921,2365,,,
Hindbrain (isthmic organizer),Otic sensory neuron,5.606489544080612,-0.26681292697331216,-9.009047358548242,0.01302815488239309,0.0,3921,974,,,
Hindbrain (isthmic organizer),Periocular mesoderm,5.50885083179043,-0.2815075601411762,-12.720022449044079,0.013635274703176388,0.0,3921,1739,,,
Hindbrain (isthmic organizer),Pharyngeal arch mesenchyme,6.370586021228493,-0.02551615508592242,-0.9945670447276997,0.008735463322380167,0.0,3921,39085,,,
Hindbrain (isthmic organizer),Pharyngeal endoderm,5.5914358239579185,-0.363325399293099,-24.82730634702199,0.006294780066580293,0.0,3921,5045,,,
Hindbrain (isthmic organizer),Pharyngeal mesoderm,5.780321373897304,-0.3803682585041006,-28.92021927159567,0.0025022753670776647,0.0,3921,7691,,,
Hindbrain (isthmic organizer),Presomitic mesoderm,6.282723408500839,-0.1356281304632662,-9.590687679362226,0.002960122233249036,0.0,3921,8521,,,
Hindbrain (isthmic organizer),Primordial germ cell,4.636679005746982,-0.5336933025740325,-4.050738407621077,0.015987600252201403,0.0,3097,25,,,
Hindbrain (isthmic organizer),Roof plate,6.600732349310256,0.148239253144301,9.133012458727036,0.016173305130935043,0.0,3921,6035,,,
Hindbrain (isthmic organizer),Sacral neural crest,5.972836760846714,-0.19787587799105064,-9.68657671090651,0.0030541128288595534,0.0,3921,2156,,,
Hindbrain (isthmic organizer),Sclerotome,6.305121347909505,-0.3066463286560734,-23.78266637642987,0.00022700354802758342,0.0,3921,74334,,,
Hindbrain (isthmic organizer),Second heart field,5.8148632302631755,-0.36497695812259856,-26.931629995268086,0.002414551747541231,0.0,3921,6952,,,
Hindbrain (isthmic organizer),Somatic mesoderm,6.177923688109694,-0.41889751345042797,-33.585889402257315,0.0005745190610874959,0.0,3921,66151,,,
Hindbrain (isthmic organizer),Somatic motor neuron,6.58887275861239,0.1998949377404188,12.793609383502078,0.00029602002189499203,0.0,3921,6559,,,
Hindbrain (isthmic organizer),Spinal cord (cervical),6.725540560217342,0.13162681827641295,10.40356392048664,0.0027366468401659105,0.0,3921,41051,,,
Hindbrain (isthmic organizer),Spinal cord (lumbar),6.37014431282402,-0.07954720096530347,-5.531501300445519,0.001998933290067661,0.1,3921,12722,,,
Hindbrain (isthmic organizer),Spinal cord (sacral),6.263509033194011,-0.12318676864932836,-7.663113880998566,0.002103618271769209,0.0,3921,5351,,,
Hindbrain (isthmic organizer),Spinal cord (thoracic),6.523634817356295,-0.002663424517243366,-0.15356237583224722,0.00041418274134523837,0.89,3921,35061,,,
Hindbrain (isthmic organizer),Spinal cord interneuron,7.109912590141032,0.4421038947409495,28.494905352061,0.0012517259207433834,0.0,3921,12470,,,
Hindbrain (isthmic organizer),Splanchnic mesoderm,6.036459777022251,-0.4742249434020473,-36.49018435441948,0.0016101076383477938,0.0,3921,21642,,,
Hindbrain (isthmic organizer),Surface ectoderm,5.59073733057063,-0.33487558664178163,-15.730853612951003,0.007699088598134823,0.0,3921,2649,,,
Hindbrain (isthmic organizer),Telencephalon,6.917049102315093,0.5086955890519294,40.6686536830571,0.008336120068299289,0.0,3921,34300,,,
Hindbrain (isthmic organizer),Trigeminal ganglion neuron,6.041220099661655,-0.022105152194497713,-1.0966323580445754,0.011933472217900335,0.44,3921,1765,,,
Hindbrain (isthmic organizer),Trigeminal placode,5.93947077143967,-0.26754840291121845,-17.01178459291566,0.01317623674536248,0.0,3921,6546,,,
Hindbrain (isthmic organizer),Trigeminal sensory neuron,5.913126653270297,-0.1882118911951046,-10.61171298964199,0.006015161877940229,0.0,3921,3198,,,
Hindbrain (isthmic organizer),Trunk neural crest,6.095289588152135,-0.18975441316736674,-11.057059759401831,0.006487986393938317,0.0,3921,6809,,,
Hindbrain (isthmic organizer),Vagal neural crest,6.137927134366883,-0.15622832413198573,-9.01522267016284,0.007346875863839496,0.0,3921,4937,,,
Hindbrain (r1),Hindbrain (r1),9.500000000006509,-5.921189464667502e-15,-5.3282817699384226e-05,1.304250029965406e-28,1.0,16440,16440,,,
Hindbrain (r1),Hindbrain (r2-r4),7.464322772671411,0.8147550351500857,112.74491261654772,0.0030449747805534957,0.0,16440,26863,Hindbrain (r1); Hindbrain (r2-r4),"Both are adjacent rhombomeric segments of the hindbrain arising from the same anterior neuroectoderm/neural plate progenitor pool, so they share recent common progenitors within the developing neural tube's hindbrain region.",1
Hindbrain (r1),Hindbrain (r5-r8),7.062195628452021,0.38689098610904055,50.41945181303661,0.0002714935036264464,0.0,16440,28972,,,
Hindbrain (r1),Hindgut,5.540761407789244,-0.39230229233079267,-24.034289761703032,0.005571718464646866,0.0,16440,3029,,,
Hindbrain (r1),Hindlimb field,6.172042050292366,-0.2087635900852011,-17.31412678368615,0.0042245574283541615,0.0,16440,6150,,,
Hindbrain (r1),Hypaxial myogenic progenitor,6.18638612409869,-0.2718806226746861,-22.269146073366468,0.00234493228233006,0.0,16440,5322,,,
Hindbrain (r1),Hypothalamic neuron,6.919795388523208,0.6335525468033391,30.40069485979311,0.0012006301220976981,0.0,16440,1528,,,
Hindbrain (r1),Hypothalamus,6.843217187760099,0.5416227061049165,51.003403013105675,0.0002356383576201893,0.0,16440,7652,,,
Hindbrain (r1),Intermediate mesoderm,6.3621238941185965,-0.21801796779081103,-22.509200957277766,0.00293425627543475,0.0,16440,10656,,,
Hindbrain (r1),Juxtacardiac field,5.723525321810967,-0.3666446822871263,-17.782433621829774,0.0029672000759857257,0.0,16440,1386,,,
Hindbrain (r1),Lens placode,5.944311472384676,-0.21103027089596704,-12.134178777393393,0.008947834901015158,0.0,16440,2811,,,
Hindbrain (r1),Macrophage,5.324278374870972,-0.43027221152920586,-16.47486004590124,0.004746008924832982,0.0,16440,966,,,
Hindbrain (r1),Megakaryocyte,5.438143939336755,-0.4394447035509697,-12.298406465558658,0.005692319423622089,0.0,16440,482,,,
Hindbrain (r1),Mesothelium,5.872093280324634,-0.19060737677251183,-4.317081217357388,0.000654176234522576,0.0,16440,346,,,
Hindbrain (r1),Midbrain,7.590139127790068,1.0767287637754104,143.63849895439674,0.004401992662023546,0.0,16440,21466,Hindbrain (r1); Midbrain,"Midbrain and rhombomere-1 hindbrain are immediately adjacent neuroectodermal territories flanking the midbrain–hindbrain (isthmic) boundary, so they descend from a common anterior neural-plate/neural-tube progenitor pool patterned around the isthmic organizer.",1
Hindbrain (r1),Midbrain neuron,7.299607259188569,0.8144580671201845,64.82884990522392,0.002630096753163063,0.0,16440,4463,Hindbrain (r1); Midbrain neuron,"Hindbrain rhombomere 1 and midbrain neurons both arise from anterior neuroectoderm progenitors flanking the midbrain-hindbrain boundary (isthmic organizer), which patterns adjacent mes/rhombencephalic neural-plate cells from a shared founder pool.",1
Hindbrain (r1),Midgut,5.472974425826401,-0.46271063439887666,-25.293974681268597,0.011931608098344471,0.0,16440,1667,,,
Hindbrain (r1),Myotome,6.218832662874102,-0.23815428283239726,-14.253934899121615,0.003020633016316523,0.0,16440,2201,,,
Hindbrain (r1),Nascent somite,6.429609755626365,-0.10016507234133402,-9.030418840918145,0.00623797933804129,0.0,16440,6475,,,
Hindbrain (r1),Notochord,5.7322944085793965,-0.2817931790628192,-11.787120270331764,0.011650412099656846,0.0,16440,956,,,
Hindbrain (r1),Olfactory placode,6.097896482099796,-0.13765589152836485,-11.452053270658448,0.004600207486639119,0.0,16440,5872,,,
Hindbrain (r1),Olfactory sensory neuron,5.908434977473757,-0.11979921153231032,-3.071484560009578,0.006711072358334257,0.09,16440,389,,,
Hindbrain (r1),Otic placode,5.8823704669698245,-0.22121158728338605,-13.730195367436572,0.007995623577804131,0.0,16440,2365,,,
Hindbrain (r1),Otic sensory neuron,5.772170202562404,-0.23103630545789766,-10.202724659665984,0.004401464255335689,0.0,16440,974,,,
Hindbrain (r1),Periocular mesoderm,5.546104350666201,-0.3730002797501397,-19.765814878222372,0.015456841655158302,0.0,16440,1739,,,
Hindbrain (r1),Pharyngeal arch mesenchyme,6.647079046042934,0.12214460743022866,17.57698544823653,0.0031813902292307807,0.0,16440,39085,,,
Hindbrain (r1),Pharyngeal endoderm,5.647244019419699,-0.43412945466775515,-35.72385620697684,0.006999837610166508,0.0,16440,5045,,,
Hindbrain (r1),Pharyngeal mesoderm,5.855754706574108,-0.4315631563124809,-44.096344412219,0.004452284827248373,0.0,16440,7691,,,
Hindbrain (r1),Presomitic mesoderm,6.445612248926384,-0.10160720054545476,-9.626680803989847,0.003935235309621445,0.0,16440,8521,,,
Hindbrain (r1),Primordial germ cell,4.7102705219474235,-0.5837965179882252,-4.3592600520446165,0.0013785685747771713,0.0,13105,25,,,
Hindbrain (r1),Roof plate,7.018545306714742,0.4379815040538322,37.90332911276581,0.013161964044479217,0.0,16440,6035,,,
Hindbrain (r1),Sacral neural crest,6.141729209463595,-0.1599751643775278,-8.501380782109146,0.002509329472984479,0.0,16440,2156,,,
Hindbrain (r1),Sclerotome,6.415864887114022,-0.3239212355914421,-50.17097024921494,0.0018455226885951345,0.0,16440,74334,,,
Hindbrain (r1),Second heart field,5.901559316079303,-0.40438991930615426,-40.85027741645365,0.0014061598173842373,0.0,16440,6952,,,
Hindbrain (r1),Somatic mesoderm,6.3292880964512825,-0.39454535019604337,-59.64980686867141,0.0016615442893264385,0.0,16440,66151,,,
Hindbrain (r1),Somatic motor neuron,6.695220977631233,0.178851551709703,14.979727001752542,0.0016462922920236172,0.0,16440,6559,,,
Hindbrain (r1),Spinal cord (cervical),6.902854940919519,0.18161219793095848,24.635833941204,0.0024729331780930725,0.0,16440,41051,,,
Hindbrain (r1),Spinal cord (lumbar),6.53323568426939,-0.04402507252125994,-5.117394086098675,0.0007100890432736519,0.02,16440,12722,,,
Hindbrain (r1),Spinal cord (sacral),6.428503536739915,-0.08611695917888529,-6.810288518599766,0.0005033699567606756,0.0,16440,5351,,,
Hindbrain (r1),Spinal cord (thoracic),6.6844738191534345,0.030887000229809836,3.8242465641431003,0.002601904242517946,0.03,16440,35061,,,
Hindbrain (r1),Spinal cord interneuron,7.490130333870759,0.6962412127247622,71.10316565352868,0.0023543718804669087,0.0,16440,12470,Hindbrain (r1),"Both are neural tube derivatives arising from the common neuroectoderm/neural plate, so their shared ancestry reflects a common pool of Sox2+ neural progenitors specified along the anteroposterior neural axis before regionalization into anterior hindbrain (r1) and posterior spinal cord.",2
Hindbrain (r1),Splanchnic mesoderm,6.195175788976737,-0.44300136922514266,-54.818408214073486,0.0017286044981376755,0.0,16440,21642,,,
Hindbrain (r1),Surface ectoderm,5.71866597726756,-0.33716348635032806,-20.469156270263554,0.0022637379079499123,0.0,16440,2649,,,
Hindbrain (r1),Telencephalon,7.008571371979738,0.47267875507318724,65.90814885275542,0.008594931726923296,0.0,16440,34300,,,
Hindbrain (r1),Trigeminal ganglion neuron,6.39820521817899,0.20778935949864272,10.299340359644823,0.0081138897404972,0.0,16440,1765,,,
Hindbrain (r1),Trigeminal placode,6.126030974635294,-0.20851589561532227,-18.421022487894096,0.011388113574934832,0.0,16440,6546,,,
Hindbrain (r1),Trigeminal sensory neuron,6.031017116962133,-0.2003488950217077,-13.39635342180484,0.004490632252976112,0.0,16440,3198,,,
Hindbrain (r1),Trunk neural crest,6.300133110282279,-0.11129286058035633,-10.34024679635371,0.006968660535088773,0.0,16440,6809,,,
Hindbrain (r1),Vagal neural crest,6.362375779581041,-0.061844395667674114,-4.567305596522725,0.0032308545663225175,0.63,16440,4937,,,
Hindbrain (r2-r4),Hindbrain (r2-r4),9.500000000003647,-1.1250259982868252e-14,-0.00011247936008644912,1.3358044661742467e-28,1.0,26863,26863,,,
Hindbrain (r2-r4),Hindbrain (r5-r8),7.664068871879354,0.8914252540775269,141.00173091217258,0.0036030657640909935,0.0,26863,28972,Hindbrain (r2-r4); Hindbrain (r5-r8),"Both cell types derive from the same anterior neural plate/hindbrain neuroepithelium and are continuous, adjacent rhombomeric segments patterned along the same rostrocaudal axis, so they descend from a shared neural progenitor pool before Hox-driven rhombomere identities resolve.",1
Hindbrain (r2-r4),Hindgut,5.609577232196981,-0.42277510620640957,-30.14723327127108,0.005718626706126659,0.0,26863,3029,,,
Hindbrain (r2-r4),Hindlimb field,6.310614877646635,-0.16833339311651377,-17.11115811657405,0.013685285048754893,0.0,26863,6150,,,
Hindbrain (r2-r4),Hypaxial myogenic progenitor,6.325107926173267,-0.22946545842627408,-20.848375722414172,0.0010724513310883857,0.0,26863,5322,,,
Hindbrain (r2-r4),Hypothalamic neuron,6.781614348456145,0.40092255601713944,20.01383177136089,0.001188507257641832,0.0,26863,1528,,,
Hindbrain (r2-r4),Hypothalamus,6.776415726296645,0.37699205509948097,38.37711392255238,0.0006110836470770524,0.0,26863,7652,,,
Hindbrain (r2-r4),Intermediate mesoderm,6.522626215934406,-0.1556845190784335,-18.433780513411637,0.01323929739030596,0.0,26863,10656,,,
Hindbrain (r2-r4),Juxtacardiac field,5.827211983115947,-0.36192825007159374,-18.93656526182789,0.00272758936895398,0.0,26863,1386,,,
Hindbrain (r2-r4),Lens placode,6.078728482601392,-0.17749625557269244,-12.229216543468105,0.004694283258064817,0.0,26863,2811,,,
Hindbrain (r2-r4),Macrophage,5.384369759534277,-0.47058711051348023,-19.178243053078717,0.006482154530648222,0.0,26863,966,,,
Hindbrain (r2-r4),Megakaryocyte,5.482635317281091,-0.492868042743918,-14.446827819658418,0.004774736008104258,0.0,26863,482,,,
Hindbrain (r2-r4),Mesothelium,5.9490848121694135,-0.21356252626755978,-5.092558333914195,0.001045751510246263,0.0,26863,346,,,
Hindbrain (r2-r4),Midbrain,7.110102262038588,0.4990256893656264,66.95859572701255,0.001198998794698661,0.0,26863,21466,,,
Hindbrain (r2-r4),Midbrain neuron,6.963163298097982,0.3799367669678662,29.552295938122295,0.0010649690030581438,0.0,26863,4463,,,
Hindbrain (r2-r4),Midgut,5.555534719399071,-0.4775768422989959,-24.804939755598834,0.012712972743583366,0.0,26863,1667,,,
Hindbrain (r2-r4),Myotome,6.340567371122745,-0.21419603803703188,-12.976478660554259,0.0031566999210349417,0.0,26863,2201,,,
Hindbrain (r2-r4),Nascent somite,6.650713160451122,0.023247374644711865,2.7307772172266476,0.0051602465679517675,0.0,26863,6475,,,
Hindbrain (r2-r4),Notochord,5.7948597363764085,-0.31602294495935784,-13.625847272623377,0.018060005182834887,0.0,26863,956,,,
Hindbrain (r2-r4),Olfactory placode,6.212982731704035,-0.11922716288400921,-11.001025810082401,0.0015962714159293038,0.0,26863,5872,,,
Hindbrain (r2-r4),Olfactory sensory neuron,6.031384900668505,-0.09484488185126357,-2.600265243942968,0.00016852514749985507,0.01,26863,389,,,
Hindbrain (r2-r4),Otic placode,6.057350250832232,-0.1421460751208891,-9.052189463834557,0.0052825868935485265,0.0,26863,2365,,,
Hindbrain (r2-r4),Otic sensory neuron,5.929203783985389,-0.17098524010970037,-6.587702473244765,0.010776329985097144,0.0,26863,974,,,
Hindbrain (r2-r4),Periocular mesoderm,5.651943629267851,-0.36247222765474724,-20.24802178334996,0.01734716353665891,0.0,26863,1739,,,
Hindbrain (r2-r4),Pharyngeal arch mesenchyme,6.825825725451892,0.2035227399689997,35.26254433783829,0.002526893426321425,0.0,26863,39085,,,
Hindbrain (r2-r4),Pharyngeal endoderm,5.7277086854044015,-0.45302338605090203,-39.57789687002688,0.007253814581262017,0.0,26863,5045,,,
Hindbrain (r2-r4),Pharyngeal mesoderm,5.926485834912068,-0.4581159317307151,-49.07733033756997,0.003673505477021983,0.0,26863,7691,,,
Hindbrain (r2-r4),Presomitic mesoderm,6.690501922440845,0.04732078320623619,5.3682455256602495,0.0014524579227948042,0.77,26863,8521,,,
Hindbrain (r2-r4),Primordial germ cell,4.709279195428637,-0.6902932798568449,-6.059159884391164,0.00021802491172127943,0.0,20753,25,,,
Hindbrain (r2-r4),Roof plate,7.207732559212992,0.5290922856637982,53.80943998570701,0.0053732398568468315,0.0,26863,6035,,,
Hindbrain (r2-r4),Sacral neural crest,6.426010293654547,0.02625238381967095,1.611192595909058,0.002476367921856218,0.11,26863,2156,,,
Hindbrain (r2-r4),Sclerotome,6.591308953552385,-0.24688799267019323,-47.60251754208205,0.0019703251060948263,0.0,26863,74334,,,
Hindbrain (r2-r4),Second heart field,5.977136303658884,-0.42763030673741004,-42.804359686642435,0.0008947702281280504,0.0,26863,6952,,,
Hindbrain (r2-r4),Somatic mesoderm,6.476413688430373,-0.3456986295909645,-65.84752727441301,0.005641624102674815,0.0,26863,66151,,,
Hindbrain (r2-r4),Somatic motor neuron,6.985488245541703,0.36977573909881184,35.871952332692445,0.0003347551719404502,0.0,26863,6559,,,
Hindbrain (r2-r4),Spinal cord (cervical),7.265744010243393,0.44606021298230153,69.40446574325962,0.00027082995577762826,0.0,26863,41051,,,
Hindbrain (r2-r4),Spinal cord (lumbar),6.798407965299759,0.12211985981975015,15.274241671195904,0.002200298748159865,0.0,26863,12722,,,
Hindbrain (r2-r4),Spinal cord (sacral),6.713924068419513,0.10143606542306305,9.366127782523266,0.0014741258828284284,0.0,26863,5351,,,
Hindbrain (r2-r4),Spinal cord (thoracic),6.957029630062929,0.20564602574780158,30.798303904531128,0.0016854070393793094,0.0,26863,35061,,,
Hindbrain (r2-r4),Spinal cord interneuron,7.872553848194793,0.9801402951986787,113.95341207864345,0.004306943038704391,0.0,26863,12470,Hindbrain (r2-r4); Spinal cord interneuron,"Both cell types derive from the dorsal neural tube neuroectoderm along the anteroposterior axis, sharing progenitors in the neural plate/neural tube that generate rhombomeric hindbrain and spinal cord interneurons from a common columnar neuroepithelial lineage.",1
Hindbrain (r2-r4),Splanchnic mesoderm,6.323825875000794,-0.41177530959724545,-59.15594737954467,0.0029748369092666926,0.0,26863,21642,,,
Hindbrain (r2-r4),Surface ectoderm,5.838312169341844,-0.314448264804773,-20.047319783893347,0.012891411131611632,0.0,26863,2649,,,
Hindbrain (r2-r4),Telencephalon,6.88653488282866,0.25167154640044515,42.09980975890362,0.00927419923403983,0.0,26863,34300,,,
Hindbrain (r2-r4),Trigeminal ganglion neuron,6.476578458738406,0.1876265932180671,10.004689709987815,0.0005587632306051248,0.0,26863,1765,,,
Hindbrain (r2-r4),Trigeminal placode,6.290198164769833,-0.1422780866065653,-13.105618443234723,0.002006058774126253,0.0,26863,6546,,,
Hindbrain (r2-r4),Trigeminal sensory neuron,6.179304483909572,-0.1510873141186826,-10.583908924243557,0.0010032092837419077,0.0,26863,3198,,,
Hindbrain (r2-r4),Trunk neural crest,6.534966189671523,0.0240699908282395,2.2812993942989794,0.005626961993933218,0.02,26863,6809,,,
Hindbrain (r2-r4),Vagal neural crest,6.622129295579305,0.10097781414106984,8.97428523131605,0.0052120916832960945,0.06,26863,4937,,,
Hindbrain (r5-r8),Hindbrain (r5-r8),9.500000000006937,-1.7763568394002505e-15,-2.960205614569103e-05,1.135959703518257e-28,1.0,28972,28972,,,
Hindbrain (r5-r8),Hindgut,5.600796196460762,-0.4555017695394608,-29.523704174415982,0.009024144959456222,0.0,28972,3029,,,
Hindbrain (r5-r8),Hindlimb field,6.321118672248185,-0.18375795745775983,-17.022879279639895,0.016310841311104638,0.0,28972,6150,,,
Hindbrain (r5-r8),Hypaxial myogenic progenitor,6.374260663303168,-0.20707192579028474,-18.04184265593727,6.734900801469021e-05,0.0,28972,5322,,,
Hindbrain (r5-r8),Hypothalamic neuron,6.682122485828379,0.27554299031902474,13.284857866905647,0.0023176522047735557,0.0,28972,1528,,,
Hindbrain (r5-r8),Hypothalamus,6.681673059888006,0.25639368866999784,25.603117146453133,0.0027315182152124542,0.0,28972,7652,,,
Hindbrain (r5-r8),Intermediate mesoderm,6.576622147610471,-0.1273050584548129,-13.960316159575896,0.02076200120948378,0.17,28972,10656,,,
Hindbrain (r5-r8),Juxtacardiac field,5.795943770548071,-0.4180916367476139,-19.014808251252372,0.00532742778734944,0.0,28972,1386,,,
Hindbrain (r5-r8),Lens placode,5.994443917053206,-0.28539689484016684,-19.566536835522168,0.006586601844827632,0.0,28972,2811,,,
Hindbrain (r5-r8),Macrophage,5.382748150489078,-0.49677117935939563,-18.565553573573307,0.007576723684511323,0.0,28972,966,,,
Hindbrain (r5-r8),Megakaryocyte,5.475724283687821,-0.5229101880916183,-14.22201415389362,0.006697756032059573,0.0,28972,482,,,
Hindbrain (r5-r8),Mesothelium,5.963849479130328,-0.21852059685303762,-5.24850975080033,0.0028792572711388255,0.0,28972,346,,,
Hindbrain (r5-r8),Midbrain,6.91930391533172,0.28222648432849723,40.20057308891319,0.0028175862619201097,0.0,28972,21466,,,
Hindbrain (r5-r8),Midbrain neuron,6.801551770823892,0.1934851967301642,15.985054999826692,5.878533116644108e-06,0.0,28972,4463,,,
Hindbrain (r5-r8),Midgut,5.5615250555683025,-0.49596076475034084,-23.649238172253465,0.026081424972862106,0.0,28972,1667,,,
Hindbrain (r5-r8),Myotome,6.42548790569224,-0.1557996040428753,-8.695931382881904,0.0022148330248469485,0.0,28972,2201,,,
Hindbrain (r5-r8),Nascent somite,6.796708018346952,0.14387139455693423,13.351913945446896,0.0007173121532650097,0.0,28972,6475,,,
Hindbrain (r5-r8),Notochord,5.84661372521765,-0.2896232360550828,-10.873993886239182,0.010092276639843368,0.0,28972,956,,,
Hindbrain (r5-r8),Olfactory placode,6.13059740349606,-0.22815796619640713,-19.911872771837437,0.0010237162044049028,0.0,28972,5872,,,
Hindbrain (r5-r8),Olfactory sensory neuron,5.933971914408681,-0.2124564414805287,-5.427599444406887,0.0009457707819454405,0.0,28972,389,,,
Hindbrain (r5-r8),Otic placode,5.998429801139253,-0.22824108527719358,-13.991066256387663,0.0012386300541520749,0.0,28972,2365,,,
Hindbrain (r5-r8),Otic sensory neuron,5.85765255316008,-0.26729037817956475,-9.705282909522834,0.0058130077940665905,0.0,28972,974,,,
Hindbrain (r5-r8),Periocular mesoderm,5.636731540320695,-0.4041569752860091,-20.843190899471168,0.021762749961612232,0.0,28972,1739,,,
Hindbrain (r5-r8),Pharyngeal arch mesenchyme,6.707214198255116,0.05886371015688733,9.344571901534254,0.0017342525268237048,0.09,28972,39085,,,
Hindbrain (r5-r8),Pharyngeal endoderm,5.749874840206229,-0.4558659856131803,-39.57065266638005,0.010805005817468617,0.0,28972,5045,,,
Hindbrain (r5-r8),Pharyngeal mesoderm,5.922840795668379,-0.48840281589512574,-48.2471915576889,0.0004751404080514354,0.0,28972,7691,,,
Hindbrain (r5-r8),Presomitic mesoderm,6.83047670920235,0.15981106617191485,17.10170447054566,0.00037067176216853904,0.0,28972,8521,,,
Hindbrain (r5-r8),Primordial germ cell,4.681777342292696,-0.7284846791955988,-5.5114300093931075,0.0002498930593602776,0.0,21644,25,,,
Hindbrain (r5-r8),Roof plate,7.1798792765978705,0.47495570805279225,41.675808896772935,0.0033523786515272215,0.0,28972,6035,,,
Hindbrain (r5-r8),Sacral neural crest,6.5751996716158,0.14833300227889237,8.164829670908931,0.0017452126361318875,0.0,28972,2156,,,
Hindbrain (r5-r8),Sclerotome,6.69280128077355,-0.1704081095885739,-32.50338448719308,0.0004272278175304731,0.0,28972,74334,,,
Hindbrain (r5-r8),Second heart field,5.962233334629107,-0.4674766878115051,-45.02940635326528,0.0014971676561629337,0.0,28972,6952,,,
Hindbrain (r5-r8),Somatic mesoderm,6.511399739860539,-0.33573038502057856,-64.87868473988671,0.009978193068253047,0.0,28972,66151,,,
Hindbrain (r5-r8),Somatic motor neuron,7.47267566493786,0.8333986717620169,76.16954092820988,0.0021547812286861648,0.0,28972,6559,Hindbrain (r5-r8); Somatic motor neuron,"Somatic motor neurons of the caudal hindbrain (e.g. abducens in r5–r6 and hypoglossal in r7–r8) are directly born from the ventral (pMN/Olig2+) neuroepithelial progenitors of the r5–r8 rhombomeres, so the two cell types simply reflect a progenitor-to-progeny relationship within the same hindbrain neural tube domain.",1
Hindbrain (r5-r8),Spinal cord (cervical),8.102215387323149,1.2573293634875922,197.29080803710715,0.003937019814315891,0.0,28972,41051,Hindbrain (r5-r8); Spinal cord (cervical),"Both are dorsal neural-tube derivatives arising from contiguous, caudally-adjacent domains of the posterior neural plate/tube—the r5–r8 hindbrain and cervical spinal cord emerging from the same posterior neuroectoderm (partly fed by Sox2+ neuromesodermal progenitors)—so they inherit a shared caudal CNS progenitor pool.",1
Hindbrain (r5-r8),Spinal cord (lumbar),7.02169898870936,0.32000964936932136,40.41352592319191,0.0003143034908404943,0.0,28972,12722,,,
Hindbrain (r5-r8),Spinal cord (sacral),6.885546014522132,0.24723779584879976,20.234022154054472,0.0001838713826613381,0.0,28972,5351,,,
Hindbrain (r5-r8),Spinal cord (thoracic),7.2859917997914705,0.5097031958453391,83.06517533792605,0.0011684428288499245,0.0,28972,35061,,,
Hindbrain (r5-r8),Spinal cord interneuron,8.060915560654001,1.1423595731860152,137.09150098288663,0.007406806063137707,0.0,28972,12470,Hindbrain (r5-r8); Spinal cord interneuron,Both derive from the same posterior neuroepithelium of the caudal neural tube—the hindbrain (r5–r8) and adjacent spinal cord form a contiguous progenitor field patterned by shared dorsoventral (and neuromesodermal progenitor–fed) neural precursors that give rise to interneurons in both regions.,1
Hindbrain (r5-r8),Splanchnic mesoderm,6.327788239336059,-0.4332595226827844,-57.78470453764715,0.00944445909386576,0.0,28972,21642,,,
Hindbrain (r5-r8),Surface ectoderm,5.793669960117978,-0.38514101851826127,-22.69901198240227,0.002107674101889345,0.0,28972,2649,,,
Hindbrain (r5-r8),Telencephalon,6.772332302999615,0.11278694587479994,18.803582495121198,0.004499724534724985,0.0,28972,34300,,,
Hindbrain (r5-r8),Trigeminal ganglion neuron,6.2398528745679185,-0.07254321955694938,-3.5679448707872665,0.0002135870179529135,0.0,28972,1765,,,
Hindbrain (r5-r8),Trigeminal placode,6.19362609529535,-0.26468660124659227,-25.052788015556263,0.0014519083052659172,0.0,28972,6546,,,
Hindbrain (r5-r8),Trigeminal sensory neuron,6.1028546261890435,-0.25277624333767107,-15.982429152878595,0.00892983294060259,0.0,28972,3198,,,
Hindbrain (r5-r8),Trunk neural crest,6.811263404489992,0.27535819706478143,26.450208335918873,0.008923427894821048,0.0,28972,6809,,,
Hindbrain (r5-r8),Vagal neural crest,7.00634356121494,0.45971839709424955,35.35057909675012,0.006462868119842803,0.0,28972,4937,,,
Hindgut,Hindgut,9.500000000005162,5.921189464667501e-16,5.916877968434461e-06,1.9037843179333755e-28,1.0,3029,3029,,,
Hindgut,Hindlimb field,5.50239287890324,-0.2603216156059925,-16.206389000967192,0.0031352277033287494,0.0,3029,6150,,,
Hindgut,Hypaxial myogenic progenitor,5.501365057573853,-0.33784093203601867,-21.637164932191627,0.0033024327862890422,0.0,3029,5322,,,
Hindgut,Hypothalamic neuron,5.50449650867688,-0.16066556780602811,-7.558378830423713,0.0064275993851045776,0.0,3029,1528,,,
Hindgut,Hypothalamus,5.553574702484916,-0.13111166318159118,-8.501922343637284,0.002201343563570012,0.0,3029,7652,,,
Hindgut,Intermediate mesoderm,5.594507590491595,-0.3685735053874562,-25.459081598777946,0.004078832930675765,0.0,3029,10656,,,
Hindgut,Juxtacardiac field,5.427291120182044,-0.04568122184594229,-3.3913038019900434,0.07004640983621346,0.05,3029,1386,,,
Hindgut,Lens placode,5.345303690266003,-0.194678973041268,-9.42639941295239,0.011606767471944082,0.0,3029,2811,,,
Hindgut,Macrophage,5.2614933460604965,0.12224180294688629,4.082712361828598,0.09086103684345673,0.05,3029,966,,,
Hindgut,Megakaryocyte,5.214050083082111,-0.04607888988099459,-1.168620202260385,0.004654012001858208,0.3,3029,482,,,
Hindgut,Mesothelium,5.197576647618436,-0.2518559860092899,-6.582773500094444,0.0008627578203732643,0.0,3029,346,,,
Hindgut,Midbrain,5.534719317054461,-0.35921223035475336,-22.963362977671665,0.0007649588156615135,0.0,3029,21466,,,
Hindgut,Midbrain neuron,5.474576798346166,-0.3923771627833288,-21.958347018125682,0.004079059227581203,0.0,3029,4463,,,
Hindgut,Midgut,7.014523595048563,1.6957434807376837,83.42403107927665,0.013769408328661673,0.0,3029,1667,Hindgut; Midgut,"Hindgut and midgut are contiguous subdivisions of the primitive gut tube that both arise from a common definitive (posterior/visceral) endoderm progenitor pool during gut morphogenesis, so their shared ancestry reflects a single germ-layer and regional origin.",1
Hindgut,Myotome,5.566442461556076,-0.27093976853150153,-14.167151146445228,0.008944718293219056,0.0,3029,2201,,,
Hindgut,Nascent somite,5.638322399275746,-0.27349352796297843,-17.149991366973854,0.004740298463272482,0.0,3029,6475,,,
Hindgut,Notochord,5.444255918594709,0.048590854414838645,2.2973274548948726,0.0014417724047327387,0.35,3029,956,,,
Hindgut,Olfactory placode,5.377494160122063,-0.23859844913779624,-14.365943258895108,0.002196049534508992,0.0,3029,5872,,,
Hindgut,Olfactory sensory neuron,5.198461160359127,-0.2054504003070908,-5.637768632012642,0.001928384322871355,0.0,3029,389,,,
Hindgut,Otic placode,5.3247363328465,-0.1608756103601845,-7.834442176450165,0.008182484119303703,0.0,3029,2365,,,
Hindgut,Otic sensory neuron,5.279621048763544,-0.10425816963099137,-3.2500074733659052,0.015939695822336283,0.44,3029,974,,,
Hindgut,Periocular mesoderm,5.419057387502847,0.11897103151556276,6.350256732284991,0.046073551170778444,0.0,3029,1739,Hindgut,"Both cell types likely trace back to bipotent mesendoderm progenitors ingressing through the early/anterior primitive streak during gastrulation, where prospective definitive (hind)gut endoderm and cranial paraxial (periocular) mesoderm are spatially intermingled before full germ-layer segregation.",4
Hindgut,Pharyngeal arch mesenchyme,5.444729578619693,-0.4617206964082274,-29.46303584286636,0.002178127141565094,0.0,3029,39085,,,
Hindgut,Pharyngeal endoderm,5.831512451934131,0.36778835847307406,24.987517472363873,0.029783311776595746,0.0,3029,5045,Hindgut; Pharyngeal endoderm,"Both hindgut and pharyngeal endoderm are derivatives of the definitive (gut tube) endoderm, arising from the same anterior-primitive-streak-derived endodermal progenitor pool during gastrulation, so their shared ancestry reflects a common germ-layer origin along the emerging gut tube.",2
Hindgut,Pharyngeal mesoderm,5.53897183686896,-0.13172143391452304,-9.137863129028633,0.00518276746833789,0.0,3029,7691,,,
Hindgut,Presomitic mesoderm,5.826933900345746,-0.10057028585223933,-6.370855801071239,0.005583676784801538,0.0,3029,8521,,,
Hindgut,Primordial germ cell,4.706993765955643,0.09387086752598917,0.2362535323576096,0.19282167328984934,0.04,2008,25,Primordial germ cell,"Both cell types trace back to the posterior proximal epiblast/posterior primitive streak, where PGCs are specified at the base of the allantois and then transit through the posterior definitive-endoderm-derived hindgut, so they share a common posterior progenitor pool and spatiotemporal origin.",2
Hindgut,Roof plate,5.51296873594502,-0.45026227941206304,-25.055810499231416,0.005972888617737162,0.0,3029,6035,,,
Hindgut,Sacral neural crest,5.419236623009065,-0.2647518566231346,-13.789803860263051,0.03236664638420726,0.0,3029,2156,,,
Hindgut,Sclerotome,5.674550929658633,-0.4455450841962234,-31.1538383176152,0.004181378372597764,0.0,3029,74334,,,
Hindgut,Second heart field,5.56530508963499,-0.12278957110419952,-8.654044381126646,0.010641755433181443,0.35,3029,6952,,,
Hindgut,Somatic mesoderm,5.818011219935051,-0.2870565007261054,-20.953548901389652,0.011488409311577623,0.0,3029,66151,,,
Hindgut,Somatic motor neuron,5.61543908070252,-0.28335086627556905,-16.86145763268441,0.009012870195707377,0.0,3029,6559,,,
Hindgut,Spinal cord (cervical),5.611806292249239,-0.49199860574236914,-32.47076765335291,0.010646848281102576,0.0,3029,41051,,,
Hindgut,Spinal cord (lumbar),5.588789635709133,-0.370607473706517,-24.17709268507026,0.007028274197303308,0.0,3029,12722,,,
Hindgut,Spinal cord (sacral),5.590480952685609,-0.30706739047233417,-17.07465191077701,0.0017722501380551092,0.0,3029,5351,,,
Hindgut,Spinal cord (thoracic),5.612548626285222,-0.4221009343292013,-29.25743349516009,0.005193446036614668,0.0,3029,35061,,,
Hindgut,Spinal cord interneuron,5.632123990540927,-0.5442974748385749,-35.26470459810643,0.006678006524331185,0.0,3029,12470,,,
Hindgut,Splanchnic mesoderm,5.660178584465274,-0.360501740512043,-23.864432568647103,0.001779121584821903,0.0,3029,21642,,,
Hindgut,Surface ectoderm,5.291628389543692,-0.14619211114488984,-7.037560210635438,0.0052433701812285155,0.0,3029,2649,,,
Hindgut,Telencephalon,5.547592573046592,-0.3713719402400984,-27.34165436155047,0.00047122950426296535,0.0,3029,34300,,,
Hindgut,Trigeminal ganglion neuron,5.311566185233846,-0.2604605379567113,-12.26887203870821,0.008403019940892447,0.0,3029,1765,,,
Hindgut,Trigeminal placode,5.404427192946045,-0.3130921879605024,-17.82982231871092,0.004045636201172267,0.0,3029,6546,,,
Hindgut,Trigeminal sensory neuron,5.369064778511588,-0.24516511076584338,-13.188278160756708,0.013473270395806237,0.0,3029,3198,,,
Hindgut,Trunk neural crest,5.443749354854865,-0.3527286099214857,-21.513193744807396,0.017197034886384528,0.0,3029,6809,,,
Hindgut,Vagal neural crest,5.460535308273777,-0.34561074393314684,-19.64302320412259,0.0034710092483657426,0.0,3029,4937,,,
Hindlimb field,Hindlimb field,9.499999999996628,-2.960594732333751e-15,-3.5523350659166667e-05,1.4620222110096086e-28,1.0,6150,6150,,,
Hindlimb field,Hypaxial myogenic progenitor,6.167272978575508,-0.11987961572503814,-8.151322440517044,0.0007252864907830943,0.0,6150,5322,,,
Hindlimb field,Hypothalamic neuron,5.710467310318786,-0.40108775895102394,-17.758354506593598,0.0023779904457917906,0.0,6150,1528,,,
Hindlimb field,Hypothalamus,5.740349871254992,-0.3898438344773337,-30.26056059533681,0.008149464244559401,0.0,6150,7652,,,
Hindlimb field,Intermediate mesoderm,7.375790799019971,0.9654394275135173,74.54349348977182,0.004117416049002762,0.0,6150,10656,Hindlimb field; Intermediate mesoderm,"The hindlimb field (posterior lateral plate mesoderm) and intermediate mesoderm both ingress from the posterior primitive streak at overlapping caudal axial levels and remain spatially adjacent, so they share a common posterior/caudal mesodermal progenitor pool before the LPM–IM split is resolved.",2
Hindlimb field,Juxtacardiac field,5.759180337355587,-0.15920645491727323,-6.915866963351898,0.003991327722154536,0.0,6150,1386,,,
Hindlimb field,Lens placode,6.160942876429117,0.17470058999594093,9.428333760540896,0.03936193196924639,0.01,6150,2811,,,
Hindlimb field,Macrophage,5.301823104242392,-0.28267537762106115,-10.829834967453237,0.01046810842987013,0.0,6150,966,,,
Hindlimb field,Megakaryocyte,5.404785416507299,-0.3015524632628755,-7.525793047981659,0.0096610581364537,0.0,6150,482,,,
Hindlimb field,Mesothelium,5.9737886534782065,0.08623591852799883,1.8970218107342067,0.0056610037193793525,0.7,6150,346,,,
Hindlimb field,Midbrain,6.0721000497356625,-0.2703528380422939,-22.857076512314844,0.003685075580701888,0.0,6150,21466,,,
Hindlimb field,Midbrain neuron,6.067757952883276,-0.24599631486763082,-16.288842446357076,0.005940839773165931,0.0,6150,4463,,,
Hindlimb field,Midgut,5.449827651895792,-0.31654658836759175,-14.624559566323503,0.029370671791468073,0.0,6150,1667,,,
Hindlimb field,Myotome,6.079805968730564,-0.20737246426295167,-10.549374112102866,0.004450613435273073,0.0,6150,2201,,,
Hindlimb field,Nascent somite,6.5446838218724634,0.18681712358466473,12.983465039212932,0.01901517327505591,0.0,6150,6475,,,
Hindlimb field,Notochord,5.482571595122468,-0.35889100224692605,-13.441379195238545,0.007012923572023294,0.0,6150,956,,,
Hindlimb field,Olfactory placode,6.2018895004551124,0.13662440361386707,9.383351881905394,0.011688868210315515,0.0,6150,5872,,,
Hindlimb field,Olfactory sensory neuron,5.967532000791885,0.11802520517008948,2.8895936470900554,0.010009851607244396,0.88,6150,389,,,
Hindlimb field,Otic placode,6.156742380311538,0.22266085313488393,10.668913515195436,0.02523795139940887,0.0,6150,2365,,,
Hindlimb field,Otic sensory neuron,5.954563050184031,0.11924079188320895,4.75502261940682,0.02670926769942931,0.07,6150,974,,,
Hindlimb field,Periocular mesoderm,5.524491956899234,-0.22163308637223444,-9.054419790172625,0.026767854969503835,0.0,6150,1739,,,
Hindlimb field,Pharyngeal arch mesenchyme,6.479622866199011,0.12483320160849794,10.493942162084245,0.0033987998257007422,0.0,6150,39085,,,
Hindlimb field,Pharyngeal endoderm,5.569636713451339,-0.341448253898711,-28.714918755175642,0.014766973864641451,0.0,6150,5045,,,
Hindlimb field,Pharyngeal mesoderm,5.9657392901495285,-0.149659898390501,-12.56010826620144,0.007563146751212821,0.0,6150,7691,,,
Hindlimb field,Presomitic mesoderm,6.555329651966205,0.1797714427447422,12.304617151978036,0.00915368505401304,0.0,6150,8521,,,
Hindlimb field,Primordial germ cell,4.8394107273449745,-0.24720391897036853,-1.821559505569028,0.004027699479451644,0.18,3277,25,,,
Hindlimb field,Roof plate,6.5342569396391275,0.12505355851191732,8.045761592133877,0.015573270512185364,0.3,6150,6035,,,
Hindlimb field,Sacral neural crest,6.456309785505663,0.3238993525152833,14.7250160062437,0.02524090325415566,0.0,6150,2156,,,
Hindlimb field,Sclerotome,6.59946170779654,0.03095118894570259,3.1242645741396586,6.220072453524557e-05,0.02,6150,74334,,,
Hindlimb field,Second heart field,6.100723115996982,-0.03527959086979641,-2.8426969734124934,0.002018411453826493,0.34,6150,6952,,,
Hindlimb field,Somatic mesoderm,7.838061797103894,1.2842353204132555,119.40830284536624,0.0004580388686489632,0.0,6150,66151,Hindlimb field; Somatic mesoderm,"The hindlimb field is a direct derivative of the somatic (parietal) layer of the lateral plate mesoderm, so both cell types descend from a shared somatopleuric lateral-plate mesoderm progenitor pool.",1
Hindlimb field,Somatic motor neuron,5.9508291783756055,-0.3965468151558073,-27.24341312592429,0.012587084648236607,0.0,6150,6559,,,
Hindlimb field,Spinal cord (cervical),6.408651682917919,-0.14024466572144925,-11.975311260860515,0.010105360535720939,0.0,6150,41051,,,
Hindlimb field,Spinal cord (lumbar),6.4533708451806335,0.04539788142133568,3.125067142717833,0.01633677046622089,0.0,6150,12722,,,
Hindlimb field,Spinal cord (sacral),6.409313307335389,0.0667000093610648,3.9126183492263955,0.017248577303942567,0.0,6150,5351,,,
Hindlimb field,Spinal cord (thoracic),6.407603585973749,-0.07361418819913605,-7.39088410969666,0.008253887957469952,0.88,6150,35061,,,
Hindlimb field,Spinal cord interneuron,6.405672896164499,-0.2173457841179376,-18.026110808890078,0.016061852512517124,0.0,6150,12470,,,
Hindlimb field,Splanchnic mesoderm,7.425554018812242,0.9581188551674842,82.89041883091541,0.0005049242434837947,0.0,6150,21642,Hindlimb field; Splanchnic mesoderm,"Both cell types derive from the lateral plate mesoderm, which splits into a somatic (parietal) layer giving rise to the hindlimb field and a splanchnic (visceral) layer, so they share a recent common LPM progenitor pool—likely the posterior lateral plate mesoderm.",2
Hindlimb field,Surface ectoderm,6.16906870177629,0.2823839157683044,14.281065251645956,0.013109655654407314,0.0,6150,2649,,,
Hindlimb field,Telencephalon,6.176165934763014,-0.18919066879597887,-19.94491712481459,0.014101819264763636,0.0,6150,34300,,,
Hindlimb field,Trigeminal ganglion neuron,6.132786170756582,0.11142535352465632,4.920502801420997,0.03658159986685213,0.0,6150,1765,,,
Hindlimb field,Trigeminal placode,6.350898100863222,0.1864033401927395,13.30476090286451,0.02482210027311901,0.0,6150,6546,,,
Hindlimb field,Trigeminal sensory neuron,6.224966525009877,0.16598484014781847,9.392581990473152,0.013440507044354224,0.0,6150,3198,,,
Hindlimb field,Trunk neural crest,6.520475579369662,0.27655377745059734,18.519149869490093,0.010652598317872538,0.0,6150,6809,,,
Hindlimb field,Vagal neural crest,6.478448591828593,0.224588555484452,14.86455695204811,0.005489401341139809,0.0,6150,4937,,,
Hypaxial myogenic progenitor,Hypaxial myogenic progenitor,9.500000000012811,-4.736951571734001e-15,-4.1442752444500005e-05,2.7241996593632277e-28,1.0,5322,5322,,,
Hypaxial myogenic progenitor,Hypothalamic neuron,5.945265253343476,-0.24270127343134984,-10.909678013479203,0.0028539644604246763,0.0,5322,1528,,,
Hypaxial myogenic progenitor,Hypothalamus,6.026894402700677,-0.17957018206429165,-13.631177879248844,0.0018033438570719939,0.0,5322,7652,,,
Hypaxial myogenic progenitor,Intermediate mesoderm,6.87038779901319,0.3850500007888087,31.52574597068607,8.228317322410926e-05,0.0,5322,10656,,,
Hypaxial myogenic progenitor,Juxtacardiac field,5.869257352585234,-0.1297749288619731,-5.2441014929825265,0.004182458909283132,0.0,5322,1386,,,
Hypaxial myogenic progenitor,Lens placode,5.779797618969912,-0.2823895306741993,-15.693217220752098,0.0011362077485534692,0.0,5322,2811,,,
Hypaxial myogenic progenitor,Macrophage,5.391384299961374,-0.27010389216970915,-11.191792213459664,0.0009628914668604226,0.0,5322,966,,,
Hypaxial myogenic progenitor,Megakaryocyte,5.451176167793072,-0.32916416071919635,-9.797866482132365,0.002038111802216639,0.0,5322,482,,,
Hypaxial myogenic progenitor,Mesothelium,6.528256847262757,0.55902635407516,14.111794886859764,0.00590700654532811,0.0,5322,346,Hypaxial myogenic progenitor; Mesothelium,Both cell types are mesodermal derivatives whose progenitors emerge adjacently from the posterior primitive streak/tailbud mesoderm and co-develop in the ventrolateral body wall—where somite-derived (dermomyotomal) hypaxial muscle precursors migrate into somatopleuric lateral-plate mesoderm that forms coelomic mesothelium—reflecting a shared common mesodermal progenitor pool rather than a single defined bipotent cell.,3
Hypaxial myogenic progenitor,Midbrain,6.146196990176693,-0.2724604731383898,-23.783566208304805,0.0027369528895576194,0.0,5322,21466,,,
Hypaxial myogenic progenitor,Midbrain neuron,6.130383602238116,-0.2601361959337538,-17.37325905390209,0.001891086315421237,0.0,5322,4463,,,
Hypaxial myogenic progenitor,Midgut,5.486538566073551,-0.35423790247723225,-16.98135641257295,0.001550618949952343,0.0,5322,1667,,,
Hypaxial myogenic progenitor,Myotome,7.198011440185408,0.8366462362399151,43.657071447869505,0.003832873363983359,0.0,5322,2201,Hypaxial myogenic progenitor; Myotome,"Both cell types derive from the somitic dermomyotome of the paraxial mesoderm, where the ventrolateral (hypaxial) dermomyotomal lip gives rise to hypaxial myogenic progenitors while the same dermomyotome contributes myoblasts to the underlying myotome, so they share a common Pax3+/Pax7+ somitic muscle progenitor pool.",1
Hypaxial myogenic progenitor,Nascent somite,6.3767612561023945,-0.0590666178197754,-4.330117131580316,0.003588234645603428,0.8,5322,6475,,,
Hypaxial myogenic progenitor,Notochord,5.771529843957038,-0.14818297950768203,-6.48900062821027,0.012982942789423635,0.39,5322,956,,,
Hypaxial myogenic progenitor,Olfactory placode,5.831026655334788,-0.30897749913003264,-19.999434006634228,0.002431147883386724,0.0,5322,5872,,,
Hypaxial myogenic progenitor,Olfactory sensory neuron,5.665458276434592,-0.26803100588113465,-6.7482235618179915,0.01362870331332729,0.0,5322,389,,,
Hypaxial myogenic progenitor,Otic placode,5.71540850081968,-0.29185003452542563,-15.303705749491868,0.00012993328064086948,0.0,5322,2365,,,
Hypaxial myogenic progenitor,Otic sensory neuron,5.635502764914712,-0.27508473974214515,-10.507271800159414,0.0026688923278528763,0.0,5322,974,,,
Hypaxial myogenic progenitor,Periocular mesoderm,5.629395995271526,-0.19276506210778965,-10.82382256218551,0.021164576361781772,0.0,5322,1739,,,
Hypaxial myogenic progenitor,Pharyngeal arch mesenchyme,6.131369325835379,-0.2992339594808818,-26.34926712673567,0.0015942979954895273,0.0,5322,39085,,,
Hypaxial myogenic progenitor,Pharyngeal endoderm,5.706688747115892,-0.28015920488099805,-21.673711557719496,0.005045337484399332,0.0,5322,5045,,,
Hypaxial myogenic progenitor,Pharyngeal mesoderm,6.228711530209503,0.03648664395103148,2.9521334735610343,1.1622810398729122e-05,0.01,5322,7691,,,
Hypaxial myogenic progenitor,Presomitic mesoderm,6.364254244926012,-0.08755993699960947,-6.6709430085701795,0.0015196339916151123,0.01,5322,8521,,,
Hypaxial myogenic progenitor,Primordial germ cell,4.796006312882586,-0.4016345361092002,-3.7180215956886804,0.022642329731702323,0.07,3340,25,,,
Hypaxial myogenic progenitor,Roof plate,6.20724834669747,-0.2796345783443339,-17.547276703331008,0.001422432497045866,0.0,5322,6035,,,
Hypaxial myogenic progenitor,Sacral neural crest,6.0647193236308565,-0.14213750197025377,-7.143450003045673,0.0021215623489473008,0.0,5322,2156,,,
Hypaxial myogenic progenitor,Sclerotome,7.638519812415428,0.9930313789985009,93.40204744570327,0.00066371454346514,0.0,5322,74334,Hypaxial myogenic progenitor; Sclerotome,"Hypaxial myogenic progenitors (from the ventrolateral dermomyotome) and sclerotome are two compartments of the same somite, both derived from a common paraxial-mesoderm/somite progenitor that partitions into dermomyotome and sclerotome under dorsal (Wnt) versus ventral (Shh) signaling.",1
Hypaxial myogenic progenitor,Second heart field,6.201547941379186,-0.009341350717880262,-0.5127575047419408,0.0018774099058696896,0.01,5322,6952,,,
Hypaxial myogenic progenitor,Somatic mesoderm,6.853852258454588,0.22408237152628127,20.260964397098522,0.0038539838036085873,0.0,5322,66151,,,
Hypaxial myogenic progenitor,Somatic motor neuron,6.3865088325503265,-0.03645783094770246,-2.9267765420180716,0.0021763602874920085,0.65,5322,6559,,,
Hypaxial myogenic progenitor,Spinal cord (cervical),6.475491459079407,-0.15081500841150408,-13.030251682709947,0.0006984683019290827,0.0,5322,41051,,,
Hypaxial myogenic progenitor,Spinal cord (lumbar),6.430746938282123,-0.05349271108655351,-4.459622494653842,0.0006138431346923478,0.08,5322,12722,,,
Hypaxial myogenic progenitor,Spinal cord (sacral),6.345357429029637,-0.07465590149987644,-5.365624885644841,0.002474231115063811,0.05,5322,5351,,,
Hypaxial myogenic progenitor,Spinal cord (thoracic),6.490173369387736,-0.0681588128061259,-5.8577787037942395,0.00020541114844127922,0.0,5322,35061,,,
Hypaxial myogenic progenitor,Spinal cord interneuron,6.429933861669762,-0.27103572937533915,-20.366743696559155,0.00014229590408088724,0.0,5322,12470,,,
Hypaxial myogenic progenitor,Splanchnic mesoderm,6.775919409282582,0.23324329031248,19.77954814952707,0.0051439405380828565,0.0,5322,21642,,,
Hypaxial myogenic progenitor,Surface ectoderm,5.669824083570936,-0.2909412985398789,-15.226806230181834,0.001934596554206753,0.0,5322,2649,,,
Hypaxial myogenic progenitor,Telencephalon,6.126118628966728,-0.3157488546855071,-28.10045870194185,0.0016650677629161481,0.0,5322,34300,,,
Hypaxial myogenic progenitor,Trigeminal ganglion neuron,5.795581833252267,-0.3000783917459919,-14.040370602050617,0.004993454590689629,0.0,5322,1765,,,
Hypaxial myogenic progenitor,Trigeminal placode,5.905789974331653,-0.3342075712001016,-24.890326946289935,0.001471500252718587,0.0,5322,6546,,,
Hypaxial myogenic progenitor,Trigeminal sensory neuron,5.846417189854985,-0.2902768371716971,-17.33505301952151,0.008758132007136283,0.0,5322,3198,,,
Hypaxial myogenic progenitor,Trunk neural crest,6.157418540829856,-0.16116041180901508,-11.173126425898431,0.00016637302152465347,0.0,5322,6809,,,
Hypaxial myogenic progenitor,Vagal neural crest,6.122768981786673,-0.20806845072117053,-14.128391679168695,2.9807047600729386e-05,0.0,5322,4937,,,
Hypothalamic neuron,Hypothalamic neuron,9.50000000000619,5.329070518200751e-15,5.328218684606667e-05,3.407879110554771e-28,1.0,1528,1528,,,
Hypothalamic neuron,Hypothalamus,7.8514550890975885,1.8182470950424754,81.93434792107125,0.00123195794490088,0.0,1528,7652,Hypothalamic neuron; Hypothalamus,"Hypothalamic neurons are the differentiated neuronal progeny of the ventral diencephalic (hypothalamic) neuroepithelium, so they and the broader ""hypothalamus"" cell population share a direct progenitor–progeny relationship arising from the same neural-tube region.",1
Hypothalamic neuron,Intermediate mesoderm,5.9293821708488865,-0.38305263166566955,-16.06797672947589,0.0014585585456669023,0.0,1528,10656,,,
Hypothalamic neuron,Juxtacardiac field,5.6043802030641645,-0.22129308104011672,-8.070880991915926,0.00020662073347076733,0.0,1528,1386,,,
Hypothalamic neuron,Lens placode,5.5012812669553375,-0.38671142983429085,-16.129301440886437,0.00472131506968297,0.0,1528,2811,,,
Hypothalamic neuron,Macrophage,5.203233905707435,-0.2905227425443752,-9.116898843832923,0.0011853018662775605,0.0,1528,966,,,
Hypothalamic neuron,Megakaryocyte,5.3205069109406695,-0.285679103742444,-6.980038095144267,0.0030832192021554828,0.0,1528,482,,,
Hypothalamic neuron,Mesothelium,5.508178014053797,-0.288169607197218,-6.28003379887734,0.005320227157376687,0.0,1528,346,,,
Hypothalamic neuron,Midbrain,7.269261142914405,1.023813600273565,49.49605437172722,0.0019340607604603041,0.0,1528,21466,Hypothalamic neuron; Midbrain,Both derive from the anterior neuroectoderm of the early neural plate/tube—hypothalamic neurons from the ventral diencephalon and midbrain cells from the adjacent mesencephalon—so they descend from a shared pool of spatially contiguous anterior neural progenitors that co-emerge during forebrain–midbrain regionalization.,2
Hypothalamic neuron,Midbrain neuron,6.987100260789878,0.7711830197561694,33.269072745880216,0.00671643713436303,0.0,1528,4463,,,
Hypothalamic neuron,Midgut,5.516286943024002,-0.1498888054009694,-6.019229526793612,0.01111599919518095,0.06,1528,1667,,,
Hypothalamic neuron,Myotome,6.045361666436693,-0.1413926948938998,-5.412553144190388,0.000769757816062597,0.0,1528,2201,,,
Hypothalamic neuron,Nascent somite,6.106387161590974,-0.1546482188476214,-6.704802253920018,0.004399984935620152,0.0,1528,6475,,,
Hypothalamic neuron,Notochord,5.68626335604572,-0.0601290403296062,-2.151358243680949,0.013248823383949353,0.06,1528,956,,,
Hypothalamic neuron,Olfactory placode,5.643405359068254,-0.3249018739611594,-14.5515198652094,0.0033759348730421175,0.0,1528,5872,,,
Hypothalamic neuron,Olfactory sensory neuron,5.446117111917853,-0.30809434398108887,-6.725638905500591,0.006211477179489989,0.0,1528,389,,,
Hypothalamic neuron,Otic placode,5.49798483638562,-0.3359800569858174,-12.220374581934875,0.007641775352677061,0.0,1528,2365,,,
Hypothalamic neuron,Otic sensory neuron,5.393251175614363,-0.34163184929223434,-10.92231393568283,0.00846143854404434,0.0,1528,974,,,
Hypothalamic neuron,Periocular mesoderm,5.508248655845556,-0.14112907224291296,-5.828636658644395,0.004609896148653246,0.0,1528,1739,,,
Hypothalamic neuron,Pharyngeal arch mesenchyme,5.934770811219767,-0.3212809043418063,-15.785714115031013,0.007418655841049013,0.0,1528,39085,,,
Hypothalamic neuron,Pharyngeal endoderm,5.619784003759303,-0.1929968383063203,-9.983809439650347,0.004399852489857268,0.0,1528,5045,,,
Hypothalamic neuron,Pharyngeal mesoderm,5.717653574881761,-0.30054916093558326,-16.41600684971902,0.006791725949299877,0.0,1528,7691,,,
Hypothalamic neuron,Presomitic mesoderm,6.131241499824284,-0.15087489145596442,-6.922273090969111,0.005385710322042507,0.0,1528,8521,,,
Hypothalamic neuron,Primordial germ cell,4.644234148514872,-0.3732817314607644,-3.1814703253000682,0.08114626479743971,0.36,1041,25,,,
Hypothalamic neuron,Roof plate,6.01744173375695,-0.29015493494047134,-11.830089427249739,0.001610505806325912,0.0,1528,6035,,,
Hypothalamic neuron,Sacral neural crest,5.7045943002899335,-0.32854974036954204,-12.298807263490872,0.004517580908962183,0.0,1528,2156,,,
Hypothalamic neuron,Sclerotome,6.23257608319236,-0.23806841773488716,-12.052630933420156,0.0059410648786192835,0.0,1528,74334,,,
Hypothalamic neuron,Second heart field,5.718770284216974,-0.31948697669175274,-17.160916365527562,0.0008075840133514454,0.0,1528,6952,,,
Hypothalamic neuron,Somatic mesoderm,5.933699521045519,-0.5225243231521679,-25.815728377905277,0.00181197280551411,0.0,1528,66151,,,
Hypothalamic neuron,Somatic motor neuron,6.5509844127330545,0.30234931039765023,12.968348031357728,0.0013445964053705618,0.0,1528,6559,,,
Hypothalamic neuron,Spinal cord (cervical),6.533256155971753,0.07947378002874987,4.295868365113401,0.002830782803452038,0.24,1528,41051,,,
Hypothalamic neuron,Spinal cord (lumbar),6.207083382396234,-0.10394830763678649,-4.977630478118196,0.005345757894390504,0.44,1528,12722,,,
Hypothalamic neuron,Spinal cord (sacral),6.142971557264226,-0.1030586461637455,-4.888923091366806,0.004288430343970393,0.22,1528,5351,,,
Hypothalamic neuron,Spinal cord (thoracic),6.346011783990335,-0.038534934508589615,-1.8544570031878502,0.0038846684357480774,0.24,1528,35061,,,
Hypothalamic neuron,Spinal cord interneuron,6.790683591127624,0.2647934757877639,12.33577241473874,0.0003893431905332898,0.0,1528,12470,,,
Hypothalamic neuron,Splanchnic mesoderm,5.855058403174465,-0.5162001236703805,-22.421838391537943,0.0012836652995260847,0.0,1528,21642,,,
Hypothalamic neuron,Surface ectoderm,5.553654219822448,-0.2343444087891481,-9.985550991939029,0.008336958035385436,0.0,1528,2649,,,
Hypothalamic neuron,Telencephalon,7.082475297715114,0.81565497648659,39.561366394870554,0.004212841933606508,0.0,1528,34300,Telencephalon,"Hypothalamic neurons (diencephalic) and telencephalon are sister subdivisions of the prosencephalon, both arising from a common anterior neural plate/forebrain neuroectoderm progenitor pool that splits during forebrain regionalization.",2
Hypothalamic neuron,Trigeminal ganglion neuron,5.686912562035377,-0.2346405073826121,-7.8981738531303085,0.005907850604685158,0.0,1528,1765,,,
Hypothalamic neuron,Trigeminal placode,5.683724787896852,-0.3812375329247164,-17.25660596676739,0.004902323608024365,0.0,1528,6546,,,
Hypothalamic neuron,Trigeminal sensory neuron,5.630371793307721,-0.33159081868060536,-13.625725731725993,0.004259109875149874,0.0,1528,3198,,,
Hypothalamic neuron,Trunk neural crest,5.774868886153892,-0.37005710339785686,-15.25898477551271,0.005315731500277516,0.0,1528,6809,,,
Hypothalamic neuron,Vagal neural crest,5.800781377743917,-0.3547515624563795,-15.689160653662285,0.0020079987000197527,0.0,1528,4937,,,
Hypothalamus,Hypothalamus,9.500000000012578,-1.5395092608135503e-14,-0.00015984508873746666,4.522802523267134e-29,1.0,7652,7652,,,
Hypothalamus,Intermediate mesoderm,5.988625876136278,-0.34207208513791,-29.31620105735802,0.005679212268680357,0.0,7652,10656,,,
Hypothalamus,Juxtacardiac field,5.657706161396942,-0.1842732486500891,-8.26449443066933,0.00028216875979119015,0.0,7652,1386,,,
Hypothalamus,Lens placode,5.539126585503136,-0.36712465544851636,-20.048848741224464,0.0035940990340023416,0.0,7652,2811,,,
Hypothalamus,Macrophage,5.210676831476486,-0.2972664045336213,-10.343034555244008,0.00803217323489849,0.0,7652,966,,,
Hypothalamus,Megakaryocyte,5.293111910886082,-0.3289493517653428,-8.602411881123198,0.0087540876992275,0.0,7652,482,,,
Hypothalamus,Mesothelium,5.588548913839013,-0.22507774444545406,-5.268559746779663,0.007659246955828036,0.03,7652,346,,,
Hypothalamus,Midbrain,7.0732854023835685,0.8101950549179531,80.48349089615307,0.0016592235785416166,0.0,7652,21466,,,
Hypothalamus,Midbrain neuron,6.843981389392976,0.609731046847347,40.559702535284195,0.0013798956397747296,0.0,7652,4463,,,
Hypothalamus,Midgut,5.533188196046677,-0.15238000439563995,-7.3550732312297,0.007138691039186768,0.0,7652,1667,,,
Hypothalamus,Myotome,6.117183472519659,-0.09016564764280677,-4.587236928919839,0.00014402357012044606,0.0,7652,2201,,,
Hypothalamus,Nascent somite,6.139068924068958,-0.1392746210432015,-11.211052185140055,0.0024198686938309844,0.0,7652,6475,,,
Hypothalamus,Notochord,5.7796011279479,0.0162098472220699,0.5260630621799863,0.0052620106234321454,0.35,7652,956,,,
Hypothalamus,Olfactory placode,5.6525113319923435,-0.332301622096562,-24.651576665843947,0.00018942139369983556,0.0,7652,5872,,,
Hypothalamus,Olfactory sensory neuron,5.491342876716684,-0.2831302980152861,-7.090454527378074,0.001971537521410641,0.0,7652,389,,,
Hypothalamus,Otic placode,5.53561305305153,-0.3153447793881057,-16.398061211323046,0.0038502360928473253,0.0,7652,2365,,,
Hypothalamus,Otic sensory neuron,5.441450984012012,-0.3125488818496673,-11.5566902631082,0.0036637568240725817,0.0,7652,974,,,
Hypothalamus,Periocular mesoderm,5.53616598545253,-0.13110903631392143,-6.813201708686024,0.006850046775066553,0.05,7652,1739,,,
Hypothalamus,Pharyngeal arch mesenchyme,5.913888917616634,-0.36008954414368954,-36.548951913712585,0.0010875877153889654,0.0,7652,39085,,,
Hypothalamus,Pharyngeal endoderm,5.633552699354548,-0.19753637905162277,-15.146137786851945,0.017695913949308105,0.0,7652,5045,,,
Hypothalamus,Pharyngeal mesoderm,5.748054985560792,-0.28794050495874135,-27.023761057406958,0.0072224577602630225,0.0,7652,7691,,,
Hypothalamus,Presomitic mesoderm,6.160416435936107,-0.13474652730035963,-10.836873071942344,0.0025872988519951468,0.0,7652,8521,,,
Hypothalamus,Primordial germ cell,4.970970374853692,-0.05117122380432493,-0.9960242990808803,0.40397732153248395,0.0,5866,25,Primordial germ cell,"Both lineages likely retain a signature of very early epiblast origin — hypothalamic progenitors from the anterior neural plate and PGCs specified from proximal-posterior epiblast around E6.25 — so any shared ancestry reflects a common pre-gastrulation epiblast pool rather than a dedicated shared progenitor, and with only 25 PGCs this weak (indeed negative norm_value) signal is most likely statistical noise.",4
Hypothalamus,Roof plate,6.029754534900166,-0.3015856551392944,-23.823027948882636,4.785547579771063e-05,0.0,7652,6035,,,
Hypothalamus,Sacral neural crest,5.713864098369719,-0.33613797635520254,-16.949633625473307,0.0061212513714933026,0.0,7652,2156,,,
Hypothalamus,Sclerotome,6.294477946608083,-0.19570812740111165,-22.180337046960414,0.004975020281122671,0.0,7652,74334,,,
Hypothalamus,Second heart field,5.74773328707797,-0.3090037884732005,-26.909430538693197,0.00015603638372124593,0.0,7652,6952,,,
Hypothalamus,Somatic mesoderm,5.953080818091752,-0.520339096644558,-54.30530870158385,0.005918173521691173,0.0,7652,66151,,,
Hypothalamus,Somatic motor neuron,6.604692709838074,0.3388183142002366,24.7354449298066,0.0012585811716856717,0.0,7652,6559,,,
Hypothalamus,Spinal cord (cervical),6.545903763827243,0.07495818879150207,7.922934655660515,0.0012179170862883291,0.0,7652,41051,,,
Hypothalamus,Spinal cord (lumbar),6.234542917981024,-0.09352509790611278,-8.708342987816037,0.0006446356090551082,0.0,7652,12722,,,
Hypothalamus,Spinal cord (sacral),6.1660747871139705,-0.09717668194735651,-6.979513020056049,0.001735954803091439,0.0,7652,5351,,,
Hypothalamus,Spinal cord (thoracic),6.3835803830989155,-0.019841670237287445,-2.287151493997035,0.0002498098891668987,0.79,7652,35061,,,
Hypothalamus,Spinal cord interneuron,6.763331136158823,0.21920177582708997,20.240745871531846,3.5427433365306454e-05,0.0,7652,12470,,,
Hypothalamus,Splanchnic mesoderm,5.889301379717842,-0.49760965518822786,-46.39282063393903,0.005137779029731888,0.0,7652,21642,,,
Hypothalamus,Surface ectoderm,5.545735167057309,-0.26043960104031516,-14.81153437936275,9.556714620488841e-05,0.0,7652,2649,,,
Hypothalamus,Telencephalon,7.203307523318737,0.9184056327005825,98.94242401457431,0.0013044329327780504,0.0,7652,34300,Hypothalamus; Telencephalon,"Both the hypothalamus and telencephalon derive from the prosencephalon (anterior forebrain) of the rostral neural plate, sharing SIX3/SIX6/FOXG1-expressing anterior neuroectoderm progenitors that co-emerge during forebrain regionalization.",1
Hypothalamus,Trigeminal ganglion neuron,5.692624985185341,-0.24512646653984996,-12.402389383997354,0.005478602648207852,0.0,7652,1765,,,
Hypothalamus,Trigeminal placode,5.69544087593069,-0.38739743080781075,-27.26122118532594,0.0016335710732469093,0.0,7652,6546,,,
Hypothalamus,Trigeminal sensory neuron,5.65337694222994,-0.32773098770889053,-21.43564999015482,0.0024440496746256086,0.0,7652,3198,,,
Hypothalamus,Trunk neural crest,5.813916144244147,-0.3497335011739657,-27.619756503499634,0.004997317728359362,0.0,7652,6809,,,
Hypothalamus,Vagal neural crest,5.836481960190707,-0.33556547554359134,-22.00076880325999,0.0024864485191985553,0.0,7652,4937,,,
Intermediate mesoderm,Intermediate mesoderm,9.500000000009106,2.3684757858670005e-15,2.368160308376029e-05,3.5446150007930796e-28,1.0,10656,10656,,,
Intermediate mesoderm,Juxtacardiac field,5.825117314269016,-0.2960902218480852,-13.34516852774439,0.0017338560935427185,0.0,10656,1386,,,
Intermediate mesoderm,Lens placode,6.1371676816497995,-0.04785806288333975,-2.6668689030501547,0.010491002125650193,0.0,10656,2811,,,
Intermediate mesoderm,Macrophage,5.351819762965245,-0.43634596398974096,-16.92824791383642,0.00039175362985018427,0.0,10656,966,,,
Intermediate mesoderm,Megakaryocyte,5.45020904502378,-0.4525550400860781,-11.749794889627722,0.0008296178782767045,0.0,10656,482,,,
Intermediate mesoderm,Mesothelium,6.351412842369316,0.2595578500884705,5.597347119306693,0.004861358400646446,0.0,10656,346,,,
Intermediate mesoderm,Midbrain,6.263518812192838,-0.27876240886404374,-30.864500823775632,0.004715907730275574,0.0,10656,21466,,,
Intermediate mesoderm,Midbrain neuron,6.2655879361547155,-0.24800715540545326,-17.01242646826941,0.012145943917253144,0.0,10656,4463,,,
Intermediate mesoderm,Midgut,5.557625474377377,-0.409076793132462,-18.858564258718907,0.00577369341254376,0.0,10656,1667,,,
Intermediate mesoderm,Myotome,6.6729185815172345,0.18620952851504965,9.307798473763707,0.005167079099623454,0.0,10656,2201,Myotome,"Intermediate mesoderm and the myotome (a derivative of the somitic dermomyotome/paraxial mesoderm) both arise from mediolaterally adjacent trunk mesoderm compartments specified from a common posterior/presomitic mesodermal progenitor pool (largely NMP-derived) ingressing through the primitive streak, giving them recent shared ancestry.",2
Intermediate mesoderm,Nascent somite,7.035263147032617,0.4761426762784386,38.6612633289565,0.0031905617335743156,0.0,10656,6475,,,
Intermediate mesoderm,Notochord,5.642605644697539,-0.40046891367747,-14.547043601335238,0.01159636560962752,0.0,10656,956,,,
Intermediate mesoderm,Olfactory placode,6.177835736098011,-0.08531799994963851,-6.494542869959839,0.004328747800306749,0.0,10656,5872,,,
Intermediate mesoderm,Olfactory sensory neuron,5.959494499365242,-0.09421480468109866,-2.0779033454625933,0.0013584844287655466,0.1,10656,389,,,
Intermediate mesoderm,Otic placode,6.085546475338731,-0.0473467881090596,-2.6494170046486913,0.0011165329325763132,0.45,10656,2365,,,
Intermediate mesoderm,Otic sensory neuron,5.911701445443865,-0.12076850742999164,-4.3891407118884125,0.00310375486597693,0.0,10656,974,,,
Intermediate mesoderm,Periocular mesoderm,5.601511724552082,-0.34281607922771445,-15.65614849738895,0.007987484384347952,0.0,10656,1739,,,
Intermediate mesoderm,Pharyngeal arch mesenchyme,6.5231471712257365,-0.029801961195069282,-3.5365692466694836,0.006254274577986431,0.01,10656,39085,,,
Intermediate mesoderm,Pharyngeal endoderm,5.722095037306609,-0.38723999591095204,-31.84595836444438,0.005707345550762945,0.0,10656,5045,,,
Intermediate mesoderm,Pharyngeal mesoderm,6.012361626252986,-0.3047893153282833,-27.200701618225096,0.005556113153106591,0.0,10656,7691,,,
Intermediate mesoderm,Presomitic mesoderm,6.9760346191488845,0.40093080683284715,34.73231456620747,0.0024486481106869773,0.0,10656,8521,,,
Intermediate mesoderm,Primordial germ cell,4.820548208128828,-0.47108025301044565,-3.735061104525295,0.006337577274748251,0.01,6985,25,,,
Intermediate mesoderm,Roof plate,6.66702782876225,0.05843366956041448,4.601292014544053,0.01004422645737706,0.0,10656,6035,,,
Intermediate mesoderm,Sacral neural crest,6.7334992932748845,0.4037804183412561,21.411111092140796,0.012486118746926029,0.0,10656,2156,,,
Intermediate mesoderm,Sclerotome,7.268933469068357,0.4994361110321724,68.33629476517912,0.001538536719560674,0.0,10656,74334,Sclerotome,"Both derive from trunk mesoderm that ingresses through the posterior primitive streak/tailbud growth zone, where nascent paraxial mesoderm (which segments into somites and their ventral sclerotome) and the immediately adjacent intermediate mesoderm co-emerge from a shared, spatially contiguous progenitor pool.",2
Intermediate mesoderm,Second heart field,6.118710069121657,-0.2168122699301295,-19.903038404794852,0.0015244288045673992,0.0,10656,6952,,,
Intermediate mesoderm,Somatic mesoderm,7.681566776646682,0.9286875039268034,123.51653777610032,0.001111358478255062,0.0,10656,66151,Intermediate mesoderm; Somatic mesoderm,"Both cell types are derivatives of a common posterior/mid primitive-streak-derived nascent mesoderm progenitor pool that patterns along the mediolateral axis, with intermediate mesoderm and the somatic (parietal) layer of lateral plate mesoderm emerging as adjacent, closely related fates from this same lateral-mesodermal lineage.",2
Intermediate mesoderm,Somatic motor neuron,6.328479068416094,-0.21752301599133705,-16.40630160513924,0.008170369528870161,0.0,10656,6559,,,
Intermediate mesoderm,Spinal cord (cervical),6.707985396950316,-0.04277553505030222,-5.160631038721562,0.00975761199137712,0.0,10656,41051,,,
Intermediate mesoderm,Spinal cord (lumbar),6.8334334761651805,0.22652900658487685,22.559035095177325,0.006045259987946631,0.0,10656,12722,,,
Intermediate mesoderm,Spinal cord (sacral),6.790083692020498,0.24637469440553783,17.366780297329893,0.0035438444492660814,0.0,10656,5351,,,
Intermediate mesoderm,Spinal cord (thoracic),6.796930566536638,0.11465657374592109,12.34839616602791,0.004986724343571263,0.0,10656,35061,,,
Intermediate mesoderm,Spinal cord interneuron,6.675341932050743,-0.14889375511450145,-13.642821572114196,0.007742307554113549,0.0,10656,12470,,,
Intermediate mesoderm,Splanchnic mesoderm,7.255323393540656,0.5875576628326501,66.62688459035034,0.0035916773740945814,0.0,10656,21642,Intermediate mesoderm,"Both are adjacent mediolateral derivatives of nascent trunk mesoderm ingressing through the posterior primitive streak, so intermediate mesoderm and splanchnic (lateral plate) mesoderm descend from a shared, spatially contiguous lateral mesodermal progenitor pool before their mediolateral fates are fixed.",2
Intermediate mesoderm,Surface ectoderm,6.076327040919839,-0.00827247413793438,-0.15087681051213933,0.002562401718069692,0.13,10656,2649,,,
Intermediate mesoderm,Telencephalon,6.324251736724945,-0.24117964965985253,-30.1576304760094,0.01072836309363886,0.0,10656,34300,,,
Intermediate mesoderm,Trigeminal ganglion neuron,6.149584817007635,-0.07002194862443141,-3.83631746637408,0.01680346356765789,0.0,10656,1765,,,
Intermediate mesoderm,Trigeminal placode,6.275405965266292,-0.08749179479121978,-6.336913359666913,0.0049220475217210385,0.16,10656,6546,,,
Intermediate mesoderm,Trigeminal sensory neuron,6.188984149589025,-0.06999490380022344,-4.665831970773146,0.0006433357974270843,0.02,10656,3198,,,
Intermediate mesoderm,Trunk neural crest,6.711452403802382,0.2701842709972446,21.590744050043792,0.005381060865917815,0.0,10656,6809,,,
Intermediate mesoderm,Vagal neural crest,6.592467487724371,0.1404451108111552,10.084015285912875,0.00527352237389371,0.0,10656,4937,,,
Juxtacardiac field,Juxtacardiac field,9.50000000001618,-1.6579330501069005e-14,-0.00016576491101326666,1.3673589023830868e-29,1.0,1386,1386,,,
Juxtacardiac field,Lens placode,5.60129301714856,-0.09267352031374247,-3.3694186015289276,0.0039037365556846833,0.27,1386,2811,,,
Juxtacardiac field,Macrophage,5.384076147605714,0.0879221126713882,1.3438216099850706,0.03358116708789158,0.01,1386,966,,,
Juxtacardiac field,Megakaryocyte,5.369118890834955,-0.04324147985408929,-1.2526474316021872,0.004473282711532349,0.37,1386,482,,,
Juxtacardiac field,Mesothelium,5.607188601579587,-1.675110964101852e-05,-0.06382084592660948,0.003382576540665315,0.73,1386,346,,,
Juxtacardiac field,Midbrain,5.712163933472579,-0.3399276172108392,-16.419229028582567,0.003047876719198734,0.0,1386,21466,,,
Juxtacardiac field,Midbrain neuron,5.686968538316271,-0.33846814150995197,-13.832434946239026,0.004850651944179649,0.0,1386,4463,,,
Juxtacardiac field,Midgut,5.477885489350478,0.004282593864871546,-0.7081167818346259,0.026342795185057784,0.22,1386,1667,,,
Juxtacardiac field,Myotome,5.832754663816786,-0.16407381268620766,-6.28527104772099,0.0011197891880166113,0.0,1386,2201,,,
Juxtacardiac field,Nascent somite,5.811717069981292,-0.2584239249742473,-11.996105144608554,0.0008356736033444019,0.0,1386,6475,,,
Juxtacardiac field,Notochord,5.585021936112855,0.03461414898532755,1.2771464663673593,0.003500038346402198,0.15,1386,956,,,
Juxtacardiac field,Olfactory placode,5.61656400229344,-0.1573243116815505,-6.482680336631294,0.009717809709027758,0.0,1386,5872,,,
Juxtacardiac field,Olfactory sensory neuron,5.443840312274357,-0.1153837008929995,-2.9522614147150747,0.016576182728398087,0.45,1386,389,,,
Juxtacardiac field,Otic placode,5.623710866422271,-0.017817358406091444,-0.6845977157820983,0.0013226370947458782,0.73,1386,2365,,,
Juxtacardiac field,Otic sensory neuron,5.570148124348243,0.029588106914865502,1.0175677149207025,0.003327853466148157,0.27,1386,974,,,
Juxtacardiac field,Periocular mesoderm,5.856084637426338,0.4014772327679683,15.524576049789568,0.014142347959576043,0.0,1386,1739,Periocular mesoderm,The juxtacardiac field (anterior lateral plate mesoderm) and periocular mesoderm likely share ancestry because both descend from early anterior/cranial mesoderm that ingresses through the anterior primitive streak during gastrulation—consistent with the cardiopharyngeal-field concept linking anterior heart-forming mesoderm to head/periocular mesenchyme.,3
Juxtacardiac field,Pharyngeal arch mesenchyme,5.836747579576159,-0.22697629174346692,-11.006613967933589,0.010305503232200832,0.0,1386,39085,,,
Juxtacardiac field,Pharyngeal endoderm,5.613365096620633,-0.006187450933966332,-1.0446384444204744,0.014589140639391996,0.71,1386,5045,,,
Juxtacardiac field,Pharyngeal mesoderm,6.610611097059933,0.7829715551857651,44.83094411013695,0.0066432798362233165,0.0,1386,7691,Juxtacardiac field; Pharyngeal mesoderm,"Both cell types descend from the anterior lateral plate mesoderm—specifically the cardiopharyngeal mesoderm field where the juxtacardiac field lies contiguous with the cardiac crescent and pharyngeal (second-heart-field) mesoderm, so they share Mesp1+ anterior splanchnic mesoderm progenitors.",2
Juxtacardiac field,Presomitic mesoderm,5.785527515554631,-0.3028115060250274,-13.75899802318648,0.0026197079397886716,0.0,1386,8521,,,
Juxtacardiac field,Primordial germ cell,4.622887236973316,-0.17505951801688902,-1.7353077073511942,0.020236070665854675,0.67,799,25,,,
Juxtacardiac field,Roof plate,5.79161748163468,-0.32951816466629974,-14.623048790300784,0.002213671411726522,0.0,1386,6035,,,
Juxtacardiac field,Sacral neural crest,5.642815799004122,-0.19990200213826625,-7.249924653538366,0.0025225605003753055,0.0,1386,2156,,,
Juxtacardiac field,Sclerotome,6.006748959677776,-0.2724943956593542,-13.44330543064337,0.0017890379833276169,0.0,1386,74334,,,
Juxtacardiac field,Second heart field,7.017970026500378,1.1724414136754282,62.45999932932392,0.006941294802962497,0.0,1386,6952,Juxtacardiac field; Second heart field,"Both fields derive from the anterior/cardiogenic lateral plate mesoderm (splanchnic/cardiopharyngeal mesoderm) flanking the cardiac crescent, so the juxtacardiac field and second heart field descend from a shared pool of cardiogenic lateral plate mesoderm progenitors.",2
Juxtacardiac field,Somatic mesoderm,6.48248560704355,0.21930599990287103,10.479013983020085,0.0035197426778031567,0.0,1386,66151,,,
Juxtacardiac field,Somatic motor neuron,5.6829298135474176,-0.37157070685894605,-15.531765050107543,0.00447959336987442,0.0,1386,6559,,,
Juxtacardiac field,Spinal cord (cervical),5.8341532136696586,-0.4265813282894723,-19.72351082709767,0.0032258928011376035,0.0,1386,41051,,,
Juxtacardiac field,Spinal cord (lumbar),5.797383169639798,-0.319198013638417,-14.126386680346853,0.0009228787650495595,0.0,1386,12722,,,
Juxtacardiac field,Spinal cord (sacral),5.780328206720637,-0.2760042166816123,-12.088655109339049,0.0036430306177578312,0.0,1386,5351,,,
Juxtacardiac field,Spinal cord (thoracic),5.825667962614841,-0.3677930831783642,-16.440553885344926,0.007431914035335172,0.0,1386,35061,,,
Juxtacardiac field,Spinal cord interneuron,5.84505525180748,-0.4878065244927005,-21.86603748944206,0.0011027389435243487,0.0,1386,12470,,,
Juxtacardiac field,Splanchnic mesoderm,6.366950772620913,0.18976978178385343,8.34105586732431,0.0026943577186753958,0.0,1386,21642,,,
Juxtacardiac field,Surface ectoderm,5.704529862769679,0.109985518690487,3.866617875023272,0.01015667318510265,0.47,1386,2649,,,
Juxtacardiac field,Telencephalon,5.729586836425621,-0.3469404394984978,-16.556300319439476,0.0013266157059180729,0.0,1386,34300,,,
Juxtacardiac field,Trigeminal ganglion neuron,5.617345793124627,-0.11159244637337817,-4.46295536141178,0.0025339609426236523,0.01,1386,1765,,,
Juxtacardiac field,Trigeminal placode,5.762580576563141,-0.10883414997705554,-5.026624496849676,0.006814712058346084,0.25,1386,6546,,,
Juxtacardiac field,Trigeminal sensory neuron,5.680366398721417,-0.09007161587538064,-4.084769973348005,0.00036985083115129646,0.0,1386,3198,,,
Juxtacardiac field,Trunk neural crest,5.7189351171011,-0.2317709762404553,-10.086717525261927,0.00034803592573413595,0.0,1386,6809,,,
Juxtacardiac field,Vagal neural crest,5.75905356565088,-0.2029758696504116,-8.885696043849622,0.0032529214059451566,0.0,1386,4937,,,
Lens placode,Lens placode,9.500000000002997,2.960594732333751e-15,1.1843430288093628e-05,2.818862967989749e-28,1.0,2811,2811,,,
Lens placode,Macrophage,5.295706417126066,-0.0677037214326095,-2.7111822903738236,0.009146983216098789,0.24,2811,966,,,
Lens placode,Megakaryocyte,5.27486946668348,-0.19889174765774995,-5.203963955308102,0.00020095933055161525,0.0,2811,482,,,
Lens placode,Mesothelium,5.645289510146967,-0.026457727251325853,-0.6507731520540094,0.01139746992360354,0.19,2811,346,,,
Lens placode,Midbrain,5.885186142376766,-0.23380937376390745,-15.436991051105911,0.0036936309687088044,0.0,2811,21466,,,
Lens placode,Midbrain neuron,5.9165380407129105,-0.1724539439142759,-8.948762085481908,0.0028246351975032007,0.0,2811,4463,,,
Lens placode,Midgut,5.2643850106837595,-0.2748640236582108,-11.7759279415913,0.023872366455720915,0.0,2811,1667,,,
Lens placode,Myotome,5.711803396337917,-0.35135606336261915,-15.167013344249376,0.008020360775663402,0.0,2811,2201,,,
Lens placode,Nascent somite,5.962084081539277,-0.1720599793928527,-10.314038738870137,0.0006006934672452698,0.0,2811,6475,,,
Lens placode,Notochord,5.3214380788319255,-0.29290029176501076,-10.572199872551039,0.001956077709735956,0.0,2811,956,,,
Lens placode,Olfactory placode,7.542938676076726,1.703141647559458,91.58832187680713,0.004907321820457455,0.0,2811,5872,Lens placode; Olfactory placode,"The lens and olfactory placodes both arise from the pan-placodal (preplacodal) ectoderm, a horseshoe-shaped domain of cranial non-neural ectoderm bordering the anterior neural plate, so their shared ancestry reflects a common cranial placode progenitor field.",1
Lens placode,Olfactory sensory neuron,6.823532584865983,1.1914539981698786,28.212866555672647,0.01787783804511223,0.0,2811,389,Lens placode; Olfactory sensory neuron,"Both derive from the anterior cranial placode region of the preplacodal ectoderm (the panplacodal primordium bordering the anterior neural plate), with lens placode and olfactory placode arising as neighboring anterior placodes from this shared progenitor domain.",2
Lens placode,Otic placode,6.454727313597371,0.7486173994216717,33.602114092148646,0.002668764796071246,0.0,2811,2365,,,
Lens placode,Otic sensory neuron,6.353913866441691,0.7465288164443006,25.680860466510552,0.012899895054106832,0.0,2811,974,,,
Lens placode,Periocular mesoderm,5.339903914148028,-0.18177536761206348,-7.493373671095559,0.0004823835055420625,0.0,2811,1739,,,
Lens placode,Pharyngeal arch mesenchyme,6.628693419739463,0.4976572279482374,31.67169711081961,0.0023290225707192705,0.0,2811,39085,,,
Lens placode,Pharyngeal endoderm,5.503648063235399,-0.18228529304707752,-10.77715521314254,0.029484763633660097,0.67,2811,5045,,,
Lens placode,Pharyngeal mesoderm,5.724327955160398,-0.16828090116671804,-11.627870940362493,0.011215682325938848,0.01,2811,7691,,,
Lens placode,Presomitic mesoderm,5.976032647277573,-0.17450802358489614,-9.729694544341934,0.002623931291677996,0.0,2811,8521,,,
Lens placode,Primordial germ cell,4.719584666936504,-0.15607857133158243,-1.1931544324632388,0.008618000267785135,0.72,1974,25,,,
Lens placode,Roof plate,6.302196933077526,0.11822149754088744,6.527314117239456,0.005038711975227689,0.0,2811,6035,,,
Lens placode,Sacral neural crest,6.015092700431043,0.11331694429381607,4.571676607947626,0.01525727678155804,0.26,2811,2156,,,
Lens placode,Sclerotome,5.967519490151832,-0.3773077886070378,-28.89240433440895,0.003884758190263846,0.0,2811,74334,,,
Lens placode,Second heart field,5.911615362755076,0.0014490982365042981,-0.16699535544516544,0.01797055812748132,0.0,2811,6952,,,
Lens placode,Somatic mesoderm,6.397166668349873,0.06847220489095533,4.568987237700745,0.002689845835691323,0.13,2811,66151,,,
Lens placode,Somatic motor neuron,5.644015201062971,-0.4776648885153068,-25.866582360147813,0.00035868798869641896,0.0,2811,6559,,,
Lens placode,Spinal cord (cervical),6.038622075635885,-0.28764172437514013,-17.710538822095895,0.005853780851601447,0.0,2811,41051,,,
Lens placode,Spinal cord (lumbar),5.965718904565286,-0.21635191237962412,-12.643868817548693,0.005010960195716296,0.0,2811,12722,,,
Lens placode,Spinal cord (sacral),5.89572015555477,-0.22337766786357735,-11.95833879341656,0.007190091015809757,0.0,2811,5351,,,
Lens placode,Spinal cord (thoracic),6.026209692274551,-0.23255885895684938,-13.764298848122728,0.006351462664602439,0.0,2811,35061,,,
Lens placode,Spinal cord interneuron,6.121933565259416,-0.2769364247159623,-16.97583332149566,0.0038848430651840732,0.0,2811,12470,,,
Lens placode,Splanchnic mesoderm,6.2336584748762505,-0.008854582197121688,-0.5674696475496642,0.0014905675648536152,0.17,2811,21642,,,
Lens placode,Surface ectoderm,6.162316655629556,0.502531279651676,24.563176247344767,0.002009186590243772,0.0,2811,2649,Surface ectoderm,"The lens placode is a focal thickening that delaminates directly from the head surface ectoderm (induced by the underlying optic vesicle), so both cell types descend from the same surface/non-neural ectoderm progenitor pool.",1
Lens placode,Telencephalon,6.167247352699955,0.0274066899380007,2.1853127025216987,0.007232806368643697,0.0,2811,34300,,,
Lens placode,Trigeminal ganglion neuron,6.201221846644976,0.40629417711262256,18.135736638606875,0.001397531162304409,0.0,2811,1765,,,
Lens placode,Trigeminal placode,7.320659352168604,1.3833216614089265,79.51751726800275,0.01153141650401056,0.0,2811,6546,Lens placode; Trigeminal placode,"Both the lens and trigeminal placodes arise from the same common progenitor field, the cranial preplacodal ectoderm (a Six1/Eya-expressing horseshoe of ectoderm bordering the anterior neural plate) that segregates into individual placodes, so their shared ancestry reflects this common panplacodal origin.",2
Lens placode,Trigeminal sensory neuron,7.5188592742085705,1.680554100315659,78.70622599171054,0.0015184779606551735,0.0,2811,3198,Lens placode; Trigeminal sensory neuron,Both cell types arise from the cranial pre-placodal ectoderm at the anterior neural-plate border—the lens placode from the ophthalmic/lens region and trigeminal sensory neurons from the adjacent ophthalmic and maxillomandibular trigeminal placodes—so they share a common non-neural cranial ectoderm progenitor pool.,2
Lens placode,Trunk neural crest,6.093890217942497,0.0775405960816536,4.386575336511029,0.012711874102113687,0.12,2811,6809,,,
Lens placode,Vagal neural crest,6.08613284625239,0.058601820734515066,3.4741173135482106,0.01958517420496935,0.36,2811,4937,,,
Macrophage,Macrophage,9.500000000007445,6.5133084111342514e-15,7.104102303296667e-05,2.6926452231543873e-28,1.0,966,966,,,
Macrophage,Megakaryocyte,6.39572178667274,1.3154051964742095,30.02699345778933,0.0007878954641925073,0.0,966,482,Macrophage; Megakaryocyte,"Both are myeloid derivatives of yolk-sac hematopoiesis, arising together from the same erythro-myeloid progenitor (EMP)/early hemogenic endothelial pool that seeds primitive macrophages and megakaryocytes at this stage.",2
Macrophage,Mesothelium,5.184289336731903,-0.08316818764406382,-1.5075441256445494,0.01254000538177645,0.94,966,346,,,
Macrophage,Midbrain,5.321422136368447,-0.3988355232657452,-16.8878123027976,0.014405129752557212,0.0,966,21466,,,
Macrophage,Midbrain neuron,5.277712785334615,-0.4134010705360189,-15.500424163810342,0.00554971145663352,0.0,966,4463,,,
Macrophage,Midgut,5.359767431120971,0.21808966237104807,6.652908283185671,0.03492340521460107,0.42,966,1667,,,
Macrophage,Myotome,5.334255930119354,-0.32849327033264775,-11.00281561879226,6.0729907409562956e-05,0.0,966,2201,,,
Macrophage,Nascent somite,5.3452616878523544,-0.3907607610413765,-13.380002469275967,0.010972611847398247,0.0,966,6475,,,
Macrophage,Notochord,5.235225776821966,0.01987104501402766,0.35544699146855563,0.0078058233122117555,0.17,966,956,,,
Macrophage,Olfactory placode,5.304994739986127,-0.13295213340078535,-4.7793423130210995,0.0009749018187307609,0.0,966,5872,,,
Macrophage,Olfactory sensory neuron,5.069483389283597,-0.1636668588061303,-3.0532128676992287,0.004153554958937071,0.01,966,389,,,
Macrophage,Otic placode,5.164220939749478,-0.1447511077983279,-5.1163478389616985,0.008093095984043999,0.02,966,2365,,,
Macrophage,Otic sensory neuron,5.175594204320046,-0.030550263057687488,-1.3751322673496056,0.02161966959144074,0.15,966,974,,,
Macrophage,Periocular mesoderm,5.290589800911107,0.16517482637334022,4.509302503377623,0.05947767639547322,0.06,966,1739,,,
Macrophage,Pharyngeal arch mesenchyme,5.312597506806683,-0.4206885244005611,-16.868405407637105,0.0027252674833011204,0.0,966,39085,,,
Macrophage,Pharyngeal endoderm,5.402257325295462,0.11691205841786474,3.938476799001832,0.033606468119431805,0.11,966,5045,,,
Macrophage,Pharyngeal mesoderm,5.453369576394215,-0.03923232749034137,-1.7158840368238313,0.0005669145174894849,0.63,966,7691,,,
Macrophage,Presomitic mesoderm,5.381753951360733,-0.36964530754964375,-13.686309962037972,0.007588517644323034,0.0,966,8521,,,
Macrophage,Primordial germ cell,4.2602277750346795,-0.15501626022100345,-0.6126924355765894,0.29226483015138177,0.17,567,25,,,
Macrophage,Roof plate,5.311815312179725,-0.47348850313337404,-16.994146129150106,0.0007559241661544084,0.0,966,6035,,,
Macrophage,Sacral neural crest,5.2547434355602896,-0.25175798328293614,-8.283265481414151,0.004752897200662333,0.0,966,2156,,,
Macrophage,Sclerotome,5.432027017808472,-0.515408874190253,-19.975439835144716,0.0009972054823171278,0.0,966,74334,,,
Macrophage,Second heart field,5.424988974997066,-0.08633487202961317,-3.9871954499101823,0.0018723882325490733,0.15,966,6952,,,
Macrophage,Somatic mesoderm,5.516428102832408,-0.4107815101541276,-17.49690823544441,0.004074259581525189,0.0,966,66151,,,
Macrophage,Somatic motor neuron,5.305610110076912,-0.4180097011301968,-14.275878384822557,0.002913234382742391,0.0,966,6559,,,
Macrophage,Spinal cord (cervical),5.395899892389852,-0.529877648167511,-22.045536493113303,0.006006536281104631,0.0,966,41051,,,
Macrophage,Spinal cord (lumbar),5.346873940718186,-0.4381308013590702,-16.54653406062912,0.008557897808974781,0.0,966,12722,,,
Macrophage,Spinal cord (sacral),5.333061659929078,-0.38494621477027263,-15.015248298385373,0.01918113933309743,0.0,966,5351,,,
Macrophage,Spinal cord (thoracic),5.378030138311282,-0.4820554353336763,-16.906604092680237,0.007064759422218849,0.0,966,35061,,,
Macrophage,Spinal cord interneuron,5.368382078863983,-0.6318500686047424,-23.03701246128774,0.0017470490456139073,0.0,966,12470,,,
Macrophage,Splanchnic mesoderm,5.454422260085528,-0.39038340404189525,-14.461102528147483,0.00538050713906142,0.0,966,21642,,,
Macrophage,Surface ectoderm,5.328064723626883,0.06821350324872218,1.2766435734097616,0.032028191679867014,0.55,966,2649,,,
Macrophage,Telencephalon,5.313193021874951,-0.4297224963501189,-18.034812731068655,0.0044179923001377444,0.0,966,34300,,,
Macrophage,Trigeminal ganglion neuron,5.172784359590528,-0.22705032672979777,-6.941550827851792,0.013501251906258527,0.0,966,1765,,,
Macrophage,Trigeminal placode,5.33964437083943,-0.19949991554512328,-7.37708944389853,0.00010760864860945238,0.0,966,6546,,,
Macrophage,Trigeminal sensory neuron,5.336560140219685,-0.10084697517843437,-4.931141083542568,0.02383439914453493,0.09,966,3198,,,
Macrophage,Trunk neural crest,5.30640327308332,-0.31302340695865166,-12.173545431326339,0.007069646886695435,0.0,966,6809,,,
Macrophage,Vagal neural crest,5.310036446540505,-0.31841476698140553,-10.824098840962092,0.005136373424667316,0.0,966,4937,,,
Megakaryocyte,Megakaryocyte,9.499999999999778,2.960594732333751e-15,2.368202359669363e-05,2.818862967989749e-28,1.0,482,482,,,
Megakaryocyte,Mesothelium,5.217114933690372,-0.168848875949954,-3.361921498111876,0.009613182931761853,0.22,482,346,,,
Megakaryocyte,Midbrain,5.420912730021115,-0.41590801372401803,-11.056075068343072,0.002879839113712204,0.0,482,21466,,,
Megakaryocyte,Midbrain neuron,5.361721872770172,-0.44482248461879426,-12.174765531652016,0.005005070199680854,0.0,482,4463,,,
Megakaryocyte,Midgut,5.378320030678019,0.12140375719321768,4.17631799536749,0.015128933578527848,0.99,482,1667,,,
Megakaryocyte,Myotome,5.4091785922046,-0.37249429963434694,-9.856579870546026,0.00037338830886939246,0.0,482,2201,,,
Megakaryocyte,Nascent somite,5.423717523712696,-0.4298668445259022,-12.161405019746033,0.000888577021343279,0.0,482,6475,,,
Megakaryocyte,Notochord,5.272520936744119,-0.06342591301620981,-1.6745675365364117,0.002229270241100267,0.58,482,956,,,
Megakaryocyte,Olfactory placode,5.319629268836067,-0.23796400939652074,-6.117800736518563,0.00032263705344454634,0.0,482,5872,,,
Megakaryocyte,Olfactory sensory neuron,5.17379547986051,-0.17251492450597658,-3.4592317657045566,0.0018797198956269157,0.0,482,389,,,
Megakaryocyte,Otic placode,5.313249025634639,-0.11197361924272276,-2.6399904218574033,0.004932287201257221,0.55,482,2365,,,
Megakaryocyte,Otic sensory neuron,5.202218691375895,-0.1252413134408664,-2.5762321355559155,0.026053593191743826,0.17,482,974,,,
Megakaryocyte,Periocular mesoderm,5.233855841277951,-0.003303581537237162,0.20178163811924263,0.012734564730700202,0.51,482,1739,,,
Megakaryocyte,Pharyngeal arch mesenchyme,5.421590974796871,-0.4245589560065879,-11.581187883617886,0.00026008439788435133,0.0,482,39085,,,
Megakaryocyte,Pharyngeal endoderm,5.485207189904876,0.08177883373868038,3.2189348982811716,0.013974140253774315,0.28,482,5045,,,
Megakaryocyte,Pharyngeal mesoderm,5.495544053499839,-0.11381265614136697,-3.535442550475695,0.002588513429697394,0.02,482,7691,Megakaryocyte,"Both derive from nascent mesoderm ingressing through the primitive streak, so shared ancestry likely reflects a common early lateral-plate/mesodermal progenitor pool before the hematopoietic (megakaryocyte) and anterior cardiopharyngeal (pharyngeal mesoderm) programs segregate.",3
Megakaryocyte,Presomitic mesoderm,5.450385731106754,-0.41646445463923926,-11.710232249629284,0.001513223949834567,0.0,482,8521,,,
Megakaryocyte,Primordial germ cell,4.673425115209767,0.09774762918613211,0.6835496428423086,0.002092337143450651,0.64,377,25,,,
Megakaryocyte,Roof plate,5.458845192470801,-0.4461043397870735,-11.381555449455425,0.0002596893651558662,0.0,482,6035,,,
Megakaryocyte,Sacral neural crest,5.357372304029721,-0.2678247664808457,-5.843219297874183,0.0007832769391135748,0.0,482,2156,,,
Megakaryocyte,Sclerotome,5.539932364846824,-0.5226642734328841,-14.239121123334995,0.0004915568933080867,0.0,482,74334,,,
Megakaryocyte,Second heart field,5.513771283474111,-0.11578181331323793,-3.8508616362615804,0.004430813579891072,0.0,482,6952,,,
Megakaryocyte,Somatic mesoderm,5.608867993838191,-0.43649068717235046,-12.475526790598138,0.002206212032653117,0.0,482,66151,,,
Megakaryocyte,Somatic motor neuron,5.377570836774929,-0.4645754786266858,-12.981532512557406,0.004474393003553275,0.0,482,6559,,,
Megakaryocyte,Spinal cord (cervical),5.503274137014376,-0.5349555073032549,-14.934877217699023,0.006194639803481697,0.0,482,41051,,,
Megakaryocyte,Spinal cord (lumbar),5.448909012072005,-0.4512666349261192,-12.963116690730454,0.0017436038589638315,0.0,482,12722,,,
Megakaryocyte,Spinal cord (sacral),5.428820669174928,-0.405864539869864,-11.373264657361327,0.0013317555552352805,0.0,482,5351,,,
Megakaryocyte,Spinal cord (thoracic),5.4582478932014356,-0.5194899197782942,-14.682607761322922,0.002203784850528703,0.0,482,35061,,,
Megakaryocyte,Spinal cord interneuron,5.503995218282665,-0.6129033497620201,-15.58280622338629,0.004371817562703795,0.0,482,12470,,,
Megakaryocyte,Splanchnic mesoderm,5.532246482304497,-0.4286427435437856,-10.597013543135061,0.005468513213371871,0.0,482,21642,,,
Megakaryocyte,Surface ectoderm,5.369777180119052,-0.01234012371622395,-0.2965050398109472,0.02453542411095349,0.55,482,2649,,,
Megakaryocyte,Telencephalon,5.420475357101002,-0.4382285250902343,-12.464139920122696,0.012497620308165041,0.0,482,34300,,,
Megakaryocyte,Trigeminal ganglion neuron,5.297488705507831,-0.21740863817364917,-5.2967596807131345,0.0191913195956822,0.0,482,1765,,,
Megakaryocyte,Trigeminal placode,5.4364978989602415,-0.2168553091998303,-6.121481788013043,0.0006912927821528624,0.0,482,6546,,,
Megakaryocyte,Trigeminal sensory neuron,5.359409213124654,-0.1916554399736142,-4.861613376087867,0.0015750683393926713,0.0,482,3198,,,
Megakaryocyte,Trunk neural crest,5.3932965638673265,-0.34364961048026643,-8.463866814966948,0.003150783750184798,0.0,482,6809,,,
Megakaryocyte,Vagal neural crest,5.396762868605374,-0.34333745555355194,-8.9661765506818,0.0031580605288753006,0.0,482,4937,,,
Mesothelium,Mesothelium,9.500000000001688,-8.289665250534503e-15,-8.28773034702e-05,4.491248087058294e-28,1.0,346,346,,,
Mesothelium,Midbrain,5.774912797646661,-0.24934721626377687,-6.2313799153055704,0.008299043069406563,0.0,346,21466,,,
Mesothelium,Midbrain neuron,5.751918654821143,-0.24537110095191186,-6.120824164451104,0.007973071454562655,0.0,346,4463,,,
Mesothelium,Midgut,5.2605853520926,-0.18655944262176138,-4.858349255835701,0.008049377856676735,0.02,346,1667,,,
Mesothelium,Myotome,6.11779659471236,0.1466868728699969,3.284892625973713,0.0019841959181534146,0.02,346,2201,,,
Mesothelium,Nascent somite,5.951977011419705,-0.08966044487357235,-2.270473468678231,0.013064343708452265,0.79,346,6475,,,
Mesothelium,Notochord,5.374504266188235,-0.15007979644271785,-4.324159201391523,0.021902013012709973,0.34,346,956,,,
Mesothelium,Olfactory placode,5.703183821049355,-0.04167371461613515,-1.292363834872339,0.021837915339779003,0.13,346,5872,,,
Mesothelium,Olfactory sensory neuron,5.576988307071651,0.04243968829120318,0.45320239856398353,0.034502208093381295,0.83,346,389,,,
Mesothelium,Otic placode,5.595959938742138,-0.017317670864653856,-0.3749923760012655,0.00013552648260226077,0.8,346,2365,,,
Mesothelium,Otic sensory neuron,5.524844289785371,0.012329203381874562,0.16166643654932578,0.002348393875118107,0.97,346,974,,,
Mesothelium,Periocular mesoderm,5.241715098669565,-0.1874385202862555,-4.305747721924669,0.0012556494738482408,0.01,346,1739,,,
Mesothelium,Pharyngeal arch mesenchyme,6.010128146222961,-0.02431424933171596,-0.8041355081425993,0.010129324775023096,0.65,346,39085,,,
Mesothelium,Pharyngeal endoderm,5.369172900193082,-0.22445052927876427,-5.914661319924878,0.0040364710500461224,0.0,346,5045,,,
Mesothelium,Pharyngeal mesoderm,5.840547991815407,0.041598573720165476,1.0037193796090278,0.01791647058463646,0.6,346,7691,,,
Mesothelium,Presomitic mesoderm,5.953000468025522,-0.10959949540137141,-2.5474154892497176,0.012098002145164152,0.92,346,8521,,,
Mesothelium,Primordial germ cell,4.8216364524958335,0.0162257384458524,-0.11358545145739057,0.02164066830031669,0.55,249,25,,,
Mesothelium,Roof plate,5.959745501961429,-0.13876505731249456,-2.9830601232014806,0.00025140980982848885,0.02,346,6035,,,
Mesothelium,Sacral neural crest,5.788766358145462,-0.026771249782886624,-0.562622573971705,0.0008534709069965191,0.83,346,2156,,,
Mesothelium,Sclerotome,6.58455340509217,0.33119481946352786,7.833880405590256,0.0009254683592567673,0.0,346,74334,,,
Mesothelium,Second heart field,5.996476603471447,0.17873297026182566,5.277987069287604,0.005704866224830736,0.02,346,6952,,,
Mesothelium,Somatic mesoderm,6.986481496975304,0.746419893794562,17.40796918334465,0.00269578819817342,0.0,346,66151,Mesothelium,"Mesothelium lining the body wall and coelomic cavities differentiates directly from the somatopleuric (somatic) layer of the lateral plate mesoderm, so the two cell types share a recent common lateral-plate-mesoderm progenitor pool.",2
Mesothelium,Somatic motor neuron,5.78646015308414,-0.24052500537817956,-5.388253927092552,0.004194470492842238,0.0,346,6559,,,
Mesothelium,Spinal cord (cervical),6.010113061493758,-0.22469876942751968,-4.740370600062563,0.001840033397304066,0.0,346,41051,,,
Mesothelium,Spinal cord (lumbar),5.929714213741427,-0.15976186736487907,-4.294024640315057,0.004152182133378469,0.08,346,12722,,,
Mesothelium,Spinal cord (sacral),5.904730802051874,-0.11923805189235193,-2.6308936788628436,0.013330759053991186,0.97,346,5351,,,
Mesothelium,Spinal cord (thoracic),6.008238585431388,-0.1536807630905012,-3.577444940044702,0.0021343276790498707,0.0,346,35061,,,
Mesothelium,Spinal cord interneuron,6.007650544120257,-0.2981828346777317,-6.854136876106278,0.0012645950999185466,0.0,346,12470,,,
Mesothelium,Splanchnic mesoderm,6.909274332586761,0.7569827792191504,16.323915032585635,0.00018724370457319153,0.0,346,21642,Mesothelium; Splanchnic mesoderm,"Visceral (serosal) mesothelium is a direct derivative of the splanchnic layer of lateral plate mesoderm, which delaminates to line the coelomic cavity and coat the gut and visceral organs, so both cell types descend from the same splanchnic lateral plate mesodermal progenitor pool.",1
Mesothelium,Surface ectoderm,5.578039153243625,0.010049678854093358,0.2817371861808864,0.009616610197088251,0.51,346,2649,,,
Mesothelium,Telencephalon,5.846189224532246,-0.204571344993392,-5.080197285399021,0.004409629983687645,0.0,346,34300,,,
Mesothelium,Trigeminal ganglion neuron,5.644388257722315,-0.05774017158087563,-1.3987906301248547,0.014300369669246416,0.8,346,1765,,,
Mesothelium,Trigeminal placode,5.784562835451669,-0.05595113846434548,-1.3638578901822391,0.010037376783525093,0.35,346,6546,,,
Mesothelium,Trigeminal sensory neuron,5.682046269002174,-0.06043379274017221,-1.590261545809569,0.019329393373037556,0.93,346,3198,,,
Mesothelium,Trunk neural crest,5.877236709978168,-0.04768400591877212,-1.0770315160715993,0.0004762651253191702,0.64,346,6809,,,
Mesothelium,Vagal neural crest,5.856413113460978,-0.07745221360325456,-1.6816807379119967,0.0011167807165296127,0.56,346,4937,,,
Midbrain,Midbrain,9.500000000002935,5.329070518200751e-15,7.10384999556e-05,5.395808591711721e-28,1.0,21466,21466,,,
Midbrain,Midbrain neuron,8.115753333526728,1.6678980614510504,133.35920260028973,0.01722968712430317,0.0,21466,4463,Midbrain; Midbrain neuron,"Midbrain neurons differentiate directly from midbrain neuroepithelial/neural progenitors within the mesencephalic neural tube, so the two cell types represent successive stages of a single lineage sharing recent common progenitors.",1
Midbrain,Midgut,5.472316461682671,-0.42446656512594966,-21.629917214880603,0.011376966533727412,0.0,21466,1667,,,
Midbrain,Myotome,6.183788694547553,-0.2369240436005319,-13.852081960744295,0.0004479167815595294,0.0,21466,2201,,,
Midbrain,Nascent somite,6.3516516375148795,-0.1392544335959164,-12.083211433517363,0.00565297981700616,0.0,21466,6475,,,
Midbrain,Notochord,5.72794756926162,-0.2434315030767523,-9.595291166540953,0.014044262032983852,0.0,21466,956,,,
Midbrain,Olfactory placode,6.041800115332623,-0.1541317754340792,-15.392376358593802,0.003965581368035905,0.0,21466,5872,,,
Midbrain,Olfactory sensory neuron,5.802557114266226,-0.17860253585021635,-4.317630499583529,0.00977183748628418,0.0,21466,389,,,
Midbrain,Otic placode,5.811116675404489,-0.25318523132873505,-14.58104312699325,0.020654663242181466,0.0,21466,2365,,,
Midbrain,Otic sensory neuron,5.709589319636767,-0.2554458630433129,-9.664481164545952,0.011880031462311529,0.0,21466,974,,,
Midbrain,Periocular mesoderm,5.562222573125669,-0.31569177203566784,-17.590079113107205,0.013096758097332427,0.0,21466,1739,,,
Midbrain,Pharyngeal arch mesenchyme,6.545516149123135,0.059369365857975843,9.371272225565727,0.004581758577435509,0.29,21466,39085,,,
Midbrain,Pharyngeal endoderm,5.661163706624117,-0.38081835221267646,-31.071989457855878,0.005180184726046404,0.0,21466,5045,,,
Midbrain,Pharyngeal mesoderm,5.8557934296646055,-0.39339212266811874,-42.11768489720537,0.007833384962749086,0.0,21466,7691,,,
Midbrain,Presomitic mesoderm,6.346000115577472,-0.1614739524429846,-17.594340455207277,0.0013747723465331754,0.0,21466,8521,,,
Midbrain,Primordial germ cell,4.6190201818652685,-0.6115555176219254,-4.686830815662169,0.007813390563261838,0.0,17258,25,,,
Midbrain,Roof plate,6.676625120539254,0.13381332364938223,12.478767771451686,0.007074393578393879,0.0,21466,6035,,,
Midbrain,Sacral neural crest,6.072281048793528,-0.1893404309740442,-11.580373085361146,0.0005366719933490465,0.0,21466,2156,,,
Midbrain,Sclerotome,6.35212330223785,-0.3489474135682474,-57.28273889244059,0.0008846774076018606,0.0,21466,74334,,,
Midbrain,Second heart field,5.893366699913234,-0.3733262062618694,-35.414056424602556,0.00011557862920223434,0.0,21466,6952,,,
Midbrain,Somatic mesoderm,6.251648895091075,-0.43389167609030643,-69.51081732171264,0.0026741623601804305,0.0,21466,66151,,,
Midbrain,Somatic motor neuron,6.65078021259388,0.1719192268231211,15.825903499727707,0.0014219577574535356,0.0,21466,6559,,,
Midbrain,Spinal cord (cervical),6.800121533707329,0.11687240590645942,17.537249930607235,0.007127895360376358,0.0,21466,41051,,,
Midbrain,Spinal cord (lumbar),6.445755020701372,-0.09327010911296973,-10.517168262983057,0.0009355127714497722,0.0,21466,12722,,,
Midbrain,Spinal cord (sacral),6.348921884721924,-0.12634071416867285,-10.767442905350025,0.0003475768294748319,0.0,21466,5351,,,
Midbrain,Spinal cord (thoracic),6.598339192924294,-0.016227272674826192,-2.108633717147628,0.0013009654929871605,0.03,21466,35061,,,
Midbrain,Spinal cord interneuron,7.101749420800828,0.3455973132977146,37.97272331879171,0.0017338122695615688,0.0,21466,12470,,,
Midbrain,Splanchnic mesoderm,6.1287102091989025,-0.4702240877229335,-64.79215274267672,0.005999466753791599,0.0,21466,21642,,,
Midbrain,Surface ectoderm,5.734444536164702,-0.2820115527068611,-16.26809576720166,0.004428136767706115,0.0,21466,2649,,,
Midbrain,Telencephalon,7.171175380630777,0.6738115084324919,106.33219755096013,0.005237709514153818,0.0,21466,34300,,,
Midbrain,Trigeminal ganglion neuron,6.197946742975472,0.04587042129361052,2.5650865496507502,0.012988952899022826,0.0,21466,1765,,,
Midbrain,Trigeminal placode,6.086739111652754,-0.20854173090393383,-20.47636325302874,0.005502060240788558,0.0,21466,6546,,,
Midbrain,Trigeminal sensory neuron,6.019334871644792,-0.17346258740128237,-12.89250314189492,0.0034820144315931196,0.0,21466,3198,,,
Midbrain,Trunk neural crest,6.179120256467416,-0.1962973186401872,-16.968211470700535,0.002128486675410506,0.0,21466,6809,,,
Midbrain,Vagal neural crest,6.236247520893161,-0.14969280594643664,-11.69531049018102,0.0028766937041011372,0.0,21466,4937,,,
Midbrain neuron,Midbrain neuron,9.499999999994836,-1.7763568394002505e-15,-1.7751265744725487e-05,2.871453695004483e-28,1.0,4463,4463,,,
Midbrain neuron,Midgut,5.455174152509023,-0.4116871661865605,-19.3402338002838,0.010936217548356376,0.0,4463,1667,,,
Midbrain neuron,Myotome,6.116694788404413,-0.2745281648251252,-14.040345014967324,0.0005251798396208061,0.0,4463,2201,,,
Midbrain neuron,Nascent somite,6.311501112529552,-0.15205922916275108,-9.659663657122339,0.00025901381616187625,0.0,4463,6475,,,
Midbrain neuron,Notochord,5.643786586288293,-0.3026355236390055,-10.851829706393792,0.016784639201865445,0.0,4463,956,,,
Midbrain neuron,Olfactory placode,6.1035496489524155,-0.06409230332665257,-4.6108312374267495,0.0004677867851942823,0.02,4463,5872,,,
Midbrain neuron,Olfactory sensory neuron,5.842651194839731,-0.11424132198026775,-2.9161532476785985,0.0038828053276276017,0.04,4463,389,,,
Midbrain neuron,Otic placode,5.816264040687256,-0.21864644505011555,-11.116187219916007,0.025393345899065667,0.06,4463,2365,,,
Midbrain neuron,Otic sensory neuron,5.68155523397861,-0.2543397485058681,-8.158978663386995,0.018636235099302362,0.0,4463,974,,,
Midbrain neuron,Periocular mesoderm,5.509651590160622,-0.34411782075484815,-15.437608314654957,0.010194152518543142,0.0,4463,1739,,,
Midbrain neuron,Pharyngeal arch mesenchyme,6.658402052705012,0.20048828445489578,15.759568775794776,0.006518357767871548,0.0,4463,39085,,,
Midbrain neuron,Pharyngeal endoderm,5.617400407326367,-0.39696908237207484,-25.88844174444303,0.005084708074314713,0.0,4463,5045,,,
Midbrain neuron,Pharyngeal mesoderm,5.841733244919862,-0.3773014272675906,-28.638971499773657,0.009113774145201826,0.0,4463,7691,,,
Midbrain neuron,Presomitic mesoderm,6.296018998350751,-0.18252377764794522,-13.009682962060724,0.0008385617015518325,0.0,4463,8521,,,
Midbrain neuron,Primordial germ cell,4.550736555674656,-0.6726956559911392,-5.2834443466004535,0.02156022525612351,0.0,3206,25,,,
Midbrain neuron,Roof plate,6.74189338471781,0.22888776503270267,13.624264654594816,0.005782335494771604,0.0,4463,6035,,,
Midbrain neuron,Sacral neural crest,6.059705606310177,-0.174806442790441,-7.840677741386611,0.0017497354627343871,0.0,4463,2156,,,
Midbrain neuron,Sclerotome,6.308431591863003,-0.36517430445721794,-31.535670458244738,0.0006945820997445628,0.0,4463,74334,,,
Midbrain neuron,Second heart field,5.893708396983539,-0.3455599055061495,-25.363910417034816,0.0007512109708165927,0.0,4463,6952,,,
Midbrain neuron,Somatic mesoderm,6.274244581299342,-0.3832663698585043,-33.92385985761273,0.010797746536111034,0.0,4463,66151,,,
Midbrain neuron,Somatic motor neuron,6.509852763929479,0.0610391236943828,4.011066490137389,2.366667999640054e-05,0.0,4463,6559,,,
Midbrain neuron,Spinal cord (cervical),6.7267827804026155,0.07249625776000752,6.014982798675487,0.0020576172239943524,0.09,4463,41051,,,
Midbrain neuron,Spinal cord (lumbar),6.390056826691565,-0.12030353362878483,-8.606871126279309,3.299571526651858e-05,0.0,4463,12722,,,
Midbrain neuron,Spinal cord (sacral),6.287597493714945,-0.16019203164035614,-10.073220128492423,0.0003671183077294842,0.0,4463,5351,,,
Midbrain neuron,Spinal cord (thoracic),6.54611074324362,-0.040507391021921656,-3.3565489324368216,0.0019595498998364576,0.31,4463,35061,,,
Midbrain neuron,Spinal cord interneuron,6.972547906431115,0.2443077943775087,17.679433050368356,0.001043434104271843,0.0,4463,12470,,,
Midbrain neuron,Splanchnic mesoderm,6.145492193154269,-0.42618443432326164,-36.21745355269852,0.012600640540707638,0.0,4463,21642,,,
Midbrain neuron,Surface ectoderm,5.74801787797487,-0.2412564924416989,-11.35097133502834,0.007895568225670582,0.0,4463,2649,,,
Midbrain neuron,Telencephalon,7.264245763652892,0.7950916637844324,63.60101744956348,0.00397021948890993,0.0,4463,34300,Midbrain neuron; Telencephalon,"Midbrain neurons and telencephalon both derive from the anterior neuroectoderm/neural plate, tracing back to a shared pool of early anterior neural progenitors that only later become regionalized along the antero-posterior axis into forebrain and midbrain.",2
Midbrain neuron,Trigeminal ganglion neuron,6.206091783501073,0.0813900864432912,3.6702599713952324,0.00754032093733957,0.97,4463,1765,,,
Midbrain neuron,Trigeminal placode,6.126382065767913,-0.14080269409899446,-8.7493918230958,0.0015756410867790772,0.0,4463,6546,,,
Midbrain neuron,Trigeminal sensory neuron,6.027189443727604,-0.13868626221178607,-7.914934816582032,0.003955495377569466,0.0,4463,3198,,,
Midbrain neuron,Trunk neural crest,6.187957387493422,-0.15752526265705993,-9.547338219374907,0.001629868277504361,0.0,4463,6809,,,
Midbrain neuron,Vagal neural crest,6.258408562534794,-0.09867950800787402,-6.2097163672020885,0.0005639227737340852,0.0,4463,4937,,,
Midgut,Midgut,9.500000000012399,-1.5395092608135503e-14,-0.00015392631770466667,1.3673589023830873e-29,1.0,1667,1667,,,
Midgut,Myotome,5.511869134137306,-0.329170472226159,-14.644899724076723,0.0013666537082050968,0.0,1667,2201,,,
Midgut,Nascent somite,5.552703154160294,-0.35991388540944474,-19.153822188265583,0.00654341897881459,0.0,1667,6475,,,
Midgut,Notochord,5.473996052945867,0.07789561485506535,3.1205112031971693,0.0031986230301611048,0.46,1667,956,,,
Midgut,Olfactory placode,5.3063967286367175,-0.31106983522038273,-15.172345880438689,0.003663213207677615,0.0,1667,5872,,,
Midgut,Olfactory sensory neuron,5.181485637724054,-0.23053694925583676,-6.555053226956875,0.0002468112136970979,0.0,1667,389,,,
Midgut,Otic placode,5.273665587563184,-0.21746112035897566,-9.95209909578635,0.015582507915586123,0.0,1667,2365,,,
Midgut,Otic sensory neuron,5.221022341365416,-0.162950122065455,-5.974402364659594,0.011266334841909276,0.0,1667,974,,,
Midgut,Periocular mesoderm,5.421031897732238,0.11918572860709394,6.051492778407007,0.0558877316148381,0.0,1667,1739,,,
Midgut,Pharyngeal arch mesenchyme,5.466836336316106,-0.43909032452384206,-24.406775812279076,0.0056971098872881714,0.0,1667,39085,,,
Midgut,Pharyngeal endoderm,6.050117509823203,0.5853848419973021,33.77939072265421,0.0033670431430151485,0.0,1667,5045,Midgut; Pharyngeal endoderm,"Both midgut and pharyngeal endoderm are derivatives of the definitive endoderm sheet that emerges from the anterior primitive streak during gastrulation and subsequently folds into the gut tube, so they share a common endodermal progenitor pool despite occupying different anterior-posterior domains.",1
Midgut,Pharyngeal mesoderm,5.543376195437593,-0.12575946452050393,-7.024897546978412,0.009255782105089308,0.04,1667,7691,,,
Midgut,Presomitic mesoderm,5.573239547355428,-0.35427695038471096,-16.94581380684244,0.00591596968468225,0.0,1667,8521,,,
Midgut,Primordial germ cell,4.749614599333587,0.10636948614598873,0.797752143500805,0.04922513788593554,0.59,1138,25,,,
Midgut,Roof plate,5.448962074644193,-0.5152232919851286,-24.05716889707206,0.0037409605037400763,0.0,1667,6035,,,
Midgut,Sacral neural crest,5.4000049644684545,-0.2866096487326108,-11.952677868975938,0.025026920127138596,0.0,1667,2156,,,
Midgut,Sclerotome,5.680057781088897,-0.4429935610550926,-22.29718774351222,0.0019611959694688283,0.0,1667,74334,,,
Midgut,Second heart field,5.558897123619218,-0.12984742857546946,-7.837962068609497,0.010755577407042501,0.09,1667,6952,,,
Midgut,Somatic mesoderm,5.67214645117416,-0.4365999704419705,-22.835107383069072,0.013732296015524097,0.0,1667,66151,,,
Midgut,Somatic motor neuron,5.5311947303806095,-0.36906652912058124,-16.831683091652796,0.02204740528817141,0.0,1667,6559,,,
Midgut,Spinal cord (cervical),5.570088412420517,-0.5353070360391552,-23.214858604274337,0.0129745213331685,0.0,1667,41051,,,
Midgut,Spinal cord (lumbar),5.513037196078713,-0.44919402075815906,-20.59748149001973,0.010914813752167333,0.0,1667,12722,,,
Midgut,Spinal cord (sacral),5.5025627421478625,-0.39465973699773943,-19.005936752475467,0.020784185394944987,0.0,1667,5351,,,
Midgut,Spinal cord (thoracic),5.56085085542091,-0.47560530751170454,-23.056503882511066,0.009089323347332472,0.0,1667,35061,,,
Midgut,Spinal cord interneuron,5.580668562821657,-0.5990611671191056,-29.17084538432293,0.008342025653995964,0.0,1667,12470,,,
Midgut,Splanchnic mesoderm,5.603277369791058,-0.41860597238381736,-20.692035115608462,0.000637999100685982,0.0,1667,21642,,,
Midgut,Surface ectoderm,5.31741865771808,-0.12106896240174218,-5.5071228728484,0.017763157123199983,0.81,1667,2649,,,
Midgut,Telencephalon,5.489427890668522,-0.42884200570420994,-22.68049539154112,0.005538213556125406,0.0,1667,34300,,,
Midgut,Trigeminal ganglion neuron,5.295126767769599,-0.27717476267439345,-10.94727385765158,0.007858638312602828,0.0,1667,1765,,,
Midgut,Trigeminal placode,5.356936279237375,-0.35994965379782745,-17.561506489283516,0.010555430855950614,0.0,1667,6546,,,
Midgut,Trigeminal sensory neuron,5.326556097023961,-0.28910348849661754,-13.064722071388758,0.02313000216106347,0.0,1667,3198,,,
Midgut,Trunk neural crest,5.432079279628565,-0.36178080078819175,-17.322778568586447,0.010351418422661027,0.0,1667,6809,,,
Midgut,Vagal neural crest,5.419017766980734,-0.3889436025942367,-17.83311566360399,0.005126277576112441,0.0,1667,4937,,,
Myotome,Myotome,9.500000000022968,1.9539925233402755e-14,0.00019536023796666666,1.262177448353619e-29,1.0,2201,2201,,,
Myotome,Nascent somite,6.4502400715382535,0.013757681972647559,0.7835059643984961,0.005481221519335002,0.53,2201,6475,,,
Myotome,Notochord,5.903316084095295,-0.014744950621432551,-0.49164354728663623,0.005724296305359258,0.31,2201,956,,,
Myotome,Olfactory placode,5.7742587745312575,-0.3646210294525159,-19.28545711322504,0.003514694716629509,0.0,2201,5872,,,
Myotome,Olfactory sensory neuron,5.620439728316623,-0.31034986606856546,-7.413429271861799,0.014348400107296343,0.0,2201,389,,,
Myotome,Otic placode,5.67328063123464,-0.33599244411962886,-13.479088950709107,0.0006673636109011278,0.0,2201,2365,,,
Myotome,Otic sensory neuron,5.578413345163207,-0.33054435171002083,-10.759700798021138,0.008996000782722327,0.0,2201,974,,,
Myotome,Periocular mesoderm,5.620461089211961,-0.2031281337585439,-8.618612335820144,0.016246204805985612,0.0,2201,1739,,,
Myotome,Pharyngeal arch mesenchyme,6.018825944410803,-0.41047335788549777,-25.557823425987987,0.002608267439361945,0.0,2201,39085,,,
Myotome,Pharyngeal endoderm,5.749361730908636,-0.23765510982997107,-14.307962873703945,0.0025703410193093756,0.0,2201,5045,,,
Myotome,Pharyngeal mesoderm,6.119538984094976,-0.0717857896957635,-4.841762964132195,0.0055034398025354285,0.49,2201,7691,,,
Myotome,Presomitic mesoderm,6.431704715518897,-0.020701794627749532,-1.3363876553034792,0.0061259020317253506,0.26,2201,8521,,,
Myotome,Primordial germ cell,4.626058420822234,-0.5531248360715844,-5.162359377790701,0.012188232476632605,0.01,1388,25,,,
Myotome,Roof plate,6.110691003439548,-0.37571390726788856,-17.93712665455782,0.004906313878173647,0.0,2201,6035,,,
Myotome,Sacral neural crest,5.944837722492572,-0.2616259277826378,-11.089511884256078,0.008901453553676738,0.0,2201,2156,,,
Myotome,Sclerotome,7.805491700382841,1.1594330495646952,69.9830435830565,0.0032641582654673235,0.0,2201,74334,Myotome; Sclerotome,"Myotome and sclerotome are both direct derivatives of the somite (paraxial/presomitic mesoderm), which partitions into the dorsolateral dermomyotome-derived myotome and the ventromedial sclerotome, so they descend from a shared somitic progenitor pool.",1
Myotome,Second heart field,6.071482598549991,-0.1395508800164634,-8.596153374601855,0.0037721289042673464,0.0,2201,6952,,,
Myotome,Somatic mesoderm,6.566065911894088,-0.06242953335692084,-4.374439215961641,0.005545626032768529,0.22,2201,66151,,,
Myotome,Somatic motor neuron,6.531916654712966,0.10775928169167592,5.274552953890327,0.008774608085227542,0.21,2201,6559,,,
Myotome,Spinal cord (cervical),6.49117044006051,-0.13384124867313604,-7.423894333092686,0.0019537943984806235,0.0,2201,41051,,,
Myotome,Spinal cord (lumbar),6.4824294209313225,-0.00218016396323358,0.004028310386475849,0.006103254566905204,0.71,2201,12722,,,
Myotome,Spinal cord (sacral),6.40365975678129,-0.017644143294222776,-1.1620783592380293,0.006408343532176446,0.43,2201,5351,,,
Myotome,Spinal cord (thoracic),6.533853601919465,-0.02648210936507489,-1.1489794579525368,0.009028656666246353,0.0,2201,35061,,,
Myotome,Spinal cord interneuron,6.4727274861667565,-0.22910495193948352,-12.329202908886984,0.0029254639619008043,0.0,2201,12470,,,
Myotome,Splanchnic mesoderm,6.4668632312478875,-0.07709996574524602,-4.549542427831245,0.007428816097442987,0.24,2201,21642,,,
Myotome,Surface ectoderm,5.6326335949225985,-0.32975299035992744,-14.497593981500158,0.004632170160303886,0.0,2201,2649,,,
Myotome,Telencephalon,6.108738188149264,-0.3332640870812386,-19.606578613934644,0.0012420659659788341,0.0,2201,34300,,,
Myotome,Trigeminal ganglion neuron,5.741257357979573,-0.3534955701556412,-14.213218995450177,0.010330099671416033,0.0,2201,1765,,,
Myotome,Trigeminal placode,5.82565775441568,-0.4173056296272876,-20.744551510177406,0.0005099746631408302,0.0,2201,6546,,,
Myotome,Trigeminal sensory neuron,5.789668696181541,-0.3457535146616391,-16.201644937343442,0.000868846673811571,0.0,2201,3198,,,
Myotome,Trunk neural crest,6.050901258874606,-0.26705589005821534,-13.876723358797557,0.0050994476146068255,0.0,2201,6809,,,
Myotome,Vagal neural crest,6.031138879196548,-0.297467570816259,-13.757907585319513,0.003860633620307772,0.0,2201,4937,,,
Nascent somite,Nascent somite,9.49999999998854,6.5133084111342514e-15,6.51193083315e-05,2.818862967989749e-28,1.0,6475,6475,,,
Nascent somite,Notochord,5.831517772330796,-0.16228084324874428,-6.8053989914192,0.001192745960506559,0.0,6475,956,,,
Nascent somite,Olfactory placode,6.083776585048209,-0.12941994871445614,-10.018545300721739,0.0009977850613520972,0.0,6475,5872,,,
Nascent somite,Olfactory sensory neuron,5.91161417783636,-0.09527488241986475,-2.4240799657701375,0.004779501088067157,0.17,6475,389,,,
Nascent somite,Otic placode,5.98009883552873,-0.10065223283517029,-4.913790190755513,0.0016099178690414172,0.0,6475,2365,,,
Nascent somite,Otic sensory neuron,5.8019342895946435,-0.180026503982296,-6.25030359074739,0.006680319827543097,0.0,6475,974,,,
Nascent somite,Periocular mesoderm,5.715871059377583,-0.17746955313896992,-7.265155440042506,0.02603010403117537,0.0,6475,1739,,,
Nascent somite,Pharyngeal arch mesenchyme,6.417350036378388,-0.08480460275112674,-8.17542575092691,0.0013594269695281938,0.0,6475,39085,,,
Nascent somite,Pharyngeal endoderm,5.733818535241319,-0.3252516112821426,-22.634793676146245,0.009153463713858133,0.0,6475,5045,,,
Nascent somite,Pharyngeal mesoderm,5.984810550070114,-0.2810688560272154,-23.658410229537083,0.0036523328571845468,0.0,6475,7691,,,
Nascent somite,Presomitic mesoderm,8.103725862347874,1.5779880899078946,120.89540335513776,0.008654158871473364,0.0,6475,8521,Nascent somite; Presomitic mesoderm,"Nascent somites are directly generated by the sequential anterior segmentation of the presomitic mesoderm, so both derive from the same paraxial mesoderm progenitor pool (fed by neuromesodermal/tailbud axial progenitors) in an immediate parent-to-daughter lineage relationship.",1
Nascent somite,Primordial germ cell,4.743494184068274,-0.504900700423458,-4.182043494963915,7.274551550271655e-05,0.0,4252,25,,,
Nascent somite,Roof plate,6.720585880248998,0.16156691860453018,11.22983519226394,0.009483459351725098,0.0,6475,6035,,,
Nascent somite,Sacral neural crest,6.880072441117496,0.6004694211378258,28.736194798398284,0.008511605171625171,0.0,6475,2156,,,
Nascent somite,Sclerotome,7.023371766573843,0.3053912846563612,28.90929092196825,0.0025251317624634243,0.0,6475,74334,,,
Nascent somite,Second heart field,6.0204737183872465,-0.2645071573189813,-20.459575541399456,0.0008768494250462873,0.0,6475,6952,,,
Nascent somite,Somatic mesoderm,6.941103480106061,0.23960485048040456,22.837649574989143,0.008407964142234667,0.0,6475,66151,,,
Nascent somite,Somatic motor neuron,6.8998630524503595,0.40494909521377015,29.831255328475837,0.00032022024669089196,0.0,6475,6559,,,
Nascent somite,Spinal cord (cervical),7.05249337128016,0.35339284579479485,33.7952208043102,0.0005162117376418682,0.0,6475,41051,,,
Nascent somite,Spinal cord (lumbar),7.554834948786333,0.9984944415282314,83.77263695478713,0.005138553165963399,0.0,6475,12722,Nascent somite,"Nascent somites (paraxial mesoderm) and lumbar (posterior) spinal cord both descend from caudal neuromesodermal progenitors (NMPs) in the tail bud/caudal lateral epiblast, a bipotent Sox2/T(Bra)+ population that continuously feeds both the presomitic mesoderm and the posterior neural tube during axial elongation.",2
Nascent somite,Spinal cord (sacral),7.617529983566578,1.1255442390902022,69.78874350498766,0.0004879644076950072,0.0,6475,5351,Nascent somite; Spinal cord (sacral),"Caudal (sacral) spinal cord and nascent somites are both generated late from the same bipotent neuromesodermal progenitors (NMPs) in the tailbud/caudal lateral epiblast, which co-produce posterior neural tube and paraxial mesoderm.",2
Nascent somite,Spinal cord (thoracic),7.322835813334199,0.6899874078736863,67.4574077644922,0.001986793896276466,0.0,6475,35061,,,
Nascent somite,Spinal cord interneuron,6.928487533342356,0.15479311507592985,12.365760245396023,0.003492180119692105,0.0,6475,12470,,,
Nascent somite,Splanchnic mesoderm,6.510415753916582,-0.1056510895803416,-9.04614416682026,0.013804301624047915,0.13,6475,21642,,,
Nascent somite,Surface ectoderm,5.872717077923557,-0.1596852332987139,-8.808796636806106,0.004362697805500628,0.0,6475,2649,,,
Nascent somite,Telencephalon,6.354773472290272,-0.15926843107704633,-14.547473292194297,0.00032437151397570195,0.0,6475,34300,,,
Nascent somite,Trigeminal ganglion neuron,6.068468288890581,-0.10108884267361369,-5.108653045980807,0.0027686982009732033,0.01,6475,1765,,,
Nascent somite,Trigeminal placode,6.169833888343011,-0.1430439551692834,-10.570174285556893,0.0008647136288561558,0.0,6475,6546,,,
Nascent somite,Trigeminal sensory neuron,6.049560392169501,-0.15964121769197379,-9.404925968840312,0.0012544084732909774,0.0,6475,3198,,,
Nascent somite,Trunk neural crest,6.773131976935228,0.3832152607027555,26.309750755535916,0.009154956460718395,0.0,6475,6809,,,
Nascent somite,Vagal neural crest,6.57325404595818,0.17370857676150742,11.360263726230599,0.0024552524738306533,0.0,6475,4937,,,
Notochord,Notochord,9.500000000008468,-9.473903143468002e-15,-9.47194714128255e-05,2.093110935186418e-28,1.0,956,956,,,
Notochord,Olfactory placode,5.395428503719796,-0.3017541272954638,-11.726974778221305,0.00646045918291194,0.0,956,5872,,,
Notochord,Olfactory sensory neuron,5.275262982423915,-0.21286525935748557,-5.072989160648389,0.02063374969495188,0.24,956,389,,,
Notochord,Otic placode,5.335532114804653,-0.22441062443688123,-7.551556256203523,0.015614290523224904,0.0,956,2365,,,
Notochord,Otic sensory neuron,5.266713336518784,-0.19928246417532472,-5.756947133028781,0.010609967625013018,0.0,956,974,,,
Notochord,Periocular mesoderm,5.494105530235326,0.11323157553521963,4.413017638223838,0.019115813313159043,0.33,956,1739,,,
Notochord,Pharyngeal arch mesenchyme,5.570570533599221,-0.41618146507956677,-17.007837295958648,0.01879469035430664,0.0,956,39085,,,
Notochord,Pharyngeal endoderm,5.751160257081281,0.208160246403278,8.954522091626682,0.010233753484948215,0.0,956,5045,Notochord; Pharyngeal endoderm,"Both the notochord (axial mesoderm) and pharyngeal/foregut endoderm arise from the node and anterior primitive streak during gastrulation, sharing an axial mesendoderm progenitor pool in which notochordal-plate cells transiently intercalate with the definitive endoderm before segregating.",2
Notochord,Pharyngeal mesoderm,5.723670865261638,-0.023759571434027887,-1.7934423270883129,0.007321273440854313,0.45,956,7691,,,
Notochord,Presomitic mesoderm,5.859035253234905,-0.1521049863877749,-6.13304792350052,0.014005890113179268,0.02,956,8521,,,
Notochord,Primordial germ cell,4.5411366575422125,-0.1801365708950966,-2.0259985094526844,0.1404836396762112,0.46,712,25,,,
Notochord,Roof plate,5.624861492126783,-0.41468424068757265,-14.76952042494842,0.022880440706656666,0.0,956,6035,,,
Notochord,Sacral neural crest,5.481512454792988,-0.27995927012584126,-9.20297417867289,0.02651456322217256,0.0,956,2156,,,
Notochord,Sclerotome,6.180071763368358,-0.022459323624009524,-0.9917377132127538,0.0021236902038672045,0.55,956,74334,,,
Notochord,Second heart field,5.637188402368545,-0.13099028772226054,-6.3356440189187255,0.004240393332497096,0.0,956,6952,,,
Notochord,Somatic mesoderm,5.7687085156460265,-0.4182132015457138,-16.985376858755895,0.006829131731969718,0.0,956,66151,,,
Notochord,Somatic motor neuron,5.893649813278338,-0.08257061374012527,-3.0098800363152733,0.02331998592520115,0.92,956,6559,,,
Notochord,Spinal cord (cervical),5.86389729896482,-0.3215481714558006,-13.056302984606978,0.011295308898980092,0.0,956,41051,,,
Notochord,Spinal cord (lumbar),5.844701773411354,-0.19647754611472537,-7.787487814135386,0.02466726012124924,0.0,956,12722,,,
Notochord,Spinal cord (sacral),5.819030108875752,-0.15971871532407653,-5.725350751637239,0.012095106910208743,0.0,956,5351,,,
Notochord,Spinal cord (thoracic),5.862591265169779,-0.2522186435706241,-10.138567390653648,0.013563176946117044,0.0,956,35061,,,
Notochord,Spinal cord interneuron,5.868871704700601,-0.38518896507417494,-14.045222950469602,0.018941632053416257,0.0,956,12470,,,
Notochord,Splanchnic mesoderm,5.729944801020104,-0.37266373503841965,-14.461616304873765,0.00726758701359922,0.0,956,21642,,,
Notochord,Surface ectoderm,5.400773132313784,-0.11407920087999972,-3.6917629924290396,0.0169244998319111,0.22,956,2649,,,
Notochord,Telencephalon,5.675383589298043,-0.32093012427953305,-13.192652037917362,0.010124046043541226,0.0,956,34300,,,
Notochord,Trigeminal ganglion neuron,5.3686455348742905,-0.28161986464239597,-9.741193954577765,0.020562656594954265,0.0,956,1765,,,
Notochord,Trigeminal placode,5.43698300354315,-0.3574541807571035,-13.777925180851385,0.0049838940712546185,0.0,956,6546,,,
Notochord,Trigeminal sensory neuron,5.391220884992044,-0.2998301633810542,-11.079648741447015,0.0008067484303839253,0.0,956,3198,,,
Notochord,Trunk neural crest,5.548714337744166,-0.32492370263141385,-12.17326608215158,0.010637176713107977,0.0,956,6809,,,
Notochord,Vagal neural crest,5.55127934275098,-0.3319700304346422,-12.619990101119933,0.02817749783338744,0.0,956,4937,,,
Olfactory placode,Olfactory placode,9.500000000001874,-1.0066022089934753e-14,-9.47163176501255e-05,2.5979819145278654e-28,1.0,5872,5872,,,
Olfactory placode,Olfactory sensory neuron,7.930049723135517,2.2186387070577696,56.506051311659085,0.0064741510508981946,0.0,5872,389,Olfactory placode; Olfactory sensory neuron,"The olfactory placode is the cranial ectodermal thickening that directly generates olfactory sensory neurons, so both cell types derive from the same placodal progenitor pool in a direct progenitor-to-progeny lineage.",1
Olfactory placode,Otic placode,6.300920714590678,0.5146875491189098,26.702470077675997,0.0037641422774183737,0.0,5872,2365,,,
Olfactory placode,Otic sensory neuron,6.205764907817016,0.5189591419287499,19.429754434798458,0.014654164366138756,0.0,5872,974,,,
Olfactory placode,Periocular mesoderm,5.441612895464061,-0.16089362200676818,-8.020596024365565,0.003520335750481658,0.0,5872,1739,,,
Olfactory placode,Pharyngeal arch mesenchyme,6.724393500050223,0.5172371763342968,44.75432304467399,0.0018486847335505568,0.0,5872,39085,,,
Olfactory placode,Pharyngeal endoderm,5.4926609463940785,-0.27212871683171613,-18.25315372220455,0.017112684726948445,0.0,5872,5045,,,
Olfactory placode,Pharyngeal mesoderm,5.768111763969297,-0.2029394374257961,-16.69954939724971,0.016695577767188545,0.0,5872,7691,,,
Olfactory placode,Presomitic mesoderm,6.084503626639674,-0.14394887429577205,-10.354786665477931,0.0005022493736923466,0.0,5872,8521,,,
Olfactory placode,Primordial germ cell,4.690202481041235,-0.2611255205678562,-2.1399597722728494,0.010635980970242305,0.33,4204,25,,,
Olfactory placode,Roof plate,6.454362479057312,0.19032966179362365,13.459882684022787,0.012211152436567391,0.0,5872,6035,,,
Olfactory placode,Sacral neural crest,6.1308233799323375,0.14689086172416102,6.914762200986137,0.006687093382459339,0.0,5872,2156,,,
Olfactory placode,Sclerotome,6.029176566086164,-0.39549393251490866,-37.840902276162,0.00014410771981420375,0.0,5872,74334,,,
Olfactory placode,Second heart field,5.88797854755789,-0.10091996955183873,-9.159668874126295,0.013196918804545012,0.1,5872,6952,,,
Olfactory placode,Somatic mesoderm,6.409760222090633,0.0030205050202735486,0.2568831697725685,0.001881398861084955,0.16,5872,66151,,,
Olfactory placode,Somatic motor neuron,5.781214801791271,-0.4197588842916338,-29.313003944220437,6.649574990003583e-05,0.0,5872,6559,,,
Olfactory placode,Spinal cord (cervical),6.205798085528504,-0.19823063000834207,-16.630194186797766,0.003909990445440139,0.0,5872,41051,,,
Olfactory placode,Spinal cord (lumbar),6.062817503175534,-0.1989729223615108,-16.319555214572414,0.006553343142545456,0.0,5872,12722,,,
Olfactory placode,Spinal cord (sacral),6.000450261571619,-0.1974049366581546,-12.298045943053715,0.0026895073994728435,0.0,5872,5351,,,
Olfactory placode,Spinal cord (thoracic),6.132903917114451,-0.2038821966148315,-17.345424092024363,0.004363417375039574,0.0,5872,35061,,,
Olfactory placode,Spinal cord interneuron,6.269236571545142,-0.20878993559220108,-16.608278575549935,0.001371029455593906,0.0,5872,12470,,,
Olfactory placode,Splanchnic mesoderm,6.253282101000189,-0.0680681005302531,-6.373727129763892,0.004981845327194309,0.32,5872,21642,,,
Olfactory placode,Surface ectoderm,6.031195641861572,0.29300334287435764,15.248813362670141,0.012105404315642884,0.0,5872,2649,,,
Olfactory placode,Telencephalon,6.647763784849076,0.4291406138420708,40.540626420663756,0.004082791628017613,0.0,5872,34300,,,
Olfactory placode,Trigeminal ganglion neuron,6.304329307175098,0.4291218434245332,20.40423143953144,0.0016145981426411516,0.0,5872,1765,,,
Olfactory placode,Trigeminal placode,7.186974883938016,1.1695290662623117,79.93794521924038,0.0028261661340027227,0.0,5872,6546,Olfactory placode; Trigeminal placode,"Both are cranial placodes derived from the same preplacodal ectoderm (panplacodal primordium) at the anterior neural plate border, which subsequently segregates into individual placodes, so their shared ancestry reflects this common placodal progenitor field.",1
Olfactory placode,Trigeminal sensory neuron,6.794936902666513,0.88165154964419,52.29132337980534,0.0034724808584803263,0.0,5872,3198,Olfactory placode; Trigeminal sensory neuron,"Both derive from the preplacodal ectoderm at the anterior neural plate border—the olfactory placode directly, and trigeminal sensory neurons in part from the placodally-derived (ophthalmic/maxillomandibular) neurons of the trigeminal ganglion—so they share a common cranial placode/preplacodal progenitor field.",2
Olfactory placode,Trunk neural crest,6.2164441192519435,0.12121868736109143,8.943163689502152,0.009745199279943217,0.39,5872,6809,,,
Olfactory placode,Vagal neural crest,6.248301809175094,0.1415877802256332,8.89306679821206,0.01270786947299657,0.0,5872,4937,,,
Olfactory sensory neuron,Olfactory sensory neuron,9.500000000038199,-1.1842378929335002e-15,-1.1845322769774505e-05,3.6077238732107605e-28,1.0,389,389,,,
Olfactory sensory neuron,Otic placode,5.995191241557522,0.4190585297942035,9.569863517158348,0.0022420323788895457,0.0,389,2365,,,
Olfactory sensory neuron,Otic sensory neuron,5.882647689799697,0.40695126860312936,8.262951005132573,0.004996673012618322,0.0,389,974,,,
Olfactory sensory neuron,Periocular mesoderm,5.196538626383039,-0.19452961048500464,-5.097976705762982,0.011841722704423905,0.14,389,1739,,,
Olfactory sensory neuron,Pharyngeal arch mesenchyme,6.4206929362474625,0.4226187758204019,10.44732315682766,0.002986645851442488,0.0,389,39085,,,
Olfactory sensory neuron,Pharyngeal endoderm,5.3224221102965705,-0.23396349568430205,-7.213806084255453,0.006012885225398322,0.0,389,5045,,,
Olfactory sensory neuron,Pharyngeal mesoderm,5.570194940531226,-0.18896708107987217,-6.35354298375578,0.014729522820724041,0.11,389,7691,,,
Olfactory sensory neuron,Presomitic mesoderm,5.885664438121214,-0.13398717123969442,-3.1971118856552185,0.0024791007695596674,0.07,389,8521,,,
Olfactory sensory neuron,Primordial germ cell,4.632493302039791,-0.10294494286230282,-0.8875250038084753,0.029976550185957476,0.94,254,25,,,
Olfactory sensory neuron,Roof plate,6.223763073374268,0.1706586749181683,4.018545209340572,0.008173086626862862,0.06,389,6035,,,
Olfactory sensory neuron,Sacral neural crest,5.829644708523468,0.05705114037637404,1.226284748320252,0.007360157289619944,0.3,389,2156,,,
Olfactory sensory neuron,Sclerotome,5.876720950937739,-0.33678261075879884,-8.84844212648205,0.0030631157722330964,0.0,389,74334,,,
Olfactory sensory neuron,Second heart field,5.667662755565904,-0.11475378969827894,-3.485302128479836,0.013146559727682723,0.86,389,6952,,,
Olfactory sensory neuron,Somatic mesoderm,6.151391796429061,-0.04737005373249067,-1.2205276046759477,0.0011871890155919034,0.85,389,66151,,,
Olfactory sensory neuron,Somatic motor neuron,5.599671227892087,-0.39399184146625404,-8.84306726340817,0.0034069392736042706,0.0,389,6559,,,
Olfactory sensory neuron,Spinal cord (cervical),6.039546306130956,-0.15732687060812664,-3.9868007251303035,0.0013837772688383692,0.01,389,41051,,,
Olfactory sensory neuron,Spinal cord (lumbar),5.856743571331698,-0.19752765703517886,-5.065620065077222,0.002844423982049967,0.0,389,12722,,,
Olfactory sensory neuron,Spinal cord (sacral),5.7950864665977235,-0.19513108172680957,-4.443836380859802,0.0008240556359754464,0.0,389,5351,,,
Olfactory sensory neuron,Spinal cord (thoracic),5.912980701824046,-0.21192991954725185,-5.266817358734745,0.0009640002779534429,0.0,389,35061,,,
Olfactory sensory neuron,Spinal cord interneuron,6.073303243264006,-0.19786020564759385,-4.915150644626011,0.0024559089391751297,0.0,389,12470,,,
Olfactory sensory neuron,Splanchnic mesoderm,6.022414620288214,-0.08559541286749213,-2.061043816247585,0.0031463953453453528,0.39,389,21642,,,
Olfactory sensory neuron,Surface ectoderm,5.693644681168084,0.16330277815431268,4.070010155236562,0.05258179743379782,0.06,389,2649,,,
Olfactory sensory neuron,Telencephalon,6.2702162237441215,0.25634047454894954,6.260936027591565,0.0021669686112068863,0.0,389,34300,,,
Olfactory sensory neuron,Trigeminal ganglion neuron,5.969564906556808,0.3087330372414711,7.039230082924053,0.014563373432827938,0.0,389,1765,,,
Olfactory sensory neuron,Trigeminal placode,6.750898612560943,0.9406123570309374,24.314196625941218,0.03490955315917346,0.0,389,6546,Olfactory sensory neuron,"Both olfactory sensory neurons (olfactory placode-derived) and the trigeminal placode arise from the common anterior pre-placodal ectoderm (PPE) at the neural plate border, sharing a cranial placodal progenitor field before segregating into individual placodes.",2
Olfactory sensory neuron,Trigeminal sensory neuron,6.234835150777006,0.5325081452467089,12.69534754361761,0.007595165914334211,0.0,389,3198,,,
Olfactory sensory neuron,Trunk neural crest,5.923923567121328,0.03440657975953106,0.9232921027153198,0.0005163563217652055,0.74,389,6809,,,
Olfactory sensory neuron,Vagal neural crest,5.945351259640243,0.05206430964554265,1.229436458636431,0.0002968932027569784,0.49,389,4937,,,
Otic placode,Otic placode,9.500000000012044,-1.7763568394002505e-15,-5.9187706966023865e-06,1.3568407569801403e-28,1.0,2365,2365,,,
Otic placode,Otic sensory neuron,7.730730464299149,2.1788257815987135,71.90442764393593,0.00908498660447613,0.0,2365,974,Otic placode; Otic sensory neuron,"Otic sensory (statoacoustic ganglion) neurons delaminate directly from the otic placode/vesicle, so both cell types descend from the same cranial placodal progenitor pool.",1
Otic placode,Periocular mesoderm,5.344618031807326,-0.12469400455612305,-4.481065539193648,0.016558657740508798,0.41,2365,1739,,,
Otic placode,Pharyngeal arch mesenchyme,6.580722347664082,0.504967662515539,30.862175382224574,0.0015446458778599257,0.0,2365,39085,,,
Otic placode,Pharyngeal endoderm,5.486842016736854,-0.14639672065676765,-9.165952498804105,0.0081681018702095,0.0,2365,5045,,,
Otic placode,Pharyngeal mesoderm,5.683907603996208,-0.15445198581630404,-9.45915350082056,0.011437256641165554,0.0,2365,7691,,,
Otic placode,Presomitic mesoderm,5.993096270913109,-0.10329366214063344,-5.8129943457318625,9.574618508241562e-05,0.0,2365,8521,,,
Otic placode,Primordial germ cell,4.7201832289985886,-0.08190525042117791,-0.7705187327152773,0.021214788151169936,0.96,1393,25,,,
Otic placode,Roof plate,6.338050356064244,0.2050147741028964,10.23084886180155,0.0011355348763991164,0.0,2365,6035,,,
Otic placode,Sacral neural crest,5.965479667914468,0.113815639392351,4.607359876944982,0.015272202181001587,0.36,2365,2156,,,
Otic placode,Sclerotome,5.932200874995984,-0.3582989778662971,-23.044535940286448,0.0018131941028372651,0.0,2365,74334,,,
Otic placode,Second heart field,5.828584491541069,-0.029278486366831242,-1.7657918401131385,0.008578067307511261,0.03,2365,6952,,,
Otic placode,Somatic mesoderm,6.316523193749224,0.0438377067916352,2.6224991749596764,0.002057295449397922,0.49,2365,66151,,,
Otic placode,Somatic motor neuron,5.622421833210072,-0.44632792559197565,-23.30766113094131,0.005841060996351449,0.0,2365,6559,,,
Otic placode,Spinal cord (cervical),6.074686520907995,-0.19637065005454613,-12.196561678447827,0.001600713956543081,0.0,2365,41051,,,
Otic placode,Spinal cord (lumbar),5.921766777415094,-0.20648119518554728,-11.562754441557141,0.00019643056792973128,0.0,2365,12722,,,
Otic placode,Spinal cord (sacral),5.892719984551056,-0.17253411649141684,-8.691636153297972,0.0042348162970799385,0.0,2365,5351,,,
Otic placode,Spinal cord (thoracic),5.986847058939504,-0.2171685197253943,-13.575397704553056,0.0018980834105297591,0.0,2365,35061,,,
Otic placode,Spinal cord interneuron,6.1183837278882836,-0.22594732186622876,-11.9002621705017,0.0007354743733857534,0.0,2365,12470,,,
Otic placode,Splanchnic mesoderm,6.1618765199871675,-0.024768208447805584,-1.3296772969050044,0.0024054687986272316,0.89,2365,21642,,,
Otic placode,Surface ectoderm,6.106951522025235,0.49938623615615746,21.068970125873594,0.005111973257034689,0.0,2365,2649,,,
Otic placode,Telencephalon,5.973105412363435,-0.11453299460897674,-6.906630269648871,0.006647367242423948,0.03,2365,34300,,,
Otic placode,Trigeminal ganglion neuron,6.205244732935988,0.4625264033371712,16.69342053123691,0.014532556244252327,0.0,2365,1765,,,
Otic placode,Trigeminal placode,7.2065252368084,1.3226525191592078,70.5407718489687,0.005049886671498351,0.0,2365,6546,Otic placode; Trigeminal placode,"Both are cranial sensory placodes that arise from the common pre-placodal ectoderm (panplacodal primordium) at the anterior neural plate border, so they share a recent progenitor field before segregating into individual placodes.",2
Otic placode,Trigeminal sensory neuron,6.595128999753297,0.8135256415969426,37.624748951677674,0.02897074792846279,0.0,2365,3198,,,
Otic placode,Trunk neural crest,6.098214652193586,0.13354193845578166,6.861908301830976,0.0013711233514600658,0.0,2365,6809,,,
Otic placode,Vagal neural crest,6.179508394004574,0.20526035532256603,10.157603561483889,0.00783826076385707,0.0,2365,4937,,,
Otic sensory neuron,Otic sensory neuron,9.499999999991994,-1.8947806286936004e-14,-0.0001953608686856,1.0518145402946829e-30,1.0,974,974,,,
Otic sensory neuron,Periocular mesoderm,5.302283000823942,-0.06621852250251574,-1.9753146769566758,0.01579298826445885,0.0,974,1739,,,
Otic sensory neuron,Pharyngeal arch mesenchyme,6.4107532137777286,0.4364362588987379,18.359640279547804,2.3314086055083528e-05,0.0,974,39085,,,
Otic sensory neuron,Pharyngeal endoderm,5.4692983911261175,-0.0635966312802599,-2.814230823068282,0.01664243880899241,0.13,974,5045,,,
Otic sensory neuron,Pharyngeal mesoderm,5.602243380261382,-0.1347046845292826,-5.4168239936020095,0.013071589318288921,0.82,974,7691,,,
Otic sensory neuron,Presomitic mesoderm,5.845777368710126,-0.15246988976772022,-5.665109729966936,0.0004010674821734718,0.0,974,8521,,,
Otic sensory neuron,Primordial germ cell,4.650981715170491,-0.055719570871102686,-0.7782606064255321,0.15323360282504386,0.13,629,25,,,
Otic sensory neuron,Roof plate,6.190943963508261,0.15986896160066907,5.77457356287023,0.003965457083937444,0.0,974,6035,,,
Otic sensory neuron,Sacral neural crest,5.8227220193257905,0.07126698375600575,2.070806145443195,0.022052061485552443,0.66,974,2156,,,
Otic sensory neuron,Sclerotome,5.839313268639798,-0.35093101463893045,-14.900312873864445,0.0013206756244650698,0.0,974,74334,,,
Otic sensory neuron,Second heart field,5.774653779770315,0.016609438552311673,0.7142219848937473,0.005748185080557115,0.75,974,6952,,,
Otic sensory neuron,Somatic mesoderm,6.202992499094601,0.027627371601048445,1.2128167765022484,0.00400961908444769,0.49,974,66151,,,
Otic sensory neuron,Somatic motor neuron,5.4811774247666705,-0.4869955703402189,-16.037647836149322,0.0026448627271322255,0.0,974,6559,,,
Otic sensory neuron,Spinal cord (cervical),5.925564960753747,-0.24735867082594964,-9.682803952718963,2.250269271933319e-05,0.0,974,41051,,,
Otic sensory neuron,Spinal cord (lumbar),5.778968005083182,-0.2524256380950283,-9.543906629460794,0.008899389812882104,0.0,974,12722,,,
Otic sensory neuron,Spinal cord (sacral),5.742243482780353,-0.22367185739945109,-7.613524652371851,0.004582480108627483,0.0,974,5351,,,
Otic sensory neuron,Spinal cord (thoracic),5.831223875788094,-0.2736399913946255,-9.724180687959096,0.008011479542610143,0.0,974,35061,,,
Otic sensory neuron,Spinal cord interneuron,5.985983441122272,-0.2625234488728226,-9.059901424837316,0.003391155171551933,0.0,974,12470,,,
Otic sensory neuron,Splanchnic mesoderm,6.055730587052456,-0.03247125258037572,-0.8741343677471397,0.010501981022100475,0.45,974,21642,,,
Otic sensory neuron,Surface ectoderm,5.884404212459407,0.3796434207269351,12.881243085920644,0.013758527824939018,0.0,974,2649,,,
Otic sensory neuron,Telencephalon,5.83605267159734,-0.1545659681075442,-5.909333206727186,0.008256418919894499,0.0,974,34300,,,
Otic sensory neuron,Trigeminal ganglion neuron,6.027558839078004,0.38820535564822095,12.556137406984886,0.01802509961636139,0.0,974,1765,,,
Otic sensory neuron,Trigeminal placode,6.977260209487281,1.1895593188742897,45.60625316999988,0.026375624333167622,0.0,974,6546,Otic sensory neuron; Trigeminal placode,Both derive from the cranial preplacodal ectoderm (PPE) surrounding the anterior neural plate—the otic placode giving rise to otic sensory neurons and the trigeminal (ophthalmic/maxillomandibular) placode—so they share a common placodal progenitor domain.,2
Otic sensory neuron,Trigeminal sensory neuron,6.515790975452048,0.8326818746165424,27.840773534816574,0.08284662184512398,0.0,974,3198,,,
Otic sensory neuron,Trunk neural crest,5.899380458037374,0.03534142979662214,1.6360784825205819,0.007918044927272216,0.08,974,6809,,,
Otic sensory neuron,Vagal neural crest,5.990872374384395,0.11232553500208849,3.9477763346374153,0.006257764232597039,0.17,974,4937,,,
Periocular mesoderm,Periocular mesoderm,9.500000000004325,2.960594732333751e-15,3.552503275553333e-05,4.428139214640613e-28,1.0,1739,1739,,,
Periocular mesoderm,Pharyngeal arch mesenchyme,5.591379801565329,-0.2981308867387093,-15.556494733483357,0.003878079823428563,0.0,1739,39085,,,
Periocular mesoderm,Pharyngeal endoderm,5.62280202797093,0.17608716610773398,11.755872393925182,0.06246194363720972,0.0,1739,5045,,,
Periocular mesoderm,Pharyngeal mesoderm,6.34438010230664,0.6936635201491693,38.36224863156928,0.003920657956159994,0.0,1739,7691,Periocular mesoderm; Pharyngeal mesoderm,"Both cell types derive from the anterior cranial/head mesoderm (paraxial and splanchnic head mesoderm, including the cardiopharyngeal field), a contiguous rostral mesodermal pool that supplies periocular mesenchyme around the eye and the core mesoderm of the pharyngeal arches.",2
Periocular mesoderm,Presomitic mesoderm,5.6239320987389805,-0.2852909949279783,-13.564623157325235,0.006283352130163445,0.0,1739,8521,,,
Periocular mesoderm,Primordial germ cell,4.408615914402178,-0.23907198824410703,-2.46778641554266,0.46054008316854467,0.08,1495,25,,,
Periocular mesoderm,Roof plate,5.564812654794032,-0.380557677444951,-17.60252273115388,5.849843706381546e-06,0.0,1739,6035,,,
Periocular mesoderm,Sacral neural crest,5.4375824038816765,-0.22963259125324095,-8.391869828427863,0.0030360179833397324,0.0,1739,2156,,,
Periocular mesoderm,Sclerotome,5.902170171087314,-0.20555562643764258,-11.381760006732286,0.0001832977372076365,0.0,1739,74334,,,
Periocular mesoderm,Second heart field,5.883830891122095,0.21253757139959184,12.139313468951096,0.005984347596074429,0.0,1739,6952,,,
Periocular mesoderm,Somatic mesoderm,5.839529472094367,-0.25248801218438793,-12.44125468080639,0.0008007384096598755,0.0,1739,66151,,,
Periocular mesoderm,Somatic motor neuron,5.631204232446211,-0.2513194455665794,-10.633072021602647,0.007850589200253905,0.0,1739,6559,,,
Periocular mesoderm,Spinal cord (cervical),5.716051842980974,-0.37020591190687063,-17.737122772364724,0.005143363825014875,0.0,1739,41051,,,
Periocular mesoderm,Spinal cord (lumbar),5.672889730382981,-0.2690253465715709,-12.062957697237943,0.005125292012842065,0.0,1739,12722,,,
Periocular mesoderm,Spinal cord (sacral),5.611375779972701,-0.26871237327158265,-12.259193878088075,0.004955124712929194,0.0,1739,5351,,,
Periocular mesoderm,Spinal cord (thoracic),5.694107465443554,-0.3235719406677087,-17.378235084207915,0.0049309401156503955,0.0,1739,35061,,,
Periocular mesoderm,Spinal cord interneuron,5.713518867025074,-0.445459313353665,-21.07355170549301,0.0012242333575616417,0.0,1739,12470,,,
Periocular mesoderm,Splanchnic mesoderm,5.744812235476563,-0.25762373017985113,-12.38593377495416,0.003814108582278853,0.0,1739,21642,,,
Periocular mesoderm,Surface ectoderm,5.362260377782217,-0.059240672246367275,-1.8822380127754605,0.01133334743437424,0.06,1739,2649,,,
Periocular mesoderm,Telencephalon,5.5377905486208725,-0.3646231964650865,-19.337133338944813,0.023147231551154373,0.0,1739,34300,,,
Periocular mesoderm,Trigeminal ganglion neuron,5.3290128436615145,-0.2256070750309771,-8.258418674697756,0.010278475270471597,0.0,1739,1765,,,
Periocular mesoderm,Trigeminal placode,5.438197955405827,-0.2613878169273889,-12.658328613773792,0.0012998923393400291,0.0,1739,6546,,,
Periocular mesoderm,Trigeminal sensory neuron,5.340295365374197,-0.25893292297713916,-9.925857669618518,0.027487721400611863,0.0,1739,3198,,,
Periocular mesoderm,Trunk neural crest,5.521249919233224,-0.25387898692914607,-11.418973975735918,0.0019458124782630937,0.0,1739,6809,,,
Periocular mesoderm,Vagal neural crest,5.4936603847791,-0.29631884739616005,-13.71243704711997,0.0003662644550469652,0.0,1739,4937,,,
Pharyngeal arch mesenchyme,Pharyngeal arch mesenchyme,9.500000000006471,1.0066022089934753e-14,9.47150559098e-05,3.418397255957718e-28,1.0,39085,39085,,,
Pharyngeal arch mesenchyme,Pharyngeal endoderm,5.602316050161673,-0.45198020565460223,-38.092648061865276,0.0016499834256513642,0.0,39085,5045,,,
Pharyngeal arch mesenchyme,Pharyngeal mesoderm,5.972606108583965,-0.28658390249942683,-31.198022683656514,0.006854939893078501,0.0,39085,7691,,,
Pharyngeal arch mesenchyme,Presomitic mesoderm,6.43329187539598,-0.08582596934355131,-9.415879553149749,0.0004223142607124777,0.0,39085,8521,,,
Pharyngeal arch mesenchyme,Primordial germ cell,4.69112018120882,-0.5618615765579231,-4.608710017637826,0.0007983908109902434,0.0,26605,25,,,
Pharyngeal arch mesenchyme,Roof plate,7.2850977538984685,0.7316034633643346,68.41126115283949,0.013227681477039007,0.0,39085,6035,Pharyngeal arch mesenchyme,"Pharyngeal arch mesenchyme is largely cranial neural-crest-derived ectomesenchyme, and neural crest delaminates from the dorsal neural tube at the neural plate border immediately adjacent to the roof plate, so both trace back to a common dorsal neuroectoderm / neural-plate-border progenitor pool.",2
Pharyngeal arch mesenchyme,Sacral neural crest,6.506824953449754,0.23111974546734496,13.927592250724587,0.0012444904864009842,0.0,39085,2156,,,
Pharyngeal arch mesenchyme,Sclerotome,6.327732775375057,-0.38506607184574815,-79.2936097495508,0.0010046245808365821,0.0,39085,74334,,,
Pharyngeal arch mesenchyme,Second heart field,6.075254177566717,-0.2042844768389651,-21.528671557012483,0.01035192536967153,0.0,39085,6952,,,
Pharyngeal arch mesenchyme,Somatic mesoderm,6.646734175519138,-0.04998517779343133,-11.21035441358625,0.00593468615785792,0.0,39085,66151,,,
Pharyngeal arch mesenchyme,Somatic motor neuron,6.089861732429718,-0.40032650324574287,-39.259649435378506,0.0006070989095051322,0.0,39085,6559,,,
Pharyngeal arch mesenchyme,Spinal cord (cervical),6.720728514568677,0.02656024075718418,5.307642586463655,0.0004295627623751931,0.02,39085,41051,,,
Pharyngeal arch mesenchyme,Spinal cord (lumbar),6.458191836655399,-0.0926991453401061,-11.384540109851747,8.59888673581814e-06,0.0,39085,12722,,,
Pharyngeal arch mesenchyme,Spinal cord (sacral),6.358632094756018,-0.12856897450953664,-11.35398497594268,0.00151944447295713,0.0,39085,5351,,,
Pharyngeal arch mesenchyme,Spinal cord (thoracic),6.534613630429185,-0.09140194048397306,-16.187558024800534,7.096107195789806e-05,0.0,39085,35061,,,
Pharyngeal arch mesenchyme,Spinal cord interneuron,6.885478928176242,0.11797263175852812,14.907755217753072,0.0010145131210466279,0.0,39085,12470,,,
Pharyngeal arch mesenchyme,Splanchnic mesoderm,6.492164314125243,-0.11866138957881518,-20.35249058562995,0.005446502204754348,0.0,39085,21642,,,
Pharyngeal arch mesenchyme,Surface ectoderm,6.086993933493242,0.05872305700147429,4.351618281878872,0.00806483933372026,0.07,39085,2649,,,
Pharyngeal arch mesenchyme,Telencephalon,6.757525527660765,0.24844131968657854,44.4677112097252,0.005438980652823195,0.0,39085,34300,,,
Pharyngeal arch mesenchyme,Trigeminal ganglion neuron,7.224941491507368,1.061162868033741,56.57479033724562,0.00013762859520560363,0.0,39085,1765,Pharyngeal arch mesenchyme; Trigeminal ganglion neuron,"Both cell types largely derive from cranial (mid-/hindbrain and first-arch) neural crest, which produces the ectomesenchyme filling the pharyngeal arches as well as the neural-crest-derived neurons of the trigeminal ganglion, so their shared ancestry reflects a common cranial neural crest progenitor pool.",2
Pharyngeal arch mesenchyme,Trigeminal placode,6.98929907586075,0.6824465895054285,61.95534749650523,0.0002141143722278836,0.0,39085,6546,,,
Pharyngeal arch mesenchyme,Trigeminal sensory neuron,6.6638781327005425,0.45939030517758744,32.588723013332775,0.00306151612903697,0.0,39085,3198,,,
Pharyngeal arch mesenchyme,Trunk neural crest,6.699745504944354,0.3141505091533621,30.15863753431962,0.0018449247282647796,0.0,39085,6809,,,
Pharyngeal arch mesenchyme,Vagal neural crest,6.920472901378663,0.5251623357518836,47.75549030853142,2.532924849072702e-05,0.0,39085,4937,,,
Pharyngeal endoderm,Pharyngeal endoderm,9.500000000005528,-4.736951571734001e-15,-4.14431730022e-05,1.3989133385919275e-28,1.0,5045,5045,,,
Pharyngeal endoderm,Pharyngeal mesoderm,5.721016769550541,-0.09582602132998108,-8.604684340284257,0.0032534903702802686,0.01,5045,7691,,,
Pharyngeal endoderm,Presomitic mesoderm,5.726516668762507,-0.3503570553528445,-29.32132386844985,0.006588192901027776,0.0,5045,8521,,,
Pharyngeal endoderm,Primordial germ cell,4.692369200749237,-0.09863434818499961,-1.0189422583296988,0.016109538945155513,0.93,3408,25,,,
Pharyngeal endoderm,Roof plate,5.6161824592980105,-0.4938921037476911,-34.46680104694027,0.0020903821402359114,0.0,5045,6035,,,
Pharyngeal endoderm,Sacral neural crest,5.502426240711782,-0.32855567933565055,-18.459283659698816,0.00819765837419398,0.0,5045,2156,,,
Pharyngeal endoderm,Sclerotome,5.905475721205252,-0.36513002580675885,-33.42980778839404,4.300165386591827e-05,0.0,5045,74334,,,
Pharyngeal endoderm,Second heart field,5.744955446655659,-0.09186389360847198,-8.596276628590017,0.00367972187259733,0.0,5045,6952,,,
Pharyngeal endoderm,Somatic mesoderm,5.783636473174937,-0.4692985202416997,-39.92023879960022,0.012821624773873046,0.0,5045,66151,,,
Pharyngeal endoderm,Somatic motor neuron,5.7640649266296995,-0.2817663334061565,-19.939427941986494,0.0020086092848175825,0.0,5045,6559,,,
Pharyngeal endoderm,Spinal cord (cervical),5.787935491201632,-0.4635026550342598,-40.647882590991316,0.0025134887843984207,0.0,5045,41051,,,
Pharyngeal endoderm,Spinal cord (lumbar),5.737223396093781,-0.3709556917582629,-28.91922477625489,0.0069988774246293,0.0,5045,12722,,,
Pharyngeal endoderm,Spinal cord (sacral),5.70661384548121,-0.33777940028043485,-23.89021177378429,0.010619349737234862,0.0,5045,5351,,,
Pharyngeal endoderm,Spinal cord (thoracic),5.7828083587492785,-0.4011934944717395,-34.766688903737666,0.002572069433382965,0.0,5045,35061,,,
Pharyngeal endoderm,Spinal cord interneuron,5.789740280938983,-0.5344888317804545,-41.58860120921822,0.0007818879026397997,0.0,5045,12470,,,
Pharyngeal endoderm,Splanchnic mesoderm,5.749363699079974,-0.416788543825555,-32.91172139072952,0.0023872588900047727,0.0,5045,21642,,,
Pharyngeal endoderm,Surface ectoderm,5.533361705105695,-0.04907685559027867,-4.312564416741913,0.05223944754915356,0.56,5045,2649,,,
Pharyngeal endoderm,Telencephalon,5.639937909404881,-0.4262527842832909,-37.43922387668105,0.009685069397930901,0.0,5045,34300,,,
Pharyngeal endoderm,Trigeminal ganglion neuron,5.448915637253716,-0.27152083667705806,-14.68298035329461,0.0023320812114453245,0.0,5045,1765,,,
Pharyngeal endoderm,Trigeminal placode,5.534327564080649,-0.3294277241961246,-23.315500198403015,0.011502546234439373,0.0,5045,6546,,,
Pharyngeal endoderm,Trigeminal sensory neuron,5.540096858926302,-0.2199711304899976,-14.920015767561587,0.03693097272048078,0.93,5045,3198,,,
Pharyngeal endoderm,Trunk neural crest,5.554750494097277,-0.3885812868382071,-27.80507056414046,0.00787344119382519,0.0,5045,6809,,,
Pharyngeal endoderm,Vagal neural crest,5.584048095923823,-0.368825135078587,-25.214245416924474,0.0039797952996915905,0.0,5045,4937,,,
Pharyngeal mesoderm,Pharyngeal mesoderm,9.500000000008155,-1.0658141036401503e-14,-0.00011247641524129216,2.398137151871876e-28,1.0,7691,7691,,,
Pharyngeal mesoderm,Presomitic mesoderm,5.955128003244023,-0.327094145099639,-29.780768521234837,0.004568545309595981,0.0,7691,8521,,,
Pharyngeal mesoderm,Primordial germ cell,4.63189329120096,-0.36188188669697263,-3.86469832685353,0.056813625467090546,0.11,5575,25,,,
Pharyngeal mesoderm,Roof plate,5.947458940133235,-0.36964732949347895,-28.327749022119047,0.0067070558034611275,0.0,7691,6035,,,
Pharyngeal mesoderm,Sacral neural crest,5.774707132829556,-0.26251663137528575,-15.619323813228817,0.004888141530468476,0.0,7691,2156,,,
Pharyngeal mesoderm,Sclerotome,6.426672093011572,-0.05001610148265101,-5.5554260442932275,0.004437999988159407,0.0,7691,74334,,,
Pharyngeal mesoderm,Second heart field,7.090146098063859,1.0485871031308314,107.08552026785286,0.00031086551454698847,0.0,7691,6952,Pharyngeal mesoderm; Second heart field,"The second heart field is a sub-population of the anterior pharyngeal (splanchnic) mesoderm, both deriving from the common cardiopharyngeal mesoderm progenitor pool (Mesp1+ anterior mesoderm) that co-generates outflow-tract cardiomyocytes and branchiomeric/pharyngeal muscle, so their shared ancestry reflects direct lineage continuity rather than mere co-emergence.",1
Pharyngeal mesoderm,Somatic mesoderm,6.557167135467357,0.09778941664686218,10.987753310649369,0.0008975322649751065,0.0,7691,66151,,,
Pharyngeal mesoderm,Somatic motor neuron,5.830936357648884,-0.42246590824514,-36.46466176893221,0.005224075062004658,0.0,7691,6559,,,
Pharyngeal mesoderm,Spinal cord (cervical),5.981670385804041,-0.47385286194058907,-47.67145649630212,0.002328122977330147,0.0,7691,41051,,,
Pharyngeal mesoderm,Spinal cord (lumbar),5.946784585990858,-0.3663444200204819,-35.01156429901653,0.0018917469556283338,0.0,7691,12722,,,
Pharyngeal mesoderm,Spinal cord (sacral),5.909135151791189,-0.3397627512402674,-25.920205874833826,0.001998140104141262,0.0,7691,5351,,,
Pharyngeal mesoderm,Spinal cord (thoracic),5.9677251650328555,-0.4208202247473434,-43.231730963993364,0.0007298437369932661,0.0,7691,35061,,,
Pharyngeal mesoderm,Spinal cord interneuron,5.965733447546305,-0.5643601818000047,-48.92640452603447,0.002237472257363082,0.0,7691,12470,,,
Pharyngeal mesoderm,Splanchnic mesoderm,6.6996228454748845,0.326257521886076,32.29408831633977,0.00034671332332887356,0.0,7691,21642,,,
Pharyngeal mesoderm,Surface ectoderm,5.700798748012993,-0.08892451413759132,-7.154724567887514,0.041307571226618565,0.01,7691,2649,,,
Pharyngeal mesoderm,Telencephalon,5.894372758373957,-0.3768201315905036,-38.901326153442,0.010411105553383287,0.0,7691,34300,,,
Pharyngeal mesoderm,Trigeminal ganglion neuron,5.680877389539165,-0.2449327895497735,-13.976480394331638,0.025704025720205286,0.0,7691,1765,,,
Pharyngeal mesoderm,Trigeminal placode,5.883417474930218,-0.18647052541356324,-16.80706560263778,0.006804415187341633,0.0,7691,6546,,,
Pharyngeal mesoderm,Trigeminal sensory neuron,5.776275330065278,-0.19098022891958255,-14.04203906844811,0.017351591520444312,0.0,7691,3198,,,
Pharyngeal mesoderm,Trunk neural crest,5.878049420930168,-0.2689761925152568,-21.641525472900966,0.0023608104737395104,0.0,7691,6809,,,
Pharyngeal mesoderm,Vagal neural crest,5.8727625380326005,-0.28687389040816996,-23.216282789676892,0.007397921042532169,0.0,7691,4937,,,
Presomitic mesoderm,Presomitic mesoderm,9.499999999998046,6.5133084111342514e-15,6.512120068993334e-05,2.6926452231543873e-28,1.0,8521,8521,,,
Presomitic mesoderm,Primordial germ cell,4.748239681271064,-0.5434868718756327,-4.188084746917974,3.8864053884649095e-05,0.0,5758,25,,,
Presomitic mesoderm,Roof plate,6.7988311562258525,0.22269918409515052,15.608397879833374,0.00913983758742415,0.0,8521,6035,,,
Presomitic mesoderm,Sacral neural crest,7.099713779146749,0.8024665933401286,44.636049477034874,0.009606848000716737,0.0,8521,2156,,,
Presomitic mesoderm,Sclerotome,6.919332485645353,0.1839956473676736,20.90159872067406,0.0021995852516836383,0.0,8521,74334,,,
Presomitic mesoderm,Second heart field,5.9920984642390875,-0.30923004738956994,-28.594582280051043,0.0005308829140409573,0.0,8521,6952,,,
Presomitic mesoderm,Somatic mesoderm,6.920047179804809,0.20162875712661213,24.479219001986426,0.0038020296262157713,0.0,8521,66151,,,
Presomitic mesoderm,Somatic motor neuron,6.937147009727234,0.4263315250466402,31.369367226567046,0.0018548378164610813,0.0,8521,6559,,,
Presomitic mesoderm,Spinal cord (cervical),7.114980065371267,0.39838201132745316,41.86985202085463,0.000858519076798234,0.0,8521,41051,,,
Presomitic mesoderm,Spinal cord (lumbar),7.823112601232098,1.2498665742850743,115.13468858799764,0.008721839969941064,0.0,8521,12722,Presomitic mesoderm; Spinal cord (lumbar),"Presomitic (paraxial) mesoderm and lumbar spinal cord both derive from bipotent neuromesodermal progenitors (NMPs) in the caudal lateral epiblast/tailbud, which co-generate posterior paraxial mesoderm and posterior spinal neural tube during axis elongation.",2
Presomitic mesoderm,Spinal cord (sacral),7.952056242402382,1.440937163812244,106.22056980442215,0.0028817430421919006,0.0,8521,5351,Presomitic mesoderm; Spinal cord (sacral),"Both derive from bipotent neuromesodermal progenitors (NMPs) in the caudal lateral epiblast/tailbud, which co-generate paraxial (presomitic) mesoderm and posterior/caudal (sacral) spinal cord neurectoderm during axial elongation.",1
Presomitic mesoderm,Spinal cord (thoracic),7.4668428589159275,0.818289459644773,82.60133415616332,0.0044778227368055595,0.0,8521,35061,Presomitic mesoderm,Presomitic (paraxial) mesoderm and thoracic/posterior spinal cord both descend from bipotent neuromesodermal progenitors (NMPs) in the caudal epiblast/node-streak border and tailbud that co-produce paraxial mesoderm and posterior neural tube during axis elongation.,2
Presomitic mesoderm,Spinal cord interneuron,7.001509482252396,0.21197268103120592,19.45337363751265,0.0027720403295422363,0.0,8521,12470,,,
Presomitic mesoderm,Splanchnic mesoderm,6.494226556022156,-0.1395104033622374,-13.156563594609926,0.010855470511996578,0.0,8521,21642,,,
Presomitic mesoderm,Surface ectoderm,5.823796444404938,-0.2270081973565281,-12.077691758932062,0.012902976187243047,0.0,8521,2649,,,
Presomitic mesoderm,Telencephalon,6.3523543776495215,-0.17876957216370482,-20.544460480586384,4.727920176699178e-05,0.0,8521,34300,,,
Presomitic mesoderm,Trigeminal ganglion neuron,6.073075203984082,-0.11297837461780791,-5.65799763095466,0.0008352842861719861,0.0,8521,1765,,,
Presomitic mesoderm,Trigeminal placode,6.196324744562439,-0.13139185206410176,-9.86830611104019,0.0023750270544936492,0.0,8521,6546,,,
Presomitic mesoderm,Trigeminal sensory neuron,6.05723617019677,-0.1702771781130442,-10.671715246892335,0.0003376940472577518,0.0,8521,3198,,,
Presomitic mesoderm,Trunk neural crest,6.865886733412315,0.4576581830642589,36.403412121777734,0.006539511225077993,0.0,8521,6809,,,
Presomitic mesoderm,Vagal neural crest,6.644678999343846,0.22919117966481503,16.29248223255411,0.003512263356228438,0.0,8521,4937,,,
Primordial germ cell,Primordial germ cell,9.500000000065777,-2.042810365310288e-14,-0.0001953610789252,1.5777218104420236e-30,1.0,25,25,,,
Primordial germ cell,Roof plate,4.703370742749957,-0.6246095236581803,-4.385951312286543,0.0027703184186557575,0.0,25,4620,,,
Primordial germ cell,Sacral neural crest,4.719313410357764,-0.2742351507470242,-1.659769829361124,0.01265255205655218,0.14,25,1327,,,
Primordial germ cell,Sclerotome,4.763541501154957,-0.691338481560634,-6.195859339266988,0.041456921482976195,0.0,25,50563,,,
Primordial germ cell,Second heart field,4.740145602738494,-0.3055665484989132,-2.763656265407908,0.002471284892432012,0.03,25,4875,Primordial germ cell,"Both likely trace back to the proximal-posterior epiblast and its early nascent mesoderm transiting the primitive streak—PGCs are specified from BMP4-induced proximal epiblast adjacent to the same posterior mesoderm that also feeds splanchnic/pharyngeal (second heart field) mesoderm, and the two lineages notably share Prdm1/Blimp1 expression, suggesting a common Blimp1+ proximal-mesodermal progenitor pool.",4
Primordial germ cell,Somatic mesoderm,5.106118780923901,-0.31094791700197844,-2.6242851980078483,0.18312326427194564,0.97,25,44683,,,
Primordial germ cell,Somatic motor neuron,4.684788990077844,-0.5799588726937319,-4.563435210367403,0.013716207895919354,0.0,25,4647,,,
Primordial germ cell,Spinal cord (cervical),4.684383144135109,-0.7572816680342274,-5.7035445226835435,0.0005175984286124439,0.0,25,29744,,,
Primordial germ cell,Spinal cord (lumbar),4.660283618345501,-0.6310848536138662,-5.032409647770022,3.347815507513084e-05,0.0,25,8833,,,
Primordial germ cell,Spinal cord (sacral),4.679432622893367,-0.579192096124383,-4.885816175063539,0.0027354718916621805,0.0,25,3918,,,
Primordial germ cell,Spinal cord (thoracic),4.6782379414047846,-0.7091367164602653,-5.476510896388213,3.6726752548255984e-05,0.0,25,23669,,,
Primordial germ cell,Spinal cord interneuron,4.703793149822096,-0.8194793223335797,-5.676717591268623,8.837400148329183e-05,0.0,25,8878,,,
Primordial germ cell,Splanchnic mesoderm,4.865137317478505,-0.492072293313754,-3.5406131099223526,0.0013455085244696637,0.0,25,14684,,,
Primordial germ cell,Surface ectoderm,4.744550255653824,-0.017174987358314908,-0.02772962383376959,0.011345430948003627,0.59,25,1656,,,
Primordial germ cell,Telencephalon,4.6504353475611335,-0.6284533477268446,-4.969292333860969,0.006729500704786781,0.0,25,25842,,,
Primordial germ cell,Trigeminal ganglion neuron,4.679729845525545,-0.2140954465085092,-1.4514581437431833,0.002397059705141074,0.23,25,1089,,,
Primordial germ cell,Trigeminal placode,4.756022650865832,-0.30666500044028355,-2.184296310380344,9.398851641533229e-05,0.07,25,5129,,,
Primordial germ cell,Trigeminal sensory neuron,4.5949543612431825,-0.32783827814479594,-2.330112423453507,0.011226682673643549,0.09,25,2096,,,
Primordial germ cell,Trunk neural crest,4.716811273605803,-0.38916463909704024,-2.6053613353404845,0.00982927349426049,0.02,25,4056,,,
Primordial germ cell,Vagal neural crest,4.659994926003934,-0.4914845780023156,-3.7928714517693005,0.0012382148689827777,0.0,25,3088,,,
Roof plate,Roof plate,9.5000000000147,5.921189464667501e-16,1.7754419809857267e-05,2.6926452231543873e-28,1.0,6035,6035,,,
Roof plate,Sacral neural crest,7.17870956761109,0.8488635475742049,42.400197585504365,0.0031308031988908475,0.0,6035,2156,Roof plate,"Both derive from the dorsal-most neurectoderm/neural plate border: sacral neural crest delaminates from the dorsal neural tube whose remaining midline cells become the roof plate, so they share a common dorsal neural tube (neural plate border) progenitor pool.",2
Roof plate,Sclerotome,6.443681786106457,-0.32616043793977695,-33.095074927259795,0.00027256366401041417,0.0,6035,74334,,,
Roof plate,Second heart field,6.015415217851193,-0.3206965132823685,-25.67671417647576,0.0030397559020495795,0.0,6035,6952,,,
Roof plate,Somatic mesoderm,6.681239420276377,-0.0726384032777266,-6.273587074405316,0.01142370509776963,0.0,6035,66151,,,
Roof plate,Somatic motor neuron,6.37458031143166,-0.17047501323425665,-10.733987339231897,0.002755669079873809,0.0,6035,6559,,,
Roof plate,Spinal cord (cervical),7.333944614981587,0.5826664177263231,51.04446852252045,0.010702039003829458,0.0,6035,41051,,,
Roof plate,Spinal cord (lumbar),6.95059054852367,0.34318322693636133,25.125966946055073,0.013734798008553394,0.0,6035,12722,,,
Roof plate,Spinal cord (sacral),6.79969560184157,0.25523959282809433,17.152066410462222,0.011441987751899564,0.0,6035,5351,,,
Roof plate,Spinal cord (thoracic),7.1823152799896315,0.4992916069244974,41.72693787311079,0.012342569113652394,0.0,6035,35061,,,
Roof plate,Spinal cord interneuron,7.447017069704266,0.6227359058758143,48.604346100593034,0.011179543892867298,0.0,6035,12470,,,
Roof plate,Splanchnic mesoderm,6.468224405776918,-0.19978058281420896,-15.698483969196955,0.0106753728713464,0.0,6035,21642,,,
Roof plate,Surface ectoderm,5.97563440260155,-0.108858983417725,-5.197071250977699,0.007516981926173558,0.02,6035,2649,,,
Roof plate,Telencephalon,6.713638711708505,0.14683517820113115,14.097256879086364,0.008667050693995149,0.0,6035,34300,,,
Roof plate,Trigeminal ganglion neuron,6.8116528477311435,0.5914838413740187,24.708963729719386,0.06850643765076296,0.0,6035,1765,Trigeminal ganglion neuron,"Both trace back to the dorsal neural tube/neural plate border: the roof plate is the dorsal-most neuroepithelium, and trigeminal ganglion neurons derive largely from cranial neural crest that delaminates from this same dorsal region, so they share a common dorsal neuroepithelial progenitor pool.",2
Roof plate,Trigeminal placode,6.578401090418946,0.21351395493014014,15.859960658197428,0.005730848147803287,0.0,6035,6546,,,
Roof plate,Trigeminal sensory neuron,6.3775053673461075,0.11797132397381471,6.397255374569795,0.005604148572666873,0.05,6035,3198,,,
Roof plate,Trunk neural crest,7.453448472523157,1.0104792155501636,70.55265370280044,0.004620298142049917,0.0,6035,6809,Roof plate,"Both cell types originate from the dorsal neural tube / neural plate border, where a shared dorsal neuroectodermal progenitor pool gives rise to premigratory trunk neural crest that delaminates and to the roof plate that remains at the dorsal midline.",2
Roof plate,Vagal neural crest,7.418146462068577,0.9655337680601447,58.27905501944749,0.005027500756709102,0.0,6035,4937,Roof plate,"Both derive from the dorsal neural tube/neural plate border, where roof plate cells and vagal neural crest arise from a shared dorsal neuroepithelial progenitor pool, with neural crest delaminating from the same dorsal domain that gives rise to the roof plate.",2
Sacral neural crest,Sacral neural crest,9.499999999984938,-1.7763568394002505e-15,-1.776325273194118e-05,1.5461673742331831e-28,1.0,2156,2156,,,
Sacral neural crest,Sclerotome,6.405479384712206,-0.08515913130880648,-5.123530608756465,0.0047849779649115805,0.41,2156,74334,,,
Sacral neural crest,Second heart field,5.858343568460491,-0.19830320902721935,-11.352717878217803,0.0056128502121913105,0.0,2156,6952,,,
Sacral neural crest,Somatic mesoderm,6.744499913655407,0.270646256695984,15.792557108603164,0.01587452687708349,0.0,2156,66151,,,
Sacral neural crest,Somatic motor neuron,6.0876315085827,-0.17997095855459713,-9.300400920111755,0.0005589744022821553,0.0,2156,6559,,,
Sacral neural crest,Spinal cord (cervical),6.903436342031912,0.4312840219616951,23.192576616568896,0.000669532896653339,0.0,2156,41051,,,
Sacral neural crest,Spinal cord (lumbar),7.756793169835606,1.4281072419772933,71.97833612887409,0.01504902535191908,0.0,2156,12722,Sacral neural crest; Spinal cord (lumbar),Sacral neural crest and lumbar spinal cord share ancestry because both are caudal derivatives of the same posterior neuroepithelium—the crest delaminating from the dorsal neural tube while the spinal cord forms its ventralized core—with their matched posterior (lumbosacral) identity seeded by common neuromesodermal progenitors (NMPs) in the tailbud/caudal lateral epiblast.,2
Sacral neural crest,Spinal cord (sacral),7.324002696741849,1.0600344034268936,47.18746668824014,0.005454996312278273,0.0,2156,5351,Sacral neural crest; Spinal cord (sacral),Sacral neural crest and sacral spinal cord both arise from the same posterior/sacral neural tube neuroepithelium—neural crest delaminates from the dorsal neural tube at matched axial levels—likely tracing back to a shared caudal neural plate (and neuromesodermal progenitor–derived) progenitor pool.,1
Sacral neural crest,Spinal cord (thoracic),7.481947449139852,1.0764543038915402,60.20371343069477,0.003899903701423876,0.0,2156,35061,Sacral neural crest; Spinal cord (thoracic),"Both cell types derive from the posterior neural tube/neural plate border — sacral neural crest delaminates from the dorsal neural tube while thoracic spinal cord forms its ventral/intermediate compartment, and both are generated by the caudal neuromesodermal progenitor pool (tailbud/CLE) that builds the posterior neuraxis, so they share a common neuroectodermal progenitor.",2
Sacral neural crest,Spinal cord interneuron,6.823073164722454,0.27833755928186604,13.849954669303676,0.005707670102072417,0.0,2156,12470,,,
Sacral neural crest,Splanchnic mesoderm,6.411087900912457,0.02051161189179318,1.0898004954530125,0.011847859269241654,0.14,2156,21642,,,
Sacral neural crest,Surface ectoderm,5.816324627679486,0.011746598588024368,0.5034016770947086,5.47241261714786e-06,0.75,2156,2649,,,
Sacral neural crest,Telencephalon,6.207832202819529,-0.07837049293646785,-4.29988627553378,2.618143976060554e-05,0.0,2156,34300,,,
Sacral neural crest,Trigeminal ganglion neuron,6.018847913582849,0.07709562259184526,2.9717250168923073,0.02278347821124676,0.76,2156,1765,,,
Sacral neural crest,Trigeminal placode,6.263491204494945,0.18048904849706413,8.442967669891045,8.01661153946417e-05,0.0,2156,6546,,,
Sacral neural crest,Trigeminal sensory neuron,6.076376690960448,0.09594285848918134,4.022612793892759,0.002248802065737239,0.05,2156,3198,,,
Sacral neural crest,Trunk neural crest,7.705759008247708,1.5429734542321543,81.37652452541487,0.0007694937606692772,0.0,2156,6809,Sacral neural crest; Trunk neural crest,"Sacral and trunk neural crest are both posterior neural crest subpopulations delaminating from the dorsal neural tube (neural-plate-border/roof-plate lineage) along the trunk-to-sacral axial continuum, largely fed by common posterior neuromesodermal-progenitor-derived neural tube, so they differ mainly in axial level rather than lineage of origin.",1
Sacral neural crest,Vagal neural crest,7.024928967930055,0.8523335441084274,39.09381756084774,0.002055364384505517,0.0,2156,4937,Sacral neural crest,"Both are axial subpopulations of neural crest that delaminate from the dorsal neural tube of the caudal embryo and share the common neural-crest progenitor pool (and jointly seed the enteric nervous system), so their shared ancestry reflects a common posterior/trunk neural-crest origin.",2
Sclerotome,Sclerotome,9.500000000005786,-1.7763568394002505e-15,-2.9598270924615174e-05,2.3034738432453545e-28,1.0,74334,74334,,,
Sclerotome,Second heart field,6.339484877990782,-0.1551842071715459,-16.714022584160347,0.0015952587896869569,0.0,74334,6952,,,
Sclerotome,Somatic mesoderm,6.956946504351478,0.044693197518458426,9.711867427264117,0.003519164249499082,0.0,74334,66151,,,
Sclerotome,Somatic motor neuron,6.829219044596903,0.12312588486124139,12.290996635829837,0.004978523507496763,0.0,74334,6559,,,
Sclerotome,Spinal cord (cervical),6.797702414711008,-0.11158856367853165,-24.83055997945092,0.000144236198567753,0.0,74334,41051,,,
Sclerotome,Spinal cord (lumbar),6.934114538354431,0.16764528752863672,25.13539821850364,0.0035014577895165744,0.0,74334,12722,,,
Sclerotome,Spinal cord (sacral),6.8770887873595115,0.17446396728376357,16.670816118299257,0.0017972406599138472,0.0,74334,5351,,,
Sclerotome,Spinal cord (thoracic),6.931465738346176,0.08948394073056114,18.0739608482608,0.0039376253122090235,0.0,74334,35061,,,
Sclerotome,Spinal cord interneuron,6.746633744997379,-0.23740682349296213,-32.62093076727675,0.0011021036288914098,0.0,74334,12470,,,
Sclerotome,Splanchnic mesoderm,6.8491307884603,0.022911222335633735,3.4822549730274788,0.0026515060921786836,0.54,74334,21642,,,
Sclerotome,Surface ectoderm,5.8629432517809645,-0.38052588091031253,-24.939540977520277,0.003096336843256192,0.0,74334,2649,,,
Sclerotome,Telencephalon,6.3341471413392485,-0.39051126078023124,-76.86313381801955,7.331048218678108e-05,0.0,74334,34300,,,
Sclerotome,Trigeminal ganglion neuron,6.059002927266416,-0.31972614357566503,-16.81540268969273,0.007648441860983015,0.0,74334,1765,,,
Sclerotome,Trigeminal placode,6.091003226624911,-0.43121997270547724,-43.18876346165141,0.00048041273617334054,0.0,74334,6546,,,
Sclerotome,Trigeminal sensory neuron,6.049469200281867,-0.3698707372466468,-26.834116301360222,0.0005956323624538071,0.0,74334,3198,,,
Sclerotome,Trunk neural crest,6.438912041213082,-0.162062405330779,-18.882425234737244,7.200726669595376e-05,0.0,74334,6809,,,
Sclerotome,Vagal neural crest,6.360993689916508,-0.2512332710532412,-22.670159003445054,1.2099224122369425e-05,0.0,74334,4937,,,
Second heart field,Second heart field,9.500000000003144,-5.921189464667501e-16,-5.917088510584825e-06,3.1975162024958344e-28,1.0,6952,6952,,,
Second heart field,Somatic mesoderm,6.903244030832539,0.4249703780059593,46.187135493086565,0.0029958772949708217,0.0,6952,66151,,,
Second heart field,Somatic motor neuron,5.851797919104235,-0.41896657627612804,-34.766080985675565,0.0005381349950396945,0.0,6952,6559,,,
Second heart field,Spinal cord (cervical),6.021282250402858,-0.4544693800212727,-44.44077059457741,0.0012141571349109125,0.0,6952,41051,,,
Second heart field,Spinal cord (lumbar),5.991550392142443,-0.34016781854564054,-29.96252688761932,0.0014821911474979846,0.0,6952,12722,,,
Second heart field,Spinal cord (sacral),5.9630987147477095,-0.30537698568397875,-24.122188481645413,0.0012492111541310576,0.0,6952,5351,,,
Second heart field,Spinal cord (thoracic),6.021904720870313,-0.38573770952104375,-36.80381156325735,0.0003370779742135796,0.0,6952,35061,,,
Second heart field,Spinal cord interneuron,6.018701880282687,-0.5310160220272607,-48.185670920788034,8.145035680681408e-05,0.0,6952,12470,,,
Second heart field,Splanchnic mesoderm,7.150045162922407,0.7593563779653945,71.72372179599179,0.00929846328891042,0.0,6952,21642,Second heart field; Splanchnic mesoderm,"The second heart field is a subpopulation of anterior splanchnic (lateral plate) mesoderm, so both derive from the same splanchnic mesodermal progenitor pool in the pharyngeal/cardiac crescent region and share near-immediate common ancestry.",1
Second heart field,Surface ectoderm,5.935867239058908,0.12549091034564075,7.442736828461828,0.00834616715339011,0.0,6952,2649,,,
Second heart field,Telencephalon,5.921308823806082,-0.3689212990374869,-38.11729127058319,0.0013495934643226032,0.0,6952,34300,,,
Second heart field,Trigeminal ganglion neuron,5.824427705046586,-0.12114738947685992,-6.589767975042382,0.008790704112789748,0.01,6952,1765,,,
Second heart field,Trigeminal placode,6.046857822899565,-0.04300871239287959,-3.886793427760388,0.004760868148019479,0.03,6952,6546,,,
Second heart field,Trigeminal sensory neuron,5.937383108228374,-0.047481448857814655,-2.6234209295557807,0.01895808541112235,0.0,6952,3198,,,
Second heart field,Trunk neural crest,5.9516158581263,-0.21485971527111283,-16.284706507792432,0.004023757290493612,0.0,6952,6809,,,
Second heart field,Vagal neural crest,5.969306652638665,-0.20870115373481438,-16.374834443441063,0.009302822346271096,0.0,6952,4937,,,
Somatic mesoderm,Somatic mesoderm,9.500000000000647,-1.5395092608135503e-14,-0.00015984466817976667,3.8917137990903245e-29,1.0,66151,66151,,,
Somatic mesoderm,Somatic motor neuron,6.266457685295722,-0.42221188140901766,-41.60416089925877,0.005403870404483487,0.0,66151,6559,,,
Somatic mesoderm,Spinal cord (cervical),6.623572969186415,-0.2699705335794258,-55.19386679869418,0.00819016124761738,0.0,66151,41051,,,
Somatic mesoderm,Spinal cord (lumbar),6.73339657410908,-0.01745753737414783,-2.2126749822707645,0.0049314368733478055,0.0,66151,12722,,,
Somatic mesoderm,Spinal cord (sacral),6.719575876911609,0.033086775165073114,3.1233900646975683,0.005294801482684042,0.0,66151,5351,,,
Somatic mesoderm,Spinal cord (thoracic),6.679590140411851,-0.14601269936703196,-28.61991990743458,0.0046027484134383055,0.0,66151,35061,,,
Somatic mesoderm,Spinal cord interneuron,6.584814843424087,-0.38244719436564595,-52.603785901530586,0.007990298239092157,0.0,66151,12470,,,
Somatic mesoderm,Splanchnic mesoderm,8.038477830593358,1.2286078514578065,202.42806219608937,0.0012241435792317613,0.0,66151,21642,Somatic mesoderm; Splanchnic mesoderm,"Somatic (parietal) and splanchnic (visceral) mesoderm are the two layers formed when the lateral plate mesoderm splits at the coelomic cavity, so they share a common lateral plate mesoderm progenitor pool.",1
Somatic mesoderm,Surface ectoderm,6.416158482515318,0.1875355060254016,13.360106744440186,0.002705173707452491,0.0,66151,2649,,,
Somatic mesoderm,Telencephalon,6.358173395142757,-0.3500686393486756,-70.24719627949828,0.00537625962732162,0.0,66151,34300,,,
Somatic mesoderm,Trigeminal ganglion neuron,6.32374820785991,-0.03891162715666644,-2.2417921968346435,0.017902941858334288,0.01,66151,1765,,,
Somatic mesoderm,Trigeminal placode,6.5394662060906255,0.032467365077832135,4.315000794157536,0.004453118317034512,0.03,66151,6546,,,
Somatic mesoderm,Trigeminal sensory neuron,6.43080000386638,0.02693608270470686,1.9449558604045916,0.0001810847986665485,0.46,66151,3198,,,
Somatic mesoderm,Trunk neural crest,6.7418301441255535,0.15701144040040482,15.321177276822583,0.012844059367556735,0.0,66151,6809,,,
Somatic mesoderm,Vagal neural crest,6.643725039911769,0.04853126167392604,4.342747453413948,0.006464732326288724,0.01,66151,4937,,,
Somatic motor neuron,Somatic motor neuron,9.500000000011818,-3.552713678800501e-15,-3.5526714672733324e-05,6.058451752097371e-28,1.0,6559,6559,,,
Somatic motor neuron,Spinal cord (cervical),7.896507249156357,1.2105755249884604,115.99721286363477,0.006183920186257896,0.0,6559,41051,Somatic motor neuron; Spinal cord (cervical),"Somatic motor neurons are born within the spinal cord itself, arising from Olig2+ pMN progenitors in the ventral neural tube, so they and cervical spinal cord tissue derive from the same neuroectodermal neural-tube progenitor pool.",1
Somatic motor neuron,Spinal cord (lumbar),7.21670037787451,0.6736880112164956,60.42686989269699,0.001069224274959995,0.0,6559,12722,,,
Somatic motor neuron,Spinal cord (sacral),7.041425133118158,0.5620843453829169,36.88047215271879,0.0024686176599275286,0.0,6559,5351,,,
Somatic motor neuron,Spinal cord (thoracic),7.843805144916331,1.2250898762593394,111.85983377938574,0.008909519451491706,0.0,6559,35061,Somatic motor neuron; Spinal cord (thoracic),"Somatic motor neurons are born from the pMN progenitor domain of the ventral neural tube and therefore share a direct neuroepithelial ancestry with thoracic spinal cord cells, both descending from the same posterior neural-plate/neural-tube progenitors.",1
Somatic motor neuron,Spinal cord interneuron,7.589412862457416,0.8293510614927992,65.66085884217163,0.005791669416919699,0.0,6559,12470,Spinal cord interneuron,"Both cell types arise from neuroepithelial progenitors of the ventral spinal cord (neural tube), where Shh/patterning generates adjacent progenitor domains (e.g. pMN motor neurons and p0–p3/dI interneurons) from a shared neuroectodermal pool.",1
Somatic motor neuron,Splanchnic mesoderm,6.1077698937897145,-0.49454990685632677,-45.18636292012482,0.007701860920032692,0.0,6559,21642,,,
Somatic motor neuron,Surface ectoderm,5.618574133146325,-0.40180345432990333,-19.844953850121758,5.7514642058772473e-05,0.0,6559,2649,,,
Somatic motor neuron,Telencephalon,6.496380936244525,-0.004217359520286716,-0.26658855051138675,0.0015924531287861217,0.89,6559,34300,,,
Somatic motor neuron,Trigeminal ganglion neuron,5.808762544513634,-0.34791681296234217,-14.676763216185671,0.001910657612443729,0.0,6559,1765,,,
Somatic motor neuron,Trigeminal placode,5.7977106562105805,-0.5017363429143332,-35.84783092074637,0.0038330595518239656,0.0,6559,6546,,,
Somatic motor neuron,Trigeminal sensory neuron,5.778523791884528,-0.41896784819129085,-23.225657700996297,0.002700832086242238,0.0,6559,3198,,,
Somatic motor neuron,Trunk neural crest,6.213078118257869,-0.16570657349777948,-11.454383555436515,0.0058540974009802845,0.0,6559,6809,,,
Somatic motor neuron,Vagal neural crest,6.216397882541849,-0.17101190432949695,-10.371758601178321,0.0027322502891874443,0.0,6559,4937,,,
Spinal cord (cervical),Spinal cord (cervical),9.500000000004857,-1.7171449447535753e-14,-0.00017168157957116666,5.153891247443943e-29,1.0,41051,41051,,,
Spinal cord (cervical),Spinal cord (lumbar),7.354952197229271,0.6074651012629705,71.51365736063319,0.0006730725981425371,0.0,41051,12722,,,
Spinal cord (cervical),Spinal cord (sacral),7.191341425572723,0.5070463374157761,45.35114586831322,0.0003776450109284684,0.0,41051,5351,,,
Spinal cord (cervical),Spinal cord (thoracic),7.987179797668759,1.1643127697587523,190.76240941553397,0.005661257719813446,0.0,41051,35061,Spinal cord (cervical); Spinal cord (thoracic),"Cervical and thoracic spinal cord are adjacent anteroposterior segments of the same neural tube generated sequentially from the shared caudal neuromesodermal progenitor (NMP)/caudal-lateral-epiblast pool, so neighboring axial levels naturally descend from common recently-specified progenitors.",1
Spinal cord (cervical),Spinal cord interneuron,8.0646247881225,1.0998305767975092,132.83789354125634,0.005457843621355444,0.0,41051,12470,Spinal cord (cervical); Spinal cord interneuron,"Spinal cord interneurons are a differentiated neuronal subtype of the cervical spinal cord itself, both arising from the same dorsoventral neural-tube neuroepithelial (ventricular-zone) progenitors, so their shared ancestry simply reflects a part-to-whole progenitor relationship within one tissue.",1
Spinal cord (cervical),Splanchnic mesoderm,6.416545471212376,-0.39027914201423286,-62.32542813679876,0.008851121981619242,0.0,41051,21642,,,
Spinal cord (cervical),Surface ectoderm,5.852213750771266,-0.37223185901299455,-21.82988145937723,0.0024277399467673945,0.0,41051,2649,,,
Spinal cord (cervical),Telencephalon,6.706480430048404,0.0008672744661266663,1.755863548966037,0.005505244592138073,0.0,41051,34300,,,
Spinal cord (cervical),Trigeminal ganglion neuron,6.3116789917653024,-0.04958885311643731,-2.4355685119097568,0.00027236778996856184,0.13,41051,1765,,,
Spinal cord (cervical),Trigeminal placode,6.264180510843147,-0.2386273588148035,-20.845337191740597,0.00418540979657374,0.0,41051,6546,,,
Spinal cord (cervical),Trigeminal sensory neuron,6.142648092307536,-0.25787688296632716,-17.130797139019567,0.006380411395944211,0.0,41051,3198,,,
Spinal cord (cervical),Trunk neural crest,7.374615845409259,0.7924294137504552,75.9771428816985,0.005113176987344597,0.0,41051,6809,,,
Spinal cord (cervical),Vagal neural crest,7.417823330778066,0.8243377284388455,67.67134849498113,0.0031480340355921773,0.0,41051,4937,Spinal cord (cervical),"Vagal neural crest delaminates from the neural-plate border/dorsal neural tube overlying somites 1–7, the same axially-restricted neuroectodermal (dorsal neural tube) progenitor domain that generates the cervical spinal cord, so both arise together from a shared cervical-level neural progenitor pool.",2
Spinal cord (lumbar),Spinal cord (lumbar),9.500000000002919,-4.144832625267251e-15,-3.551578001536666e-05,1.9037843179333752e-28,1.0,12722,12722,,,
Spinal cord (lumbar),Spinal cord (sacral),8.219932066795172,1.6799117424481569,135.00264140785148,0.008964123214896123,0.0,12722,5351,Spinal cord (lumbar); Spinal cord (sacral),"Lumbar and sacral spinal cord are adjacent posterior neural tube segments generated sequentially from the same caudal neuromesodermal progenitor (NMP) pool in the tailbud/caudal lateral epiblast, so their close spatiotemporal co-emergence along the AP axis gives them a shared recent progenitor origin.",1
Spinal cord (lumbar),Spinal cord (thoracic),8.052148136039499,1.3730826310923396,164.60491582108912,0.008152586003210225,0.0,12722,35061,Spinal cord (lumbar); Spinal cord (thoracic),"Lumbar and thoracic spinal cord are the same tissue at different axial levels, both generated sequentially from the same posterior neuromesodermal progenitor (NMP)/caudal neural plate pool during axis elongation, so they share recent common ancestors.",1
Spinal cord (lumbar),Spinal cord interneuron,7.232055821319174,0.4112332347425607,41.02209406775698,0.005254608626804581,0.0,12722,12470,,,
Spinal cord (lumbar),Splanchnic mesoderm,6.441516826620753,-0.22167563918785968,-24.858463432119095,0.01436164119638041,0.0,12722,21642,,,
Spinal cord (lumbar),Surface ectoderm,5.810830508348033,-0.2707487937735191,-15.916966878095964,0.0004149764535279956,0.0,12722,2649,,,
Spinal cord (lumbar),Telencephalon,6.420289218545141,-0.14246849911876622,-17.82347878369708,0.0005055784672083407,0.0,12722,34300,,,
Spinal cord (lumbar),Trigeminal ganglion neuron,6.078626515546386,-0.13985945075521192,-6.647565200226321,0.006097944563135831,0.01,12722,1765,,,
Spinal cord (lumbar),Trigeminal placode,6.151510658344736,-0.20937560168711192,-16.236598642210268,0.005287749953960632,0.0,12722,6546,,,
Spinal cord (lumbar),Trigeminal sensory neuron,6.062600324224319,-0.19471526426812513,-11.786156175677371,0.0024941837578218483,0.0,12722,3198,,,
Spinal cord (lumbar),Trunk neural crest,7.13218882055111,0.6934458102693591,59.98495905396368,0.0021215198851809707,0.0,12722,6809,,,
Spinal cord (lumbar),Vagal neural crest,6.734395104668541,0.28383744083458523,22.157748482869348,0.0016227790021256813,0.0,12722,4937,,,
Spinal cord (sacral),Spinal cord (sacral),9.500000000022874,-1.0066022089934753e-14,-0.00010656984168188244,7.362701782062776e-30,1.0,5351,5351,,,
Spinal cord (sacral),Spinal cord (thoracic),7.65106809260741,1.0339186663989948,82.0081782275873,0.0038587957126284076,0.0,5351,35061,,,
Spinal cord (sacral),Spinal cord interneuron,7.07716716481967,0.3195837452275689,23.28302017270529,0.002294401730182002,0.0,5351,12470,,,
Spinal cord (sacral),Splanchnic mesoderm,6.400567061577885,-0.1998194928356171,-16.251099417347827,0.011021192373094773,0.0,5351,21642,,,
Spinal cord (sacral),Surface ectoderm,5.778731357376894,-0.23917228267913307,-12.133660040724635,0.0024521200532589722,0.0,5351,2649,,,
Spinal cord (sacral),Telencephalon,6.3323576669138,-0.16759598437833834,-15.645550075215882,4.568927820937323e-05,0.0,5351,34300,,,
Spinal cord (sacral),Trigeminal ganglion neuron,5.988382345193327,-0.16294234669279017,-7.108491155059762,0.005823959281370362,0.0,5351,1765,,,
Spinal cord (sacral),Trigeminal placode,6.084901017618699,-0.21202195567874918,-13.58998128650858,0.00028637016378359507,0.0,5351,6546,,,
Spinal cord (sacral),Trigeminal sensory neuron,5.977008436037593,-0.21519052513207063,-12.234092030229874,0.002163305284685395,0.0,5351,3198,,,
Spinal cord (sacral),Trunk neural crest,6.914233287584953,0.5403973111595004,33.304236103707176,0.0022125589067641385,0.0,5351,6809,,,
Spinal cord (sacral),Vagal neural crest,6.619216255818441,0.2313712949294103,16.21902231438813,0.002951221536037774,0.0,5351,4937,,,
Spinal cord (thoracic),Spinal cord (thoracic),9.500000000007915,-3.552713678800501e-15,-2.9602056145691024e-05,1.135959703518257e-28,1.0,35061,35061,,,
Spinal cord (thoracic),Spinal cord interneuron,7.631194267296479,0.733779450306443,83.0319343818352,0.0072523154422128215,0.0,35061,12470,Spinal cord interneuron,"Both cell types derive from the same dorsal neural tube neuroepithelial progenitors of the spinal cord, with spinal interneurons being a differentiated neuronal subtype born in situ from the thoracic spinal cord neural progenitor pool.",1
Spinal cord (thoracic),Splanchnic mesoderm,6.434052415076511,-0.30557524513126005,-42.660366834640136,0.00853268116523842,0.0,35061,21642,,,
Spinal cord (thoracic),Surface ectoderm,5.834538514172016,-0.3226895383213157,-19.9602327100338,0.00015166005511370537,0.0,35061,2649,,,
Spinal cord (thoracic),Telencephalon,6.554645361583226,-0.0837954248259356,-16.588833863729718,0.0014290178291425865,0.0,35061,34300,,,
Spinal cord (thoracic),Trigeminal ganglion neuron,6.2124674490803296,-0.08050036802952902,-4.223800849002475,0.003111096656728202,0.36,35061,1765,,,
Spinal cord (thoracic),Trigeminal placode,6.226570509592385,-0.20863576110340296,-19.163244764631113,0.004121046381931274,0.0,35061,6546,,,
Spinal cord (thoracic),Trigeminal sensory neuron,6.144077356555218,-0.18746423513519428,-12.94553793847746,0.0016880151351757768,0.0,35061,3198,,,
Spinal cord (thoracic),Trunk neural crest,7.575652152130054,1.0610713293751777,101.96830577918234,0.004860005638133555,0.0,35061,6809,Spinal cord (thoracic),"Trunk neural crest delaminates from the dorsal-most neuroepithelium of the closing neural tube, so it shares an immediate progenitor pool (the dorsal spinal cord neuroepithelium, itself derived from posterior neuromesodermal/neural-plate progenitors) with thoracic spinal cord neurons.",1
Spinal cord (thoracic),Vagal neural crest,7.115790922383423,0.5906148858924786,46.66728385003348,0.0035022274623094434,0.0,35061,4937,,,
Spinal cord interneuron,Spinal cord interneuron,9.500000000000755,-1.7763568394002505e-15,-1.7763883551707847e-05,2.6505726415425997e-28,1.0,12470,12470,,,
Spinal cord interneuron,Splanchnic mesoderm,6.402033577222664,-0.47825508312187487,-52.14178824003664,0.007322771764035949,0.0,12470,21642,,,
Spinal cord interneuron,Surface ectoderm,5.863857100707033,-0.43411031654783344,-23.81151512072257,0.0073528308421547065,0.0,12470,2649,,,
Spinal cord interneuron,Telencephalon,6.888486873191378,0.10900866605404325,12.811816487693653,0.007624768308608801,0.43,12470,34300,,,
Spinal cord interneuron,Trigeminal ganglion neuron,6.514003519999508,0.07949992378403437,3.726466614508583,0.0013427442383574723,0.0,12470,1765,,,
Spinal cord interneuron,Trigeminal placode,6.345684124091604,-0.23162068072242073,-18.598185224350335,0.0022859029470572415,0.0,12470,6546,,,
Spinal cord interneuron,Trigeminal sensory neuron,6.207670129184102,-0.26612932722224986,-15.791778489421972,0.005342389501967039,0.0,12470,3198,,,
Spinal cord interneuron,Trunk neural crest,7.070610498041437,0.4144866642887329,35.56727611581128,0.008657126558591608,0.0,12470,6809,,,
Spinal cord interneuron,Vagal neural crest,7.1258389235793205,0.459396874022367,32.008619430002824,0.004762456250809014,0.0,12470,4937,,,
Splanchnic mesoderm,Splanchnic mesoderm,9.500000000001158,-6.5133084111342514e-15,-5.919801381802436e-05,1.8406754455156943e-28,1.0,21642,21642,,,
Splanchnic mesoderm,Surface ectoderm,6.273200991436178,0.13174123097887236,7.878855783313981,0.00041514392136616493,0.0,21642,2649,,,
Splanchnic mesoderm,Telencephalon,6.210479934696736,-0.41133240525121284,-60.85488713459896,0.003856413948485531,0.0,21642,34300,,,
Splanchnic mesoderm,Trigeminal ganglion neuron,6.169402465047216,-0.1063165145341148,-5.189417116066732,0.006881985514531834,0.52,21642,1765,,,
Splanchnic mesoderm,Trigeminal placode,6.378701369608784,-0.04064198860301508,-3.788683448624962,0.0003581799147702511,0.03,21642,6546,,,
Splanchnic mesoderm,Trigeminal sensory neuron,6.247456334497138,-0.06990781441733536,-4.350199392488044,0.003873126565843971,0.26,21642,3198,,,
Splanchnic mesoderm,Trunk neural crest,6.479246596135919,-0.018579766669852244,-2.2923147341275865,0.00941287266897522,0.34,21642,6809,,,
Splanchnic mesoderm,Vagal neural crest,6.431943723905543,-0.07684425093870158,-8.033864842076776,0.006903973262787719,0.29,21642,4937,,,
Surface ectoderm,Surface ectoderm,9.500000000008463,5.329070518200751e-15,4.1442752444500005e-05,1.9879294811569497e-28,1.0,2649,2649,,,
Surface ectoderm,Telencephalon,5.858145550481486,-0.18062176451131476,-10.950354310242771,0.008117898207098444,0.0,2649,34300,,,
Surface ectoderm,Trigeminal ganglion neuron,5.825631020501248,0.13297100019956223,5.204551239099127,0.004710126493828363,0.01,2649,1765,,,
Surface ectoderm,Trigeminal placode,6.2527231876081215,0.4162598841490155,24.353365151042357,0.011715965779139996,0.0,2649,6546,,,
Surface ectoderm,Trigeminal sensory neuron,6.184552219776275,0.451727516724274,21.082423401922906,0.027501676646015195,0.0,2649,3198,,,
Surface ectoderm,Trunk neural crest,5.888591465813359,-0.02834785837740868,-1.5158612704114418,0.0026599354735985415,0.19,2649,6809,,,
Surface ectoderm,Vagal neural crest,5.919692677176322,-0.007403203239581361,-0.18857624359475245,0.0009214522052626192,0.27,2649,4937,,,
Telencephalon,Telencephalon,9.50000000001338,1.7763568394002505e-15,1.775631310953333e-05,3.5025424191812924e-28,1.0,34300,34300,,,
Telencephalon,Trigeminal ganglion neuron,6.275240270664933,0.10096503489643165,5.47059215957151,0.007833482297739036,0.97,34300,1765,,,
Telencephalon,Trigeminal placode,6.428728287664353,0.11033559700882645,11.493498535326246,0.003197419669093821,0.0,34300,6546,,,
Telencephalon,Trigeminal sensory neuron,6.203036003141363,-0.011017208689147276,-0.7782763745086475,0.011407772209089555,0.31,34300,3198,,,
Telencephalon,Trunk neural crest,6.313730658305741,-0.08302540120116013,-7.979113843786777,0.0022948024784402755,0.0,34300,6809,,,
Telencephalon,Vagal neural crest,6.389889193818491,-0.017116455986508978,-1.6279569906598885,0.0012632855673543905,0.68,34300,4937,,,
Trigeminal ganglion neuron,Trigeminal ganglion neuron,9.499999999996154,5.329070518200751e-15,4.736278506073333e-05,1.9879294811569497e-28,1.0,1765,1765,,,
Trigeminal ganglion neuron,Trigeminal placode,6.589180557675502,0.6181664911752657,31.09923913339789,0.013524267796235844,0.0,1765,6546,Trigeminal ganglion neuron,"Trigeminal ganglion neurons are directly generated by delamination and neurogenesis from the ophthalmic and maxillomandibular trigeminal placodes (a preplacodal-ectoderm derivative), making the placode a literal direct progenitor of these neurons and explaining their shared ancestry.",1
Trigeminal ganglion neuron,Trigeminal sensory neuron,6.306634501238939,0.4357268901835383,19.51512313302743,0.009218000479162554,0.0,1765,3198,,,
Trigeminal ganglion neuron,Trunk neural crest,6.212520836035143,0.16088445423858624,7.911353044672215,0.019923311996493328,0.01,1765,6809,,,
Trigeminal ganglion neuron,Vagal neural crest,6.283168511960793,0.2234930393637923,10.072364139391597,0.006398328285787376,0.0,1765,4937,,,
Trigeminal placode,Trigeminal placode,9.500000000006853,1.7763568394002505e-15,1.7760097927225488e-05,9.781875224740546e-29,1.0,6546,6546,,,
Trigeminal placode,Trigeminal sensory neuron,7.5032448343623726,1.4875070777815884,83.12790654268001,0.021668852959813037,0.0,6546,3198,Trigeminal placode; Trigeminal sensory neuron,"The trigeminal placode is the cranial ectodermal progenitor that directly delaminates and differentiates into trigeminal (distal) sensory neurons of the trigeminal ganglion, so the two represent sequential stages of a single placodal neurogenic lineage.",1
Trigeminal placode,Trunk neural crest,6.370936980673746,0.17467709161455117,12.515846939195422,0.010673443177568246,0.0,6546,6809,,,
Trigeminal placode,Vagal neural crest,6.3927745502845665,0.18671551516162074,12.533348607184232,0.0034334261162298086,0.0,6546,4937,,,
Trigeminal sensory neuron,Trigeminal sensory neuron,9.500000000014264,-1.0658141036401503e-14,-0.00011248146220271815,1.5461673742331831e-28,1.0,3198,3198,,,
Trigeminal sensory neuron,Trunk neural crest,6.169947455704475,0.07647140039934659,3.919607631735327,0.009541390608826814,0.79,3198,6809,,,
Trigeminal sensory neuron,Vagal neural crest,6.186370872010786,0.08442769361721798,4.462781507722957,0.009250908802317485,0.92,3198,4937,,,
Trunk neural crest,Trunk neural crest,9.500000000018042,4.144832625267251e-15,2.960268713350784e-05,1.7144577006803324e-28,1.0,6809,6809,,,
Trunk neural crest,Vagal neural crest,8.039195912857975,1.7539371205654202,119.0851366736386,0.015220478117244732,0.0,6809,4937,Trunk neural crest; Vagal neural crest,"Both are neural crest populations delaminating from the dorsal neural tube along a continuous rostrocaudal axis, arising from a shared neural-plate-border/premigratory neural crest progenitor pool, with vagal crest occupying the posterior-hindbrain-to-anterior-trunk region that is spatially and developmentally contiguous with trunk crest.",1
Vagal neural crest,Vagal neural crest,9.499999999997437,5.921189464667502e-15,5.328639316271404e-05,1.9984476265598965e-29,1.0,4937,4937,,,
